fecha,log_ar_en,ctrl_en,D_en,ctrl_es,D_es,ctrl_de,D_de
2015-07-01,9.28702,8.84128,0.44574,8.71859,0.57028,7.2179,0.30342
2015-07-02,9.01979,8.72688,0.2929,8.55672,0.51746,7.08111,0.32863
2015-07-03,8.92585,8.67323,0.25262,8.46943,0.45549,7.06531,0.24323
2015-07-04,9.49687,8.99828,0.49859,8.6734,0.54093,7.03654,0.22327
2015-07-05,9.27688,8.94382,0.33306,8.65254,0.51666,7.29849,0.23627
2015-07-06,9.14377,8.8349,0.30887,8.64456,0.56317,7.22422,0.30465
2015-07-07,9.03777,8.73255,0.30522,8.60281,0.42696,7.04447,0.31564
2015-07-08,9.01991,8.71845,0.30145,8.53945,0.39356,7.1619,0.53522
2015-07-09,9.19492,8.76416,0.43076,8.51811,0.60318,7.22022,0.29404
2015-07-10,8.92079,8.6814,0.23939,8.43916,0.4803,6.98344,0.25936
2015-07-11,8.80463,8.6047,0.19993,8.29564,0.46982,6.88823,0.23222
2015-07-12,8.89398,8.63584,0.25815,8.434,0.44825,7.08558,0.25526
2015-07-13,8.93945,8.69574,0.24371,8.54376,0.47214,7.18559,0.06149
2015-07-14,8.93774,8.68007,0.25767,8.55748,0.38275,7.02144,0.20258
2015-07-15,8.89069,8.6388,0.25188,8.55672,0.39082,6.99985,0.05633
2015-07-16,8.7814,8.61393,0.16747,8.50271,0.39401,7.07592,-0.00605
2015-07-17,8.84865,8.55651,0.29214,8.42429,0.35234,7.02648,-0.09208
2015-07-18,8.82849,8.50343,0.32506,8.22158,0.39401,7.06332,-0.10202
2015-07-19,8.71866,8.5569,0.16176,8.31877,0.40771,7.05375,0.07314
2015-07-20,8.84318,8.74644,0.09674,8.56874,0.26661,7.07281,-0.00208
2015-07-21,8.76857,8.64015,0.12842,8.56725,0.29297,6.95219,0.04541
2015-07-22,8.82424,8.63187,0.19237,8.54601,0.30107,6.99524,-0.0013
2015-07-23,8.81135,8.592,0.21935,8.51672,0.34037,7.06059,0.11029
2015-07-24,8.69968,8.57795,0.12173,8.36621,0.31616,6.77635,0.07378
2015-07-25,8.70051,8.53344,0.16708,8.23207,0.42227,6.8068,0.03053
2015-07-26,8.83477,8.73389,0.10089,8.37991,0.43144,6.88855,0.13521
2015-07-27,8.83405,8.66337,0.17067,8.54314,0.35672,7.21495,-0.00487
2015-07-28,8.86672,8.72709,0.13963,8.54618,0.3445,7.14405,-0.08874
2015-07-29,9.2191,8.75234,0.46677,8.5239,0.45262,7.24906,-0.23155
2015-07-30,8.7863,8.61331,0.17299,8.52903,0.38237,6.89973,0.06912
2015-07-31,8.89027,8.54178,0.34849,8.35752,0.60487,6.79335,0.01348
2015-08-01,8.79558,8.51431,0.28127,8.17014,0.40343,6.83238,-0.07313
2015-08-02,8.74862,8.59333,0.15529,8.32479,0.43692,6.85368,0.14847
2015-08-03,8.99392,8.53574,0.45818,8.32197,0.4438,6.75479,0.1989
2015-08-04,8.74767,8.62524,0.12243,8.53405,0.4595,7.03943,0.15276
2015-08-05,9.06393,8.62295,0.44097,8.64041,0.51864,6.96296,0.02914
2015-08-06,9.08432,8.63802,0.4463,8.53282,0.49492,6.74951,0.15624
2015-08-07,8.85367,8.62538,0.22828,8.31295,0.51379,6.75818,0.50935
2015-08-08,8.78248,8.46942,0.31305,8.18091,0.53103,6.91858,0.23369
2015-08-09,8.76014,8.54052,0.21962,8.56526,0.46667,6.89901,0.13714
2015-08-10,8.82585,8.64714,0.17871,8.42501,0.74732,6.94122,0.25172
2015-08-11,8.76935,8.58574,0.18361,8.54735,0.48122,6.98885,0.2632
2015-08-12,8.76312,8.57215,0.19097,8.56166,0.50838,6.95152,0.13606
2015-08-13,8.77771,8.59795,0.17976,8.55855,0.42225,6.89322,0.09242
2015-08-14,8.80882,8.62927,0.17954,8.37476,0.41673,6.95789,0.02126
2015-08-15,8.72486,8.46261,0.26225,8.16886,0.42622,6.80297,0.01486
2015-08-16,8.67931,8.52496,0.15435,8.25782,0.42726,7.13403,0.22161
2015-08-17,8.81016,8.64696,0.1632,8.52307,0.42044,7.16123,0.07295
2015-08-18,8.83142,8.62171,0.20971,8.58604,0.48008,7.12152,0.10178
2015-08-19,8.76155,8.62889,0.13266,8.6011,0.45819,7.09353,-0.04254
2015-08-20,8.82424,8.63802,0.18622,8.57478,0.42829,7.10231,-0.04786
2015-08-21,8.80418,8.60484,0.19933,8.44539,0.4178,6.87978,0.03395
2015-08-22,8.59951,8.47095,0.12856,8.20507,0.49111,6.71375,-0.02042
2015-08-23,8.64962,8.51949,0.13013,8.44407,0.48019,7.07419,-0.06931
2015-08-24,8.7863,8.66123,0.12507,8.60686,0.51115,7.24664,-0.11654
2015-08-25,8.85438,8.92565,-0.07127,8.68228,0.48974,8.15784,-0.56447
2015-08-26,8.85723,8.71237,0.14486,8.67147,0.39407,7.14425,-0.15861
2015-08-27,8.85936,8.68996,0.16941,8.61456,0.4342,7.03453,-0.04796
2015-08-28,8.81848,8.70068,0.11781,8.45225,0.41658,7.03445,-0.16752
2015-08-29,8.6403,8.69052,-0.05022,8.20926,0.43086,6.87203,-0.01242
2015-08-30,8.79936,8.82066,-0.0213,8.45496,0.41753,7.10997,-0.10782
2015-08-31,8.92092,8.9218,-0.00088,8.60535,0.48958,7.18221,-0.07397
2015-09-01,8.93102,8.89005,0.04098,8.65734,0.46701,7.21654,-0.01537
2015-09-02,8.97094,8.91536,0.05558,8.65022,0.49173,7.20809,-0.01516
2015-09-03,8.91368,8.90535,0.00834,8.64898,0.40529,7.17824,-0.1169
2015-09-04,8.86602,8.85013,0.01589,8.46898,0.48012,7.07351,0.05659
2015-09-05,8.77987,8.78145,-0.00158,8.32916,0.3895,7.06813,-0.06053
2015-09-06,8.8475,8.87108,-0.02358,8.59594,0.31113,7.26008,-0.11173
2015-09-07,9.01688,9.05165,-0.03478,8.71396,0.39843,7.2343,-0.16019
2015-09-08,9.06785,9.1304,-0.06254,8.72347,0.39091,7.21274,-0.11933
2015-09-09,9.12271,9.04092,0.08179,8.69818,0.4266,7.22762,-0.05904
2015-09-10,9.04853,9.01907,0.02945,8.6821,0.34299,7.15612,-0.04624
2015-09-11,8.90327,8.90401,-0.00074,8.46097,0.35796,7.15057,-0.18738
2015-09-12,8.7628,8.91452,-0.15172,8.26146,0.43739,7.02038,-0.21024
2015-09-13,9.11932,8.94121,0.17811,8.4227,0.42293,7.16399,-0.12609
2015-09-14,9.0623,9.00702,0.05529,8.64414,0.38468,7.23177,-0.13175
2015-09-15,9.0833,9.09655,-0.01325,8.62322,0.40296,7.22183,-0.11933
2015-09-16,9.04499,9.09926,-0.05426,8.62998,0.5387,7.19325,0.06868
2015-09-17,9.13162,9.44078,-0.30916,8.93481,0.15132,7.68563,-0.33962
2015-09-18,9.03884,9.1946,-0.15576,8.64509,0.25204,7.21884,-0.12793
2015-09-19,8.86954,8.97454,-0.105,8.33559,0.35404,7.18608,-0.23718
2015-09-20,9.17409,9.32236,-0.14827,8.50589,0.38617,7.38407,-0.09377
2015-09-21,9.14591,9.09191,0.054,8.71222,0.34764,7.21521,-0.07001
2015-09-22,9.2458,9.08066,0.16515,8.79689,0.34174,7.26511,-0.07368
2015-09-23,9.3676,9.11439,0.25321,8.7289,0.40661,7.44416,-0.17803
2015-09-24,9.36939,9.06029,0.3091,8.70139,0.3861,7.31859,-0.09895
2015-09-25,9.36358,8.9784,0.38518,8.52088,0.45866,7.17506,-0.05785
2015-09-26,9.07544,8.87833,0.19711,8.39682,0.41274,7.08018,0.00153
2015-09-27,9.18901,9.18761,0.0014,8.58323,0.32817,7.14288,0.04326
2015-09-28,9.18656,9.07913,0.10743,8.69857,0.46174,7.18051,-0.0361
2015-09-29,9.11173,9.05609,0.05565,8.76671,0.40997,7.18314,0.02398
2015-09-30,9.07349,8.96999,0.1035,8.75514,0.42855,7.18238,-0.04351
2015-10-01,9.01954,8.83372,0.18582,8.69207,0.47181,7.09943,0.03705
2015-10-02,8.91422,8.75434,0.15988,8.51894,0.50241,6.97645,-0.01326
2015-10-03,8.78002,8.632,0.14802,8.28928,0.55391,7.02939,-0.0456
2015-10-04,9.02606,8.76588,0.26018,8.46115,0.64627,7.10733,0.12323
2015-10-05,9.1062,8.8846,0.2216,8.65904,0.60143,7.12689,0.06152
2015-10-06,9.1354,9.04334,0.09206,8.71859,0.53395,7.20456,-0.05151
2015-10-07,9.06416,8.91567,0.14849,8.72588,0.53049,7.15875,0.12538
2015-10-08,9.09291,8.8983,0.19461,8.73982,0.49091,7.07775,0.08852
2015-10-09,8.96585,8.78917,0.17668,8.58774,0.50786,7.04338,-0.01075
2015-10-10,8.82232,8.95818,-0.13586,8.37785,0.64399,6.97336,0.35311
2015-10-11,9.07464,8.78385,0.29078,8.57679,0.56152,7.17049,0.39893
2015-10-12,9.08285,8.89058,0.19227,8.83215,0.44398,7.20681,0.0732
2015-10-13,9.06416,8.93776,0.12639,8.96818,0.35397,7.24256,0.12262
2015-10-14,9.04216,8.90825,0.13391,8.98949,0.32548,7.22944,0.24192
2015-10-15,9.05847,8.84008,0.21839,8.82324,0.41179,7.26192,0.02564
2015-10-16,8.95661,8.7259,0.23071,8.62776,0.46908,7.12829,0.17757
2015-10-17,8.81937,8.65752,0.16185,8.42315,0.45214,6.99519,0.66681
2015-10-18,9.51385,8.68438,0.82947,8.62259,0.60411,7.19773,0.21925
2015-10-19,9.19391,8.93008,0.26383,8.83102,0.52238,7.18815,0.20142
2015-10-20,9.1841,8.84027,0.34382,8.84921,0.444,7.19242,0.21247
2015-10-21,9.09043,8.84696,0.24347,8.88952,0.46258,7.31989,0.0856
2015-10-22,9.21344,8.91651,0.29692,8.8523,0.4362,7.25585,0.09467
2015-10-23,8.93984,8.74711,0.19273,8.65876,0.47879,7.07215,0.43883
2015-10-24,8.88669,8.55981,0.32688,8.42244,0.63813,6.95044,0.36412
2015-10-25,9.48144,8.65298,0.82846,8.59868,0.82846,7.24667,0.70312
2015-10-26,9.31695,8.81864,0.49831,8.83984,0.89333,7.18678,0.44998
2015-10-27,9.11129,8.7929,0.31839,8.85105,0.53258,7.26215,0.25265
2015-10-28,9.75696,8.81527,0.94169,8.83726,0.46301,7.17803,0.28418
2015-10-29,9.0027,8.80499,0.19771,8.75144,0.49417,7.18748,0.13635
2015-10-30,9.06958,8.73592,0.33367,8.48128,0.60633,7.17285,0.05988
2015-10-31,8.70616,8.56777,0.13839,8.19917,0.70586,7.00081,-0.06447
2015-11-01,8.7837,8.78626,-0.00256,8.29183,0.66697,7.16037,0.0408
2015-11-02,8.97538,8.81746,0.15792,8.5895,0.60176,7.24617,0.12783
2015-11-03,8.96878,8.81387,0.15491,8.71254,0.50477,7.30264,0.12984
2015-11-04,8.95596,8.85933,0.09663,8.72131,0.50903,7.17345,0.15434
2015-11-05,8.9857,8.87117,0.11452,8.68473,0.48915,7.21403,0.06873
2015-11-06,8.9114,8.75194,0.15946,8.55861,0.45935,7.16572,0.27969
2015-11-07,8.68913,8.60288,0.08624,8.3067,0.47853,7.06917,0.2286
2015-11-08,8.8355,8.74098,0.09452,8.49352,0.50016,7.20808,0.11311
2015-11-09,9.03777,8.92154,0.11623,8.71349,0.52242,7.40272,0.00642
2015-11-10,9.00981,8.99303,0.01679,8.76143,0.48592,7.26221,0.07668
2015-11-11,9.02714,9.0049,0.02223,8.74766,0.47381,7.35269,0.06968
2015-11-12,9.03456,8.84501,0.18955,8.78491,0.48709,7.27251,0.17407
2015-11-13,8.95053,8.75688,0.19366,8.52627,0.53185,7.15649,0.10894
2015-11-14,8.85367,8.5512,0.30246,8.31212,0.51167,7.01328,0.17059
2015-11-15,8.94898,8.69763,0.25135,8.43379,0.55353,7.40505,0.17972
2015-11-16,9.15218,8.84389,0.3083,8.70863,0.5391,7.25686,0.13579
2015-11-17,9.08342,8.87332,0.2101,8.83959,0.49235,7.30289,0.15875
2015-11-18,9.09279,8.86809,0.22471,8.85616,0.43235,7.21819,0.17446
2015-11-19,9.21702,8.89326,0.32376,8.72671,0.52237,7.32682,0.01466
2015-11-20,8.97576,8.75139,0.22436,8.51016,0.56802,7.10087,0.24514
2015-11-21,8.78278,8.58657,0.19622,8.24203,0.5763,7.03152,0.18666
2015-11-22,9.10209,8.69572,0.40636,8.41859,1.06529,7.48849,0.26557
2015-11-23,9.76578,8.8441,0.92167,8.70533,1.39586,7.41815,0.94753
2015-11-24,9.48592,8.82022,0.66571,8.72588,0.76179,7.31192,0.44513
2015-11-25,9.10387,8.71492,0.38895,8.6398,0.6547,7.41505,0.17732
2015-11-26,8.93248,8.67916,0.25332,8.51778,0.61157,7.21532,0.2469
2015-11-27,8.85908,8.64089,0.21819,8.28787,0.63212,7.06413,0.25772
2015-11-28,8.80912,8.55652,0.25259,8.19045,0.63275,6.93789,0.31487
2015-11-29,9.14921,8.68955,0.45966,8.55031,0.40333,7.21863,0.13701
2015-11-30,9.00516,8.76957,0.23559,8.55952,0.54823,7.27901,0.12709
2015-12-01,9.00737,8.80218,0.20519,8.49511,0.56835,7.22087,0.19611
2015-12-02,9.03313,8.82138,0.21175,8.51176,0.54415,7.29801,0.10384
2015-12-03,8.99789,8.91174,0.08615,8.5776,0.40169,7.26032,0.11744
2015-12-04,8.93682,8.83448,0.10235,8.30021,0.46071,7.08599,0.13803
2015-12-05,8.6893,8.63302,0.05627,8.04295,0.54749,7.05463,-0.07362
2015-12-06,8.89577,8.81429,0.08148,8.15773,0.57377,7.42198,-0.09354
2015-12-07,9.09066,8.95626,0.1344,8.38725,0.57347,7.56245,-0.12583
2015-12-08,9.01566,8.88825,0.12741,8.40725,0.52629,7.41244,0.01708
2015-12-09,9.06056,8.88944,0.17112,8.40661,0.64426,7.49668,-0.05712
2015-12-10,9.46087,8.84734,0.61353,8.39668,1.71341,7.23461,0.26093
2015-12-11,9.1226,8.81295,0.30965,8.169,1.07661,7.14406,0.22491
2015-12-12,8.82937,8.57979,0.24958,8.09811,0.77382,7.02921,0.20208
2015-12-13,9.01688,8.64532,0.37156,8.10784,0.99001,7.17407,0.22288
2015-12-14,9.11921,8.86929,0.24992,8.3375,0.68229,7.32647,1.13119
2015-12-15,9.00369,8.74975,0.25393,8.21295,0.72005,7.23724,0.2655
2015-12-16,8.98957,8.725,0.26457,8.17935,0.7246,7.4336,-0.05709
2015-12-17,8.90477,8.68619,0.21858,8.07206,0.73242,7.21058,0.10862
2015-12-18,8.80508,8.60806,0.19702,7.88673,0.69307,7.04377,0.18824
2015-12-19,8.6332,8.44425,0.18894,7.7845,0.66548,6.92646,0.214
2015-12-20,8.80732,8.51274,0.29458,7.8799,0.64527,7.17993,0.24065
2015-12-21,8.82644,8.99058,-0.16414,8.08705,0.6206,7.08821,0.11147
2015-12-22,8.81344,8.76516,0.04828,7.95172,1.02996,6.9783,0.10089
2015-12-23,8.78401,8.61384,0.17017,7.8568,0.61707,6.8684,0.23081
2015-12-24,8.72079,8.53072,0.19006,7.70892,0.57961,6.88272,0.21151
2015-12-25,8.65172,8.41368,0.23805,7.71848,0.63525,7.31854,0.38718
2015-12-26,8.74369,8.48722,0.25647,7.90568,0.58558,7.22765,0.17052
2015-12-27,8.81388,8.54136,0.27252,7.94463,0.59725,7.31523,0.08966
2015-12-28,9.06346,8.6192,0.44426,8.04141,0.54959,7.34165,-0.02311
2015-12-29,8.84722,8.57413,0.27309,7.96887,0.56381,7.19725,0.10525
2015-12-30,8.79209,8.55462,0.23748,7.91014,0.55997,7.12851,0.09187
2015-12-31,8.73247,8.43133,0.30113,7.76599,0.60548,6.89814,0.0958
2016-01-01,8.70035,8.52081,0.17954,7.73683,0.57824,7.13181,0.12872
2016-01-02,8.82893,8.66969,0.15925,7.98287,0.55452,7.24077,0.09356
2016-01-03,8.83797,8.587,0.25097,8.04278,0.52492,7.39362,0.05062
2016-01-04,8.93774,8.699,0.23875,8.14039,0.65398,7.25727,0.27106
2016-01-05,8.93261,8.72903,0.20358,8.12806,0.57062,7.26205,0.16092
2016-01-06,8.94455,8.74493,0.19962,8.14093,0.54937,7.32594,0.09224
2016-01-07,8.92731,8.75924,0.16807,8.28322,0.50963,7.35708,0.04292
2016-01-08,8.90449,8.73529,0.16921,8.24799,0.43793,7.30013,0.15691
2016-01-09,8.87571,8.6109,0.26481,8.10046,0.47084,7.27315,0.16406
2016-01-10,8.92199,8.69941,0.22258,8.17054,0.53546,7.41115,0.26068
2016-01-11,9.11229,8.78694,0.32535,8.28563,0.53167,7.44221,0.39613
2016-01-12,9.04133,8.75327,0.28806,8.34956,0.48972,7.49386,0.13271
2016-01-13,8.97234,8.74937,0.22296,8.40043,0.46502,7.41752,0.14827
2016-01-14,8.95027,8.75382,0.19645,8.39327,0.44847,7.4022,0.08216
2016-01-15,8.86206,8.6749,0.18716,8.27784,0.47995,7.37654,0.31967
2016-01-16,8.75005,8.54627,0.20378,8.12117,0.49369,7.35371,0.09112
2016-01-17,8.87459,8.6394,0.23519,8.22556,0.49114,7.49802,0.10737
2016-01-18,8.9452,8.8767,0.06851,8.46135,0.36009,7.43071,0.11996
2016-01-19,9.01724,8.81957,0.19767,8.41447,0.45296,7.43057,0.09074
2016-01-20,8.9857,8.86085,0.12485,8.45212,0.42763,7.37514,0.13911
2016-01-21,8.97639,8.81441,0.16198,8.43185,0.4241,7.37366,0.16537
2016-01-22,8.89206,8.7465,0.14556,8.3583,0.41616,7.31452,0.01654
2016-01-23,8.83244,8.54589,0.28655,8.18756,0.45255,7.1068,0.25584
2016-01-24,9.03503,8.66628,0.36875,8.40201,0.37246,7.31598,0.11235
2016-01-25,8.99603,8.79322,0.20281,8.47199,0.41359,7.41232,0.01304
2016-01-26,8.96891,8.80156,0.16734,8.51554,0.44068,7.49215,-0.01851
2016-01-27,9.00467,8.82006,0.18461,8.54998,0.36236,7.41137,0.01875
2016-01-28,9.03014,8.81642,0.21372,8.51921,0.39729,7.27302,0.03149
2016-01-29,9.01615,8.70133,0.31482,8.32594,0.41728,7.32855,-0.11111
2016-01-30,8.94794,8.58708,0.36085,8.25764,0.4276,7.15069,-0.03836
2016-01-31,9.06242,8.68742,0.375,8.42945,0.4008,7.44473,-0.0859
2016-02-01,9.02546,8.83337,0.19209,8.47499,0.35335,7.34814,-0.01185
2016-02-02,8.95519,8.80248,0.15271,8.53509,0.36191,7.36499,-0.03852
2016-02-03,8.99181,8.86873,0.12308,8.57095,0.37138,7.34179,0.01576
2016-02-04,8.96776,8.80836,0.1594,8.57802,0.38859,7.26863,0.06243
2016-02-05,8.89577,8.71929,0.17648,8.37628,0.38793,7.26195,0.02287
2016-02-06,8.8339,8.53456,0.29934,8.262,0.37794,7.0948,0.13938
2016-02-07,8.86503,8.62119,0.24384,8.46376,0.2679,7.26281,0.24817
2016-02-08,8.94194,8.74412,0.19782,8.51612,0.35874,7.24,0.06249
2016-02-09,8.96661,8.7319,0.23472,8.581,0.37225,7.41094,-0.074
2016-02-10,8.96572,8.77821,0.18751,8.58516,0.35796,7.26071,0.12576
2016-02-11,8.9517,8.74406,0.20764,8.61961,0.2767,7.349,0.2271
2016-02-12,8.81863,8.66618,0.15245,8.43109,0.33219,7.32176,-0.05215
2016-02-13,8.78722,8.50112,0.2861,8.29008,0.41293,7.12425,0.13486
2016-02-14,8.84607,8.53825,0.30781,8.41991,0.4153,7.34363,0.15745
2016-02-15,8.90205,8.66204,0.24,8.65212,0.29373,7.38577,0.1404
2016-02-16,8.99987,8.73065,0.26922,8.65667,0.34171,7.41234,0.14408
2016-02-17,9.04853,8.78072,0.26781,8.67646,0.37535,7.36798,0.29355
2016-02-18,9.09403,8.78742,0.30661,8.65402,0.37384,7.42588,0.05905
2016-02-19,9.08432,8.71456,0.36976,8.46554,0.47719,7.2558,0.08179
2016-02-20,8.82585,8.58845,0.2374,8.3052,0.47589,7.14054,0.05164
2016-02-21,8.8708,8.65004,0.22076,8.47044,0.42779,7.59589,-0.15457
2016-02-22,9.05099,8.81865,0.23234,8.65063,0.49078,7.42183,0.1172
2016-02-23,9.02172,8.77976,0.24196,8.63966,0.41098,7.4205,0.03538
2016-02-24,9.04641,8.7629,0.28351,8.68045,0.35708,7.37752,0.0298
2016-02-25,8.96149,8.73379,0.22771,8.61127,0.43525,7.36777,0.00434
2016-02-26,8.87766,8.66436,0.21331,8.45866,0.43244,7.21461,0.03247
2016-02-27,8.79815,8.50536,0.29279,8.33503,0.39502,7.09497,-0.01074
2016-02-28,8.85066,8.6303,0.22036,8.46934,0.35681,7.3325,0.01865
2016-02-29,9.06277,8.81725,0.24552,8.60263,0.40191,7.31011,0.09356
2016-03-01,8.98932,8.75625,0.23307,8.64406,0.40318,7.27548,0.11594
2016-03-02,8.90694,8.74621,0.16072,8.68453,1.15298,7.26011,0.12883
2016-03-03,8.94807,8.72455,0.22351,8.67531,0.49191,7.37973,0.04264
2016-03-04,8.87613,8.652,0.22412,8.54803,0.47502,7.22537,0.04355
2016-03-05,8.73101,8.49746,0.23356,8.38996,0.45726,7.17879,0.03055
2016-03-06,8.79694,8.61593,0.18101,8.5375,0.47621,7.35172,0.00583
2016-03-07,8.9588,8.72951,0.22929,8.6675,0.73198,7.27432,0.11216
2016-03-08,8.96047,8.71487,0.2456,8.69548,0.62434,7.27814,0.06722
2016-03-09,8.92996,8.72603,0.20393,8.73664,0.59769,7.27244,0.14634
2016-03-10,8.92784,8.72268,0.20517,8.70278,0.66054,7.24979,0.1261
2016-03-11,8.88072,8.66442,0.2163,8.50593,0.60966,7.1656,0.10611
2016-03-12,8.68423,8.44135,0.24288,8.2771,0.61359,7.00854,0.21984
2016-03-13,8.83884,8.5759,0.26294,8.54597,0.67333,7.21657,0.28947
2016-03-14,8.93459,8.74878,0.1858,8.7406,0.62109,7.27419,0.09288
2016-03-15,8.95118,8.72845,0.22273,8.79069,0.61109,7.41147,0.0109
2016-03-16,9.11877,8.74464,0.37414,8.76834,0.62665,7.27984,0.32306
2016-03-17,8.99082,8.70909,0.28173,8.75003,0.56827,7.14352,0.23362
2016-03-18,8.87333,8.65006,0.22327,8.5051,0.58736,7.15319,0.09886
2016-03-19,8.6866,8.50433,0.18227,8.22458,0.59612,7.00284,0.06533
2016-03-20,9.12184,8.57856,0.54327,8.28751,0.73722,7.26269,-0.02061
2016-03-21,9.20964,8.77081,0.43883,8.42636,0.77746,7.17872,0.10541
2016-03-22,9.21553,8.77132,0.44421,8.55839,0.71464,7.11276,0.07942
2016-03-23,9.40574,8.74833,0.65741,8.37632,0.86794,7.10734,0.11376
2016-03-24,9.44098,8.66936,0.77161,8.37125,0.67798,7.17446,0.55747
2016-03-25,9.16566,8.61716,0.54849,8.46265,0.59279,7.17266,0.33995
2016-03-26,8.95957,8.64449,0.31508,8.61776,0.42298,7.08402,0.02504
2016-03-27,8.89987,8.6073,0.29257,8.537,0.63148,7.09935,0.21187
2016-03-28,9.01396,8.7244,0.28956,8.73599,0.73649,7.28393,0.08882
2016-03-29,9.18112,8.78455,0.39657,8.85484,0.61818,7.17145,0.13509
2016-03-30,9.05427,8.78311,0.27117,8.88584,0.57315,7.24249,0.23172
2016-03-31,8.97043,8.72181,0.24862,8.75108,0.65178,7.16682,0.23624
2016-04-01,8.82158,8.69266,0.12892,8.56179,0.64122,7.00004,0.30716
2016-04-02,8.86319,8.46346,0.39973,8.40919,0.6351,6.98819,0.2085
2016-04-03,8.92612,8.54586,0.38026,8.66035,0.53924,7.04399,0.51557
2016-04-04,9.19867,8.84883,0.34984,8.74528,0.63977,7.22184,0.18911
2016-04-05,9.00577,8.85865,0.14712,8.90478,1.04004,7.36093,0.02244
2016-04-06,8.98432,8.81252,0.1718,8.92543,1.83613,7.3037,0.03714
2016-04-07,8.91878,8.73058,0.1882,8.83983,0.58755,7.18464,0.13787
2016-04-08,8.91503,8.63569,0.27934,8.64884,0.59038,7.0407,0.12247
2016-04-09,8.76171,8.50927,0.25243,8.41304,0.57566,7.03774,0.09235
2016-04-10,8.90341,8.62751,0.2759,8.65906,0.58809,7.19099,0.51518
2016-04-11,8.96661,8.73786,0.22875,8.8983,0.51441,7.43416,-0.28739
2016-04-12,8.98969,8.74942,0.24027,8.91431,0.55947,7.27358,0.00159
2016-04-13,8.97601,8.79537,0.18064,8.9787,0.56647,7.48465,-0.03109
2016-04-14,8.95584,8.70464,0.2512,8.9886,0.48756,7.24354,0.09405
2016-04-15,8.93459,8.63367,0.30092,8.6919,0.53902,7.09672,0.20308
2016-04-16,8.83215,8.51657,0.31558,8.43676,0.5717,6.95325,0.17042
2016-04-17,8.93906,8.80957,0.12949,8.78574,0.45221,7.78303,-0.15015
2016-04-18,9.06103,8.97474,0.08628,8.95176,0.44007,7.7396,-0.1738
2016-04-19,9.03658,8.87104,0.16554,8.92752,0.48355,7.4907,-0.02677
2016-04-20,9.00614,8.78095,0.22519,8.87739,0.51302,7.37535,0.05357
2016-04-21,8.92519,8.75374,0.17144,8.84524,0.51326,7.20302,0.04121
2016-04-22,8.84347,8.6691,0.17437,8.63468,0.49152,7.12493,0.05361
2016-04-23,8.98281,8.7132,0.26961,8.56124,0.6289,6.95558,0.15348
2016-04-24,8.81329,8.63404,0.17925,8.61676,0.55536,7.20229,0.20624
2016-04-25,8.95196,8.75587,0.19609,8.77768,0.53657,8.41958,-0.35904
2016-04-26,8.96585,8.79003,0.17581,8.81782,0.66582,7.41548,0.11285
2016-04-27,8.9857,8.86189,0.1238,9.06574,0.32459,7.44967,0.27698
2016-04-28,8.88558,8.73869,0.14689,8.80916,0.45793,7.2101,0.16953
2016-04-29,8.90232,8.65092,0.2514,8.79097,0.25626,6.96584,0.2331
2016-04-30,8.60612,8.44839,0.15773,8.35296,0.49282,6.87159,0.38188
2016-05-01,8.75668,8.55687,0.19982,8.5341,0.53502,7.08885,0.20756
2016-05-02,9.17895,8.80096,0.378,8.69859,0.61845,7.21894,0.09094
2016-05-03,9.00356,8.76829,0.23527,8.76017,0.54421,7.29129,0.19588
2016-05-04,8.95131,8.72878,0.22253,8.77551,0.54216,7.03171,0.06915
2016-05-05,8.87808,8.70518,0.1729,8.73305,0.5011,6.88646,0.10839
2016-05-06,8.90869,8.67569,0.23301,8.55888,0.56503,7.01215,0.04918
2016-05-07,8.62209,8.43234,0.18975,8.28787,0.60899,7.04408,0.00517
2016-05-08,8.75021,8.54963,0.20058,8.41919,0.66536,7.11323,-0.00417
2016-05-09,8.95351,8.7706,0.18291,8.70936,0.53122,7.20904,0.04938
2016-05-10,8.94716,8.75468,0.19248,8.74129,0.55962,7.18426,0.15528
2016-05-11,8.96597,8.75961,0.20636,8.79869,0.52551,7.15739,0.17105
2016-05-12,8.9338,8.89436,0.03943,8.91682,0.39608,7.26661,0.0954
2016-05-13,8.99913,8.76485,0.23427,8.66963,0.43157,7.03589,0.13038
2016-05-14,8.84894,8.59369,0.25525,8.43494,0.43936,6.92276,0.24196
2016-05-15,9.07909,8.72134,0.35775,8.59778,0.52994,7.0547,0.36408
2016-05-16,9.01785,8.85261,0.16524,8.77032,0.5192,7.23023,0.13432
2016-05-17,8.97145,8.82165,0.1498,8.83179,0.45421,7.14148,0.26645
2016-05-18,8.98519,8.80798,0.17721,8.8443,0.5004,7.19774,0.098
2016-05-19,8.92226,8.78817,0.13409,8.78901,0.50273,7.18855,0.16068
2016-05-20,8.87738,8.70375,0.17363,8.61997,0.47988,6.99429,0.1873
2016-05-21,8.76577,8.51859,0.24718,8.39925,0.49391,6.95467,0.07176
2016-05-22,8.85452,8.65451,0.20002,8.76749,0.4128,7.09441,0.09475
2016-05-23,8.97056,8.79822,0.17234,8.88189,0.37734,7.20926,0.47046
2016-05-24,8.95983,8.77871,0.18112,8.81293,0.40587,7.74755,-0.15468
2016-05-25,8.96316,8.69535,0.26781,8.80191,0.56791,7.15182,0.23341
2016-05-26,8.88461,8.68508,0.19953,8.73147,0.54812,7.06814,0.08256
2016-05-27,8.8121,8.61539,0.19671,8.52527,0.51642,7.02032,0.23598
2016-05-28,8.80192,8.58226,0.21966,8.34293,0.59508,7.10167,0.43736
2016-05-29,8.84635,8.57509,0.27126,8.51696,0.60389,7.87573,-0.58749
2016-05-30,8.96431,8.64182,0.32249,8.75602,0.53572,7.3079,0.10487
2016-05-31,8.87919,8.69498,0.18421,8.75036,0.4872,7.24388,0.10083
2016-06-01,8.90178,8.68347,0.21831,8.76171,0.47333,7.16915,0.10395
2016-06-02,8.89206,8.68703,0.20503,8.78807,0.43459,7.18473,0.09044
2016-06-03,8.87221,8.6991,0.17311,8.6636,0.48975,7.03744,0.20177
2016-06-04,8.8124,8.69432,0.11808,8.53023,0.46729,6.90151,0.11957
2016-06-05,8.96418,8.79017,0.17402,8.70807,0.43474,7.16489,0.15431
2016-06-06,9.24908,9.06068,0.1884,9.06031,0.28114,7.37982,0.05621
2016-06-07,9.29477,8.94384,0.35093,8.92907,0.4847,7.25869,0.12467
2016-06-08,9.04014,8.99174,0.0484,8.92934,0.38581,7.27866,0.11828
2016-06-09,9.02244,8.9006,0.12184,8.84394,0.40975,7.27133,0.12439
2016-06-10,9.12304,8.95002,0.17302,8.7511,0.35898,7.28774,-0.06663
2016-06-11,9.19594,8.75989,0.43604,8.44018,0.54464,7.13239,0.24224
2016-06-12,8.98745,8.83683,0.15062,8.59686,0.48645,7.44574,0.02619
2016-06-13,9.10498,8.86067,0.24431,8.77081,0.53247,7.47794,0.06374
2016-06-14,9.12391,8.91122,0.2127,8.83147,0.49023,7.41632,0.13958
2016-06-15,9.32786,8.93723,0.39063,8.75587,0.59214,7.36333,0.19883
2016-06-16,8.96738,8.7181,0.24928,8.6305,0.52147,7.21665,0.13
2016-06-17,8.94324,8.65987,0.28338,8.45253,0.54164,7.43896,-0.10332
2016-06-18,9.12685,8.71514,0.41171,8.37333,0.58095,7.21935,0.22021
2016-06-19,9.27162,8.93928,0.33234,8.55346,0.47248,7.40381,0.14843
2016-06-20,9.02618,8.73414,0.29203,8.6226,0.57577,7.26337,0.1756
2016-06-21,9.06126,8.9558,0.10546,8.641,0.54791,7.23975,0.13488
2016-06-22,9.80256,8.90796,0.8946,8.68577,0.73564,7.27686,0.33844
2016-06-23,9.20322,9.06286,0.14036,8.72283,0.4837,7.44358,-0.10275
2016-06-24,8.96725,8.69274,0.27451,8.49582,0.57835,7.08343,0.05702
2016-06-25,8.97297,8.61408,0.35889,8.32867,0.61327,7.03104,0.21604
2016-06-26,9.42101,8.80025,0.62076,8.51222,0.71734,7.26533,0.20831
2016-06-27,10.2681,9.31583,0.95226,8.84077,0.78472,7.73643,0.4802
2016-06-28,9.52581,8.90844,0.61736,8.65793,0.66333,7.30248,0.15859
2016-06-29,9.30438,8.7603,0.54407,8.60103,0.61996,7.17966,0.05956
2016-06-30,9.07589,8.73794,0.33796,8.60318,0.58604,7.17831,0.20568
2016-07-01,8.95545,8.64817,0.30728,8.44269,0.58924,6.99789,0.13141
2016-07-02,8.86686,8.56949,0.29737,8.44326,0.50532,7.02335,0.10113
2016-07-03,8.91126,8.57751,0.33375,8.55747,0.56796,7.27992,-0.00683
2016-07-04,8.99888,8.6898,0.30908,8.61761,0.61204,7.13484,0.22462
2016-07-05,9.00541,8.76055,0.24485,8.59991,0.57542,7.11165,0.45982
2016-07-06,9.14676,8.78931,0.35745,8.53473,0.56925,7.48093,0.16828
2016-07-07,8.91086,8.6362,0.27466,8.45086,0.51012,7.17973,0.03257
2016-07-08,8.8498,8.57692,0.27288,8.31779,0.58371,7.02117,0.1017
2016-07-09,9.12358,8.5006,0.62298,8.31154,1.02851,7.22765,0.31932
2016-07-10,8.95609,8.67276,0.28333,8.45368,0.75596,7.27723,0.06684
2016-07-11,8.96329,8.7407,0.22259,8.55239,0.5558,7.30203,0.01186
2016-07-12,8.98231,8.69048,0.29183,8.53195,0.51516,7.26997,-0.05767
2016-07-13,8.87094,8.6652,0.20575,8.51975,0.41944,7.21223,-0.07257
2016-07-14,8.7924,8.60838,0.18401,8.46199,0.4564,7.05455,0.13989
2016-07-15,8.70798,8.5096,0.19837,8.30243,0.52797,6.97365,0.04922
2016-07-16,8.63355,8.44128,0.19227,8.20642,0.51191,6.83395,0.17456
2016-07-17,8.66923,8.55076,0.11847,8.32138,0.46079,7.07553,-0.00736
2016-07-18,8.76452,8.64844,0.11609,8.45367,0.40299,7.02512,0.10338
2016-07-19,8.80222,8.68802,0.1142,8.45914,0.36112,7.05272,0.43837
2016-07-20,8.83928,8.65214,0.18714,8.47758,0.27579,7.34292,2.66637
2016-07-21,8.7149,8.61576,0.09913,8.47163,0.28205,6.99939,0.34468
2016-07-22,8.63016,8.46727,0.16289,8.29703,0.45239,6.88667,0.08968
2016-07-23,8.61993,8.41533,0.2046,8.17817,0.47408,6.98413,0.37407
2016-07-24,8.68203,8.57249,0.10954,8.37896,0.37756,7.09342,-0.09674
2016-07-25,8.75479,8.597,0.15779,8.49683,0.49311,7.17271,-0.04101
2016-07-26,8.75684,8.57842,0.17842,8.51769,0.48612,7.0932,0.16239
2016-07-27,8.72681,8.57141,0.1554,8.48936,0.45114,7.09837,0.00248
2016-07-28,8.80207,8.59263,0.20944,8.5214,0.42654,7.04389,-0.04447
2016-07-29,8.82541,8.52991,0.2955,8.35571,0.48689,6.89534,0.01442
2016-07-30,8.61776,8.46724,0.15052,8.20109,0.45795,6.90523,-0.03
2016-07-31,8.74385,8.62925,0.1146,8.39545,0.53186,7.2483,-0.02647
2016-08-01,8.75621,8.70393,0.05228,8.52685,0.50041,7.16427,-0.15486
2016-08-02,8.76702,8.69998,0.06704,8.53957,0.48553,7.14146,-0.09047
2016-08-03,8.74703,8.6801,0.06693,8.56061,0.46869,7.17041,-0.16826
2016-08-04,8.84347,8.71277,0.1307,8.5371,0.42311,7.26255,-0.14372
2016-08-05,8.8605,9.00469,-0.14419,8.61415,0.2513,7.42952,-0.14265
2016-08-06,9.35781,9.54465,-0.18684,8.77348,0.17938,7.63177,-0.15021
2016-08-07,8.99243,9.07711,-0.08467,8.55682,0.44008,7.34851,-0.08238
2016-08-08,9.02654,8.93367,0.09286,8.6699,0.41135,7.30098,-0.18702
2016-08-09,9.14185,8.96307,0.17877,8.66791,0.41766,7.33112,-0.10346
2016-08-10,9.0623,8.90563,0.15668,8.76493,0.33515,7.31026,-0.05892
2016-08-11,8.91476,8.8429,0.07186,8.62647,0.44012,7.17499,0.01794
2016-08-12,8.87794,8.75205,0.12589,8.44965,0.48402,7.13646,-0.07942
2016-08-13,9.32242,8.71774,0.60468,8.33121,0.52759,7.17752,0.44807
2016-08-14,9.40302,8.85162,0.5514,8.39805,0.55274,7.24127,0.07793
2016-08-15,9.14206,8.86335,0.27871,8.69905,0.48134,7.17497,0.12008
2016-08-16,8.92506,8.81534,0.10971,8.68585,0.51787,7.32159,-0.03062
2016-08-17,9.13529,8.87444,0.26086,8.71115,0.47028,7.21214,0.14414
2016-08-18,9.14772,8.8143,0.33342,8.66169,0.50114,7.2287,0.11537
2016-08-19,8.87263,8.76283,0.1098,8.5324,0.46709,7.13729,0.00948
2016-08-20,8.817,8.72765,0.08936,8.43132,0.41748,7.2842,0.03035
2016-08-21,8.92239,8.88439,0.038,8.63674,0.37722,7.31377,0.05205
2016-08-22,9.00884,9.07426,-0.06542,8.85972,0.3297,7.40344,-0.13941
2016-08-23,8.90409,8.72727,0.17681,8.68805,0.42897,7.06374,-0.0634
2016-08-24,8.91247,8.71619,0.19628,8.70781,0.37242,7.37232,-0.3033
2016-08-25,8.90883,8.85763,0.0512,8.70195,0.37189,7.33915,-0.26503
2016-08-26,8.87038,8.67613,0.19425,8.49799,0.45926,7.12924,-0.02921
2016-08-27,8.75888,8.51555,0.24333,8.30897,0.507,6.87443,-0.02219
2016-08-28,8.79558,8.60048,0.1951,8.4501,0.54482,7.05847,0.05467
2016-08-29,8.8465,8.76591,0.08058,8.65687,0.47139,7.35236,-0.20088
2016-08-30,8.84275,8.69243,0.15032,8.68025,0.4349,7.16817,0.00579
2016-08-31,8.86475,8.82796,0.03678,8.75814,0.37001,7.27685,-0.14276
2016-09-01,8.96418,8.80995,0.15423,8.78002,0.34421,7.25529,-0.1719
2016-09-02,8.92824,8.91373,0.01451,8.5641,0.40034,7.32096,-0.25877
2016-09-03,8.7464,8.74049,0.00591,8.30201,0.43961,7.07593,-0.17319
2016-09-04,8.86841,8.85067,0.01775,8.47059,0.56289,7.37578,-0.13227
2016-09-05,8.95338,8.99005,-0.03667,8.72662,0.40662,7.30682,-0.09822
2016-09-06,9.00798,8.97493,0.03305,8.79174,0.3632,7.33635,-0.19194
2016-09-07,8.95609,9.02355,-0.06745,8.81759,0.34093,7.35023,-0.22173
2016-09-08,8.92771,8.93504,-0.00733,8.69359,0.39289,7.22825,-0.20183
2016-09-09,8.79331,8.81376,-0.02046,8.48821,0.4055,7.10994,0.04311
2016-09-10,8.7389,8.70593,0.03297,8.32713,0.33156,6.98759,-0.07484
2016-09-11,8.7352,8.81574,-0.08053,8.50022,0.4247,7.1919,-0.14091
2016-09-12,8.8817,8.93153,-0.04983,8.71107,0.40254,7.18256,-0.06535
2016-09-13,8.96992,8.90757,0.06236,8.7086,0.41127,7.16412,-0.01735
2016-09-14,8.92372,8.88378,0.03995,8.68421,0.40577,7.12471,0.00618
2016-09-15,8.87291,8.85186,0.02105,8.55989,0.43985,7.16139,0.04943
2016-09-16,8.85865,8.78005,0.07861,8.40351,0.44758,7.05802,0.02704
2016-09-17,8.7464,8.60933,0.13706,8.29208,0.4256,7.02637,-0.08422
2016-09-18,8.89275,8.79272,0.10003,8.47779,0.45469,7.2265,-0.04036
2016-09-19,8.89741,8.89264,0.00477,8.67902,0.50076,7.19749,0.1865
2016-09-20,8.89192,8.83031,0.06162,8.68446,0.39338,7.12685,0.1743
2016-09-21,8.91557,8.79789,0.11768,8.64764,0.36778,7.10388,0.04839
2016-09-22,9.1214,8.93533,0.18607,8.6198,0.41761,7.12037,-0.02696
2016-09-23,8.96149,8.96759,-0.0061,8.47416,0.44649,6.9622,0.15419
2016-09-24,8.60374,8.8269,-0.22317,8.2608,0.46957,6.83868,0.1913
2016-09-25,8.74433,8.90955,-0.16522,8.44523,0.46455,6.97185,0.08863
2016-09-26,8.88378,9.06891,-0.18513,8.74372,0.36026,7.26786,-0.12503
2016-09-27,8.89385,8.98495,-0.0911,8.75638,0.36993,7.27127,-0.12766
2016-09-28,8.91207,8.84151,0.07056,8.75126,0.41387,7.22074,0.12398
2016-09-29,9.08998,8.77504,0.31493,8.68146,0.53883,7.05445,0.24939
2016-09-30,8.79528,8.65483,0.14045,8.47892,0.51152,6.89822,0.11299
2016-10-01,8.67351,8.51438,0.15913,8.32134,0.42664,6.88682,0.03976
2016-10-02,8.75653,8.67176,0.08477,8.60518,0.41943,7.13191,-0.05441
2016-10-03,8.88599,8.95749,-0.07149,8.8314,0.33174,7.43808,-0.00975
2016-10-04,8.88392,8.82814,0.05578,8.78989,0.37461,7.17128,0.07366
2016-10-05,8.87627,8.7742,0.10207,8.76996,0.38592,7.0843,0.10033
2016-10-06,8.85965,8.76531,0.09433,8.7722,0.38073,7.08814,0.1417
2016-10-07,8.86362,8.8427,0.02091,8.65521,0.42251,7.41292,-0.28442
2016-10-08,8.67539,8.64445,0.03094,8.31118,0.43713,7.07641,-0.00229
2016-10-09,8.78048,8.70639,0.07409,8.41782,0.42073,7.08231,0.04056
2016-10-10,8.86602,8.78014,0.08588,8.66301,0.44685,7.08103,0.01569
2016-10-11,8.9122,8.79793,0.11427,8.87808,0.35598,7.11536,0.35828
2016-10-12,8.98093,8.81898,0.16194,8.8228,0.42945,7.07363,0.21187
2016-10-13,8.9153,8.75389,0.1614,8.68069,0.41727,7.00878,0.11811
2016-10-14,8.82585,8.6584,0.16745,8.48612,0.46403,7.03767,0.05157
2016-10-15,8.7149,8.51519,0.19971,8.30849,0.42478,6.85069,0.31712
2016-10-16,8.82673,8.62921,0.19752,8.42523,0.54202,7.02259,0.18675
2016-10-17,8.96137,8.79125,0.17012,8.65402,0.43539,7.087,0.20124
2016-10-18,8.99256,8.76096,0.2316,8.7288,0.36848,7.09839,0.05152
2016-10-19,9.00688,8.74309,0.26379,8.7241,0.4249,7.07718,0.24136
2016-10-20,8.95364,8.70304,0.2506,8.71549,0.4256,6.98869,0.2035
2016-10-21,8.84722,8.5986,0.24862,8.52763,0.42949,7.07727,0.0695
2016-10-22,8.68423,8.48753,0.1967,8.29265,0.48599,6.92138,0.11125
2016-10-23,8.76873,8.58278,0.18595,8.49425,0.46621,7.09466,0.08921
2016-10-24,8.92186,8.73164,0.19021,8.76407,0.39277,7.09787,0.041
2016-10-25,9.00245,8.72695,0.27551,8.74128,0.39066,7.10038,0.12073
2016-10-26,8.96111,8.67407,0.28704,8.80739,0.34351,7.13257,0.02983
2016-10-27,8.87696,8.65048,0.22648,8.70499,0.37022,7.07109,0.04773
2016-10-28,8.78079,8.55417,0.22662,8.51691,0.35739,7.04941,0.11609
2016-10-29,8.55795,8.39042,0.16753,8.34207,0.36293,6.8698,0.0877
2016-10-30,8.68322,8.48463,0.19859,8.35564,0.47681,7.08255,0.09294
2016-10-31,8.87864,8.64654,0.23209,8.49336,0.49146,6.99393,0.09698
2016-11-01,8.87766,8.65971,0.21795,8.53417,0.49812,7.16617,0.06801
2016-11-02,8.91999,8.67428,0.24571,8.58426,0.44827,7.15756,0.11067
2016-11-03,8.88889,8.64985,0.23904,8.60759,0.44563,7.12162,0.01008
2016-11-04,8.85581,8.60548,0.25032,8.46456,0.45916,6.96636,0.13036
2016-11-05,8.8578,8.48995,0.36785,8.25125,0.48476,6.96346,0.14478
2016-11-06,8.82424,8.61175,0.21249,8.41369,0.49487,7.18081,0.10332
2016-11-07,9.0497,8.68548,0.36422,8.66664,0.49556,7.30971,-0.04148
2016-11-08,8.94351,8.69299,0.25052,8.74331,0.47192,7.18127,0.07855
2016-11-09,8.90558,8.77244,0.13314,8.76031,0.47794,7.15175,0.13376
2016-11-10,8.96252,8.72547,0.23705,8.76134,0.40421,7.20427,0.14368
2016-11-11,8.96954,8.6778,0.29175,8.59782,0.42003,7.18983,0.15553
2016-11-12,8.93722,8.5084,0.42882,8.32108,0.43134,7.06344,0.04153
2016-11-13,8.95648,8.66198,0.2945,8.51994,0.51546,7.45616,-0.03438
2016-11-14,9.03265,8.77337,0.25928,8.71419,0.50808,7.34788,-0.01747
2016-11-15,9.08851,8.83169,0.25682,8.8011,0.44219,7.27753,0.14604
2016-11-16,9.35703,8.80391,0.55312,8.8236,0.45748,7.25902,0.15856
2016-11-17,9.04723,8.72974,0.31749,8.66144,0.47364,7.18095,0.13027
2016-11-18,8.9717,8.62155,0.35015,8.48515,0.45862,7.23095,0.00827
2016-11-19,8.82129,8.5156,0.30569,8.25933,0.45293,7.08667,0.21177
2016-11-20,8.92199,8.66946,0.25253,8.41173,0.50946,7.23699,0.09929
2016-11-21,9.12544,8.71357,0.41186,8.57556,0.52307,7.21349,0.15548
2016-11-22,9.02401,8.70825,0.31576,8.63639,0.53375,7.28231,0.21656
2016-11-23,8.96034,8.64944,0.3109,8.60419,0.50964,7.20997,0.10325
2016-11-24,8.89344,8.57939,0.31404,8.53288,0.48727,7.23803,0.01331
2016-11-25,8.87108,8.57704,0.29404,8.37017,0.48849,7.37194,0.08336
2016-11-26,9.06346,8.66159,0.40187,8.27159,0.47529,7.04611,0.23321
2016-11-27,9.18307,8.74456,0.43851,8.46545,0.58167,7.3102,0.36905
2016-11-28,9.17046,8.85695,0.31351,8.52904,0.54353,7.23108,0.12328
2016-11-29,9.14195,9.11616,0.0258,8.70405,0.36519,7.58031,-0.12097
2016-11-30,9.0974,8.92884,0.16856,8.6069,0.3864,7.35355,-0.09584
2016-12-01,9.0457,8.88225,0.16345,8.50155,0.42828,7.34749,-0.13446
2016-12-02,8.91086,8.73894,0.17192,8.31652,0.44801,7.25917,0.59599
2016-12-03,8.83434,8.60291,0.23142,8.25973,0.27432,7.16598,0.08181
2016-12-04,8.90978,8.67672,0.23306,8.29069,0.47101,7.26279,0.02955
2016-12-05,9.01518,8.77331,0.24187,8.44687,0.46843,7.21486,0.02865
2016-12-06,9.01493,8.76608,0.24885,8.3958,0.53297,7.18346,0.15996
2016-12-07,9.02184,8.74278,0.27906,8.31873,0.48379,7.2438,0.07541
2016-12-08,8.95144,8.6902,0.26124,8.25753,0.48313,7.15853,0.02458
2016-12-09,8.9114,8.61403,0.29736,8.18166,0.56744,6.97902,0.00199
2016-12-10,8.78324,8.61094,0.1723,8.03383,0.5312,6.96979,-0.00094
2016-12-11,8.94729,8.69105,0.25624,8.13276,0.58066,7.20879,0.0035
2016-12-12,9.03301,8.78807,0.24494,8.26373,0.55238,7.22088,0.01977
2016-12-13,9.02124,8.73264,0.2886,8.34722,0.46756,7.2795,-0.00433
2016-12-14,8.97221,8.71305,0.25916,8.24903,0.61797,7.14115,0.08068
2016-12-15,8.88738,8.62803,0.25935,8.17692,0.57724,7.17182,0.11437
2016-12-16,8.80357,8.55273,0.25085,8.00796,0.61701,6.94275,0.15893
2016-12-17,8.69968,8.44066,0.25902,7.91518,0.59419,6.84823,0.17642
2016-12-18,8.8235,8.57312,0.25038,8.00461,0.64589,7.25093,0.0448
2016-12-19,8.88322,8.63366,0.24956,8.1208,0.58933,7.53528,-0.0588
2016-12-20,8.81195,8.57649,0.23546,8.05216,0.56179,7.03615,-0.02584
2016-12-21,8.94585,8.60794,0.33791,7.99394,0.5836,6.9702,0.07121
2016-12-22,8.79876,8.51745,0.28131,7.90582,0.52821,6.84997,0.05177
2016-12-23,8.66544,8.39474,0.2707,7.80163,0.60083,6.75581,0.07182
2016-12-24,8.62587,8.36113,0.26473,7.66463,0.60539,7.11594,-0.21521
2016-12-25,8.71899,8.61455,0.10444,7.91908,0.42042,7.31606,-0.03055
2016-12-26,8.77137,8.60043,0.17094,8.03032,0.68161,7.19583,-0.00969
2016-12-27,8.85395,8.5754,0.27855,8.0331,0.61512,7.13972,0.03424
2016-12-28,8.92559,8.59888,0.3267,8.0127,0.54468,7.10259,0.42574
2016-12-29,8.79149,8.57071,0.22078,7.96318,0.58726,7.18583,0.03601
2016-12-30,8.75432,8.49564,0.25868,7.9071,0.58005,7.09776,0.01375
2016-12-31,8.60447,8.43708,0.16739,7.78292,0.61863,6.96075,-0.01089
2017-01-01,8.66043,8.43816,0.22227,7.84045,0.52824,7.08774,0.01559
2017-01-02,8.93866,8.64531,0.29335,8.1521,0.50503,7.52187,-0.23021
2017-01-03,8.93735,8.70344,0.23391,8.23513,0.49508,7.36644,-0.149
2017-01-04,8.90314,8.74488,0.15825,8.20946,0.48286,7.31431,-0.01655
2017-01-05,9.1124,8.76805,0.34434,8.1567,0.5163,7.26709,0.25369
2017-01-06,8.89714,8.70247,0.19467,8.1106,0.53375,7.20491,0.1571
2017-01-07,8.7834,8.67952,0.10388,8.04504,0.53831,7.59763,-0.17765
2017-01-08,8.86898,8.66739,0.20159,8.19697,0.48659,7.5245,-0.10093
2017-01-09,8.95609,8.74191,0.21418,8.26718,0.52658,7.39795,0.0286
2017-01-10,8.96252,8.77889,0.18363,8.30636,0.54071,7.40973,0.09356
2017-01-11,9.17409,8.71504,0.45905,8.35578,0.5016,7.38398,0.00125
2017-01-12,8.95066,8.72582,0.22484,8.45615,0.36025,7.33064,0.05707
2017-01-13,8.93564,8.66334,0.2723,8.28281,0.78296,7.37816,0.01634
2017-01-14,8.76982,8.63106,0.13876,8.11909,0.56514,7.28087,-0.01126
2017-01-15,8.87501,8.69434,0.18066,8.29714,0.47501,7.55396,-0.07466
2017-01-16,8.93406,8.72465,0.20941,8.42983,0.43123,7.49502,-0.09257
2017-01-17,8.99529,8.8304,0.16489,8.36738,0.51917,7.45054,-0.08283
2017-01-18,8.92079,8.77578,0.14501,8.42072,0.44741,7.56153,-0.19446
2017-01-19,8.98244,8.74505,0.23739,8.47098,0.37652,7.33325,-0.03548
2017-01-20,8.88461,8.73512,0.14949,8.31442,0.46699,8.24594,-0.96525
2017-01-21,8.75005,8.55654,0.19351,8.15654,0.86615,7.4946,-0.3439
2017-01-22,8.8871,8.6788,0.2083,8.38271,0.41015,7.57641,-0.22013
2017-01-23,8.94872,8.77987,0.16885,8.43688,0.47317,7.50087,-0.10453
2017-01-24,9.01116,8.82526,0.1859,8.48049,0.44043,7.54785,-0.18902
2017-01-25,8.97373,8.79609,0.17764,8.50836,0.41696,7.55199,-0.20148
2017-01-26,9.37101,8.83369,0.53733,8.54062,0.34565,7.46827,-0.08428
2017-01-27,8.93722,8.7823,0.15492,8.39374,0.41433,7.29457,-0.1039
2017-01-28,8.77385,8.68304,0.09081,8.27458,0.42992,7.2425,-0.09731
2017-01-29,8.91422,8.72978,0.18444,8.39863,0.45689,7.3784,-0.08606
2017-01-30,8.9877,8.91189,0.07581,8.51987,0.4406,7.56338,-0.02222
2017-01-31,9.00455,8.82739,0.17716,8.53466,0.40597,7.42363,0.02412
2017-02-01,9.00737,8.77838,0.22898,8.55247,0.41108,7.30819,0.09852
2017-02-02,9.01433,8.82699,0.18733,8.56427,0.40042,7.26515,0.0454
2017-02-03,8.98319,8.7208,0.26239,8.38938,0.42807,7.40317,0.12247
2017-02-04,8.81804,8.6516,0.16644,8.3177,0.40504,7.17917,0.00167
2017-02-05,9.0257,8.6825,0.34319,8.39084,0.45119,7.48824,-0.1086
2017-02-06,9.05742,8.7625,0.29492,8.53717,0.43947,7.38603,0.03873
2017-02-07,9.09784,8.7948,0.30304,8.5707,0.34554,7.33717,-0.02195
2017-02-08,9.04086,8.77475,0.26611,8.60531,0.35039,7.318,-0.02226
2017-02-09,9.03908,8.80054,0.23854,8.59844,0.36944,7.31004,-0.10887
2017-02-10,8.93129,8.66413,0.26716,8.44893,0.38146,7.16388,0.14198
2017-02-11,8.80792,8.55519,0.25273,8.30884,0.44532,7.03825,0.03078
2017-02-12,9.04653,8.69713,0.34939,8.61783,0.29881,7.30677,0.01969
2017-02-13,9.08353,8.80454,0.27899,8.61464,0.35095,7.33725,-0.00423
2017-02-14,8.95931,8.76309,0.19623,8.59839,0.30963,7.30141,-0.04511
2017-02-15,8.96418,8.75947,0.20471,8.5536,0.3528,7.3408,-0.04439
2017-02-16,9.01177,8.76175,0.25002,8.58185,0.35589,7.20834,-0.04362
2017-02-17,8.90964,8.72477,0.18487,8.47352,0.40748,7.17045,-0.03397
2017-02-18,8.86418,8.57802,0.28616,8.33125,0.42622,7.0579,0.0754
2017-02-19,8.95299,8.75766,0.19533,8.49941,0.42604,7.33766,-0.03247
2017-02-20,9.2272,8.80159,0.42561,8.61501,0.3899,7.35121,-0.08578
2017-02-21,9.05474,8.78794,0.26679,8.62146,0.4156,7.2914,0.06998
2017-02-22,9.00859,8.77886,0.22973,8.61942,0.46988,7.28554,0.07647
2017-02-23,9.03955,8.73497,0.30458,8.65443,0.35465,7.27892,0.09446
2017-02-24,8.99752,8.69956,0.29795,8.34715,0.45372,7.13703,0.01132
2017-02-25,8.81433,8.59135,0.22298,8.27689,0.43931,7.09005,0.04085
2017-02-26,8.9338,8.66184,0.27196,8.51517,0.25604,7.19652,0.06541
2017-02-27,9.10442,8.78048,0.32394,8.46892,0.40217,7.17054,-0.00504
2017-02-28,9.00491,8.76336,0.24155,8.54942,0.3691,7.23108,0.0031
2017-03-01,8.9995,8.76762,0.23187,8.54101,0.40328,7.42297,-0.20259
2017-03-02,9.04511,8.75999,0.28512,8.52713,0.36218,7.36176,-0.24293
2017-03-03,8.91731,8.66038,0.25693,8.38197,0.36554,7.30833,-0.17583
2017-03-04,8.84951,8.53015,0.31937,8.21854,0.43963,7.09275,-0.16128
2017-03-05,8.96201,8.63118,0.33083,8.38081,0.39967,7.29873,-0.13711
2017-03-06,9.01894,8.78226,0.23667,8.51986,0.40414,7.26225,0.18375
2017-03-07,8.98595,8.76606,0.21988,8.5942,0.45468,7.24938,0.00055
2017-03-08,9.07475,8.73008,0.34467,8.55744,0.46138,7.33102,0.08836
2017-03-09,9.02208,8.736,0.28608,8.56212,0.48969,7.25205,-0.02149
2017-03-10,8.90341,8.65909,0.24431,8.45512,0.49761,7.10851,0.00707
2017-03-11,8.77431,8.55746,0.21685,8.27063,0.52646,6.87926,0.05611
2017-03-12,8.94598,8.66462,0.28137,8.45163,0.54787,7.44281,-0.18369
2017-03-13,9.00184,8.75844,0.2434,8.64489,0.55963,7.23729,-0.02426
2017-03-14,8.99516,8.75576,0.2394,8.68191,0.59496,7.2273,-0.05795
2017-03-15,8.9882,8.71394,0.27426,8.70659,0.54748,7.20625,0.04226
2017-03-16,8.96941,8.73164,0.23778,8.65492,0.56764,7.09594,-0.01929
2017-03-17,8.93314,8.67956,0.25358,8.44567,0.57871,7.19634,-0.06305
2017-03-18,8.82055,8.45645,0.3641,8.21556,0.58591,7.05182,-0.00083
2017-03-19,8.89946,8.63418,0.26528,8.35918,0.60283,7.3397,-0.08552
2017-03-20,9.03646,8.80859,0.22788,8.58646,0.62338,7.26711,0.01633
2017-03-21,9.02112,8.73404,0.28708,8.68961,0.58867,7.28478,0.01164
2017-03-22,8.99293,8.77348,0.21945,8.73498,0.54395,7.3748,-0.17065
2017-03-23,9.04947,8.79723,0.25224,8.74162,0.50977,7.22064,0.01714
2017-03-24,9.28452,8.80526,0.47926,8.59251,0.47765,7.03829,0.11788
2017-03-25,8.78063,8.56249,0.21814,8.31308,0.61556,6.90427,0.0758
2017-03-26,8.91086,8.6136,0.29726,8.51963,0.62318,7.1194,0.16679
2017-03-27,9.03265,8.74393,0.28871,8.67872,0.65923,7.1539,0.07521
2017-03-28,9.28368,8.84751,0.43618,8.76007,0.684,7.10304,0.16169
2017-03-29,9.33079,8.85432,0.47647,8.86839,0.52992,7.23725,0.09577
2017-03-30,9.28331,8.85241,0.43091,8.6974,0.63427,7.14449,0.10615
2017-03-31,8.90883,8.62888,0.27995,8.44774,0.61607,7.24377,0.15011
2017-04-01,8.78416,8.67233,0.11184,8.37876,0.48584,7.11903,-0.03732
2017-04-02,8.92092,8.84269,0.07823,8.55321,0.65132,7.57449,-0.09519
2017-04-03,9.00036,8.87876,0.1216,8.68629,0.61645,7.41517,0.18172
2017-04-04,8.95584,8.76788,0.18796,8.6538,0.59749,7.20318,0.04745
2017-04-05,8.89905,8.69647,0.20258,8.64316,0.53352,7.10834,0.04236
2017-04-06,8.89905,8.67105,0.228,8.56922,0.64102,7.14901,0.4173
2017-04-07,9.04216,8.61504,0.42712,8.53738,0.59975,6.87183,0.26466
2017-04-08,8.66285,8.49572,0.16713,8.12552,0.639,6.77808,0.15144
2017-04-09,8.83783,8.5263,0.31152,8.23548,0.82566,6.84874,0.21087
2017-04-10,8.86729,8.66447,0.20282,8.48193,0.62715,6.94281,0.06479
2017-04-11,8.94975,8.65615,0.2936,8.41958,0.66633,7.0862,0.14581
2017-04-12,8.88516,8.61991,0.26526,8.30277,0.99777,7.03139,0.13796
2017-04-13,8.81952,8.63839,0.18113,8.21679,0.51873,6.90221,-0.00855
2017-04-14,8.70301,8.53,0.17301,8.2209,0.67144,6.97277,0.03211
2017-04-15,8.70517,8.47527,0.22989,8.29087,0.66664,6.88133,0.01233
2017-04-16,8.817,8.68363,0.13337,8.44941,0.60158,7.06083,0.05394
2017-04-17,8.95001,8.74622,0.20379,8.66657,0.57865,7.07197,0.07007
2017-04-18,9.00871,8.7479,0.26082,8.71882,0.61533,7.09819,0.19754
2017-04-19,9.00393,8.75912,0.24481,8.85679,0.54186,7.2083,0.02299
2017-04-20,8.96406,8.74274,0.22131,8.70768,0.59104,7.18547,0.05231
2017-04-21,8.91865,8.67011,0.24854,8.46933,0.5976,7.12109,-0.01121
2017-04-22,8.78278,8.56054,0.22225,8.32183,0.56995,7.0392,-0.02979
2017-04-23,8.92346,8.61778,0.30567,8.50759,0.5965,7.22309,0.01325
2017-04-24,9.04192,8.81873,0.22319,8.75239,0.55217,7.19462,0.00953
2017-04-25,9.02039,8.77228,0.24811,8.76031,0.58866,7.29294,0.04595
2017-04-26,8.97449,8.7692,0.2053,8.70664,0.59262,7.18104,0.02162
2017-04-27,9.10097,8.70519,0.39579,8.67769,0.60665,7.19657,0.0311
2017-04-28,8.95273,8.60769,0.34504,8.4307,0.59175,6.97156,0.18929
2017-04-29,8.72664,8.45188,0.27476,8.28777,0.4719,6.93899,0.0812
2017-04-30,8.80822,8.5306,0.27762,8.23037,0.59298,6.89501,0.20336
2017-05-01,8.99405,8.69078,0.30327,8.52493,0.6095,7.14178,0.15599
2017-05-02,9.02341,8.73231,0.2911,8.63484,0.61241,7.26121,0.1265
2017-05-03,9.00418,8.72491,0.27927,8.67969,0.60036,7.3944,-0.03302
2017-05-04,8.98645,8.69069,0.29576,8.63172,0.59665,7.31518,-0.11625
2017-05-05,9.14995,8.61339,0.53657,8.48033,0.56289,7.04957,0.08771
2017-05-06,8.81582,8.47651,0.33931,8.26294,0.5582,6.91164,-0.03951
2017-05-07,8.88931,8.5508,0.33851,8.49106,0.66134,7.1389,0.00865
2017-05-08,9.14921,8.83836,0.31085,8.65841,0.60244,7.32242,-0.09185
2017-05-09,8.99119,8.72309,0.2681,8.65391,0.62875,7.13344,0.48579
2017-05-10,8.98782,8.67095,0.31688,8.61809,0.61675,7.12058,0.23762
2017-05-11,9.08376,8.71268,0.37108,8.60155,0.71989,7.09998,0.07933
2017-05-12,8.88724,8.6197,0.26754,8.44829,0.61621,7.00121,0.15262
2017-05-13,8.78063,8.56078,0.21986,8.22464,0.61275,6.84439,0.09098
2017-05-14,8.83826,8.52234,0.31593,8.33159,0.70725,7.00719,0.50542
2017-05-15,9.01067,8.7183,0.29237,8.56864,0.64768,7.06015,0.13354
2017-05-16,8.98231,8.756,0.22631,8.63579,0.64965,7.09793,0.15766
2017-05-17,9.04038,8.73088,0.3095,8.64706,0.59575,7.03887,0.13509
2017-05-18,8.99628,8.80843,0.18786,8.6522,0.61876,7.19257,0.17261
2017-05-19,8.88322,8.63325,0.24997,8.4711,0.55628,7.10448,-0.01607
2017-05-20,8.72875,8.54358,0.18517,8.25709,0.61568,6.87301,0.09396
2017-05-21,8.91718,8.58812,0.32906,8.53061,0.56252,7.04671,0.06887
2017-05-22,9.21841,8.70384,0.51457,8.6095,0.61947,7.10116,0.09553
2017-05-23,9.07383,8.70163,0.3722,8.62528,0.57904,7.00948,0.23546
2017-05-24,9.22276,8.70818,0.51459,8.64025,0.47435,7.0439,0.07169
2017-05-25,9.05357,8.63656,0.41701,8.55808,0.70826,7.00508,-0.01115
2017-05-26,9.26454,8.52787,0.73668,8.34994,0.66402,6.89771,0.03376
2017-05-27,8.77771,8.45874,0.31897,8.21777,0.62916,6.82075,0.24401
2017-05-28,8.85181,8.54347,0.30833,8.41841,0.61626,6.94826,0.06386
2017-05-29,8.91597,8.6662,0.24977,8.59493,0.61251,7.10612,0.10838
2017-05-30,9.01603,8.76728,0.24875,8.63326,0.61717,7.37573,0.40458
2017-05-31,9.29072,8.8103,0.48042,8.60861,0.66948,7.15823,1.08163
2017-06-01,8.91489,8.67064,0.24426,8.55676,0.67073,7.029,0.09063
2017-06-02,9.09605,8.72747,0.36858,8.44346,0.62555,6.83159,0.26347
2017-06-03,8.85138,8.50297,0.3484,8.24334,0.54754,6.80323,0.21964
2017-06-04,9.06555,8.59084,0.4747,8.40746,0.54825,6.90742,0.13748
2017-06-05,8.92332,8.64053,0.28279,8.5659,0.57187,7.11001,0.10376
2017-06-06,8.8911,8.61146,0.27964,8.57001,0.55597,7.03233,0.10495
2017-06-07,8.8355,8.61543,0.22008,8.60155,0.54521,7.14213,0.06128
2017-06-08,8.81225,8.56555,0.2467,8.58524,0.53517,7.12886,0.14285
2017-06-09,9.02027,8.55297,0.4673,8.41717,0.59886,7.04301,0.22591
2017-06-10,8.88724,8.39887,0.48837,8.17608,0.55864,6.87779,0.34331
2017-06-11,8.87024,8.54314,0.32711,8.36518,0.57244,6.9712,0.17242
2017-06-12,8.90069,8.63571,0.26498,8.55395,0.60888,7.22038,0.04575
2017-06-13,8.93419,8.62682,0.30737,8.56474,0.62203,7.14782,0.13149
2017-06-14,8.81507,8.54686,0.26821,8.51495,0.58334,7.0705,-0.03171
2017-06-15,8.83025,8.52284,0.30741,8.45996,0.6118,6.94614,0.17592
2017-06-16,8.77416,8.4624,0.31176,8.28252,0.56742,6.82162,0.15379
2017-06-17,8.85023,8.42925,0.42099,8.13031,0.56586,6.75073,0.10889
2017-06-18,8.83797,8.6538,0.18417,8.26692,0.57525,7.47457,-0.11256
2017-06-19,8.86531,8.59658,0.26873,8.40986,0.56754,7.12575,0.01786
2017-06-20,9.07681,8.59637,0.48044,8.45005,0.64083,7.13095,0.266
2017-06-21,8.97992,8.70552,0.2744,8.44665,0.6707,7.08284,0.3942
2017-06-22,8.88378,8.67127,0.21251,8.47337,0.51857,7.78346,-0.19009
2017-06-23,8.76045,8.52539,0.23506,8.25213,0.59436,7.1867,-0.08915
2017-06-24,8.74465,8.40037,0.34428,8.13327,0.56891,7.06353,0.02069
2017-06-25,8.79407,8.53451,0.25956,8.29043,0.58988,7.27849,-0.04793
2017-06-26,8.81582,8.64413,0.17169,8.44091,0.62844,7.25856,-0.01361
2017-06-27,8.77307,8.5845,0.18857,8.43717,0.59524,7.18071,-0.04742
2017-06-28,8.90341,8.84291,0.0605,8.52621,0.50129,7.97467,-0.37828
2017-06-29,8.85224,8.69138,0.16085,8.4219,0.54407,7.45176,-0.03178
2017-06-30,8.82055,8.51062,0.30994,8.2173,0.56195,7.13275,0.03042
2017-07-01,8.80807,8.4892,0.31887,8.04129,0.5723,7.13726,-0.10463
2017-07-02,8.92306,8.86153,0.06153,8.36883,0.46157,8.29237,-0.21585
2017-07-03,8.88862,8.70068,0.18794,8.38056,0.58695,7.46073,-0.12315
2017-07-04,8.84506,8.62933,0.21573,8.34203,0.62827,7.20345,0.01619
2017-07-05,8.83054,8.60165,0.22889,8.35492,0.63427,7.08592,0.183
2017-07-06,8.93393,8.60906,0.32487,8.32114,0.60272,7.04021,0.28362
2017-07-07,9.03979,8.52048,0.51931,8.24986,0.57834,6.94284,0.73965
2017-07-08,9.02882,8.54396,0.48486,8.10632,0.57265,6.81984,0.56725
2017-07-09,9.12576,8.5465,0.57926,8.21609,0.73054,6.92956,0.40802
2017-07-10,8.93722,8.6044,0.33282,8.33402,0.61014,7.01518,0.22619
2017-07-11,8.83375,8.56553,0.26823,8.33852,0.51871,7.29577,-0.16167
2017-07-12,8.89179,8.60804,0.28374,8.39124,0.66548,7.58678,-0.48675
2017-07-13,8.83913,8.56251,0.27662,8.3744,0.43352,7.097,-0.09666
2017-07-14,8.77555,8.50732,0.26823,8.21753,0.44185,7.15775,-0.22044
2017-07-15,8.70913,8.46174,0.2474,8.05327,0.50065,7.06485,-0.17424
2017-07-16,9.02497,8.62267,0.4023,8.1934,0.44778,7.25999,-0.2021
2017-07-17,8.82791,8.57794,0.24997,8.33346,0.40368,7.21452,-0.04517
2017-07-18,8.84563,8.59435,0.25128,8.37305,0.37271,7.0029,0.035
2017-07-19,8.79815,8.66153,0.13662,8.3552,0.31231,7.23729,-0.2675
2017-07-20,8.77215,8.75489,0.01725,8.40634,0.22792,7.25745,-0.29616
2017-07-21,8.86574,8.6296,0.23613,8.27921,0.33456,6.97838,-0.16384
2017-07-22,8.68152,8.49831,0.18321,8.16087,0.44507,6.92349,0.01285
2017-07-23,8.80478,8.5208,0.28398,8.21563,0.46317,7.04224,0.03103
2017-07-24,9.06993,8.67455,0.39538,8.36323,0.45065,7.245,-0.12618
2017-07-25,8.81745,8.55415,0.2633,8.40083,0.42502,7.10884,0.17255
2017-07-26,8.78814,8.5932,0.19494,8.40538,0.47479,7.08797,0.0493
2017-07-27,8.75637,8.51044,0.24592,8.41605,0.45264,6.90624,0.10226
2017-07-28,8.70798,8.47655,0.23143,8.24827,0.45971,6.82754,0.40013
2017-07-29,8.67454,8.38755,0.28699,8.11192,0.51931,6.88376,0.00379
2017-07-30,9.06612,8.52778,0.53834,8.25087,0.60508,7.01782,-0.14777
2017-07-31,8.78569,8.53128,0.25441,8.46359,0.51482,7.09971,-0.07506
2017-08-01,8.82688,8.56322,0.26366,8.48235,0.47799,6.97427,-0.02633
2017-08-02,9.08896,8.71988,0.36908,8.45317,0.45863,7.04702,-0.03581
2017-08-03,8.80327,8.58717,0.21611,8.44833,0.45996,7.2097,-0.17973
2017-08-04,8.77246,8.51119,0.26127,8.28147,0.45116,7.18295,-0.25539
2017-08-05,8.67146,8.46132,0.21013,8.14275,0.45362,7.04705,-0.23912
2017-08-06,8.72209,8.49937,0.22272,8.25581,0.48788,7.15756,-0.19437
2017-08-07,8.76374,8.55225,0.21149,8.49051,0.43002,7.08849,-0.14633
2017-08-08,8.77447,8.53448,0.23999,8.45133,0.48812,7.05747,-0.08392
2017-08-09,8.79452,8.52066,0.27386,8.48468,0.49838,7.08085,0.0722
2017-08-10,8.71062,8.61165,0.09897,8.46549,0.45061,6.98395,0.05571
2017-08-11,8.68305,8.48631,0.19674,8.29178,0.51688,6.92405,0.05137
2017-08-12,8.64892,8.41801,0.23092,8.21029,0.47292,7.00457,-0.06532
2017-08-13,8.70483,8.4729,0.23194,8.27622,0.57602,7.01041,0.14577
2017-08-14,8.71948,8.55052,0.16896,8.43144,0.56793,6.94496,0.00393
2017-08-15,8.74178,8.61491,0.12686,8.54137,0.45813,6.97429,-0.02828
2017-08-16,8.74926,8.58032,0.16893,8.48025,0.43545,6.90962,0.04406
2017-08-17,8.74337,8.55253,0.19084,8.43518,0.40395,6.86267,0.11461
2017-08-18,9.06601,8.66976,0.39624,8.2777,0.42879,6.81023,0.08848
2017-08-19,8.63337,8.41275,0.22062,8.20665,0.40876,7.0888,-0.27755
2017-08-20,8.75715,8.50235,0.25481,8.21393,0.44806,7.01113,0.02061
2017-08-21,9.13238,8.59867,0.53371,8.37403,0.46452,7.00472,-0.00438
2017-08-22,8.93997,8.62934,0.31063,8.51166,0.41923,7.06019,0.00713
2017-08-23,8.82291,8.54889,0.27402,8.49884,0.45764,6.99106,0.01744
2017-08-24,8.78966,8.57123,0.21843,8.46935,0.47872,6.97432,-0.05761
2017-08-25,8.72972,8.55297,0.17675,8.38808,0.42193,6.91259,-0.06778
2017-08-26,8.70334,8.50964,0.1937,8.19755,0.47374,6.78211,-0.00903
2017-08-27,8.83783,8.45085,0.38698,8.41286,0.38755,6.86648,-0.01529
2017-08-28,8.80297,8.55224,0.25073,8.47133,0.49783,6.915,-0.07659
2017-08-29,8.83841,8.58552,0.25288,8.57559,0.42822,6.91153,0.13946
2017-08-30,8.83113,8.61016,0.22097,8.52208,0.49297,6.95429,-0.07288
2017-08-31,8.86475,8.69396,0.17079,8.64461,0.38636,7.22848,-0.22269
2017-09-01,8.90232,8.67222,0.2301,8.58429,0.34898,7.20206,-0.06638
2017-09-02,8.70051,8.62374,0.07678,8.21664,0.44552,7.03686,-0.09373
2017-09-03,8.8235,8.72635,0.09715,8.36543,0.55949,7.14141,-0.19925
2017-09-04,8.89192,8.9761,-0.08418,8.52236,0.50081,7.22892,-0.17967
2017-09-05,9.03753,8.90907,0.12846,8.6716,0.40407,7.24685,-0.15928
2017-09-06,9.06843,8.8818,0.18663,8.71286,0.38555,7.26558,-0.10318
2017-09-07,9.07039,8.84316,0.22723,8.59576,0.40151,7.29369,0.19404
2017-09-08,8.88779,8.7693,0.11849,8.44391,0.37532,7.29692,-0.17083
2017-09-09,8.85908,8.63033,0.22875,8.29159,0.40542,7.34203,-0.40666
2017-09-10,8.7983,8.72828,0.07003,8.45107,0.39859,7.25534,-0.255
2017-09-11,9.14313,8.88393,0.2592,8.54323,0.38449,7.19875,-0.16966
2017-09-12,8.90517,8.8541,0.05107,8.53402,0.4087,7.23267,-0.16962
2017-09-13,8.93366,8.74762,0.18605,8.53431,0.40802,7.24948,-0.16442
2017-09-14,8.88017,8.77099,0.10918,8.51217,0.43525,7.16442,0.22267
2017-09-15,8.83419,8.6852,0.14899,8.29549,0.4957,6.96064,-0.06293
2017-09-16,8.74703,8.54016,0.20687,8.18549,0.49246,6.92388,-0.0559
2017-09-17,8.82571,8.65937,0.16634,8.30041,0.49578,7.08783,-0.02307
2017-09-18,8.9579,8.81813,0.13977,8.50646,0.41366,7.16824,-0.12508
2017-09-19,8.95053,8.817,0.13354,8.58126,0.35121,7.21346,-0.09869
2017-09-20,8.96661,8.78604,0.18057,8.51064,0.39236,7.14892,-0.09533
2017-09-21,8.9422,8.79888,0.14332,8.44013,0.42108,7.07429,0.04048
2017-09-22,8.88682,8.70777,0.17906,8.32417,0.43267,7.02443,0.14646
2017-09-23,8.71522,8.53532,0.1799,8.16846,0.44423,6.86776,-0.00709
2017-09-24,8.78951,8.62231,0.1672,8.36173,0.42656,7.04665,-0.02378
2017-09-25,8.87682,8.74136,0.13547,8.5469,0.41022,6.99925,0.05865
2017-09-26,8.90612,8.74173,0.16439,8.57476,0.41681,7.10336,-0.03264
2017-09-27,8.88972,8.70108,0.18865,8.5656,0.42858,7.19651,-0.05843
2017-09-28,8.83317,8.69674,0.13643,8.51364,0.43534,7.05276,-0.11837
2017-09-29,8.81046,8.60009,0.21037,8.56344,0.23803,7.24681,-0.383
2017-09-30,8.63231,8.43748,0.19482,8.33762,0.31008,6.87981,0.00673
2017-10-01,8.78063,8.56798,0.21265,8.48268,0.39916,6.9879,0.07257
2017-10-02,9.11482,8.77295,0.34187,8.65824,0.39404,6.97362,-0.0076
2017-10-03,8.8871,8.70577,0.18133,8.6741,0.39801,7.20652,-0.08688
2017-10-04,8.89714,8.72294,0.1742,8.6901,0.35312,7.26074,-0.24145
2017-10-05,9.03205,8.8008,0.23125,8.71696,0.40772,7.07278,-0.00376
2017-10-06,9.11855,8.72691,0.39164,8.54058,0.47435,7.07298,0.3464
2017-10-07,8.82482,8.55123,0.27359,8.25178,0.49557,7.13145,0.00185
2017-10-08,8.90531,8.66274,0.24257,8.39524,0.49503,7.0924,0.14825
2017-10-09,9.06739,8.81819,0.24921,8.64449,0.45916,7.13558,0.16422
2017-10-10,9.20794,8.82859,0.37935,8.7632,0.45491,7.24309,0.11127
2017-10-11,9.6114,8.95901,0.65238,8.88937,0.32127,7.32477,0.25235
2017-10-12,9.13992,8.81503,0.32489,8.7299,0.43114,7.11089,0.06918
2017-10-13,8.98168,8.79072,0.19096,8.51835,0.4169,7.0189,-0.12018
2017-10-14,9.26274,8.65661,0.60613,8.27174,0.37032,6.92535,-0.06259
2017-10-15,8.89577,8.84948,0.04628,8.35625,0.38521,7.05093,0.00955
2017-10-16,8.95738,8.73066,0.22672,8.58481,0.36313,7.03243,-0.01223
2017-10-17,8.95815,8.71318,0.24498,8.61709,0.45145,7.06665,-0.00875
2017-10-18,8.96827,8.71683,0.25144,8.67076,0.41436,7.06767,0.03565
2017-10-19,8.9114,8.69751,0.21389,8.6568,0.39677,7.07065,-0.03012
2017-10-20,8.8778,8.64027,0.23753,8.47305,0.4378,7.00226,0.09612
2017-10-21,8.73279,8.50112,0.23167,8.23416,0.49556,6.96966,0.10868
2017-10-22,9.22326,8.63651,0.58675,8.45038,0.60015,7.12955,0.12745
2017-10-23,9.10186,8.75643,0.34543,8.69337,0.57439,7.12815,0.24523
2017-10-24,9.06474,8.69984,0.3649,8.69294,0.4602,7.07908,0.18495
2017-10-25,8.98795,8.70637,0.28158,8.6678,0.45371,7.05312,0.11237
2017-10-26,8.98732,8.68863,0.2987,8.54964,0.46748,7.1527,-0.11919
2017-10-27,8.86135,8.61884,0.24251,8.42718,0.4857,7.0684,-0.04821
2017-10-28,8.84635,8.45915,0.38721,8.25085,0.45779,6.89226,0.05182
2017-10-29,8.81656,8.60356,0.213,8.38627,0.46568,7.16422,0.05323
2017-10-30,9.20683,8.70648,0.50035,8.52393,0.47667,7.03976,-0.01689
2017-10-31,9.08557,8.5745,0.51107,8.46394,0.48737,7.03388,-0.00923
2017-11-01,9.24841,8.58456,0.66385,8.42019,0.53345,7.12661,0.12332
2017-11-02,8.97639,8.65369,0.3227,8.4532,0.51009,7.21281,-0.06525
2017-11-03,8.87543,8.64361,0.23182,8.34634,0.47907,6.95797,0.09042
2017-11-04,8.7837,8.43662,0.34708,8.17559,0.53668,6.90997,0.19827
2017-11-05,8.86007,8.58261,0.27746,8.35173,0.57705,7.10785,0.14845
2017-11-06,8.97828,8.67005,0.30824,8.54152,0.52507,7.21724,-0.01012
2017-11-07,8.88544,8.70157,0.18387,8.60311,0.47666,7.16618,0.06003
2017-11-08,9.13981,8.81437,0.32544,8.61601,0.45645,7.15462,0.0953
2017-11-09,8.93656,8.78959,0.14697,8.58892,0.45229,7.15137,0.02565
2017-11-10,8.7834,8.66695,0.11645,8.44978,0.449,7.10332,0.10306
2017-11-11,8.94716,8.53764,0.40951,8.2343,0.50042,7.07746,0.05183
2017-11-12,8.83797,8.56546,0.27251,8.37063,0.52116,7.31487,0.01553
2017-11-13,8.96214,8.7128,0.24934,8.62739,0.46721,7.34372,-0.03853
2017-11-14,9.01042,8.76379,0.24663,8.62595,0.55722,7.88729,-0.42221
2017-11-15,8.99082,8.75767,0.23315,8.68468,0.41673,7.44426,-0.14921
2017-11-16,8.90544,8.82006,0.08538,8.6455,0.42593,7.3038,0.05631
2017-11-17,8.94962,8.60103,0.3486,8.40218,0.44086,7.25744,0.05911
2017-11-18,9.00036,8.46372,0.53664,8.16671,0.45664,7.20353,0.25696
2017-11-19,9.15968,8.6157,0.54398,8.50543,0.31822,7.41272,0.46846
2017-11-20,9.34932,8.73739,0.61193,8.59621,0.43787,7.29649,0.29032
2017-11-21,9.07772,8.6472,0.43052,8.58212,0.48953,7.37122,0.19871
2017-11-22,8.95648,8.59203,0.36445,8.56117,0.51129,7.31475,0.26135
2017-11-23,9.13562,8.75532,0.3803,8.5343,0.55658,7.24815,0.45621
2017-11-24,9.04346,8.60423,0.43923,8.31508,0.60984,7.1208,0.21809
2017-11-25,8.8639,8.45788,0.40602,8.10948,0.57627,7.00086,0.27015
2017-11-26,9.15345,8.70047,0.45298,8.26874,0.58607,7.22189,0.15399
2017-11-27,9.01688,8.78326,0.23362,8.48062,0.56426,7.2292,0.19197
2017-11-28,9.00147,8.71797,0.2835,8.47679,0.56003,7.2552,0.26232
2017-11-29,8.89426,8.6794,0.21486,8.45312,0.53295,7.14168,0.25404
2017-11-30,8.89344,8.61731,0.27613,8.4095,0.55685,7.09529,0.5016
2017-12-01,8.90259,8.65059,0.252,8.21442,0.55943,7.11502,0.86466
2017-12-02,8.66199,8.43994,0.22205,8.03825,0.60063,6.99393,0.15284
2017-12-03,8.76327,8.50963,0.25364,8.17684,0.53295,7.08706,0.22882
2017-12-04,8.88322,8.63043,0.25279,8.29011,0.53192,7.15473,0.1724
2017-12-05,8.88475,8.64137,0.24338,8.24732,0.58323,7.19668,0.13372
2017-12-06,8.88059,8.58133,0.29926,8.22259,0.59944,7.11275,0.13004
2017-12-07,8.90246,8.61123,0.29122,8.19183,0.49965,7.08502,0.15921
2017-12-08,8.82129,8.49456,0.32673,8.02212,0.51173,6.93893,0.21177
2017-12-09,8.68997,8.33971,0.35026,7.91805,0.56765,6.99543,0.21539
2017-12-10,8.79996,8.49949,0.30048,8.03049,0.5538,7.11273,0.1142
2017-12-11,8.88862,8.61093,0.27769,8.17196,0.55306,7.20771,0.10351
2017-12-12,8.90639,8.56992,0.33647,8.13174,0.52903,7.15972,0.08594
2017-12-13,8.83681,8.75896,0.07785,8.15592,0.52662,7.56044,-0.2125
2017-12-14,8.79057,8.53043,0.26015,8.19102,0.52519,7.27954,-0.0432
2017-12-15,8.68067,8.47395,0.20673,7.9939,0.54466,7.15708,-0.04231
2017-12-16,8.58728,8.46451,0.12277,7.85885,0.50122,6.88913,1.14096
2017-12-17,8.6651,8.53191,0.13319,8.06121,0.42326,7.46355,0.25158
2017-12-18,8.76186,8.64851,0.11335,8.21075,0.45175,7.47953,-0.20782
2017-12-19,8.79619,8.71248,0.08371,8.00996,0.6656,7.17297,0.04741
2017-12-20,8.99999,8.59708,0.40291,7.91676,0.61217,7.25265,0.04241
2017-12-21,8.66923,8.4963,0.17293,7.82286,0.55207,6.99732,0.12876
2017-12-22,8.53543,8.3446,0.19082,7.69157,0.57357,6.92292,0.09817
2017-12-23,8.58691,8.31614,0.27077,7.71488,0.42718,6.83852,0.2689
2017-12-24,8.53719,8.31582,0.22137,7.61367,0.62592,7.004,0.15762
2017-12-25,8.58802,8.39106,0.19696,7.73636,0.46995,7.26992,-0.06058
2017-12-26,8.66561,8.53238,0.13323,7.94932,0.46651,8.09521,-0.49982
2017-12-27,8.85295,8.66642,0.18653,7.93127,0.43858,7.54677,-0.29401
2017-12-28,8.75227,8.57457,0.17769,7.89705,0.50631,7.24363,0.17635
2017-12-29,8.67948,8.43821,0.24128,7.83224,0.4887,7.01786,0.29336
2017-12-30,8.62891,8.3513,0.27761,7.73538,0.53412,7.10334,0.06524
2017-12-31,8.7315,8.30386,0.42764,7.80034,0.49545,6.95396,0.16
2018-01-01,8.72079,8.3863,0.33449,7.78123,0.55874,7.08161,0.11357
2018-01-02,8.76249,8.5891,0.17339,7.98439,0.49925,7.16321,0.14935
2018-01-03,8.78462,8.56777,0.21686,8.04811,0.47547,7.18599,0.00242
2018-01-04,8.71899,8.56028,0.15871,8.04672,0.41093,7.15168,0.05322
2018-01-05,8.69534,8.54157,0.15377,8.03762,0.44,7.07315,0.04487
2018-01-06,8.6498,8.56322,0.08658,7.98291,0.42156,7.12683,-0.01044
2018-01-07,8.73392,8.56682,0.16709,8.04888,0.43414,7.3105,0.11128
2018-01-08,8.84966,8.64339,0.20627,8.13818,0.43482,7.30429,-0.05295
2018-01-09,8.84966,8.63069,0.21897,8.21454,0.43246,7.25893,0.07016
2018-01-10,8.8387,8.65,0.1887,8.28979,0.37358,7.28411,-0.04849
2018-01-11,8.84635,8.69286,0.1535,8.23604,0.43199,7.43604,-0.09456
2018-01-12,8.82026,8.6586,0.16166,8.1728,0.5077,7.35929,-0.15514
2018-01-13,8.70218,8.58038,0.1218,8.04184,0.44798,7.13133,0.05632
2018-01-14,8.78477,8.6228,0.16197,8.23208,0.4589,7.37797,0.0934
2018-01-15,9.05509,8.79637,0.25872,8.30351,0.38545,7.39317,0.005
2018-01-16,9.00319,8.76656,0.23663,8.35952,0.38274,7.41935,-0.05924
2018-01-17,8.88917,8.76385,0.12532,8.34213,0.40188,7.612,-0.14235
2018-01-18,8.84937,8.76488,0.08449,8.33589,0.41575,7.40726,-0.11357
2018-01-19,8.85324,8.63888,0.21435,8.24184,0.37556,7.17036,0.03527
2018-01-20,8.74305,8.51128,0.23178,8.09537,0.38868,7.08441,-0.09692
2018-01-21,8.93551,8.67199,0.26352,8.26269,0.39427,7.29186,0.10201
2018-01-22,8.897,8.77533,0.12167,8.34214,0.3775,7.38934,0.33333
2018-01-23,8.8771,8.75288,0.12422,8.46407,0.25377,7.54028,0.11747
2018-01-24,8.88267,8.6965,0.18617,8.38695,0.3824,7.20476,0.06137
2018-01-25,8.91637,8.70089,0.21548,8.37912,0.37156,7.2974,-0.09474
2018-01-26,8.85652,8.63397,0.22255,8.21911,0.44357,7.2559,-0.12341
2018-01-27,8.73182,8.52092,0.2109,8.11184,0.45623,6.9929,0.03796
2018-01-28,8.81463,8.61198,0.20265,8.24064,0.46932,7.28508,-0.0037
2018-01-29,8.95532,8.71989,0.23543,8.34818,0.36786,7.2,0.08139
2018-01-30,8.90829,8.69306,0.21523,8.37129,0.34852,7.21745,0.02104
2018-01-31,8.85338,8.64658,0.2068,8.3234,0.40713,7.24507,0.03356
2018-02-01,8.81996,8.64806,0.1719,8.34635,0.32374,7.08895,0.17578
2018-02-02,8.80538,8.59331,0.21206,8.24699,0.36823,7.0314,0.19844
2018-02-03,8.71932,8.48773,0.23159,8.08355,0.46688,6.98511,0.14659
2018-02-04,8.7344,8.55504,0.17936,8.19445,0.401,7.11658,0.15234
2018-02-05,8.86007,8.66097,0.1991,8.32551,0.3337,7.19748,0.07004
2018-02-06,8.87905,8.69588,0.18317,8.36713,0.37561,7.17655,0.00429
2018-02-07,8.87515,8.68921,0.18594,8.40614,0.32601,7.09251,0.09967
2018-02-08,8.82659,8.67958,0.14701,8.42065,0.28815,7.04193,0.08817
2018-02-09,8.81463,8.61719,0.19743,8.32061,0.31348,7.03798,0.03868
2018-02-10,8.73569,8.51795,0.21773,8.16699,0.39268,6.97127,0.03361
2018-02-11,8.76296,8.55065,0.21231,8.25337,0.41603,7.13657,0.12746
2018-02-12,8.97069,8.68904,0.28165,8.4002,0.36416,7.28717,-0.09574
2018-02-13,9.12347,8.8043,0.31917,8.41211,0.36791,7.2302,-0.02234
2018-02-14,8.80627,8.69502,0.11125,8.35772,0.33124,7.18146,0.04256
2018-02-15,8.84347,8.6839,0.15957,8.36854,0.37531,7.08283,0.1819
2018-02-16,8.93102,8.61009,0.32093,8.3346,0.38243,7.05114,0.07736
2018-02-17,8.69517,8.48784,0.20733,8.18996,0.4209,6.94306,0.166
2018-02-18,8.7413,8.53339,0.2079,8.3332,0.40265,7.38419,-0.00956
2018-02-19,8.83826,8.63077,0.20749,8.44334,0.38252,7.19654,0.07794
2018-02-20,8.94988,8.69588,0.254,8.49476,0.33607,7.31491,-0.01444
2018-02-21,8.87571,8.67131,0.2044,8.52468,0.35521,7.2071,0.02128
2018-02-22,8.85638,8.64511,0.21127,8.54296,0.37917,7.12641,0.16797
2018-02-23,8.80657,8.59688,0.20969,8.29947,0.40038,7.04075,-0.02414
2018-02-24,8.73456,8.4654,0.26916,8.19955,0.38605,6.98889,0.11526
2018-02-25,8.81789,8.60781,0.21008,8.39846,0.32623,7.25932,0.04183
2018-02-26,9.072,8.75579,0.31621,8.47463,0.34474,7.28328,-0.01436
2018-02-27,8.88239,8.75546,0.12694,8.48589,0.41042,7.16967,0.08945
2018-02-28,8.86319,8.71084,0.15235,8.49801,0.40635,7.30445,0.0061
2018-03-01,8.86616,8.62212,0.24404,8.46797,0.35126,7.1494,0.07971
2018-03-02,8.82468,8.57717,0.24751,8.28408,0.392,7.01571,0.0752
2018-03-03,8.75983,8.49671,0.26311,8.18911,0.39349,7.1152,-0.01188
2018-03-04,8.83506,8.63647,0.19859,8.3541,0.36701,7.18019,0.20442
2018-03-05,8.93538,8.7755,0.15988,8.48129,0.36477,7.0987,0.11433
2018-03-06,8.95905,8.84318,0.11587,8.57235,0.39732,7.3115,-0.04467
2018-03-07,8.90041,8.76414,0.13627,8.52357,0.4561,7.15428,0.16625
2018-03-08,8.89768,8.66204,0.23564,8.44619,0.53436,7.07538,0.1501
2018-03-09,8.81819,8.61044,0.20774,8.34028,0.53109,7.05771,0.25017
2018-03-10,8.97348,8.76639,0.20709,8.19459,0.52636,7.01771,0.05386
2018-03-11,8.82659,8.67862,0.14796,8.5334,0.378,7.41858,0.12469
2018-03-12,9.02329,8.76063,0.26266,8.63343,0.55558,7.23181,0.05026
2018-03-13,8.97727,8.71864,0.25863,8.63455,0.62191,7.17167,0.28824
2018-03-14,8.95416,8.70009,0.25407,8.62616,0.59482,7.13699,0.13402
2018-03-15,8.89987,8.74395,0.15592,8.57298,0.58016,7.11925,0.09893
2018-03-16,8.83069,8.61137,0.21932,8.39367,0.60274,7.15723,0.09624
2018-03-17,8.70616,8.56248,0.14368,8.16411,0.6228,7.06118,0.20425
2018-03-18,8.88489,8.62663,0.25826,8.31498,0.68636,7.17169,0.15675
2018-03-19,8.96149,8.76139,0.20011,8.56968,0.61647,8.01731,-0.48576
2018-03-20,8.93274,8.71841,0.21433,8.60018,0.61584,7.35005,-0.11732
2018-03-21,8.95053,8.76185,0.18869,8.59997,0.5917,7.25154,0.01459
2018-03-22,8.94885,8.718,0.23085,8.54844,0.63165,7.33824,-0.13706
2018-03-23,9.00565,8.70799,0.29766,8.38589,0.62613,7.17887,0.1945
2018-03-24,8.88834,8.61816,0.27018,8.20258,0.59572,6.96721,0.35662
2018-03-25,8.89289,8.61814,0.27475,8.22483,0.74178,7.07027,0.14203
2018-03-26,8.93314,8.79028,0.14285,8.37371,0.74408,7.10458,0.06708
2018-03-27,9.08376,8.75435,0.3294,8.38746,0.8419,7.35987,-0.04066
2018-03-28,9.06126,8.71851,0.34275,8.27077,0.72996,7.13034,0.09369
2018-03-29,8.95248,8.6658,0.28668,8.14961,0.60439,6.97447,0.16122
2018-03-30,8.84865,8.60215,0.2465,8.16964,0.53751,7.03267,0.17371
2018-03-31,8.817,8.72532,0.09169,8.17922,0.57114,6.85989,0.16831
2018-04-01,8.91798,8.69572,0.22226,8.27138,0.51935,7.09922,0.18903
2018-04-02,8.95118,8.77527,0.17591,8.51277,0.58697,7.23277,0.10091
2018-04-03,8.96929,8.71188,0.25741,8.5495,0.62873,7.11198,0.09884
2018-04-04,8.94975,8.69957,0.25019,8.57385,0.55279,7.08542,0.0574
2018-04-05,8.91985,8.69235,0.2275,8.61613,0.53052,7.35451,-0.01498
2018-04-06,8.83971,8.63499,0.20472,8.51786,0.48287,7.11823,0.17478
2018-04-07,8.76639,8.54117,0.22522,8.46749,0.34207,6.89399,0.08048
2018-04-08,8.86446,8.65984,0.20462,8.54378,0.53303,6.99639,0.16601
2018-04-09,8.9517,8.73284,0.21886,8.70409,0.52752,7.11345,-0.01838
2018-04-10,8.94063,8.69477,0.24586,8.77171,0.50452,7.07906,0.19542
2018-04-11,8.95079,8.71031,0.24048,8.75754,0.50899,7.16336,-0.02687
2018-04-12,8.9359,8.69938,0.23652,8.73605,0.52184,7.05502,-0.02681
2018-04-13,8.79194,8.62638,0.16557,8.56278,0.48351,7.03507,0.11092
2018-04-14,8.9882,8.66326,0.32493,8.38032,0.48753,6.89111,-0.00765
2018-04-15,8.85409,8.5884,0.2657,8.55813,0.5406,7.08009,0.09386
2018-04-16,8.93366,8.81816,0.11551,8.74119,0.52079,7.10235,0.04835
2018-04-17,8.94559,8.8067,0.1389,8.72186,0.55174,7.1705,0.02243
2018-04-18,8.89645,8.7592,0.13725,8.71729,0.61933,7.01371,0.12674
2018-04-19,8.91945,8.67233,0.24712,8.67118,0.55365,7.00174,0.05788
2018-04-20,8.86263,8.61833,0.2443,8.48623,0.57305,6.8404,0.23626
2018-04-21,8.70384,8.47098,0.23286,8.31188,0.50704,6.78346,0.04092
2018-04-22,8.82144,8.59442,0.22701,8.49789,0.55673,7.00807,0.13476
2018-04-23,8.9684,8.76786,0.20054,8.64456,0.55795,7.21318,0.05505
2018-04-24,8.89714,8.73884,0.15829,8.67525,0.54207,7.10005,0.09438
2018-04-25,9.03837,8.77248,0.26588,8.64494,0.56159,7.12489,0.1035
2018-04-26,8.88917,8.65838,0.23079,8.65382,0.48909,7.01291,0.09041
2018-04-27,8.78554,8.55047,0.23507,8.37005,0.57476,6.94859,0.03242
2018-04-28,8.60227,8.33893,0.26334,8.1573,0.5372,6.67727,0.26295
2018-04-29,8.70268,8.48119,0.22148,8.29033,0.52236,6.89433,0.13476
2018-04-30,8.87094,8.67168,0.19926,8.3783,0.59771,6.88735,0.1893
2018-05-01,8.91005,8.67871,0.23134,8.50697,0.54811,7.13739,0.16578
2018-05-02,8.92146,8.70029,0.22117,8.59894,0.53538,7.064,0.0352
2018-05-03,8.86291,8.73535,0.12756,8.58675,0.55166,7.03788,0.06627
2018-05-04,8.86121,8.6792,0.18201,8.43676,0.54127,6.86773,0.18413
2018-05-05,8.8124,8.81389,-0.0015,8.25776,0.56486,6.78026,0.23366
2018-05-06,8.83841,9.09483,-0.25643,8.4607,0.60819,6.93428,0.16904
2018-05-07,8.98193,9.14363,-0.1617,8.62728,0.6009,7.07997,0.08397
2018-05-08,8.97196,8.81505,0.15691,8.67203,0.58672,7.00962,0.16127
2018-05-09,8.99628,8.73727,0.25901,8.61518,0.65447,6.94006,0.23849
2018-05-10,8.93696,8.68837,0.24859,8.5968,0.63803,6.94282,0.21725
2018-05-11,8.84477,8.62162,0.22315,8.40076,0.62866,6.79801,0.20597
2018-05-12,8.71045,8.53622,0.17424,8.2056,0.57733,6.80708,0.18133
2018-05-13,8.7924,8.5902,0.2022,8.30724,0.68817,7.06364,0.12477
2018-05-14,8.99268,8.92669,0.06599,8.64502,0.54409,7.16735,0.16633
2018-05-15,8.97601,8.76176,0.21425,8.64993,0.55409,7.13036,0.19742
2018-05-16,8.99777,8.74533,0.25244,8.6616,0.53848,7.18281,0.11902
2018-05-17,8.9933,8.78625,0.20705,8.65795,0.53474,7.06248,0.12139
2018-05-18,8.98457,8.72894,0.25563,8.47718,0.50387,7.01169,0.18799
2018-05-19,8.84549,8.54709,0.2984,8.28039,0.49469,6.85666,0.08936
2018-05-20,8.94949,8.71415,0.23535,8.46514,0.56512,7.05512,0.0948
2018-05-21,9.10753,8.87212,0.23541,8.71423,0.52635,7.26696,0.11765
2018-05-22,9.13443,8.82684,0.30759,8.7451,0.46594,7.1589,0.17934
2018-05-23,9.063,8.76932,0.29368,8.72543,0.47213,7.18375,0.18962
2018-05-24,9.02966,8.73525,0.29441,8.63803,0.42044,7.10763,0.22015
2018-05-25,8.98168,8.65198,0.3297,8.45157,0.57376,7.03449,0.22954
2018-05-26,8.83957,8.56695,0.27262,8.38486,0.5191,6.95355,0.12984
2018-05-27,8.88461,8.67554,0.20907,8.69423,0.33937,7.24636,0.05006
2018-05-28,9.01663,8.78717,0.22946,8.84149,0.39618,7.24772,0.07809
2018-05-29,9.12271,8.7902,0.33251,8.82649,0.53417,7.17935,0.23402
2018-05-30,9.16879,8.77152,0.39727,8.76456,0.55481,7.15946,0.17618
2018-05-31,9.07727,8.75346,0.32381,8.83726,0.56988,7.12428,0.20218
2018-06-01,8.99467,8.64202,0.35265,8.54757,0.44063,7.11063,0.32067
2018-06-02,8.94324,8.59919,0.34405,8.31984,0.46967,7.08575,0.2025
2018-06-03,9.0437,8.69786,0.34583,8.52636,0.52931,7.30967,0.24885
2018-06-04,9.17709,8.84973,0.32736,8.73474,0.48098,7.37699,0.11633
2018-06-05,9.15398,8.84029,0.31369,8.74759,0.49299,7.34877,0.1384
2018-06-06,9.29844,8.80379,0.49465,8.75205,0.49414,7.34598,0.26041
2018-06-07,9.26974,8.83578,0.43396,8.74856,0.47844,7.43004,0.1527
2018-06-08,9.27021,8.83249,0.43773,8.6584,0.45223,7.48375,0.20241
2018-06-09,9.22405,8.68784,0.53621,8.38063,0.52237,7.08843,0.18257
2018-06-10,9.3974,8.803,0.5944,8.56074,0.549,7.39438,0.31538
2018-06-11,9.27744,8.92429,0.35315,8.82621,0.5105,7.52579,0.13856
2018-06-12,9.2363,8.92595,0.31035,8.86374,0.49304,7.54077,0.21243
2018-06-13,9.39241,9.02003,0.37238,8.82043,0.49021,7.59713,0.22971
2018-06-14,9.59179,9.19678,0.395,8.85942,0.51923,7.76025,0.13556
2018-06-15,9.6824,9.57993,0.10248,9.00683,0.23598,8.51582,-0.18351
2018-06-16,10.8595,9.32261,1.53688,8.76121,0.9838,8.18536,1.43378
2018-06-17,9.93251,9.46669,0.46582,9.0135,0.33938,8.30932,0.14323
2018-06-18,9.66173,9.33063,0.3311,9.03091,0.46933,8.11861,-0.03806
2018-06-19,9.54959,9.52978,0.01982,8.98018,0.3816,8.19348,-0.25825
2018-06-20,9.70473,9.74906,-0.04433,9.09403,0.33753,8.64672,-0.23978
2018-06-21,10.85536,9.43641,1.41895,8.91896,0.88802,8.35164,1.48517
2018-06-22,10.34236,9.34758,0.99477,8.82776,0.65245,8.06558,0.62271
2018-06-23,9.72143,9.14103,0.5804,8.50703,0.57297,7.52124,0.22636
2018-06-24,9.74014,9.68031,0.05983,8.92036,0.33887,8.97418,-0.53539
2018-06-25,9.80725,9.88238,-0.07513,9.1642,0.29105,9.01369,-0.54275
2018-06-26,10.81631,9.51872,1.29759,8.91475,0.85309,8.53993,1.43825
2018-06-27,10.33783,9.49591,0.84193,8.90568,0.5857,8.19515,0.42279
2018-06-28,9.78442,9.61941,0.16501,8.94122,0.471,8.3622,-0.29004
2018-06-29,9.79423,9.41907,0.37516,8.62541,0.54317,7.73984,-0.02785
2018-06-30,11.04623,10.37314,0.67308,9.27411,0.31795,9.91835,0.2458
2018-07-01,10.20263,9.99895,0.20368,9.0992,0.26412,8.78488,-0.14441
2018-07-02,9.88685,9.91556,-0.02871,9.14411,0.19796,8.61955,-0.4685
2018-07-03,9.66523,10.20362,-0.53839,9.21964,0.09191,9.32114,-0.94667
2018-07-04,9.4714,9.7994,-0.32801,9.05673,0.26157,8.41689,-0.71073
2018-07-05,9.40591,9.5662,-0.16029,8.87858,0.27793,8.07125,-0.45349
2018-07-06,9.79267,10.26861,-0.47594,9.39453,-0.1524,9.43998,-0.59824
2018-07-07,9.47009,9.55832,-0.08823,8.79016,0.23662,8.20512,0.01582
2018-07-08,9.30919,9.29367,0.01552,8.64905,0.32607,7.78541,0.02047
2018-07-09,9.50301,9.1687,0.33431,8.69386,0.55493,7.59091,-0.03187
2018-07-10,9.34277,9.15724,0.18553,8.73275,0.45565,7.66507,-0.18521
2018-07-11,9.41214,9.25008,0.16206,8.8973,0.23831,7.62173,-0.08537
2018-07-12,9.24764,9.32289,-0.07525,8.81137,0.27295,7.58456,-0.26867
2018-07-13,9.09066,9.02442,0.06624,8.52649,0.33288,7.36404,-0.17035
2018-07-14,9.0477,8.93368,0.11403,8.29497,0.39348,7.28579,-0.0906
2018-07-15,9.40739,9.2984,0.10898,8.60388,0.41154,7.58684,0.15686
2018-07-16,9.19502,9.02826,0.16677,8.48809,0.48298,7.3418,0.01511
2018-07-17,9.07223,8.91461,0.15762,8.45118,0.44883,7.15091,0.11592
2018-07-18,8.99578,8.84966,0.14613,8.48722,0.40126,7.17809,0.00957
2018-07-19,8.94598,8.85217,0.09381,8.41089,0.41482,7.02429,0.05405
2018-07-20,8.96852,8.81046,0.15806,8.32796,0.34229,7.10794,0.00764
2018-07-21,8.79891,8.67607,0.12284,8.19277,0.42354,7.09231,0.32467
2018-07-22,8.90069,8.75501,0.14568,8.35059,0.43556,7.23293,0.04363
2018-07-23,9.02244,8.79881,0.22363,8.48055,0.42408,7.13887,0.03048
2018-07-24,8.86757,8.70346,0.16411,8.47216,0.43653,6.99818,0.08185
2018-07-25,8.81284,8.67026,0.14258,8.45603,0.48473,6.93273,0.07848
2018-07-26,8.87599,8.73769,0.13829,8.46494,0.48857,6.96038,0.05623
2018-07-27,8.78844,8.64995,0.1385,8.31978,0.5115,6.87716,0.04549
2018-07-28,8.78294,8.58637,0.19657,8.15603,0.57418,7.04021,-0.01734
2018-07-29,8.82571,8.66326,0.16245,8.29175,0.5439,6.99723,0.02117
2018-07-30,8.83536,8.77365,0.06171,8.41401,0.48967,6.948,0.08727
2018-07-31,8.82129,8.65845,0.16284,8.4309,0.46842,6.94067,0.02818
2018-08-01,8.99888,8.72363,0.27525,8.40877,0.43441,6.88822,0.1239
2018-08-02,8.7892,8.6205,0.1687,8.40614,0.42192,6.87443,0.01923
2018-08-03,8.73279,8.57126,0.16153,8.24908,0.46252,6.84046,0.16623
2018-08-04,8.71964,8.54735,0.17229,8.09478,0.41438,6.83688,0.0435
2018-08-05,8.82849,8.71797,0.11052,8.28253,0.46004,7.30696,-0.06847
2018-08-06,8.81314,8.71175,0.10139,8.41202,0.43548,7.06017,-0.01701
2018-08-07,9.06924,8.79548,0.27376,8.54919,0.38645,7.20318,-0.08354
2018-08-08,8.82482,8.61534,0.20948,8.51536,0.48611,7.21957,-0.13534
2018-08-09,9.0517,8.67548,0.37621,8.44432,0.64419,7.44114,-0.05591
2018-08-10,8.89316,8.63375,0.25941,8.36539,0.54141,7.19745,-0.15954
2018-08-11,8.74942,8.53652,0.21289,8.48297,0.42261,6.98092,0.05874
2018-08-12,8.83855,8.63522,0.20333,8.29688,0.46169,7.07473,-0.05365
2018-08-13,8.91852,8.76568,0.15284,8.45257,0.48228,7.1296,-0.0271
2018-08-14,8.9439,8.645,0.29889,8.45787,0.50721,7.03394,0.05697
2018-08-15,8.91032,8.65268,0.25764,8.44759,0.47839,7.18065,-0.05376
2018-08-16,8.99616,8.74359,0.25257,8.59112,0.29016,7.01132,0.0543
2018-08-17,8.7892,8.62766,0.16154,8.27726,0.41523,6.96925,0.03017
2018-08-18,8.73037,8.55072,0.17965,8.08183,0.49439,7.04549,-0.09755
2018-08-19,8.82144,8.62842,0.19301,8.27618,0.41176,7.15319,0.0223
2018-08-20,8.92426,8.68257,0.24168,8.44021,0.42538,7.13721,0.02828
2018-08-21,8.98757,8.7234,0.26417,8.52625,0.42519,7.15746,0.04446
2018-08-22,8.9606,8.78127,0.17933,8.52085,0.43084,7.12428,0.68323
2018-08-23,9.14067,8.74074,0.39993,8.50753,0.47062,7.06934,0.30026
2018-08-24,8.87892,8.68648,0.19244,8.37157,0.4885,7.04742,0.14401
2018-08-25,8.88738,8.68083,0.20655,8.2267,0.41624,7.34951,-0.07781
2018-08-26,8.8771,8.72371,0.15339,8.36145,0.44826,7.0953,0.01212
2018-08-27,8.93906,8.74877,0.19029,8.5123,0.44663,7.1448,-0.03983
2018-08-28,8.98944,8.74953,0.23991,8.55534,0.4428,7.03775,0.14536
2018-08-29,9.06797,8.73696,0.33101,8.5336,0.46898,7.07488,0.20167
2018-08-30,9.32946,8.79551,0.53395,8.50605,0.58303,7.0797,0.50862
2018-08-31,9.1691,8.66977,0.49934,8.34038,0.60652,7.00031,0.37244
2018-09-01,8.91905,8.48918,0.42988,8.13079,0.64275,6.90379,0.1446
2018-09-02,8.87766,8.6528,0.22486,8.28136,0.59741,7.02422,0.16495
2018-09-03,9.13043,8.78515,0.34528,8.52877,0.52363,7.19096,0.14206
2018-09-04,9.34601,8.86129,0.48472,8.52445,0.57004,7.10136,0.43126
2018-09-05,9.22739,8.89158,0.33582,8.5193,0.51024,7.02104,0.18087
2018-09-06,8.96801,8.77432,0.19369,8.56519,0.4523,7.09345,-0.02357
2018-09-07,8.97132,8.74673,0.22459,8.42498,0.43935,7.03839,0.12323
2018-09-08,8.97043,8.65904,0.31139,8.32639,0.35258,6.98562,0.01563
2018-09-09,9.19918,8.6448,0.55438,8.3328,0.46202,7.40052,0.09391
2018-09-10,9.07234,8.75474,0.3176,8.45133,0.43646,7.09839,0.10576
2018-09-11,8.97677,8.80359,0.17318,8.4929,0.40053,7.20644,0.01613
2018-09-12,8.96648,8.77521,0.19127,8.47115,0.48701,7.11491,0.11492
2018-09-13,8.88834,8.73658,0.15177,8.36279,0.49785,7.06375,0.08695
2018-09-14,8.82497,8.77869,0.04628,8.23623,0.46112,6.89882,0.10516
2018-09-15,8.80687,8.59935,0.20753,8.11477,0.49446,6.88582,0.06019
2018-09-16,8.81671,8.74059,0.07612,8.28799,0.51031,7.10018,0.3162
2018-09-17,8.91516,8.75956,0.1556,8.4266,0.50983,7.05545,0.25242
2018-09-18,8.9161,8.73163,0.18448,8.51131,0.38746,7.00051,0.16961
2018-09-19,8.92917,8.75574,0.17344,8.46377,0.41151,7.04191,0.06797
2018-09-20,9.03599,8.70604,0.32995,8.36101,0.51218,6.88466,0.14443
2018-09-21,9.10075,8.82999,0.27076,8.22759,0.42028,6.91249,0.03736
2018-09-22,8.69031,8.68929,0.00101,8.11042,0.44465,6.78403,0.06291
2018-09-23,8.82144,8.54794,0.2735,8.24136,0.54111,7.00541,0.09626
2018-09-24,9.14602,8.7687,0.37731,8.45855,0.36407,6.90458,0.45234
2018-09-25,8.92306,8.73646,0.18659,8.52202,0.4098,6.96191,0.33247
2018-09-26,8.95079,8.68859,0.2622,8.51846,0.43905,6.85018,0.22563
2018-09-27,8.92479,8.65543,0.26936,8.46229,0.42825,6.81509,0.30374
2018-09-28,8.86376,8.61241,0.25135,8.28743,0.47725,6.74961,0.2616
2018-09-29,8.68862,8.54129,0.14733,8.12803,0.45739,7.13926,-0.25683
2018-09-30,8.82365,8.61832,0.20533,8.32597,0.49429,6.94645,0.13274
2018-10-01,9.12576,8.8602,0.26556,8.56908,0.38003,7.07033,-0.01847
2018-10-02,8.92705,8.71615,0.2109,8.58502,0.40803,7.07963,-0.04965
2018-10-03,8.97753,8.69368,0.28384,8.57156,0.37885,6.96782,0.25474
2018-10-04,8.98407,8.67071,0.31336,8.49795,0.46226,6.9877,0.14639
2018-10-05,8.95364,8.68166,0.27198,8.35577,0.41916,6.87925,0.16566
2018-10-06,8.98732,8.50327,0.48405,8.16123,0.48048,6.95216,0.07338
2018-10-07,8.97145,8.61747,0.35398,8.42523,0.45522,7.21212,0.16062
2018-10-08,9.04133,8.86165,0.17968,8.67166,0.355,7.21671,0.00293
2018-10-09,9.00491,8.78588,0.21904,8.62552,0.43318,7.03982,0.06924
2018-10-10,9.01238,8.71588,0.29649,8.60316,0.47696,7.0426,0.10496
2018-10-11,9.00859,8.70294,0.30565,8.58428,0.55156,7.04066,0.00598
2018-10-12,8.96763,8.81183,0.1558,8.53458,0.45922,6.89085,0.10033
2018-10-13,8.79981,8.5027,0.29712,8.25096,0.50178,6.7675,0.15318
2018-10-14,8.88793,8.57105,0.31688,8.32033,0.57626,6.90966,0.1994
2018-10-15,8.99343,8.68359,0.30984,8.48791,0.53502,6.90463,0.1644
2018-10-16,9.09706,8.78467,0.31239,8.61019,0.49067,6.997,0.08722
2018-10-17,9.03694,8.90305,0.13388,8.64643,0.42131,7.01838,0.14866
2018-10-18,8.98357,8.79332,0.19025,8.57384,0.50011,7.02677,-0.02008
2018-10-19,8.86574,8.65041,0.21533,8.3883,0.40865,6.90897,0.04089
2018-10-20,8.75195,8.50975,0.2422,8.18368,0.44255,6.90189,0.09662
2018-10-21,8.85066,8.61409,0.23657,8.37734,0.44351,7.22485,-0.12648
2018-10-22,8.93472,8.75265,0.18206,8.59914,0.37091,7.24743,-0.07731
2018-10-23,8.97954,8.7617,0.21785,8.62637,0.42767,7.04396,0.11456
2018-10-24,8.9717,8.77984,0.19186,8.61008,0.42614,7.04891,0.05441
2018-10-25,8.90109,8.73082,0.17028,8.53131,0.41936,7.02116,0.12245
2018-10-26,8.93208,8.82585,0.10623,8.33798,0.43695,7.1106,-0.06483
2018-10-27,8.69383,8.53081,0.16302,8.16827,0.38177,7.12061,0.2052
2018-10-28,9.07966,8.73353,0.34614,8.56695,0.22727,7.35079,0.04001
2018-10-29,9.05263,9.08517,-0.03254,8.83919,0.14123,7.82495,-0.4952
2018-10-30,9.01018,8.91136,0.09882,8.65839,0.35776,7.65346,-0.42797
2018-10-31,8.90517,8.74206,0.16312,8.45086,0.43056,7.33292,-0.21086
2018-11-01,8.93498,8.70972,0.22526,8.3652,0.45225,7.39216,-0.15367
2018-11-02,8.84333,8.67078,0.17254,8.26903,0.42948,7.30374,-0.15383
2018-11-03,8.72046,8.54674,0.17372,8.13923,0.43245,7.09185,-0.05658
2018-11-04,8.87529,8.63386,0.24142,8.30163,0.5018,7.26418,0.00892
2018-11-05,8.94403,8.72248,0.22155,8.47862,0.49626,7.19823,-0.06573
2018-11-06,8.91274,8.68289,0.22985,8.56049,0.47514,7.21748,-0.00814
2018-11-07,8.87571,8.64844,0.22727,8.53163,0.46774,7.14833,-0.0295
2018-11-08,8.87892,8.65623,0.22268,8.48307,0.47393,7.11649,0.00152
2018-11-09,8.84923,8.59431,0.25492,8.31169,0.50664,7.00441,-0.03087
2018-11-10,8.85452,8.50687,0.34765,8.13399,0.60602,6.98784,0.11795
2018-11-11,8.97929,8.58092,0.39837,8.29379,0.72539,7.25096,0.15999
2018-11-12,8.96929,8.69074,0.27854,8.45934,0.57902,7.23166,0.16957
2018-11-13,8.99504,8.74289,0.25215,8.52418,0.50332,7.15867,0.00527
2018-11-14,8.9597,8.70253,0.25717,8.95476,0.24037,7.20015,0.09897
2018-11-15,8.93735,8.65957,0.27778,8.74695,0.29981,7.17299,0.01391
2018-11-16,8.89686,8.65307,0.24379,8.73374,0.31267,7.08949,0.09286
2018-11-17,9.12031,8.57514,0.54516,8.16446,0.57795,7.1245,0.34572
2018-11-18,9.16743,8.66053,0.5069,8.25394,0.43922,7.19941,0.29224
2018-11-19,9.08376,8.66297,0.42078,8.45096,0.43532,7.15439,0.25958
2018-11-20,9.23044,8.86896,0.36147,8.54939,0.40876,7.14663,0.08031
2018-11-21,9.00957,8.71931,0.29026,8.46781,0.55968,7.28076,-0.08407
2018-11-22,8.87052,8.66683,0.20369,8.44277,0.50073,7.11718,0.0735
2018-11-23,8.86658,8.55997,0.30661,8.26288,0.51899,6.99186,0.27427
2018-11-24,9.0305,8.52527,0.50523,8.11082,0.71268,7.00277,0.41301
2018-11-25,9.10809,8.68791,0.42018,8.25065,0.6756,7.24962,0.59305
2018-11-26,9.12402,8.69832,0.4257,8.42701,0.67519,7.26087,0.2861
2018-11-27,9.10598,8.74173,0.36425,8.46791,0.54678,7.16864,0.26857
2018-11-28,9.1093,8.74434,0.36497,8.44284,0.6051,7.10735,0.39429
2018-11-29,9.29734,8.7278,0.56954,8.34378,0.69352,7.23016,0.625
2018-11-30,9.72352,8.67759,1.04594,8.19138,0.87809,7.0939,1.14516
2018-12-01,9.49251,8.6832,0.80931,8.06376,0.80423,6.96616,1.04751
2018-12-02,9.36939,8.61847,0.75093,8.15064,0.72521,7.24693,0.59338
2018-12-03,9.22769,8.72604,0.50165,8.28801,0.6094,7.13882,0.37435
2018-12-04,9.07749,8.6793,0.39819,8.25498,0.57819,7.13508,0.26187
2018-12-05,9.05134,8.67149,0.37985,8.18733,0.59022,7.10255,0.2441
2018-12-06,8.97816,8.63791,0.34025,8.14431,0.60764,6.99587,0.18573
2018-12-07,8.92372,8.54104,0.38269,8.54271,0.14422,7.0447,0.09417
2018-12-08,8.92625,8.47514,0.45111,7.93089,0.69462,6.95766,0.11645
2018-12-09,9.2189,8.60761,0.61129,8.12057,1.08596,7.22345,0.68162
2018-12-10,9.13465,8.69441,0.44024,8.1712,0.74517,7.20599,0.33463
2018-12-11,9.01079,8.6571,0.35369,8.12404,0.63469,7.12331,0.17581
2018-12-12,9.00737,8.66799,0.33937,8.09166,0.57791,7.17219,0.00864
2018-12-13,8.91086,8.64162,0.26924,8.06493,0.57058,7.0584,0.06527
2018-12-14,8.85652,8.49929,0.35723,7.92155,0.58337,6.96574,0.11429
2018-12-15,8.76515,8.43108,0.33407,7.7595,0.58928,6.87144,0.08796
2018-12-16,8.84333,8.4988,0.34453,7.88465,0.55717,7.04155,0.04519
2018-12-17,8.90055,8.65966,0.24088,8.05465,0.62057,7.19053,-0.08228
2018-12-18,8.88516,8.64844,0.23673,7.97117,0.58774,7.04337,0.20939
2018-12-19,8.81789,8.53732,0.28057,7.85308,0.55296,6.93395,0.0349
2018-12-20,8.77462,8.63581,0.13882,7.82661,0.52618,6.8601,0.05562
2018-12-21,8.67386,8.4379,0.23596,7.74303,0.574,6.87415,0.06122
2018-12-22,8.62137,8.37017,0.2512,7.67091,0.54544,6.80565,-0.07344
2018-12-23,8.69182,8.41139,0.28043,7.70865,0.5104,6.9487,0.12032
2018-12-24,8.67334,8.40415,0.2692,7.67268,0.59811,6.92057,0.11558
2018-12-25,8.72062,8.41053,0.3101,7.69747,0.51047,7.03786,0.19632
2018-12-26,8.78676,8.50663,0.28014,7.83707,0.59696,7.07231,0.1311
2018-12-27,8.7592,8.53723,0.22197,7.85232,0.47032,7.05154,-0.03852
2018-12-28,8.76077,8.59334,0.16743,7.83176,0.43389,6.99394,0.04659
2018-12-29,8.72632,8.56555,0.16077,7.81421,0.42907,7.00912,0.07929
2018-12-30,8.83332,8.60447,0.22884,7.92622,0.46427,7.10029,0.04648
2018-12-31,8.76608,8.5235,0.24258,7.81187,0.49336,6.95728,0.26528
2019-01-01,8.7774,8.7386,0.0388,8.07573,0.28364,7.30195,-0.02817
2019-01-02,8.87585,8.80962,0.06623,8.22614,0.24102,7.75496,-0.47289
2019-01-03,8.93116,8.77303,0.15812,8.14889,0.31384,7.33514,-0.08308
2019-01-04,9.09661,8.71154,0.38507,8.08216,0.34379,7.6085,-0.35928
2019-01-05,8.97132,8.68628,0.28504,8.07141,0.40245,7.22354,-0.00683
2019-01-06,9.13335,8.71497,0.41839,8.02865,0.46712,7.27987,0.11463
2019-01-07,9.01286,8.73194,0.28093,8.13155,0.45199,7.27137,-0.01437
2019-01-08,8.94442,8.7688,0.17562,8.1799,0.40383,7.24724,0.0693
2019-01-09,8.92359,8.70192,0.22167,8.19431,0.43746,7.20281,0.01243
2019-01-10,8.92372,8.77777,0.14595,8.2323,0.42047,7.38485,-0.09592
2019-01-11,8.91086,8.6873,0.22356,8.16986,0.40786,7.13833,0.03487
2019-01-12,8.97284,8.65981,0.31303,8.03789,0.40414,7.25342,-0.02431
2019-01-13,9.06277,8.78071,0.28205,8.28533,0.30993,7.34816,0.11348
2019-01-14,9.03193,8.74278,0.28915,8.2164,0.45042,7.29604,0.01718
2019-01-15,8.96585,8.74478,0.22107,8.2378,0.43725,7.25053,0.08901
2019-01-16,8.99281,8.78677,0.20604,8.24898,0.4247,7.23272,0.12484
2019-01-17,8.99838,8.74179,0.25659,8.25062,0.39795,7.44949,-0.18336
2019-01-18,8.89096,8.73234,0.15863,8.20916,0.35796,7.4733,-0.24419
2019-01-19,8.80463,8.61887,0.18575,8.0407,0.37158,7.54119,-0.22864
2019-01-20,8.83565,8.74189,0.09375,8.17115,0.337,7.26816,0.06355
2019-01-21,8.86064,8.69337,0.16727,8.20953,0.36423,7.23672,0.05629
2019-01-22,8.89027,8.71671,0.17356,8.24858,0.38372,7.24789,0.01404
2019-01-23,8.94102,8.79449,0.14653,8.3641,0.40214,7.37532,0.18995
2019-01-24,9.05439,8.92514,0.12924,8.48041,0.30191,7.48065,-0.00361
2019-01-25,9.04121,8.90821,0.133,8.33671,0.2972,7.44953,-0.11389
2019-01-26,8.94442,8.8407,0.10372,8.26818,0.27546,7.37178,-0.08559
2019-01-27,9.00504,8.86423,0.14081,8.25879,0.34367,7.38957,0.06977
2019-01-28,8.98782,8.87315,0.11468,8.35097,0.3437,7.37699,0.00514
2019-01-29,8.98068,8.85592,0.12476,8.37714,0.31031,7.38818,-0.05254
2019-01-30,9.0176,8.82552,0.19208,8.47033,0.18715,7.29766,-0.03084
2019-01-31,8.97436,8.84188,0.13248,8.33319,0.36232,7.26586,-0.08427
2019-02-01,8.8663,8.76122,0.10508,8.19268,0.37729,7.19313,0.0396
2019-02-02,8.81789,8.63183,0.18606,8.12251,0.36154,7.3193,-0.13771
2019-02-03,8.96329,8.76394,0.19935,8.2145,0.37446,7.40742,-0.03782
2019-02-04,9.15345,8.81487,0.33858,8.33655,0.28914,7.36875,0.02697
2019-02-05,8.93023,8.73062,0.19961,8.37139,0.30741,7.21782,0.12171
2019-02-06,8.88876,8.72957,0.15918,8.35056,0.32551,7.19214,0.04994
2019-02-07,8.91999,8.73899,0.18099,8.38064,0.32982,7.35477,-0.04355
2019-02-08,8.91409,8.68964,0.22445,8.25384,0.36663,7.12195,0.12013
2019-02-09,8.79891,8.77092,0.02799,8.09072,0.37328,7.09569,0.46335
2019-02-10,8.87487,8.75492,0.11995,8.27365,0.35669,7.35135,0.1678
2019-02-11,8.90544,8.71004,0.1954,8.33737,0.3472,7.25148,0.04426
2019-02-12,8.88834,8.73993,0.14841,8.39479,0.32501,7.26072,0.03094
2019-02-13,9.07784,8.75666,0.32118,8.35232,0.33546,7.22941,-0.02526
2019-02-14,8.79361,8.66133,0.13228,8.25111,0.32284,7.08256,0.05393
2019-02-15,8.76233,8.58441,0.17793,8.14547,0.36651,7.1302,0.00628
2019-02-16,8.80102,8.53074,0.27027,8.03769,0.34962,7.00918,0.01279
2019-02-17,8.83696,8.59909,0.23787,8.1846,0.39707,7.18861,-0.05771
2019-02-18,9.05544,8.6978,0.35764,8.30253,0.39782,7.18518,0.02342
2019-02-19,9.16754,8.78462,0.38292,8.35373,0.36868,7.22391,0.03802
2019-02-20,9.03813,8.70266,0.33547,8.37654,0.46244,7.15404,0.02298
2019-02-21,8.88378,8.66221,0.22157,8.31685,0.36857,7.27109,-0.08267
2019-02-22,8.84217,8.66774,0.17443,8.2645,0.3678,7.18687,-0.13848
2019-02-23,8.83288,8.66352,0.16936,8.23905,0.29086,7.2885,-0.18271
2019-02-24,8.91825,8.78823,0.13002,8.27799,0.35841,7.43491,-0.0609
2019-02-25,8.93234,8.75193,0.18041,8.39141,0.37857,7.63974,-0.42303
2019-02-26,8.92559,8.68839,0.2372,8.37613,0.35262,7.21336,0.05973
2019-02-27,8.88239,8.69398,0.18841,8.4876,0.24938,7.09299,0.0339
2019-02-28,8.86996,8.64417,0.22579,8.53551,0.13595,7.037,0.02861
2019-03-01,8.85095,8.60943,0.24152,8.38203,0.18775,7.36794,-0.10041
2019-03-02,8.77277,8.5137,0.25906,8.3161,0.12916,7.06577,0.04656
2019-03-03,9.09717,8.72249,0.37468,8.33612,0.24029,7.30759,-0.03449
2019-03-04,8.91032,8.78854,0.12178,8.33468,0.35697,7.16641,-0.07135
2019-03-05,8.89604,8.67751,0.21853,8.30679,0.40695,7.19542,-0.07497
2019-03-06,8.96521,8.64918,0.31603,8.37812,0.34283,7.4528,-0.39577
2019-03-07,8.89467,8.66669,0.22798,8.31201,0.41836,7.06334,-0.02632
2019-03-08,8.80087,8.58602,0.21485,8.12295,0.46768,7.09263,-0.01598
2019-03-09,8.7971,8.5918,0.20529,8.0342,0.45067,7.05028,0.06612
2019-03-10,8.80267,8.56313,0.23954,8.19009,0.43847,7.17678,0.02662
2019-03-11,8.8488,8.63033,0.21846,8.31631,0.50542,7.26606,-0.06489
2019-03-12,8.85638,8.62292,0.23346,8.38491,0.58425,7.12003,-0.00771
2019-03-13,8.85066,8.67205,0.17861,8.44141,0.56485,7.16083,0.05441
2019-03-14,8.86376,8.62928,0.23448,8.43558,0.55511,7.06495,0.00493
2019-03-15,8.75463,8.55442,0.20022,8.25973,0.58576,7.02409,0.04067
2019-03-16,8.66768,8.47285,0.19483,8.09495,0.55415,6.97946,0.0443
2019-03-17,8.88322,8.5662,0.31703,8.23904,0.67127,7.11826,0.06788
2019-03-18,8.91166,8.69158,0.22008,8.39007,0.64971,7.13721,0.14693
2019-03-19,9.14591,8.86093,0.28498,8.43658,0.66171,7.08224,0.17265
2019-03-20,8.89782,8.69511,0.20271,8.49491,0.60405,7.09714,0.03934
2019-03-21,8.88572,8.74124,0.14448,8.47299,0.63664,6.54129,0.81436
2019-03-22,8.98745,8.64224,0.3452,8.41738,0.76795,6.95202,0.04922
2019-03-23,8.9943,8.52544,0.46886,8.24565,0.5516,6.99881,0.27289
2019-03-24,9.00577,8.57067,0.4351,8.32759,0.63172,7.04502,0.16209
2019-03-25,9.03587,8.67841,0.35745,8.48969,0.66524,7.08852,0.09914
2019-03-26,8.9588,8.69027,0.26852,8.55873,0.69102,7.10187,0.19047
2019-03-27,8.93353,8.75358,0.17995,8.54748,0.62703,7.12705,-0.00741
2019-03-28,8.85266,8.63475,0.21791,8.50151,0.61661,7.08815,-0.02682
2019-03-29,8.82952,8.60372,0.22579,8.3285,0.59736,6.94882,0.04512
2019-03-30,8.7126,8.45932,0.25328,8.11479,0.58473,6.86816,0.07496
2019-03-31,8.76889,8.73697,0.03192,8.30569,0.67988,6.94461,0.27357
2019-04-01,8.92359,8.64547,0.27813,8.43855,0.57857,6.97376,0.16033
2019-04-02,8.89275,8.70863,0.18412,8.5122,0.60854,7.12864,0.08734
2019-04-03,9.09818,8.86244,0.23573,8.5211,0.63342,7.00829,0.08677
2019-04-04,9.03527,8.85283,0.18244,8.4934,0.61413,7.01408,-0.00377
2019-04-05,8.78125,8.53797,0.24328,8.32589,0.57765,6.9711,0.01084
2019-04-06,8.62927,8.43593,0.19334,8.15188,0.55461,6.72586,0.1369
2019-04-07,8.97954,8.69029,0.28925,8.34811,0.58476,7.00316,0.02858
2019-04-08,8.81833,8.75748,0.06085,8.53129,0.66353,6.96996,0.07842
2019-04-09,8.83157,8.61116,0.22041,8.57543,0.59075,7.16478,-0.06228
2019-04-10,8.80402,8.60677,0.19726,8.57956,0.7906,7.12891,-0.05903
2019-04-11,8.79649,8.61922,0.17727,8.51656,0.55968,7.07962,0.05367
2019-04-12,8.71997,8.53413,0.18584,8.28638,0.5974,7.20121,-0.22206
2019-04-13,8.67778,8.43876,0.23902,8.1078,0.51771,6.83267,0.1902
2019-04-14,8.68694,8.49697,0.18997,8.15511,0.64108,6.99114,0.08298
2019-04-15,8.72421,8.60103,0.12318,8.34836,0.62004,6.88374,-0.08023
2019-04-16,8.7892,8.55513,0.23408,8.24832,0.6659,6.84316,0.10478
2019-04-17,8.83434,8.57006,0.26428,8.14513,0.6574,6.76847,0.12214
2019-04-18,8.78844,8.52376,0.26468,8.03894,0.5591,6.731,0.07361
2019-04-19,8.70814,8.49231,0.21584,8.05904,0.58513,6.73293,0.09144
2019-04-20,8.67693,8.42859,0.24834,8.13258,0.55857,6.64643,0.0103
2019-04-21,8.71735,8.67414,0.04322,8.32134,0.56383,6.82667,0.14593
2019-04-22,8.80867,8.6344,0.17426,8.41358,0.65738,6.89805,-0.02799
2019-04-23,8.90041,8.58293,0.31748,8.48085,0.57843,6.91294,0.00377
2019-04-24,8.81626,8.59127,0.22499,8.46449,0.61767,6.81115,0.03047
2019-04-25,9.44018,8.625,0.81518,8.422,0.63717,6.82657,0.03932
2019-04-26,8.98745,8.48945,0.498,8.28454,0.62172,6.83857,0.14522
2019-04-27,8.72778,8.40234,0.32544,8.1799,0.54399,6.80141,0.12811
2019-04-28,8.82188,8.53586,0.28602,8.2556,0.60447,6.94995,0.15008
2019-04-29,9.06866,8.68885,0.37981,8.38249,0.56466,6.95853,0.13071
2019-04-30,8.89714,8.64282,0.25431,8.32267,0.51617,6.96435,0.11652
2019-05-01,8.89987,8.72479,0.17508,8.30163,0.61755,7.0715,0.09631
2019-05-02,8.89289,8.67972,0.21317,8.46059,0.59029,7.05813,0.26041
2019-05-03,8.82158,8.57488,0.2467,8.32205,0.54509,6.97667,0.04263
2019-05-04,8.6822,8.46315,0.21905,8.13745,0.55705,6.83397,0.12352
2019-05-05,8.77617,8.50231,0.27386,8.34612,0.63493,7.05825,0.14516
2019-05-06,8.86785,8.56215,0.3057,8.49055,0.5446,7.03365,0.1194
2019-05-07,8.86107,8.59391,0.26715,8.51204,0.60498,7.08771,0.50667
2019-05-08,8.90802,8.57792,0.3301,8.45065,0.65088,7.04053,0.20084
2019-05-09,8.8785,8.57871,0.29979,8.39485,0.64648,6.9625,0.1929
2019-05-10,8.77971,8.54275,0.23696,8.22211,0.59445,6.89988,0.09954
2019-05-11,8.7203,8.39644,0.32386,8.06395,0.6058,6.76195,0.1498
2019-05-12,8.79906,8.56184,0.23722,8.21427,0.71556,6.98307,0.37321
2019-05-13,8.84793,8.56933,0.2786,8.46724,0.58843,7.10534,0.02955
2019-05-14,8.83259,8.53842,0.29417,8.52529,0.52254,6.94901,0.15102
2019-05-15,8.83492,8.59272,0.2422,8.43712,0.60799,6.93459,0.13698
2019-05-16,8.82158,8.51268,0.3089,8.40154,0.57687,7.0068,0.11768
2019-05-17,8.81981,8.47962,0.3402,8.22898,0.59673,6.86241,0.22433
2019-05-18,8.68609,8.36727,0.31883,8.08913,0.60369,6.66823,0.06279
2019-05-19,8.73809,8.45102,0.28708,8.27316,0.63932,6.87663,0.05679
2019-05-20,8.8439,8.5381,0.3058,8.48398,0.61532,6.92976,0.14435
2019-05-21,8.93089,8.59123,0.33967,8.4911,0.58913,6.9458,0.11553
2019-05-22,9.09291,8.69591,0.397,8.47484,0.57896,6.94723,0.0467
2019-05-23,8.8118,8.66047,0.15133,8.44027,0.55042,6.88426,0.07513
2019-05-24,8.77678,8.48269,0.2941,8.25713,0.57063,6.77107,0.06626
2019-05-25,8.72356,8.33944,0.38412,8.12075,0.73861,6.73936,0.12862
2019-05-26,8.72209,8.43131,0.29078,8.31687,0.59412,6.98245,0.02425
2019-05-27,8.80026,8.53546,0.2648,8.46195,0.51583,6.8991,0.05745
2019-05-28,8.84044,8.60895,0.23148,8.49222,0.53696,6.91099,0.11899
2019-05-29,8.88253,8.54358,0.33895,8.50167,0.57446,6.85843,0.18473
2019-05-30,9.14761,8.57646,0.57116,8.43802,0.61871,6.85484,-0.01966
2019-05-31,8.80192,8.45233,0.34959,8.2531,0.603,6.71465,0.10427
2019-06-01,8.97702,8.66695,0.31007,8.05604,0.51961,6.7871,0.09431
2019-06-02,8.91099,8.52064,0.39035,8.24351,0.57807,6.84503,0.08154
2019-06-03,8.84405,8.56016,0.28388,8.41734,0.56986,6.89911,0.09574
2019-06-04,9.05041,8.75244,0.29797,8.44872,0.61694,6.89759,0.29535
2019-06-05,8.77848,8.5547,0.22378,8.43121,0.57811,6.90034,0.13932
2019-06-06,8.84535,8.53369,0.31166,8.45255,0.55076,6.92146,0.19412
2019-06-07,8.82321,8.51014,0.31306,8.35096,0.56111,6.82861,-0.01297
2019-06-08,9.12151,8.70407,0.41744,8.13549,0.62308,6.7336,0.00337
2019-06-09,9.04782,8.52412,0.5237,8.28976,0.56847,6.83556,0.13423
2019-06-10,8.93971,8.58409,0.35562,8.44831,0.56492,6.97679,0.47735
2019-06-11,8.87668,8.58953,0.28715,8.48517,0.55912,6.95025,0.18305
2019-06-12,8.81641,8.5463,0.27011,8.45729,0.60315,6.91401,0.1026
2019-06-13,8.84405,8.5397,0.30435,8.44091,0.53269,7.14633,-0.1524
2019-06-14,9.04014,8.50687,0.53327,8.37241,0.53181,6.87271,0.22814
2019-06-15,9.39424,8.63266,0.76158,8.41077,0.6178,6.82328,0.33446
2019-06-16,9.65124,9.21588,0.43536,8.68249,0.33427,7.78431,0.9549
2019-06-17,9.26936,8.81562,0.45374,8.66249,0.51749,7.37695,0.46297
2019-06-18,9.05017,8.69881,0.35136,8.60213,0.50063,6.99972,0.16422
2019-06-19,9.04464,8.67417,0.37047,8.62973,0.42746,6.96199,0.17926
2019-06-20,9.37518,8.68297,0.6922,8.72844,0.5325,7.20787,0.86585
2019-06-21,8.98231,8.63667,0.34564,8.54239,0.37048,6.86935,0.14546
2019-06-22,8.92678,8.62787,0.29891,8.33585,0.44494,6.86495,0.09824
2019-06-23,9.17937,8.71839,0.46098,8.49371,0.74298,7.18641,0.08181
2019-06-24,9.01554,8.75535,0.26019,8.73682,0.37624,7.30116,-0.16547
2019-06-25,8.95118,8.74844,0.20275,8.7045,0.38536,7.09182,0.01068
2019-06-26,8.87249,8.5635,0.30899,8.49724,0.48482,6.91621,0.13217
2019-06-27,8.82247,8.54043,0.28204,8.46803,0.49833,6.91902,0.11007
2019-06-28,9.22789,8.71164,0.51624,8.60819,0.49457,6.97325,0.28586
2019-06-29,9.19908,8.86862,0.33045,8.71247,0.51068,7.22876,0.16204
2019-06-30,8.96085,8.67518,0.28567,8.41281,0.54367,7.0638,0.184
2019-07-01,8.94729,8.57791,0.36938,8.45244,0.5276,7.12849,0.1446
2019-07-02,9.23298,8.67531,0.55767,8.51707,0.58279,6.93474,0.16612
2019-07-03,9.38715,8.81384,0.5733,8.616,0.55195,6.99626,0.32955
2019-07-04,8.89467,8.72358,0.17109,8.45225,0.44666,6.90819,0.17183
2019-07-05,8.81165,8.53743,0.27422,8.2658,0.46133,6.76145,0.25784
2019-07-06,9.0902,8.54604,0.54416,8.16363,0.58277,6.78363,0.27942
2019-07-07,9.08919,8.78332,0.30587,8.50385,0.27939,7.11187,0.21525
2019-07-08,9.00859,8.6869,0.32169,8.39437,0.39071,7.03083,0.15532
2019-07-09,9.11173,8.56127,0.55047,8.35826,0.79911,6.86418,0.24161
2019-07-10,9.01736,8.49928,0.51808,8.3286,0.63019,6.83734,0.10482
2019-07-11,8.8498,8.51209,0.33771,8.30153,0.56011,6.85072,0.08854
2019-07-12,9.20039,8.52696,0.67343,8.16822,0.56134,6.81926,0.44407
2019-07-13,8.77678,8.48004,0.29675,8.05007,0.5722,6.82209,0.10154
2019-07-14,8.74592,8.50062,0.2453,8.23137,0.53798,6.85664,0.40528
2019-07-15,8.98969,8.73706,0.25264,8.26391,0.52773,6.8907,-0.04057
2019-07-16,8.73922,8.56999,0.16923,8.27212,0.53371,6.80213,0.07207
2019-07-17,8.75951,8.55832,0.20119,8.26728,0.54497,6.77937,0.07814
2019-07-18,8.77059,8.55931,0.21129,8.25716,0.50314,6.78269,0.14976
2019-07-19,8.71752,8.4851,0.23242,8.16925,0.55869,6.96356,-0.01948
2019-07-20,8.78585,8.49936,0.28648,8.15547,0.4088,6.75791,0.04337
2019-07-21,8.73649,8.57411,0.16238,8.13532,0.50285,7.07719,-0.13987
2019-07-22,8.77122,8.56441,0.20681,8.28059,0.46962,7.08157,-0.24316
2019-07-23,8.75479,8.54763,0.20716,8.27416,0.53167,6.83933,-0.04586
2019-07-24,8.74926,8.59755,0.15171,8.29847,0.52606,6.7694,0.10479
2019-07-25,8.80042,8.56937,0.23105,8.23845,0.54157,6.81906,0.10752
2019-07-26,8.74719,8.45488,0.29231,8.15122,0.53875,6.81164,-0.01147
2019-07-27,8.87221,8.58395,0.28826,8.13766,0.57098,7.00039,0.03575
2019-07-28,8.92944,8.72019,0.20924,8.20891,0.50746,7.24735,-0.2785
2019-07-29,8.83579,8.70562,0.13017,8.29881,0.51848,7.10067,-0.17606
2019-07-30,9.05357,8.76804,0.28553,8.34384,0.5548,7.03832,-0.17243
2019-07-31,8.77292,8.53517,0.23775,8.34186,0.52472,6.86635,0.01403
2019-08-01,8.70699,8.51784,0.18915,8.29611,0.54346,6.73497,0.03352
2019-08-02,8.64312,8.48269,0.16043,8.16802,0.532,6.84157,-0.14083
2019-08-03,8.6505,8.42682,0.22368,7.98909,0.61519,6.83199,-0.01416
2019-08-04,8.77385,8.55626,0.21758,8.14621,0.61722,6.9354,-0.11102
2019-08-05,8.74767,8.56802,0.17965,8.27104,0.62254,6.81616,0.05078
2019-08-06,8.82571,8.74978,0.07592,8.30873,0.5781,6.87056,0.01801
2019-08-07,8.73392,8.63678,0.09713,8.43899,0.47025,6.99469,0.04234
2019-08-08,8.75385,8.58224,0.1716,8.36258,0.59441,6.89639,-0.17256
2019-08-09,8.78798,8.55689,0.2311,8.19979,0.64108,6.73161,0.05058
2019-08-10,8.89973,8.54426,0.35547,8.11647,0.62802,6.8726,-0.10067
2019-08-11,8.82644,8.73519,0.09125,8.29798,0.79841,6.8568,0.14445
2019-08-12,9.19624,8.57695,0.61929,8.45198,1.05081,6.92869,0.31625
2019-08-13,9.27594,8.53109,0.74485,8.41636,0.85874,6.95405,0.6568
2019-08-14,9.05369,8.50734,0.54634,8.36511,0.77019,6.88305,0.42817
2019-08-15,8.88031,8.48993,0.39037,8.31818,0.74656,6.89234,0.16124
2019-08-16,8.86036,8.5597,0.30066,8.2218,0.69014,6.79853,0.31135
2019-08-17,8.80687,8.38906,0.41781,8.06513,0.69077,6.69815,0.30583
2019-08-18,8.84693,8.53815,0.30878,8.1607,0.70108,6.80532,0.38686
2019-08-19,8.89192,8.67539,0.21653,8.3175,0.66456,6.82094,0.39723
2019-08-20,8.88903,8.61646,0.27257,8.39158,0.66187,6.83504,0.43875
2019-08-21,8.85638,8.84619,0.01019,8.48521,0.49798,6.94141,0.31064
2019-08-22,8.93208,8.75338,0.1787,8.53387,0.45019,6.998,0.20168
2019-08-23,8.82438,8.76145,0.06293,8.38449,0.44459,7.09042,0.16305
2019-08-24,8.72095,8.6546,0.06635,8.22049,0.46999,7.15143,-0.03585
2019-08-25,8.8835,8.73282,0.15068,8.43391,0.44862,7.16876,-0.10829
2019-08-26,8.89275,8.7773,0.11545,8.4756,0.51234,7.20047,0.09255
2019-08-27,8.93195,8.85585,0.0761,8.46606,0.49261,7.27283,-0.07017
2019-08-28,9.00528,8.8035,0.20178,8.43911,0.58755,7.06759,-0.00369
2019-08-29,9.05029,8.69075,0.35954,8.42365,0.51607,7.00617,0.14453
2019-08-30,8.88986,8.61887,0.27099,8.27268,0.55171,6.90962,0.52346
2019-08-31,8.79482,8.52946,0.26536,8.02624,0.63678,6.67301,0.42039
2019-09-01,8.81952,8.52771,0.2918,8.21457,0.56959,6.82335,0.23024
2019-09-02,9.09974,8.58979,0.50995,8.36184,0.55935,6.91014,0.40574
2019-09-03,9.02437,8.67245,0.35192,8.39573,0.5977,6.90433,0.55674
2019-09-04,8.91905,8.65364,0.26541,8.39139,0.54989,6.92956,0.14371
2019-09-05,9.2429,8.86844,0.37446,8.4051,0.50966,6.92581,0.15338
2019-09-06,9.15778,8.56432,0.59346,8.27621,0.5648,6.68686,0.20679
2019-09-07,8.77848,8.58677,0.19171,8.16867,0.44637,6.7843,0.17509
2019-09-08,8.94338,8.51692,0.42645,8.23737,0.59332,6.88967,0.09874
2019-09-09,8.97929,8.65378,0.32551,8.39195,0.55038,6.86819,0.19314
2019-09-10,9.09538,8.69141,0.40397,8.40996,0.5523,6.82042,0.37101
2019-09-11,9.17222,8.84296,0.32927,8.44041,0.55227,7.02757,0.16235
2019-09-12,8.95118,8.69044,0.26075,8.37737,0.51579,6.87886,0.14312
2019-09-13,9.09414,8.59743,0.49671,8.21404,0.70072,6.76289,0.333
2019-09-14,8.86206,8.47196,0.3901,8.01166,0.6524,6.64596,0.17841
2019-09-15,9.21831,8.59928,0.61903,8.15497,0.93861,6.78927,0.39232
2019-09-16,9.02521,8.6776,0.34761,8.30092,0.6224,6.81766,0.3044
2019-09-17,9.00258,8.72936,0.27322,8.34287,0.55221,6.87004,0.21503
2019-09-18,8.98419,8.76465,0.21954,8.41657,0.52353,6.90443,0.07936
2019-09-19,8.93906,8.66129,0.27776,8.35895,0.53996,6.9163,0.04973
2019-09-20,8.89768,8.5704,0.32728,8.19781,0.522,6.72943,0.04136
2019-09-21,8.92851,8.45953,0.46898,8.06986,0.54645,6.61814,0.25502
2019-09-22,9.28508,8.7952,0.48988,8.2463,0.51446,6.76051,0.22235
2019-09-23,9.0059,8.67582,0.33008,8.45202,0.46341,6.84791,0.25459
2019-09-24,9.03396,8.72917,0.30479,8.51786,0.43138,6.94272,0.24645
2019-09-25,8.9882,8.8886,0.0996,8.48689,0.47332,7.12233,-0.08442
2019-09-26,8.96572,8.76502,0.2007,8.44541,0.49273,6.90109,0.07899
2019-09-27,8.84,8.62434,0.21566,8.24061,0.62597,6.73055,0.18319
2019-09-28,8.79815,8.5261,0.27205,8.07998,0.54374,6.68328,0.17843
2019-09-29,8.86602,8.69241,0.17361,8.2893,0.49716,6.84583,0.2342
2019-09-30,8.97158,8.72483,0.24675,8.43417,0.5196,6.92483,0.07002
2019-10-01,8.94141,8.68004,0.26138,8.4886,0.54178,6.84224,0.20092
2019-10-02,9.15936,8.7694,0.38996,8.47111,0.50641,6.94678,0.43035
2019-10-03,8.9439,8.7065,0.23739,8.45035,0.45713,6.9776,0.19483
2019-10-04,8.84808,8.55938,0.2887,8.25051,0.52303,6.80412,0.08852
2019-10-05,9.30865,8.70644,0.60221,8.09814,0.49675,6.74831,0.18219
2019-10-06,8.91449,8.7356,0.17889,8.21117,0.58138,6.91495,0.16254
2019-10-07,8.91892,8.70212,0.2168,8.40312,0.56285,6.82341,0.22931
2019-10-08,8.93419,8.70944,0.22475,8.49721,0.46812,6.95524,0.08003
2019-10-09,9.07119,8.71315,0.35804,8.50022,0.58829,6.96425,1.19541
2019-10-10,8.94102,8.64866,0.29236,8.51184,0.51108,6.79489,0.44504
2019-10-11,8.83841,8.56926,0.26915,8.39203,0.52327,6.82593,0.00602
2019-10-12,8.71128,8.4501,0.26118,8.26889,0.61378,6.77326,0.17179
2019-10-13,8.90653,8.85642,0.05011,8.32535,0.56051,7.01949,0.1727
2019-10-14,8.94063,8.73258,0.20805,8.45753,0.60035,6.82424,0.25494
2019-10-15,8.93722,8.72185,0.21537,8.54982,0.50946,6.84934,0.10816
2019-10-16,8.90082,8.69362,0.2072,8.52504,0.52759,6.79569,0.17972
2019-10-17,8.90218,8.66157,0.24061,8.48169,0.55572,6.8417,0.12149
2019-10-18,8.832,8.62331,0.2087,8.34111,0.48313,6.79952,0.38964
2019-10-19,8.78676,8.70642,0.08035,8.48648,0.15946,6.88704,-0.00256
2019-10-20,8.87752,8.89015,-0.01263,8.62124,0.37566,7.20871,-0.13037
2019-10-21,9.21791,9.04065,0.17726,8.82852,0.33943,7.32502,-0.18062
2019-10-22,8.99516,8.94923,0.04593,8.89277,0.24188,7.23073,0.01493
2019-10-23,8.96521,8.90298,0.06222,8.83438,0.28198,7.10151,0.12178
2019-10-24,8.94089,8.7923,0.1486,8.75781,0.32844,7.12424,0.00265
2019-10-25,8.83506,8.81157,0.02349,8.59365,0.32232,7.0913,-0.09554
2019-10-26,8.81374,8.89592,-0.08219,8.54006,0.29602,7.77112,-0.20481
2019-10-27,8.97929,8.85435,0.12494,8.63455,0.83175,7.48568,0.36286
2019-10-28,9.53163,8.90667,0.62496,8.77092,1.50754,7.47143,0.63085
2019-10-29,9.10897,8.81448,0.29449,8.72421,0.51975,7.18069,0.25593
2019-10-30,8.96699,8.84919,0.1178,8.53916,0.59376,7.09675,0.01965
2019-10-31,8.82276,8.68479,0.13797,8.35928,0.53374,6.99477,0.00191
2019-11-01,8.8124,8.57664,0.23575,8.21477,0.53544,7.05861,0.00444
2019-11-02,8.754,8.53585,0.21816,8.14496,0.55655,7.06992,-0.00773
2019-11-03,9.02666,8.64998,0.37667,8.23709,0.60291,7.11529,0.06249
2019-11-04,8.97626,8.6848,0.29147,8.60315,0.394,7.23701,0.06952
2019-11-05,8.99764,8.67966,0.31798,8.5083,0.54117,7.16509,0.01421
2019-11-06,8.85509,8.69581,0.15928,8.51652,0.58043,7.33159,-0.10465
2019-11-07,8.82703,8.65564,0.17138,8.53,0.37978,7.08899,-0.01742
2019-11-08,8.81804,8.64452,0.17351,8.34853,0.40389,6.98558,0.10616
2019-11-09,8.73777,8.54328,0.1945,8.22332,0.41963,6.9118,0.14437
2019-11-10,8.88572,8.6365,0.24922,8.2767,0.53674,7.22495,0.09226
2019-11-11,9.05637,8.83482,0.22156,8.58373,0.73976,7.30042,6e-05
2019-11-12,9.32278,9.01778,0.305,8.81692,0.40268,7.2783,0.06383
2019-11-13,9.03515,8.8583,0.17686,8.83381,0.57399,7.18243,0.0795
2019-11-14,8.97954,8.79603,0.18351,8.61824,0.80269,7.1071,0.10372
2019-11-15,9.03014,8.76304,0.2671,8.3738,0.49306,7.06689,0.0986
2019-11-16,8.80956,8.60175,0.20781,8.13521,0.47656,6.94423,0.16074
2019-11-17,8.83317,8.63226,0.20091,8.27941,0.4345,7.27231,0.07756
2019-11-18,9.00295,8.76954,0.23341,8.45969,0.56853,7.14013,0.13366
2019-11-19,8.98782,8.73986,0.24796,8.41718,0.55668,7.08096,0.13575
2019-11-20,8.96559,8.71928,0.24631,8.37027,0.56668,7.02813,0.21109
2019-11-21,8.90436,8.67092,0.23344,8.38314,0.54032,7.04742,0.08747
2019-11-22,8.88516,8.6824,0.20276,8.37864,0.41861,7.29387,-0.02425
2019-11-23,8.89577,8.71468,0.18109,8.31812,0.34991,7.45593,-0.14271
2019-11-24,8.89082,8.70578,0.18504,8.44998,0.36791,7.27025,0.07833
2019-11-25,8.8985,8.73634,0.16216,8.66886,0.28323,7.13766,0.05302
2019-11-26,8.85808,8.6384,0.21969,8.46933,0.42479,7.04849,0.11855
2019-11-27,8.79725,8.68301,0.11424,8.38673,0.46608,6.99814,0.11337
2019-11-28,8.98156,8.65655,0.325,8.39337,0.32545,7.00187,0.07731
2019-11-29,8.68203,8.65551,0.02652,8.2034,0.32592,7.02755,0.26751
2019-11-30,8.6706,8.48555,0.18505,8.04718,0.43749,6.85097,0.21208
2019-12-01,8.85109,8.66301,0.18808,8.12048,0.4805,6.9827,0.08035
2019-12-02,9.01213,8.81165,0.20048,8.24979,0.4705,7.01857,0.24895
2019-12-03,8.96342,8.73787,0.22555,8.21616,0.56677,7.09654,0.14196
2019-12-04,8.87822,8.66269,0.21553,8.24617,0.54075,7.05452,0.06188
2019-12-05,9.0893,8.67137,0.41793,8.089,0.54527,6.96507,0.31149
2019-12-06,8.85808,8.56194,0.29614,8.02388,0.52983,6.83212,0.2403
2019-12-07,8.80627,8.44486,0.36142,7.88352,0.62806,6.88965,0.16911
2019-12-08,8.82981,8.56236,0.26746,7.92049,0.64244,7.08987,0.06943
2019-12-09,8.89549,8.6643,0.23119,8.18913,0.55902,7.08564,0.14853
2019-12-10,9.04617,8.75503,0.29115,8.1653,1.31537,7.10099,0.20755
2019-12-11,8.92877,8.59961,0.32916,8.03778,0.98394,7.05782,0.11153
2019-12-12,8.88669,8.58363,0.30306,7.99829,0.69033,7.01181,0.13967
2019-12-13,8.83536,8.50986,0.32549,7.81758,0.69941,7.05816,0.1158
2019-12-14,8.73777,8.41085,0.32693,7.70868,0.67932,6.92803,0.09305
2019-12-15,8.81567,8.46375,0.35192,7.82428,0.6577,6.93181,0.09904
2019-12-16,8.89,8.56411,0.32588,7.90301,0.64413,6.9932,0.12563
2019-12-17,8.88503,8.60848,0.27655,8.23032,1.04055,7.1381,-0.10283
2019-12-18,8.8238,8.57373,0.25006,8.23283,0.93104,6.99461,-0.08585
2019-12-19,8.74353,8.46663,0.2769,7.86182,0.52412,6.95604,-0.06441
2019-12-20,8.66974,8.39918,0.27056,7.68078,0.58615,6.70207,0.17213
2019-12-21,8.81952,8.3964,0.42311,7.6631,0.51498,6.93116,0.36458
2019-12-22,8.88392,8.38676,0.49716,7.59293,0.61991,7.1563,0.38007
2019-12-23,8.83186,8.40017,0.43169,7.58294,0.60547,7.04871,0.38495
2019-12-24,8.78676,8.35184,0.43493,7.51164,0.6486,7.22334,0.31887
2019-12-25,8.79255,8.40763,0.38492,7.59261,0.62429,7.32685,0.23062
2019-12-26,8.87654,8.42611,0.45043,7.70615,0.61819,7.05452,0.14142
2019-12-27,8.86771,8.47541,0.3923,7.70342,0.62624,6.85716,0.23956
2019-12-28,8.86461,8.53803,0.32658,7.76215,0.52361,7.03004,0.07656
2019-12-29,8.86954,8.55752,0.31202,7.77182,0.54985,6.96016,0.1627
2019-12-30,8.83419,8.5445,0.28969,7.75912,0.56376,6.89239,0.14112
2019-12-31,8.74576,8.42735,0.31841,7.67595,0.59406,6.7409,0.19738
2020-01-01,8.76218,8.44262,0.31955,7.6847,0.55278,7.3864,-0.24357
2020-01-02,8.90463,8.59606,0.30857,7.85146,0.54243,7.05046,0.06756
2020-01-03,8.88876,8.6028,0.28595,7.84848,0.55263,7.14506,-0.04338
2020-01-04,8.8771,8.55819,0.31891,7.84584,0.55392,7.0419,0.15029
2020-01-05,8.86785,8.56281,0.30504,7.90481,0.57385,7.08784,0.16563
2020-01-06,8.92079,8.63112,0.28967,7.94488,0.56951,7.07256,0.215
2020-01-07,8.94311,8.6452,0.29791,7.95154,0.58683,7.10981,0.1486
2020-01-08,8.90707,8.62931,0.27776,8.04863,0.63476,7.12735,0.19582
2020-01-09,8.94468,8.64396,0.30072,8.04046,0.57965,7.01055,0.21929
2020-01-10,8.92039,8.64128,0.27911,8.01602,0.49777,7.06302,0.05338
2020-01-11,8.87403,8.56857,0.30546,7.86073,0.53362,7.09992,-0.01653
2020-01-12,8.92199,8.58969,0.3323,7.99348,0.5554,7.17023,0.12957
2020-01-13,8.93788,8.7012,0.23668,8.05033,0.49623,7.1034,0.28431
2020-01-14,8.88641,8.64313,0.24327,8.03956,0.52185,7.05557,0.17644
2020-01-15,8.91557,8.6219,0.29367,8.0597,0.48549,7.05608,0.18887
2020-01-16,8.93827,8.71999,0.21828,8.03578,0.4665,7.07682,0.22568
2020-01-17,8.86234,8.65289,0.20946,7.96089,0.48716,7.10193,0.138
2020-01-18,8.81967,8.58274,0.23693,7.86963,0.52268,7.00699,0.17155
2020-01-19,8.87919,8.64461,0.23458,7.96141,0.5007,7.11087,0.18555
2020-01-20,8.88682,8.67384,0.21298,8.11908,0.48025,7.11808,0.11393
2020-01-21,8.91865,8.70957,0.20908,8.14712,0.43811,7.10259,0.39628
2020-01-22,8.91449,8.696,0.21849,8.11953,0.50454,7.15832,0.14754
2020-01-23,8.91718,8.68771,0.22946,8.10854,0.49262,7.05055,0.40533
2020-01-24,8.85851,8.58573,0.27278,8.05018,0.52131,7.0283,0.01048
2020-01-25,8.78248,8.55309,0.22938,7.9106,0.50722,6.90526,0.1595
2020-01-26,8.85052,8.64824,0.20228,7.99477,0.54104,7.04183,0.14205
2020-01-27,8.90802,8.67885,0.22917,8.05616,0.53354,7.06151,0.14783
2020-01-28,8.90422,8.66055,0.24368,8.10642,0.47449,7.06307,0.2238
2020-01-29,8.88114,8.63016,0.25098,8.13932,0.45687,7.01454,0.20656
2020-01-30,8.90164,8.76984,0.1318,8.06001,0.48324,6.94396,0.19173
2020-01-31,8.79437,8.68547,0.1089,7.94002,0.52567,6.89423,0.39538
2020-02-01,8.7639,8.5035,0.2604,7.82318,0.54968,6.87502,0.26859
2020-02-02,8.81789,8.5805,0.23739,7.93977,0.52761,7.02222,0.14943
2020-02-03,8.93617,8.9178,0.01837,8.0611,0.50088,7.11238,0.2154
2020-02-04,9.19624,8.77893,0.41731,8.14251,0.4627,7.18775,-0.02535
2020-02-05,8.99467,8.77679,0.21788,8.39545,0.41352,6.93397,0.12048
2020-02-06,8.83419,8.6662,0.16799,8.19119,0.68298,6.89151,0.02024
2020-02-07,8.86517,8.6376,0.22757,8.18103,0.34671,6.93715,0.18974
2020-02-08,8.77632,8.5067,0.26962,7.91222,0.57781,6.78239,0.07091
2020-02-09,8.86248,8.57257,0.28991,8.11245,0.45467,6.89709,0.12933
2020-02-10,8.93669,8.65318,0.28351,8.13569,0.46786,6.85239,0.07811
2020-02-11,8.87599,8.63824,0.23774,8.19463,0.43661,6.92864,0.24071
2020-02-12,8.88072,8.65532,0.22541,8.21773,0.41724,6.97407,0.23008
2020-02-13,8.90991,8.65926,0.25065,8.20636,0.43269,6.96825,0.17062
2020-02-14,8.83084,8.59937,0.23146,7.99759,0.49326,6.86688,0.26402
2020-02-15,8.78905,8.51258,0.27647,7.95073,0.45687,6.85067,0.18986
2020-02-16,8.84908,8.59031,0.25877,8.07217,0.47653,7.11238,0.76008
2020-02-17,8.92638,8.64844,0.27794,8.18677,0.47383,6.96911,0.3164
2020-02-18,8.89082,8.66716,0.22366,8.22518,0.44181,7.00859,0.22847
2020-02-19,8.91409,8.6649,0.24919,8.19022,0.47246,7.03432,0.33905
2020-02-20,9.00245,8.71744,0.28502,8.14941,0.51154,6.98324,0.3152
2020-02-21,8.85538,8.59261,0.26277,8.0006,0.51057,6.90662,0.17257
2020-02-22,8.77802,8.52558,0.25244,7.90379,0.49304,6.74519,0.22366
2020-02-23,8.86277,8.58363,0.27913,8.0792,0.44159,6.98815,0.16803
2020-02-24,8.89755,8.64066,0.25689,8.18523,0.41851,6.95247,0.13844
2020-02-25,8.89041,8.6835,0.20692,8.24707,0.43343,7.01982,0.14413
2020-02-26,8.87375,8.63676,0.23699,8.32436,0.34056,6.89628,0.14425
2020-02-27,8.88544,8.64207,0.24337,8.23825,0.42166,6.88377,0.16114
2020-02-28,8.83054,8.55021,0.28033,8.26463,0.27725,6.82645,0.10892
2020-02-29,8.75353,8.51327,0.24026,8.2094,0.26196,6.79334,0.20334
2020-03-01,8.9068,8.61991,0.28689,8.34702,0.23465,7.0815,0.08167
2020-03-02,8.89686,8.69518,0.20168,8.43351,0.26116,7.0338,0.06787
2020-03-03,8.82144,8.61414,0.2073,8.33397,0.41481,6.96709,0.1686
2020-03-04,8.82247,8.59612,0.22635,8.32319,0.51202,6.97231,0.10434
2020-03-05,8.92132,8.62375,0.29757,8.32892,0.46393,7.01137,0.26588
2020-03-06,8.91905,8.60904,0.31002,8.17096,0.47269,6.99237,0.18694
2020-03-07,8.74225,8.49452,0.24773,7.95609,0.50643,7.00748,-0.05094
2020-03-08,8.88931,8.59701,0.2923,8.09962,0.55315,6.98067,0.21001
2020-03-09,8.86855,8.62657,0.24199,8.24757,0.54861,6.97015,0.05272
2020-03-10,8.8118,8.58671,0.22509,8.31587,0.50704,7.14469,0.00836
2020-03-11,8.87277,8.55436,0.31841,8.48173,0.42032,7.09687,-0.03297
2020-03-12,8.72859,8.52036,0.20822,8.22835,0.62016,6.89299,0.10094
2020-03-13,8.76186,8.44616,0.31571,8.0776,0.63301,6.73825,0.07739
2020-03-14,8.63498,8.40676,0.22822,7.9885,0.61945,6.83298,0.0627
2020-03-15,8.72323,8.46761,0.25562,8.08332,0.71211,6.82792,0.06574
2020-03-16,8.76561,8.49453,0.27108,8.07757,0.68929,6.83702,0.02783
2020-03-17,8.72486,8.48264,0.24222,8.37235,0.77983,6.85013,0.14104
2020-03-18,8.78355,8.54659,0.23696,8.32991,0.83763,6.86673,0.20908
2020-03-19,8.77028,8.50645,0.26384,8.455,0.88567,6.99075,0.04011
2020-03-20,8.90137,8.5137,0.38767,8.42022,1.02614,6.92821,0.18575
2020-03-21,8.90531,8.58893,0.31637,8.42209,0.93443,7.14054,0.41379
2020-03-22,8.94037,8.62649,0.31388,8.5505,0.74317,7.14774,0.10785
2020-03-23,8.88917,8.6604,0.22877,8.59227,0.79697,7.1732,0.10819
2020-03-24,8.94559,8.69016,0.25543,8.67628,0.77912,7.1445,0.14987
2020-03-25,9.03539,8.70949,0.3259,8.69569,0.80725,7.24583,0.03625
2020-03-26,9.13086,8.77422,0.35664,8.65591,0.89631,7.8313,-0.37312
2020-03-27,9.01262,8.72753,0.28509,8.68179,0.85714,7.27986,-0.00676
2020-03-28,8.98645,8.71772,0.26873,8.56344,0.82354,7.05614,-0.02528
2020-03-29,9.08228,8.79818,0.2841,8.61027,0.71251,7.26217,0.02403
2020-03-30,9.10041,8.79181,0.30861,8.65494,0.87705,7.23311,0.05718
2020-03-31,9.08489,8.79004,0.29485,8.71204,0.86106,7.23046,0.01591
2020-04-01,9.08761,8.81781,0.26979,8.65561,0.94162,7.12001,0.10182
2020-04-02,9.13551,8.89962,0.23589,8.64743,0.95123,7.13598,0.15158
2020-04-03,9.14644,8.82158,0.32486,8.58936,0.88458,7.23054,0.13843
2020-04-04,9.08738,8.83325,0.25413,8.53896,0.75599,7.10834,0.06255
2020-04-05,9.16628,8.88721,0.27907,8.54101,0.76899,7.269,0.05944
2020-04-06,9.12913,8.91152,0.21761,8.56007,0.83882,7.05447,0.13771
2020-04-07,9.08749,8.83426,0.25324,8.55734,0.86996,7.10244,0.444
2020-04-08,9.08148,8.89406,0.18742,8.52394,0.86027,7.00735,0.27403
2020-04-09,9.10431,8.90979,0.19452,8.51576,0.77191,7.08174,0.09833
2020-04-10,9.12195,8.87283,0.24912,8.52915,0.72406,7.09325,0.29384
2020-04-11,9.05497,8.84787,0.20711,8.52886,0.74605,7.12974,0.17947
2020-04-12,9.15567,8.97178,0.18389,8.50013,0.71986,7.10513,0.2651
2020-04-13,9.14142,8.9093,0.23212,8.62075,0.74437,7.32657,0.16619
2020-04-14,9.11987,8.86379,0.25607,8.62026,0.76739,7.24668,0.06654
2020-04-15,9.10409,8.85258,0.25151,8.58658,0.79636,7.05534,0.17667
2020-04-16,9.09414,8.83708,0.25707,8.51955,0.86743,7.05927,0.07163
2020-04-17,9.06543,8.84283,0.2226,8.49321,0.83073,7.05616,0.1201
2020-04-18,9.11669,8.82698,0.28971,8.40902,0.74602,7.11565,0.41698
2020-04-19,9.17087,8.88469,0.28618,8.46967,0.73042,7.23077,0.13568
2020-04-20,9.17295,8.87972,0.29323,8.56317,0.75172,7.19312,0.09308
2020-04-21,9.15186,8.87348,0.27838,8.58761,0.80171,7.21333,0.00851
2020-04-22,9.08319,8.80668,0.27651,8.60202,0.75932,7.07636,0.05134
2020-04-23,9.09549,8.80305,0.29244,8.62172,0.73177,7.02794,0.14755
2020-04-24,9.03503,8.8145,0.22053,8.56709,0.69651,7.17878,-0.02965
2020-04-25,9.09762,8.86414,0.23348,8.48136,0.64364,7.04606,0.12175
2020-04-26,9.17523,8.92823,0.247,8.47665,0.71867,7.14235,0.17353
2020-04-27,9.14655,8.9148,0.23174,8.60265,0.73026,7.13901,0.00934
2020-04-28,9.17616,8.9274,0.24876,8.62539,0.68895,7.16993,0.06353
2020-04-29,9.10698,8.89368,0.21329,8.64572,0.65034,7.15498,0.02889
2020-04-30,8.98969,8.83189,0.1578,8.53663,0.66991,7.11802,0.01048
2020-05-01,9.02184,8.78583,0.23601,8.44621,0.60724,7.18048,0.07228
2020-05-02,9.04299,8.79731,0.24568,8.41307,0.60817,7.19445,0.01931
2020-05-03,9.07004,8.79406,0.27599,8.44659,0.63592,7.16423,0.13489
2020-05-04,9.05474,8.80041,0.25432,8.51504,0.67008,7.08935,0.08537
2020-05-05,9.04994,8.77499,0.27495,8.46826,0.72086,7.04961,0.26827
2020-05-06,9.04251,8.77854,0.26398,8.51755,0.68142,7.06409,0.25378
2020-05-07,9.04841,8.7437,0.30471,8.50009,0.62349,7.02265,0.12962
2020-05-08,8.95609,8.67584,0.28025,8.40531,0.67492,6.92924,0.09985
2020-05-09,9.04405,8.72469,0.31936,8.33284,0.70754,6.99476,0.05623
2020-05-10,9.03348,8.72738,0.3061,8.33337,0.71327,7.07244,0.17036
2020-05-11,9.02281,8.76676,0.25604,8.42897,0.7474,7.20251,0.01786
2020-05-12,9.00135,8.79159,0.20976,8.48758,0.69805,7.63295,-0.44077
2020-05-13,9.04488,8.79869,0.24619,8.51665,0.63733,7.35622,-0.21498
2020-05-14,9.0092,8.7964,0.2128,8.54716,0.6029,7.15694,-0.04217
2020-05-15,8.95519,8.78836,0.16683,8.45439,0.61577,7.16098,-0.04866
2020-05-16,8.95995,8.72615,0.2338,8.35182,0.56079,7.04113,0.08254
2020-05-17,9.0092,8.80075,0.20845,8.45063,0.5313,7.23447,0.17042
2020-05-18,8.92678,8.79018,0.13661,8.5493,0.61132,7.20661,-0.08294
2020-05-19,8.96278,8.78226,0.18052,8.60023,0.5897,7.22866,-0.25137
2020-05-20,8.9161,8.78132,0.13478,8.71154,0.53204,7.3497,-0.16053
2020-05-21,8.92332,8.80001,0.12332,8.68903,0.44497,7.29313,-0.16624
2020-05-22,8.97639,8.7526,0.22379,8.60048,0.47679,7.3028,-0.07224
2020-05-23,9.00048,8.78254,0.21795,8.4894,0.43246,7.40813,-0.06729
2020-05-24,8.98055,8.77202,0.20853,8.49501,0.51039,7.26254,0.04601
2020-05-25,9.08137,8.8018,0.27957,8.58794,0.65892,7.24655,0.03896
2020-05-26,8.999,8.79454,0.20447,8.56078,0.57612,7.19027,-0.1238
2020-05-27,8.96226,8.76621,0.19606,8.50623,0.63121,7.27482,-0.29754
2020-05-28,8.86785,8.71875,0.1491,8.50243,0.55941,7.1118,-0.10965
2020-05-29,8.78523,8.63272,0.15251,8.41462,0.55645,7.00151,-0.13457
2020-05-30,8.80553,8.64261,0.16292,8.32948,0.48381,6.91802,-0.05421
2020-05-31,8.832,8.64531,0.18669,8.34822,0.50015,7.15013,-0.06339
2020-06-01,8.82026,8.64747,0.17279,8.41838,0.56406,7.18072,-0.18678
2020-06-02,8.80657,8.56836,0.23822,8.34587,0.58739,6.91734,-0.00559
2020-06-03,8.82835,8.62248,0.20587,8.36542,0.58951,6.90388,0.10913
2020-06-04,8.81344,8.61343,0.20001,8.38085,0.59478,6.99777,0.11211
2020-06-05,8.78017,8.62378,0.1564,8.38361,0.54689,7.03608,-0.04214
2020-06-06,8.81833,8.59405,0.22429,8.23453,0.52467,6.93468,0.02662
2020-06-07,8.83623,8.68094,0.15529,8.3503,0.50778,7.2188,-0.13458
2020-06-08,8.84347,8.65615,0.18732,8.39621,0.57765,7.05121,-0.09466
2020-06-09,8.84289,8.64579,0.1971,8.37666,0.62308,7.0378,-0.05031
2020-06-10,8.83637,8.64131,0.19507,8.37404,0.62001,7.13611,-0.04603
2020-06-11,8.80478,8.65091,0.15387,8.36144,0.55332,7.14009,-0.13703
2020-06-12,8.75306,8.65103,0.10203,8.35372,0.53186,6.9877,-0.14182
2020-06-13,8.79422,8.68857,0.10565,8.23241,0.47672,6.95915,-0.0464
2020-06-14,8.85309,8.70877,0.14432,8.24724,0.53692,7.19124,-0.03273
2020-06-15,8.83098,8.64722,0.18376,8.29915,0.5718,7.02167,-0.06512
2020-06-16,8.85309,8.61254,0.24055,8.30366,0.58026,7.09777,-0.20209
2020-06-17,8.82409,8.67563,0.14846,8.33547,0.55425,7.21545,-0.20064
2020-06-18,8.76468,8.61279,0.15189,8.32005,0.54737,7.12152,-0.16022
2020-06-19,8.74465,8.60425,0.1404,8.3002,0.5171,6.96663,0.00972
2020-06-20,8.77323,8.65266,0.12057,8.22587,0.55707,7.14607,-0.08302
2020-06-21,8.79209,8.61858,0.17351,8.20798,0.52094,7.10164,-0.07166
2020-06-22,8.82173,8.6618,0.15993,8.32595,0.56542,7.23529,-0.2941
2020-06-23,8.74815,8.59527,0.15288,8.28375,0.61353,7.02628,-0.16248
2020-06-24,8.8124,8.59739,0.21501,8.26792,0.60499,6.893,0.00572
2020-06-25,8.74162,8.60475,0.13687,8.27831,0.59222,6.86295,-0.02884
2020-06-26,8.72177,8.5159,0.20587,8.22675,0.6442,6.82363,-0.14277
2020-06-27,8.76202,8.52556,0.23646,8.12454,0.68173,6.73599,0.0653
2020-06-28,8.8304,8.57664,0.25376,8.21754,0.53108,6.98511,-0.07037
2020-06-29,8.85823,8.57012,0.28811,8.25742,0.64462,7.29327,-0.35402
2020-06-30,8.79209,8.53812,0.25398,8.21973,0.59697,6.8956,-0.13751
2020-07-01,8.75021,8.57413,0.17608,8.20908,0.59839,6.8759,-0.16538
2020-07-02,8.71473,8.60007,0.11466,8.28038,0.54032,6.84383,-0.11879
2020-07-03,8.75605,8.57145,0.1846,8.18184,0.575,7.23749,-0.30602
2020-07-04,8.73311,8.55655,0.17656,8.05544,0.4845,6.95089,-0.25016
2020-07-05,8.81952,8.69787,0.12165,8.11573,0.56222,6.97309,-0.05242
2020-07-06,8.81641,8.6105,0.20591,8.14402,0.65217,6.88964,0.22105
2020-07-07,8.80478,8.68967,0.1151,8.22303,0.55159,7.12855,-0.17201
2020-07-08,8.78936,8.66092,0.12844,8.19755,0.54821,7.07614,0.02224
2020-07-09,9.01262,8.58659,0.42603,8.26962,0.77984,6.9297,0.0316
2020-07-10,8.80777,8.53834,0.26943,8.16969,0.63718,6.79866,-0.02101
2020-07-11,8.82321,8.52957,0.29364,8.0,0.65347,6.7967,0.09696
2020-07-12,8.90436,8.54858,0.35578,8.07049,0.59271,6.90177,0.15527
2020-07-13,8.78386,8.55145,0.23241,8.15386,0.58664,6.83114,-0.0166
2020-07-14,8.73777,8.56185,0.17592,8.12756,0.56593,6.7585,-0.02867
2020-07-15,8.75147,8.57629,0.17518,8.29287,0.46334,7.17027,-0.2185
2020-07-16,8.75052,8.54248,0.20805,8.24176,0.43072,7.22566,-0.26721
2020-07-17,8.77539,8.55719,0.21821,8.23608,0.41109,7.01442,-0.08588
2020-07-18,8.79664,8.5255,0.27114,8.17687,0.44756,6.92201,-0.06765
2020-07-19,8.85352,8.57589,0.27764,8.12992,0.4815,6.98573,0.53829
2020-07-20,8.8568,8.67631,0.18049,8.31522,0.2962,6.89419,0.12242
2020-07-21,8.88779,8.61151,0.27628,8.22704,0.41201,6.87658,0.11736
2020-07-22,8.96954,8.62798,0.34156,8.15147,0.489,6.75306,0.14363
2020-07-23,8.8959,8.59069,0.30521,8.1885,0.46863,7.0371,-0.2149
2020-07-24,8.83986,8.52477,0.31508,8.0987,0.46899,6.88381,-0.1292
2020-07-25,8.88267,8.50906,0.37361,8.01864,0.53024,6.7534,0.12904
2020-07-26,8.94128,8.58416,0.35712,8.10041,0.55411,6.88747,0.45012
2020-07-27,8.89289,8.59027,0.30262,8.10603,0.568,6.68303,0.1953
2020-07-28,8.82923,8.58073,0.2485,8.09555,0.57727,6.68226,0.12457
2020-07-29,8.79679,8.55793,0.23886,8.12982,0.49497,6.65716,0.12956
2020-07-30,8.80882,8.54575,0.26307,8.15421,0.50257,6.76669,-0.02146
2020-07-31,8.69433,8.48338,0.21095,8.0602,0.55901,6.66314,0.02894
2020-08-01,8.72486,8.43965,0.28521,8.04239,0.5692,6.84671,-0.06792
2020-08-02,8.84174,8.53144,0.3103,8.11001,0.56828,6.87601,0.02068
2020-08-03,8.76997,8.51141,0.25856,8.15797,0.56786,6.9613,-0.03768
2020-08-04,8.77586,8.50872,0.26714,8.14817,0.59696,6.85508,0.67647
2020-08-05,8.69534,8.44207,0.25327,8.19422,0.56749,6.64609,0.43562
2020-08-06,8.7088,8.48162,0.22718,8.21265,0.58218,6.66087,0.08437
2020-08-07,8.67948,8.48564,0.19385,8.12369,0.5828,6.57897,0.18722
2020-08-08,8.68389,8.44046,0.24344,8.10123,0.50287,6.64394,0.30783
2020-08-09,8.74719,8.56331,0.18389,8.19481,0.50153,6.91925,0.02964
2020-08-10,8.73906,8.52755,0.2115,8.21021,0.60679,6.76723,0.13552
2020-08-11,8.71752,8.5069,0.21061,8.15968,0.61942,6.64984,0.20557
2020-08-12,8.70135,8.53441,0.16693,8.20522,0.56367,6.68297,0.02512
2020-08-13,8.72323,8.52766,0.19557,8.19383,0.59186,6.77304,0.08972
2020-08-14,8.74305,8.49478,0.24828,8.09859,0.59859,6.7394,0.00466
2020-08-15,8.78981,8.45246,0.33735,7.94412,0.60147,6.64178,0.25492
2020-08-16,8.80986,8.61392,0.19594,8.00887,0.53982,7.09674,-0.31115
2020-08-17,8.78217,8.65013,0.13204,8.12011,0.64862,6.79987,0.08972
2020-08-18,8.77369,8.54206,0.23164,8.18087,0.65201,6.78476,0.16126
2020-08-19,8.75021,8.51981,0.23039,8.18948,0.58002,6.66566,0.03137
2020-08-20,8.72988,8.52899,0.20089,8.20833,0.57169,6.6721,0.07548
2020-08-21,8.76421,8.46578,0.29843,8.13644,0.58679,6.69246,0.12865
2020-08-22,8.70367,8.43549,0.26819,7.96731,0.64283,6.68538,0.09795
2020-08-23,8.82262,8.55143,0.27119,8.08808,0.53131,6.9526,0.09405
2020-08-24,8.75715,8.59052,0.16663,8.16525,0.60145,6.7656,-0.00751
2020-08-25,8.82747,8.6819,0.14557,8.28955,0.55464,6.78591,-0.05847
2020-08-26,8.86277,8.57454,0.28823,8.25208,0.57904,6.76788,0.27002
2020-08-27,8.83826,8.59709,0.24117,8.21825,0.59756,6.73384,0.16789
2020-08-28,8.77013,8.48766,0.28247,8.14845,0.59556,6.66674,0.15763
2020-08-29,8.74592,8.44155,0.30437,8.01996,0.66071,6.73297,0.36953
2020-08-30,8.79452,8.53528,0.25924,8.03098,0.68752,6.77324,0.11737
2020-08-31,8.85195,8.57237,0.27958,8.20119,0.6586,6.90626,0.94734
2020-09-01,8.82099,8.52009,0.30091,8.19096,0.62678,6.73467,0.2007
2020-09-02,8.81195,8.50145,0.3105,8.20746,0.65105,6.69815,0.10425
2020-09-03,8.80267,8.51475,0.28792,8.17909,0.61027,6.79431,0.06531
2020-09-04,8.751,8.48842,0.26258,8.13146,0.61541,6.72598,0.07863
2020-09-05,8.74241,8.40185,0.34056,7.97027,0.61551,6.69878,0.09804
2020-09-06,8.78523,8.47566,0.30958,8.01871,0.6952,6.78376,0.17754
2020-09-07,8.79604,8.61341,0.18262,8.24631,0.54715,7.40525,-0.43734
2020-09-08,8.81967,8.57508,0.24458,8.19822,0.58441,6.85528,-0.06744
2020-09-09,8.80538,8.52823,0.27715,8.17937,0.58703,6.76516,-0.00591
2020-09-10,8.786,8.57331,0.21269,8.17296,0.57026,7.2662,-0.45166
2020-09-11,8.76171,8.57431,0.1874,8.195,0.50385,6.84525,-0.11185
2020-09-12,8.74114,8.55867,0.18246,7.97661,0.57672,6.72352,-0.02278
2020-09-13,8.77833,8.55184,0.22649,8.00358,0.65407,6.75399,0.02707
2020-09-14,8.86912,8.58362,0.2855,8.19618,0.64672,7.15333,-0.27707
2020-09-15,8.81076,8.56674,0.24402,8.20119,0.61521,6.86593,-0.16274
2020-09-16,8.87361,8.56449,0.30912,8.24706,0.62444,6.7909,0.04857
2020-09-17,8.84072,8.59593,0.2448,8.29615,0.58374,6.75263,0.0641
2020-09-18,8.79966,8.57543,0.22423,8.31635,0.51565,6.67524,-0.03145
2020-09-19,8.68761,8.43097,0.25664,8.05404,0.58537,6.57579,0.24532
2020-09-20,8.80807,8.57127,0.2368,8.04535,0.68744,6.69123,0.1167
2020-09-21,8.8387,8.60996,0.22874,8.19998,0.56235,6.71658,0.22365
2020-09-22,8.8355,8.60457,0.23093,8.26109,0.56226,6.75189,0.06704
2020-09-23,8.80237,8.58951,0.21286,8.25005,0.63677,6.8061,0.24316
2020-09-24,8.88295,8.61579,0.26716,8.26565,0.59655,6.7649,0.22536
2020-09-25,8.86799,8.56248,0.30551,8.19205,0.63967,6.81194,0.16814
2020-09-26,8.75369,8.42885,0.32484,7.99193,0.68415,6.80557,0.09818
2020-09-27,8.80807,8.49008,0.31799,8.08801,0.66552,6.82371,0.20803
2020-09-28,8.82424,8.55911,0.26512,8.30403,0.54045,6.75748,0.08627
2020-09-29,8.81671,8.57139,0.24532,8.2783,0.56776,6.70473,0.09209
2020-09-30,8.82114,8.53749,0.28366,8.24093,0.63826,6.63682,0.15664
2020-10-01,8.82453,8.58722,0.23731,8.19803,0.70211,6.61638,0.19045
2020-10-02,8.77894,8.47733,0.30161,8.16509,0.59927,6.63973,0.07808
2020-10-03,8.68355,8.40314,0.28042,7.90905,0.6466,6.69587,-0.03146
2020-10-04,8.75511,8.47048,0.28462,8.00115,0.68629,6.69126,0.19935
2020-10-05,8.89467,8.60375,0.29092,8.14852,0.65851,6.75952,0.13109
2020-10-06,9.0342,8.6345,0.3997,8.16089,0.69335,6.73986,0.74451
2020-10-07,8.92252,8.5764,0.34613,8.24253,0.60382,6.66861,0.30306
2020-10-08,8.96354,8.59914,0.3644,8.36228,0.61108,6.64867,0.14255
2020-10-09,9.13141,8.55797,0.57343,8.30245,0.81215,6.60442,0.29632
2020-10-10,8.73263,8.46869,0.26394,8.13706,0.51116,6.7445,0.05567
2020-10-11,8.80523,8.54298,0.26225,8.04502,0.69676,6.80135,0.06454
2020-10-12,8.87445,8.60367,0.27078,8.2509,0.63413,6.72046,0.18228
2020-10-13,9.00036,8.6407,0.35966,8.43314,0.64618,6.78607,0.10657
2020-10-14,8.94807,8.60335,0.34472,8.44603,0.47369,6.70064,0.28408
2020-10-15,8.86489,8.53445,0.33044,8.32302,0.57069,6.67567,0.35784
2020-10-16,8.76546,8.46692,0.29854,8.22042,0.57909,6.61259,0.26264
2020-10-17,8.70732,8.40089,0.30643,8.01581,0.58976,6.59677,0.17974
2020-10-18,8.78094,8.46866,0.31228,8.04495,0.61496,6.94783,0.04793
2020-10-19,8.93116,8.70483,0.22633,8.37853,0.53273,6.93679,-0.0472
2020-10-20,9.04759,8.68627,0.36131,8.36449,0.66144,6.84708,0.42045
2020-10-21,8.88627,8.63886,0.24741,8.41313,0.55195,6.94542,0.13629
2020-10-22,8.88086,8.5925,0.28836,8.37161,0.54811,6.8218,0.08895
2020-10-23,8.774,8.49643,0.27758,8.32929,0.55892,6.80351,0.0413
2020-10-24,8.70101,8.50016,0.20085,8.13438,0.52882,6.84168,0.11582
2020-10-25,8.79679,8.56876,0.22803,8.2652,0.58245,7.19168,-0.17327
2020-10-26,8.84477,8.8558,-0.01103,8.58965,0.33514,7.04494,-0.06952
2020-10-27,8.79437,8.70031,0.09406,8.40165,0.49507,6.91726,0.04971
2020-10-28,8.78981,8.62117,0.16864,8.35292,0.54024,6.80499,0.12843
2020-10-29,8.80792,8.59644,0.21148,8.30191,0.60217,6.76334,0.09733
2020-10-30,8.78646,8.49588,0.29057,8.20638,0.57641,6.76169,0.17368
2020-10-31,8.61613,8.3963,0.21984,7.9694,0.55675,6.57623,0.23832
2020-11-01,8.70051,8.47058,0.22994,7.9659,0.5882,6.72966,0.28246
2020-11-02,8.79179,8.587,0.20479,8.13786,0.62181,6.77512,0.23067
2020-11-03,8.83696,8.59925,0.2377,8.26878,0.57613,6.77187,0.18942
2020-11-04,8.78079,8.61988,0.16091,8.29826,0.5826,6.74042,0.13791
2020-11-05,8.81403,8.58189,0.23214,8.249,0.56146,6.76619,0.06035
2020-11-06,8.76202,8.47351,0.28851,8.18544,0.62234,6.76874,0.19445
2020-11-07,8.79027,8.40386,0.38641,7.99312,0.64789,6.72139,0.12448
2020-11-08,9.11118,8.4779,0.63329,8.0359,0.66011,6.83834,0.22214
2020-11-09,8.91664,8.57079,0.34585,8.25058,0.65242,6.76346,0.32578
2020-11-10,8.90259,8.56873,0.33386,8.30651,0.62292,6.82938,0.08037
2020-11-11,8.88142,8.56115,0.32027,8.28918,0.60535,6.82914,0.02205
2020-11-12,8.95493,8.58966,0.36527,8.31166,0.6871,7.05506,-0.07591
2020-11-13,8.99492,8.62469,0.37023,8.35688,0.64027,7.19148,-0.12416
2020-11-14,8.97208,8.56272,0.40936,8.10275,0.57077,6.86474,-0.02526
2020-11-15,9.00688,8.61061,0.39627,8.07762,0.65469,7.1074,-0.0435
2020-11-16,9.08466,8.66132,0.42334,8.19939,0.69665,6.90693,0.12834
2020-11-17,9.06474,8.67673,0.388,8.36801,0.61405,6.96765,0.04447
2020-11-18,9.10798,8.68744,0.42053,8.31766,0.70756,6.92258,0.12494
2020-11-19,8.94559,8.58233,0.36326,8.2226,0.64511,6.91372,0.1338
2020-11-20,8.96175,8.5741,0.38765,8.12186,0.68666,6.79537,0.08193
2020-11-21,9.0833,8.51005,0.57325,7.97408,0.61711,7.15407,-0.22456
2020-11-22,8.98469,8.57507,0.40963,7.97016,0.64688,6.98734,0.08678
2020-11-23,8.96188,8.60377,0.35811,8.1528,0.62398,6.86014,0.06251
2020-11-24,8.87207,8.54398,0.32809,8.18257,0.65468,6.92375,-0.014
2020-11-25,9.77258,8.59875,1.17383,8.19963,0.92993,7.03416,1.18516
2020-11-26,10.22485,8.64111,1.58374,8.17727,1.27295,7.0711,1.50775
2020-11-27,9.74085,8.52533,1.21552,8.10241,1.03396,6.87743,1.28537
2020-11-28,9.533,8.48611,1.04689,7.94121,0.88947,6.93699,1.1267
2020-11-29,9.37186,8.5632,0.80866,7.93364,0.83135,6.94761,0.98332
2020-11-30,9.25177,8.63493,0.61684,8.07886,0.7597,6.89446,0.70294
2020-12-01,9.13551,8.61189,0.52362,8.07993,0.7111,6.90469,0.44196
2020-12-02,9.03943,8.54559,0.49385,8.04095,0.67411,6.8351,0.40052
2020-12-03,9.01347,8.55822,0.45525,8.04799,0.69522,6.82195,0.22121
2020-12-04,8.93155,8.49014,0.44142,7.94509,0.70102,6.80201,0.70842
2020-12-05,9.05742,8.42413,0.63329,7.76652,0.66664,6.86933,0.51342
2020-12-06,9.01712,8.50868,0.50844,7.97974,0.52619,7.14161,0.28196
2020-12-07,9.01055,8.61096,0.39958,8.04944,0.53167,7.01754,0.1769
2020-12-08,8.92838,8.54243,0.38594,7.97966,0.66347,6.8203,0.24361
2020-12-09,8.89563,8.56832,0.3273,8.01507,0.60143,6.82018,0.31472
2020-12-10,8.9452,8.53206,0.41314,7.98412,0.70197,6.76542,0.27861
2020-12-11,8.87752,8.47247,0.40505,7.96564,0.64922,6.69283,0.38044
2020-12-12,8.78539,8.39694,0.38844,7.78993,0.62854,6.74769,0.34405
2020-12-13,8.83405,8.48643,0.34761,7.88097,0.64538,6.76566,0.24826
2020-12-14,8.89192,8.5532,0.33872,7.99509,0.68235,6.74906,0.14561
2020-12-15,8.83259,8.5281,0.30449,7.91515,0.63277,6.78925,0.1225
2020-12-16,8.77648,8.49464,0.28184,8.02067,0.60377,6.77141,0.1192
2020-12-17,8.74433,8.53441,0.20992,7.9899,0.56286,6.82303,0.19268
2020-12-18,8.71686,8.4386,0.27826,7.88191,0.54514,6.71888,0.07458
2020-12-19,8.65887,8.42029,0.23858,7.74672,0.47449,6.65962,0.05697
2020-12-20,8.69316,8.43594,0.25722,7.72924,0.62402,6.83356,0.03442
2020-12-21,8.68913,8.43819,0.25093,7.75139,0.52526,6.7146,0.05619
2020-12-22,8.68592,8.4336,0.25232,7.62852,0.55292,6.71385,0.04424
2020-12-23,8.64171,8.41139,0.23032,7.60328,0.4908,6.6256,0.16562
2020-12-24,8.63106,8.33016,0.3009,7.53757,0.62095,6.58288,0.21283
2020-12-25,8.62945,8.32523,0.30422,7.59628,0.55707,6.82253,0.09616
2020-12-26,8.66561,8.44614,0.21947,7.68741,0.64345,6.90438,0.17564
2020-12-27,8.73793,8.46358,0.27435,7.7629,0.70699,6.91553,0.03624
2020-12-28,8.73085,8.4757,0.25515,7.77884,0.54112,6.75157,0.09855
2020-12-29,8.77925,8.47072,0.30853,7.67001,0.68537,6.73444,0.19017
2020-12-30,9.16785,8.50465,0.6632,7.67516,0.87218,6.82403,0.76682
2020-12-31,8.91731,8.40874,0.50857,7.56699,0.73776,6.87497,0.60884
2021-01-01,8.79966,8.41455,0.38511,7.58819,0.62303,7.09306,0.09837
2021-01-02,8.85424,8.50778,0.34646,7.74387,0.63199,6.98556,-0.02996
2021-01-03,8.86248,8.52493,0.33755,7.89092,0.55047,7.01448,0.05198
2021-01-04,8.8426,8.60458,0.23802,7.82712,0.52638,6.94859,-0.04084
2021-01-05,8.79316,8.54643,0.24672,7.75753,0.60137,6.92247,0.02162
2021-01-06,8.79543,8.54099,0.25445,7.82371,0.50836,6.82114,0.15053
2021-01-07,8.77925,8.52815,0.2511,7.75954,0.56213,6.86687,0.01761
2021-01-08,8.73343,8.50707,0.22636,7.82301,0.49865,7.01009,-0.12765
2021-01-09,8.73279,8.45443,0.27836,7.80146,0.53373,7.28705,-0.08886
2021-01-10,8.80777,8.52798,0.2798,7.82341,0.69078,7.08398,0.02998
2021-01-11,8.83536,8.59676,0.2386,7.88968,0.58648,7.14473,-0.06303
2021-01-12,8.83797,8.59368,0.24429,7.91107,0.5485,7.07107,0.20063
2021-01-13,8.80267,8.59645,0.20622,7.92484,0.51461,7.10024,-0.13894
2021-01-14,8.78829,8.62513,0.16316,7.94478,0.52805,7.00007,0.05524
2021-01-15,8.77462,8.58321,0.19141,7.87161,0.57237,7.6286,-0.46931
2021-01-16,8.72988,8.47392,0.25596,7.92836,0.52291,7.15835,-0.28518
2021-01-17,8.77586,8.57063,0.20523,7.9228,0.59039,7.1524,0.0621
2021-01-18,8.80042,8.69982,0.10059,7.92231,0.64386,7.23463,-0.15376
2021-01-19,8.86263,8.6193,0.24332,7.96251,0.62849,7.14504,0.15001
2021-01-20,8.74146,8.56928,0.17218,7.94075,0.59369,7.04421,-0.09244
2021-01-21,8.85752,8.61279,0.24473,7.90261,0.56371,7.07342,0.04622
2021-01-22,8.79255,8.60521,0.18734,7.97776,0.48392,7.08556,-0.09622
2021-01-23,8.77586,8.57033,0.20553,7.91041,0.5127,7.02749,-0.01989
2021-01-24,8.7889,8.63911,0.14979,8.03497,0.48761,7.09757,0.06017
2021-01-25,8.81804,8.66398,0.15406,8.04496,0.45995,7.03129,-0.01647
2021-01-26,8.80026,8.63543,0.16483,8.00947,0.54733,7.08885,0.03482
2021-01-27,8.77971,8.58741,0.1923,8.02537,0.52796,7.09889,-0.15191
2021-01-28,8.76624,8.58877,0.17747,8.02816,0.49342,7.0538,-0.02118
2021-01-29,8.69885,8.52666,0.17219,7.98539,0.46865,6.96454,0.12804
2021-01-30,8.7247,8.55538,0.16931,8.00346,0.44245,6.96356,0.16092
2021-01-31,8.77956,8.60445,0.1751,8.01247,0.57406,7.05298,0.09694
2021-02-01,8.84188,8.61781,0.22407,8.07501,0.57181,6.98845,0.1124
2021-02-02,8.78966,8.61969,0.16997,8.07437,0.54988,6.9998,0.38357
2021-02-03,8.80867,8.61177,0.1969,8.03991,0.53988,7.06924,0.00318
2021-02-04,8.8115,8.61784,0.19367,8.05823,0.49336,6.91803,0.01929
2021-02-05,8.80327,8.5653,0.23797,8.02338,0.44104,6.91085,-0.07031
2021-02-06,8.72128,8.5278,0.19347,7.91094,0.51699,6.96697,0.09093
2021-02-07,8.754,8.57544,0.17856,8.03373,0.47362,7.09774,0.06233
2021-02-08,8.79966,8.57359,0.22607,8.27637,0.35415,6.94452,-0.00333
2021-02-09,8.80732,8.62527,0.18206,8.30991,0.29015,6.99466,0.0075
2021-02-10,8.85723,8.58902,0.26821,8.30393,0.29466,6.94549,-0.0043
2021-02-11,8.83739,8.68203,0.15536,8.30715,0.25195,6.91994,0.07491
2021-02-12,8.76608,8.53277,0.23331,8.14613,0.33399,6.90934,0.06045
2021-02-13,8.6866,8.47194,0.21466,7.96022,0.48419,6.86607,0.09237
2021-02-14,8.86531,8.5769,0.28841,7.95258,0.57178,6.94586,0.36402
2021-02-15,8.97348,8.58659,0.38689,8.08598,0.5805,6.96336,0.3194
2021-02-16,8.93406,8.56846,0.3656,8.14692,0.51438,6.96202,0.16567
2021-02-17,8.85638,8.54907,0.30731,8.12112,0.4912,7.03514,0.09256
2021-02-18,8.84994,8.56745,0.28249,8.10509,0.51412,7.26167,-0.20291
2021-02-19,8.81433,8.50943,0.3049,8.0151,0.53417,6.96225,0.08614
2021-02-20,8.71719,8.47989,0.2373,7.90421,0.61138,6.76244,0.24063
2021-02-21,8.82923,8.54709,0.28214,7.96402,0.65102,6.85168,0.08272
2021-02-22,8.83696,8.54932,0.28763,8.12506,0.59883,6.97505,0.05315
2021-02-23,8.90137,8.63902,0.26235,8.30338,0.61968,7.00959,0.41576
2021-02-24,8.92665,8.65421,0.27244,8.35242,0.53302,7.07801,0.04566
2021-02-25,8.99405,8.65326,0.34078,8.39875,0.46317,7.07145,0.13789
2021-02-26,8.86376,8.67089,0.19286,8.30211,0.41737,6.99043,0.04131
2021-02-27,8.78753,8.54322,0.24431,8.17743,0.38129,7.13328,-0.10952
2021-02-28,8.87627,8.63129,0.24498,8.14268,0.55999,7.23084,-0.06072
2021-03-01,9.11394,8.70797,0.40597,8.22004,0.56657,7.08306,-0.03034
2021-03-02,9.00467,8.70172,0.30294,8.21143,0.64138,7.09502,0.61384
2021-03-03,8.9774,8.712,0.2654,8.23339,0.55612,6.9885,0.05989
2021-03-04,8.97069,8.65812,0.31256,8.26367,0.54574,7.03165,-0.01057
2021-03-05,8.93748,8.89291,0.04457,8.2071,0.5358,7.06876,-0.18223
2021-03-06,8.83171,8.66767,0.16404,8.09681,0.48804,7.0429,-0.05819
2021-03-07,8.89371,8.67033,0.22338,8.12414,0.52776,7.12644,0.01876
2021-03-08,8.96495,8.6515,0.31345,8.2073,0.55253,6.98036,-0.00028
2021-03-09,8.96162,8.68157,0.28005,8.26951,0.53916,7.05548,-0.01494
2021-03-10,8.9422,8.71818,0.22402,8.31692,0.52684,7.25909,-0.17991
2021-03-11,8.95519,8.73243,0.22276,8.33904,0.51648,7.24892,-0.12686
2021-03-12,8.83434,8.63557,0.19877,8.22376,0.55333,7.05566,-0.0728
2021-03-13,8.85224,8.58473,0.2675,8.10332,0.49527,7.33254,-0.27206
2021-03-14,8.94168,8.66672,0.27495,8.12804,0.5733,7.3251,-0.11059
2021-03-15,8.93261,8.68547,0.24714,8.24331,0.67668,7.10003,0.04042
2021-03-16,8.89837,8.75567,0.14269,8.31814,0.78004,7.17342,-0.10185
2021-03-17,8.96776,8.69201,0.27575,8.34541,0.79172,7.18843,-0.11516
2021-03-18,8.84678,8.63135,0.21543,8.32822,0.6988,7.16292,-0.1033
2021-03-19,8.78875,8.60348,0.18526,8.25865,0.71824,7.15248,-0.0426
2021-03-20,8.76077,8.54246,0.2183,8.09012,0.67737,7.05896,0.01516
2021-03-21,8.81269,8.63389,0.1788,8.17612,0.60804,7.25673,0.01706
2021-03-22,8.90842,8.67563,0.23279,8.40602,0.56619,7.0814,0.06695
2021-03-23,8.86078,8.66022,0.20057,8.49603,0.46251,7.10495,-0.11931
2021-03-24,8.88211,8.6985,0.18362,8.5319,0.41148,7.25974,-0.11612
2021-03-25,8.96852,8.70955,0.25897,8.57205,0.50864,7.07678,-0.15512
2021-03-26,8.87515,8.63565,0.23949,8.47554,0.43828,7.11185,-0.10606
2021-03-27,8.7757,8.58201,0.19369,8.41397,0.29599,7.48013,-0.20012
2021-03-28,8.87305,8.69045,0.1826,8.29126,0.49398,7.29349,-0.11418
2021-03-29,8.90964,8.67909,0.23055,8.28866,0.60382,7.12578,-0.21603
2021-03-30,8.90436,8.64494,0.25942,8.21816,0.63379,6.98929,-0.10174
2021-03-31,8.86234,8.65479,0.20755,8.23575,0.63041,6.90543,-0.09529
2021-04-01,8.82188,8.63242,0.18946,8.1338,0.5602,6.9729,-0.14094
2021-04-02,8.79725,8.60813,0.18911,8.19961,0.49907,7.09529,-0.12456
2021-04-03,8.8118,8.57497,0.23683,8.13452,0.58054,6.95734,0.34448
2021-04-04,8.8944,8.63042,0.26398,8.15272,0.60065,7.05222,0.15489
2021-04-05,8.87473,8.71476,0.15997,8.29542,0.66183,7.1288,0.24332
2021-04-06,8.86277,8.67102,0.19175,8.32524,0.63433,6.99022,0.02009
2021-04-07,8.88931,8.77319,0.11612,8.37135,0.57815,7.31057,-0.00337
2021-04-08,8.88392,8.72695,0.15697,8.35979,0.60285,7.22952,-0.0749
2021-04-09,8.81833,8.70226,0.11608,8.31067,0.61332,7.01559,-0.06
2021-04-10,8.78737,8.57266,0.21472,8.18353,0.61251,7.09685,0.01303
2021-04-11,8.83215,8.67106,0.16109,8.26045,0.57955,7.17912,0.12607
2021-04-12,8.87052,8.72263,0.14789,8.4321,0.58877,7.12668,0.05795
2021-04-13,8.98857,8.68801,0.30056,8.46242,0.56304,7.04652,0.11278
2021-04-14,8.88322,8.68044,0.20278,8.50844,0.72346,7.02592,0.03198
2021-04-15,8.93287,8.69424,0.23863,8.45765,0.80319,6.96628,0.06811
2021-04-16,8.85993,8.68481,0.17513,8.34885,0.89879,7.05005,-0.10116
2021-04-17,8.79073,8.62214,0.16858,8.17039,1.01647,6.95827,0.00492
2021-04-18,8.84376,8.62462,0.21914,8.23895,0.89624,7.20337,-0.09186
2021-04-19,8.91624,8.73434,0.1819,8.37969,0.82483,7.15498,-0.05331
2021-04-20,8.90991,8.69859,0.21132,8.3765,0.77027,7.00574,-0.06842
2021-04-21,8.89179,8.66213,0.22966,8.3992,0.70322,7.11965,-0.04046
2021-04-22,8.89481,8.73179,0.16302,8.39674,0.73683,7.01662,0.05835
2021-04-23,8.87094,8.62154,0.24941,8.42935,0.69956,6.86627,0.27576
2021-04-24,8.84765,8.54533,0.30232,8.28455,0.69902,6.89995,-0.02266
2021-04-25,8.89398,8.6098,0.28418,8.3338,0.67858,7.19866,-0.08145
2021-04-26,8.92319,8.66359,0.2596,8.35158,0.64048,6.97817,-0.05455
2021-04-27,8.89618,8.65929,0.23689,8.34797,0.66539,6.98231,0.0459
2021-04-28,8.91247,8.6846,0.22787,8.37706,0.63568,7.08931,-0.14137
2021-04-29,8.90775,8.69584,0.21191,8.37917,0.60927,7.07979,0.00276
2021-04-30,8.82835,8.66732,0.16102,8.27716,0.62869,7.10318,-0.17955
2021-05-01,8.76826,8.53036,0.2379,8.15403,0.56218,7.30958,-0.22201
2021-05-02,8.83913,8.62869,0.21044,8.2543,0.56891,7.31126,-0.10266
2021-05-03,8.92306,8.7169,0.20616,8.38484,0.57151,7.08738,0.0002
2021-05-04,8.95053,8.94981,0.00072,8.69542,0.24939,7.1527,0.141
2021-05-05,8.94677,8.98145,-0.03469,8.73655,0.19606,7.22856,-0.09049
2021-05-06,8.93208,8.93308,-0.00099,8.59418,0.30596,7.18899,-0.20798
2021-05-07,8.86503,8.79196,0.07307,8.4303,0.39732,7.18243,-0.17483
2021-05-08,8.79498,8.67434,0.12063,8.23632,0.41994,6.94326,0.16744
2021-05-09,8.84607,8.69441,0.15166,8.22529,0.55581,6.88231,-0.02059
2021-05-10,8.96533,8.78779,0.17755,8.36365,0.62841,7.02241,-0.05545
2021-05-11,8.9579,8.75501,0.20289,8.35292,0.61903,7.09867,-0.07136
2021-05-12,8.88433,8.67525,0.20908,8.36355,0.60012,6.93635,-0.01174
2021-05-13,8.91234,8.68952,0.22281,8.36576,0.55008,7.01398,0.05505
2021-05-14,8.86644,8.66229,0.20415,8.21712,0.59929,6.92287,-0.0022
2021-05-15,8.80597,8.59739,0.20858,8.0819,0.55183,6.97669,1.48668
2021-05-16,8.93485,8.7176,0.21725,8.14272,0.59505,7.40548,0.03466
2021-05-17,9.01372,8.83678,0.17694,8.41782,0.51848,7.11348,0.16031
2021-05-18,9.04346,8.76923,0.27423,8.36053,0.60147,7.44706,-0.17536
2021-05-19,9.00786,8.69122,0.31664,8.34261,0.59802,7.25438,0.01245
2021-05-20,8.98695,8.6799,0.30705,8.31637,0.67283,6.96604,0.06659
2021-05-21,8.98969,8.685,0.30469,8.23113,0.6557,6.87545,0.47507
2021-05-22,8.89192,8.59474,0.29718,8.13347,0.6091,7.01177,0.41716
2021-05-23,8.96214,8.60547,0.35667,8.17749,0.6184,6.94123,0.34084
2021-05-24,9.03085,8.70885,0.32201,8.31048,0.59808,7.07335,0.13525
2021-05-25,9.0833,8.72285,0.36045,8.33851,0.73464,6.93515,0.24796
2021-05-26,8.9943,8.68535,0.30895,8.3343,0.6799,7.06701,0.1914
2021-05-27,8.94089,8.63905,0.30184,8.30169,0.67923,6.96398,0.23495
2021-05-28,8.89385,8.60519,0.28865,8.21564,0.71881,6.7953,0.55842
2021-05-29,8.83913,8.63433,0.2048,8.0278,0.66553,7.7523,-0.28493
2021-05-30,8.93261,8.68089,0.25172,8.11815,0.64371,7.23464,-0.05001
2021-05-31,9.03813,8.67981,0.35831,8.29233,0.69624,6.93144,0.21138
2021-06-01,9.04923,8.70984,0.33939,8.27948,0.69766,6.84143,0.2709
2021-06-02,9.00381,8.65098,0.35283,8.41201,0.53437,6.83869,0.16164
2021-06-03,9.02317,8.66798,0.35519,8.43334,0.6367,6.92989,0.07681
2021-06-04,9.15282,8.65508,0.49774,8.35968,0.70599,6.76913,0.18168
2021-06-05,8.8778,8.5797,0.2981,8.14356,0.60411,6.83637,0.06938
2021-06-06,8.96572,8.67739,0.28833,8.11373,0.64735,7.07411,0.12332
2021-06-07,9.00282,8.72722,0.2756,8.23252,0.63688,6.94372,0.0684
2021-06-08,9.12315,8.68464,0.43851,8.28297,0.64342,6.91729,0.17028
2021-06-09,9.13712,8.70311,0.43402,8.35543,0.67111,6.92376,0.17956
2021-06-10,9.13032,8.65876,0.47156,8.2909,0.83638,6.90019,0.26221
2021-06-11,9.063,8.65464,0.40836,8.14053,0.75661,7.02593,0.05662
2021-06-12,8.98369,8.58438,0.39931,7.97484,0.63584,6.79824,0.11549
2021-06-13,9.07692,8.68371,0.39322,8.14527,0.52773,6.97836,0.17782
2021-06-14,9.40747,8.82358,0.58389,8.29974,0.66111,6.99521,0.18791
2021-06-15,9.24174,8.74181,0.49993,8.24541,0.60324,6.99983,0.12786
2021-06-16,9.05567,8.63024,0.42543,8.21879,0.58988,7.01224,-0.00103
2021-06-17,9.03133,8.65357,0.37776,8.22658,0.54464,6.96224,0.05526
2021-06-18,9.10975,8.71142,0.39833,8.25037,0.521,6.74946,0.11956
2021-06-19,9.30964,8.80023,0.50941,8.15696,0.49773,6.84618,0.17758
2021-06-20,9.1003,8.7628,0.3375,8.13069,0.46494,7.22963,-0.09953
2021-06-21,9.11074,8.80608,0.30466,8.37457,0.46253,7.08875,-0.09666
2021-06-22,9.20754,8.75411,0.45343,8.31164,0.59231,7.01525,0.0823
2021-06-23,9.01688,8.70368,0.3132,8.25907,0.59202,6.95542,0.18741
2021-06-24,9.10542,8.83786,0.26757,8.31109,0.49593,7.06052,0.00595
2021-06-25,9.13432,8.77437,0.35995,8.13068,0.51402,6.90616,0.21024
2021-06-26,8.99268,8.67851,0.31417,7.91248,0.64528,6.83114,0.08557
2021-06-27,9.10742,8.70988,0.39754,8.02595,0.64001,6.99472,0.0777
2021-06-28,9.12206,8.6853,0.43675,8.16341,0.64286,6.95934,0.24555
2021-06-29,9.28628,8.77642,0.50987,8.24689,0.61134,7.17516,0.02452
2021-06-30,9.02027,8.67937,0.3409,8.18333,0.62847,7.19995,-0.16998
2021-07-01,8.93511,8.63181,0.30331,8.19064,0.63035,6.94876,-0.00083
2021-07-02,9.04417,8.66894,0.37523,8.16315,0.49537,6.84888,0.10671
2021-07-03,9.14868,8.88066,0.26802,8.33587,0.25104,6.92941,-0.02266
2021-07-04,9.5954,8.92063,0.67477,8.31012,0.66387,7.11091,0.15032
2021-07-05,9.21503,8.77828,0.43675,8.31955,0.48507,6.91173,0.25299
2021-07-06,9.38782,8.81491,0.5729,8.33238,0.54987,6.98511,0.29696
2021-07-07,9.92054,8.96832,0.95222,8.3155,0.89074,7.16835,0.15416
2021-07-08,9.31884,8.74663,0.57221,8.13287,0.57014,6.94994,0.46343
2021-07-09,9.46707,8.74894,0.71814,8.07815,0.72016,6.84875,0.28295
2021-07-10,9.72173,8.85433,0.86739,8.07483,0.73414,6.82384,0.33156
2021-07-11,10.93649,9.23095,1.70554,8.22072,1.18871,7.30597,0.85111
2021-07-12,9.93605,8.85327,1.08278,8.20799,0.84534,6.89525,0.49617
2021-07-13,9.53892,8.781,0.75793,8.2305,0.80322,6.86812,0.27075
2021-07-14,9.31919,8.71881,0.60038,8.22774,0.72796,7.14549,-0.1388
2021-07-15,9.22029,8.69058,0.52971,8.18368,0.72433,6.90448,0.23041
2021-07-16,9.0841,8.64899,0.4351,8.11667,0.6842,6.74107,0.06576
2021-07-17,9.03229,8.60348,0.42881,7.96807,0.71413,6.74957,0.08346
2021-07-18,9.09268,8.67778,0.4149,8.11547,0.60368,6.76683,0.0411
2021-07-19,9.0293,8.70552,0.32377,8.25654,0.52701,6.71174,0.10609
2021-07-20,8.97005,8.72678,0.24327,8.21196,0.60238,6.80454,-0.04181
2021-07-21,8.95635,8.62602,0.33033,8.20431,0.60316,6.68739,0.00096
2021-07-22,9.04511,8.62679,0.41832,8.26121,0.65838,6.64845,0.08614
2021-07-23,9.03348,8.80083,0.23265,8.2628,0.67914,6.9554,0.33625
2021-07-24,9.04405,8.75995,0.2841,7.97796,0.81124,6.64331,0.09721
2021-07-25,9.08478,8.64772,0.43706,8.02459,0.82377,6.81371,0.08096
2021-07-26,9.11052,8.63926,0.47126,8.16972,0.91393,6.66605,0.279
2021-07-27,8.99974,8.63823,0.36152,8.1422,0.85123,6.5964,0.15119
2021-07-28,9.0348,8.62561,0.40919,8.20287,0.74285,6.66394,0.21232
2021-07-29,9.0497,8.67231,0.3774,8.22449,0.72552,6.71591,0.16755
2021-07-30,8.93208,8.63629,0.29579,8.19245,0.59447,6.68528,-0.08405
2021-07-31,8.90599,8.5391,0.36689,7.97655,0.66321,6.54819,0.07985
2021-08-01,9.12162,8.65207,0.46955,7.95175,0.82565,6.73279,0.15476
2021-08-02,9.03133,8.62266,0.40867,8.13781,0.75136,6.57395,0.17481
2021-08-03,9.05486,8.60093,0.45393,8.17794,0.72994,6.65668,0.27576
2021-08-04,9.12794,8.58031,0.54763,8.19267,0.71711,6.65328,0.17651
2021-08-05,8.99653,8.58245,0.41408,8.15975,0.72111,6.83131,0.26459
2021-08-06,9.0348,8.56421,0.47058,8.07374,0.73314,6.75869,0.28708
2021-08-07,9.16743,8.6053,0.56213,8.0148,0.66332,6.74204,0.42345
2021-08-08,9.2192,8.66433,0.55487,8.00381,0.77636,6.73898,0.54994
2021-08-09,9.06901,8.62042,0.44859,8.16613,0.796,6.63148,0.34673
2021-08-10,9.0993,8.5967,0.5026,8.15187,0.7885,6.65199,0.36013
2021-08-11,9.15483,8.58731,0.56752,8.12218,0.79647,6.58266,0.51572
2021-08-12,9.0418,8.56237,0.47943,8.10918,0.73717,6.54841,0.2932
2021-08-13,8.96034,8.55802,0.40232,8.0863,0.70031,6.53605,0.32879
2021-08-14,9.00994,8.47978,0.53016,7.88444,0.73837,6.74963,0.12456
2021-08-15,8.91892,8.49293,0.42599,7.91518,0.71462,6.76488,0.08207
2021-08-16,8.94807,8.56761,0.38045,8.11809,0.75383,6.66374,0.07086
2021-08-17,8.9015,8.55977,0.34174,8.20997,0.76516,6.61487,0.05589
2021-08-18,8.91247,8.54983,0.36264,8.1895,0.78966,6.64221,0.28927
2021-08-19,8.91704,8.5862,0.33084,8.2043,0.72221,6.65752,0.17766
2021-08-20,8.90504,8.5591,0.34594,8.10733,0.79076,6.61165,0.06795
2021-08-21,8.88003,8.48399,0.39604,7.94671,0.75879,6.55595,0.18338
2021-08-22,8.85993,8.48824,0.37169,7.95838,0.8201,6.80329,0.12525
2021-08-23,8.90599,8.54317,0.36281,8.18811,0.74661,6.68068,0.00268
2021-08-24,8.88931,8.58567,0.30364,8.18791,0.73794,6.63192,0.12618
2021-08-25,8.89289,8.63436,0.25853,8.31154,0.60026,6.6763,0.06658
2021-08-26,8.87305,8.59648,0.27656,8.25148,0.63105,6.59383,0.1861
2021-08-27,8.86545,8.53589,0.32957,8.09439,0.74314,6.54603,0.25525
2021-08-28,8.77168,8.44691,0.32477,7.89886,0.70634,6.55922,0.16701
2021-08-29,8.81789,8.52006,0.29783,8.00678,0.69506,6.68563,0.20294
2021-08-30,8.90694,8.59002,0.31691,8.17787,0.75553,6.67193,0.078
2021-08-31,8.9597,8.58402,0.37568,8.20155,0.68264,6.72993,0.0534
2021-09-01,8.96597,8.56265,0.40332,8.17155,0.7475,6.65265,0.01431
2021-09-02,9.01116,8.59822,0.41293,8.2266,0.78321,6.57177,0.09646
2021-09-03,9.04511,8.5865,0.45861,8.2202,0.6847,6.70512,-0.04071
2021-09-04,8.832,8.46148,0.37053,7.9018,0.7107,6.78235,-0.08161
2021-09-05,9.06381,8.55876,0.50505,8.25865,0.64462,6.70508,0.13333
2021-09-06,9.0373,8.64192,0.39537,8.27672,0.64527,6.69245,0.28577
2021-09-07,8.99851,8.69226,0.30625,8.34629,0.63123,6.77198,0.06321
2021-09-08,8.94364,8.65953,0.28411,8.29976,0.61473,6.93204,-0.22885
2021-09-09,8.94859,8.65825,0.29034,8.28423,0.72228,6.88794,-0.18967
2021-09-10,9.10676,8.59308,0.51368,8.25211,0.63056,6.75063,0.04284
2021-09-11,8.81195,8.49355,0.3184,7.92881,0.79459,6.71898,0.04144
2021-09-12,8.95157,8.55268,0.39888,7.9501,0.75738,6.81425,-0.02866
2021-09-13,9.00135,8.6403,0.36105,8.11764,0.93861,6.67098,0.16205
2021-09-14,8.98857,8.60687,0.3817,8.13167,0.74193,6.54697,0.25432
2021-09-15,8.96226,8.59942,0.36284,8.11211,0.70474,6.6507,0.11434
2021-09-16,8.92904,8.61951,0.30953,8.12934,0.71153,6.66417,0.20588
2021-09-17,8.95738,8.56965,0.38773,8.07794,0.73133,6.58839,0.14383
2021-09-18,8.95001,8.50293,0.44708,8.06346,0.58107,6.70582,0.024
2021-09-19,9.1093,8.5612,0.54811,8.13265,0.54052,6.76043,0.07044
2021-09-20,9.12162,8.64342,0.47819,8.19273,0.64828,6.69782,0.06838
2021-09-21,9.10398,8.65913,0.44485,8.19386,0.59975,6.58992,0.18316
2021-09-22,9.05905,8.69524,0.36381,8.20686,0.68521,6.65087,0.09083
2021-09-23,9.05298,8.66805,0.38494,8.16468,0.64697,6.77337,0.03898
2021-09-24,8.97183,8.59692,0.37491,8.08536,0.66501,6.62884,0.05827
2021-09-25,8.95014,8.46008,0.49006,7.86257,0.63808,6.44337,0.08896
2021-09-26,8.88267,8.48445,0.39822,7.9267,0.70596,6.74789,-0.07712
2021-09-27,9.03634,8.6237,0.41265,8.16334,0.65691,6.54973,0.15836
2021-09-28,9.03623,8.65818,0.37804,8.19019,0.61503,6.63407,0.20433
2021-09-29,9.00135,8.65344,0.34791,8.20149,0.66889,6.67015,0.08911
2021-09-30,9.01615,8.65747,0.35868,8.1535,0.68214,6.63764,0.05444
2021-10-01,8.91463,8.60404,0.31059,8.06648,0.64842,6.78187,-0.08361
2021-10-02,8.87473,8.4765,0.39823,7.87519,0.61874,6.70055,-0.0646
2021-10-03,8.88211,8.58597,0.29615,7.92221,0.68775,6.75609,0.01355
2021-10-04,8.97284,8.63148,0.34136,8.18123,0.60262,6.70126,0.11219
2021-10-05,9.00061,8.63067,0.36994,8.19522,0.62223,6.6182,0.01116
2021-10-06,8.95803,8.60047,0.35755,8.19339,0.57705,6.62096,0.12074
2021-10-07,9.02786,8.61648,0.41138,8.31258,0.49145,6.64399,0.06165
2021-10-08,9.05998,8.59266,0.46732,8.25495,0.49716,6.5561,0.10063
2021-10-09,8.80553,8.47272,0.3328,7.89691,0.56265,6.59157,0.08173
2021-10-10,8.86912,8.54548,0.32364,8.12783,0.59442,6.72991,-0.00248
2021-10-11,9.10398,8.68324,0.42074,8.26417,0.66301,6.87812,-0.06577
2021-10-12,9.0444,8.70309,0.34131,8.23651,0.58183,6.88371,-0.03677
2021-10-13,8.95532,8.67387,0.28145,8.16217,0.65365,6.9424,-0.14782
2021-10-14,8.95957,8.66485,0.29471,8.19688,0.7211,6.85921,-0.05238
2021-10-15,8.96431,8.61908,0.34523,8.2086,0.57877,6.72401,0.03872
2021-10-16,8.72697,8.43867,0.2883,7.88621,0.62838,6.64276,0.10951
2021-10-17,8.85851,8.52667,0.33184,7.964,0.63533,6.85256,0.08281
2021-10-18,8.92132,8.61249,0.30884,8.16246,0.6375,6.6868,0.13757
2021-10-19,8.96034,8.58617,0.37417,8.21515,0.64065,6.77892,0.15937
2021-10-20,8.91704,8.60647,0.31057,8.23188,0.55381,6.97074,-0.14202
2021-10-21,8.90164,8.56233,0.33931,8.17789,0.66788,7.05273,-0.18164
2021-10-22,8.81091,8.54736,0.26355,8.09514,0.58672,6.84707,-0.12806
2021-10-23,8.70234,8.45012,0.25223,7.90898,0.63193,6.59574,-0.00133
2021-10-24,8.7456,8.5591,0.1865,8.00436,0.6597,6.91618,-0.08315
2021-10-25,8.84491,8.61053,0.23439,8.22527,0.60805,6.75967,0.03379
2021-10-26,8.8944,8.58595,0.30845,8.2101,0.59842,6.76301,0.05919
2021-10-27,8.88225,8.57842,0.30384,8.23552,0.54665,6.74581,0.19053
2021-10-28,8.85709,8.57455,0.28253,8.09464,0.63363,6.86285,0.12648
2021-10-29,8.83666,8.49687,0.33979,7.9655,0.69129,6.58678,0.27389
2021-10-30,8.90558,8.43945,0.46613,7.78529,0.71292,6.57393,0.3268
2021-10-31,8.94298,8.48112,0.46187,7.78859,0.79738,6.70547,0.35929
2021-11-01,8.94207,8.52783,0.41424,7.96818,0.77008,6.87689,0.23788
2021-11-02,8.93919,8.55464,0.38455,8.06129,0.63972,6.92297,0.09364
2021-11-03,8.87459,8.53636,0.33822,8.09513,0.60871,6.93842,0.06192
2021-11-04,8.89302,8.53775,0.35527,8.12238,0.61668,6.82702,0.0717
2021-11-05,8.83448,8.51488,0.3196,7.99483,0.65864,7.50345,0.70912
2021-11-06,8.79981,8.49542,0.30439,7.80067,0.60178,7.29825,-0.27895
2021-11-07,8.85195,8.53362,0.31833,7.91012,0.62845,7.07375,-0.00048
2021-11-08,8.97107,8.60957,0.3615,8.1249,0.63493,6.97841,-0.01806
2021-11-09,8.95079,8.63777,0.31303,8.15496,0.63394,6.90857,-0.02306
2021-11-10,8.89247,8.61153,0.28095,8.11829,0.66372,6.94898,-0.05837
2021-11-11,8.88267,8.57944,0.30322,8.18995,0.5913,6.79408,0.02812
2021-11-12,8.97588,8.60663,0.36925,8.16822,0.54848,6.90104,0.25825
2021-11-13,9.00773,8.52908,0.47866,7.96592,0.52493,6.89233,0.77343
2021-11-14,9.00319,8.58561,0.41758,7.96566,0.72566,7.58208,-0.12447
2021-11-15,9.17066,8.65231,0.51835,8.09434,0.87201,6.96466,0.35983
2021-11-16,9.13032,8.66113,0.46919,8.30004,0.64906,7.03897,0.15246
2021-11-17,9.15652,8.6529,0.50361,8.21458,0.67886,6.89933,0.23477
2021-11-18,8.99937,8.62749,0.37188,8.13398,0.68775,6.84031,0.28255
2021-11-19,8.9,8.55982,0.34018,8.03738,0.6826,6.99195,0.05991
2021-11-20,8.81937,8.51794,0.30143,7.93179,0.64988,6.97073,-0.00565
2021-11-21,8.95558,8.60666,0.34892,8.11028,0.45646,7.43771,-0.17789
2021-11-22,8.9469,8.69842,0.24848,8.30302,0.5218,7.33114,-0.30916
2021-11-23,8.91852,8.60127,0.31724,8.23442,0.66148,7.2307,-0.25997
2021-11-24,8.84592,8.58845,0.25747,8.13933,0.67366,6.89607,0.05666
2021-11-25,8.78248,8.50548,0.277,8.06816,0.72591,7.13237,-0.20285
2021-11-26,8.76343,8.4748,0.28862,8.00648,0.72679,7.14094,-0.26159
2021-11-27,8.75005,8.51475,0.2353,7.89795,0.78017,6.92006,-0.02843
2021-11-28,8.9,8.52334,0.37666,7.93721,0.73064,7.08149,-0.03921
2021-11-29,8.99875,8.60762,0.39113,8.09404,0.6628,6.95431,0.26166
2021-11-30,9.05742,8.60464,0.45278,8.06064,0.66763,6.95508,0.17821
2021-12-01,8.90028,8.61012,0.29015,8.04511,0.67241,7.15897,-0.19483
2021-12-02,8.87836,8.5972,0.28116,8.01261,0.64382,6.90185,0.06794
2021-12-03,8.85252,8.56006,0.29246,7.93063,0.66352,6.84252,0.12256
2021-12-04,8.71785,8.409,0.30885,7.80294,0.60845,6.81939,0.02115
2021-12-05,8.79755,8.52653,0.27102,7.8561,0.6265,6.98578,0.09341
2021-12-06,8.87585,8.59477,0.28108,7.97534,0.69114,6.9056,-0.00991
2021-12-07,8.88364,8.61001,0.27363,7.99548,0.6311,6.90391,0.05833
2021-12-08,8.83098,8.62037,0.21061,7.98524,0.60483,6.82851,0.28788
2021-12-09,8.83113,8.58767,0.24346,7.97493,0.73239,6.82707,0.12183
2021-12-10,8.80567,8.55056,0.25512,7.90213,0.67125,6.79095,0.12478
2021-12-11,8.72583,8.46591,0.25992,7.76139,0.65399,6.77845,0.06423
2021-12-12,8.86078,8.51585,0.34493,7.85692,0.5935,6.98386,0.03454
2021-12-13,8.90218,8.66171,0.24047,7.97368,0.62712,6.86853,0.08324
2021-12-14,8.87836,8.58413,0.29422,7.89248,0.72889,6.83846,0.15914
2021-12-15,8.87933,8.54023,0.33911,7.87667,0.64312,7.04236,0.09491
2021-12-16,8.80132,8.51851,0.28281,7.85528,0.68504,6.88858,0.07461
2021-12-17,8.73263,8.49033,0.24229,7.75006,0.6506,7.04993,-0.05416
2021-12-18,8.6935,8.42747,0.26602,7.64006,0.63862,6.9105,0.14049
2021-12-19,8.73359,8.65939,0.0742,7.91918,0.48103,7.16174,-0.02765
2021-12-20,8.90829,9.08456,-0.17627,8.222,0.33653,7.54046,-0.1627
2021-12-21,8.85566,8.94499,-0.08932,7.88754,0.54061,7.12225,-0.12923
2021-12-22,8.75147,8.75282,-0.00135,7.7568,0.64633,6.92552,0.07299
2021-12-23,8.74719,8.67246,0.07474,7.65928,0.62219,6.75028,0.26273
2021-12-24,8.61812,8.54007,0.07806,7.52364,0.61697,6.81936,0.00175
2021-12-25,8.65452,8.57575,0.07877,7.57356,0.60002,7.06337,-0.0917
2021-12-26,8.73053,8.61962,0.11091,7.77657,0.54849,7.07004,-0.07519
2021-12-27,8.78996,8.65895,0.13101,7.76108,0.6127,7.37255,-0.35594
2021-12-28,8.75195,8.63457,0.11738,7.73035,0.70019,7.00251,0.08339
2021-12-29,8.7977,8.68485,0.11285,7.71791,0.70497,6.9456,0.03819
2021-12-30,8.83608,8.84279,-0.0067,7.69936,0.61204,6.89876,-0.02974
2021-12-31,8.7185,8.68584,0.03266,7.58664,0.67178,6.92565,-0.12771
2022-01-01,8.76374,8.63854,0.1252,7.69349,0.55137,7.08755,0.0337
2022-01-02,8.79164,8.64943,0.14221,7.77205,0.66502,7.06768,0.42953
2022-01-03,8.85495,8.68946,0.16549,7.80737,0.63639,6.93139,0.0888
2022-01-04,8.83928,8.69817,0.14111,7.86016,0.6212,6.9188,0.05568
2022-01-05,8.85709,8.64997,0.20712,7.8736,0.66712,6.94151,0.20052
2022-01-06,8.85823,8.66235,0.19588,7.85103,0.68969,7.01041,0.14811
2022-01-07,8.83506,8.65032,0.18474,7.84255,0.66721,6.95312,0.14773
2022-01-08,8.80732,8.62756,0.17977,7.81107,0.62252,7.07384,0.01956
2022-01-09,8.86291,8.68887,0.17404,7.90214,0.67011,7.15006,-0.03529
2022-01-10,8.91691,8.6978,0.2191,7.92843,0.67163,7.00661,0.19531
2022-01-11,8.88958,8.6843,0.20528,7.93028,0.66165,6.99711,0.0963
2022-01-12,8.9405,8.6671,0.2734,7.95002,0.58678,6.99764,0.24873
2022-01-13,8.92718,8.64428,0.2829,7.91419,0.604,6.91631,0.23518
2022-01-14,8.83623,8.60811,0.22812,7.85593,0.60342,6.83584,0.29985
2022-01-15,8.7794,8.57854,0.20086,7.82258,0.57403,6.83695,0.13753
2022-01-16,8.83113,8.61985,0.21127,7.91033,0.54456,7.01321,0.18647
2022-01-17,8.86206,8.67279,0.18926,7.93269,0.68886,7.05755,0.09706
2022-01-18,8.87696,8.69844,0.17852,7.93755,0.65159,6.93694,0.09833
2022-01-19,8.86446,8.67815,0.18632,7.89018,0.64131,6.90351,0.12114
2022-01-20,8.88156,8.66569,0.21587,7.93582,0.60275,6.93014,0.11127
2022-01-21,8.85566,8.6703,0.18537,7.90542,0.59625,6.84259,0.08496
2022-01-22,8.81952,8.62413,0.19538,7.831,0.64371,6.82824,0.19373
2022-01-23,8.84808,8.67344,0.17464,7.88007,0.60769,7.02269,0.12329
2022-01-24,8.88309,8.67942,0.20366,7.94932,0.63347,6.88443,0.11954
2022-01-25,8.89686,8.68939,0.20747,8.01108,0.58177,6.89867,0.09251
2022-01-26,8.89987,8.70235,0.19752,8.02932,0.65135,6.85071,0.09242
2022-01-27,9.05439,8.75808,0.29631,8.21617,0.58183,7.10511,0.00721
2022-01-28,9.04629,8.79253,0.25376,8.25573,0.5295,7.02458,0.06132
2022-01-29,8.96648,8.6931,0.27338,8.01583,0.57907,7.02607,0.09518
2022-01-30,8.94076,8.73111,0.20965,8.05105,0.54181,7.10045,0.13949
2022-01-31,9.00393,8.76138,0.24255,8.17264,0.55481,7.01168,0.13352
2022-02-01,9.01055,8.79348,0.21706,8.26684,0.57663,7.13623,-0.03785
2022-02-02,9.07875,8.80855,0.2702,8.26038,0.50383,7.09824,0.07725
2022-02-03,9.14846,8.78871,0.35975,8.1264,0.60364,6.93022,0.14135
2022-02-04,9.01445,8.72552,0.28892,8.05144,0.63465,6.89061,0.24189
2022-02-05,8.93984,8.67827,0.26157,7.94184,0.67592,6.89918,0.29301
2022-02-06,9.00147,8.73217,0.2693,8.04173,0.66161,7.04652,0.17751
2022-02-07,9.16367,8.74588,0.41779,8.0973,0.66096,6.93938,0.36514
2022-02-08,9.0601,8.68075,0.37935,8.13096,0.60905,6.95674,0.2563
2022-02-09,9.07647,8.66816,0.4083,8.12083,0.55507,6.85956,0.2617
2022-02-10,8.94975,8.70614,0.24362,8.13131,0.57898,6.85531,0.18435
2022-02-11,8.93142,8.65023,0.28119,8.04827,0.62353,6.82904,0.09656
2022-02-12,8.89302,8.60635,0.28668,7.97304,0.57255,6.79668,0.38719
2022-02-13,8.91436,8.68981,0.22455,8.00102,0.65767,6.85556,0.30061
2022-02-14,8.89151,8.61283,0.27869,8.02982,0.68327,6.86733,0.12935
2022-02-15,8.94572,8.67543,0.27029,8.112,0.6497,6.87628,0.17557
2022-02-16,8.94898,8.7241,0.22488,8.151,0.58163,6.94094,0.16813
2022-02-17,8.95815,8.69015,0.26801,8.07099,0.65597,6.89853,0.01422
2022-02-18,8.91395,8.68059,0.23337,8.06272,0.64328,6.87937,0.10257
2022-02-19,8.89741,8.62723,0.27018,7.93568,0.62323,6.69528,0.33646
2022-02-20,8.95467,8.70621,0.24846,8.00098,0.64178,7.00584,0.13856
2022-02-21,8.97094,8.71858,0.25236,8.12615,0.66458,7.01929,0.0914
2022-02-22,8.99603,8.75824,0.23779,8.12166,0.67498,7.00164,0.02301
2022-02-23,8.94168,8.71311,0.22856,8.15026,0.6116,6.88304,0.24063
2022-02-24,8.95118,8.72411,0.22707,8.39177,0.65817,6.90256,0.15189
2022-02-25,8.89,8.66766,0.22234,8.45754,0.53166,6.84273,0.13827
2022-02-26,8.85037,8.5933,0.25707,8.26655,0.55872,6.83003,0.1407
2022-02-27,8.9157,8.63637,0.27933,8.2588,0.58914,6.89995,0.08199
2022-02-28,8.93814,8.72461,0.21353,8.34847,0.59464,6.86767,0.08027
2022-03-01,8.94898,8.71785,0.23113,8.23075,0.67415,6.8713,0.09661
2022-03-02,9.0222,8.84425,0.17795,8.19912,0.75916,6.89713,0.07548
2022-03-03,8.93958,8.7624,0.17718,8.22319,0.78098,6.85063,0.12852
2022-03-04,8.89206,8.65034,0.24173,8.08834,0.67164,6.92457,0.13591
2022-03-05,8.77416,8.53793,0.23623,7.86717,0.61916,6.79239,0.07558
2022-03-06,8.81552,8.61838,0.19714,7.95496,0.61615,7.02343,0.07164
2022-03-07,8.89796,8.6961,0.20186,8.0478,0.6425,6.91548,0.14928
2022-03-08,8.8568,8.67541,0.1814,8.00909,0.59245,6.82765,0.15429
2022-03-09,8.9153,8.67037,0.24493,7.99298,0.64412,6.89231,0.07936
2022-03-10,8.86602,8.65335,0.21266,8.04181,0.5756,6.87833,0.02139
2022-03-11,8.86461,8.77882,0.08578,8.26781,0.50465,6.90708,0.00964
2022-03-12,8.82732,8.76904,0.05828,8.04637,0.61024,7.11636,-0.14939
2022-03-13,8.85123,8.77825,0.07298,8.11397,0.60191,7.20559,-0.16331
2022-03-14,8.98118,8.74391,0.23727,8.22903,0.67993,7.15264,-0.12443
2022-03-15,8.92119,8.69969,0.2215,8.18328,0.73,6.90977,0.04773
2022-03-16,8.86319,8.69647,0.16672,8.15871,0.72963,6.90544,0.09124
2022-03-17,8.90082,8.67823,0.22259,8.1952,0.65704,6.88707,0.19631
2022-03-18,8.95648,8.64423,0.31225,8.05377,0.78348,6.84697,0.1
2022-03-19,8.77044,8.57307,0.19737,7.94252,0.70553,6.82649,-0.00429
2022-03-20,8.90883,8.6855,0.22333,8.0252,0.71081,6.93963,0.07339
2022-03-21,8.91959,8.68278,0.23681,8.18856,0.80685,6.93689,0.01104
2022-03-22,8.95506,8.69192,0.26314,8.23042,0.76833,6.87599,-0.02693
2022-03-23,8.99516,8.69855,0.29661,8.49912,0.43031,6.98884,0.0429
2022-03-24,8.96954,8.72909,0.24046,8.5033,0.42507,6.8357,0.16098
2022-03-25,9.1214,8.78684,0.33456,8.37831,0.687,6.86641,0.06213
2022-03-26,9.23014,8.83868,0.39147,8.06551,0.78658,6.84383,0.18082
2022-03-27,9.03563,8.70576,0.32987,8.09949,0.69503,6.85899,0.06856
2022-03-28,9.00884,8.73038,0.27846,8.24066,0.70858,6.84429,0.18834
2022-03-29,9.063,8.76039,0.30261,8.36959,0.7205,6.98875,0.02876
2022-03-30,9.12609,8.75985,0.36623,8.4077,0.65819,6.97483,0.11274
2022-03-31,9.00442,8.7363,0.26812,8.27896,0.69692,6.89717,0.10316
2022-04-01,9.02822,8.69992,0.3283,8.16283,0.72233,6.91755,0.1071
2022-04-02,9.17399,8.64336,0.53062,7.97371,0.8126,6.96436,0.41589
2022-04-03,9.12206,8.66281,0.45925,8.10747,0.82382,6.94832,0.47106
2022-04-04,9.12085,8.71836,0.40249,8.27871,0.74938,6.9311,0.18934
2022-04-05,9.0336,8.72836,0.30524,8.27667,0.70312,6.87045,0.16482
2022-04-06,9.00307,8.69435,0.30872,8.21256,0.71342,6.84258,0.29946
2022-04-07,8.99492,8.7051,0.28982,8.23242,0.6937,6.81165,0.16842
2022-04-08,8.93971,8.67129,0.26842,8.07924,0.73479,6.75849,0.46042
2022-04-09,8.90164,8.60981,0.29183,7.90074,0.72567,6.77745,0.28217
2022-04-10,8.91771,8.6153,0.30242,7.94242,0.80668,7.23314,0.06395
2022-04-11,9.0193,8.70119,0.31811,8.09213,0.93693,6.87768,0.14608
2022-04-12,8.95416,8.69745,0.2567,8.04792,0.96628,6.80988,0.07563
2022-04-13,8.89398,8.66433,0.22965,7.98444,0.94248,6.72756,0.12995
2022-04-14,8.88945,8.64188,0.24757,7.9324,0.87028,6.82573,-0.04581
2022-04-15,8.86559,8.57526,0.29033,7.90457,0.85885,6.8291,0.14818
2022-04-16,8.81091,8.54999,0.26092,7.91776,0.75934,6.78543,0.07733
2022-04-17,8.88309,8.62588,0.2572,8.00032,0.70964,6.79682,0.15495
2022-04-18,8.92346,8.68044,0.24302,8.1746,0.74939,6.97429,-0.01299
2022-04-19,8.92346,8.6486,0.27486,8.21556,0.74349,6.971,-0.0968
2022-04-20,8.90205,8.66944,0.23261,8.20843,0.72682,6.79886,0.13065
2022-04-21,8.88447,8.6267,0.25778,8.14357,0.76957,6.69189,0.2048
2022-04-22,8.88682,8.63768,0.24914,8.07063,0.76327,6.71967,0.08716
2022-04-23,8.80882,8.6413,0.16752,7.95177,0.73635,6.77096,0.08866
2022-04-24,8.94975,8.98314,-0.03338,8.13222,0.67226,6.96683,0.0596
2022-04-25,8.99305,8.81227,0.18078,8.24397,0.72774,7.22027,-0.21629
2022-04-26,8.93327,8.68999,0.24328,8.26999,0.79278,6.90238,0.0173
2022-04-27,8.94011,8.67468,0.26542,8.21062,0.76904,6.83291,0.17379
2022-04-28,8.93116,8.65712,0.27403,8.19693,0.76367,6.83731,0.04718
2022-04-29,8.83739,8.63736,0.20003,8.05753,0.76391,6.76526,0.00093
2022-04-30,8.78002,8.74693,0.03309,7.94748,0.72003,6.66702,0.06519
2022-05-01,8.80807,8.60084,0.20723,7.98938,0.83545,6.78478,0.05684
2022-05-02,9.05029,8.65008,0.40021,8.18731,0.81009,6.76008,0.17918
2022-05-03,8.90856,8.64312,0.26544,8.20221,0.74716,6.80742,0.08522
2022-05-04,8.93023,8.66215,0.26808,8.21569,0.69934,6.77142,0.13433
2022-05-05,8.87052,8.64614,0.22439,8.13522,0.75519,6.84756,0.08098
2022-05-06,8.81774,8.591,0.22674,8.06674,0.71558,6.75925,0.06621
2022-05-07,8.75574,8.53747,0.21826,7.90058,0.6824,6.61188,0.12509
2022-05-08,8.7983,8.57553,0.22277,7.99503,0.72559,6.77557,0.04663
2022-05-09,8.903,8.64662,0.25637,8.18273,0.77491,6.73757,0.16014
2022-05-10,8.93036,8.65303,0.27733,8.168,0.80383,6.75636,0.04269
2022-05-11,8.88142,8.66614,0.21528,8.1726,0.80493,6.74295,0.39115
2022-05-12,8.84347,8.61757,0.2259,8.18711,0.74087,7.26325,-0.17068
2022-05-13,8.7927,8.59014,0.20256,8.05672,0.77148,6.89037,-0.08133
2022-05-14,8.72079,8.52055,0.20024,7.93298,0.69701,6.69509,0.0711
2022-05-15,8.86347,8.59918,0.26429,7.98544,0.74541,6.66118,0.1334
2022-05-16,8.93827,8.68781,0.25046,8.21658,0.74235,6.76979,0.15777
2022-05-17,8.90937,8.66319,0.24618,8.26702,0.64005,6.74953,0.14818
2022-05-18,8.88114,8.65865,0.22249,8.25015,0.87735,6.77119,0.12044
2022-05-19,8.93971,8.64678,0.29293,8.20011,0.94302,6.74036,-0.02498
2022-05-20,8.88972,8.57997,0.30975,8.10901,1.10303,6.70995,0.01748
2022-05-21,8.87151,8.55952,0.31198,7.9097,0.87477,6.69254,0.04087
2022-05-22,9.58025,8.69397,0.88627,8.06483,0.8383,6.96685,0.04347
2022-05-23,9.09032,8.69611,0.39421,8.2176,0.77346,6.78643,0.09703
2022-05-24,8.91852,8.65191,0.26661,8.19332,0.71253,6.81858,0.10209
2022-05-25,9.00639,8.68142,0.32496,8.2004,0.85036,6.73746,0.17129
2022-05-26,8.94468,8.71586,0.22882,8.21269,0.84961,6.83143,0.21435
2022-05-27,8.84851,8.63544,0.21307,8.08196,0.75529,6.76934,0.05068
2022-05-28,8.77385,8.59096,0.18289,7.9977,0.70564,6.95415,0.03241
2022-05-29,8.8663,8.65357,0.21273,8.23709,0.55303,7.11618,-0.08444
2022-05-30,8.88184,8.71596,0.16588,8.40173,0.55114,7.03867,-0.02386
2022-05-31,9.03074,8.7203,0.31043,8.32423,0.66096,6.94754,-0.10379
2022-06-01,9.47432,8.66662,0.8077,8.29685,0.92887,6.89209,0.35996
2022-06-02,9.29643,8.66378,0.63265,8.28221,0.69456,6.77703,0.26526
2022-06-03,8.96162,8.68661,0.27501,8.33046,0.5202,6.66835,0.11724
2022-06-04,8.89192,8.56765,0.32427,7.99338,0.70045,6.56433,0.31913
2022-06-05,9.33882,8.74301,0.59581,8.16773,0.98042,6.82772,0.35691
2022-06-06,9.22592,8.75058,0.47534,8.25133,0.78383,6.84534,0.33701
2022-06-07,9.03848,8.68179,0.3567,8.23926,0.74028,6.82442,0.2231
2022-06-08,9.00172,8.66701,0.33471,8.20561,0.73475,6.76832,0.12736
2022-06-09,8.94011,8.65458,0.28552,8.18085,0.73552,6.85027,0.09959
2022-06-10,8.91018,8.66977,0.24041,8.10709,0.73263,6.68009,0.16366
2022-06-11,8.86319,8.60682,0.25637,7.96772,0.68295,6.60794,0.09524
2022-06-12,8.93971,8.66223,0.27748,8.08514,0.71059,6.78378,0.13788
2022-06-13,9.04097,8.72093,0.32004,8.21568,0.72272,6.889,0.06945
2022-06-14,8.9731,8.71072,0.26238,8.1939,0.75961,6.93911,0.06395
2022-06-15,8.93997,8.68366,0.25631,8.15768,0.76605,6.81297,0.06639
2022-06-16,8.89508,8.6432,0.25188,8.13901,0.71651,6.77777,0.15566
2022-06-17,8.85052,8.6037,0.24681,8.06011,0.62817,6.67445,0.08828
2022-06-18,8.85181,8.51517,0.33664,7.92714,0.67403,6.58749,0.16244
2022-06-19,8.88489,8.71994,0.16495,8.2006,0.50456,6.92374,0.01065
2022-06-20,9.01991,9.01819,0.00172,8.48144,0.483,7.26009,-0.12919
2022-06-21,8.93682,8.84686,0.08997,8.29341,0.7153,6.96028,-0.00088
2022-06-22,8.89878,8.72561,0.17316,8.20455,0.68709,6.86281,0.1098
2022-06-23,8.903,8.64974,0.25326,8.13199,0.68516,6.7326,0.10795
2022-06-24,8.90368,8.61039,0.29329,8.0779,0.67342,6.74985,0.2265
2022-06-25,8.85209,8.5495,0.30259,7.91355,0.76064,6.62052,0.13641
2022-06-26,8.91718,8.63283,0.28435,7.9598,0.75032,6.82543,0.3174
2022-06-27,8.96457,8.69038,0.27418,8.14231,0.77781,6.87214,0.69106
2022-06-28,9.06103,8.6952,0.36583,8.14242,0.74163,6.7886,0.58854
2022-06-29,8.93893,8.67136,0.26757,8.10004,0.71578,6.8149,0.32397
2022-06-30,8.97424,8.64568,0.32856,8.04849,0.83223,6.69396,0.3413
2022-07-01,8.84578,8.60689,0.23888,7.96163,0.76923,6.63438,0.21362
2022-07-02,8.85181,8.5021,0.34971,7.88514,0.76518,6.64922,0.28323
2022-07-03,8.96201,8.55885,0.40316,7.90746,0.82549,6.96739,0.21268
2022-07-04,8.94115,8.63005,0.3111,8.07548,0.8641,6.7995,0.2584
2022-07-05,8.89714,8.59164,0.30549,8.05617,0.8114,6.77852,0.28367
2022-07-06,8.90191,8.63497,0.26694,8.05006,0.76338,6.67073,0.08504
2022-07-07,8.89686,8.68154,0.21532,8.09394,0.75787,6.67835,0.27246
2022-07-08,8.89165,8.54357,0.34808,8.01812,0.70576,6.68124,0.16464
2022-07-09,8.95815,8.5174,0.44076,7.9626,0.84786,6.63225,0.19538
2022-07-10,8.98042,8.59167,0.38876,8.04716,0.81674,6.79395,0.22892
2022-07-11,8.9808,8.66706,0.31374,8.08999,0.79724,6.78741,0.14991
2022-07-12,8.87193,8.65009,0.22184,8.07991,0.80124,6.75779,0.23246
2022-07-13,8.86644,8.60797,0.25847,8.11131,0.67132,6.78965,0.29038
2022-07-14,8.85438,8.61015,0.24423,8.09688,0.67014,6.6662,0.09999
2022-07-15,8.88558,8.58625,0.29933,8.0294,0.71366,6.61596,0.24366
2022-07-16,8.89837,8.5751,0.32327,7.93893,0.74038,6.62856,0.16042
2022-07-17,8.97272,8.64623,0.32648,8.01307,1.06534,6.9234,0.01003
2022-07-18,8.94285,8.68285,0.26001,8.10521,0.77566,6.6723,0.07293
2022-07-19,8.83754,8.65079,0.18674,8.12107,0.67285,6.61765,0.14624
2022-07-20,8.87613,8.66938,0.20675,8.14256,0.5501,6.66728,0.0756
2022-07-21,8.89041,8.62553,0.26488,8.16198,0.5619,6.69227,0.02553
2022-07-22,8.83157,8.59928,0.23228,8.08001,0.6895,6.79504,-0.02425
2022-07-23,8.90395,8.55753,0.34642,7.95476,0.65556,6.6588,0.07461
2022-07-24,8.88031,8.61913,0.26118,7.99,0.71632,6.83258,-0.02686
2022-07-25,8.94024,8.629,0.31124,8.12343,0.68584,6.7792,0.05814
2022-07-26,8.94559,8.61001,0.33558,8.14565,0.71839,6.74835,0.19671
2022-07-27,8.95454,8.63796,0.31658,8.17056,0.66218,6.83443,0.00398
2022-07-28,8.90896,8.61405,0.29491,8.07815,0.75327,6.71035,0.02543
2022-07-29,8.90341,8.54622,0.35719,8.01398,0.734,6.57712,0.09618
2022-07-30,8.95144,8.63608,0.31536,7.92974,0.72164,6.599,0.08936
2022-07-31,9.03848,8.64612,0.39236,8.06916,0.66814,6.72239,0.19234
2022-08-01,9.00663,8.64549,0.36114,8.14662,0.7079,6.7104,0.23465
2022-08-02,8.94442,8.66735,0.27707,8.15498,0.69926,7.81091,-0.57385
2022-08-03,8.89782,8.65728,0.24054,8.16507,0.66327,7.45187,-0.382
2022-08-04,8.85581,8.61768,0.23813,8.14894,0.72942,7.06245,-0.07311
2022-08-05,8.83244,8.58386,0.24858,8.08233,0.71279,6.8055,0.05307
2022-08-06,8.87417,8.60322,0.27095,8.02588,0.70432,6.74692,0.0273
2022-08-07,8.94377,8.69648,0.24729,8.3006,0.57468,6.96736,-0.17614
2022-08-08,8.90504,8.76491,0.14013,8.36866,0.52382,7.12367,-0.28312
2022-08-09,8.87822,8.68983,0.18839,8.31077,0.54802,6.83478,-0.17677
2022-08-10,8.83841,8.70596,0.13245,8.27469,0.57783,6.81157,0.06882
2022-08-11,8.8911,8.62618,0.26492,8.23038,0.68586,6.70209,0.10695
2022-08-12,8.91972,8.6014,0.31832,8.13225,0.65558,6.67097,0.16637
2022-08-13,8.83681,8.55125,0.28556,7.9762,0.62054,6.61604,0.14205
2022-08-14,8.93182,8.6625,0.26931,7.99522,0.72915,6.7561,0.16949
2022-08-15,8.96367,8.93178,0.03189,8.16411,0.6927,6.86087,0.02055
2022-08-16,8.95014,8.74108,0.20907,8.2162,0.68639,6.86993,0.03982
2022-08-17,8.95351,8.7021,0.25141,8.24938,0.6413,6.72669,0.09223
2022-08-18,8.97411,8.67485,0.29927,8.20843,0.68157,6.74963,0.13997
2022-08-19,8.89494,8.65966,0.23529,8.13446,0.62568,6.72712,0.09834
2022-08-20,8.81567,8.59092,0.22475,8.00018,0.60978,6.78254,-0.01865
2022-08-21,8.91624,8.6263,0.28994,8.11681,0.73772,6.81569,-0.08348
2022-08-22,8.94988,8.67236,0.27752,8.19962,0.75995,6.95443,-0.05976
2022-08-23,8.97891,8.69749,0.28143,8.21385,0.69417,6.88382,-0.01169
2022-08-24,8.91207,8.71812,0.19395,8.25247,0.61142,6.99279,-0.10524
2022-08-25,8.95454,8.71708,0.23747,8.29539,0.54793,6.87869,-0.05977
2022-08-26,8.92332,8.63064,0.29269,8.17874,0.69346,6.70642,0.06207
2022-08-27,9.11921,8.55772,0.56149,8.0275,0.81684,6.68976,0.14004
2022-08-28,9.07165,8.5827,0.48895,8.08352,0.75938,6.82625,0.21166
2022-08-29,9.01347,8.7003,0.31317,8.24708,0.65252,6.82045,0.01473
2022-08-30,8.98582,8.65728,0.32855,8.2564,0.66705,6.77939,0.05148
2022-08-31,8.91811,8.6745,0.24361,8.35873,0.53881,6.74505,0.08798
2022-09-01,8.99057,8.66259,0.32798,8.33013,0.61311,6.61381,0.14079
2022-09-02,9.91448,8.6696,1.24488,8.2328,1.00467,6.69659,1.051
2022-09-03,9.34941,8.60306,0.74634,8.08715,0.76566,6.68486,0.93191
2022-09-04,9.09762,8.75538,0.34224,8.31868,0.53385,7.0323,0.19245
2022-09-05,9.07795,8.94079,0.13717,8.57357,0.37098,7.09143,-0.04652
2022-09-06,9.07131,8.78477,0.28654,8.39301,0.5359,6.95036,0.0989
2022-09-07,9.04429,8.82124,0.22304,8.44792,0.50701,7.53824,-0.49596
2022-09-08,9.04263,8.75454,0.2881,8.38529,0.62452,6.94238,0.05613
2022-09-09,9.12554,8.6916,0.43395,8.23552,0.74263,6.80109,0.05853
2022-09-10,8.97119,8.61796,0.35324,8.11003,0.61174,6.72443,0.14041
2022-09-11,9.03931,8.75951,0.27981,8.19642,0.65867,6.95768,-0.08039
2022-09-12,9.04759,8.77652,0.27107,8.31431,0.68358,6.76579,0.11767
2022-09-13,9.04511,8.75734,0.28777,8.31127,0.62687,6.79352,0.11424
2022-09-14,9.04346,8.74251,0.30095,8.33059,0.5902,6.73692,0.1352
2022-09-15,9.12631,8.76889,0.35742,8.24954,0.63326,6.77001,0.22942
2022-09-16,9.11019,8.75815,0.35204,8.18445,0.64184,6.72613,0.29496
2022-09-17,9.04676,8.66964,0.37712,8.18676,0.49764,6.70494,0.13239
2022-09-18,9.05052,8.73723,0.3133,8.30247,0.52676,6.92402,0.02488
2022-09-19,9.18174,8.81435,0.36739,8.3494,0.61836,6.81432,0.21389
2022-09-20,9.201,8.80752,0.39347,8.3655,0.80496,6.78809,0.13947
2022-09-21,9.24329,8.82799,0.4153,8.35066,0.70816,6.70526,0.20947
2022-09-22,9.29588,8.84916,0.44672,8.37319,0.69858,6.75458,0.19048
2022-09-23,9.47194,9.00429,0.46765,8.63705,0.80352,6.77531,0.08535
2022-09-24,9.9909,8.79134,1.19956,8.35319,1.3212,6.77818,0.3374
2022-09-25,9.26615,8.7764,0.48975,8.41123,0.61315,6.83989,0.27732
2022-09-26,9.26729,8.87583,0.39146,8.45627,0.58636,6.91335,0.15055
2022-09-27,9.38664,8.98024,0.4064,8.63079,0.72122,6.87644,0.15088
2022-09-28,9.64225,8.94926,0.69299,8.49898,1.36851,6.94382,0.04827
2022-09-29,9.22257,8.7973,0.42527,8.32993,0.77249,6.86378,0.05294
2022-09-30,9.06612,8.7128,0.35333,8.2737,0.66431,6.7376,0.16715
2022-10-01,8.92386,8.72945,0.19441,8.22048,0.59162,6.83749,0.43561
2022-10-02,9.00393,9.16681,-0.16288,8.61624,0.29556,7.47167,-0.18616
2022-10-03,9.11504,9.05623,0.05881,8.6923,0.3202,7.47849,-0.18683
2022-10-04,9.0601,8.80171,0.25839,8.43085,0.58699,7.06702,0.01469
2022-10-05,9.07085,8.80577,0.26507,8.42343,0.59962,6.84895,0.03963
2022-10-06,9.06427,8.80377,0.2605,8.3501,0.53811,6.79523,0.01602
2022-10-07,9.0437,8.71731,0.32639,8.23767,0.5425,6.6624,0.17063
2022-10-08,8.92226,8.6407,0.28156,8.09889,0.59276,6.69283,0.0606
2022-10-09,9.06346,8.73856,0.3249,8.15758,0.65124,6.79387,0.15022
2022-10-10,9.06878,8.79995,0.26882,8.30085,0.65756,6.89221,-0.04846
2022-10-11,9.16691,8.82836,0.33855,8.4141,0.63713,6.81238,0.16304
2022-10-12,9.11691,8.76566,0.35124,8.41497,0.58242,6.75652,0.16317
2022-10-13,9.10986,8.79337,0.31649,8.33866,0.63305,6.88044,0.09964
2022-10-14,9.07761,8.70468,0.37293,8.24513,0.61848,6.77263,0.13011
2022-10-15,8.97601,8.62954,0.34647,8.11445,0.60503,6.80614,0.04821
2022-10-16,9.04228,8.70571,0.33657,8.20626,0.67474,6.80151,0.15978
2022-10-17,9.07108,8.77591,0.29517,8.39283,0.8133,6.89288,-0.0084
2022-10-18,9.11844,8.76158,0.35687,8.4722,0.5802,6.83083,0.09477
2022-10-19,9.0858,8.77246,0.31333,8.41767,0.65065,6.77108,0.24732
2022-10-20,9.13852,8.77848,0.36004,8.4448,0.62386,6.83953,0.27848
2022-10-21,9.08012,8.72941,0.35071,8.34848,0.61698,6.86271,0.19088
2022-10-22,9.05847,8.6854,0.37307,8.26116,0.5982,6.8137,0.27053
2022-10-23,9.10264,8.74347,0.35918,8.38304,0.70998,6.86535,0.28614
2022-10-24,9.15715,8.78195,0.3752,8.50629,0.59178,6.91032,0.49639
2022-10-25,9.13303,8.78266,0.35036,8.49685,0.58395,6.82706,0.25549
2022-10-26,9.10287,8.79315,0.30972,8.46398,0.57379,6.81297,0.25606
2022-10-27,9.08874,8.74231,0.34643,8.40396,0.57646,6.72184,0.25637
2022-10-28,9.10498,8.74592,0.35906,8.32431,0.56927,6.76718,0.33779
2022-10-29,9.01627,8.69058,0.32569,8.2875,0.43427,6.76844,0.22182
2022-10-30,9.14153,9.00199,0.13954,8.82669,0.18447,7.27176,0.00411
2022-10-31,9.36803,9.37374,-0.00571,8.93754,0.21294,7.56004,-0.13349
2022-11-01,9.26511,9.12197,0.14314,8.66157,0.42151,7.29675,0.09528
2022-11-02,9.22414,9.01296,0.21119,8.59929,0.47832,7.07369,0.02055
2022-11-03,9.26122,8.94225,0.31898,8.54727,0.51085,7.00819,0.16423
2022-11-04,9.17066,8.84696,0.3237,8.45005,0.56804,6.87915,0.30926
2022-11-05,9.18009,8.78646,0.39363,8.25894,0.58178,6.91315,0.29988
2022-11-06,9.29026,8.83819,0.45207,8.34023,0.68738,7.08546,0.24887
2022-11-07,9.34984,8.90394,0.4459,8.50196,0.6712,7.1376,0.08861
2022-11-08,9.38865,8.88636,0.5023,8.52116,0.6123,6.92522,0.24259
2022-11-09,9.4481,8.85158,0.59652,8.51179,0.67324,7.10044,0.31474
2022-11-10,9.42448,8.85199,0.57249,8.49288,0.63342,6.92284,0.23723
2022-11-11,9.47324,8.92978,0.54346,8.44024,0.61928,6.92245,0.27199
2022-11-12,9.52501,8.88172,0.64329,8.2884,0.6496,6.91432,0.32489
2022-11-13,9.50137,8.92463,0.57674,8.3738,0.72359,7.10834,0.22141
2022-11-14,9.63142,8.9695,0.66192,8.54351,0.70778,7.15813,0.1059
2022-11-15,9.75377,8.97421,0.77956,8.57995,0.72697,7.02914,0.33351
2022-11-16,10.61032,9.05949,1.55082,8.66651,1.70963,7.12808,0.36244
2022-11-17,9.96829,9.0429,0.92539,8.60879,0.85891,7.01499,0.3095
2022-11-18,9.71794,8.99566,0.72229,8.44014,0.77528,6.97482,0.35098
2022-11-19,9.78335,8.98037,0.80298,8.33843,0.69589,7.02214,0.45659
2022-11-20,10.11703,9.38352,0.73351,8.73843,0.69177,7.87763,0.40384
2022-11-21,10.16389,9.23567,0.92822,8.65913,1.04163,7.2335,0.45221
2022-11-22,11.98341,9.31408,2.66933,8.72743,2.983,7.29121,1.98801
2022-11-23,10.50504,9.33751,1.16753,8.78899,0.92036,7.35623,0.547
2022-11-24,10.28131,10.16576,0.11555,9.66018,-0.21619,8.2598,-0.18236
2022-11-25,10.12887,9.5582,0.57067,8.81566,0.59615,7.67766,0.17049
2022-11-26,11.68166,9.45118,2.23048,8.47111,2.60932,7.74746,2.349
2022-11-27,10.88648,9.32823,1.55826,8.52688,1.30355,7.53,0.9422
2022-11-28,10.42519,10.22183,0.20336,9.39981,0.12454,8.89192,-0.21858
2022-11-29,10.43226,9.60012,0.83214,8.77808,0.71759,7.80632,0.0669
2022-11-30,11.35455,9.36254,1.99202,8.57287,2.34918,7.58466,1.78346
2022-12-01,10.52213,9.26484,1.25728,8.55287,1.13655,7.66122,0.53934
2022-12-02,9.99848,9.67137,0.32711,8.70893,0.44399,8.02666,0.01668
2022-12-03,11.01925,9.36205,1.6572,8.33369,1.44943,7.65515,1.95296
2022-12-04,10.29109,9.12608,1.16501,8.272,0.94541,7.46762,0.90593
2022-12-05,10.07361,9.31106,0.76255,8.62279,0.55068,7.5613,0.34966
2022-12-06,10.04733,9.21248,0.83485,8.36543,0.90034,7.30215,0.46596
2022-12-07,9.91041,9.06198,0.84843,8.28684,0.90116,7.13973,0.61475
2022-12-08,9.75967,9.0695,0.69017,8.17699,0.80444,7.14177,0.4974
2022-12-09,11.72319,9.54552,2.17768,8.6461,2.53534,8.12971,2.50055
2022-12-10,11.19577,9.30029,1.89548,8.36286,1.48954,7.43823,1.82043
2022-12-11,10.5776,9.10344,1.47417,8.18143,1.08963,7.27018,1.11599
2022-12-12,10.44921,9.07908,1.37013,8.24866,1.1337,7.53033,0.69678
2022-12-13,11.8883,9.27795,2.61036,8.33356,2.43248,8.03835,2.96679
2022-12-14,11.48043,9.20929,2.27114,8.24089,1.58089,7.46093,2.2739
2022-12-15,10.93817,9.03957,1.8986,8.08307,1.25689,7.16583,1.62596
2022-12-16,10.52902,8.91229,1.61674,8.01512,1.16156,7.00593,1.30153
2022-12-17,10.62408,8.92784,1.69624,8.04644,1.13241,7.15238,1.48579
2022-12-18,13.24331,9.53545,3.70786,8.14763,3.01301,8.12601,3.72665
2022-12-19,12.74715,9.54234,3.20481,8.16419,2.03821,7.69426,2.88913
2022-12-20,12.07307,9.35384,2.71923,8.16325,1.85882,7.47138,2.60425
2022-12-21,11.61443,9.18699,2.42744,8.07602,1.63115,7.29342,2.26107
2022-12-22,11.0218,9.0183,2.00351,7.99874,1.25858,7.13108,1.58644
2022-12-23,10.55307,8.91939,1.63368,7.97837,1.11003,6.9581,1.37373
2022-12-24,10.29157,8.82255,1.46902,7.89504,1.07182,7.05245,1.14564
2022-12-25,10.1766,8.84267,1.33393,7.91745,0.97254,7.08065,1.09742
2022-12-26,9.97301,8.83462,1.13839,8.03683,0.89657,7.14339,0.90124
2022-12-27,9.8207,8.80573,1.01497,8.00609,0.9072,7.00428,0.74676
2022-12-28,9.74009,8.79988,0.9402,8.00163,0.87029,6.93129,0.70354
2022-12-29,9.69966,8.86965,0.83,8.0811,0.78773,7.06012,0.67967
2022-12-30,9.69369,8.90951,0.78418,8.04216,0.76919,7.17191,0.59451
2022-12-31,9.55655,8.75919,0.79736,7.87804,0.79478,6.94564,0.6447
2023-01-01,9.51481,8.90142,0.61338,8.12594,0.56957,7.3196,0.332
2023-01-02,9.53993,9.00797,0.53196,8.20488,0.64248,7.25303,0.31948
2023-01-03,9.46444,8.86365,0.60079,8.14094,0.73658,7.03481,0.44053
2023-01-04,9.46102,8.81132,0.6497,8.09526,0.70425,6.95197,0.48935
2023-01-05,9.41467,8.84046,0.57421,8.04024,0.77484,7.09867,0.37213
2023-01-06,9.36298,8.77636,0.58661,8.0187,0.76562,6.98263,0.47613
2023-01-07,9.32545,8.75124,0.57422,7.93851,0.74284,7.13279,0.36386
2023-01-08,9.33653,8.91424,0.42229,8.29235,0.55616,7.47382,0.14099
2023-01-09,9.37729,9.12428,0.25301,8.39704,0.49571,7.54235,0.02861
2023-01-10,9.29358,8.94742,0.34616,8.25124,0.60656,7.22974,0.2273
2023-01-11,9.37653,8.82819,0.54834,8.17752,0.71811,7.06136,0.43084
2023-01-12,9.31731,8.79467,0.52264,8.13739,0.73929,6.99342,0.37932
2023-01-13,9.27865,8.75671,0.52194,8.09601,0.72321,7.00709,0.50115
2023-01-14,9.2533,8.70081,0.55249,8.01817,0.73504,6.92222,0.45367
2023-01-15,9.29487,8.77423,0.52064,8.16161,0.65539,7.10944,0.72337
2023-01-16,9.26559,8.7623,0.50329,8.14412,0.68847,6.99118,0.4472
2023-01-17,9.2821,8.75095,0.53115,8.17716,0.69756,6.94786,0.36536
2023-01-18,9.23708,8.77477,0.46231,8.14689,0.72923,6.92645,0.50781
2023-01-19,9.27285,8.76425,0.50859,8.19589,0.68566,6.93565,0.69043
2023-01-20,9.21164,8.71384,0.4978,8.18012,0.67896,6.94444,0.38531
2023-01-21,9.25493,8.73728,0.51765,8.07114,0.69899,6.88756,0.2521
2023-01-22,9.25837,8.77413,0.48424,8.19498,0.61578,7.19392,0.48486
2023-01-23,9.36666,8.79897,0.56769,8.25192,0.64521,7.10937,0.55966
2023-01-24,9.2751,8.84962,0.42548,8.26728,0.73555,6.9414,0.48038
2023-01-25,9.21094,8.80068,0.41026,8.28601,0.63357,6.92279,0.40696
2023-01-26,9.20211,8.77945,0.42266,8.26772,0.59872,7.03445,0.26468
2023-01-27,9.1262,8.70884,0.41736,8.13815,0.62903,6.88468,0.33934
2023-01-28,9.16472,8.67974,0.48497,8.06536,0.7448,6.92495,0.44339
2023-01-29,9.21433,8.86769,0.34665,8.10198,0.69828,7.26033,0.73801
2023-01-30,9.17565,8.82073,0.35492,8.156,0.75297,7.3017,0.31359
2023-01-31,9.15525,9.08403,0.07122,8.2307,0.67583,7.38729,0.07263
2023-02-01,9.12511,8.82408,0.30103,8.23691,0.68388,7.05785,0.17849
2023-02-02,9.14249,8.7374,0.40509,8.15743,0.71309,6.95155,0.15177
2023-02-03,9.13981,8.75195,0.38786,8.12804,0.65137,6.88356,0.24653
2023-02-04,9.01894,8.75936,0.25958,8.13492,0.58407,7.07604,0.05726
2023-02-05,9.06762,8.77863,0.28899,8.16165,0.61975,7.28514,0.00584
2023-02-06,9.07738,8.80144,0.27594,8.24902,0.60778,7.01937,0.06988
2023-02-07,9.09986,8.767,0.33285,8.27812,0.61491,6.92191,0.26347
2023-02-08,9.0103,8.69672,0.31359,8.21125,0.63596,6.86896,0.18808
2023-02-09,9.09829,8.70908,0.38921,8.2192,0.61921,6.79615,0.19961
2023-02-10,9.02906,8.7009,0.32816,8.23895,0.57211,6.83903,0.14105
2023-02-11,9.09336,8.69091,0.40245,8.10733,0.62836,6.7879,0.33899
2023-02-12,9.22177,8.75356,0.46821,8.21528,0.6224,7.12406,0.4546
2023-02-13,9.07521,8.75885,0.31636,8.2604,0.60844,6.87427,0.43159
2023-02-14,9.04535,8.69002,0.35533,8.16349,0.62098,6.86269,0.27618
2023-02-15,9.02666,8.69871,0.32795,8.16991,0.64872,6.95413,0.22974
2023-02-16,9.063,8.73125,0.33175,8.1889,0.63593,6.82405,0.22521
2023-02-17,9.06381,8.70275,0.36106,8.08493,0.65701,6.7263,0.26946
2023-02-18,9.04747,8.6361,0.41137,8.05244,0.61421,6.70687,0.31333
2023-02-19,9.01493,8.70386,0.31107,8.07868,0.61028,6.94347,0.20566
2023-02-20,9.03109,8.73659,0.2945,8.21059,0.58028,6.8683,0.25779
2023-02-21,9.04864,8.75759,0.29106,8.22683,0.6201,6.80609,0.27562
2023-02-22,9.05029,8.75086,0.29943,8.2387,0.66688,6.82978,0.28418
2023-02-23,9.05789,8.75519,0.3027,8.19104,0.71589,6.82106,0.182
2023-02-24,9.04688,8.71777,0.32911,8.12546,0.66618,6.80301,0.14588
2023-02-25,9.03217,8.69682,0.33535,8.03472,0.71959,6.77174,0.29984
2023-02-26,9.08455,8.77681,0.30774,8.13903,0.63203,6.91942,0.29729
2023-02-27,9.20904,8.78287,0.42617,8.26458,0.60916,6.87408,0.27111
2023-02-28,9.19726,8.77957,0.41769,8.27801,0.66563,6.8264,0.28267
2023-03-01,9.15852,8.78763,0.37089,8.33553,0.64351,6.83104,0.22943
2023-03-02,9.17998,8.82295,0.35704,8.32363,0.67931,7.11554,0.43774
2023-03-03,9.3051,8.81637,0.48874,8.24646,0.71323,6.91958,0.55746
2023-03-04,9.12805,8.76098,0.36707,8.12045,0.63812,6.7734,0.3567
2023-03-05,9.13443,8.7853,0.34913,8.08964,0.79524,7.08119,0.12889
2023-03-06,9.07119,8.80166,0.26954,8.2704,0.7421,6.92793,0.20056
2023-03-07,9.072,8.77837,0.29363,8.23632,0.78612,6.84701,0.25302
2023-03-08,9.05824,8.75829,0.29995,8.25364,0.74003,6.83532,0.29317
2023-03-09,9.0545,8.78822,0.26628,8.30926,0.66498,6.90195,0.26971
2023-03-10,9.03121,8.80748,0.22373,8.17972,0.75329,6.82678,0.34641
2023-03-11,9.00528,9.02272,-0.01744,8.0958,0.70145,6.87758,0.46779
2023-03-12,9.0431,8.8626,0.1805,8.13206,0.77595,7.04518,0.36879
2023-03-13,9.07337,8.78753,0.28584,8.27805,0.77376,6.85806,0.39044
2023-03-14,9.0517,8.77948,0.27222,8.34592,0.71348,6.92329,0.32379
2023-03-15,9.17823,8.74444,0.43379,8.26802,0.89962,6.88238,0.43018
2023-03-16,9.17751,8.77551,0.402,8.28832,0.75099,6.84485,0.30034
2023-03-17,9.67237,8.71926,0.95311,8.16582,0.77534,6.73877,0.4213
2023-03-18,9.12456,8.68118,0.44338,8.01611,0.74041,6.66075,0.23595
2023-03-19,9.05392,8.79767,0.25625,8.07057,0.79995,7.05037,0.36059
2023-03-20,9.11361,8.79579,0.31782,8.23431,0.85477,7.32926,0.03465
2023-03-21,9.33574,8.79294,0.5428,8.28304,0.82138,6.99645,0.18666
2023-03-22,9.27987,8.7393,0.54057,8.27855,0.94115,6.90013,0.15173
2023-03-23,9.74958,8.75625,0.99332,8.27765,1.45089,6.77286,0.33538
2023-03-24,10.26837,8.83356,1.43481,8.42928,1.59696,6.74192,0.54084
2023-03-25,9.29551,8.79784,0.49767,8.27267,0.77185,6.97509,0.29174
2023-03-26,9.35703,8.86277,0.49426,8.32741,0.72112,6.98087,0.18848
2023-03-27,9.44912,8.78967,0.65945,8.3862,0.81591,6.8509,0.27518
2023-03-28,9.52858,8.8222,0.70638,8.53368,1.03706,6.82419,0.321
2023-03-29,10.1453,8.75766,1.38764,8.33133,1.60685,6.79465,0.36852
2023-03-30,9.32313,8.7448,0.57834,8.26555,0.88409,6.8506,0.2601
2023-03-31,9.13809,8.67199,0.4661,8.13132,0.90586,6.70847,0.31351
2023-04-01,9.00455,8.61408,0.39047,7.92032,0.9207,6.65519,0.30895
2023-04-02,9.07784,8.84262,0.23522,8.01467,0.91331,6.96568,0.16681
2023-04-03,9.04358,8.72666,0.31692,8.12545,0.88619,6.66327,0.17728
2023-04-04,8.98994,8.7003,0.28965,8.05495,0.89727,6.68711,0.15237
2023-04-05,8.91651,8.58709,0.32941,7.95124,0.92838,6.57427,0.26414
2023-04-06,8.89069,8.58815,0.30253,7.9473,0.77463,6.53172,0.45762
2023-04-07,8.94076,8.60326,0.3375,7.92262,0.85092,6.67352,0.25109
2023-04-08,8.93406,8.57518,0.35888,7.92831,0.81203,6.58053,0.22408
2023-04-09,8.91395,8.65581,0.25814,8.00532,0.82024,6.71071,0.24869
2023-04-10,8.95429,8.68918,0.26511,8.16395,0.83739,6.77269,0.18195
2023-04-11,8.9933,8.72431,0.26899,8.26106,0.8024,6.88691,0.04652
2023-04-12,9.07532,8.70845,0.36687,8.27373,0.81726,6.82297,0.12785
2023-04-13,8.98156,8.64279,0.33876,8.27681,0.7937,6.79195,0.17878
2023-04-14,8.99194,8.64416,0.34778,8.20474,0.77468,6.73817,0.18546
2023-04-15,8.98319,8.56459,0.4186,8.01734,0.78579,6.69191,0.25794
2023-04-16,9.02774,8.60451,0.42323,8.14654,0.84825,6.8882,0.14706
2023-04-17,9.04723,8.65371,0.39352,8.24473,0.83721,6.78483,0.23536
2023-04-18,9.00859,8.66525,0.34335,8.26846,0.76036,6.8279,0.16969
2023-04-19,8.98707,8.66885,0.31822,8.31958,0.74527,6.87188,0.1739
2023-04-20,9.05345,8.73725,0.31621,8.36707,0.66749,6.77708,0.2002
2023-04-21,9.04582,8.7842,0.26162,8.22766,0.75339,6.6647,0.30321
2023-04-22,8.975,8.66007,0.31492,8.06739,0.73814,6.62204,0.24801
2023-04-23,9.02582,8.68419,0.34163,8.2007,0.76028,6.79055,0.27421
2023-04-24,9.11052,8.74728,0.36324,8.37307,0.73069,6.83101,0.20161
2023-04-25,9.0858,8.71945,0.36635,8.31654,0.73199,6.91654,0.12312
2023-04-26,9.1581,8.74277,0.41533,8.35536,0.71365,6.77513,0.20959
2023-04-27,9.14399,8.75275,0.39124,8.29785,0.70768,6.82219,0.15136
2023-04-28,9.08806,8.74566,0.3424,8.11095,0.73957,6.73181,0.23138
2023-04-29,8.98469,8.67209,0.31261,7.97682,0.73347,6.70301,0.40769
2023-04-30,9.02497,8.68766,0.33731,8.12285,0.70828,6.82285,0.12892
2023-05-01,9.10119,8.7887,0.3125,8.21651,0.70709,6.81093,0.18209
2023-05-02,9.0867,8.73325,0.35345,8.23495,0.75387,6.76056,0.26676
2023-05-03,9.09684,8.75508,0.34175,8.26735,0.69337,6.80062,0.49511
2023-05-04,9.063,8.73756,0.32544,8.27001,0.6585,6.78557,0.29277
2023-05-05,9.07406,8.75241,0.32165,8.18576,0.56604,6.66213,0.25854
2023-05-06,8.91852,8.60933,0.30918,8.0621,0.63708,6.55208,0.36958
2023-05-07,9.00749,8.66473,0.34276,8.15982,0.90942,6.71432,0.31211
2023-05-08,9.10353,8.85208,0.25146,8.33665,0.59965,6.87934,0.26191
2023-05-09,9.10798,8.82299,0.28499,8.30782,0.64414,6.85871,0.28728
2023-05-10,9.06762,8.75371,0.31391,8.23768,0.70321,6.87414,0.17425
2023-05-11,9.04982,8.72534,0.32448,8.23361,0.69211,6.79415,0.20162
2023-05-12,9.06543,8.71194,0.35349,8.13756,0.69809,6.68836,0.26054
2023-05-13,8.97588,8.56439,0.4115,7.91881,0.70328,6.52983,0.2421
2023-05-14,8.94259,8.59616,0.34643,8.0031,0.79354,6.69475,0.17634
2023-05-15,9.16241,8.76533,0.39708,8.23932,0.68067,6.73605,0.56307
2023-05-16,9.23435,8.796,0.43835,8.27363,0.66372,6.93663,0.2623
2023-05-17,9.13141,8.72095,0.41045,8.23074,0.67687,6.82918,0.16842
2023-05-18,9.07624,8.74425,0.33199,8.19194,0.70012,6.68471,0.28883
2023-05-19,9.02906,8.65239,0.37667,8.08503,0.70051,6.69622,0.20853
2023-05-20,9.01894,8.58879,0.43015,7.93791,0.91247,6.58059,0.37118
2023-05-21,9.0269,8.6762,0.3507,8.11152,0.79609,6.65836,0.23631
2023-05-22,9.17202,8.7619,0.41012,8.25884,0.71159,6.73499,0.5553
2023-05-23,9.12554,8.76959,0.35596,8.27085,0.72604,6.78476,0.43488
2023-05-24,9.09672,8.73018,0.36654,8.2888,0.63918,6.75934,0.31309
2023-05-25,9.10409,8.90379,0.2003,8.29163,0.67702,6.96358,0.88222
2023-05-26,9.02015,8.70099,0.31916,8.09575,0.79315,6.71054,0.20618
2023-05-27,9.03646,8.59472,0.44174,8.03591,0.75801,6.44551,0.27832
2023-05-28,9.0081,8.61452,0.39358,8.10822,0.73236,6.61982,0.13944
2023-05-29,9.02099,8.69064,0.33035,8.21933,0.74332,6.65011,0.18936
2023-05-30,9.09952,8.79204,0.30748,8.26685,0.676,6.75169,0.22373
2023-05-31,9.10897,8.78338,0.32559,8.31128,0.80563,6.77493,0.14673
2023-06-01,9.09032,8.72457,0.36574,8.26163,0.70766,6.73576,0.2141
2023-06-02,8.97005,8.65838,0.31167,8.15072,0.64486,6.62038,0.25897
2023-06-03,9.0444,8.63475,0.40965,8.10902,0.6404,6.48993,0.30913
2023-06-04,9.06265,8.7286,0.33405,8.15363,0.67823,6.71575,0.2606
2023-06-05,9.08749,8.74392,0.34357,8.22556,0.67089,6.75296,0.20453
2023-06-06,9.03837,8.68579,0.35257,8.22187,0.69248,6.73636,0.12325
2023-06-07,9.11019,8.67745,0.43274,8.20058,0.71606,6.64121,0.33233
2023-06-08,9.14345,8.71104,0.43241,8.31542,0.60082,6.82925,0.13772
2023-06-09,9.04322,8.65956,0.38366,8.13392,0.63621,6.59038,0.29205
2023-06-10,9.05731,8.67128,0.38603,8.0218,0.66311,6.88074,0.01393
2023-06-11,9.19543,8.8508,0.34463,8.34623,0.50815,7.04655,-0.11508
2023-06-12,9.20432,8.82262,0.38171,8.40782,0.49694,6.93097,0.11219
2023-06-13,9.52303,8.70266,0.82037,8.23509,0.61585,6.79586,0.17674
2023-06-14,9.2735,8.71359,0.55991,8.34805,0.54827,6.77221,0.12145
2023-06-15,10.05659,8.722,1.3346,8.31003,1.17453,6.74928,0.37762
2023-06-16,9.29881,8.70797,0.59084,8.22117,0.63221,6.78856,0.23698
2023-06-17,9.22079,8.77869,0.44209,8.13948,0.55703,6.6649,0.09898
2023-06-18,9.25741,8.85675,0.40066,8.16506,0.56012,6.95174,0.13917
2023-06-19,9.91255,8.82998,1.08257,8.16298,1.14703,7.00218,0.17407
2023-06-20,9.42408,8.84534,0.57874,8.47112,0.58221,7.50308,-0.33604
2023-06-21,9.26814,8.90169,0.36645,8.33794,0.53791,7.04042,0.02177
2023-06-22,9.26208,8.80579,0.45628,8.11892,0.70414,6.85376,0.35336
2023-06-23,9.13292,8.70827,0.42465,8.00991,0.72369,6.67311,0.37874
2023-06-24,9.08602,8.60455,0.48147,7.89973,0.79878,6.63343,0.14422
2023-06-25,9.34679,8.71089,0.6359,7.99578,0.8684,6.73225,0.21087
2023-06-26,9.8484,8.73165,1.11675,8.10896,0.75026,6.92717,0.06768
2023-06-27,9.437,8.74494,0.69206,8.10916,0.70234,6.9118,0.56298
2023-06-28,9.04947,8.91532,0.13415,8.11457,0.70169,6.82439,0.03942
2023-06-29,9.02365,8.71536,0.30829,8.07037,0.79098,6.75976,0.09985
2023-06-30,9.00565,8.65967,0.34598,7.96383,0.71531,6.63978,0.28876
2023-07-01,8.93748,8.60728,0.3302,7.85593,0.76814,6.69496,0.10186
2023-07-02,9.0497,8.69521,0.3545,7.89943,0.96334,7.01171,-0.05898
2023-07-03,9.14538,8.70541,0.43996,7.9745,0.90776,6.84141,0.04103
2023-07-04,9.10698,8.69616,0.41082,8.03363,0.7689,6.73361,0.22674
2023-07-05,9.12783,8.68575,0.44208,8.11632,0.71831,6.78839,0.12436
2023-07-06,9.05497,8.64172,0.41325,8.12056,0.68046,6.67441,0.14342
2023-07-07,9.03515,8.63739,0.39776,8.03767,0.60209,6.65611,0.19824
2023-07-08,9.09515,8.68809,0.40707,7.97948,0.59937,6.8159,0.05103
2023-07-09,9.18246,8.72731,0.45514,8.11662,0.71495,6.87561,0.46587
2023-07-10,9.12533,8.70136,0.42396,8.1024,0.71963,6.78091,0.27354
2023-07-11,9.0457,8.67701,0.36869,8.06812,0.64497,6.6836,0.22914
2023-07-12,9.00061,8.65502,0.34559,8.08869,0.5855,6.62677,0.17228
2023-07-13,8.98017,8.69225,0.28792,8.07528,0.52607,6.66736,0.21097
2023-07-14,9.02834,8.68664,0.3417,7.95282,0.66059,6.6171,0.11868
2023-07-15,9.11383,8.64463,0.4692,7.8909,0.63327,6.77401,0.11354
2023-07-16,9.0984,8.68598,0.41242,7.9511,0.65885,6.6932,0.19026
2023-07-17,9.12913,8.71634,0.41279,8.04831,0.61384,6.78687,0.2171
2023-07-18,9.03277,8.69173,0.34103,8.04691,0.51679,6.82613,0.07662
2023-07-19,9.03943,8.7016,0.33784,8.07419,0.48223,6.69239,0.13089
2023-07-20,9.12467,8.74496,0.37971,8.10211,0.43056,6.68107,0.12686
2023-07-21,9.05719,8.70564,0.35155,8.01685,0.49814,6.69156,0.19701
2023-07-22,9.09313,8.69636,0.39677,7.99123,0.56441,6.83476,0.13032
2023-07-23,9.07601,8.74967,0.32634,7.98876,0.69293,6.89114,0.18467
2023-07-24,9.15493,8.7624,0.39253,8.04906,0.77532,7.01829,0.23801
2023-07-25,9.03943,8.78114,0.25829,8.16318,0.51834,7.01231,0.07275
2023-07-26,9.02461,8.69989,0.32473,8.03794,0.6569,6.82026,0.17091
2023-07-27,9.00491,8.69009,0.31483,8.03579,0.66622,6.76791,0.15375
2023-07-28,9.13626,8.68397,0.4523,8.00724,0.87917,6.87198,0.38994
2023-07-29,9.07669,8.69926,0.37743,8.01134,0.56544,6.92797,0.10994
2023-07-30,9.06901,8.85131,0.2177,8.21974,0.41719,7.7007,-0.5138
2023-07-31,9.02039,8.7783,0.24209,8.12836,0.65962,6.8957,-0.05089
2023-08-01,9.07555,8.98186,0.09369,8.18639,0.63179,6.82338,0.06213
2023-08-02,9.12118,8.82055,0.30063,8.16577,0.67972,6.86749,0.15716
2023-08-03,9.08455,8.78859,0.29596,8.23312,0.47981,6.76058,0.14917
2023-08-04,9.01079,8.70377,0.30702,8.02252,0.64516,6.76167,0.18819
2023-08-05,9.07829,8.62095,0.45734,7.93974,0.61282,6.6677,0.26279
2023-08-06,9.59274,8.71322,0.87952,7.98613,0.68,7.1313,0.03187
2023-08-07,9.149,8.68083,0.46816,8.075,0.67251,6.86075,0.03897
2023-08-08,9.06774,8.86767,0.20007,8.29042,0.45311,7.12324,-0.22655
2023-08-09,9.01042,8.72902,0.2814,8.20534,0.53819,6.80754,-0.0402
2023-08-10,9.00663,8.77259,0.23404,8.19057,0.59083,6.85699,-0.00053
2023-08-11,9.03967,8.69332,0.34635,8.07183,0.61477,6.67334,0.09401
2023-08-12,8.95157,8.88415,0.06742,8.15697,0.4653,7.20776,-0.34605
2023-08-13,9.11218,8.81784,0.29433,8.07258,0.82373,6.81895,0.15272
2023-08-14,9.56057,8.76937,0.79121,8.12947,1.54064,6.67155,0.65162
2023-08-15,9.35764,8.74797,0.60967,8.17701,1.18003,6.70022,0.51722
2023-08-16,9.25436,8.74973,0.50463,8.20927,0.98697,6.68182,0.36396
2023-08-17,9.22543,8.73171,0.49372,8.19487,0.85659,6.6619,0.38736
2023-08-18,9.13368,8.74107,0.39261,8.14164,0.79505,6.60494,0.30181
2023-08-19,9.08432,8.65998,0.42434,7.99462,0.81688,6.56881,0.2887
2023-08-20,9.11317,8.71305,0.40012,8.02054,0.82941,6.77708,0.27477
2023-08-21,9.13486,8.73314,0.40172,8.16125,0.7527,6.85231,0.51855
2023-08-22,9.12467,8.73335,0.39133,8.17124,0.7338,6.9649,0.08609
2023-08-23,9.11162,8.73831,0.37332,8.17738,0.73631,6.80938,0.15002
2023-08-24,9.53329,8.77437,0.75892,8.16487,0.81467,6.83566,1.0985
2023-08-25,9.33768,8.77351,0.56417,8.17898,0.65171,6.88269,0.67687
2023-08-26,9.14719,8.65417,0.49301,7.99972,0.64956,6.71503,0.42304
2023-08-27,9.17077,8.74972,0.42104,8.01214,0.68554,6.79963,0.35654
2023-08-28,9.17689,8.76211,0.41478,8.1867,0.59501,6.72516,1.13965
2023-08-29,9.10698,8.74467,0.36231,8.15729,0.60457,6.66575,0.45953
2023-08-30,9.07521,8.74602,0.32919,8.149,0.6188,6.67282,0.32752
2023-08-31,9.09279,8.72284,0.36996,8.12314,0.7541,6.61815,0.29757
2023-09-01,9.0373,8.64414,0.39316,8.04621,0.66243,6.56974,0.26973
2023-09-02,8.9629,8.57032,0.39259,7.96293,0.67913,6.51047,0.22649
2023-09-03,9.01688,8.64979,0.36708,8.03577,0.69508,6.65213,0.35638
2023-09-04,9.07509,8.73735,0.33775,8.16317,0.62983,6.73616,0.18648
2023-09-05,9.125,8.77278,0.35222,8.21042,0.61734,6.73194,0.16778
2023-09-06,9.23484,8.78006,0.45478,8.25857,0.72988,6.77416,0.1346
2023-09-07,9.61667,8.90628,0.71039,8.4719,1.064,6.7559,0.22696
2023-09-08,10.17687,8.94413,1.23274,8.75749,1.03121,6.72719,0.50626
2023-09-09,9.71251,9.04441,0.6681,8.76672,0.034,6.73515,0.43574
2023-09-10,9.55414,9.06362,0.49052,8.21424,0.58043,6.88079,0.25251
2023-09-11,9.51907,8.99026,0.52882,8.36069,0.62676,7.18057,0.07007
2023-09-12,9.75979,8.96849,0.7913,8.74563,0.96911,7.08968,0.08351
2023-09-13,9.74355,9.02708,0.71648,8.85791,0.09405,6.954,0.10389
2023-09-14,9.72149,9.17776,0.54373,8.19887,0.45791,6.93384,0.1275
2023-09-15,9.45939,8.93644,0.52294,8.0605,0.53513,6.79183,0.2806
2023-09-16,9.31991,8.80226,0.51765,8.00137,0.5448,6.7564,0.19154
2023-09-17,9.21214,8.71845,0.49369,8.0928,0.52098,6.86968,0.1865
2023-09-18,9.25522,8.82054,0.43468,8.22619,0.46982,6.7826,0.18059
2023-09-19,9.16952,8.7936,0.37592,8.18536,0.56975,6.76492,0.21609
2023-09-20,9.16566,8.88116,0.28449,8.14042,0.59656,6.83868,0.11787
2023-09-21,9.13389,8.79816,0.33573,8.07965,0.59318,6.7068,0.15386
2023-09-22,9.20904,8.78127,0.42777,8.07016,0.58104,6.72288,0.10691
2023-09-23,9.00369,8.80767,0.19602,7.94989,0.55867,6.6402,0.30389
2023-09-24,9.02184,8.68264,0.3392,8.00609,0.58249,6.86741,0.62868
2023-09-25,9.04192,8.74346,0.29846,8.1486,0.57121,7.43103,-0.35861
2023-09-26,9.0956,8.76495,0.33065,8.17494,0.51721,6.79804,0.06262
2023-09-27,9.05719,8.81484,0.24235,8.17367,0.57432,6.72498,0.12621
2023-09-28,9.07784,8.76997,0.30787,8.13615,0.51435,6.65482,0.37957
2023-09-29,9.02702,8.86517,0.16185,8.03628,0.49205,6.71585,0.17882
2023-09-30,9.03157,8.69139,0.34019,7.88752,0.58384,6.52583,0.2575
2023-10-01,8.97576,8.63471,0.34105,7.91119,0.69199,6.66825,0.2435
2023-10-02,9.04617,8.70868,0.3375,8.09198,0.6934,6.68582,0.11658
2023-10-03,9.06462,8.70089,0.36373,8.14814,0.58578,6.80581,0.14596
2023-10-04,9.07062,8.76875,0.30186,8.18462,0.58069,6.90636,0.00738
2023-10-05,9.18328,8.9307,0.25257,8.19966,0.52292,6.92944,0.08357
2023-10-06,9.05824,8.772,0.28624,8.0825,0.60123,6.66057,0.13849
2023-10-07,8.98093,8.63053,0.3504,7.91504,0.55464,6.61098,0.16439
2023-10-08,9.08251,8.6633,0.41921,7.99744,0.6116,6.6394,0.26535
2023-10-09,9.0965,8.74338,0.35312,8.19521,0.70833,6.61189,0.15661
2023-10-10,9.19085,8.7429,0.44796,8.25026,0.70299,6.74793,0.11587
2023-10-11,9.18799,8.7327,0.45529,8.33042,0.70985,6.59605,0.30065
2023-10-12,9.44518,8.8904,0.55478,8.87837,0.89876,6.72261,0.26764
2023-10-13,9.7629,9.04686,0.71604,8.75719,0.77683,6.67636,0.42036
2023-10-14,9.74964,8.80674,0.94289,8.04546,0.66285,6.78197,0.33685
2023-10-15,9.25436,8.7228,0.53156,8.07761,0.71007,6.88884,0.17421
2023-10-16,9.28563,8.92185,0.36379,8.25942,0.67253,6.84999,0.14394
2023-10-17,9.37729,9.00459,0.3727,8.6598,0.69073,6.72988,0.19178
2023-10-18,9.87735,9.23301,0.64434,8.9508,0.75953,6.82739,0.47645
2023-10-19,9.49032,8.90495,0.58537,8.30799,0.5816,6.69767,0.38151
2023-10-20,9.44983,8.74871,0.70112,8.18386,0.67379,6.67227,0.6456
2023-10-21,9.1883,8.69038,0.49792,8.07771,0.75313,6.65884,0.77955
2023-10-22,9.49243,8.7322,0.76024,8.19709,1.45028,6.84118,1.2127
2023-10-23,9.70832,8.78438,0.92395,8.35632,1.5016,6.88513,1.05296
2023-10-24,9.32723,8.76074,0.5665,8.33021,0.8039,6.86664,0.40158
2023-10-25,9.13508,8.7051,0.42998,8.20348,0.70913,6.64117,0.34355
2023-10-26,9.24048,8.7591,0.48139,8.15506,0.65436,6.76048,0.26238
2023-10-27,9.24898,8.68539,0.56359,8.00037,0.72562,6.62187,0.4682
2023-10-28,9.07624,8.61532,0.46092,7.90449,0.6689,6.60301,0.34493
2023-10-29,9.03026,8.70493,0.32533,8.02014,0.67453,6.85683,0.23074
2023-10-30,9.13583,8.739,0.39683,8.13364,0.61499,6.71072,0.36931
2023-10-31,9.12031,8.69034,0.42997,8.0343,0.64263,6.7181,0.37364
2023-11-01,9.0893,8.85579,0.23352,8.10468,0.5714,6.90967,0.13086
2023-11-02,9.07715,8.76042,0.31673,8.124,0.55241,6.75832,0.28309
2023-11-03,9.0538,8.73385,0.31995,8.10727,0.51284,6.93387,0.02932
2023-11-04,9.01773,8.68408,0.33365,8.09325,0.48202,6.81338,0.15075
2023-11-05,9.04405,8.75591,0.28813,8.20583,0.47569,7.01783,0.37296
2023-11-06,9.07761,8.74938,0.32823,8.22961,0.51408,6.82844,0.292
2023-11-07,9.03074,8.72698,0.30376,8.18308,0.50773,6.98013,0.09905
2023-11-08,9.05975,8.74423,0.31552,8.1298,0.56754,6.79481,0.18898
2023-11-09,9.10609,8.72577,0.38032,8.12717,0.57966,6.74182,0.17984
2023-11-10,9.11427,8.72914,0.38513,8.02538,0.64865,6.69788,0.29514
2023-11-11,9.12576,8.7606,0.36516,7.92612,0.70672,6.74507,0.23686
2023-11-12,9.20503,8.74028,0.46474,8.02166,0.6906,6.87206,0.20712
2023-11-13,9.21344,8.77761,0.43583,8.12525,0.83304,6.81864,0.20066
2023-11-14,9.27622,8.79285,0.48338,8.11573,0.81675,6.77576,0.16058
2023-11-15,9.18122,8.75435,0.42687,8.13101,0.82521,6.75589,0.30972
2023-11-16,9.41361,8.81586,0.59775,8.43677,0.91974,6.84094,0.2722
2023-11-17,10.3244,9.17893,1.14547,8.87395,0.94463,6.90697,0.55467
2023-11-18,9.64575,8.88841,0.75734,8.07449,0.7562,7.00225,0.31696
2023-11-19,9.75742,8.88995,0.86747,8.24809,1.65804,7.1384,1.02554
2023-11-20,11.32893,9.09242,2.23651,8.38653,2.19679,7.3796,2.3566
2023-11-21,10.86483,9.0398,1.82503,8.61621,1.3299,7.11605,1.74771
2023-11-22,10.63694,9.1852,1.45174,8.89144,1.18069,7.05485,1.26194
2023-11-23,9.95963,8.84672,1.11291,8.13449,1.08164,6.81791,0.99082
2023-11-24,9.76083,8.76119,0.99964,7.99121,1.06435,6.73455,0.93727
2023-11-25,9.6572,8.77297,0.88424,7.86456,0.9779,6.73435,0.80892
2023-11-26,9.62324,8.95202,0.67123,7.95689,0.93696,6.94214,0.72502
2023-11-27,9.55931,8.8102,0.7491,8.08338,0.8299,6.76447,0.70004
2023-11-28,9.55216,8.77521,0.77695,8.10529,0.8084,6.76588,0.73906
2023-11-29,9.4261,8.74312,0.68297,7.96949,0.83903,6.73845,0.65481
2023-11-30,9.3353,8.87935,0.45595,7.99653,0.76313,6.78542,0.43715
2023-12-01,9.33979,8.78903,0.55076,7.90952,0.74917,6.76584,0.56718
2023-12-02,9.2322,8.67574,0.55646,7.82825,0.74759,6.74171,0.44671
2023-12-03,9.18523,8.70194,0.48329,7.83632,0.78667,6.87381,0.3846
2023-12-04,9.23844,8.80735,0.43109,7.98306,0.7091,7.25313,0.10952
2023-12-05,9.22552,8.77247,0.45306,7.97753,0.68377,6.8886,0.25185
2023-12-06,9.16367,8.81961,0.34405,7.96201,0.71458,6.9708,0.1947
2023-12-07,9.16691,8.80256,0.36435,7.91768,0.71783,6.92482,0.23213
2023-12-08,9.14131,8.73885,0.40246,7.88518,0.71249,6.87872,0.24897
2023-12-09,9.15208,8.64203,0.51004,7.80448,0.83546,6.68635,0.56641
2023-12-10,9.84007,8.72709,1.11298,8.05023,2.07268,6.97561,1.17716
2023-12-11,9.98059,8.78995,1.19064,8.08673,1.5908,6.93904,1.17229
2023-12-12,9.51613,8.73136,0.78477,7.93607,1.26331,6.85451,0.79804
2023-12-13,9.64452,8.74923,0.89529,7.91706,1.2178,6.77035,0.86205
2023-12-14,9.41605,8.69777,0.71828,7.88181,1.09078,6.77178,0.59403
2023-12-15,9.27106,8.63057,0.64049,7.75632,1.11574,6.87866,0.50097
2023-12-16,9.25579,8.59064,0.66515,7.75645,0.96434,6.73318,0.39612
2023-12-17,9.24985,8.68755,0.5623,7.97543,0.81909,6.84204,0.59576
2023-12-18,9.36521,8.80554,0.55967,7.98064,0.87116,6.91168,0.61826
2023-12-19,9.20311,8.65158,0.55154,7.80151,0.89064,6.72121,0.53438
2023-12-20,9.17108,8.60731,0.56376,7.75709,0.94343,6.60435,0.57876
2023-12-21,9.3345,8.60401,0.73049,7.72336,1.40685,6.72079,0.92938
2023-12-22,9.20241,8.58259,0.61982,7.65084,1.0813,6.58231,0.76112
2023-12-23,9.14516,8.62838,0.51678,7.62026,0.97611,6.76312,0.52854
2023-12-24,9.13411,8.57667,0.55743,7.62627,0.91912,6.76132,0.49216
2023-12-25,9.13032,8.61179,0.51854,7.68436,0.81813,7.15242,0.21086
2023-12-26,9.17129,8.69594,0.47535,7.79979,0.81217,6.92434,0.33055
2023-12-27,9.25177,8.93675,0.31502,7.85053,0.8428,6.92649,0.26569
2023-12-28,9.24097,8.74683,0.49414,7.8336,0.83115,6.97055,0.78565
2023-12-29,9.24252,8.6669,0.57562,7.79363,0.79439,6.87338,0.64197
2023-12-30,9.28712,8.65132,0.6358,7.76647,0.73946,6.85612,0.75869
2023-12-31,9.30492,8.60435,0.70058,7.69267,0.85136,6.79943,0.50239
2024-01-01,9.21453,8.66198,0.55255,7.75428,0.74291,6.86639,0.39764
2024-01-02,9.24927,8.74626,0.50302,7.8194,0.78617,6.93011,0.28366
2024-01-03,9.23063,8.71017,0.52046,7.85618,0.75159,6.87755,0.55375
2024-01-04,9.22395,8.78834,0.43561,7.92723,0.69162,7.12992,0.2615
2024-01-05,9.1214,8.83789,0.28351,7.8602,0.65219,6.95623,0.31825
2024-01-06,9.09863,8.92207,0.17656,7.95734,0.58493,7.11677,0.43178
2024-01-07,9.17046,8.98604,0.18442,8.01135,0.57928,7.29655,0.4042
2024-01-08,9.14857,8.93121,0.21736,8.04842,0.5149,7.02471,0.37468
2024-01-09,9.24658,9.00292,0.24365,8.22731,0.42599,7.15521,0.29777
2024-01-10,9.32215,9.08683,0.23532,8.26483,0.46892,7.28695,0.3244
2024-01-11,9.19167,9.02824,0.16342,8.19266,0.49327,7.14171,0.29018
2024-01-12,9.18993,8.95207,0.23786,8.16393,0.46677,7.08177,0.30903
2024-01-13,9.11207,8.9407,0.17136,8.0631,0.44606,7.05505,0.33328
2024-01-14,9.11096,8.97832,0.13264,8.17028,0.43492,7.15122,0.28834
2024-01-15,9.13884,8.92964,0.20921,8.26059,0.42178,7.14256,0.16932
2024-01-16,9.17316,8.88324,0.28992,8.23392,0.45504,7.01826,0.32452
2024-01-17,9.201,8.86455,0.33645,8.21167,0.46116,7.11645,0.42311
2024-01-18,9.36828,8.91735,0.45093,8.16424,0.48468,6.98241,0.60693
2024-01-19,9.29624,8.86505,0.43119,8.04915,0.55989,6.97939,0.5089
2024-01-20,9.2192,8.83204,0.38716,7.99418,0.52261,6.89547,0.46844
2024-01-21,9.21054,8.92069,0.28985,8.08025,0.46027,7.0635,0.45185
2024-01-22,9.19055,8.86717,0.32337,8.1497,0.46788,6.9719,0.37411
2024-01-23,9.17098,8.8513,0.31967,8.13533,0.49126,6.97645,0.3247
2024-01-24,9.17357,8.87682,0.29675,8.14028,0.52378,7.022,0.77035
2024-01-25,9.25827,8.88203,0.37624,8.0842,0.57588,7.02152,0.79005
2024-01-26,9.13572,8.86943,0.2663,8.07836,0.44759,6.89045,0.66963
2024-01-27,9.08342,8.86567,0.21775,8.04944,0.44367,6.87239,0.56187
2024-01-28,9.1507,8.91058,0.24011,8.11564,0.44786,6.97641,0.39004
2024-01-29,9.15683,8.9128,0.24403,8.14561,0.45058,6.97874,0.26763
2024-01-30,9.17533,8.90693,0.2684,8.19218,0.44155,7.02255,0.17114
2024-01-31,9.19044,8.8861,0.30435,8.24471,0.49114,7.0584,0.52179
2024-02-01,9.06855,8.77651,0.29204,8.06874,0.502,6.95327,0.86676
2024-02-02,9.09054,8.79542,0.29513,7.99829,0.58432,6.91538,0.50997
2024-02-03,9.09313,8.81622,0.27691,7.98436,0.58239,7.02637,0.48843
2024-02-04,9.14942,9.00649,0.14293,8.12799,0.43399,7.36086,0.19085
2024-02-05,9.125,9.00732,0.11768,8.27987,0.36941,7.27663,-0.00493
2024-02-06,9.17409,9.01572,0.15837,8.3611,0.34057,7.15864,0.20907
2024-02-07,9.17482,8.99118,0.18364,8.29371,0.27797,7.14114,0.21578
2024-02-08,9.12739,9.05367,0.07372,8.19557,0.5741,7.02629,0.16288
2024-02-09,9.02099,8.85375,0.16724,8.06482,0.49371,6.86265,0.34224
2024-02-10,9.00405,8.76672,0.23734,7.95612,0.53596,6.85093,0.17993
2024-02-11,9.11196,8.79927,0.31269,7.98965,0.70317,6.96515,0.36591
2024-02-12,9.14729,8.72828,0.41902,8.05634,0.5287,7.02718,0.26448
2024-02-13,9.09829,8.73524,0.36305,8.04577,0.52761,6.95234,0.32629
2024-02-14,8.99156,8.7316,0.25996,7.96794,0.52229,7.07862,0.38589
2024-02-15,8.99082,8.76081,0.23001,7.98038,0.52393,6.91349,0.54007
2024-02-16,8.98882,8.73295,0.25587,7.9547,0.55123,6.86295,0.51168
2024-02-17,8.98143,8.75352,0.22791,7.8886,0.57287,6.81373,0.45936
2024-02-18,9.08,8.79099,0.28901,7.99145,0.57281,6.97436,0.49587
2024-02-19,9.11965,8.81174,0.30791,8.04343,0.53128,7.03343,0.37328
2024-02-20,9.15652,8.84274,0.31378,8.07922,0.4652,6.95,0.39601
2024-02-21,9.09167,8.81939,0.27228,8.07772,0.49453,7.00646,0.24913
2024-02-22,9.02942,8.768,0.26142,8.03676,0.58588,6.90865,0.31465
2024-02-23,9.04452,8.7422,0.30232,7.94335,0.63832,6.9004,0.18718
2024-02-24,9.06878,8.70578,0.363,7.82616,0.71495,6.95709,0.30344
2024-02-25,9.15852,8.79167,0.36685,7.95263,0.69066,7.02727,0.36415
2024-02-26,9.12761,8.80715,0.32046,8.04368,0.6005,6.98301,0.37964
2024-02-27,9.09122,8.80489,0.28632,8.03099,0.61019,6.93841,0.27241
2024-02-28,9.05158,8.76521,0.28637,8.06158,0.57624,6.97427,0.50051
2024-02-29,9.01079,8.72308,0.28771,8.01885,0.56526,7.03181,0.21456
2024-03-01,8.9857,8.69994,0.28576,7.88398,0.65145,6.83653,0.3173
2024-03-02,9.03062,8.74579,0.28483,7.84899,0.7381,6.8313,0.31389
2024-03-03,9.04097,8.78777,0.25321,7.96734,0.6406,6.94379,0.31884
2024-03-04,9.06716,8.81007,0.25709,7.99253,0.61048,6.84962,0.34332
2024-03-05,8.9995,8.74478,0.25472,7.98588,0.64285,6.89358,0.26959
2024-03-06,8.97563,8.78118,0.19445,8.05299,0.55514,6.9111,0.26286
2024-03-07,8.97386,8.76319,0.21067,8.02005,0.60743,6.99231,0.17781
2024-03-08,8.96929,8.66517,0.30412,7.8849,0.61921,6.84402,0.3207
2024-03-09,8.91234,8.61323,0.29911,7.7932,0.63931,6.75079,0.41547
2024-03-10,9.05005,8.81333,0.23673,7.93855,0.65171,6.95982,0.33998
2024-03-11,9.03085,8.76783,0.26303,8.01538,0.67105,6.86813,0.29504
2024-03-12,9.04641,8.75729,0.28912,8.04276,0.67835,6.92493,0.23436
2024-03-13,9.01518,8.69144,0.32374,8.05109,0.69753,6.91782,0.33635
2024-03-14,9.04145,8.70445,0.337,8.09848,0.63011,6.82305,0.22967
2024-03-15,8.98645,8.65771,0.32873,7.94857,0.65974,6.75279,0.27541
2024-03-16,8.92239,8.60058,0.32181,7.81533,0.66312,6.78385,0.31782
2024-03-17,8.99119,8.68319,0.308,7.95094,0.66374,6.8398,0.28629
2024-03-18,9.05146,8.75517,0.29629,8.08508,0.65125,6.87779,0.24266
2024-03-19,9.08749,8.74523,0.34226,8.13171,0.62024,6.93193,0.37661
2024-03-20,9.10131,8.75226,0.34905,8.13751,0.71487,6.83445,0.31153
2024-03-21,9.11921,8.76691,0.35231,8.17093,0.73085,6.79868,0.25835
2024-03-22,9.26246,8.87378,0.38868,8.50377,0.68779,6.84149,0.14877
2024-03-23,9.97725,8.9911,0.98614,8.58398,0.76473,6.91522,0.18893
2024-03-24,9.2967,8.90748,0.38922,8.18171,0.54656,7.15865,0.15056
2024-03-25,9.2018,8.88914,0.31266,8.15668,0.64403,6.99692,0.06699
2024-03-26,9.29303,8.98446,0.30857,8.82292,0.38592,6.8201,0.18296
2024-03-27,9.82325,8.9005,0.92276,8.20814,1.22061,6.96288,0.324
2024-03-28,9.22306,8.91559,0.30747,8.16522,0.40627,7.12123,-0.0948
2024-03-29,9.02534,8.705,0.32034,7.91612,0.9344,7.05288,0.23604
2024-03-30,8.99974,8.67991,0.31983,7.92371,0.51725,6.70541,0.20335
2024-03-31,9.06462,8.84565,0.21897,8.12652,0.39784,6.91249,0.20957
2024-04-01,9.01165,8.80779,0.20386,8.16456,0.44558,6.84645,0.28685
2024-04-02,9.07578,8.70873,0.36705,8.20649,0.58408,6.77833,0.24097
2024-04-03,9.0524,8.71601,0.33639,8.14642,0.57404,6.79659,0.31166
2024-04-04,9.01894,8.69396,0.32498,8.16324,0.49041,7.43932,-0.19011
2024-04-05,8.97424,8.64693,0.32731,8.03802,0.53782,6.87499,0.13892
2024-04-06,8.90829,8.6227,0.28559,7.92185,0.57534,6.86384,0.52573
2024-04-07,8.97816,8.67395,0.3042,8.06044,0.58813,6.92448,0.24718
2024-04-08,8.97853,8.69894,0.27959,8.15318,0.58331,6.81174,0.19041
2024-04-09,9.02124,8.70073,0.32051,8.16925,0.57683,6.83173,0.15945
2024-04-10,8.96636,8.85576,0.1106,8.18787,0.57289,6.89104,0.01171
2024-04-11,9.48243,8.7333,0.74913,8.20961,0.55569,6.73856,0.1831
2024-04-12,9.56843,8.65533,0.9131,8.15612,0.4921,6.62834,0.433
2024-04-13,9.22049,8.55704,0.66345,7.99028,0.61034,6.557,0.42865
2024-04-14,10.08397,8.65009,1.43388,8.16329,0.69522,6.80819,0.29759
2024-04-15,9.50114,8.72771,0.77343,8.25445,0.71101,6.74963,0.21922
2024-04-16,8.99789,9.04125,-0.04336,8.22142,0.60297,6.98202,0.07329
2024-04-17,9.09279,8.79131,0.30148,8.2133,0.55698,6.78765,0.1171
2024-04-18,9.1135,8.69087,0.42262,8.12787,0.6004,6.7455,0.32182
2024-04-19,9.28943,8.70437,0.58506,8.04904,0.59196,6.81038,0.33718
2024-04-20,9.46746,8.54913,0.91833,7.90828,0.65827,6.8014,0.20258
2024-04-21,9.6839,8.61746,1.06644,8.08535,0.57854,6.83694,0.16975
2024-04-22,9.62727,8.72003,0.90724,8.15982,0.55376,6.88333,0.06268
2024-04-23,8.99479,8.64701,0.34778,8.12857,0.6333,7.07674,0.07318
2024-04-24,9.05427,8.6628,0.39148,8.13348,0.57582,6.77216,0.45187
2024-04-25,9.04322,8.79136,0.25186,8.12068,0.60596,6.65754,0.22592
2024-04-26,8.96303,8.70348,0.25956,8.01517,0.59259,6.64981,0.13011
2024-04-27,8.86757,8.56725,0.30032,7.85414,0.5683,6.474,0.15932
2024-04-28,8.97588,8.61036,0.36552,7.96827,0.63767,6.68711,0.32771
2024-04-29,9.02702,8.67872,0.3483,8.11522,0.56613,6.66593,0.19264
2024-04-30,9.017,8.66327,0.35373,8.07264,0.51947,6.66699,0.19577
2024-05-01,9.01408,8.7089,0.30518,8.03038,0.59045,6.67419,0.12598
2024-05-02,9.13292,8.76903,0.36389,8.11263,0.54571,6.75994,0.19374
2024-05-03,8.97715,8.63254,0.34461,8.00132,0.51926,6.75138,0.07625
2024-05-04,8.92386,8.57633,0.34752,7.87484,0.64854,6.67853,0.28087
2024-05-05,8.9452,8.65666,0.28854,8.039,0.66832,6.74449,0.29692
2024-05-06,9.13508,8.73332,0.40176,8.18249,0.59229,6.81968,0.29102
2024-05-07,9.09796,8.64742,0.45053,8.13182,0.58471,6.87272,0.07713
2024-05-08,9.01966,8.67954,0.34013,8.0977,0.55332,6.66497,0.1104
2024-05-09,9.00749,8.68814,0.31935,7.97556,0.59328,6.66263,0.42828
2024-05-10,9.03872,8.56098,0.47774,7.76067,0.65737,6.48551,0.87904
2024-05-11,8.94351,8.52834,0.41516,7.67482,0.61472,6.44757,0.70391
2024-05-12,8.85509,8.54184,0.31326,7.74062,0.78474,6.561,0.65718
2024-05-13,8.99094,8.66318,0.32776,7.90667,0.65052,6.67212,0.11121
2024-05-14,8.93525,8.59057,0.34468,7.91802,0.59073,6.64584,0.34349
2024-05-15,8.94455,8.67205,0.2725,7.90683,0.65991,6.65297,0.22741
2024-05-16,8.9338,8.57641,0.35739,7.88718,0.63579,6.56809,0.25084
2024-05-17,8.91005,8.54466,0.36539,7.80348,0.68119,6.66274,0.26384
2024-05-18,8.83259,8.44783,0.38476,7.67921,0.83478,6.47698,0.20763
2024-05-19,8.89755,8.51891,0.37863,7.76867,0.81562,6.64648,0.37371
2024-05-20,8.99739,8.5839,0.4135,7.93076,0.98508,6.65922,0.45799
2024-05-21,9.04121,8.60167,0.43954,7.96409,0.98502,6.75291,0.2556
2024-05-22,8.9867,8.58904,0.39765,7.95948,0.84814,6.58965,0.22818
2024-05-23,8.93234,8.78776,0.14459,8.01019,0.71451,6.66984,0.05879
2024-05-24,8.88364,8.52798,0.35566,7.86884,0.69695,6.55842,0.23617
2024-05-25,8.85367,8.43447,0.4192,7.65962,0.92729,6.5181,0.20813
2024-05-26,8.86574,8.51114,0.3546,7.77983,0.82115,6.74824,0.18616
2024-05-27,8.91999,8.55117,0.36881,7.93706,0.67962,6.61991,0.19243
2024-05-28,9.00455,8.56848,0.43606,7.94598,0.64372,6.70271,0.20504
2024-05-29,8.93814,8.58009,0.35804,7.94943,0.60351,6.76322,0.04581
2024-05-30,8.88086,8.5481,0.33277,7.89704,0.59954,6.6788,0.24089
2024-05-31,8.84058,8.50864,0.33194,7.7859,0.61341,6.64856,0.17582
2024-06-01,8.832,8.51712,0.31488,7.68746,0.64893,6.6111,0.21652
2024-06-02,8.95854,8.57151,0.38703,7.79323,0.71734,6.79363,0.26427
2024-06-03,9.02678,8.61113,0.41565,8.02549,0.583,6.80317,0.26925
2024-06-04,8.97043,8.57444,0.39599,7.97616,0.59116,6.69813,0.26696
2024-06-05,8.96111,8.76511,0.196,7.96124,0.56728,6.71458,0.13023
2024-06-06,8.90082,8.72109,0.17973,8.07338,0.47085,6.67323,0.16945
2024-06-07,8.87738,8.54714,0.33024,7.85018,0.58884,6.58253,0.19966
2024-06-08,8.86347,8.51523,0.34825,7.72654,0.64331,6.53023,0.196
2024-06-09,9.12544,8.66852,0.45691,7.87553,0.72361,6.67595,0.1017
2024-06-10,9.2364,8.62519,0.61121,7.9146,0.6667,6.78979,0.12791
2024-06-11,8.89275,8.52076,0.37198,7.90486,0.67173,6.74025,0.09386
2024-06-12,9.0477,8.54028,0.50742,7.87784,0.63795,6.70987,0.12853
2024-06-13,9.14249,8.62889,0.5136,7.8281,0.71671,6.75417,0.66341
2024-06-14,9.02293,8.56687,0.45606,7.78872,0.74237,6.77357,0.33957
2024-06-15,9.78959,8.4914,1.29819,7.70939,0.77466,6.6479,0.42537
2024-06-16,9.11932,8.51993,0.59939,7.75785,0.66503,6.80826,0.27345
2024-06-17,8.94246,8.55308,0.38938,7.88563,0.65215,6.77239,0.262
2024-06-18,8.95429,8.51684,0.43744,7.89766,0.64967,6.76646,0.38738
2024-06-19,8.94468,8.49887,0.44581,7.84087,0.651,6.69216,0.18513
2024-06-20,9.19817,8.589,0.60917,7.85359,0.84626,6.76127,0.35188
2024-06-21,9.52865,8.58844,0.94021,7.85995,0.96015,6.74442,0.67436
2024-06-22,9.07966,8.64124,0.43842,7.87086,0.70195,6.73921,0.94281
2024-06-23,9.07841,8.62552,0.45289,7.88246,0.69243,6.98545,1.58453
2024-06-24,9.2017,9.05535,0.14636,8.25249,0.45384,6.82139,0.77751
2024-06-25,9.1093,8.73034,0.37896,8.06448,0.58462,6.69566,0.60683
2024-06-26,9.57325,8.84734,0.72591,8.05417,0.69826,6.7975,0.43378
2024-06-27,9.47945,8.7924,0.68705,7.98018,0.577,6.94479,0.45888
2024-06-28,9.06172,8.90427,0.15746,8.07604,0.38733,6.75586,0.31232
2024-06-29,9.16031,8.95656,0.20375,7.89688,0.57469,6.68325,0.35378
2024-06-30,9.35444,8.85746,0.49698,7.88241,0.71875,6.77662,0.37487
2024-07-01,9.21821,8.8427,0.37551,7.90776,0.61541,6.85091,0.56487
2024-07-02,9.15778,9.17708,-0.0193,8.04082,0.42255,6.87442,0.1852
2024-07-03,9.06427,9.12642,-0.06215,8.016,0.48932,6.7284,0.27284
2024-07-04,9.13173,8.78739,0.34434,7.81865,0.67281,6.66194,0.25972
2024-07-05,9.71764,8.76981,0.94783,7.79269,0.77861,6.75361,0.32978
2024-07-06,9.31551,8.85226,0.46325,7.86244,0.4433,6.87898,0.11496
2024-07-07,9.43396,9.41896,0.015,8.49097,-0.00403,7.13665,0.04266
2024-07-08,9.16816,8.9961,0.17206,8.00607,0.45413,6.87811,0.19091
2024-07-09,9.41874,8.76592,0.65282,7.95908,0.85585,6.84939,0.35476
2024-07-10,9.88369,8.99065,0.89304,8.19959,0.57812,6.88638,0.2914
2024-07-11,9.62866,9.51911,0.10955,8.62078,0.13401,7.02815,0.1358
2024-07-12,9.27463,8.8693,0.40533,8.17744,0.23483,6.8302,0.25151
2024-07-13,9.25407,8.7801,0.47397,8.00182,0.35661,6.69536,0.26594
2024-07-14,9.6948,9.07476,0.62004,8.15567,0.51304,6.89821,0.27728
2024-07-15,10.73248,9.39822,1.33426,8.22854,1.04909,7.03114,0.45603
2024-07-16,9.62046,8.75502,0.86544,7.93407,0.63476,6.7622,0.47414
2024-07-17,9.52661,8.65811,0.8685,7.87087,0.58295,6.8495,0.63206
2024-07-18,9.50673,8.63667,0.87006,7.86027,0.57463,6.67915,0.63872
2024-07-19,9.17596,8.56321,0.61275,7.79822,0.5215,6.54995,0.43292
2024-07-20,9.05123,8.58114,0.47009,7.74597,0.51814,6.69279,0.16577
2024-07-21,9.01603,8.53859,0.47743,7.78869,0.55866,6.64937,0.28892
2024-07-22,8.95053,8.53544,0.4151,7.86948,0.48684,6.57749,0.29257
2024-07-23,8.87179,8.51797,0.35382,7.8187,0.51649,6.67186,0.20544
2024-07-24,9.12446,8.53668,0.58777,7.83008,0.67827,6.66291,0.33468
2024-07-25,9.20382,8.56691,0.63691,7.83334,0.53396,6.62982,0.35211
2024-07-26,9.02546,8.62034,0.40512,7.89928,0.48598,6.80218,0.18439
2024-07-27,9.20322,8.63512,0.56809,7.67335,0.72393,6.58587,0.25253
2024-07-28,9.03026,8.61573,0.41453,7.83368,0.64727,6.80671,0.18814
2024-07-29,9.11746,8.74437,0.37309,8.05435,0.49705,6.85592,0.12322
2024-07-30,9.04982,8.69797,0.35185,7.96699,0.57957,6.84423,0.03923
2024-07-31,8.99566,8.68271,0.31295,7.95677,0.58726,6.64449,0.19926
2024-08-01,8.90748,8.60472,0.30276,7.90783,0.51747,6.75281,-0.01585
2024-08-02,9.00688,8.59163,0.41525,7.75754,0.57091,6.64979,0.28169
2024-08-03,9.09122,8.62578,0.46544,7.7767,0.5268,6.64424,0.17687
2024-08-04,9.04617,8.93464,0.11153,7.82097,0.58708,6.85633,0.30684
2024-08-05,8.98607,8.71763,0.26844,7.877,0.53327,6.62284,0.42468
2024-08-06,9.03265,8.68715,0.3455,7.86224,0.53369,6.67354,0.16594
2024-08-07,9.56934,9.00022,0.56912,7.85707,0.48124,6.54948,0.1426
2024-08-08,9.0222,8.65737,0.36483,7.82655,0.53165,6.66057,0.15397
2024-08-09,8.82849,8.62517,0.20332,7.75822,0.54924,6.70574,0.16432
2024-08-10,8.82908,8.60499,0.22409,7.739,0.47221,6.56262,0.15881
2024-08-11,8.83957,8.59751,0.24206,7.78818,0.6192,6.7403,0.16745
2024-08-12,8.82629,8.58025,0.24604,7.8353,0.5972,6.6353,0.18907
2024-08-13,8.93853,8.53907,0.39946,7.80675,0.60063,6.59527,0.19707
2024-08-14,8.86771,8.60204,0.26567,7.78255,0.58637,6.57221,0.21563
2024-08-15,8.80387,8.55234,0.25154,7.74547,0.5723,6.52703,0.16629
2024-08-16,8.82673,8.5733,0.25343,7.69386,0.54017,6.46012,0.20557
2024-08-17,8.80282,8.52295,0.27987,7.68283,0.54294,6.55553,0.14765
2024-08-18,8.80867,8.57994,0.22873,7.72196,0.54446,6.68887,0.2465
2024-08-19,8.81981,8.55066,0.26915,7.81711,0.61365,6.56675,0.26196
2024-08-20,8.80418,8.5194,0.28477,7.82466,0.57533,6.55859,0.15801
2024-08-21,8.80582,8.50783,0.29799,7.84687,0.50781,6.51149,0.4723
2024-08-22,8.82247,8.50739,0.31507,7.83565,0.58172,6.48862,0.26482
2024-08-23,8.82306,8.54985,0.27321,7.74832,0.47127,6.49399,0.19686
2024-08-24,8.7456,8.50874,0.23686,7.64927,0.52233,6.44502,0.71738
2024-08-25,8.79301,8.58997,0.20303,7.76734,0.50267,6.64669,0.52266
2024-08-26,8.83696,8.62444,0.21251,7.87138,0.48212,6.63538,0.31543
2024-08-27,8.82158,8.54332,0.27827,7.87626,0.50167,6.61683,0.19441
2024-08-28,8.82835,8.62675,0.20159,7.90181,0.47865,6.60531,0.1712
2024-08-29,8.80822,8.58353,0.22469,7.82298,0.483,6.44394,0.23315
2024-08-30,8.79664,8.80879,-0.01215,7.73675,0.58004,6.48547,0.1346
2024-08-31,8.80627,8.67141,0.13486,7.74718,0.47672,6.57,0.10456
2024-09-01,8.8124,8.59777,0.21463,7.76835,0.4991,6.55312,0.15618
2024-09-02,8.85209,8.56543,0.28666,7.85546,0.50437,6.52765,0.12521
2024-09-03,8.91999,8.63126,0.28873,7.83347,0.51388,6.64389,0.1794
2024-09-04,8.83463,8.64346,0.19117,7.86035,0.49995,6.5091,0.21233
2024-09-05,8.91516,8.65057,0.2646,7.88384,0.53574,6.46066,0.25351
2024-09-06,9.89096,8.69067,1.20029,7.86804,0.54402,6.5803,0.14474
2024-09-07,9.38748,8.85999,0.52749,7.86983,0.35808,6.51286,0.18664
2024-09-08,8.96239,8.65808,0.30432,7.80014,0.51738,6.72947,0.16823
2024-09-09,8.89494,8.58108,0.31387,7.88892,0.51622,6.62378,0.09764
2024-09-10,8.99106,8.59303,0.39803,7.97603,0.55171,6.54117,0.14094
2024-09-11,9.96754,8.69647,1.27107,7.97773,0.47032,6.59016,0.20106
2024-09-12,9.45985,8.72863,0.73122,7.8491,0.52699,6.64193,0.07224
2024-09-13,8.91771,8.57646,0.34126,7.71293,0.56905,6.52559,0.11297
2024-09-14,8.7927,8.47718,0.31553,7.58008,0.63411,6.46406,0.25977
2024-09-15,8.92944,8.58373,0.34571,7.72291,0.63529,6.58774,0.25174
2024-09-16,8.93564,8.61833,0.31731,7.83684,0.62251,6.5569,0.31833
2024-09-17,8.92545,8.62867,0.29678,7.85252,0.53342,6.48342,0.35926
2024-09-18,8.881,8.64066,0.24034,7.94777,0.40408,6.5476,0.26584
2024-09-19,9.00491,8.61412,0.3908,7.90551,0.5003,6.53079,0.38593
2024-09-20,8.93446,8.57116,0.36329,7.79909,0.59276,6.45833,0.48189
2024-09-21,8.90354,8.45249,0.45105,7.67476,0.56193,6.33413,0.43436
2024-09-22,8.91355,8.4827,0.43085,7.79785,0.55022,6.49343,0.30227
2024-09-23,8.99987,8.58757,0.4123,7.92093,0.53969,6.5064,0.31689
2024-09-24,9.09549,8.58305,0.51245,7.94208,0.55553,6.56935,0.21737
2024-09-25,9.0373,8.57207,0.46522,7.90296,0.53843,6.62017,0.30739
2024-09-26,9.01104,8.58261,0.42842,7.91942,0.49574,6.55425,0.32201
2024-09-27,9.02894,8.5139,0.51504,7.80426,0.53929,6.48368,0.57594
2024-09-28,8.9661,8.39861,0.56749,7.64285,0.60306,6.44877,0.60654
2024-09-29,8.97778,8.51272,0.46506,7.75931,0.60776,6.56643,0.43663
2024-09-30,9.00541,8.53896,0.46644,7.8676,0.58473,6.52685,0.21956
2024-10-01,8.92851,8.51529,0.41321,7.87735,0.5769,6.53271,0.24721
2024-10-02,8.92519,8.49954,0.42565,7.90032,0.57938,6.5059,0.26832
2024-10-03,8.9359,8.50314,0.43276,7.94414,0.47522,6.62852,0.17387
2024-10-04,8.91099,8.47772,0.43327,7.83097,0.53353,6.45777,0.23058
2024-10-05,8.82981,8.38053,0.44928,7.65694,0.55128,6.69657,0.2835
2024-10-06,8.88489,8.47192,0.41297,7.78908,0.59481,6.72875,0.15778
2024-10-07,8.95351,8.5245,0.42901,7.94162,0.54964,6.57777,0.15801
2024-10-08,8.95777,8.52472,0.43305,7.93775,0.56757,6.53643,0.29875
2024-10-09,8.95001,8.51442,0.43559,7.9463,0.54906,6.50073,0.2267
2024-10-10,9.149,8.62918,0.51982,8.03582,0.6066,6.62956,0.20023
2024-10-11,9.43164,8.77996,0.65168,7.98028,0.43421,6.74821,-0.01481
2024-10-12,9.14793,8.5362,0.61174,7.8797,0.50943,6.6462,0.176
2024-10-13,8.94937,8.53699,0.41238,7.86168,0.59703,6.7534,0.11145
2024-10-14,8.95273,8.53407,0.41866,7.976,0.59322,6.58918,0.30651
2024-10-15,9.02714,8.5765,0.45064,8.10487,0.44091,6.78465,0.02439
2024-10-16,9.65771,8.68179,0.97593,8.0774,0.7,6.69778,0.31883
2024-10-17,9.70942,8.66955,1.03986,8.0898,0.50176,6.59721,0.60917
2024-10-18,9.09941,8.51964,0.57976,7.83021,0.61892,6.61042,0.3053
2024-10-19,9.00172,8.46027,0.54145,7.69898,0.55737,6.61706,0.26127
2024-10-20,8.97954,8.56896,0.41058,7.81916,0.58621,6.84315,0.11339
2024-10-21,8.95144,8.67762,0.27382,7.99582,0.5398,6.87863,0.03709
2024-10-22,8.97373,8.61361,0.36012,8.02675,0.51825,6.88211,0.3287
2024-10-23,8.94716,8.57204,0.37511,8.0374,0.49053,6.74931,0.19478
2024-10-24,8.93801,8.58443,0.35358,7.96872,0.55366,6.74834,0.1644
2024-10-25,8.82629,8.75648,0.06982,7.88987,0.49242,6.71326,0.06325
2024-10-26,8.75306,8.46354,0.28952,7.7205,0.53896,6.54597,0.19218
2024-10-27,8.83142,8.53276,0.29866,7.9655,0.42567,6.7963,0.12536
2024-10-28,8.9301,8.64709,0.28301,8.13785,0.33581,6.92134,0.03139
2024-10-29,8.91436,8.57514,0.33922,7.91314,0.43729,6.71148,0.2355
2024-10-30,8.88489,8.59533,0.28955,7.8103,0.52081,6.66444,0.20873
2024-10-31,8.80117,8.45563,0.34553,7.67925,0.6153,6.55396,0.30985
2024-11-01,8.83666,8.45371,0.38296,7.60941,0.64642,6.69573,0.28248
2024-11-02,8.81878,8.45871,0.36007,7.57433,0.63034,6.67224,0.18633
2024-11-03,8.88489,8.51267,0.37222,7.69666,0.69066,6.79888,0.1208
2024-11-04,8.91032,8.54678,0.36354,7.83097,0.77258,6.72097,0.16964
2024-11-05,8.86135,8.56692,0.29443,7.81141,0.57954,6.64604,0.14406
2024-11-06,8.933,8.68906,0.24394,7.83161,0.60827,6.61429,0.24952
2024-11-07,8.94651,8.65467,0.29183,7.83872,0.53645,6.59297,0.24329
2024-11-08,8.96034,8.61289,0.34745,7.7066,0.61943,6.50838,0.37611
2024-11-09,8.85352,8.54119,0.31233,7.60052,0.57615,6.49759,0.32678
2024-11-10,8.933,8.59514,0.33786,7.74091,0.58124,6.72571,0.23179
2024-11-11,8.96789,8.67211,0.29578,7.86934,0.56208,6.64909,0.30077
2024-11-12,8.97132,8.66453,0.30679,7.85636,0.54677,6.7348,0.26918
2024-11-13,9.15419,8.67241,0.48178,7.86496,0.53839,6.70912,0.53653
2024-11-14,9.21861,8.71822,0.50038,7.897,0.55811,6.74009,0.46033
2024-11-15,9.64995,8.79048,0.85947,7.95246,0.49667,6.82617,0.45933
2024-11-16,9.18143,8.7575,0.42392,7.88973,0.32932,6.70428,0.44406
2024-11-17,9.08636,8.73019,0.35618,7.96105,0.42717,6.89358,0.32312
2024-11-18,9.1411,8.7747,0.36639,7.96149,0.48935,7.07756,0.24495
2024-11-19,9.24455,8.74114,0.50341,8.00491,0.47083,6.90431,0.32118
2024-11-20,9.62033,8.82262,0.79771,8.03572,0.5151,6.84983,0.40999
2024-11-21,9.47055,8.7068,0.76375,7.83253,0.54747,6.76244,0.37722
2024-11-22,9.22088,8.64097,0.57991,7.73946,0.55434,6.75868,0.42973
2024-11-23,9.11262,8.54369,0.56893,7.71961,0.54553,6.72189,0.53863
2024-11-24,9.02882,8.60713,0.42169,7.95661,0.40976,7.10499,0.88964
2024-11-25,9.01845,8.85629,0.16216,8.2165,0.2454,7.26771,0.05744
2024-11-26,8.95596,8.65779,0.29817,7.94261,0.4488,6.94352,0.26877
2024-11-27,8.88059,8.59025,0.29033,7.83002,0.5389,6.8212,0.25038
2024-11-28,8.85166,8.52559,0.32608,7.74421,0.54959,6.65263,0.25312
2024-11-29,8.83113,8.55884,0.27229,7.63222,0.56283,6.60955,0.28106
2024-11-30,8.89727,8.46919,0.42808,7.59594,0.58298,6.666,0.22867
2024-12-01,8.92226,8.58564,0.33662,7.66993,0.57912,6.7294,0.37063
2024-12-02,8.88142,8.5594,0.32202,7.74078,0.51374,6.82548,0.31339
2024-12-03,8.89371,8.56842,0.32529,7.68257,0.56282,6.71072,0.41858
2024-12-04,8.90599,8.57859,0.3274,7.69247,0.54368,6.67657,0.49815
2024-12-05,8.88903,8.55952,0.32951,7.62293,0.57323,6.73793,0.61259
2024-12-06,8.83506,8.55371,0.28135,7.65616,0.5264,7.3111,0.62413
2024-12-07,8.77261,8.44362,0.32899,7.51162,0.6033,6.94567,0.55043
2024-12-08,8.93801,8.4854,0.45261,7.59119,0.60882,6.90435,0.44101
2024-12-09,8.95506,8.53746,0.4176,7.65775,0.59704,6.86109,0.32354
2024-12-10,9.01213,8.53516,0.47697,7.62061,0.7047,6.75595,0.73681
2024-12-11,9.07027,8.54689,0.52338,7.62833,0.65339,6.76465,0.43949
2024-12-12,9.06555,8.5664,0.49915,7.56027,0.61556,6.72312,0.37691
2024-12-13,8.99925,8.52637,0.47288,7.51482,0.57987,6.66064,0.33787
2024-12-14,8.91072,8.44477,0.46595,7.42066,0.68193,6.64169,0.58452
2024-12-15,9.12956,8.54494,0.58463,7.48955,0.71758,6.77065,0.48847
2024-12-16,8.98156,8.55228,0.42927,7.54763,0.669,6.81753,0.36025
2024-12-17,9.0027,8.54063,0.46207,7.53864,0.61183,6.68129,0.34514
2024-12-18,8.98319,8.52657,0.45662,7.4936,0.61863,6.63323,0.29236
2024-12-19,8.89467,8.51891,0.37576,7.48988,0.56242,6.62621,0.17061
2024-12-20,8.8235,8.45878,0.36472,7.39446,0.61856,6.53231,0.28443
2024-12-21,8.76546,8.39942,0.36604,7.36785,0.67067,6.58458,0.23326
2024-12-22,8.78936,8.48011,0.30924,7.43156,0.63527,6.80963,0.20519
2024-12-23,8.80627,8.52176,0.28451,7.43523,0.56142,6.76335,0.29369
2024-12-24,8.76826,8.46902,0.29925,7.41934,0.54621,6.67444,0.10548
2024-12-25,8.80372,8.47766,0.32606,7.51341,0.54143,6.87738,0.21602
2024-12-26,8.87137,8.52011,0.35126,7.54449,0.57312,6.86918,0.1528
2024-12-27,8.81848,8.4891,0.32938,7.48989,0.58226,6.69973,0.21897
2024-12-28,8.88613,8.50246,0.38367,7.52422,0.56955,6.87886,0.10863
2024-12-29,8.81611,8.52625,0.28987,7.53776,0.6259,7.02715,0.29205
2024-12-30,8.85936,8.52919,0.33017,7.47681,0.66729,6.79722,0.35818
2024-12-31,8.74942,8.44169,0.30773,7.46582,0.59819,6.75967,0.1757
2025-01-01,8.86771,8.53558,0.33213,7.58949,0.54293,6.83308,0.21183
2025-01-02,8.90218,8.8302,0.07199,7.63891,0.50402,7.00394,0.0366
2025-01-03,8.93761,8.60207,0.33554,7.59828,0.584,6.85911,0.19621
2025-01-04,8.8439,8.54737,0.29653,7.57927,0.61855,6.91473,0.26229
2025-01-05,8.91718,8.64223,0.27495,7.68467,0.55967,7.05832,0.30433
2025-01-06,8.91059,8.61572,0.29487,7.67835,0.48872,6.94454,0.28747
2025-01-07,8.93248,8.63233,0.30015,7.63134,0.5043,6.83938,0.30503
2025-01-08,8.93274,8.60357,0.32917,7.65513,0.55445,6.95067,0.09424
2025-01-09,8.93879,8.63133,0.30747,7.7983,0.46193,6.95185,0.05847
2025-01-10,8.91744,8.60319,0.31426,7.81125,0.41238,7.01539,2.8907
2025-01-11,8.83623,8.55523,0.281,7.67222,0.48343,6.92196,0.53795
2025-01-12,8.86729,8.61348,0.25381,7.70882,0.54493,6.99889,0.36819
2025-01-13,8.89782,8.62853,0.26929,7.80761,0.42828,6.88263,0.3414
2025-01-14,8.85965,8.57599,0.28366,7.73473,0.45285,6.98017,0.23654
2025-01-15,8.87165,8.58801,0.28364,7.72654,0.48873,6.85178,0.30362
2025-01-16,8.8588,8.56635,0.29244,7.71276,0.4509,6.7282,0.36935
2025-01-17,8.8173,8.56033,0.25697,7.67714,0.51957,6.77912,0.36292
2025-01-18,8.90164,8.51361,0.38802,7.66721,0.52564,6.78693,0.50337
2025-01-19,9.12805,8.57568,0.55237,7.72982,0.58844,6.92244,0.35273
2025-01-20,9.03002,8.59302,0.437,7.78667,0.4663,6.89013,0.28994
2025-01-21,8.99069,8.72268,0.26801,7.75187,0.53112,6.97059,0.17697
2025-01-22,8.97639,8.6874,0.28899,7.75452,0.50907,6.96848,0.18065
2025-01-23,9.1032,8.71106,0.39214,7.79963,0.52809,7.06784,0.35931
2025-01-24,8.98294,8.62823,0.35471,7.71105,0.49635,6.89773,0.50776
2025-01-25,8.96072,8.58529,0.37543,7.63041,0.55911,6.79796,0.41138
2025-01-26,8.99541,8.98677,0.00864,7.7857,0.46544,7.20372,0.09337
2025-01-27,8.99925,9.22114,-0.22189,7.95313,0.35457,7.3412,-0.15581
2025-01-28,8.93682,8.93909,-0.00227,7.86225,0.40057,7.04388,0.01745
2025-01-29,8.90558,8.77271,0.13287,7.7941,0.4997,6.83351,0.1804
2025-01-30,8.89426,8.68654,0.20772,7.78351,0.42552,6.7825,0.16447
2025-01-31,8.84145,8.6567,0.18475,7.70046,0.43781,6.75424,0.11581
2025-02-01,8.84693,8.76802,0.07891,7.64814,0.48309,6.89737,0.38264
2025-02-02,8.92346,8.68024,0.24322,7.9544,0.27297,7.03722,0.23587
2025-02-03,8.88958,8.68272,0.20686,7.83467,0.36535,6.93858,0.29992
2025-02-04,8.95995,8.71206,0.2479,7.83057,0.42057,6.82928,0.63005
2025-02-05,9.04982,8.69296,0.35686,7.77183,0.50507,6.83039,0.90679
2025-02-06,9.05263,8.7078,0.34483,7.77201,0.46837,6.80411,0.74603
2025-02-07,8.92771,8.68766,0.24005,7.70575,0.41781,6.72279,0.71853
2025-02-08,8.87724,8.62118,0.25606,7.62247,0.5251,6.86066,0.68262
2025-02-09,8.89302,8.65686,0.23616,7.74243,0.52322,6.96737,0.5674
2025-02-10,8.86799,8.61949,0.2485,7.74177,0.48614,6.79151,0.51636
2025-02-11,8.93102,8.63718,0.29384,7.74256,0.492,6.83975,0.45122
2025-02-12,8.94637,8.74933,0.19705,7.74651,0.4666,6.76945,0.52764
2025-02-13,8.94141,8.64239,0.29903,7.70433,0.50905,6.91784,0.34338
2025-02-14,8.88516,8.59124,0.29393,7.63162,0.53743,6.79784,0.3996
2025-02-15,8.87305,8.55894,0.31411,7.64607,0.56542,6.82845,0.44256
2025-02-16,8.95558,8.66232,0.29326,7.7613,0.55573,6.90104,0.51172
2025-02-17,8.99851,8.64764,0.35087,7.7615,0.60904,6.78468,0.51445
2025-02-18,9.06288,8.59875,0.46413,7.74238,0.5788,6.74577,0.47387
2025-02-19,8.95777,8.65476,0.303,7.75561,0.63125,6.90954,0.30717
2025-02-20,8.93853,8.60657,0.33197,7.72497,0.56307,6.99674,0.10987
2025-02-21,9.14751,8.55457,0.59293,7.68059,0.59019,6.79943,0.31208
2025-02-22,9.03515,8.50025,0.53491,7.61951,0.5783,6.72261,0.25467
2025-02-23,9.03991,8.58874,0.45117,7.70725,0.61926,6.79699,0.27033
2025-02-24,8.99875,8.63398,0.36477,7.77176,0.54405,6.93217,0.06268
2025-02-25,8.98193,8.61057,0.37137,7.81162,0.44342,6.86022,0.14738
2025-02-26,8.90802,8.68251,0.22551,7.88337,0.37272,7.06523,-0.02644
2025-02-27,8.91018,8.62656,0.28362,7.76658,0.4788,6.78729,0.14027
2025-02-28,8.87654,8.55392,0.32262,7.72415,0.44745,6.88641,-0.02052
2025-03-01,8.78691,8.52511,0.2618,7.81595,0.30938,6.88547,0.14451
2025-03-02,8.88142,8.631,0.25042,7.85663,0.35946,7.23455,-0.01418
2025-03-03,9.28804,8.63234,0.6557,7.82833,0.42099,6.92398,-0.03745
2025-03-04,8.94598,8.59433,0.35165,7.77645,0.47938,6.86034,0.1336
2025-03-05,8.9122,8.61673,0.29547,7.71693,0.47786,6.76726,0.14648
2025-03-06,8.88309,8.60363,0.27946,7.78136,0.43661,6.75774,0.15798
2025-03-07,8.82527,8.57784,0.24742,7.75957,0.45463,6.72219,0.113
2025-03-08,8.80837,8.47108,0.33729,7.61172,0.60248,6.94085,-0.12741
2025-03-09,8.87515,8.59294,0.28221,7.70291,0.55006,6.84499,0.10102
2025-03-10,8.90924,8.60916,0.30007,7.76376,0.56686,6.82091,0.23871
2025-03-11,8.83783,8.59988,0.23795,7.82229,0.60147,6.82008,0.03217
2025-03-12,8.90205,8.59688,0.30517,7.815,0.62185,6.80491,0.13143
2025-03-13,8.8778,8.52336,0.35444,7.74872,0.63151,6.76261,0.30812
2025-03-14,8.85409,8.53773,0.31636,7.64932,0.6235,6.78223,0.19412
2025-03-15,8.83434,8.48734,0.34699,7.54268,0.72066,6.79954,0.19348
2025-03-16,8.91422,8.5953,0.31892,7.74784,0.60824,6.97542,0.24788
2025-03-17,8.90653,8.59761,0.30892,7.79816,0.58482,6.84192,0.17648
2025-03-18,8.91261,8.59525,0.31736,7.80771,0.58822,6.73519,0.2346
2025-03-19,8.89959,8.58274,0.31685,7.7831,0.59759,6.68397,0.20968
2025-03-20,8.88198,8.59354,0.28844,7.81755,0.55161,6.69455,0.19402
2025-03-21,8.97386,8.64797,0.32589,7.88867,0.51669,6.70049,0.14539
2025-03-22,9.063,8.54544,0.51756,7.86051,0.48233,6.75869,0.03365
2025-03-23,8.84578,8.52173,0.32404,7.81371,0.51667,6.88239,0.07034
2025-03-24,8.95364,8.60915,0.34449,7.84877,0.62197,6.79109,0.10964
2025-03-25,9.02003,8.65644,0.36359,7.89482,0.55452,6.71436,0.3606
2025-03-26,9.3021,8.72362,0.57848,7.94121,0.65793,6.81453,0.72023
2025-03-27,9.05497,8.64217,0.4128,7.88902,0.53847,6.69425,0.45015
2025-03-28,8.96124,8.53298,0.42826,7.78552,0.52931,6.67089,0.50994
2025-03-29,8.91878,8.51683,0.40195,7.63114,0.59677,6.67441,0.46445
2025-03-30,8.94572,8.50723,0.4385,7.75246,0.57575,6.83907,0.37322
2025-03-31,8.93853,8.53862,0.39991,7.74975,0.59118,6.79677,0.24114
2025-04-01,8.90721,8.61946,0.28774,7.74558,0.55495,6.67145,0.32706
2025-04-02,8.94063,8.6827,0.25793,7.72882,0.65393,6.57937,0.31327
2025-04-03,8.87989,8.56607,0.31382,7.76201,0.59454,6.5706,0.51698
2025-04-04,8.87263,8.46885,0.40378,7.6623,0.49105,6.55706,0.13502
2025-04-05,8.83419,8.39904,0.43516,7.49655,0.60694,6.51928,0.30074
2025-04-06,8.79422,8.44976,0.34446,7.63089,0.5376,6.63869,0.24784
2025-04-07,8.8204,8.46618,0.35423,7.79618,0.47691,6.85047,-0.09704
2025-04-08,8.83521,8.47847,0.35674,7.77027,0.50179,6.67726,0.05017
2025-04-09,8.81522,8.48678,0.32844,7.72586,0.51029,6.53297,0.1276
2025-04-10,8.78936,8.45655,0.3328,7.70162,0.54665,6.55609,0.20895
2025-04-11,8.76124,8.4554,0.30583,7.63777,0.51587,6.39972,0.31809
2025-04-12,8.75998,8.3995,0.36048,7.50965,0.61864,6.38423,0.55212
2025-04-13,8.78829,8.4578,0.33049,7.65637,0.53149,6.6201,0.39022
2025-04-14,8.87066,8.55669,0.31398,7.77401,0.53246,6.62262,0.22113
2025-04-15,8.87599,8.51023,0.36576,7.66973,0.5918,6.49936,0.19891
2025-04-16,8.8207,8.49687,0.32383,7.6313,0.5295,6.47385,0.21201
2025-04-17,8.8204,8.50986,0.31055,7.54702,0.54736,6.56929,0.04544
2025-04-18,8.78217,8.44161,0.34056,7.55013,0.56927,6.68136,0.12658
2025-04-19,8.74719,8.44345,0.30374,7.61164,0.56727,6.47854,0.13619
2025-04-20,8.74926,8.67014,0.07912,7.65404,0.58951,6.57868,0.16065
2025-04-21,9.51007,8.67867,0.8314,7.6927,0.78969,6.84318,1.25789
2025-04-22,9.27678,8.60444,0.67234,7.67504,0.75856,6.7968,0.81306
2025-04-23,9.09088,8.53664,0.55425,7.68633,0.66245,6.54776,0.60607
2025-04-24,8.97588,8.48617,0.48972,7.65878,0.66142,6.97215,0.09602
2025-04-25,8.92052,8.46244,0.45808,7.60269,0.63294,6.78425,0.25102
2025-04-26,9.06021,8.40335,0.65686,7.51881,0.68778,6.52514,0.89184
2025-04-27,8.92891,8.40454,0.52436,7.5766,0.70462,6.53063,0.64562
2025-04-28,8.88669,8.48044,0.40624,7.61806,0.62443,6.48426,0.46079
2025-04-29,8.84851,8.49504,0.35347,7.70015,0.47961,6.48387,0.29719
2025-04-30,8.81759,8.44808,0.36951,7.53557,0.57606,6.52836,0.27958
2025-05-01,8.8605,8.39263,0.46787,7.48173,0.65127,6.24652,0.53568
2025-05-02,8.93525,8.4782,0.45704,7.61791,0.58786,6.42492,0.40811
2025-05-03,8.88072,8.36177,0.51895,7.54893,0.58495,6.41613,0.51534
2025-05-04,8.99032,8.46951,0.52081,7.65291,0.62348,6.60945,0.5318
2025-05-05,8.95261,8.59574,0.35687,7.6852,0.56568,6.53882,0.43003
2025-05-06,8.93761,8.52217,0.41545,7.66702,0.62452,6.60178,0.45353
2025-05-07,8.94807,8.50256,0.44551,7.71191,0.57461,6.52203,0.49548
2025-05-08,9.17202,8.53232,0.63969,7.72029,0.61826,6.73854,0.49348
2025-05-09,9.03575,8.53277,0.50298,7.59014,0.53668,6.60247,0.35503
2025-05-10,8.85979,8.37906,0.48073,7.48466,0.60452,6.47893,0.36482
2025-05-11,8.87808,8.42316,0.45492,7.54088,0.63579,6.54768,0.30562
2025-05-12,8.96316,8.50764,0.45552,7.7486,0.50801,6.45726,0.35178
2025-05-13,8.95286,8.66499,0.28787,7.95281,0.30094,6.65754,0.16792
2025-05-14,8.9579,8.9976,-0.0397,8.24415,0.11264,7.0333,-0.11758
2025-05-15,8.90842,8.79236,0.11607,7.92408,0.27731,6.64304,0.08679
2025-05-16,8.80971,8.76391,0.0458,7.74929,0.37811,6.54606,0.14603
2025-05-17,8.7757,8.56769,0.20801,7.61334,0.4112,6.37796,0.21782
2025-05-18,8.8578,8.57026,0.28754,7.7963,0.38178,6.44051,0.36963
2025-05-19,8.87654,8.58792,0.28862,7.76797,0.51198,6.48473,0.11514
2025-05-20,8.81314,8.57499,0.23815,7.70246,0.54817,6.75563,-0.02104
2025-05-21,8.79891,8.7376,0.06131,7.67877,0.54701,6.62707,-0.06462
2025-05-22,8.72762,8.53216,0.19546,7.69869,0.51414,6.56572,0.11638
2025-05-23,8.72956,8.47659,0.25297,7.55797,0.61645,6.40397,0.24112
2025-05-24,8.67795,8.40367,0.27428,7.46809,0.60936,6.34441,0.20953
2025-05-25,8.82114,8.46969,0.35145,7.61679,0.68324,6.47196,0.28613
2025-05-26,8.80252,8.54167,0.26085,7.67538,0.59463,6.41482,0.24191
2025-05-27,8.86841,8.57223,0.29618,7.63841,0.5583,6.38213,0.1589
2025-05-28,8.87822,8.53327,0.34495,7.61663,0.60485,6.38044,0.11332
2025-05-29,8.867,8.50091,0.3661,7.59022,0.61827,6.38608,0.19871
2025-05-30,8.7628,8.66202,0.10078,7.51971,0.59282,6.27614,0.25182
2025-05-31,8.77648,8.55777,0.21871,7.39035,0.63517,6.28158,0.2752
2025-06-01,8.74225,8.47863,0.26363,7.49858,0.69786,6.41924,0.2778
2025-06-02,8.77617,8.48983,0.28634,7.59698,0.67457,6.75509,-0.10481
2025-06-03,8.75147,8.47956,0.27192,7.59516,0.61033,6.60376,-0.02451
2025-06-04,8.83797,8.46347,0.3745,7.54487,0.64354,6.52704,0.04943
2025-06-05,9.35193,8.44201,0.90992,7.63937,0.59467,6.42742,0.44159
2025-06-06,9.06659,8.49147,0.57511,7.70436,0.50413,6.35624,0.38546
2025-06-07,8.73697,8.43619,0.30078,7.49907,0.55545,6.38357,0.2563
2025-06-08,8.95196,8.71436,0.2376,7.7467,0.48468,6.6903,0.16616
2025-06-09,8.84894,8.63159,0.21735,7.65016,0.55724,6.62647,0.06561
2025-06-10,8.8387,8.53892,0.29977,7.71472,0.56218,6.5224,0.09634
2025-06-11,9.02654,8.60356,0.42298,7.71396,0.60332,6.53897,0.90117
2025-06-12,8.81329,8.47799,0.3353,7.51082,0.63211,6.446,0.55159
2025-06-13,8.68845,8.42468,0.26377,7.45799,0.61945,6.33203,0.29734
2025-06-14,8.74513,8.38576,0.35936,7.45074,0.61797,6.35399,0.22108
2025-06-15,8.757,8.4017,0.3553,7.48401,0.57495,6.54069,0.2324
2025-06-16,8.78981,8.46314,0.32668,7.58342,0.5243,6.50244,0.22738
2025-06-17,8.7774,8.44407,0.33333,7.55443,0.62869,6.53551,0.32725
2025-06-18,8.76092,8.41561,0.34531,7.43593,0.6953,6.28445,0.47016
2025-06-19,8.7971,8.44836,0.34873,7.45753,0.64202,6.43196,0.26136
2025-06-20,8.82114,8.43453,0.38661,7.42066,0.63355,6.32582,0.27269
2025-06-21,8.88211,8.40368,0.47844,7.35597,0.71212,6.35142,0.51343
2025-06-22,8.85509,8.47971,0.37538,7.48039,0.70913,6.51043,0.10698
2025-06-23,8.7983,8.49892,0.29939,7.57006,0.64522,6.56317,0.17853
2025-06-24,8.78753,8.46103,0.32649,7.46027,0.69509,6.67272,0.42068
2025-06-25,8.86715,8.46575,0.4014,7.45018,0.6018,6.56656,0.41352
2025-06-26,8.91476,8.4538,0.46096,7.40236,0.65217,6.45295,0.34387
2025-06-27,8.70001,8.38502,0.31499,7.35267,0.6198,6.39235,0.35641
2025-06-28,8.68879,8.3513,0.33749,7.35176,0.60612,6.23716,0.37084
2025-06-29,8.78017,8.4163,0.36387,7.3868,0.64848,6.64493,0.19026
2025-06-30,8.69801,8.45413,0.24388,7.51774,0.50549,6.38824,0.27745
2025-07-01,8.6505,8.39295,0.25755,7.39771,1.00788,6.2761,0.26781
2025-07-02,8.73182,8.36359,0.36823,7.43098,0.71225,6.35279,0.29749
2025-07-03,8.72323,8.38382,0.33941,7.40684,0.72322,6.32269,0.56995
2025-07-04,8.74257,8.3906,0.35198,7.37141,0.62592,6.30081,0.28121
2025-07-05,9.23494,8.37261,0.86232,7.35301,0.58971,6.31868,0.1796
2025-07-06,9.12042,8.50652,0.6139,7.3916,0.64433,6.4524,0.41453
2025-07-07,8.90815,8.50036,0.40779,7.48756,0.56823,6.4393,0.46243
2025-07-08,8.88003,8.5493,0.33073,7.49089,0.59151,6.37541,0.33876
2025-07-09,9.01821,8.48846,0.52976,7.47754,0.91114,6.35224,0.37039
2025-07-10,8.80538,8.55039,0.25498,7.52525,0.64239,6.41616,0.18098
2025-07-11,9.06033,8.52907,0.53126,7.43958,0.6076,6.29243,0.27142
2025-07-12,8.83696,8.36464,0.47231,7.35223,0.64913,6.35349,0.19186
2025-07-13,8.80327,8.41348,0.3898,7.43334,0.64752,6.44613,0.3166
2025-07-14,8.81061,8.44759,0.36302,7.45286,0.60134,6.44226,0.09298
2025-07-15,8.71473,8.45875,0.25598,7.49548,0.47354,6.40476,0.36258
2025-07-16,8.7247,8.47047,0.25423,7.48655,0.58217,6.5836,0.05758
2025-07-17,8.68288,8.39306,0.28982,7.50207,0.48681,6.29813,0.22544
2025-07-18,8.66647,8.38266,0.28382,7.47187,0.45762,6.36844,0.24629
2025-07-19,8.84635,8.39525,0.4511,7.39948,0.49707,6.36715,0.29598
2025-07-20,8.70599,8.44195,0.26404,7.55995,0.44941,6.48692,0.29073
2025-07-21,8.70699,8.45003,0.25696,7.60337,0.42736,6.53061,0.2004
2025-07-22,8.70666,8.41919,0.28747,7.54479,0.504,6.39748,0.24631
2025-07-23,8.66164,8.38983,0.27181,7.47801,0.52234,6.42139,0.20134
2025-07-24,8.6663,8.44568,0.22062,7.53502,0.50317,6.48109,0.11742
2025-07-25,8.72713,8.41224,0.31489,7.51602,0.42598,6.48328,0.27365
2025-07-26,8.72242,8.34951,0.37291,7.4594,0.5141,6.48872,0.22302
2025-07-27,9.02244,8.44642,0.57602,7.49012,0.58297,6.60356,0.19994
2025-07-28,8.96738,8.44185,0.52553,7.5414,0.59979,6.45836,0.18283
2025-07-29,8.77617,8.4502,0.32597,7.50222,0.63635,6.51956,0.1824
2025-07-30,8.71325,8.55835,0.15491,7.59487,0.50953,6.52663,0.1454
2025-07-31,8.6822,8.44136,0.24084,7.54145,0.57616,6.48234,0.21098
2025-08-01,8.6771,8.4209,0.2562,7.45073,0.5466,6.49853,0.3345
2025-08-02,8.7344,8.42044,0.31396,7.43567,0.59571,6.55136,0.20905
2025-08-03,8.79057,8.48427,0.30631,7.4925,0.6355,6.70391,0.07146
2025-08-04,8.82409,8.49071,0.33338,7.52644,0.55628,6.70231,0.00822
2025-08-05,8.69968,8.46498,0.2347,7.51467,0.53284,6.57103,0.09083
2025-08-06,8.75558,8.47916,0.27642,7.52571,0.58231,6.49965,0.23375
2025-08-07,8.68322,8.48844,0.19477,7.50283,0.4918,6.53439,0.07765
2025-08-08,8.69651,8.43709,0.25942,7.4725,0.54546,6.46627,0.22581
2025-08-09,8.64347,8.39825,0.24523,7.40616,0.56078,6.36155,0.29646
2025-08-10,8.74034,8.44453,0.29581,7.51812,0.50412,6.59175,0.37898
2025-08-11,8.71522,8.529,0.18623,7.5574,0.516,6.6398,0.12869
2025-08-12,8.68694,8.49959,0.18735,7.50789,0.56863,6.54717,0.12866
2025-08-13,8.7294,8.4708,0.2586,7.5342,0.54045,6.64268,0.04068
2025-08-14,8.65242,8.46802,0.1844,7.47783,0.51714,6.68757,0.12916
2025-08-15,8.62712,8.40771,0.21941,7.37778,0.52545,6.71504,0.27153
2025-08-16,8.7126,8.35622,0.35637,7.3594,0.65823,6.43973,0.40189
2025-08-17,8.86827,8.45837,0.4099,7.42861,0.71142,6.74875,0.71002
2025-08-18,8.71899,8.49767,0.22132,7.55554,0.62029,6.53223,0.47989
2025-08-19,8.71292,8.44644,0.26648,7.52166,0.6019,6.50404,0.20771
2025-08-20,8.751,8.44197,0.30903,7.5907,0.51128,6.55014,0.33945
2025-08-21,8.77168,8.50332,0.26836,7.57612,0.54476,6.56943,0.38616
2025-08-22,8.7203,8.49188,0.22842,7.57034,0.53376,6.67072,0.28105
2025-08-23,8.74719,8.38291,0.36428,7.47648,0.59442,6.57804,0.34854
2025-08-24,8.73585,8.44918,0.28667,7.5051,0.64997,6.58687,0.36011
2025-08-25,8.79981,8.50333,0.29648,7.66466,0.48551,6.97315,0.1277
2025-08-26,8.80267,8.52548,0.27719,7.62389,0.4787,6.52783,0.2008
2025-08-27,8.78523,8.46941,0.31583,7.55188,0.57935,6.52303,0.32709
2025-08-28,8.87473,8.42201,0.45272,7.5414,0.5444,6.71039,0.34146
2025-08-29,8.79573,8.40969,0.38604,7.45045,0.59706,6.70226,0.13828
2025-08-30,8.80538,8.34757,0.4578,7.36806,0.62218,6.49334,0.25776
2025-08-31,8.71227,8.40799,0.30427,7.43721,0.71844,6.77114,-0.01421
2025-09-01,8.73777,8.43823,0.29954,7.57151,0.5244,6.56828,0.18516
2025-09-02,8.81759,8.514,0.30359,7.52019,0.54098,6.71931,0.09524
2025-09-03,8.89041,8.52361,0.3668,7.504,0.55211,6.76718,0.18555
2025-09-04,9.17782,8.53159,0.64623,7.59684,0.64117,6.68743,0.31382
2025-09-05,9.19938,8.62579,0.57359,7.63486,0.53674,6.59077,0.37902
2025-09-06,8.8853,8.61187,0.27343,7.41392,0.58206,6.73529,0.06042
2025-09-07,8.84822,8.52661,0.32161,7.5212,0.6333,6.61318,0.09369
2025-09-08,9.00184,8.76647,0.23537,7.63501,0.91659,6.665,0.37728
2025-09-09,8.9539,8.56937,0.38453,7.61787,0.70501,6.60638,0.22988
2025-09-10,8.91422,8.48955,0.42467,7.63572,0.66853,6.67231,0.17038
2025-09-11,8.7639,8.47931,0.28458,7.53946,0.528,6.54909,0.0763
2025-09-12,8.73874,8.53563,0.20311,7.51707,0.51171,6.64994,0.14688
2025-09-13,8.79331,8.37067,0.42264,7.41643,0.60974,6.50983,0.21761
2025-09-14,8.81745,8.47112,0.34633,7.46266,0.62375,6.61934,0.15831
2025-09-15,8.78386,8.52181,0.26205,7.50841,0.59569,6.56243,0.12468
2025-09-16,8.92292,8.59171,0.33122,7.50168,0.65138,6.56208,0.16535
2025-09-17,8.84318,8.58997,0.25321,7.58376,0.57362,6.53679,0.14281
2025-09-18,8.93511,8.79789,0.13723,7.59988,0.51444,6.49675,0.06003
2025-09-19,8.75432,8.83094,-0.07662,7.53149,0.54626,6.42649,0.07179
2025-09-20,8.6866,8.93554,-0.24894,7.42051,0.67843,6.35886,0.12882
2025-09-21,9.20483,8.99202,0.21281,7.48378,0.68357,6.57946,0.37994
2025-09-22,8.93314,8.92055,0.01258,7.52571,0.58562,6.58612,0.21849
2025-09-23,9.00516,8.53314,0.47202,7.51277,0.55813,6.57162,0.30671
2025-09-24,8.99268,8.58809,0.4046,7.58136,0.52907,6.62139,0.24137
2025-09-25,9.02497,8.58479,0.44018,7.54489,0.55497,6.49354,0.38581
2025-09-26,8.91838,8.51285,0.40553,7.48418,0.4907,6.43362,0.27202
2025-09-27,8.82026,8.53591,0.28435,7.39677,0.62185,6.48701,0.22107
2025-09-28,8.96623,8.52975,0.43648,7.46395,0.64648,6.63113,0.20405
2025-09-29,8.85993,8.50903,0.3509,7.52377,0.75237,6.71195,0.00827
2025-09-30,8.84535,8.47149,0.37386,7.4575,0.7892,6.49028,0.24312
2025-10-01,8.85979,8.48916,0.37063,7.45181,0.5812,6.39717,0.15961
2025-10-02,8.79042,8.5019,0.28852,7.48535,0.55541,6.4165,0.13744
2025-10-03,8.80297,8.50903,0.29394,7.4242,0.59706,6.39979,0.2595
2025-10-04,8.73649,8.36688,0.36961,7.35227,0.53305,6.43278,0.22523
2025-10-05,8.75605,8.43284,0.32322,7.48261,0.59608,6.53887,0.27017
2025-10-06,8.83492,8.48482,0.3501,7.57101,0.54332,6.44974,0.13918
2025-10-07,8.84448,8.51587,0.32861,7.58161,0.55315,6.45885,0.15722
2025-10-08,8.89987,8.52748,0.37239,7.65117,0.60725,6.54743,0.15084
2025-10-09,8.92052,8.53374,0.38678,7.54402,0.71388,6.53217,0.14113
2025-10-10,9.01372,8.69913,0.31458,7.55154,0.59893,6.68912,0.44577
2025-10-11,8.89426,8.58424,0.31002,7.49576,0.62898,6.65407,0.64438
2025-10-12,8.84318,8.49626,0.34692,7.61129,0.64869,6.6883,0.11853
2025-10-13,8.83506,8.51226,0.32281,7.64392,0.56702,6.51103,0.17856
2025-10-14,9.32287,8.54893,0.77394,7.62796,0.61242,6.59947,0.22816
2025-10-15,9.43795,8.59022,0.84773,7.62629,0.74124,6.68528,0.19098
2025-10-16,9.14974,8.61633,0.53341,7.64818,0.59957,6.59348,0.14703
2025-10-17,8.92306,8.4682,0.45486,7.5117,0.60651,6.44663,0.20106
2025-10-18,8.80762,8.40271,0.40492,7.44135,0.62108,6.51291,0.28392
2025-10-19,8.88586,8.56398,0.32188,7.55664,0.61298,6.77447,0.06928
2025-10-20,9.07303,8.67365,0.39938,7.66239,0.59551,6.83053,0.11645
2025-10-21,9.08682,8.58836,0.49845,7.60748,0.60264,6.63639,0.17486
2025-10-22,9.05322,8.51972,0.5335,7.65129,0.59933,6.6155,0.49438
2025-10-23,9.01091,8.53643,0.47448,7.62495,0.60162,6.54759,0.37209
2025-10-24,8.92386,8.50038,0.42348,7.5342,0.71876,6.6473,0.25644
2025-10-25,8.87459,8.41886,0.45572,7.423,0.697,6.77557,0.65395
2025-10-26,9.04723,8.45911,0.58813,7.48331,1.07809,6.74174,0.66071
2025-10-27,9.78853,8.57115,1.21737,7.56729,1.37006,6.84111,1.68187
2025-10-28,9.24484,8.52747,0.71737,7.57014,0.82849,6.85281,0.72534
2025-10-29,8.98532,8.52672,0.4586,7.64132,0.68471,6.8749,0.33518
2025-10-30,8.96265,8.46487,0.49778,7.60122,0.66597,6.80376,0.25843
2025-10-31,8.7927,8.43668,0.35603,7.6377,0.59846,6.66767,0.25201
2025-11-01,8.70715,8.40383,0.30332,7.60444,0.42987,6.79926,0.27316
2025-11-02,8.7653,8.41665,0.34865,7.64565,0.56665,6.87264,0.19553
2025-11-03,8.7974,8.54243,0.25497,7.73646,0.55684,6.79677,0.09993
2025-11-04,8.76655,8.52823,0.23832,7.57847,0.63003,6.81246,0.03661
2025-11-05,8.72372,8.43319,0.29053,7.59473,0.55718,6.6406,0.09161
2025-11-06,8.73729,8.44893,0.28836,8.34168,-0.26361,6.87613,0.21977
2025-11-07,8.6718,8.43311,0.23869,8.28503,-0.2267,6.78081,0.70018
2025-11-08,8.67846,8.40891,0.26955,8.27255,-0.22121,6.83561,0.30564
2025-11-09,8.75967,8.44808,0.31159,8.34403,0.48476,7.05738,0.16956
2025-11-10,8.78063,8.4767,0.30393,8.35009,0.39727,6.92764,0.25775
2025-11-11,8.74719,8.45557,0.29162,8.26627,0.46151,6.78339,0.30334
2025-11-12,8.76312,8.501,0.26212,7.97687,0.24541,7.05389,0.00572
2025-11-13,8.72356,8.46768,0.25588,7.61698,0.47618,6.8892,0.09829
2025-11-14,8.89494,8.46285,0.4321,7.51258,0.6254,6.85282,0.38063
2025-11-15,8.80717,8.49576,0.31141,7.53043,0.49313,6.90484,0.12866
2025-11-16,8.84318,8.63915,0.20403,7.81876,0.2695,7.26699,-0.03137
2025-11-17,8.83506,8.68798,0.14708,7.83382,0.33239,7.10805,-0.09774
2025-11-18,8.7709,8.64404,0.12686,7.69509,0.36229,6.96557,0.01264
2025-11-19,8.73777,8.64729,0.09048,7.66175,0.42404,7.22678,-0.28269
2025-11-20,8.7352,8.53302,0.20218,7.51506,0.49298,7.08118,-0.08175
2025-11-21,8.6651,8.48921,0.17589,7.56858,0.48563,6.96508,0.14643
2025-11-22,8.63302,8.45188,0.18114,7.51181,0.51664,6.85326,0.05049
2025-11-23,8.7723,8.47806,0.29424,7.60511,0.49262,7.1703,0.01886
2025-11-24,8.73021,8.47833,0.25188,7.58794,0.51373,6.89715,-0.02813
2025-11-25,8.68862,8.45687,0.23176,7.55475,0.56999,7.00135,0.1749
2025-11-26,8.76265,8.44166,0.32099,7.5309,0.47813,6.83644,-0.0385
2025-11-27,8.61287,8.37355,0.23932,7.52638,0.46386,6.76436,-0.09613
2025-11-28,8.5923,8.39533,0.19697,7.44863,0.49337,6.80587,-0.16469
2025-11-29,8.62712,8.39745,0.22967,7.49357,0.46396,6.8003,-0.00571
2025-11-30,8.74767,8.48814,0.25953,7.56431,0.48671,6.93143,0.03836
2025-12-01,8.72193,8.47336,0.24857,7.43704,0.53577,6.68458,0.08277
2025-12-02,8.69985,8.49101,0.20883,7.39395,0.60068,6.79606,0.07087
2025-12-03,8.65556,8.42897,0.22659,7.39842,0.60461,6.75273,0.02264
2025-12-04,8.67146,8.5152,0.15626,7.3699,0.68112,6.59968,0.00019
2025-12-05,8.65521,8.61472,0.0405,7.41992,0.4936,6.75856,0.18745
2025-12-06,8.71604,8.46555,0.25049,7.30429,0.54776,6.75295,0.19882
2025-12-07,8.71588,8.398,0.31788,7.4388,0.51837,6.78732,0.17492
2025-12-08,8.68542,8.44757,0.23785,7.40386,0.61904,6.68645,0.18671
2025-12-09,8.64997,8.4456,0.20437,7.40325,0.59609,6.6801,0.13664
2025-12-10,8.75163,8.4669,0.28473,7.42028,0.60687,6.76398,0.18588
2025-12-11,8.71555,8.51004,0.20551,7.4047,0.61195,6.75566,0.08809
2025-12-12,8.65225,8.44439,0.20786,7.28525,0.57994,6.67302,0.07808
2025-12-13,9.00479,8.35257,0.65222,7.2706,0.60338,6.6381,0.1165
2025-12-14,9.12489,8.49913,0.62576,7.58646,0.45205,6.84956,-0.04827
2025-12-15,9.13465,8.87682,0.25783,7.84941,0.18555,7.33539,-0.301
2025-12-16,9.05427,8.67865,0.37562,7.56902,0.35432,7.06137,-0.25123
2025-12-17,8.90314,8.60461,0.29853,7.45161,0.49182,6.96668,-0.14994
2025-12-18,8.80493,8.52109,0.28384,7.38799,0.43365,6.89607,0.00567
2025-12-19,8.72534,8.42597,0.29937,7.23213,0.56104,6.7119,0.08045
2025-12-20,8.6682,8.36578,0.30242,7.24052,0.56617,6.75637,-0.06802
2025-12-21,8.67829,8.38409,0.2942,7.24375,0.58509,6.78233,0.00551
2025-12-22,8.63888,8.37136,0.26752,7.1878,0.61523,6.61467,0.09097
2025-12-23,8.52952,8.39415,0.13537,7.2129,0.62308,6.65161,0.0128
2025-12-24,8.60153,8.30636,0.29517,7.15173,0.64309,6.55416,0.12544
2025-12-25,8.49638,8.32205,0.17433,7.19495,0.68321,6.71176,0.09728
2025-12-26,8.62587,8.36457,0.2613,7.28627,0.5654,6.7308,0.09683
2025-12-27,8.7045,8.35339,0.35111,7.26497,0.58669,6.66235,0.29515
2025-12-28,8.71752,8.37718,0.34034,7.25484,0.63686,6.68381,0.14274
2025-12-29,8.65574,8.41271,0.24303,7.23839,0.67768,6.65566,0.05364
2025-12-30,8.58765,8.3678,0.21986,7.23096,0.60462,6.62733,0.1469
2025-12-31,8.58336,8.27695,0.3064,7.14743,0.54696,6.54921,0.09328
2026-01-01,8.57073,8.28856,0.28217,7.17313,0.61051,6.65251,0.11828
2026-01-02,8.67317,8.37406,0.29911,7.33806,0.53287,6.72749,0.09253
2026-01-03,9.22286,9.22268,0.00019,7.76147,0.36239,8.23134,-0.2137
2026-01-04,9.36657,9.34186,0.02472,7.84162,0.26579,8.02662,-0.22686
2026-01-05,9.10908,9.34955,-0.24046,7.79174,0.26341,7.9546,-0.3739
2026-01-06,9.017,9.09273,-0.07573,7.58658,0.41745,7.59438,-0.27121
2026-01-07,8.8488,8.85885,-0.01006,7.47516,0.45036,7.22878,-0.09629
2026-01-08,8.79012,8.75914,0.03098,7.57724,0.41908,7.25309,-0.11582
2026-01-09,8.81567,8.73284,0.08283,7.52463,0.47706,7.47558,0.15973
2026-01-10,8.754,8.63595,0.11805,7.45435,0.50213,7.22927,0.0886
2026-01-11,8.77509,8.65015,0.12493,7.54995,0.47753,7.20678,0.08624
2026-01-12,8.88986,8.67393,0.21593,7.55941,0.49891,7.08878,0.15688
2026-01-13,8.78981,8.63613,0.15368,7.50779,0.4664,6.90219,0.061
2026-01-14,8.76452,8.62953,0.13499,7.51596,0.43735,6.898,-0.03107
2026-01-15,8.76904,8.58114,0.1879,7.49249,0.55213,6.86255,0.01268
2026-01-16,8.72177,8.56757,0.15419,7.41927,0.5344,6.88964,0.04961
2026-01-17,8.77632,8.46573,0.31059,7.48685,0.58281,7.29373,0.27155
2026-01-18,8.69801,8.52726,0.17075,7.50363,0.54516,7.14175,0.07716
2026-01-19,8.67026,8.51992,0.15034,7.47358,0.55975,6.98392,0.05399
2026-01-20,8.70151,8.482,0.21951,7.48936,0.44622,6.89779,-0.01536
2026-01-21,8.82527,8.49425,0.33102,7.44493,0.50663,6.80742,0.06678
2026-01-22,8.79951,8.45091,0.3486,7.40419,0.50897,6.82795,0.23167
2026-01-23,8.7247,8.42151,0.30319,7.36846,0.54323,6.78768,0.21447
2026-01-24,8.67625,8.46097,0.21528,7.28225,0.61244,6.70481,0.17762
2026-01-25,8.6364,8.48228,0.15412,7.40825,0.51474,6.91706,0.04519
2026-01-26,8.63462,8.47971,0.15491,7.45137,0.47668,6.73203,0.1401
2026-01-27,8.61993,8.48744,0.13249,7.47636,0.42798,6.75161,0.05189
2026-01-28,8.64047,8.44363,0.19684,7.38216,0.52806,6.76279,-0.06206
2026-01-29,8.63533,8.60423,0.0311,7.42209,0.43848,6.69915,0.15309
2026-01-30,8.71654,8.55024,0.16629,7.29226,0.61943,6.59801,0.17163
2026-01-31,8.62515,8.44816,0.17699,7.30226,0.53766,6.58225,0.22347
2026-02-01,8.62101,8.47523,0.14578,7.31776,0.59283,6.76266,0.09275
2026-02-02,8.62963,8.47948,0.15015,7.40714,0.45459,6.62773,0.4911
2026-02-03,8.67334,8.63337,0.03997,7.42405,0.46316,6.6689,0.35752
2026-02-04,8.65347,8.55295,0.10052,7.36187,0.59145,6.61973,0.09686
2026-02-05,8.6364,8.48976,0.14664,7.41439,0.51582,6.5824,0.20432
2026-02-06,8.66164,8.50548,0.15616,7.26825,0.50239,6.85282,0.05694
2026-02-07,8.60117,8.46171,0.13945,7.19731,0.5196,6.50921,0.25467
2026-02-08,8.5884,8.37562,0.21278,7.27419,0.53291,6.60908,0.18662
2026-02-09,8.74926,8.53656,0.21269,7.37368,0.43748,6.72559,0.29995
2026-02-10,8.69115,8.52823,0.16292,7.38199,0.42917,6.71462,0.1043
2026-02-11,8.65417,8.51409,0.14008,7.3138,0.48636,6.74691,0.11375
2026-02-12,8.6498,8.46745,0.18235,7.35605,0.51067,6.64318,0.05262
2026-02-13,8.64383,8.40027,0.24355,7.27232,0.52086,6.53926,0.18217
2026-02-14,8.73166,8.41576,0.3159,7.17683,0.57937,6.75025,0.01824
2026-02-15,8.69316,8.54373,0.14944,7.25472,0.58046,6.71105,0.09468
2026-02-16,8.73037,8.51442,0.21594,7.32934,0.54957,6.65424,0.01525
2026-02-17,8.80102,8.64651,0.15451,7.37047,0.5644,6.69786,0.33123
2026-02-18,8.87165,8.51286,0.35879,7.41248,0.50869,6.64959,0.23489
2026-02-19,8.8118,8.47225,0.33955,7.36148,0.52911,6.62748,0.38913
2026-02-20,8.77122,8.42833,0.34288,7.26151,0.61816,6.50854,0.2838
2026-02-21,8.69584,8.39433,0.30151,7.23571,0.59113,6.52065,0.2928
2026-02-22,8.64277,8.43309,0.20968,7.33285,0.59916,6.76358,0.54831
2026-02-23,8.69249,8.52021,0.17228,7.40181,0.51536,6.83785,0.14965
2026-02-24,8.65312,8.46095,0.19218,7.39158,0.49149,6.62572,0.26997
2026-02-25,8.63764,8.43826,0.19938,7.37483,0.50824,6.55584,0.27611
2026-02-26,8.6651,8.44512,0.21998,7.394,0.42483,6.55604,0.17617
2026-02-27,8.66406,8.36172,0.30234,7.32221,0.51534,6.61152,0.35072
2026-02-28,8.61287,8.28939,0.32347,7.22077,0.6305,6.41525,0.35668
2026-03-01,8.7167,8.40264,0.31406,7.32885,0.64465,6.54647,0.247
2026-03-02,8.60484,8.38542,0.21941,7.35499,0.58095,6.55113,0.29475
2026-03-03,8.63551,8.41231,0.22319,7.38278,0.55958,6.49025,0.32209
2026-03-04,8.74034,8.49736,0.24297,7.36034,0.563,6.53622,0.24597
2026-03-05,8.71735,8.47644,0.24092,7.36513,0.55277,6.43393,0.29828
2026-03-06,8.6063,8.36752,0.23878,7.30415,0.51669,6.44484,0.1672
2026-03-07,8.64717,8.41877,0.2284,7.24752,0.59279,6.42055,0.23489
2026-03-08,8.65277,8.4383,0.21447,7.46704,0.44685,6.51463,0.18364
2026-03-09,8.70897,8.50461,0.20436,7.51084,0.42903,6.96531,-0.23908
2026-03-10,8.63106,8.51788,0.11318,7.66378,0.28495,6.59028,0.12025
2026-03-11,8.61559,8.58396,0.03163,7.82372,0.13869,6.77944,-0.03774
2026-03-12,8.63675,8.58271,0.05404,7.65178,0.2723,6.87485,-0.10177
2026-03-13,8.68355,8.51234,0.17121,7.49808,0.36017,6.66347,-0.05412
2026-03-14,8.63569,8.55413,0.08155,7.33729,0.4763,6.76702,0.01063
2026-03-15,8.65032,8.47954,0.17078,7.37905,0.58267,6.86125,0.03847
2026-03-16,8.72209,8.4617,0.26039,7.36202,0.65726,6.64692,0.17963
2026-03-17,8.78232,8.46164,0.32069,7.42728,0.59036,6.77503,-0.03806
2026-03-18,9.09594,8.49465,0.60129,7.39426,0.54952,6.55873,0.23249
2026-03-19,8.75353,8.42759,0.32593,7.3875,0.54306,6.54479,0.22024
2026-03-20,8.58933,8.40375,0.18558,7.33415,0.52217,6.49528,0.0798
2026-03-21,8.5035,8.31379,0.18971,7.25535,0.57983,6.48068,0.08739
2026-03-22,8.53503,8.4351,0.09994,7.33788,0.59016,6.62867,0.15692
2026-03-23,8.62407,8.44062,0.18345,7.38038,0.54874,6.62265,0.11787
2026-03-24,8.66458,8.50208,0.1625,7.40096,0.6275,6.7404,0.40005
2026-03-25,8.63391,8.41154,0.22237,7.3808,0.6535,6.5144,0.30671
2026-03-26,8.84908,8.49962,0.34947,7.49095,0.49215,6.53483,0.24167
2026-03-27,8.89179,8.74549,0.1463,7.44787,0.65864,6.56523,0.07072
2026-03-28,8.83783,8.43392,0.4039,7.2538,0.81115,6.58029,0.16612
2026-03-29,8.65032,8.43114,0.21918,7.39161,0.59693,6.66603,0.23167
2026-03-30,8.6606,8.40727,0.25333,7.38069,0.58589,6.67842,-8e-05
2026-03-31,8.65487,8.42446,0.23041,7.4013,0.58316,6.71434,0.04259
2026-04-01,8.79966,8.40063,0.39903,7.32673,0.67997,6.59771,0.19463
2026-04-02,8.70483,8.3502,0.35463,7.37325,0.56198,6.79414,0.03349
2026-04-03,8.61323,8.30409,0.30914,7.41887,0.57137,6.76055,0.11571
2026-04-04,8.71948,8.31941,0.40007,7.35166,0.63858,6.54398,0.17503
2026-04-05,8.66302,8.33915,0.32387,7.42762,0.64951,6.63192,0.26173
2026-04-06,8.67249,8.37774,0.29474,7.46294,0.54675,6.64011,0.17662
2026-04-07,8.63586,8.40066,0.23521,7.5126,0.58086,6.53142,0.13681
2026-04-08,8.63799,8.34842,0.28958,7.50334,0.55372,6.55595,0.25749
2026-04-09,8.6505,8.35656,0.29394,7.54463,0.57506,6.49558,0.36718
2026-04-10,8.77617,8.37827,0.3979,7.47015,0.56997,6.52928,0.25857
2026-04-11,8.59026,8.40785,0.1824,7.43691,0.55435,6.52342,0.63431
2026-04-12,8.63426,8.37161,0.26266,7.54051,0.61571,6.66567,0.40506
2026-04-13,8.71391,8.44644,0.26747,7.69455,0.52477,6.66908,0.17999
2026-04-14,8.65939,8.49087,0.16852,7.71312,0.60489,6.64905,0.3113
2026-04-15,8.62927,8.40894,0.22033,7.69335,0.557,6.61019,-0.01168
2026-04-16,8.6282,8.43527,0.19293,7.68057,0.54198,6.52559,0.13626
2026-04-17,8.65399,8.46741,0.18659,7.59469,0.47965,6.5225,0.11999
2026-04-18,8.72453,8.42684,0.29769,7.50411,0.50923,6.48557,0.18773
2026-04-19,8.88807,8.50818,0.37989,7.61474,0.49659,6.71107,0.28287
2026-04-20,8.91059,8.51941,0.39117,7.6127,0.59987,6.86599,0.14703
2026-04-21,8.79407,8.44506,0.349,7.56697,0.58003,6.60471,0.2294
2026-04-22,8.78798,8.46653,0.32145,7.57506,0.53687,6.58137,0.19741
2026-04-23,8.66164,8.67789,-0.01625,7.53887,0.58112,6.50161,0.17674
2026-04-24,8.88558,8.53191,0.35367,7.4821,0.58254,6.45828,0.29048
2026-04-25,9.01615,8.42147,0.59468,7.39508,0.5921,6.4707,0.34275
2026-04-26,8.80867,8.47975,0.32892,7.46764,0.61105,6.68021,0.13433
2026-04-27,8.99268,8.60725,0.38543,7.51256,0.57815,6.48679,0.26197
2026-04-28,8.88986,8.62217,0.26769,7.49006,0.61283,6.5242,0.16788
2026-04-29,8.70301,8.58331,0.1197,7.49099,0.56417,6.50506,0.24017
2026-04-30,8.65399,8.45741,0.19658,7.47229,0.54831,6.45276,0.08538
2026-05-01,8.62784,8.44408,0.18376,7.42249,0.55513,6.81674,-0.15106
2026-05-02,8.62569,8.35079,0.2749,7.40539,0.57052,6.43052,0.1291
2026-05-03,8.61559,8.42579,0.1898,7.51966,0.51917,6.66115,-0.01476
2026-05-04,8.67676,8.46384,0.21292,7.51666,0.58471,6.55551,0.22213
2026-05-05,8.67931,8.4241,0.25522,7.57489,0.47741,6.59374,0.27839
2026-05-06,8.71128,8.44549,0.26579,7.50067,0.59615,6.57286,0.21273
2026-05-07,8.73182,8.48137,0.25045,7.58779,0.52713,6.53887,0.22155
2026-05-08,8.69785,8.42585,0.272,7.47174,0.54293,6.73309,-0.02868
2026-05-09,8.57546,8.30718,0.26829,7.37033,0.518,6.50417,0.1564
2026-05-10,8.67471,8.33532,0.33939,7.40789,0.59547,6.55452,0.30299
2026-05-11,8.79951,8.49327,0.30625,7.56614,0.53826,6.58443,0.28666
2026-05-12,8.6663,8.45847,0.20784,7.56526,0.48289,6.56417,0.34757
2026-05-13,8.64822,8.44363,0.20459,7.53483,0.53888,6.63524,0.10291
2026-05-14,8.62317,8.41508,0.20809,7.51684,0.54465,6.70038,0.03183
2026-05-15,8.64242,8.43858,0.20384,7.4299,0.54601,6.4921,0.05755
2026-05-16,8.59026,8.29817,0.29208,7.37099,0.51772,6.35785,0.18463
2026-05-17,8.63141,8.33306,0.29836,7.41237,0.61184,6.54828,0.09291
2026-05-18,8.76795,8.4471,0.32085,7.62786,0.48076,6.58061,0.03546
2026-05-19,8.71752,8.51149,0.20603,7.62756,0.43927,6.65404,-0.04603
2026-05-20,8.66665,8.50018,0.16647,7.5595,0.48961,6.57471,0.1764
2026-05-21,8.65626,8.62329,0.03297,7.59211,0.43308,6.50757,0.1632
2026-05-22,8.66579,8.45148,0.2143,7.52069,0.45933,6.512,0.23088
2026-05-23,8.67897,8.38388,0.29509,7.40093,0.53143,6.42779,0.16935
2026-05-24,8.67112,8.39529,0.27582,7.48368,0.58001,6.43504,0.18369
2026-05-25,8.71506,8.46267,0.25239,7.56696,0.65183,6.50374,0.35692
2026-05-26,8.71012,8.54966,0.16047,7.56099,0.48138,6.52105,0.20997
2026-05-27,8.70218,8.50497,0.1972,7.61247,0.43951,6.50941,0.42499
2026-05-28,8.88696,8.52834,0.35863,7.56144,0.47771,6.5341,0.46988
2026-05-29,9.04275,8.575,0.46775,7.43402,0.54771,6.62588,0.20607
2026-05-30,8.8911,8.43121,0.45988,7.44744,0.46608,6.60384,0.2786
2026-05-31,8.90055,8.55654,0.34401,7.73703,0.26097,6.85974,0.26956
2026-06-01,8.99752,8.71036,0.28715,7.86514,0.25782,6.76915,0.20064
2026-06-02,8.97322,8.5751,0.39813,7.67521,0.44419,6.67437,0.20086
2026-06-03,8.85723,8.61078,0.24646,7.64658,0.5165,6.66983,0.15346
2026-06-04,8.9938,8.57871,0.41509,7.71169,0.49462,6.72981,0.285
2026-06-05,8.88253,8.52639,0.35614,7.56952,0.6049,6.64618,0.18578
2026-06-06,9.01736,8.53372,0.48364,7.56597,0.57842,6.6686,0.21076
2026-06-07,9.15218,8.57983,0.57235,7.65204,0.65887,6.80897,0.19228
2026-06-08,9.02112,8.64433,0.37678,7.748,0.52508,6.83268,0.15481
2026-06-09,9.12891,8.63501,0.4939,7.75021,0.52364,6.88862,0.08586
2026-06-10,9.29771,8.70807,0.58964,7.74435,0.62527,6.85576,0.32887
2026-06-11,9.4236,8.85648,0.56712,7.82401,0.50395,7.45022,0.23181
2026-06-12,9.28619,8.84176,0.44443,7.77862,0.4919,7.17723,0.17071
2026-06-13,9.43676,9.10892,0.32784,7.85806,0.35695,7.33757,-0.16745
2026-06-14,9.41979,8.94606,0.47373,7.90297,1.22431,7.92212,-0.48668
2026-06-15,9.58521,9.32835,0.25686,8.20276,0.37383,7.97481,-0.43791
2026-06-16,9.64089,9.03791,0.60298,7.92891,0.73739,7.36452,0.03243
2026-06-17,10.73232,9.00262,1.72971,7.90734,1.19017,7.12058,0.93933
2026-06-18,9.58052,9.11067,0.46986,7.96017,0.4561,7.09152,0.33622
2026-06-19,9.36726,8.81251,0.55475,7.73086,0.45309,6.97565,0.43893
2026-06-20,9.5729,9.01913,0.55377,7.81241,0.36427,7.22372,0.26064
2026-06-21,9.6513,9.44112,0.21018,8.28127,0.04113,7.76312,0.06612
2026-06-22,10.6914,9.47691,1.21449,8.3086,0.70949,7.85826,2.10321
2026-06-23,9.91245,9.02737,0.88507,7.96803,0.45551,7.18958,1.16133
2026-06-24,9.50636,9.18006,0.3263,8.01254,0.31009,7.30879,0.43187
2026-06-25,9.44888,9.11957,0.32932,7.86058,0.36144,8.54774,0.00269
2026-06-26,9.40236,9.09122,0.31115,7.91454,0.2457,7.58519,0.12142
2026-06-27,9.62311,9.52384,0.09927,8.24259,0.07615,7.78424,-0.04488
2026-06-28,10.29944,9.30049,0.99895,7.95448,0.66436,7.66359,0.22961
2026-06-29,9.78098,9.3673,0.41368,8.18119,0.14774,8.61,0.11323
2026-06-30,9.67445,9.14036,0.53409,7.87603,0.41276,7.86536,0.27932
2026-07-01,9.62119,9.01546,0.60573,7.79285,0.5356,7.30226,0.31697
2026-07-02,9.44865,8.82743,0.62122,7.68677,0.56229,6.93528,0.38127
2026-07-03,10.67491,8.94426,1.73065,7.73543,1.05529,7.14175,1.08883
2026-07-04,10.98113,9.53244,1.44869,8.03006,0.77995,7.80018,0.80484
2026-07-05,9.88817,9.23986,0.64831,7.97625,0.35293,7.63599,0.25608
2026-07-06,9.93066,9.14911,0.78156,7.7765,0.5442,7.36026,0.39036
2026-07-07,11.24291,9.57261,1.6703,7.92026,1.48458,8.55731,1.02253
2026-07-08,10.72915,9.12439,1.60476,7.63264,0.89925,7.56793,0.90301
2026-07-09,10.35479,8.93478,1.42001,7.63605,0.93847,7.37804,0.75143
2026-07-10,10.08439,8.8074,1.27699,7.52363,0.92121,6.93788,0.85941
2026-07-11,11.44952,8.76111,2.68841,7.47656,0.9906,6.89554,0.97348
2026-07-12,11.60418,8.95525,2.64893,7.58877,1.45916,6.95,1.9201
2026-07-13,10.39687,8.86565,1.53122,7.52115,1.03564,6.79141,1.17449
2026-07-14,10.49066,8.83169,1.65897,7.45967,1.04159,6.86401,1.43974
2026-07-15,11.95046,9.01821,2.93225,7.49902,2.05534,7.4888,3.10195
2026-07-16,11.81825,9.02869,2.78956,7.52424,1.76639,7.5176,2.64895
2026-07-17,10.96685,8.85831,2.10854,7.50621,1.45669,6.93437,2.12096
2026-07-18,10.73077,8.83628,1.8945,7.45723,1.40624,6.9638,1.80431
2026-07-19,12.2935,9.19957,3.09393,7.58453,2.3149,8.00984,3.40077
2026-07-20,11.53984,9.18283,2.35701,7.65577,1.69233,7.36025,2.56015
2026-07-21,10.68238,8.89002,1.79235,7.60006,1.38851,7.03602,1.77234
2026-07-22,10.11168,8.7355,1.37618,7.47632,1.31562,6.78243,1.3292
2026-07-23,9.77361,8.66841,1.1052,7.48475,1.23424,6.72733,1.08868
2026-07-24,9.52573,8.57098,0.95475,7.38308,1.12648,6.55965,0.92752
2026-07-25,9.4008,8.59632,0.80447,7.38258,0.99028,6.6371,0.78048
2026-07-26,9.32483,8.58959,0.73524,7.41563,0.89183,6.61415,0.70968
2026-07-27,9.23415,8.60096,0.6332,7.49833,0.80542,6.67483,0.86526
2026-07-28,9.11405,8.54705,0.567,7.46118,0.75815,6.68981,0.55227
2026-07-29,9.05649,8.50052,0.55597,7.47593,0.7573,6.57309,0.448
2026-07-30,8.97967,8.45276,0.52691,7.37203,0.76067,6.59234,0.42248
2026-07-31,8.881,8.42523,0.45577,7.32612,0.75721,6.50341,0.4776
2026-08-01,8.85623,8.37292,0.48331,7.29145,0.72783,6.3631,0.52445
2026-08-02,8.79845,8.42342,0.37503,7.3622,0.72544,6.54583,0.40403
2026-08-03,8.74973,8.45172,0.29802,7.32643,0.71143,6.48195,0.40764
2026-08-04,8.74973,8.4171,0.33263,7.33135,0.70133,6.43829,0.37845
2026-08-05,8.71506,8.41269,0.30237,7.36371,0.64964,6.4871,0.27331
2026-08-06,8.70765,8.43784,0.26981,7.35003,0.6245,6.4521,0.36245
2026-08-07,8.6519,8.44525,0.20665,7.60911,0.3329,6.69354,0.2092
2026-08-08,8.89398,8.54193,0.35206,7.52008,0.36034,6.67564,0.34007
2026-08-09,8.75653,8.45576,0.30076,7.40277,0.46931,6.60685,0.18662
2026-08-10,8.69215,8.77502,-0.08287,7.83895,0.14039,6.82938,-0.08768
2026-08-11,8.78048,8.86937,-0.08889,7.77839,0.19062,6.96298,-0.20256
2026-08-12,8.60117,8.62195,-0.02079,7.51703,0.36415,6.64057,0.17944
2026-08-13,8.59896,8.48139,0.11757,7.45372,0.42481,6.53674,0.12127
2026-08-14,8.51599,8.40306,0.11293,7.39481,0.44511,6.41144,0.25297
2026-08-15,8.63728,8.32858,0.3087,7.34633,0.51231,6.40369,0.3625
2026-08-16,8.55987,8.3888,0.17107,7.37369,0.54494,6.51048,0.26603
2026-08-17,8.54753,8.5067,0.04083,7.36756,0.62438,6.4638,0.24794
2026-08-18,8.52794,8.3996,0.12833,7.37339,0.59632,6.41876,0.32058
2026-08-19,8.46863,8.35822,0.11042,7.37725,0.58656,6.34258,0.24221
2026-08-20,8.4826,8.36561,0.11699,7.40481,0.5322,6.31666,0.22581
2026-08-21,8.54071,8.35009,0.19062,7.33954,0.52142,6.54971,0.09798
2026-08-22,8.48384,8.2589,0.22495,7.19101,0.60051,6.41719,0.27737
2026-08-23,8.64699,8.2758,0.37119,7.25085,0.63259,6.43569,0.16282
2026-08-24,8.58784,8.42198,0.16586,7.29256,0.55833,6.36979,0.1345
2026-08-25,8.54208,8.41099,0.13109,7.32914,0.60034,6.43964,0.18707
2026-08-26,8.5368,8.32582,0.21098,7.32596,0.50208,6.28652,0.12201
2026-08-27,8.50005,8.27894,0.22111,7.28899,0.56111,6.33805,0.00583
2026-08-28,8.49126,8.31375,0.17751,7.2028,0.62044,6.24594,0.26133
2026-08-29,8.57866,8.19508,0.38358,7.16313,0.68541,6.3119,0.25196
2026-08-30,8.56331,8.29039,0.27292,7.23285,0.63349,6.56593,0.25736
2026-08-31,8.70334,8.31867,0.38467,7.19824,0.72003,6.36393,0.18715
2026-09-01,8.66837,8.31005,0.35832,7.24691,0.62593,6.33287,0.26292
2026-09-02,8.66077,8.36835,0.29242,7.23185,0.67027,6.25447,0.24531
2026-09-03,8.64647,8.41248,0.23398,7.23381,0.58099,6.48059,0.18509
2026-09-04,9.4841,8.31686,1.16724,7.23803,0.65815,6.37746,0.86605
2026-09-05,9.15101,8.24808,0.90293,7.1886,0.57272,6.37331,0.44343
2026-09-06,8.88267,8.24633,0.63634,7.23859,0.6266,6.32269,0.35942
2026-09-07,8.78814,8.38031,0.40783,7.35891,0.47469,6.36108,0.30205
2026-09-08,8.90164,8.35438,0.54726,7.36803,0.49562,6.39201,0.26471
2026-09-09,8.81165,8.38427,0.42739,7.29364,0.6473,6.33285,0.13018
2026-09-10,8.71686,8.35388,0.36298,7.22003,0.5988,6.32245,0.34196
2026-09-11,8.69433,8.44149,0.25284,7.26465,0.69742,6.43481,-0.10153
2026-09-12,8.63159,8.25098,0.38061,7.25162,0.58554,6.27809,0.08321
2026-09-13,8.57735,8.31435,0.263,7.30888,0.57268,6.41985,0.17593
2026-09-14,8.69951,8.34892,0.3506,7.28379,0.46596,6.79036,-0.12087
2026-09-15,8.67009,8.405,0.26508,7.30724,0.59377,6.41895,0.28791
2026-09-16,8.70334,8.46842,0.23492,7.37382,0.46413,6.36295,0.21907
2026-09-17,8.66181,8.58997,0.07184,7.40168,0.3677,6.40355,0.10671
2026-09-18,8.72225,8.46839,0.25387,7.38779,0.34545,6.40634,0.13469
2026-09-19,8.49311,8.23641,0.25669,7.3024,0.39744,6.34135,0.22109
2026-09-20,8.5309,8.3563,0.1746,7.32008,0.45141,6.43298,0.28362
2026-09-21,8.60886,8.60473,0.00413,7.32152,0.42867,6.49132,0.14199
2026-09-22,8.69249,8.49483,0.19766,7.35865,0.46898,6.40158,0.21448
2026-09-23,8.9661,8.47829,0.48781,7.35171,0.40063,6.49732,0.11472
2026-09-24,8.88295,8.53227,0.35068,7.3569,0.42215,6.44556,0.24528
2026-09-25,8.80553,8.58543,0.22009,7.40892,0.36804,6.54261,0.24973
2026-09-26,8.61378,8.58835,0.02543,7.28905,0.43142,6.46329,0.20494
2026-09-27,8.76014,8.6539,0.10624,7.38209,0.40196,6.61816,0.19088
2026-09-28,8.63355,8.50976,0.1238,7.39412,0.35907,6.56013,0.07055
2026-09-29,8.81016,8.65922,0.15094,7.40915,0.36739,6.67294,0.03636
2026-09-30,8.61704,8.44493,0.1721,7.33151,0.41219,6.43597,0.04254
2026-10-01,8.73359,8.41761,0.31598,7.3303,0.49694,6.47504,0.16875
2026-10-02,8.63088,8.63094,-6e-05,7.29597,0.44208,6.51378,-0.02002
