fecha,ar_en,ar_es,ar_de,bsas_en,messi_en,milei_en,patagonia_en,cl_en,uy_en,br_en,co_en,cl_es,uy_es,br_es,co_es,cl_de,uy_de,br_de,co_de
2015-07-01,10797.0,10817.0,1847.0,2799.0,38008.0,,2432.0,8729.0,3745.0,12066.0,5793.0,8470.0,4324.0,5123.0,7455.0,1570.0,732.0,2281.0,1319.0
2015-07-02,8265.0,8727.0,1652.0,2573.0,26885.0,,2662.0,5947.0,2990.0,11630.0,6992.0,6670.0,3422.0,4550.0,7049.0,1275.0,644.0,2193.0,1111.0
2015-07-03,7524.0,7517.0,1493.0,2484.0,25923.0,,2098.0,5754.0,2935.0,12004.0,5755.0,6356.0,3284.0,3773.0,6556.0,1399.0,596.0,1981.0,1137.0
2015-07-04,13318.0,10040.0,1422.0,2744.0,43260.0,,2205.0,21372.0,3519.0,10760.0,5291.0,15884.0,3349.0,3686.0,5954.0,2129.0,536.0,1665.0,881.0
2015-07-05,10688.0,9597.0,1872.0,3353.0,47716.0,,2816.0,15303.0,3467.0,11724.0,5536.0,11295.0,3494.0,3852.0,7065.0,2939.0,714.0,2106.0,1080.0
2015-07-06,9356.0,9974.0,1861.0,3050.0,36024.0,,2550.0,8252.0,3534.0,12560.0,6081.0,7711.0,3620.0,4445.0,8384.0,1798.0,720.0,2298.0,1192.0
2015-07-07,8415.0,8348.0,1572.0,2839.0,28628.0,,3810.0,6399.0,3326.0,12231.0,5682.0,6626.0,3417.0,4488.0,8663.0,1292.0,544.0,2078.0,1183.0
2015-07-08,8266.0,7578.0,2202.0,2692.0,27120.0,,4046.0,6214.0,3425.0,11814.0,5560.0,5715.0,3070.0,4387.0,8876.0,1294.0,669.0,2604.0,1226.0
2015-07-09,9847.0,9148.0,1834.0,2621.0,24825.0,,2719.0,5897.0,3461.0,11518.0,7140.0,5603.0,3201.0,4022.0,8696.0,1561.0,795.0,2277.0,1235.0
2015-07-10,7486.0,7476.0,1398.0,2461.0,23460.0,,2367.0,5265.0,3311.0,11542.0,5991.0,5071.0,3148.0,3732.0,7678.0,1056.0,695.0,1848.0,998.0
2015-07-11,6665.0,6409.0,1237.0,2324.0,22773.0,,2383.0,4705.0,3565.0,10157.0,5206.0,4591.0,2950.0,2991.0,6360.0,983.0,646.0,1604.0,908.0
2015-07-12,7288.0,7203.0,1542.0,2572.0,23553.0,,2702.0,4923.0,3154.0,11244.0,5754.0,4992.0,3199.0,3578.0,7842.0,1218.0,678.0,2200.0,1121.0
2015-07-13,7627.0,8233.0,1404.0,2758.0,23519.0,,2668.0,5044.0,3273.0,11593.0,6670.0,5099.0,3414.0,4178.0,9557.0,1149.0,752.0,2539.0,1385.0
2015-07-14,7614.0,7633.0,1372.0,2871.0,22352.0,,2529.0,5085.0,3130.0,11565.0,6514.0,5523.0,3279.0,3955.0,10252.0,1089.0,612.0,2132.0,1109.0
2015-07-15,7264.0,7689.0,1160.0,2725.0,21607.0,,2420.0,4699.0,3204.0,10988.0,6145.0,5100.0,3598.0,3924.0,10167.0,1220.0,543.0,1868.0,1168.0
2015-07-16,6512.0,7308.0,1176.0,2570.0,21567.0,,2243.0,4876.0,2981.0,10679.0,5929.0,4674.0,3259.0,3989.0,9707.0,1513.0,638.0,2036.0,997.0
2015-07-17,6965.0,6481.0,1027.0,2492.0,19806.0,,2416.0,4336.0,3019.0,10119.0,5522.0,4530.0,3198.0,3634.0,8187.0,1145.0,736.0,1935.0,986.0
2015-07-18,6826.0,5517.0,1055.0,2363.0,19915.0,,2255.0,4087.0,2981.0,9582.0,5067.0,3650.0,2669.0,2951.0,6664.0,980.0,953.0,2219.0,899.0
2015-07-19,6116.0,6164.0,1245.0,2502.0,20298.0,,2514.0,4337.0,2839.0,10225.0,5819.0,4318.0,2744.0,3124.0,7635.0,1087.0,725.0,1982.0,1148.0
2015-07-20,6927.0,6873.0,1177.0,2828.0,21427.0,,2524.0,4876.0,2967.0,11573.0,9339.0,4571.0,3366.0,3813.0,13093.0,1237.0,654.0,1888.0,1267.0
2015-07-21,6429.0,7046.0,1094.0,2605.0,21550.0,,2347.0,4702.0,3025.0,11318.0,6349.0,4606.0,3719.0,3960.0,11256.0,1085.0,508.0,2062.0,1051.0
2015-07-22,6797.0,6954.0,1090.0,2796.0,22479.0,,2366.0,4700.0,3033.0,10996.0,6308.0,4618.0,3176.0,4012.0,11919.0,1034.0,623.0,2118.0,1040.0
2015-07-23,6710.0,7024.0,1301.0,2673.0,20372.0,,2562.0,4668.0,2945.0,10542.0,5817.0,4490.0,3514.0,4005.0,9872.0,1277.0,610.0,2429.0,974.0
2015-07-24,6001.0,5898.0,944.0,2432.0,21161.0,,2469.0,4489.0,3030.0,10444.0,5610.0,4058.0,2992.0,3443.0,8173.0,922.0,508.0,1566.0,806.0
2015-07-25,6006.0,5735.0,932.0,2377.0,21150.0,,2026.0,4060.0,2689.0,9863.0,6194.0,3764.0,2390.0,3076.0,7220.0,799.0,542.0,1667.0,925.0
2015-07-26,6869.0,6710.0,1123.0,2577.0,20231.0,,2954.0,5140.0,4418.0,11052.0,5925.0,3929.0,3057.0,3440.0,8735.0,1068.0,526.0,1677.0,983.0
2015-07-27,6864.0,7331.0,1353.0,3232.0,20571.0,,3286.0,4734.0,3203.0,11532.0,6414.0,4886.0,3310.0,4164.0,10296.0,1249.0,1227.0,1909.0,1168.0
2015-07-28,7092.0,7264.0,1159.0,3359.0,20093.0,,3454.0,5401.0,3223.0,13370.0,6218.0,4925.0,3285.0,4117.0,10537.0,1701.0,713.0,1837.0,1155.0
2015-07-29,10088.0,7915.0,1116.0,2750.0,20294.0,,2912.0,5929.0,3368.0,12554.0,6386.0,4789.0,3187.0,3995.0,10529.0,1395.0,1297.0,2169.0,998.0
2015-07-30,6544.0,7416.0,1063.0,2601.0,19801.0,,2537.0,4747.0,2938.0,11349.0,5800.0,5032.0,3203.0,4208.0,9662.0,1162.0,556.0,1649.0,909.0
2015-07-31,7261.0,7804.0,904.0,2467.0,17845.0,,2602.0,4610.0,2600.0,10963.0,5248.0,4153.0,3003.0,3351.0,7896.0,895.0,599.0,1547.0,763.0
2015-08-01,6605.0,5290.0,862.0,2729.0,19428.0,,3044.0,4660.0,2463.0,10563.0,5096.0,3477.0,2243.0,3106.0,6438.0,1365.0,463.0,1491.0,785.0
2015-08-02,6302.0,6385.0,1099.0,2520.0,19911.0,,2892.0,5346.0,2628.0,11677.0,5166.0,4364.0,2572.0,3299.0,7818.0,1011.0,567.0,1659.0,847.0
2015-08-03,8054.0,6411.0,1047.0,2400.0,17183.0,,2379.0,4508.0,2608.0,9846.0,5815.0,4149.0,2455.0,3542.0,7934.0,942.0,470.0,1503.0,815.0
2015-08-04,6296.0,8051.0,1329.0,3049.0,21268.0,,2787.0,4929.0,2684.0,12444.0,5849.0,5079.0,3309.0,4020.0,9896.0,1395.0,591.0,1852.0,1109.0
2015-08-05,8638.0,9500.0,1088.0,4219.0,22457.0,,2804.0,5008.0,2895.0,11175.0,5889.0,5954.0,3061.0,5913.0,9494.0,1512.0,510.0,1787.0,905.0
2015-08-06,8816.0,8331.0,998.0,3563.0,26151.0,,2643.0,4836.0,2883.0,10855.0,6696.0,4840.0,4210.0,4043.0,8076.0,839.0,452.0,1683.0,832.0
2015-08-07,7000.0,6814.0,1433.0,2428.0,20500.0,,2834.0,5672.0,2885.0,10641.0,5533.0,4124.0,2589.0,3653.0,7079.0,903.0,444.0,1658.0,827.0
2015-08-08,6519.0,6075.0,1277.0,2183.0,20177.0,,2849.0,4446.0,2410.0,9320.0,5170.0,3819.0,2211.0,2914.0,6617.0,1214.0,584.0,1985.0,742.0
2015-08-09,6375.0,8366.0,1137.0,2201.0,20078.0,,2633.0,4545.0,2587.0,9593.0,6083.0,4602.0,2573.0,7951.0,8046.0,1072.0,653.0,1656.0,833.0
2015-08-10,6808.0,9627.0,1330.0,2398.0,18591.0,,2499.0,5017.0,3469.0,10434.0,5788.0,4610.0,2864.0,3628.0,9024.0,1262.0,571.0,1753.0,905.0
2015-08-11,6434.0,8338.0,1411.0,2934.0,36167.0,,2638.0,5127.0,2813.0,10178.0,5601.0,5041.0,3355.0,4214.0,9894.0,1228.0,642.0,1841.0,953.0
2015-08-12,6394.0,8691.0,1197.0,2526.0,35491.0,,2544.0,4714.0,2701.0,10632.0,5752.0,5172.0,3291.0,4361.0,10059.0,1086.0,611.0,1832.0,980.0
2015-08-13,6488.0,7949.0,1081.0,2526.0,24004.0,,2462.0,4868.0,2954.0,10755.0,5582.0,5256.0,3271.0,4249.0,10095.0,1041.0,557.0,1798.0,905.0
2015-08-14,6693.0,6578.0,1074.0,2323.0,23631.0,,2525.0,5166.0,3131.0,10586.0,5715.0,4655.0,2649.0,3657.0,7840.0,1213.0,604.0,1935.0,862.0
2015-08-15,6154.0,5405.0,914.0,2294.0,19817.0,,2694.0,4437.0,2535.0,9020.0,4952.0,3786.0,2343.0,2951.0,5927.0,936.0,591.0,1658.0,717.0
2015-08-16,5880.0,5914.0,1565.0,2466.0,20931.0,,2993.0,4844.0,2458.0,10605.0,5106.0,4396.0,2355.0,3431.0,6235.0,1155.0,863.0,2647.0,937.0
2015-08-17,6702.0,7658.0,1386.0,2599.0,23080.0,,2607.0,5156.0,2796.0,11955.0,6094.0,5130.0,3102.0,4662.0,8625.0,1324.0,760.0,2497.0,1097.0
2015-08-18,6846.0,8657.0,1371.0,2713.0,23255.0,,2646.0,5203.0,2869.0,10855.0,5859.0,5448.0,3317.0,4802.0,9486.0,1315.0,717.0,2412.0,1034.0
2015-08-19,6384.0,8598.0,1154.0,2498.0,20724.0,,2598.0,5259.0,2845.0,10882.0,6001.0,5640.0,3342.0,4456.0,10409.0,1357.0,641.0,2313.0,1045.0
2015-08-20,6797.0,8128.0,1158.0,2575.0,20682.0,,2468.0,5300.0,2889.0,10848.0,6101.0,5290.0,3281.0,4547.0,9971.0,1277.0,600.0,2939.0,967.0
2015-08-21,6662.0,7067.0,1006.0,2344.0,20448.0,,2507.0,5170.0,2861.0,10116.0,5931.0,4833.0,2940.0,3932.0,8394.0,991.0,557.0,1990.0,814.0
2015-08-22,5429.0,5980.0,807.0,2081.0,20175.0,,2329.0,4450.0,2381.0,9238.0,5307.0,3769.0,2245.0,3139.0,6752.0,859.0,496.0,1530.0,706.0
2015-08-23,5708.0,7512.0,1102.0,2425.0,25846.0,,3873.0,4750.0,2584.0,9759.0,5266.0,5454.0,2903.0,3561.0,8274.0,1067.0,1051.0,1878.0,924.0
2015-08-24,6544.0,9118.0,1249.0,2558.0,21770.0,,2837.0,5321.0,3070.0,10817.0,6293.0,5469.0,3459.0,4567.0,10355.0,1137.0,1740.0,1947.0,1007.0
2015-08-25,7005.0,9624.0,1985.0,2546.0,20640.0,,2620.0,5398.0,8168.0,11346.0,6401.0,5753.0,3923.0,4885.0,10972.0,1482.0,35048.0,2376.0,1203.0
2015-08-26,7025.0,8652.0,1081.0,2513.0,20616.0,,2648.0,5444.0,3426.0,11027.0,6634.0,5573.0,3651.0,5214.0,10920.0,1109.0,1160.0,1988.0,1007.0
2015-08-27,7040.0,8508.0,1082.0,2413.0,30019.0,,2462.0,5300.0,3359.0,10581.0,6622.0,5472.0,3353.0,4670.0,10768.0,1065.0,857.0,1901.0,957.0
2015-08-28,6758.0,7107.0,960.0,2270.0,27601.0,,2292.0,5258.0,2987.0,10368.0,7996.0,4434.0,2887.0,4220.0,8923.0,1300.0,592.0,1649.0,1308.0
2015-08-29,5655.0,5654.0,953.0,2343.0,24069.0,,2293.0,4834.0,2478.0,9219.0,11321.0,3800.0,2156.0,3077.0,7234.0,953.0,474.0,1341.0,1431.0
2015-08-30,6630.0,7133.0,1099.0,2566.0,22495.0,,2556.0,5032.0,2861.0,9624.0,15186.0,4644.0,3199.0,3809.0,8611.0,1110.0,555.0,1593.0,2288.0
2015-08-31,7487.0,8910.0,1222.0,2775.0,20830.0,,3019.0,5778.0,3266.0,10882.0,15355.0,5708.0,3229.0,4775.0,10104.0,1236.0,633.0,1978.0,1937.0
2015-09-01,7563.0,9176.0,1341.0,2741.0,21744.0,,2641.0,5595.0,3225.0,11169.0,13780.0,5940.0,3474.0,5131.0,10340.0,1187.0,705.0,2086.0,1970.0
2015-09-02,7871.0,9339.0,1330.0,2821.0,21318.0,,2673.0,6378.0,3127.0,11515.0,13381.0,5670.0,3478.0,5167.0,10443.0,1265.0,662.0,2057.0,1930.0
2015-09-03,7433.0,8555.0,1166.0,2583.0,21325.0,,3015.0,6026.0,3224.0,11696.0,12993.0,5635.0,3397.0,5250.0,10536.0,1121.0,756.0,1778.0,1958.0
2015-09-04,7087.0,7701.0,1249.0,2388.0,21373.0,,2569.0,5604.0,3110.0,11232.0,12093.0,4964.0,2964.0,4278.0,8188.0,1078.0,622.0,1801.0,1607.0
2015-09-05,6502.0,6116.0,1105.0,2190.0,33818.0,,2266.0,5305.0,2780.0,10050.0,12135.0,4129.0,2618.0,4075.0,6688.0,1223.0,532.0,1792.0,1629.0
2015-09-06,6957.0,7384.0,1272.0,2640.0,25688.0,,2746.0,5455.0,3275.0,10564.0,13640.0,8636.0,2861.0,4294.0,8072.0,1261.0,739.0,1953.0,2249.0
2015-09-07,8241.0,9067.0,1181.0,2938.0,23363.0,,3039.0,6405.0,4296.0,13120.0,14683.0,6036.0,3688.0,6058.0,10182.0,1249.0,654.0,2220.0,2036.0
2015-09-08,8672.0,9085.0,1204.0,3040.0,31550.0,,5489.0,6503.0,5851.0,13223.0,14436.0,5806.0,3958.0,5840.0,10628.0,1248.0,701.0,2067.0,1873.0
2015-09-09,9161.0,9180.0,1298.0,2716.0,47234.0,,3271.0,6741.0,4371.0,12996.0,13261.0,5625.0,3865.0,5690.0,10421.0,1138.0,775.0,2070.0,1969.0
2015-09-10,8506.0,8309.0,1224.0,2668.0,28453.0,,3160.0,6686.0,4009.0,13644.0,12723.0,5649.0,3790.0,5366.0,10522.0,1050.0,665.0,2110.0,1833.0
2015-09-11,7356.0,6761.0,1057.0,2526.0,28112.0,,2745.0,6680.0,3379.0,11346.0,11467.0,5015.0,2940.0,4085.0,8287.0,1283.0,679.0,1882.0,1611.0
2015-09-12,6392.0,5996.0,907.0,2527.0,43728.0,,2535.0,6639.0,3160.0,11799.0,12373.0,4376.0,2294.0,3405.0,6574.0,1160.0,604.0,1624.0,1379.0
2015-09-13,9130.0,6944.0,1139.0,2545.0,39169.0,,2735.0,6096.0,3853.0,11215.0,12937.0,4626.0,2728.0,4238.0,8008.0,1214.0,618.0,1951.0,1904.0
2015-09-14,8624.0,8340.0,1212.0,2723.0,28933.0,,2830.0,6936.0,3835.0,12505.0,13330.0,5877.0,3363.0,5206.0,10093.0,1338.0,752.0,1954.0,1859.0
2015-09-15,8807.0,8318.0,1215.0,2700.0,30991.0,,3563.0,7184.0,5274.0,13330.0,12560.0,5599.0,3339.0,4943.0,10336.0,1225.0,708.0,2345.0,1727.0
2015-09-16,8476.0,9592.0,1425.0,2708.0,38167.0,,2997.0,8973.0,4555.0,13019.0,12051.0,6380.0,3227.0,4723.0,10092.0,1338.0,660.0,2082.0,1704.0
2015-09-17,9243.0,8832.0,1550.0,3074.0,27185.0,,3300.0,38584.0,4123.0,13272.0,11906.0,17881.0,3444.0,5211.0,10351.0,5871.0,836.0,2485.0,1841.0
2015-09-18,8424.0,7311.0,1201.0,2614.0,24910.0,,2506.0,16611.0,4409.0,11960.0,10720.0,8698.0,3471.0,4244.0,8136.0,2199.0,618.0,1748.0,1461.0
2015-09-19,7112.0,5941.0,1042.0,2337.0,27373.0,,2364.0,8995.0,3735.0,10906.0,10627.0,5686.0,2441.0,3349.0,6503.0,1350.0,932.0,1625.0,1489.0
2015-09-20,9644.0,7274.0,1466.0,2875.0,31864.0,,2801.0,8027.0,15169.0,11027.0,11658.0,5854.0,3007.0,4188.0,8103.0,1527.0,1000.0,2319.0,1898.0
2015-09-21,9376.0,8603.0,1268.0,3233.0,30030.0,,2867.0,8248.0,4991.0,12236.0,12362.0,7166.0,3483.0,5239.0,10428.0,1322.0,745.0,2037.0,1705.0
2015-09-22,10361.0,9308.0,1328.0,3441.0,26446.0,,2815.0,8286.0,4352.0,13290.0,12421.0,6694.0,4315.0,5914.0,11200.0,1244.0,915.0,2398.0,1530.0
2015-09-23,11703.0,9279.0,1431.0,3800.0,28320.0,,2871.0,7516.0,4436.0,15314.0,13343.0,6255.0,3709.0,5701.0,11021.0,1201.0,1789.0,2395.0,1661.0
2015-09-24,11724.0,8844.0,1366.0,3667.0,23226.0,,2995.0,7622.0,4652.0,12376.0,12504.0,6730.0,3376.0,5497.0,10455.0,1196.0,888.0,2155.0,2260.0
2015-09-25,11656.0,7939.0,1233.0,3650.0,21118.0,,11129.0,7430.0,4146.0,11806.0,10873.0,5865.0,2858.0,4585.0,8253.0,1129.0,635.0,2675.0,1519.0
2015-09-26,8738.0,6698.0,1190.0,3339.0,26650.0,,4431.0,5835.0,4450.0,10663.0,9571.0,5519.0,2575.0,3868.0,7025.0,1074.0,557.0,2373.0,1404.0
2015-09-27,9789.0,7416.0,1321.0,3470.0,24564.0,,8537.0,6500.0,10735.0,11492.0,11387.0,5784.0,3786.0,4360.0,8525.0,1186.0,629.0,1899.0,1808.0
2015-09-28,9765.0,9512.0,1267.0,3847.0,23328.0,,6303.0,7661.0,4911.0,12927.0,12165.0,6653.0,3482.0,5438.0,10249.0,1315.0,684.0,2027.0,1633.0
2015-09-29,9061.0,9669.0,1349.0,2962.0,25339.0,,5551.0,7791.0,4204.0,13556.0,12152.0,6608.0,3826.0,5969.0,11236.0,1344.0,658.0,2072.0,1642.0
2015-09-30,8721.0,9737.0,1260.0,2860.0,47797.0,,5830.0,7127.0,3853.0,12577.0,11071.0,6477.0,3794.0,6244.0,10551.0,1168.0,832.0,1928.0,1601.0
2015-10-01,8263.0,9546.0,1257.0,2746.0,57095.0,,3790.0,5722.0,3947.0,10832.0,9062.0,6330.0,3472.0,5811.0,9850.0,1119.0,692.0,1973.0,1409.0
2015-10-02,7437.0,8278.0,1057.0,2435.0,35004.0,,17193.0,5443.0,3439.0,10099.0,8537.0,5507.0,3071.0,4715.0,7893.0,912.0,644.0,1685.0,1330.0
2015-10-03,6503.0,6927.0,1079.0,2648.0,30912.0,,5718.0,4457.0,3126.0,8860.0,8014.0,4258.0,2618.0,3699.0,6091.0,1332.0,551.0,1701.0,1303.0
2015-10-04,8317.0,9022.0,1381.0,2660.0,29480.0,,12735.0,5263.0,3465.0,10366.0,8940.0,5506.0,2929.0,4640.0,6675.0,1126.0,692.0,1953.0,1460.0
2015-10-05,9011.0,10514.0,1324.0,2880.0,26419.0,,5190.0,6492.0,3883.0,10928.0,9864.0,6335.0,3588.0,5574.0,8700.0,1256.0,693.0,1948.0,1417.0
2015-10-06,9278.0,10431.0,1278.0,2981.0,24629.0,,4132.0,6452.0,7023.0,11748.0,9632.0,6326.0,3939.0,6381.0,8797.0,1218.0,935.0,2027.0,1420.0
2015-10-07,8640.0,10471.0,1457.0,2905.0,24141.0,,3637.0,6396.0,4241.0,11911.0,9523.0,6248.0,3967.0,6203.0,9367.0,1236.0,685.0,2346.0,1374.0
2015-10-08,8892.0,10206.0,1295.0,2887.0,24968.0,,3392.0,6586.0,3908.0,11835.0,9423.0,6361.0,3952.0,6058.0,9999.0,1154.0,672.0,2001.0,1272.0
2015-10-09,7831.0,8916.0,1133.0,2629.0,23050.0,,15546.0,6144.0,3417.0,10629.0,8313.0,5474.0,3310.0,5237.0,8734.0,1211.0,637.0,1816.0,1228.0
2015-10-10,6784.0,8282.0,1520.0,2243.0,19883.0,,12268.0,4777.0,11351.0,9185.0,7323.0,4386.0,2836.0,4080.0,7053.0,1035.0,677.0,1605.0,1156.0
2015-10-11,8731.0,9305.0,1938.0,2723.0,22022.0,,7417.0,5027.0,4234.0,9986.0,8544.0,5524.0,3428.0,5178.0,8090.0,1234.0,805.0,2070.0,1391.0
2015-10-12,8803.0,10680.0,1451.0,3010.0,21981.0,,6269.0,6105.0,4016.0,11366.0,9987.0,6934.0,4399.0,6245.0,11565.0,1300.0,765.0,2105.0,1580.0
2015-10-13,8640.0,11183.0,1580.0,3192.0,24441.0,,4533.0,6445.0,4290.0,12570.0,9671.0,7179.0,6596.0,6559.0,12222.0,1394.0,756.0,2487.0,1456.0
2015-10-14,8452.0,11103.0,1757.0,2709.0,24213.0,,5408.0,6428.0,4146.0,12136.0,9235.0,7373.0,6356.0,7009.0,12585.0,1270.0,747.0,2333.0,1636.0
2015-10-15,8591.0,10250.0,1462.0,2591.0,23056.0,,4592.0,6040.0,3734.0,11451.0,8805.0,6623.0,4136.0,6653.0,11665.0,1251.0,709.0,3297.0,1410.0
2015-10-16,7759.0,8927.0,1489.0,2467.0,23626.0,,13575.0,5513.0,3287.0,10135.0,7842.0,5542.0,3505.0,5341.0,9375.0,1276.0,739.0,2078.0,1233.0
2015-10-17,6764.0,7153.0,2126.0,2245.0,26673.0,,7815.0,4694.0,3734.0,8723.0,7166.0,4885.0,2798.0,4091.0,7673.0,1182.0,566.0,1683.0,1260.0
2015-10-18,13546.0,10165.0,1664.0,2876.0,27495.0,,6307.0,5175.0,3156.0,9695.0,7704.0,6343.0,3308.0,4873.0,9318.0,1390.0,739.0,2179.0,1425.0
2015-10-19,9837.0,11538.0,1619.0,3469.0,23964.0,,4113.0,7254.0,4374.0,11461.0,8963.0,7025.0,4135.0,6702.0,11265.0,1355.0,764.0,2103.0,1410.0
2015-10-20,9741.0,10864.0,1644.0,2936.0,25070.0,,3793.0,6289.0,3690.0,11676.0,8399.0,7004.0,4160.0,7232.0,11193.0,1423.0,745.0,2203.0,1337.0
2015-10-21,8870.0,11523.0,1645.0,2737.0,24105.0,,3405.0,6187.0,3498.0,13128.0,8227.0,7233.0,4418.0,7340.0,11815.0,1405.0,1266.0,2082.0,1404.0
2015-10-22,10031.0,10813.0,1557.0,2676.0,22002.0,,3812.0,6668.0,4485.0,12560.0,8219.0,7015.0,4275.0,7164.0,11115.0,1485.0,998.0,2162.0,1256.0
2015-10-23,7630.0,9298.0,1828.0,2460.0,23103.0,,3158.0,5568.0,3376.0,10682.0,7808.0,5771.0,3502.0,5767.0,9447.0,1142.0,745.0,1949.0,1164.0
2015-10-24,7235.0,8609.0,1502.0,2359.0,22845.0,,2822.0,4574.0,2839.0,8267.0,6904.0,4891.0,2608.0,4251.0,7890.0,1077.0,574.0,1695.0,1132.0
2015-10-25,13114.0,12421.0,2835.0,3001.0,23873.0,,3339.0,4846.0,3084.0,9641.0,7467.0,5748.0,3152.0,4988.0,9581.0,1382.0,758.0,2459.0,1506.0
2015-10-26,11125.0,16868.0,2073.0,3442.0,22008.0,,3330.0,6212.0,3582.0,11436.0,8202.0,7181.0,4111.0,6462.0,11909.0,1371.0,699.0,2397.0,1329.0
2015-10-27,9057.0,11892.0,1835.0,2868.0,22546.0,,3178.0,5825.0,3517.0,11301.0,8133.0,7197.0,4087.0,6891.0,11722.0,1418.0,750.0,2896.0,1340.0
2015-10-28,17274.0,10941.0,1741.0,2864.0,21317.0,,3141.0,6000.0,3644.0,11491.0,8196.0,6828.0,4304.0,6421.0,11916.0,1399.0,741.0,2213.0,1285.0
2015-10-29,8125.0,10359.0,1516.0,2816.0,20581.0,,3810.0,5896.0,3762.0,10998.0,8101.0,6157.0,4035.0,6235.0,10298.0,1370.0,832.0,2100.0,1279.0
2015-10-30,8687.0,8845.0,1384.0,2587.0,19343.0,,2999.0,5279.0,3853.0,9726.0,7578.0,4904.0,3236.0,4610.0,7400.0,1452.0,812.0,2024.0,1210.0
2015-10-31,6040.0,7369.0,1029.0,2347.0,21006.0,,2392.0,4114.0,3538.0,8408.0,6252.0,4053.0,2361.0,3319.0,5515.0,1030.0,676.0,1953.0,1067.0
2015-11-01,6527.0,7776.0,1341.0,2371.0,22177.0,,2816.0,4821.0,3699.0,10752.0,9563.0,4506.0,2497.0,3658.0,6165.0,1362.0,720.0,2158.0,1298.0
2015-11-02,7906.0,9811.0,1594.0,2945.0,23420.0,,3276.0,5849.0,4106.0,10953.0,7897.0,5962.0,3089.0,5063.0,8951.0,1463.0,772.0,2493.0,1375.0
2015-11-03,7854.0,10070.0,1690.0,2712.0,24653.0,,3002.0,5663.0,4019.0,11182.0,8046.0,6162.0,3525.0,5906.0,10643.0,1916.0,798.0,2259.0,1405.0
2015-11-04,7754.0,10202.0,1522.0,2876.0,26817.0,,2763.0,6275.0,3991.0,11909.0,8235.0,6194.0,3572.0,6034.0,10592.0,1408.0,710.0,2172.0,1333.0
2015-11-05,7988.0,9642.0,1455.0,2996.0,25494.0,,3032.0,6002.0,4182.0,12256.0,8371.0,5926.0,3417.0,5822.0,10362.0,1335.0,812.0,2229.0,1409.0
2015-11-06,7416.0,8250.0,1712.0,2574.0,23394.0,,3169.0,5694.0,3581.0,10775.0,7275.0,5172.0,3029.0,5489.0,8578.0,1179.0,884.0,2257.0,1193.0
2015-11-07,5938.0,6537.0,1477.0,2270.0,22543.0,,2745.0,4837.0,2942.0,9732.0,6358.0,4433.0,2366.0,3721.0,6900.0,1200.0,716.0,1907.0,1164.0
2015-11-08,6874.0,8052.0,1512.0,2487.0,25111.0,,3186.0,5847.0,3134.0,11182.0,7466.0,5263.0,2714.0,4564.0,8721.0,1347.0,761.0,2292.0,1415.0
2015-11-09,8415.0,10259.0,1651.0,3018.0,25230.0,,3680.0,7147.0,3647.0,12914.0,9358.0,6366.0,3516.0,5916.0,10350.0,1480.0,1064.0,2782.0,1653.0
2015-11-10,8183.0,10377.0,1539.0,2928.0,24778.0,,4111.0,7284.0,4535.0,13458.0,9431.0,6480.0,3606.0,6116.0,11617.0,1462.0,757.0,2553.0,1461.0
2015-11-11,8326.0,10112.0,1673.0,2798.0,20059.0,,3072.0,6999.0,5519.0,12799.0,8893.0,6434.0,3696.0,6343.0,10417.0,1673.0,725.0,2422.0,2018.0
2015-11-12,8388.0,10636.0,1714.0,2983.0,20444.0,,3459.0,6220.0,3749.0,11897.0,8360.0,6296.0,4293.0,6482.0,10409.0,1624.0,759.0,2347.0,1487.0
2015-11-13,7712.0,8588.0,1430.0,2770.0,20608.0,,2919.0,5699.0,3320.0,11099.0,7763.0,5023.0,3099.0,5253.0,7926.0,1228.0,665.0,2369.0,1398.0
2015-11-14,7000.0,6794.0,1318.0,2272.0,20817.0,,2567.0,4315.0,2710.0,10047.0,6095.0,4169.0,2612.0,4132.0,6116.0,1177.0,601.0,1969.0,1095.0
2015-11-15,7700.0,8001.0,1968.0,2477.0,19885.0,,3200.0,5303.0,3027.0,11732.0,6830.0,4963.0,2844.0,4697.0,6753.0,1533.0,832.0,3467.0,1653.0
2015-11-16,9435.0,10381.0,1624.0,2869.0,21158.0,,3226.0,6755.0,3462.0,12201.0,8092.0,6669.0,3972.0,5695.0,8910.0,1504.0,746.0,2494.0,1444.0
2015-11-17,8808.0,11293.0,1740.0,2982.0,21126.0,,3330.0,6229.0,3900.0,12412.0,8614.0,6430.0,5221.0,6405.0,10555.0,1512.0,830.0,2603.0,1487.0
2015-11-18,8891.0,10813.0,1624.0,3051.0,20052.0,,3435.0,6616.0,3753.0,12317.0,8317.0,6385.0,5672.0,6823.0,9814.0,1435.0,822.0,2359.0,1244.0
2015-11-19,10067.0,10395.0,1543.0,2990.0,21005.0,,3452.0,7779.0,3475.0,12140.0,8572.0,6219.0,4135.0,6151.0,9135.0,1475.0,795.0,3301.0,1381.0
2015-11-20,7909.0,8762.0,1550.0,2748.0,20867.0,,2776.0,6186.0,3221.0,10871.0,7363.0,5099.0,3358.0,4765.0,7448.0,1255.0,638.0,2323.0,1164.0
2015-11-21,6521.0,6757.0,1364.0,2288.0,36254.0,,2603.0,5341.0,2767.0,9101.0,6133.0,4044.0,2468.0,3480.0,5986.0,1294.0,609.0,1917.0,1086.0
2015-11-22,8974.0,13146.0,2331.0,2894.0,29195.0,,3057.0,5534.0,3126.0,10310.0,7157.0,4814.0,2844.0,4554.0,6757.0,3218.0,872.0,2563.0,1419.0
2015-11-23,17427.0,24372.0,4297.0,4614.0,23103.0,,3321.0,6628.0,3627.0,12040.0,7984.0,6536.0,3982.0,5997.0,8499.0,1849.0,919.0,3004.0,1509.0
2015-11-24,13173.0,13196.0,2338.0,3785.0,29872.0,,3007.0,6017.0,3427.0,13845.0,7357.0,6291.0,3825.0,6576.0,9101.0,1666.0,837.0,2642.0,1367.0
2015-11-25,8990.0,10878.0,1983.0,2846.0,33846.0,,2776.0,5877.0,3012.0,11151.0,6983.0,5878.0,3614.0,5944.0,8083.0,2173.0,821.0,2841.0,1501.0
2015-11-26,7574.0,9222.0,1741.0,2719.0,24482.0,,2731.0,5263.0,2723.0,12483.0,6678.0,5393.0,3206.0,4962.0,7302.0,1378.0,714.0,2623.0,1326.0
2015-11-27,7038.0,7480.0,1513.0,2626.0,23787.0,,2816.0,5748.0,2878.0,9740.0,6362.0,4250.0,2685.0,3799.0,5761.0,1208.0,598.0,2300.0,1125.0
2015-11-28,6695.0,6790.0,1412.0,2559.0,30007.0,,2838.0,4842.0,2695.0,9388.0,5971.0,4124.0,2359.0,3490.0,4982.0,1069.0,523.0,2032.0,993.0
2015-11-29,9407.0,7736.0,1565.0,2702.0,29037.0,,3336.0,6163.0,2972.0,10148.0,6700.0,4803.0,6875.0,3811.0,5670.0,1406.0,716.0,2590.0,1330.0
2015-11-30,8145.0,9025.0,1646.0,2875.0,29263.0,,4194.0,6052.0,3281.0,11346.0,7613.0,5200.0,4269.0,4942.0,6748.0,1490.0,771.0,2718.0,1414.0
2015-12-01,8163.0,8634.0,1664.0,2988.0,29157.0,,3540.0,5948.0,3426.0,12488.0,7679.0,5252.0,3280.0,4961.0,6695.0,1480.0,652.0,2568.0,1412.0
2015-12-02,8376.0,8569.0,1639.0,2892.0,23492.0,,4511.0,6284.0,3401.0,11943.0,8267.0,5275.0,3132.0,5458.0,6782.0,1672.0,791.0,2517.0,1431.0
2015-12-03,8086.0,7937.0,1600.0,2814.0,22264.0,,6623.0,6025.0,5417.0,12323.0,7531.0,4881.0,5091.0,4960.0,6457.0,1501.0,725.0,2695.0,1397.0
2015-12-04,7607.0,6380.0,1372.0,2554.0,21191.0,,4069.0,5843.0,4382.0,11564.0,7510.0,4304.0,2790.0,3904.0,5597.0,1161.0,703.0,2129.0,1174.0
2015-12-05,5939.0,5380.0,1076.0,2177.0,23352.0,,3078.0,4555.0,3484.0,8795.0,7117.0,3230.0,2156.0,2915.0,4619.0,1210.0,620.0,1747.0,1373.0
2015-12-06,7301.0,6195.0,1523.0,2582.0,20054.0,,3422.0,5123.0,4701.0,9960.0,8551.0,3627.0,2416.0,3166.0,5349.0,1486.0,857.0,2355.0,2608.0
2015-12-07,8872.0,7791.0,1697.0,2839.0,18810.0,,3716.0,6524.0,4904.0,11725.0,9648.0,4448.0,2866.0,4207.0,6930.0,1635.0,869.0,2590.0,3728.0
2015-12-08,8231.0,7582.0,1685.0,2942.0,22426.0,,3577.0,6332.0,3973.0,12283.0,8923.0,4725.0,3039.0,4280.0,6551.0,1619.0,871.0,2762.0,1933.0
2015-12-09,8609.0,8526.0,1702.0,2943.0,27771.0,,16493.0,6999.0,3826.0,12334.0,8388.0,5181.0,2706.0,4310.0,6646.0,1726.0,1500.0,2505.0,1626.0
2015-12-10,12847.0,24590.0,1800.0,3306.0,21787.0,,7258.0,6189.0,3766.0,12289.0,8173.0,4655.0,2888.0,4367.0,6574.0,1482.0,753.0,2346.0,1412.0
2015-12-11,9160.0,10359.0,1586.0,2866.0,19660.0,,4795.0,6098.0,3312.0,13056.0,7737.0,3681.0,2273.0,3436.0,5400.0,1427.0,625.0,2211.0,1305.0
2015-12-12,6832.0,7129.0,1382.0,2285.0,21563.0,,4005.0,4813.0,2745.0,9203.0,6603.0,3120.0,1993.0,2758.0,6817.0,1162.0,587.0,1908.0,1249.0
2015-12-13,8241.0,8936.0,1631.0,2491.0,20555.0,,4221.0,5021.0,2849.0,10471.0,6966.0,3413.0,2223.0,3346.0,4788.0,1267.0,676.0,2248.0,1507.0
2015-12-14,9129.0,8265.0,4711.0,2998.0,22395.0,,3932.0,6485.0,3704.0,12586.0,8454.0,4042.0,3513.0,3838.0,5589.0,1569.0,816.0,2844.0,1466.0
2015-12-15,8133.0,7578.0,1813.0,2643.0,18230.0,,3617.0,5825.0,3234.0,10963.0,7672.0,4012.0,2412.0,3551.0,5386.0,1444.0,736.0,2375.0,1480.0
2015-12-16,8019.0,7361.0,1598.0,2524.0,17461.0,,3766.0,5376.0,2972.0,12284.0,7312.0,3833.0,2369.0,3434.0,5189.0,1328.0,775.0,5521.0,1442.0
2015-12-17,7367.0,6664.0,1509.0,2346.0,18835.0,,3462.0,5535.0,2938.0,10654.0,7092.0,3319.0,2244.0,3123.0,4529.0,1253.0,695.0,2674.0,1442.0
2015-12-18,6668.0,5323.0,1383.0,2318.0,15799.0,,3405.0,4993.0,2889.0,9471.0,6580.0,2969.0,1782.0,2414.0,3930.0,1264.0,595.0,2040.0,1123.0
2015-12-19,5615.0,4675.0,1262.0,2227.0,16117.0,,3142.0,4049.0,2601.0,7990.0,5548.0,2580.0,1661.0,2158.0,3606.0,1005.0,563.0,1690.0,1127.0
2015-12-20,6683.0,5040.0,1670.0,2489.0,31634.0,,4450.0,4111.0,2733.0,8637.0,6327.0,2820.0,1791.0,2484.0,3893.0,1315.0,831.0,1943.0,1399.0
2015-12-21,6812.0,6049.0,1339.0,2334.0,26176.0,,3486.0,4739.0,2789.0,9279.0,33853.0,3155.0,1882.0,2583.0,7293.0,1263.0,584.0,1864.0,1497.0
2015-12-22,6724.0,7956.0,1187.0,2517.0,19596.0,,3612.0,4132.0,2747.0,8271.0,17950.0,2913.0,1807.0,2432.0,5085.0,1073.0,562.0,1698.0,1295.0
2015-12-23,6529.0,4788.0,1211.0,2174.0,17689.0,,3818.0,3957.0,2503.0,8067.0,11514.0,2707.0,1819.0,2141.0,4224.0,955.0,499.0,1563.0,1147.0
2015-12-24,6129.0,3978.0,1205.0,2125.0,17013.0,,3402.0,4484.0,2389.0,7432.0,8287.0,2586.0,1538.0,1866.0,3321.0,1030.0,581.0,1488.0,1016.0
2015-12-25,5720.0,4246.0,2221.0,2067.0,18020.0,,5246.0,3512.0,2572.0,6872.0,6655.0,2482.0,1590.0,2024.0,3206.0,1475.0,1293.0,2022.0,1341.0
2015-12-26,6271.0,4872.0,1633.0,2311.0,16710.0,,5091.0,4100.0,2558.0,7719.0,6848.0,2884.0,1947.0,2262.0,4263.0,1289.0,1132.0,1957.0,1259.0
2015-12-27,6727.0,5125.0,1644.0,2427.0,21068.0,,4266.0,4279.0,2836.0,7960.0,7127.0,3335.0,1907.0,2283.0,4358.0,1494.0,979.0,2288.0,1525.0
2015-12-28,8634.0,5383.0,1508.0,2840.0,20385.0,,4758.0,4355.0,2791.0,10609.0,7289.0,3491.0,2225.0,2642.0,4541.0,1300.0,1242.0,2398.0,1465.0
2015-12-29,6955.0,5078.0,1484.0,2741.0,21926.0,,3963.0,4177.0,2946.0,8647.0,7376.0,3189.0,1940.0,2468.0,4566.0,1222.0,869.0,2092.0,1433.0
2015-12-30,6582.0,4770.0,1367.0,2590.0,32876.0,,3557.0,4021.0,2997.0,8619.0,6989.0,3088.0,1816.0,2347.0,4188.0,1267.0,737.0,1914.0,1353.0
2015-12-31,6201.0,4322.0,1090.0,2302.0,28997.0,,3399.0,3875.0,2481.0,7792.0,5918.0,2693.0,1650.0,1985.0,3511.0,916.0,643.0,1662.0,983.0
2016-01-01,6005.0,4085.0,1423.0,2265.0,18553.0,,3595.0,3994.0,2886.0,8843.0,6221.0,2381.0,1589.0,2164.0,3366.0,1136.0,757.0,2274.0,1253.0
2016-01-02,6829.0,5102.0,1532.0,2730.0,21093.0,,4447.0,4790.0,3089.0,9787.0,7943.0,3091.0,1960.0,2743.0,4437.0,1299.0,869.0,2274.0,1476.0
2016-01-03,6891.0,5259.0,1710.0,2687.0,19092.0,,4077.0,4428.0,2726.0,9462.0,7235.0,3464.0,2005.0,2731.0,4940.0,1520.0,974.0,2728.0,1729.0
2016-01-04,7614.0,6597.0,1860.0,2941.0,20159.0,,4796.0,4938.0,3098.0,11174.0,7566.0,3754.0,2186.0,3153.0,5351.0,1397.0,764.0,2464.0,1539.0
2016-01-05,7575.0,5995.0,1674.0,2725.0,20330.0,,4260.0,4960.0,3465.0,10828.0,7837.0,3719.0,2161.0,3043.0,5389.0,1458.0,776.0,2354.0,1549.0
2016-01-06,7666.0,5945.0,1666.0,2932.0,24685.0,,4038.0,5119.0,3303.0,12128.0,7579.0,3677.0,2152.0,3133.0,5597.0,1538.0,822.0,2477.0,1701.0
2016-01-07,7535.0,6587.0,1636.0,2612.0,26172.0,,4013.0,5165.0,3717.0,10902.0,7863.0,3793.0,3648.0,3252.0,5448.0,1607.0,851.0,2720.0,1622.0
2016-01-08,7365.0,5919.0,1732.0,2644.0,21814.0,,3732.0,5043.0,3605.0,10582.0,7773.0,4294.0,2425.0,3728.0,5485.0,1671.0,889.0,2200.0,1470.0
2016-01-09,7156.0,5278.0,1698.0,3307.0,37822.0,,4607.0,4100.0,3235.0,9179.0,7468.0,3498.0,2316.0,2927.0,4977.0,1781.0,709.0,2247.0,1520.0
2016-01-10,7495.0,6039.0,2147.0,2802.0,32932.0,,4103.0,4538.0,3150.0,10576.0,8569.0,3822.0,2376.0,3349.0,5136.0,2035.0,816.0,2576.0,1751.0
2016-01-11,9066.0,6750.0,2536.0,2839.0,85535.0,,4070.0,5262.0,3240.0,11003.0,9801.0,4154.0,2333.0,3888.0,6569.0,1874.0,878.0,2899.0,1778.0
2016-01-12,8445.0,6900.0,2052.0,2962.0,85864.0,,4029.0,5496.0,3320.0,11197.0,7865.0,4501.0,2516.0,4310.0,6549.0,1809.0,870.0,3799.0,1744.0
2016-01-13,7882.0,7083.0,1931.0,2745.0,46493.0,,3868.0,5429.0,3234.0,11380.0,7918.0,4638.0,2640.0,4669.0,6853.0,1745.0,832.0,3045.0,1738.0
2016-01-14,7710.0,6917.0,1780.0,2723.0,33046.0,,3821.0,5508.0,3256.0,11354.0,7909.0,4556.0,2743.0,4632.0,6577.0,1647.0,843.0,2916.0,1785.0
2016-01-15,7059.0,6360.0,2200.0,2495.0,25712.0,,4302.0,5348.0,3008.0,10084.0,7240.0,4159.0,2332.0,3965.0,6239.0,1527.0,1091.0,2557.0,1531.0
2016-01-16,6311.0,5513.0,1711.0,2340.0,24688.0,,3458.0,4366.0,2809.0,8949.0,6397.0,3603.0,1978.0,3379.0,5324.0,1582.0,852.0,2470.0,1788.0
2016-01-17,7148.0,6104.0,2009.0,2650.0,33511.0,,4660.0,4760.0,3004.0,10367.0,6874.0,3980.0,2263.0,3779.0,5719.0,1709.0,1083.0,3060.0,1872.0
2016-01-18,7671.0,6778.0,1902.0,2889.0,28644.0,,4032.0,9980.0,3162.0,10808.0,7719.0,6612.0,2540.0,4563.0,6523.0,1627.0,925.0,2843.0,1893.0
2016-01-19,8244.0,7097.0,1847.0,3106.0,24154.0,,4191.0,5975.0,3491.0,11624.0,8640.0,4666.0,2650.0,4877.0,6872.0,1660.0,981.0,2938.0,1692.0
2016-01-20,7988.0,7185.0,1834.0,2805.0,24309.0,,4075.0,5898.0,4325.0,11780.0,8223.0,4738.0,2695.0,5059.0,7458.0,1563.0,864.0,2820.0,1703.0
2016-01-21,7914.0,7016.0,1880.0,2830.0,23337.0,,3583.0,5564.0,3483.0,11776.0,8992.0,4647.0,2650.0,4828.0,7472.0,1577.0,858.0,2943.0,1619.0
2016-01-22,7274.0,6467.0,1527.0,2650.0,20894.0,,3720.0,5517.0,3303.0,12061.0,7116.0,4427.0,2538.0,4548.0,6478.0,1402.0,786.0,3259.0,1417.0
2016-01-23,6853.0,5654.0,1576.0,2570.0,24735.0,,3658.0,4277.0,2741.0,9345.0,6399.0,3752.0,2204.0,3419.0,5914.0,1297.0,668.0,2206.0,1160.0
2016-01-24,8392.0,6467.0,1683.0,2988.0,26555.0,,8937.0,5053.0,3097.0,9797.0,7401.0,4208.0,3344.0,4165.0,6727.0,1541.0,933.0,2364.0,1506.0
2016-01-25,8071.0,7227.0,1678.0,3080.0,23568.0,,4905.0,5801.0,3473.0,11740.0,7971.0,4799.0,2849.0,4912.0,7767.0,2025.0,892.0,2693.0,1547.0
2016-01-26,7855.0,7756.0,1761.0,2815.0,22094.0,,5249.0,5995.0,3460.0,11941.0,7870.0,5026.0,2757.0,5240.0,8551.0,1815.0,951.0,3293.0,1822.0
2016-01-27,8141.0,7423.0,1686.0,2896.0,24363.0,,4747.0,5851.0,3697.0,12116.0,8009.0,5141.0,2881.0,5298.0,9081.0,1626.0,897.0,3054.0,1683.0
2016-01-28,8351.0,7454.0,1487.0,2878.0,23241.0,,4093.0,5944.0,3741.0,11875.0,7834.0,4718.0,2938.0,4905.0,9267.0,1468.0,683.0,2763.0,1556.0
2016-01-29,8235.0,6268.0,1363.0,2819.0,19664.0,,3679.0,5212.0,3236.0,11296.0,6852.0,4189.0,2516.0,3914.0,7050.0,1460.0,709.0,2209.0,2354.0
2016-01-30,7692.0,5915.0,1227.0,2460.0,26572.0,,3529.0,4734.0,2949.0,9842.0,6016.0,4071.0,2413.0,3662.0,6152.0,1300.0,704.0,2158.0,1338.0
2016-01-31,8625.0,6838.0,1570.0,2686.0,27067.0,,4534.0,5016.0,3401.0,10296.0,7030.0,4935.0,2945.0,4181.0,7241.0,1727.0,846.0,3283.0,1786.0
2016-02-01,8312.0,6825.0,1535.0,2976.0,28503.0,,3922.0,5804.0,3758.0,12657.0,8019.0,4655.0,2836.0,4637.0,8624.0,1713.0,720.0,2928.0,1612.0
2016-02-02,7748.0,7310.0,1520.0,2948.0,25930.0,,3473.0,5811.0,3668.0,12151.0,7554.0,4822.0,2844.0,5129.0,9545.0,1719.0,807.0,3029.0,1482.0
2016-02-03,8037.0,7649.0,1568.0,3062.0,34222.0,,3996.0,5855.0,4743.0,12290.0,7472.0,4827.0,2990.0,5540.0,9692.0,1607.0,714.0,3214.0,1539.0
2016-02-04,7846.0,7837.0,1527.0,2955.0,41798.0,,3622.0,6062.0,3562.0,12118.0,7655.0,5043.0,3013.0,5554.0,9446.0,1483.0,785.0,2573.0,1414.0
2016-02-05,7301.0,6401.0,1458.0,2745.0,29995.0,,3894.0,5031.0,3354.0,11200.0,7422.0,4308.0,2493.0,4423.0,7488.0,1357.0,995.0,2335.0,1308.0
2016-02-06,6863.0,5653.0,1386.0,2463.0,24811.0,,2978.0,4254.0,2561.0,9822.0,6261.0,3594.0,2354.0,3851.0,6912.0,1232.0,630.0,2104.0,1294.0
2016-02-07,7080.0,6196.0,1828.0,2752.0,25558.0,,3092.0,4522.0,2872.0,10519.0,6935.0,4147.0,2604.0,6063.0,7709.0,1483.0,676.0,2651.0,1557.0
2016-02-08,7646.0,7150.0,1484.0,2880.0,22054.0,,3164.0,5384.0,3388.0,11602.0,7320.0,4732.0,2899.0,4982.0,9106.0,1571.0,685.0,2458.0,1428.0
2016-02-09,7837.0,7733.0,1536.0,2871.0,20756.0,,3476.0,5214.0,3338.0,11893.0,7127.0,4803.0,2939.0,5519.0,10355.0,1403.0,1306.0,2666.0,1532.0
2016-02-10,7830.0,7655.0,1614.0,2821.0,19984.0,,3313.0,5386.0,4041.0,11512.0,7086.0,4950.0,2907.0,5400.0,10556.0,1479.0,786.0,2369.0,1490.0
2016-02-11,7721.0,7305.0,1951.0,2796.0,20621.0,,3368.0,5159.0,3778.0,11241.0,7069.0,4763.0,3425.0,5719.0,10091.0,1369.0,691.0,2471.0,2499.0
2016-02-12,6759.0,6395.0,1436.0,2645.0,19075.0,,2977.0,5657.0,2971.0,10008.0,6743.0,4628.0,2543.0,4454.0,8449.0,1874.0,828.0,2224.0,1518.0
2016-02-13,6550.0,6021.0,1421.0,2629.0,19762.0,,2816.0,4129.0,2708.0,9056.0,5788.0,3639.0,2266.0,4028.0,7586.0,1281.0,697.0,2206.0,1207.0
2016-02-14,6947.0,6872.0,1810.0,2654.0,29860.0,,3324.0,4467.0,2822.0,9195.0,5866.0,4176.0,2626.0,4308.0,8965.0,1633.0,882.0,2615.0,1518.0
2016-02-15,7347.0,7676.0,1856.0,2746.0,35600.0,,5198.0,5041.0,3084.0,10914.0,6575.0,6665.0,2965.0,5356.0,10130.0,1798.0,909.0,2724.0,1520.0
2016-02-16,8102.0,8090.0,1913.0,2835.0,27340.0,,3306.0,5415.0,3367.0,11279.0,7138.0,5099.0,3095.0,6048.0,11440.0,1907.0,855.0,2728.0,1692.0
2016-02-17,8506.0,8534.0,2125.0,2713.0,57182.0,,5397.0,5418.0,3746.0,12500.0,7069.0,5315.0,3046.0,6120.0,11928.0,1771.0,817.0,2821.0,1544.0
2016-02-18,8902.0,8332.0,1781.0,3200.0,50041.0,,8980.0,5756.0,3892.0,11337.0,7253.0,5260.0,3004.0,6158.0,11103.0,2214.0,855.0,2680.0,1566.0
2016-02-19,8816.0,7652.0,1537.0,2724.0,27585.0,,4815.0,5343.0,3434.0,10545.0,7114.0,4744.0,2577.0,4739.0,8774.0,1696.0,751.0,2445.0,1292.0
2016-02-20,6808.0,6510.0,1329.0,2423.0,25662.0,,3673.0,4554.0,3062.0,9235.0,6454.0,3984.0,2530.0,3692.0,7193.0,1602.0,658.0,1935.0,1244.0
2016-02-21,7121.0,7319.0,1705.0,2595.0,25970.0,,3854.0,4813.0,3339.0,10022.0,6602.0,4392.0,2748.0,4622.0,9293.0,4433.0,815.0,2663.0,1630.0
2016-02-22,8527.0,9334.0,1880.0,3055.0,24692.0,,3960.0,5856.0,3898.0,12071.0,7575.0,5158.0,3187.0,5918.0,10956.0,2418.0,794.0,2700.0,1508.0
2016-02-23,8281.0,8524.0,1730.0,2849.0,54181.0,,3577.0,5591.0,3688.0,11962.0,7243.0,5126.0,3019.0,5975.0,11032.0,2063.0,844.0,2695.0,1657.0
2016-02-24,8488.0,8413.0,1648.0,3024.0,46853.0,,3469.0,5456.0,3770.0,11989.0,6772.0,5306.0,3334.0,6019.0,11278.0,2184.0,842.0,2661.0,1338.0
2016-02-25,7797.0,8489.0,1591.0,2817.0,28909.0,,3369.0,5245.0,3503.0,11674.0,6930.0,5152.0,3089.0,5481.0,10439.0,1942.0,797.0,2725.0,1493.0
2016-02-26,7170.0,7267.0,1404.0,2669.0,24536.0,,2986.0,4902.0,3355.0,10220.0,6699.0,4463.0,2791.0,4662.0,8516.0,1691.0,679.0,2331.0,1275.0
2016-02-27,6622.0,6186.0,1193.0,2886.0,23066.0,,2691.0,3975.0,2732.0,8811.0,6230.0,4068.0,2432.0,3998.0,7625.0,1509.0,635.0,1867.0,1182.0
2016-02-28,6979.0,6810.0,1558.0,2623.0,31677.0,,3005.0,4925.0,3192.0,9683.0,6455.0,4596.0,2698.0,4419.0,9419.0,1725.0,822.0,2282.0,1690.0
2016-02-29,8628.0,8140.0,1642.0,3062.0,28866.0,,3303.0,7832.0,3396.0,11072.0,7048.0,5714.0,2967.0,5267.0,9851.0,1739.0,677.0,2534.0,1676.0
2016-03-01,8017.0,8495.0,1622.0,2770.0,22530.0,,3449.0,5637.0,3683.0,11217.0,6983.0,5130.0,3225.0,5739.0,10934.0,1630.0,710.0,2491.0,1510.0
2016-03-02,7383.0,18723.0,1618.0,2626.0,22435.0,,3122.0,5540.0,3595.0,11281.0,6953.0,5179.0,3494.0,5932.0,11371.0,1526.0,700.0,2607.0,1470.0
2016-03-03,7693.0,9578.0,1673.0,2703.0,32468.0,,3013.0,5431.0,3347.0,11413.0,6905.0,5155.0,3565.0,6103.0,10489.0,2210.0,724.0,2855.0,1446.0
2016-03-04,7159.0,8292.0,1435.0,2376.0,33189.0,,2934.0,4952.0,3225.0,10965.0,6120.0,4730.0,3078.0,5613.0,8652.0,1509.0,670.0,2696.0,1307.0
2016-03-05,6192.0,6955.0,1352.0,2374.0,31689.0,,2657.0,4031.0,2891.0,9358.0,5296.0,4625.0,2626.0,4268.0,7248.0,1468.0,657.0,2220.0,1381.0
2016-03-06,6614.0,8215.0,1568.0,2592.0,42343.0,,3264.0,4463.0,3194.0,11121.0,5852.0,4552.0,3547.0,4750.0,8839.0,1589.0,887.0,2469.0,1697.0
2016-03-07,7776.0,12082.0,1614.0,2687.0,31121.0,,3276.0,5246.0,3650.0,11503.0,6634.0,5257.0,3608.0,5842.0,10290.0,1428.0,741.0,2719.0,1506.0
2016-03-08,7789.0,11157.0,1549.0,2693.0,29050.0,,3468.0,5429.0,3385.0,11355.0,6604.0,5334.0,3942.0,5764.0,10522.0,1616.0,706.0,2645.0,1458.0
2016-03-09,7555.0,11320.0,1667.0,2561.0,28711.0,,3205.0,5220.0,3586.0,11059.0,6961.0,5654.0,4038.0,6289.0,10471.0,1485.0,785.0,2622.0,1407.0
2016-03-10,7539.0,11653.0,1597.0,2638.0,24537.0,,3380.0,5499.0,3446.0,11271.0,6657.0,5672.0,3810.0,5930.0,10246.0,1744.0,711.0,2398.0,1321.0
2016-03-11,7192.0,9096.0,1439.0,2626.0,19741.0,,3276.0,5668.0,3127.0,10077.0,6306.0,4686.0,3050.0,4960.0,8428.0,1317.0,780.0,2480.0,1101.0
2016-03-12,5909.0,7264.0,1378.0,2190.0,24943.0,,3114.0,4183.0,2631.0,8401.0,4991.0,3965.0,2461.0,3706.0,6615.0,1226.0,555.0,1962.0,1121.0
2016-03-13,6897.0,10090.0,1819.0,2460.0,26692.0,,3245.0,4536.0,2964.0,10271.0,5724.0,4850.0,3137.0,5187.0,8886.0,1500.0,761.0,2534.0,1189.0
2016-03-14,7590.0,11634.0,1583.0,2879.0,22818.0,,3484.0,5367.0,3399.0,12810.0,6754.0,6002.0,3765.0,6799.0,9942.0,1477.0,786.0,2807.0,1329.0
2016-03-15,7717.0,12110.0,1673.0,2629.0,21948.0,,3522.0,5441.0,3226.0,12822.0,6465.0,6014.0,4055.0,6783.0,11283.0,2802.0,766.0,2596.0,1346.0
2016-03-16,9125.0,12028.0,2004.0,2756.0,35558.0,,3057.0,5508.0,3472.0,12192.0,6658.0,6033.0,4207.0,6549.0,10268.0,1844.0,679.0,2573.0,1375.0
2016-03-17,8029.0,11140.0,1599.0,2726.0,31302.0,,2799.0,4956.0,3257.0,13202.0,6319.0,5541.0,3960.0,7327.0,9866.0,1277.0,571.0,2762.0,1275.0
2016-03-18,7139.0,8888.0,1411.0,2535.0,21441.0,,2779.0,5017.0,3109.0,11624.0,5865.0,4635.0,3048.0,5741.0,7342.0,1545.0,562.0,2320.0,1325.0
2016-03-19,5923.0,6773.0,1174.0,2287.0,19838.0,,2801.0,4142.0,2850.0,9980.0,5039.0,3614.0,2291.0,4172.0,5613.0,1111.0,598.0,2083.0,1057.0
2016-03-20,9153.0,8306.0,1397.0,2593.0,22284.0,,3438.0,4312.0,3369.0,10220.0,5381.0,4396.0,2516.0,3789.0,5951.0,1810.0,781.0,2352.0,1244.0
2016-03-21,9993.0,9935.0,1457.0,3043.0,19624.0,,3423.0,5737.0,3786.0,12153.0,6530.0,4781.0,2847.0,4560.0,7002.0,1379.0,652.0,2269.0,1449.0
2016-03-22,10052.0,10647.0,1329.0,2768.0,18699.0,,3265.0,5285.0,3652.0,14135.0,6331.0,7417.0,3115.0,4480.0,7120.0,1292.0,676.0,2105.0,1235.0
2016-03-23,12158.0,10345.0,1368.0,3035.0,19017.0,,3044.0,5157.0,3592.0,11262.0,7552.0,4740.0,2836.0,3960.0,6683.0,1202.0,660.0,2070.0,1353.0
2016-03-24,12594.0,8512.0,2280.0,3322.0,20571.0,,3230.0,4983.0,3557.0,10702.0,6056.0,4566.0,2942.0,3753.0,6915.0,1606.0,630.0,2092.0,1373.0
2016-03-25,9563.0,8565.0,1831.0,2786.0,22785.0,,4052.0,5051.0,3590.0,9358.0,5494.0,4574.0,4525.0,3797.0,6394.0,1247.0,745.0,2434.0,1276.0
2016-03-26,7782.0,8440.0,1223.0,2509.0,20454.0,,2894.0,4247.0,4903.0,9540.0,5235.0,4665.0,5765.0,4984.0,6972.0,930.0,1325.0,1799.0,913.0
2016-03-27,7331.0,9590.0,1497.0,2498.0,19307.0,,2970.0,4803.0,3205.0,10031.0,5804.0,5197.0,3463.0,4144.0,9071.0,1212.0,794.0,1908.0,1172.0
2016-03-28,8217.0,12997.0,1592.0,2774.0,19188.0,,3435.0,5476.0,3309.0,12380.0,6382.0,5905.0,4399.0,5509.0,10479.0,1312.0,1243.0,2076.0,1330.0
2016-03-29,9712.0,13004.0,1490.0,2818.0,20650.0,,3254.0,5780.0,3741.0,12209.0,6898.0,6600.0,5568.0,5785.0,11347.0,1258.0,737.0,2551.0,1214.0
2016-03-30,8555.0,12823.0,1762.0,2787.0,32929.0,,2937.0,5316.0,3935.0,12427.0,6965.0,6179.0,6092.0,6162.0,11773.0,1331.0,747.0,2986.0,1285.0
2016-03-31,7867.0,12123.0,1641.0,2737.0,23535.0,,2917.0,5038.0,3752.0,11500.0,6518.0,5661.0,4842.0,5723.0,10154.0,1518.0,649.0,2490.0,1149.0
2016-04-01,6779.0,9927.0,1491.0,2347.0,25756.0,,2658.0,4551.0,3101.0,12218.0,7313.0,5194.0,3672.0,4700.0,8334.0,1067.0,558.0,2028.0,1198.0
2016-04-02,7067.0,8470.0,1335.0,2381.0,43165.0,,2460.0,4128.0,2786.0,9053.0,4842.0,4446.0,2878.0,4381.0,7238.0,943.0,598.0,2639.0,927.0
2016-04-03,7526.0,9893.0,1919.0,2561.0,28264.0,,3074.0,4220.0,2987.0,9771.0,5691.0,5287.0,5256.0,4729.0,8432.0,1088.0,555.0,2247.0,1271.0
2016-04-04,9884.0,11909.0,1654.0,2992.0,27367.0,,3032.0,5246.0,3915.0,16428.0,6980.0,6110.0,4334.0,5819.0,10100.0,1215.0,703.0,2588.0,1589.0
2016-04-05,8150.0,20844.0,1609.0,2772.0,34964.0,,3315.0,5486.0,3456.0,19108.0,6761.0,6878.0,4514.0,8594.0,11040.0,1497.0,905.0,2665.0,1697.0
2016-04-06,7977.0,47172.0,1542.0,2707.0,29359.0,,3362.0,5468.0,4477.0,12821.0,6489.0,6853.0,5858.0,7306.0,10908.0,1373.0,797.0,2875.0,1549.0
2016-04-07,7471.0,12424.0,1514.0,2594.0,22167.0,,2911.0,5305.0,3475.0,11138.0,7147.0,6707.0,4288.0,7198.0,10974.0,1243.0,665.0,2515.0,1456.0
2016-04-08,7443.0,10293.0,1291.0,2512.0,20112.0,,2827.0,4832.0,3131.0,10454.0,6348.0,5664.0,3779.0,5682.0,8701.0,1118.0,558.0,2155.0,1266.0
2016-04-09,6385.0,8012.0,1249.0,2172.0,25783.0,,2600.0,4154.0,3116.0,9126.0,5126.0,4600.0,2840.0,4233.0,7451.0,1012.0,696.0,1967.0,1214.0
2016-04-10,7357.0,10375.0,2222.0,2678.0,23783.0,,2926.0,5748.0,3143.0,9464.0,5683.0,5958.0,3770.0,5355.0,9165.0,1412.0,710.0,2397.0,1292.0
2016-04-11,7837.0,12243.0,1270.0,2817.0,19573.0,,24101.0,5740.0,3330.0,11342.0,6969.0,6981.0,4907.0,7796.0,10748.0,1398.0,1805.0,2473.0,1316.0
2016-04-12,8020.0,13014.0,1444.0,2704.0,29575.0,,2896.0,5447.0,3272.0,13064.0,6796.0,7297.0,5015.0,7698.0,10863.0,1495.0,740.0,3058.0,1277.0
2016-04-13,7911.0,13977.0,1726.0,2768.0,42728.0,,2885.0,5620.0,3600.0,14200.0,6619.0,7404.0,5692.0,8318.0,11294.0,2151.0,828.0,3385.0,1667.0
2016-04-14,7753.0,13045.0,1537.0,2660.0,29853.0,,4814.0,5382.0,3325.0,11601.0,6372.0,7555.0,5524.0,8458.0,11669.0,1404.0,769.0,2678.0,1325.0
2016-04-15,7590.0,10208.0,1480.0,2700.0,21309.0,,3300.0,5053.0,3130.0,10810.0,5825.0,5610.0,4179.0,6122.0,8759.0,1189.0,644.0,2333.0,1192.0
2016-04-16,6851.0,8172.0,1241.0,2303.0,21143.0,,2692.0,4560.0,3017.0,9194.0,4929.0,4651.0,3276.0,4257.0,6985.0,1068.0,566.0,1881.0,1055.0
2016-04-17,7624.0,10280.0,2065.0,2759.0,32079.0,,3073.0,6120.0,3744.0,13144.0,6683.0,7465.0,3805.0,6889.0,9351.0,4633.0,950.0,3505.0,2149.0
2016-04-18,8613.0,11990.0,1931.0,3095.0,34782.0,,2894.0,6470.0,3972.0,20936.0,7243.0,6834.0,4745.0,9711.0,11288.0,2900.0,913.0,5729.0,1837.0
2016-04-19,8405.0,12223.0,1744.0,2730.0,24231.0,,2981.0,6075.0,3808.0,15624.0,7121.0,7653.0,4485.0,7842.0,11986.0,2044.0,824.0,3840.0,1592.0
2016-04-20,8153.0,11973.0,1684.0,2714.0,27309.0,,2703.0,5903.0,3501.0,12962.0,6701.0,7320.0,4388.0,7126.0,11534.0,1924.0,727.0,3063.0,1515.0
2016-04-21,7519.0,11597.0,1400.0,2644.0,25528.0,,2733.0,5600.0,3511.0,12448.0,6578.0,6751.0,4372.0,7119.0,11048.0,1319.0,673.0,3097.0,1185.0
2016-04-22,6929.0,9193.0,1311.0,2390.0,20545.0,,2665.0,5037.0,3300.0,11795.0,5853.0,5613.0,3625.0,5575.0,8815.0,1276.0,642.0,2500.0,1164.0
2016-04-23,7965.0,9800.0,1223.0,2508.0,26651.0,,2348.0,5158.0,3534.0,12364.0,6074.0,8100.0,2887.0,4331.0,7360.0,1174.0,552.0,1861.0,1004.0
2016-04-24,6723.0,9625.0,1650.0,2508.0,25113.0,,2876.0,5474.0,2991.0,10589.0,5753.0,5655.0,3462.0,5251.0,9054.0,1420.0,704.0,2384.0,1363.0
2016-04-25,7723.0,11095.0,3167.0,2695.0,20359.0,,2791.0,5840.0,3413.0,12171.0,6693.0,6211.0,4151.0,6405.0,10729.0,4429.0,1215.0,34263.0,2294.0
2016-04-26,7831.0,13143.0,1860.0,2996.0,21438.0,,3834.0,5713.0,3428.0,14308.0,6643.0,6420.0,4248.0,6905.0,11047.0,1677.0,760.0,4426.0,1351.0
2016-04-27,7988.0,11972.0,2268.0,3035.0,20375.0,,2836.0,6649.0,4512.0,12754.0,6485.0,9694.0,5340.0,7749.0,13980.0,2039.0,906.0,3586.0,1319.0
2016-04-28,7227.0,10584.0,1603.0,2996.0,19080.0,,2503.0,5413.0,3251.0,12348.0,6976.0,5833.0,4070.0,8379.0,10102.0,1524.0,687.0,2715.0,1179.0
2016-04-29,7349.0,8495.0,1338.0,2502.0,16018.0,,2380.0,4926.0,3267.0,10548.0,6286.0,6292.0,5062.0,7129.0,8229.0,950.0,516.0,2232.0,1153.0
2016-04-30,5465.0,6945.0,1413.0,2060.0,18351.0,,2263.0,3826.0,2356.0,10300.0,5112.0,4752.0,2469.0,3976.0,6946.0,1059.0,442.0,1873.0,987.0
2016-05-01,6353.0,8683.0,1475.0,2308.0,19257.0,,2672.0,4491.0,2661.0,9188.0,6671.0,5341.0,2981.0,4809.0,8734.0,1175.0,646.0,2273.0,1196.0
2016-05-02,9691.0,11126.0,1495.0,2856.0,18959.0,,3366.0,6699.0,3316.0,13416.0,6525.0,5993.0,3680.0,5981.0,9789.0,1291.0,608.0,3180.0,1391.0
2016-05-03,8132.0,10986.0,1785.0,2750.0,21061.0,,2673.0,6212.0,3298.0,12285.0,6780.0,6155.0,3977.0,6567.0,10276.0,1505.0,793.0,3062.0,1269.0
2016-05-04,7718.0,11133.0,1213.0,2546.0,24620.0,,2577.0,5612.0,3328.0,12029.0,6485.0,6262.0,3941.0,6641.0,10717.0,1102.0,593.0,2284.0,1100.0
2016-05-05,7173.0,10241.0,1091.0,2578.0,20295.0,,2514.0,5226.0,3457.0,11756.0,6242.0,6128.0,4080.0,6018.0,9850.0,1028.0,545.0,1755.0,934.0
2016-05-06,7396.0,9172.0,1166.0,2360.0,16801.0,,2435.0,5449.0,3074.0,11786.0,5968.0,4982.0,3188.0,4797.0,9692.0,1820.0,468.0,1751.0,1018.0
2016-05-07,5553.0,7309.0,1152.0,1938.0,16267.0,,2282.0,4527.0,2397.0,8287.0,4950.0,4272.0,2421.0,3833.0,6300.0,2835.0,463.0,1670.0,787.0
2016-05-08,6312.0,8818.0,1223.0,2611.0,23468.0,,3002.0,4922.0,2785.0,9077.0,5719.0,4792.0,2939.0,4400.0,6815.0,1925.0,608.0,1913.0,1016.0
2016-05-09,7735.0,10307.0,1420.0,2642.0,22483.0,,2921.0,5928.0,3368.0,12383.0,6966.0,6350.0,3668.0,6012.0,9627.0,1504.0,632.0,2859.0,1228.0
2016-05-10,7686.0,10948.0,1540.0,2591.0,21332.0,,2489.0,5439.0,3371.0,12805.0,6883.0,6232.0,3917.0,6185.0,10145.0,1470.0,581.0,2840.0,1246.0
2016-05-11,7832.0,11206.0,1523.0,2611.0,19138.0,,2602.0,5303.0,3233.0,14679.0,6549.0,6313.0,4043.0,7080.0,10664.0,1276.0,604.0,2930.0,1202.0
2016-05-12,7584.0,11080.0,1575.0,2659.0,18002.0,,2588.0,5455.0,3215.0,23815.0,6765.0,6137.0,4172.0,12299.0,9816.0,1308.0,552.0,4833.0,1204.0
2016-05-13,8096.0,8966.0,1295.0,2510.0,17593.0,,4181.0,4827.0,3114.0,18628.0,6011.0,5272.0,3163.0,8813.0,7825.0,1065.0,501.0,2908.0,1076.0
2016-05-14,6967.0,7146.0,1293.0,2254.0,35238.0,,2350.0,4332.0,2932.0,13064.0,5115.0,4701.0,2593.0,5623.0,6562.0,965.0,580.0,2115.0,897.0
2016-05-15,8770.0,9207.0,1667.0,2590.0,30086.0,,3763.0,5172.0,3060.0,14958.0,5974.0,5481.0,3338.0,5966.0,7904.0,1175.0,584.0,2223.0,1180.0
2016-05-16,8249.0,10824.0,1579.0,3038.0,23015.0,,2827.0,5908.0,3475.0,14372.0,8103.0,6458.0,3832.0,6976.0,9965.0,1294.0,638.0,2533.0,1737.0
2016-05-17,7875.0,10786.0,1649.0,3166.0,20906.0,,2721.0,5848.0,3417.0,14493.0,7294.0,6538.0,4168.0,7641.0,10565.0,1377.0,601.0,2468.0,1247.0
2016-05-18,7984.0,11438.0,1474.0,3117.0,21246.0,,2723.0,5854.0,3373.0,13898.0,7288.0,6853.0,4251.0,7524.0,10551.0,1344.0,622.0,2708.0,1409.0
2016-05-19,7497.0,10848.0,1555.0,2899.0,18565.0,,2469.0,5864.0,3474.0,13200.0,6871.0,6126.0,4261.0,6920.0,10263.0,1268.0,678.0,2728.0,1311.0
2016-05-20,7168.0,8954.0,1315.0,2600.0,17221.0,,2764.0,5343.0,3199.0,11914.0,6473.0,5524.0,3723.0,5424.0,8452.0,1075.0,544.0,2166.0,1116.0
2016-05-21,6411.0,7282.0,1126.0,2042.0,18743.0,,2621.0,4383.0,2630.0,9810.0,5558.0,4663.0,2691.0,4291.0,7242.0,1152.0,669.0,1749.0,895.0
2016-05-22,7006.0,9704.0,1325.0,2277.0,29206.0,,4823.0,5562.0,2923.0,11337.0,5873.0,5986.0,6045.0,5445.0,8633.0,1386.0,616.0,2185.0,1131.0
2016-05-23,7868.0,10501.0,2164.0,2959.0,27754.0,,3324.0,6435.0,3323.0,12883.0,6982.0,9113.0,4391.0,6272.0,10710.0,1351.0,688.0,2790.0,1288.0
2016-05-24,7784.0,10085.0,1984.0,2830.0,22734.0,,2772.0,6008.0,3281.0,12720.0,7095.0,6464.0,4352.0,6577.0,11026.0,1369.0,989.0,15263.0,1392.0
2016-05-25,7810.0,11729.0,1612.0,2488.0,21147.0,,2622.0,5620.0,2887.0,11881.0,6612.0,6487.0,4209.0,6610.0,10816.0,1277.0,609.0,3010.0,1134.0
2016-05-26,7220.0,10717.0,1275.0,2598.0,21113.0,,2333.0,5418.0,3219.0,11527.0,6085.0,6205.0,4020.0,5966.0,9896.0,1100.0,590.0,2574.0,1137.0
2016-05-27,6715.0,8448.0,1417.0,2344.0,19902.0,,2208.0,4794.0,3072.0,10888.0,5773.0,4827.0,3499.0,4693.0,8144.0,1077.0,541.0,2486.0,1083.0
2016-05-28,6647.0,7616.0,1880.0,2266.0,49106.0,,2917.0,5107.0,3067.0,10359.0,4997.0,4058.0,2983.0,4074.0,6312.0,1071.0,751.0,2538.0,1064.0
2016-05-29,6949.0,9144.0,1463.0,2542.0,44541.0,,2798.0,4645.0,2925.0,10357.0,5599.0,5163.0,3283.0,4837.0,7616.0,1334.0,9308.0,2730.0,1417.0
2016-05-30,7819.0,10848.0,1657.0,2417.0,27945.0,,2695.0,4814.0,3204.0,11272.0,5918.0,6509.0,4103.0,6289.0,9673.0,1547.0,741.0,2886.0,1498.0
2016-05-31,7181.0,10276.0,1548.0,2542.0,24859.0,,2466.0,5247.0,3222.0,12229.0,6156.0,6071.0,4289.0,6364.0,9585.0,1463.0,598.0,3121.0,1405.0
2016-06-01,7345.0,10250.0,1441.0,2427.0,22594.0,,2989.0,5126.0,3177.0,12193.0,6121.0,6293.0,4311.0,6270.0,9771.0,1236.0,567.0,2929.0,1386.0
2016-06-02,7274.0,10124.0,1444.0,2332.0,26141.0,,2477.0,5315.0,3209.0,11670.0,6194.0,6757.0,4456.0,6126.0,10013.0,1224.0,646.0,2771.0,1382.0
2016-06-03,7131.0,9446.0,1393.0,2148.0,24214.0,,2197.0,4800.0,3516.0,11537.0,6645.0,5855.0,3627.0,6022.0,8778.0,1129.0,536.0,2414.0,1150.0
2016-06-04,6717.0,8083.0,1120.0,2076.0,24201.0,,2552.0,4387.0,3397.0,10856.0,7846.0,5002.0,3846.0,4211.0,8128.0,834.0,558.0,1946.0,1077.0
2016-06-05,7818.0,9347.0,1509.0,2351.0,23141.0,,2584.0,5069.0,4729.0,13058.0,5950.0,5761.0,4675.0,6441.0,7731.0,1154.0,688.0,2579.0,1366.0
2016-06-06,10395.0,11401.0,1696.0,2863.0,24464.0,,2479.0,6279.0,10210.0,12409.0,6908.0,7753.0,10722.0,6401.0,10313.0,1457.0,1097.0,2869.0,1441.0
2016-06-07,10881.0,12256.0,1609.0,2882.0,33066.0,,3249.0,8267.0,4466.0,12741.0,7321.0,8156.0,5607.0,6737.0,10537.0,1386.0,716.0,2934.0,1398.0
2016-06-08,8435.0,11105.0,1631.0,2499.0,23182.0,,2753.0,5997.0,4589.0,13569.0,11170.0,6946.0,5647.0,6946.0,11928.0,1333.0,649.0,2963.0,1720.0
2016-06-09,8287.0,10443.0,1629.0,2475.0,24332.0,,2673.0,5400.0,5028.0,13365.0,7983.0,6528.0,5306.0,6638.0,10044.0,1192.0,771.0,2874.0,1621.0
2016-06-10,9164.0,9046.0,1368.0,2491.0,30611.0,,2254.0,5942.0,7081.0,11975.0,7006.0,5785.0,6425.0,5233.0,8190.0,1305.0,896.0,2633.0,1485.0
2016-06-11,9857.0,7981.0,1595.0,2390.0,87215.0,,2365.0,5359.0,4689.0,10733.0,6118.0,4718.0,3557.0,4195.0,6524.0,1157.0,721.0,2263.0,1301.0
2016-06-12,8002.0,8807.0,1758.0,2438.0,40313.0,,2763.0,5163.0,5013.0,11908.0,7283.0,5551.0,3975.0,4884.0,7976.0,2138.0,896.0,3116.0,1441.0
2016-06-13,9000.0,10974.0,1885.0,2612.0,37248.0,,2476.0,5448.0,4262.0,15394.0,6908.0,6326.0,4475.0,7109.0,8565.0,1868.0,895.0,3519.0,1663.0
2016-06-14,9172.0,11178.0,1912.0,2502.0,42115.0,,2508.0,5492.0,6427.0,12939.0,6618.0,6867.0,5706.0,6325.0,8865.0,1503.0,988.0,3503.0,1470.0
2016-06-15,11247.0,11476.0,1924.0,2616.0,54734.0,,2648.0,6953.0,4088.0,12271.0,9616.0,7200.0,4732.0,5907.0,8068.0,1455.0,916.0,3230.0,1437.0
2016-06-16,7843.0,9433.0,1551.0,2382.0,30922.0,,2313.0,5196.0,3528.0,11664.0,6529.0,6019.0,4081.0,5173.0,7739.0,1203.0,698.0,3111.0,1317.0
2016-06-17,7656.0,8056.0,1534.0,2188.0,34803.0,,2261.0,4723.0,3288.0,10871.0,6551.0,5086.0,3167.0,4193.0,7145.0,3013.0,702.0,2827.0,1400.0
2016-06-18,9199.0,7741.0,1702.0,2235.0,50499.0,,2314.0,4512.0,3365.0,11850.0,7668.0,4421.0,3021.0,3743.0,7032.0,1299.0,710.0,3007.0,1254.0
2016-06-19,10632.0,8316.0,1905.0,2595.0,83624.0,,2680.0,12522.0,3546.0,11822.0,6442.0,8617.0,3321.0,4103.0,6154.0,1977.0,824.0,2862.0,1560.0
2016-06-20,8318.0,9881.0,1701.0,2591.0,34877.0,,2922.0,5748.0,3398.0,11951.0,6377.0,6625.0,3960.0,4929.0,7368.0,1379.0,731.0,2922.0,1408.0
2016-06-21,8615.0,9788.0,1595.0,2698.0,38062.0,,2520.0,5461.0,8981.0,12093.0,6091.0,6592.0,3963.0,5051.0,7772.0,1320.0,670.0,3252.0,1312.0
2016-06-22,18080.0,12350.0,2029.0,3257.0,209781.0,,2563.0,6841.0,5023.0,12375.0,7016.0,6955.0,3877.0,5127.0,8873.0,1339.0,793.0,2841.0,1451.0
2016-06-23,9929.0,9962.0,1542.0,2820.0,70191.0,,2785.0,11317.0,4149.0,12212.0,9668.0,8364.0,3707.0,4906.0,9353.0,1613.0,656.0,2400.0,3358.0
2016-06-24,7842.0,8727.0,1262.0,2349.0,71809.0,,2275.0,5605.0,3341.0,10772.0,6253.0,5534.0,3204.0,4661.0,6943.0,1149.0,559.0,2200.0,1429.0
2016-06-25,7887.0,7646.0,1404.0,2180.0,55945.0,,2288.0,4809.0,3322.0,9990.0,5770.0,4831.0,2822.0,3698.0,5832.0,1047.0,611.0,2417.0,1059.0
2016-06-26,12345.0,10194.0,1761.0,3234.0,55182.0,,2921.0,6460.0,3481.0,12771.0,6752.0,6495.0,3229.0,4171.0,7004.0,1365.0,759.0,2888.0,1397.0
2016-06-27,28799.0,15146.0,3702.0,4097.0,587392.0,,3076.0,31760.0,5117.0,14211.0,6603.0,15150.0,4038.0,5031.0,7409.0,3850.0,1178.0,3577.0,1696.0
2016-06-28,13709.0,11173.0,1739.0,4364.0,166951.0,,2709.0,8917.0,4201.0,13286.0,6006.0,7590.0,3850.0,5108.0,7352.0,1711.0,828.0,2568.0,1333.0
2016-06-29,10986.0,10107.0,1393.0,3271.0,77807.0,,3407.0,6465.0,3636.0,12179.0,5773.0,6704.0,3569.0,4976.0,7341.0,1376.0,736.0,2342.0,1251.0
2016-06-30,8742.0,9791.0,1610.0,2713.0,68682.0,,2862.0,5591.0,3945.0,12240.0,5598.0,6206.0,3318.0,6090.0,7030.0,1229.0,757.0,2785.0,1139.0
2016-07-01,7750.0,8366.0,1248.0,2381.0,50572.0,,2886.0,4881.0,3489.0,11369.0,5451.0,5483.0,3159.0,3964.0,6757.0,1065.0,584.0,1964.0,1174.0
2016-07-02,7093.0,7697.0,1242.0,2190.0,45550.0,,2617.0,4682.0,3353.0,9985.0,4915.0,5143.0,4246.0,3586.0,5938.0,951.0,810.0,2013.0,1024.0
2016-07-03,7415.0,9186.0,1441.0,2232.0,44222.0,,2979.0,4649.0,3412.0,10273.0,4882.0,5964.0,5061.0,3873.0,6281.0,1050.0,973.0,3739.0,1160.0
2016-07-04,8094.0,10195.0,1571.0,2610.0,34608.0,,2810.0,5113.0,3473.0,11947.0,5876.0,5796.0,4898.0,4479.0,7345.0,1207.0,627.0,2658.0,1233.0
2016-07-05,8147.0,9656.0,1942.0,2861.0,30115.0,,2759.0,5106.0,3982.0,12824.0,6345.0,5425.0,4802.0,4361.0,7659.0,1101.0,622.0,2495.0,1323.0
2016-07-06,9384.0,8991.0,2099.0,2743.0,91418.0,,2666.0,5220.0,4182.0,13285.0,6400.0,5279.0,3409.0,4655.0,8003.0,1238.0,2206.0,2989.0,1213.0
2016-07-07,7412.0,7793.0,1356.0,2210.0,60851.0,,2346.0,4405.0,3588.0,11473.0,5548.0,4786.0,3010.0,4318.0,7706.0,1047.0,1189.0,2262.0,1054.0
2016-07-08,6973.0,7343.0,1240.0,2123.0,36772.0,,2529.0,4449.0,3347.0,10129.0,5262.0,4220.0,2748.0,3600.0,6743.0,955.0,771.0,2125.0,1006.0
2016-07-09,9169.0,11385.0,1895.0,1945.0,35931.0,,2308.0,4079.0,3271.0,9055.0,4841.0,4363.0,3043.0,3344.0,6184.0,1006.0,1487.0,2244.0,1071.0
2016-07-10,7755.0,9993.0,1547.0,2116.0,80495.0,,2983.0,4485.0,3682.0,12877.0,5476.0,5151.0,3029.0,4351.0,7141.0,1109.0,1096.0,3041.0,1186.0
2016-07-11,7811.0,9029.0,1501.0,2392.0,68082.0,,7346.0,5067.0,3976.0,12778.0,5936.0,5582.0,3308.0,4470.0,8717.0,1224.0,1018.0,2799.0,1388.0
2016-07-12,7961.0,8494.0,1356.0,2757.0,39201.0,,3065.0,4646.0,3772.0,11782.0,6054.0,5172.0,3337.0,4310.0,8913.0,1394.0,881.0,2529.0,1371.0
2016-07-13,7122.0,7625.0,1261.0,2389.0,31843.0,,3108.0,4657.0,3470.0,11598.0,6028.0,5347.0,3264.0,3992.0,9063.0,1392.0,744.0,2254.0,1448.0
2016-07-14,6584.0,7468.0,1332.0,2249.0,28349.0,,2741.0,4407.0,3389.0,10787.0,5587.0,4769.0,3019.0,3960.0,8790.0,1081.0,633.0,2115.0,1243.0
2016-07-15,6051.0,6839.0,1122.0,2046.0,23562.0,,3078.0,4061.0,2961.0,9914.0,5086.0,4188.0,2744.0,3207.0,7183.0,1005.0,683.0,1927.0,984.0
2016-07-16,5617.0,6114.0,1106.0,1908.0,21065.0,,2821.0,3881.0,2949.0,8824.0,4568.0,3917.0,2359.0,3060.0,6377.0,989.0,544.0,1677.0,825.0
2016-07-17,5821.0,6517.0,1174.0,1977.0,21804.0,,2947.0,4230.0,3175.0,9670.0,5504.0,4300.0,2628.0,3273.0,7721.0,1127.0,713.0,2147.0,1134.0
2016-07-18,6403.0,7021.0,1247.0,2347.0,20949.0,,2934.0,4776.0,3511.0,10796.0,5836.0,4694.0,3196.0,3606.0,8961.0,1020.0,678.0,2147.0,1077.0
2016-07-19,6649.0,6770.0,1792.0,2274.0,19174.0,,2591.0,4523.0,3917.0,12438.0,5617.0,4532.0,3159.0,3804.0,9098.0,1052.0,812.0,2014.0,1038.0
2016-07-20,6900.0,6332.0,22232.0,2213.0,17519.0,,2470.0,4473.0,3024.0,10522.0,7534.0,4450.0,2985.0,3574.0,11236.0,1717.0,970.0,2364.0,1448.0
2016-07-21,6093.0,6334.0,1547.0,2098.0,17195.0,,2451.0,4714.0,3056.0,10812.0,5952.0,4489.0,2946.0,4015.0,9810.0,1084.0,616.0,2110.0,1024.0
2016-07-22,5598.0,6307.0,1071.0,1960.0,16191.0,,7646.0,3978.0,2716.0,9481.0,4997.0,4055.0,2591.0,3381.0,7293.0,993.0,560.0,1738.0,951.0
2016-07-23,5541.0,5723.0,1569.0,1990.0,16239.0,,4343.0,3869.0,2566.0,8319.0,5035.0,3587.0,2213.0,3065.0,6619.0,1667.0,588.0,1429.0,969.0
2016-07-24,5896.0,6352.0,1093.0,2168.0,19265.0,,3988.0,4386.0,2858.0,9396.0,6620.0,4578.0,2815.0,3516.0,7935.0,1636.0,606.0,1996.0,1062.0
2016-07-25,6341.0,8022.0,1251.0,2475.0,18841.0,,3617.0,4507.0,3051.0,11302.0,5534.0,4890.0,3246.0,4110.0,8831.0,1039.0,641.0,2821.0,1536.0
2016-07-26,6354.0,8134.0,1416.0,2530.0,18429.0,,2997.0,4755.0,2856.0,11203.0,5248.0,4863.0,3276.0,4290.0,9163.0,1021.0,737.0,2452.0,1138.0
2016-07-27,6166.0,7635.0,1213.0,2115.0,17132.0,,2647.0,4392.0,2880.0,11079.0,5540.0,4670.0,3114.0,4285.0,8973.0,1058.0,582.0,3159.0,1102.0
2016-07-28,6648.0,7692.0,1096.0,2262.0,16293.0,,2465.0,4600.0,2909.0,11210.0,5634.0,4950.0,3174.0,4306.0,9395.0,1077.0,552.0,2715.0,1068.0
2016-07-29,6805.0,6923.0,1002.0,2584.0,15630.0,,2311.0,4664.0,2766.0,10465.0,4871.0,4308.0,2711.0,3867.0,7254.0,882.0,528.0,2113.0,967.0
2016-07-30,5529.0,5762.0,968.0,1905.0,17559.0,,2534.0,3978.0,2642.0,10684.0,4558.0,3821.0,2297.0,3171.0,6342.0,869.0,437.0,2425.0,1075.0
2016-07-31,6272.0,7535.0,1369.0,2089.0,16904.0,,2712.0,5590.0,2942.0,11772.0,5054.0,4491.0,2730.0,4307.0,7273.0,1112.0,598.0,3981.0,1475.0
2016-08-01,6350.0,8327.0,1107.0,2300.0,16557.0,,2744.0,5374.0,2953.0,15034.0,5529.0,5035.0,3311.0,4713.0,8268.0,1040.0,517.0,3065.0,1693.0
2016-08-02,6419.0,8309.0,1154.0,2426.0,16464.0,,2742.0,4507.0,3284.0,16336.0,5370.0,4897.0,2993.0,5188.0,8989.0,1032.0,523.0,3919.0,1204.0
2016-08-03,6292.0,8344.0,1099.0,2281.0,16762.0,,4233.0,4690.0,2833.0,16981.0,5315.0,4789.0,3150.0,5482.0,8991.0,959.0,557.0,4591.0,1166.0
2016-08-04,6929.0,7787.0,1235.0,2277.0,17343.0,,2684.0,4396.0,2982.0,19471.0,5354.0,4844.0,2823.0,5747.0,8612.0,1179.0,518.0,5795.0,1168.0
2016-08-05,7048.0,7083.0,1461.0,2526.0,16823.0,,2378.0,4605.0,3763.0,47642.0,5321.0,4137.0,2449.0,12480.0,7285.0,1141.0,548.0,11828.0,1090.0
2016-08-06,11589.0,7730.0,1775.0,3484.0,17203.0,,2913.0,7254.0,4765.0,164451.0,6700.0,4286.0,2929.0,17089.0,8121.0,1182.0,718.0,16756.0,1273.0
2016-08-07,8042.0,8078.0,1431.0,3005.0,17637.0,,3472.0,4961.0,3918.0,52211.0,5783.0,4365.0,2631.0,8662.0,7362.0,1161.0,598.0,7627.0,1101.0
2016-08-08,8321.0,8789.0,1229.0,2935.0,15729.0,,2884.0,4630.0,3458.0,35874.0,5757.0,5021.0,3106.0,8081.0,9135.0,1010.0,765.0,5468.0,1141.0
2016-08-09,9338.0,8827.0,1377.0,2796.0,15862.0,,2600.0,4659.0,4108.0,30978.0,6273.0,4830.0,3198.0,7621.0,9702.0,1141.0,815.0,5395.0,1084.0
2016-08-10,8624.0,8956.0,1410.0,2672.0,16790.0,,2506.0,4919.0,3716.0,27360.0,5910.0,5024.0,3117.0,11329.0,9490.0,1131.0,711.0,5176.0,1202.0
2016-08-11,7441.0,8661.0,1330.0,2563.0,15801.0,,2440.0,4553.0,3356.0,24561.0,6128.0,4759.0,3153.0,6853.0,9410.0,991.0,611.0,4607.0,1044.0
2016-08-12,7172.0,7583.0,1161.0,2466.0,19262.0,,2270.0,4288.0,3113.0,22366.0,5356.0,4138.0,2611.0,5968.0,7398.0,1032.0,545.0,4219.0,1052.0
2016-08-13,11186.0,7036.0,2050.0,2588.0,21646.0,,2467.0,3885.0,2984.0,24396.0,4929.0,3658.0,2086.0,6084.0,6398.0,1005.0,567.0,4702.0,1098.0
2016-08-14,12125.0,7714.0,1509.0,3032.0,18818.0,,3170.0,4510.0,3356.0,26338.0,5974.0,4109.0,2482.0,5829.0,6528.0,1133.0,559.0,5067.0,1183.0
2016-08-15,9340.0,9705.0,1473.0,2656.0,15264.0,,2752.0,4795.0,3406.0,24296.0,6290.0,5341.0,3705.0,6936.0,9425.0,1090.0,578.0,3954.0,1169.0
2016-08-16,7518.0,9934.0,1467.0,2616.0,14133.0,,2577.0,4598.0,3386.0,23710.0,5580.0,5535.0,3378.0,6847.0,9585.0,1617.0,612.0,4616.0,1146.0
2016-08-17,9277.0,9715.0,1566.0,2664.0,17279.0,,2416.0,6025.0,3282.0,23709.0,5565.0,5696.0,3424.0,7157.0,9727.0,1173.0,632.0,4228.0,1078.0
2016-08-18,9393.0,9536.0,1547.0,2638.0,18259.0,,2808.0,4656.0,3224.0,23856.0,5728.0,5263.0,3356.0,6590.0,9571.0,1147.0,684.0,3998.0,1151.0
2016-08-19,7134.0,8099.0,1270.0,2467.0,15028.0,,2331.0,4431.0,3025.0,22410.0,5558.0,4771.0,2816.0,5889.0,8395.0,1072.0,607.0,3719.0,1035.0
2016-08-20,6748.0,6966.0,1502.0,2350.0,23563.0,,2520.0,4241.0,2948.0,23164.0,5008.0,3997.0,2436.0,6390.0,7125.0,1124.0,641.0,6326.0,989.0
2016-08-21,7498.0,8217.0,1581.0,2785.0,25165.0,,3379.0,4753.0,3366.0,32086.0,5289.0,4881.0,2752.0,8740.0,8588.0,1177.0,652.0,5825.0,1135.0
2016-08-22,8175.0,9793.0,1428.0,3400.0,17678.0,,2849.0,5532.0,3744.0,46412.0,6036.0,6231.0,3605.0,10336.0,10595.0,1363.0,768.0,5840.0,1188.0
2016-08-23,7362.0,9109.0,1097.0,2652.0,17636.0,,2592.0,4657.0,3236.0,15963.0,6020.0,5663.0,3640.0,6015.0,9984.0,1033.0,618.0,2636.0,1109.0
2016-08-24,7424.0,8780.0,1175.0,2660.0,15371.0,,2730.0,4828.0,3368.0,13136.0,6486.0,5837.0,3689.0,5925.0,10501.0,1310.0,1843.0,2274.0,1168.0
2016-08-25,7397.0,8724.0,1181.0,2436.0,17755.0,,2878.0,5353.0,4091.0,12295.0,9060.0,5825.0,3947.0,5515.0,10321.0,1324.0,968.0,2038.0,2150.0
2016-08-26,7118.0,7764.0,1212.0,2478.0,16708.0,,2645.0,4920.0,3304.0,10595.0,6853.0,4699.0,3282.0,4542.0,8263.0,1127.0,897.0,1901.0,1262.0
2016-08-27,6367.0,6741.0,946.0,2373.0,16153.0,,2602.0,3987.0,2824.0,9451.0,5835.0,3901.0,2560.0,3890.0,6995.0,964.0,543.0,1600.0,1045.0
2016-08-28,6605.0,8062.0,1228.0,2425.0,19364.0,,4223.0,4425.0,3135.0,9589.0,6556.0,4697.0,2917.0,4266.0,8176.0,1361.0,556.0,2043.0,1182.0
2016-08-29,6950.0,9212.0,1276.0,2556.0,16741.0,,4440.0,5157.0,3295.0,11825.0,8412.0,5451.0,3580.0,5584.0,10028.0,1451.0,709.0,2410.0,2388.0
2016-08-30,6924.0,9092.0,1305.0,2439.0,17466.0,,3175.0,5078.0,3151.0,10935.0,7200.0,5549.0,3637.0,5809.0,10235.0,1338.0,653.0,2265.0,1432.0
2016-08-31,7078.0,9211.0,1254.0,2607.0,16452.0,,3529.0,4898.0,3325.0,16877.0,7882.0,5532.0,3774.0,7979.0,9836.0,1239.0,805.0,3612.0,1215.0
2016-09-01,7818.0,9175.0,1192.0,3003.0,16423.0,,3060.0,4870.0,3403.0,16201.0,7508.0,5576.0,4180.0,7934.0,9671.0,1158.0,672.0,4047.0,1275.0
2016-09-02,7542.0,7820.0,1167.0,2441.0,28293.0,,4201.0,5900.0,3370.0,13504.0,11371.0,4740.0,3629.0,5262.0,8330.0,1162.0,770.0,3395.0,1719.0
2016-09-03,6288.0,6258.0,995.0,2432.0,18543.0,,3212.0,4126.0,2722.0,9369.0,14510.0,3927.0,2405.0,3873.0,7225.0,874.0,484.0,1962.0,2361.0
2016-09-04,7104.0,8379.0,1399.0,2621.0,16806.0,,3312.0,4525.0,2775.0,10268.0,18400.0,4774.0,2646.0,4479.0,9168.0,1172.0,693.0,2358.0,3395.0
2016-09-05,7734.0,9258.0,1351.0,3224.0,18690.0,,2975.0,4915.0,3933.0,11227.0,19090.0,6142.0,3691.0,5922.0,10759.0,1212.0,572.0,2441.0,2916.0
2016-09-06,8168.0,9461.0,1267.0,2706.0,16903.0,,2957.0,5307.0,3578.0,11391.0,18030.0,5862.0,4349.0,6682.0,11002.0,1392.0,583.0,2450.0,2793.0
2016-09-07,7755.0,9495.0,1247.0,2618.0,18944.0,,3004.0,5862.0,3583.0,13933.0,16187.0,5787.0,4310.0,7685.0,10843.0,1329.0,686.0,2547.0,2528.0
2016-09-08,7538.0,8835.0,1126.0,2504.0,18149.0,,2891.0,5764.0,3236.0,12009.0,14843.0,5771.0,3440.0,6043.0,10550.0,1123.0,567.0,2312.0,2448.0
2016-09-09,6590.0,7286.0,1278.0,2327.0,28843.0,,4018.0,5106.0,3010.0,9661.0,13785.0,4939.0,2927.0,4552.0,8458.0,1061.0,558.0,1824.0,2079.0
2016-09-10,6241.0,5760.0,1005.0,2193.0,28458.0,,3344.0,4433.0,2765.0,8129.0,13345.0,5464.0,2119.0,3465.0,7284.0,1133.0,453.0,1385.0,1936.0
2016-09-11,6218.0,7517.0,1154.0,2303.0,16692.0,,2997.0,5455.0,2787.0,9011.0,15059.0,5361.0,2770.0,4180.0,9408.0,1258.0,552.0,1703.0,2635.0
2016-09-12,7199.0,9078.0,1233.0,2567.0,16355.0,,2968.0,5909.0,3784.0,10394.0,14106.0,6336.0,3641.0,5493.0,10711.0,1241.0,542.0,1917.0,2328.0
2016-09-13,7863.0,9135.0,1270.0,2562.0,29563.0,,2709.0,5755.0,3642.0,10716.0,13262.0,5924.0,3600.0,5821.0,10826.0,1244.0,582.0,1793.0,2148.0
2016-09-14,7508.0,8866.0,1250.0,2652.0,32479.0,,2929.0,5600.0,3646.0,10486.0,12650.0,5808.0,3403.0,5683.0,10853.0,1204.0,528.0,1852.0,2023.0
2016-09-15,7136.0,8101.0,1354.0,2463.0,23819.0,,2700.0,5489.0,3582.0,9975.0,12154.0,5346.0,3102.0,4725.0,9462.0,1224.0,576.0,1957.0,1999.0
2016-09-16,7035.0,6982.0,1194.0,2303.0,19102.0,,2661.0,5202.0,3438.0,9113.0,10974.0,4832.0,2735.0,3817.0,7863.0,1276.0,495.0,1639.0,1762.0
2016-09-17,6288.0,6110.0,1035.0,2060.0,28043.0,,2573.0,4232.0,2671.0,7596.0,10523.0,4630.0,2179.0,3526.0,7140.0,1088.0,460.0,1578.0,2035.0
2016-09-18,7279.0,7574.0,1321.0,2290.0,22634.0,,3138.0,5682.0,3089.0,8772.0,12221.0,6254.0,2541.0,4121.0,8152.0,1461.0,545.0,1924.0,2336.0
2016-09-19,7313.0,9699.0,1610.0,2559.0,18810.0,,2834.0,5657.0,3335.0,12367.0,12027.0,6480.0,3158.0,5634.0,10356.0,1337.0,531.0,2031.0,2210.0
2016-09-20,7273.0,8759.0,1482.0,2477.0,17533.0,,2700.0,5678.0,3446.0,10120.0,11044.0,6059.0,3520.0,5543.0,10322.0,1227.0,520.0,1965.0,1916.0
2016-09-21,7447.0,8229.0,1277.0,2502.0,20391.0,,2656.0,5492.0,3295.0,9733.0,10906.0,5789.0,3180.0,5400.0,10594.0,1107.0,562.0,1778.0,1981.0
2016-09-22,9149.0,8412.0,1204.0,3089.0,18815.0,,2947.0,5955.0,4409.0,10998.0,11527.0,5603.0,3052.0,5381.0,10239.0,1201.0,544.0,1922.0,1864.0
2016-09-23,7797.0,7485.0,1232.0,2986.0,15575.0,,2514.0,5089.0,8513.0,8950.0,9767.0,5074.0,2852.0,4376.0,8309.0,982.0,492.0,1573.0,1636.0
2016-09-24,5452.0,6188.0,1130.0,1951.0,16701.0,,3176.0,4218.0,7261.0,7623.0,9240.0,4101.0,2244.0,3409.0,7144.0,897.0,384.0,1307.0,1685.0
2016-09-25,6275.0,7404.0,1165.0,2122.0,16023.0,,4061.0,4419.0,7831.0,8340.0,10403.0,4961.0,2591.0,4202.0,8677.0,990.0,438.0,1522.0,1958.0
2016-09-26,7214.0,8991.0,1265.0,2637.0,15826.0,,2982.0,5349.0,8483.0,9661.0,12956.0,6511.0,3608.0,5382.0,12233.0,1386.0,557.0,1781.0,3071.0
2016-09-27,7287.0,9194.0,1266.0,2388.0,17879.0,,2744.0,5297.0,6476.0,9534.0,12412.0,6420.0,3627.0,5766.0,12118.0,1193.0,571.0,1832.0,3430.0
2016-09-28,7421.0,9558.0,1548.0,2603.0,18123.0,,2720.0,5598.0,3836.0,9654.0,11032.0,6293.0,3931.0,5812.0,11087.0,1645.0,553.0,1995.0,1927.0
2016-09-29,8866.0,10100.0,1486.0,4418.0,16582.0,,3005.0,5540.0,3208.0,9962.0,9902.0,5717.0,3764.0,5310.0,10552.0,1298.0,495.0,1659.0,1687.0
2016-09-30,6603.0,8026.0,1109.0,2445.0,14731.0,,2750.0,4635.0,2856.0,8729.0,9380.0,4829.0,2999.0,4283.0,8646.0,1046.0,421.0,1489.0,1468.0
2016-10-01,5846.0,6298.0,1019.0,2049.0,13718.0,,2534.0,3748.0,2391.0,7437.0,9273.0,3831.0,2584.0,3605.0,8001.0,1056.0,395.0,1325.0,1664.0
2016-10-02,6352.0,8305.0,1185.0,2257.0,16352.0,,3595.0,4478.0,2669.0,8304.0,11686.0,4921.0,3013.0,4248.0,14109.0,1247.0,545.0,1548.0,2330.0
2016-10-03,7230.0,9539.0,1683.0,2800.0,15497.0,,3067.0,5368.0,3550.0,9646.0,19786.0,5931.0,3710.0,5690.0,17543.0,1225.0,565.0,1854.0,6501.0
2016-10-04,7215.0,9552.0,1401.0,2567.0,15519.0,,2933.0,5405.0,3303.0,10040.0,12095.0,6222.0,4010.0,5868.0,12707.0,1191.0,485.0,1764.0,2816.0
2016-10-05,7160.0,9470.0,1319.0,2522.0,15153.0,,2983.0,5430.0,3141.0,9872.0,10377.0,6028.0,3957.0,6074.0,11857.0,1146.0,502.0,1845.0,1909.0
2016-10-06,7042.0,9442.0,1380.0,2462.0,15661.0,,2610.0,5444.0,3189.0,10089.0,9627.0,5996.0,4360.0,5793.0,11445.0,1077.0,593.0,1811.0,1779.0
2016-10-07,7070.0,8758.0,1247.0,2338.0,19060.0,,2551.0,4868.0,3238.0,9157.0,15921.0,4873.0,3940.0,4655.0,12146.0,1179.0,577.0,1717.0,6458.0
2016-10-08,5857.0,6300.0,1181.0,1925.0,19849.0,,3420.0,4196.0,2686.0,8486.0,10872.0,3933.0,2608.0,3435.0,7781.0,966.0,464.0,1566.0,2797.0
2016-10-09,6506.0,6895.0,1240.0,2185.0,17281.0,,5609.0,4481.0,2697.0,10845.0,10164.0,4719.0,2928.0,3859.0,7877.0,1175.0,483.0,1883.0,1881.0
2016-10-10,7087.0,9044.0,1208.0,2395.0,17584.0,,5627.0,5514.0,3278.0,9336.0,10603.0,5784.0,3825.0,5388.0,9395.0,1055.0,561.0,1807.0,1870.0
2016-10-11,7422.0,10240.0,1761.0,2531.0,17600.0,,3249.0,5448.0,3507.0,9900.0,10157.0,6733.0,5979.0,6071.0,10832.0,1067.0,623.0,1829.0,1887.0
2016-10-12,7950.0,10428.0,1459.0,2545.0,17792.0,,3165.0,5693.0,3556.0,10249.0,10073.0,6628.0,4652.0,6436.0,10694.0,1197.0,531.0,1920.0,1591.0
2016-10-13,7445.0,8937.0,1245.0,2471.0,16171.0,,3423.0,5319.0,3225.0,10112.0,9287.0,6052.0,3714.0,5541.0,9651.0,1117.0,535.0,1633.0,1535.0
2016-10-14,6808.0,7709.0,1199.0,2433.0,15840.0,,3132.0,4955.0,3022.0,9193.0,7987.0,4752.0,3095.0,4550.0,8248.0,1070.0,479.0,2441.0,1344.0
2016-10-15,6093.0,6206.0,1297.0,2052.0,19710.0,,3499.0,3965.0,2558.0,8677.0,7045.0,4125.0,2699.0,3599.0,6769.0,996.0,440.0,1438.0,1263.0
2016-10-16,6814.0,7842.0,1352.0,2265.0,19883.0,,5039.0,4652.0,2781.0,9536.0,7930.0,5138.0,2690.0,4381.0,7145.0,1201.0,565.0,1571.0,1485.0
2016-10-17,7796.0,8861.0,1463.0,2728.0,18854.0,,3459.0,5392.0,3487.0,11313.0,8794.0,5912.0,3530.0,5387.0,9610.0,1148.0,533.0,1989.0,1683.0
2016-10-18,8043.0,8931.0,1274.0,2723.0,19688.0,,3366.0,5281.0,3376.0,10765.0,8634.0,6278.0,3751.0,6012.0,10292.0,1226.0,568.0,2171.0,1418.0
2016-10-19,8159.0,9405.0,1508.0,2640.0,53571.0,,2967.0,5245.0,3293.0,11178.0,7991.0,5933.0,3643.0,6049.0,10937.0,1232.0,617.0,1876.0,1381.0
2016-10-20,7736.0,9331.0,1329.0,2570.0,43833.0,,2892.0,5112.0,3157.0,10366.0,7857.0,5617.0,3900.0,5971.0,10562.0,1071.0,543.0,1903.0,1249.0
2016-10-21,6955.0,7763.0,1270.0,2469.0,22595.0,,3007.0,4757.0,2848.0,8948.0,7140.0,4892.0,3138.0,4857.0,8740.0,1311.0,701.0,1740.0,1232.0
2016-10-22,5909.0,6494.0,1133.0,2221.0,28848.0,,3132.0,4136.0,2424.0,8422.0,6574.0,4184.0,2348.0,3604.0,7190.0,1014.0,596.0,1399.0,1249.0
2016-10-23,6430.0,7789.0,1318.0,2369.0,26083.0,,4445.0,4603.0,2818.0,8420.0,7439.0,5042.0,2831.0,4555.0,8770.0,1257.0,642.0,1784.0,1467.0
2016-10-24,7494.0,9479.0,1260.0,2640.0,23796.0,,3487.0,5353.0,3229.0,10399.0,8199.0,6492.0,3890.0,6093.0,10904.0,1269.0,624.0,1858.0,1454.0
2016-10-25,8123.0,9246.0,1368.0,2677.0,21741.0,,3596.0,5290.0,3326.0,10469.0,7852.0,6083.0,4129.0,5765.0,10578.0,1245.0,638.0,2050.0,1327.0
2016-10-26,7794.0,9423.0,1290.0,2585.0,19387.0,,3501.0,5078.0,3109.0,10021.0,7399.0,5841.0,4015.0,8258.0,10303.0,1477.0,592.0,1967.0,1429.0
2016-10-27,7165.0,8736.0,1235.0,2443.0,17858.0,,3279.0,4973.0,3024.0,9747.0,7267.0,5292.0,3446.0,7648.0,9498.0,1274.0,588.0,1803.0,1423.0
2016-10-28,6508.0,7146.0,1294.0,2196.0,17472.0,,3489.0,4267.0,2984.0,8670.0,6564.0,4539.0,2824.0,6322.0,7704.0,1099.0,748.0,1696.0,1264.0
2016-10-29,5208.0,6033.0,1051.0,1983.0,22036.0,,2855.0,3546.0,2289.0,7773.0,5966.0,3730.0,2613.0,4933.0,6452.0,985.0,541.0,1423.0,1133.0
2016-10-30,5903.0,6853.0,1307.0,2325.0,20578.0,,3264.0,4184.0,2498.0,8191.0,6409.0,4186.0,2593.0,4139.0,7290.0,1204.0,683.0,1826.0,1340.0
2016-10-31,7177.0,7981.0,1201.0,2524.0,18761.0,,3282.0,5002.0,2920.0,9609.0,7471.0,4731.0,3136.0,4708.0,8134.0,1254.0,526.0,1603.0,1335.0
2016-11-01,7170.0,8369.0,1386.0,2653.0,31757.0,,4722.0,4966.0,2929.0,9806.0,7749.0,4822.0,3321.0,4609.0,9063.0,1398.0,660.0,2049.0,1487.0
2016-11-02,7480.0,8371.0,1434.0,2553.0,25753.0,,5141.0,5012.0,2980.0,10215.0,7679.0,5308.0,3328.0,4859.0,9522.0,1471.0,607.0,1983.0,1534.0
2016-11-03,7251.0,8546.0,1251.0,2689.0,20875.0,,3194.0,4917.0,2909.0,9844.0,7546.0,5289.0,3357.0,5320.0,9499.0,1479.0,519.0,2035.0,1506.0
2016-11-04,7015.0,7508.0,1208.0,2650.0,17169.0,,3241.0,4964.0,2783.0,9346.0,6891.0,4959.0,2999.0,4324.0,7874.0,1284.0,500.0,1622.0,1214.0
2016-11-05,7029.0,6223.0,1222.0,2414.0,17151.0,,3120.0,4423.0,2600.0,8131.0,5994.0,4098.0,2445.0,3425.0,6286.0,1364.0,506.0,1618.0,1119.0
2016-11-06,6797.0,7395.0,1457.0,2373.0,28171.0,,3596.0,4808.0,2788.0,9276.0,7337.0,4882.0,2852.0,4214.0,7041.0,1514.0,624.0,1997.0,1580.0
2016-11-07,8516.0,9530.0,1434.0,2788.0,36292.0,,4785.0,5149.0,3131.0,10207.0,7446.0,5919.0,3755.0,5345.0,9565.0,1572.0,1045.0,2146.0,1416.0
2016-11-08,7658.0,10049.0,1422.0,2731.0,23640.0,,3919.0,5054.0,3322.0,10474.0,7180.0,6276.0,3783.0,6222.0,10453.0,1558.0,674.0,2116.0,1344.0
2016-11-09,7373.0,10283.0,1459.0,2361.0,17216.0,,2910.0,5216.0,4402.0,11063.0,6830.0,6197.0,3938.0,6222.0,10885.0,1345.0,681.0,2239.0,1294.0
2016-11-10,7805.0,9562.0,1553.0,2649.0,18798.0,,3669.0,5195.0,3741.0,10278.0,7198.0,6124.0,4351.0,5997.0,10386.0,1311.0,759.0,2285.0,1440.0
2016-11-11,7860.0,8249.0,1549.0,2905.0,23286.0,,2997.0,4851.0,3589.0,10451.0,6530.0,4927.0,3906.0,5608.0,7995.0,1315.0,747.0,2315.0,1359.0
2016-11-12,7610.0,6326.0,1218.0,2638.0,17701.0,,3536.0,4104.0,2963.0,8472.0,5857.0,4098.0,2891.0,3655.0,6587.0,1116.0,653.0,2100.0,1218.0
2016-11-13,7758.0,8395.0,1672.0,2712.0,18616.0,,4074.0,4687.0,3261.0,10203.0,7152.0,5408.0,3339.0,4743.0,7378.0,1803.0,787.0,3358.0,1882.0
2016-11-14,8372.0,10120.0,1526.0,3135.0,23402.0,,3871.0,5484.0,3477.0,11686.0,7815.0,6384.0,4118.0,5706.0,9162.0,2047.0,807.0,2161.0,1629.0
2016-11-15,8853.0,10335.0,1675.0,3195.0,21962.0,,3747.0,5641.0,3849.0,13107.0,7727.0,6498.0,4967.0,6124.0,9844.0,1639.0,736.0,2358.0,1543.0
2016-11-16,11580.0,10733.0,1665.0,3435.0,30545.0,,3718.0,6018.0,3955.0,11245.0,7352.0,6380.0,5566.0,6258.0,9580.0,1623.0,730.0,2180.0,1578.0
2016-11-17,8495.0,9275.0,1497.0,3356.0,20027.0,,3994.0,5735.0,3380.0,10394.0,7259.0,5921.0,3726.0,5700.0,8850.0,1488.0,653.0,2301.0,1334.0
2016-11-18,7877.0,7660.0,1393.0,3215.0,16406.0,,3542.0,4946.0,3155.0,9113.0,6672.0,4918.0,3107.0,4673.0,7700.0,1364.0,967.0,2013.0,1372.0
2016-11-19,6777.0,6077.0,1478.0,2741.0,21277.0,,3329.0,5106.0,2615.0,7838.0,5934.0,4117.0,2565.0,3561.0,5925.0,1331.0,676.0,1829.0,1243.0
2016-11-20,7495.0,7489.0,1535.0,2848.0,24226.0,,3992.0,5835.0,3056.0,9265.0,6956.0,4918.0,3059.0,3939.0,6917.0,1565.0,746.0,2069.0,1545.0
2016-11-21,9186.0,8943.0,1586.0,4920.0,19838.0,,3992.0,5540.0,3297.0,10102.0,7430.0,5758.0,3539.0,4870.0,7954.0,1502.0,661.0,2323.0,1473.0
2016-11-22,8300.0,9606.0,1806.0,3366.0,20574.0,,4771.0,6108.0,3067.0,10010.0,7157.0,6228.0,3670.0,5362.0,8215.0,1668.0,717.0,2166.0,1727.0
2016-11-23,7788.0,9080.0,1500.0,3271.0,33452.0,,4165.0,5431.0,3224.0,8967.0,6756.0,5678.0,3539.0,5482.0,8035.0,1487.0,664.0,2119.0,1601.0
2016-11-24,7284.0,8268.0,1410.0,2921.0,32033.0,,4055.0,4839.0,2872.0,8711.0,6621.0,5384.0,3194.0,5027.0,7698.0,1393.0,677.0,1980.0,2007.0
2016-11-25,7123.0,7035.0,1729.0,2813.0,19189.0,,3995.0,4514.0,2644.0,10142.0,6560.0,4639.0,2980.0,4011.0,6260.0,1850.0,1110.0,2185.0,1427.0
2016-11-26,8634.0,6291.0,1450.0,3163.0,20472.0,,3809.0,5505.0,2976.0,9658.0,7038.0,4368.0,2740.0,3455.0,5659.0,1216.0,622.0,1646.0,1397.0
2016-11-27,9731.0,8494.0,2163.0,3221.0,23232.0,,4661.0,5825.0,3429.0,10093.0,7698.0,4937.0,3772.0,4180.0,6528.0,1602.0,773.0,2175.0,1857.0
2016-11-28,9609.0,8713.0,1563.0,3847.0,21172.0,,4509.0,6158.0,3715.0,11986.0,8872.0,5758.0,3263.0,4741.0,7357.0,1501.0,677.0,2232.0,1607.0
2016-11-29,9339.0,8684.0,1736.0,3368.0,20915.0,,6129.0,6383.0,4266.0,16555.0,15220.0,5842.0,3567.0,7364.0,8600.0,1528.0,756.0,3567.0,3576.0
2016-11-30,8932.0,8049.0,1419.0,3092.0,21446.0,,6465.0,5807.0,3570.0,13890.0,11263.0,5345.0,3329.0,6472.0,7770.0,1422.0,628.0,2825.0,2358.0
2016-12-01,8482.0,7554.0,1357.0,3343.0,19812.0,,6580.0,5738.0,3770.0,12177.0,10219.0,4828.0,2841.0,5655.0,7569.0,1248.0,680.0,2508.0,2728.0
2016-12-02,7412.0,6403.0,2579.0,2771.0,19940.0,,4775.0,5226.0,3228.0,10492.0,8573.0,4043.0,2514.0,4547.0,6060.0,1223.0,903.0,2029.0,1820.0
2016-12-03,6866.0,5085.0,1405.0,2592.0,32286.0,,5169.0,4315.0,2925.0,9596.0,7271.0,3799.0,2484.0,4484.0,5274.0,1530.0,708.0,1859.0,1395.0
2016-12-04,7404.0,6385.0,1469.0,2817.0,22741.0,,4975.0,4963.0,3074.0,10233.0,7578.0,4467.0,2570.0,3988.0,5517.0,1786.0,624.0,2193.0,1693.0
2016-12-05,8227.0,7445.0,1399.0,3290.0,19027.0,,5545.0,5746.0,3421.0,11145.0,7947.0,4837.0,2806.0,4673.0,7438.0,1509.0,661.0,2218.0,1544.0
2016-12-06,8225.0,7546.0,1546.0,2954.0,24581.0,,6175.0,5461.0,3575.0,11025.0,7858.0,4654.0,2839.0,4389.0,6632.0,1373.0,647.0,2270.0,1494.0
2016-12-07,8282.0,6651.0,1509.0,3033.0,26231.0,,6685.0,5412.0,3447.0,10565.0,7818.0,4440.0,2559.0,4061.0,6124.0,1548.0,777.0,2088.0,1527.0
2016-12-08,7719.0,6252.0,1317.0,2882.0,20597.0,,8300.0,5249.0,3184.0,10388.0,7192.0,4342.0,2327.0,3717.0,5890.0,1422.0,632.0,2020.0,1502.0
2016-12-09,7416.0,6305.0,1076.0,2692.0,17585.0,,33178.0,4951.0,2949.0,9227.0,6834.0,4189.0,2118.0,3332.0,5524.0,1161.0,484.0,2098.0,1128.0
2016-12-10,6524.0,5245.0,1063.0,2510.0,27591.0,,10833.0,4775.0,3363.0,7876.0,7190.0,3397.0,1892.0,2824.0,4981.0,1070.0,514.0,1595.0,1461.0
2016-12-11,7687.0,6084.0,1356.0,3065.0,23223.0,,11501.0,4616.0,3959.0,8978.0,7636.0,3720.0,2161.0,3126.0,5344.0,1393.0,617.0,2237.0,1734.0
2016-12-12,8375.0,6742.0,1395.0,3383.0,36152.0,,8626.0,5237.0,3601.0,10060.0,9735.0,4250.0,2586.0,3506.0,5885.0,1384.0,726.0,2126.0,1638.0
2016-12-13,8277.0,6733.0,1444.0,2979.0,39126.0,,8030.0,5399.0,3578.0,10184.0,7521.0,5055.0,3046.0,3521.0,5841.0,1491.0,859.0,2200.0,1570.0
2016-12-14,7881.0,7094.0,1369.0,2820.0,29140.0,,6617.0,5430.0,3557.0,10151.0,6978.0,4136.0,2546.0,3538.0,5739.0,1405.0,609.0,2053.0,1448.0
2016-12-15,7240.0,6337.0,1460.0,2706.0,34329.0,,6385.0,4890.0,3137.0,9704.0,6541.0,3897.0,2260.0,3328.0,5467.0,1371.0,757.0,2018.0,1373.0
2016-12-16,6658.0,5569.0,1214.0,2572.0,26396.0,,13056.0,4574.0,3004.0,8490.0,6176.0,3299.0,2025.0,2518.0,4846.0,1179.0,558.0,1588.0,1101.0
2016-12-17,6001.0,4961.0,1124.0,2275.0,20832.0,,6999.0,4184.0,2707.0,7506.0,5413.0,2829.0,1746.0,2320.0,4908.0,1042.0,470.0,1471.0,1094.0
2016-12-18,6792.0,5713.0,1474.0,2617.0,30572.0,,5771.0,4629.0,3126.0,8487.0,6365.0,3357.0,2001.0,2532.0,4729.0,1999.0,634.0,1902.0,1637.0
2016-12-19,7210.0,6064.0,1766.0,2742.0,27850.0,,5061.0,5411.0,3145.0,9038.0,6475.0,4230.0,2193.0,2797.0,4934.0,1405.0,574.0,11187.0,1364.0
2016-12-20,6714.0,5508.0,1108.0,2449.0,20500.0,,4636.0,4820.0,3214.0,8642.0,5918.0,3496.0,1993.0,2972.0,4698.0,1179.0,548.0,2152.0,1202.0
2016-12-21,7676.0,5311.0,1143.0,2513.0,18605.0,,14172.0,5144.0,3114.0,8651.0,6484.0,3355.0,2026.0,2466.0,4598.0,1210.0,501.0,1824.0,1161.0
2016-12-22,6626.0,4601.0,994.0,2359.0,17807.0,,6011.0,4478.0,2957.0,8056.0,5865.0,3114.0,1829.0,2253.0,4222.0,1072.0,486.0,1433.0,1063.0
2016-12-23,5799.0,4458.0,923.0,2151.0,17002.0,,9902.0,3862.0,2692.0,7284.0,5057.0,2865.0,1666.0,1952.0,3833.0,940.0,497.0,1248.0,934.0
2016-12-24,5574.0,3905.0,993.0,2043.0,16206.0,,5878.0,3959.0,2507.0,7048.0,4786.0,2457.0,1388.0,1780.0,3401.0,942.0,1766.0,1469.0,941.0
2016-12-25,6118.0,4186.0,1459.0,2417.0,15826.0,,6454.0,8757.0,2936.0,7110.0,5047.0,4335.0,1646.0,2168.0,3693.0,3104.0,638.0,1995.0,1296.0
2016-12-26,6447.0,6075.0,1321.0,2363.0,17540.0,,6153.0,7175.0,2753.0,7759.0,5689.0,4115.0,1955.0,2429.0,4562.0,1942.0,644.0,1941.0,1304.0
2016-12-27,7002.0,5700.0,1305.0,2662.0,17575.0,,6129.0,5189.0,3096.0,8324.0,5899.0,3726.0,2009.0,2488.0,4840.0,1523.0,670.0,1872.0,1324.0
2016-12-28,7522.0,5205.0,1860.0,2615.0,17104.0,,5595.0,5069.0,3273.0,8381.0,6232.0,3571.0,2074.0,2403.0,4668.0,1255.0,687.0,1894.0,1335.0
2016-12-29,6578.0,5169.0,1369.0,2559.0,17093.0,,6136.0,4712.0,3400.0,8058.0,5997.0,3264.0,2006.0,2280.0,4565.0,1304.0,956.0,1729.0,1411.0
2016-12-30,6338.0,4852.0,1226.0,2380.0,17626.0,,15163.0,4415.0,2816.0,7842.0,5881.0,3128.0,1824.0,2251.0,4240.0,1135.0,843.0,1653.0,1352.0
2016-12-31,5456.0,4454.0,1043.0,2063.0,15233.0,,6103.0,4338.0,2475.0,8116.0,5206.0,2598.0,1616.0,2102.0,3755.0,1634.0,477.0,1522.0,1042.0
2017-01-01,5770.0,4310.0,1216.0,2285.0,16311.0,,6021.0,4371.0,2647.0,7682.0,5126.0,2782.0,1829.0,2212.0,3706.0,1284.0,626.0,1852.0,1380.0
2017-01-02,7621.0,5751.0,1468.0,2572.0,17288.0,,6188.0,5067.0,3324.0,9535.0,6497.0,3929.0,2572.0,2886.0,4975.0,1430.0,1725.0,2970.0,1592.0
2017-01-03,7611.0,6187.0,1363.0,2730.0,16127.0,,5628.0,5759.0,3250.0,10119.0,6951.0,4524.0,2650.0,3013.0,5599.0,1830.0,898.0,2254.0,1691.0
2017-01-04,7355.0,5957.0,1477.0,2736.0,16989.0,,5318.0,6677.0,3479.0,9891.0,6763.0,4187.0,2789.0,2862.0,5461.0,1551.0,788.0,2526.0,1647.0
2017-01-05,9067.0,5843.0,1846.0,2690.0,17762.0,,5256.0,5546.0,3905.0,11898.0,6616.0,4008.0,2339.0,2891.0,5453.0,1516.0,797.0,2015.0,1729.0
2017-01-06,7311.0,5678.0,1575.0,2648.0,16896.0,,8001.0,5441.0,3881.0,9699.0,6403.0,3883.0,2261.0,2760.0,5072.0,1420.0,691.0,2150.0,1556.0
2017-01-07,6525.0,5342.0,1669.0,2617.0,20006.0,,5915.0,5193.0,4448.0,8611.0,6015.0,3521.0,2001.0,2715.0,4943.0,1368.0,3195.0,2240.0,1613.0
2017-01-08,7108.0,5905.0,1675.0,2539.0,22982.0,,5761.0,5410.0,3391.0,9527.0,6521.0,4116.0,2483.0,3062.0,5548.0,1534.0,1767.0,2540.0,1712.0
2017-01-09,7755.0,6593.0,1680.0,2631.0,25910.0,,5397.0,5743.0,3678.0,10084.0,7209.0,4644.0,2498.0,3385.0,5855.0,1675.0,927.0,2430.0,1883.0
2017-01-10,7805.0,6954.0,1814.0,2868.0,25570.0,,4884.0,5944.0,3514.0,12049.0,7074.0,4783.0,2445.0,3848.0,5976.0,1763.0,903.0,2526.0,1852.0
2017-01-11,9644.0,7026.0,1612.0,4345.0,25144.0,,4596.0,5675.0,3399.0,10017.0,7137.0,5156.0,2469.0,4075.0,6317.0,1718.0,849.0,2513.0,1833.0
2017-01-12,7713.0,6744.0,1616.0,2815.0,28030.0,,4603.0,5573.0,3610.0,10387.0,6890.0,4728.0,4060.0,4079.0,6253.0,1810.0,711.0,2320.0,1818.0
2017-01-13,7598.0,8654.0,1627.0,2676.0,20608.0,,6407.0,5376.0,3343.0,9686.0,6442.0,4361.0,2532.0,3639.0,6091.0,1535.0,1235.0,2156.0,1606.0
2017-01-14,6437.0,5909.0,1436.0,2504.0,24535.0,,5370.0,4938.0,4033.0,8415.0,5881.0,3819.0,2206.0,2913.0,5181.0,1408.0,783.0,2137.0,1888.0
2017-01-15,7151.0,6452.0,1771.0,2700.0,25020.0,,5375.0,5473.0,3741.0,9206.0,6735.0,4688.0,2556.0,3628.0,5962.0,3353.0,869.0,2426.0,1876.0
2017-01-16,7586.0,7052.0,1640.0,2818.0,22386.0,,4931.0,5326.0,3934.0,10136.0,6748.0,6899.0,2611.0,3852.0,6351.0,1970.0,1042.0,2658.0,1920.0
2017-01-17,8065.0,7234.0,1584.0,2768.0,23086.0,,4696.0,5750.0,4634.0,10763.0,7628.0,4627.0,2695.0,4137.0,6654.0,1628.0,1193.0,2355.0,1917.0
2017-01-18,7486.0,7102.0,1583.0,2925.0,21386.0,,4403.0,5883.0,3981.0,10604.0,7080.0,4832.0,2709.0,4712.0,6889.0,1660.0,1811.0,2579.0,1763.0
2017-01-19,7962.0,6957.0,1477.0,2783.0,19460.0,,4425.0,5653.0,3645.0,10657.0,7081.0,4970.0,2670.0,5771.0,6784.0,1481.0,915.0,2301.0,1759.0
2017-01-20,7220.0,6512.0,1452.0,2546.0,16648.0,,5254.0,5005.0,3981.0,11258.0,6662.0,4396.0,2316.0,4359.0,6258.0,1483.0,756.0,123927.0,1520.0
2017-01-21,6311.0,8289.0,1275.0,2202.0,21091.0,,8413.0,4486.0,3218.0,8719.0,5812.0,3746.0,2239.0,3158.0,5576.0,1275.0,699.0,8491.0,1382.0
2017-01-22,7238.0,6587.0,1566.0,2556.0,24756.0,,4905.0,5284.0,3507.0,9334.0,6897.0,6501.0,2533.0,3545.0,6252.0,1623.0,1170.0,4439.0,1721.0
2017-01-23,7698.0,7406.0,1630.0,2889.0,23436.0,,4613.0,6090.0,3921.0,10371.0,7217.0,5489.0,2714.0,4311.0,7058.0,1683.0,808.0,3748.0,2104.0
2017-01-24,8194.0,7487.0,1570.0,2746.0,20296.0,,4469.0,6308.0,4012.0,11548.0,7333.0,5425.0,2823.0,4548.0,7748.0,1784.0,1363.0,3114.0,1709.0
2017-01-25,7893.0,7520.0,1557.0,2868.0,19119.0,,4121.0,6058.0,3959.0,10832.0,7341.0,5464.0,2813.0,4936.0,7952.0,2780.0,928.0,3063.0,1665.0
2017-01-26,11743.0,7232.0,1610.0,2705.0,20457.0,,4303.0,6171.0,4356.0,11024.0,7480.0,5802.0,3009.0,4717.0,8335.0,1937.0,905.0,3166.0,1696.0
2017-01-27,7610.0,6688.0,1327.0,2488.0,19484.0,,6808.0,6409.0,4199.0,9944.0,6744.0,5543.0,2608.0,3732.0,7070.0,1977.0,636.0,2414.0,1548.0
2017-01-28,6463.0,6030.0,1268.0,2302.0,16798.0,,4794.0,5452.0,3554.0,10376.0,6035.0,4747.0,2281.0,3447.0,6345.0,1619.0,870.0,2074.0,1306.0
2017-01-29,7437.0,7013.0,1469.0,2636.0,17869.0,,4601.0,5736.0,3980.0,9434.0,6792.0,4817.0,2757.0,4011.0,7302.0,2063.0,813.0,2367.0,1655.0
2017-01-30,8004.0,7789.0,1884.0,2763.0,15880.0,,5030.0,6246.0,3963.0,10796.0,11341.0,5406.0,2801.0,4500.0,9271.0,3064.0,919.0,2923.0,1673.0
2017-01-31,8140.0,7636.0,1716.0,2787.0,15463.0,,4291.0,6211.0,3890.0,10866.0,8233.0,5350.0,2840.0,4915.0,8975.0,1952.0,971.0,2483.0,1673.0
2017-02-01,8163.0,7813.0,1647.0,2738.0,17619.0,,4787.0,5689.0,3793.0,10735.0,7670.0,5312.0,3014.0,4907.0,9161.0,1603.0,679.0,2541.0,1794.0
2017-02-02,8220.0,7822.0,1496.0,2784.0,19591.0,,4211.0,5832.0,3847.0,12904.0,7454.0,5554.0,2936.0,5220.0,8864.0,1560.0,713.0,2250.0,1669.0
2017-02-03,7968.0,6751.0,1855.0,2721.0,15949.0,,5332.0,5389.0,3841.0,9680.0,7043.0,4990.0,2540.0,4033.0,7333.0,1504.0,1554.0,2126.0,1460.0
2017-02-04,6755.0,6141.0,1314.0,2489.0,20985.0,,4871.0,4668.0,4122.0,8694.0,6396.0,4086.0,3205.0,3345.0,6424.0,1312.0,891.0,1909.0,1327.0
2017-02-05,8314.0,6919.0,1603.0,2915.0,28041.0,,9538.0,5231.0,3615.0,9470.0,6761.0,4624.0,2787.0,3804.0,7691.0,1644.0,972.0,3919.0,1628.0
2017-02-06,8582.0,7916.0,1677.0,2818.0,21006.0,,4366.0,5973.0,3603.0,10440.0,7421.0,4925.0,3052.0,5025.0,8963.0,1614.0,980.0,2613.0,1639.0
2017-02-07,8936.0,7452.0,1503.0,2993.0,18870.0,,4704.0,6074.0,3753.0,11127.0,7480.0,4984.0,3144.0,5065.0,9754.0,1750.0,785.0,2505.0,1619.0
2017-02-08,8441.0,7752.0,1474.0,3009.0,18916.0,,4372.0,5661.0,3640.0,11382.0,7466.0,5212.0,3006.0,5395.0,10519.0,1439.0,893.0,2386.0,1683.0
2017-02-09,8426.0,7847.0,1341.0,2926.0,17249.0,,5161.0,5789.0,3502.0,12814.0,7473.0,5166.0,2926.0,5385.0,10627.0,1348.0,974.0,2375.0,1603.0
2017-02-10,7565.0,6839.0,1489.0,2801.0,16650.0,,12208.0,5152.0,3299.0,9729.0,6803.0,4715.0,2715.0,4401.0,8443.0,1316.0,711.0,2145.0,1388.0
2017-02-11,6687.0,6337.0,1175.0,2282.0,20651.0,,5713.0,4670.0,3009.0,8860.0,5844.0,4165.0,2477.0,3562.0,7391.0,1209.0,620.0,1747.0,1287.0
2017-02-12,8489.0,7455.0,1520.0,2721.0,18991.0,,5263.0,5651.0,3269.0,10324.0,6731.0,4758.0,3367.0,6379.0,9147.0,1444.0,939.0,2153.0,1690.0
2017-02-13,8809.0,7829.0,1530.0,3452.0,17128.0,,4671.0,5672.0,4404.0,10610.0,7443.0,5437.0,3436.0,4832.0,10224.0,1588.0,850.0,2308.0,1789.0
2017-02-14,7780.0,7391.0,1417.0,2682.0,22861.0,,4042.0,5230.0,4173.0,10988.0,6969.0,4776.0,3868.0,4626.0,10120.0,1344.0,830.0,2454.0,1764.0
2017-02-15,7818.0,7379.0,1475.0,2738.0,22548.0,,4008.0,5527.0,3838.0,10453.0,7429.0,4855.0,2832.0,4961.0,10599.0,2104.0,709.0,2403.0,1577.0
2017-02-16,8199.0,7614.0,1293.0,2889.0,17130.0,,4198.0,5359.0,3692.0,10816.0,7768.0,5151.0,2977.0,4996.0,10566.0,1420.0,808.0,2128.0,1363.0
2017-02-17,7403.0,7194.0,1257.0,2502.0,15122.0,,5079.0,5803.0,3485.0,10201.0,6950.0,4943.0,2631.0,4387.0,9199.0,1334.0,762.0,2098.0,1341.0
2017-02-18,7074.0,6358.0,1253.0,2559.0,15201.0,,4811.0,4978.0,3120.0,8606.0,5964.0,4276.0,2538.0,3561.0,7687.0,1193.0,623.0,1805.0,1359.0
2017-02-19,7731.0,7521.0,1488.0,2740.0,23029.0,,4608.0,5895.0,3371.0,11718.0,7023.0,4858.0,3127.0,4215.0,9091.0,1598.0,863.0,2437.0,1661.0
2017-02-20,10170.0,8143.0,1430.0,3012.0,23294.0,,4462.0,6973.0,3565.0,10829.0,7242.0,5487.0,3135.0,5197.0,10339.0,1512.0,810.0,2522.0,1908.0
2017-02-21,8559.0,8409.0,1574.0,3006.0,20400.0,,4377.0,6015.0,3752.0,10988.0,7444.0,5402.0,3091.0,5202.0,10919.0,1434.0,808.0,2461.0,1627.0
2017-02-22,8173.0,8860.0,1575.0,2920.0,20320.0,,4058.0,6167.0,3635.0,11092.0,7159.0,5322.0,3033.0,5457.0,10680.0,1456.0,786.0,2452.0,1615.0
2017-02-23,8430.0,8177.0,1593.0,2754.0,17056.0,,6572.0,5843.0,3426.0,10707.0,6968.0,5157.0,2775.0,7900.0,9572.0,1614.0,797.0,2406.0,1426.0
2017-02-24,8083.0,6640.0,1272.0,2565.0,14081.0,,4704.0,5840.0,3457.0,10140.0,6332.0,4489.0,2398.0,3808.0,7723.0,1446.0,566.0,2060.0,1484.0
2017-02-25,6730.0,6101.0,1250.0,2376.0,13787.0,,3757.0,4631.0,3603.0,8836.0,5703.0,4250.0,2229.0,3519.0,7170.0,1517.0,560.0,1973.0,1237.0
2017-02-26,7584.0,6446.0,1425.0,2559.0,25692.0,,4419.0,5222.0,3498.0,9742.0,6264.0,4807.0,3424.0,4511.0,8350.0,1598.0,622.0,2067.0,1545.0
2017-02-27,8995.0,7123.0,1294.0,3016.0,21778.0,,4078.0,6287.0,3739.0,10583.0,7202.0,5122.0,2746.0,4180.0,8764.0,1534.0,623.0,2056.0,1456.0
2017-02-28,8143.0,7469.0,1386.0,2777.0,16440.0,,3838.0,6020.0,3511.0,11057.0,7159.0,5169.0,3032.0,4791.0,9469.0,1458.0,665.0,2419.0,1554.0
2017-03-01,8099.0,7664.0,1367.0,2789.0,21596.0,,3853.0,5690.0,3447.0,12559.0,6909.0,4961.0,2905.0,4981.0,9577.0,1587.0,1290.0,2359.0,1626.0
2017-03-02,8477.0,7254.0,1235.0,2721.0,22544.0,,4639.0,5761.0,3576.0,11509.0,6962.0,5071.0,2763.0,4968.0,9343.0,1344.0,1381.0,2119.0,1563.0
2017-03-03,7460.0,6295.0,1252.0,2519.0,16273.0,,3795.0,5011.0,3442.0,9802.0,6555.0,4567.0,2526.0,4027.0,7833.0,1348.0,1331.0,1961.0,1411.0
2017-03-04,6971.0,5757.0,1024.0,2377.0,23932.0,,3643.0,4592.0,2990.0,8424.0,5691.0,3599.0,2386.0,3348.0,6583.0,1343.0,882.0,1570.0,1127.0
2017-03-05,7801.0,6506.0,1289.0,2832.0,27239.0,,4109.0,5012.0,3353.0,9343.0,6280.0,4393.0,2540.0,4022.0,8071.0,1496.0,1013.0,2085.0,1512.0
2017-03-06,8258.0,7510.0,1713.0,2797.0,19914.0,,4075.0,5871.0,3743.0,10590.0,7754.0,4879.0,2856.0,4784.0,9476.0,1433.0,878.0,2198.0,1493.0
2017-03-07,7990.0,8509.0,1408.0,2856.0,19696.0,,4066.0,5975.0,3603.0,10957.0,7170.0,5411.0,3136.0,5036.0,9952.0,1344.0,920.0,2285.0,1388.0
2017-03-08,8732.0,8257.0,1668.0,2749.0,31638.0,,3930.0,5504.0,3585.0,10818.0,6861.0,5035.0,3215.0,4714.0,9621.0,1344.0,1026.0,2284.0,1726.0
2017-03-09,8284.0,8534.0,1381.0,2759.0,36630.0,,3821.0,5826.0,3554.0,10749.0,6738.0,5093.0,3222.0,4956.0,9198.0,1359.0,898.0,2174.0,1494.0
2017-03-10,7357.0,7729.0,1231.0,2565.0,23449.0,,3730.0,5270.0,3175.0,9964.0,6613.0,4978.0,2862.0,4347.0,7873.0,1199.0,724.0,1895.0,1357.0
2017-03-11,6466.0,6615.0,1028.0,2428.0,20307.0,,3605.0,4686.0,2647.0,9104.0,6502.0,4080.0,2323.0,3626.0,6783.0,968.0,581.0,1501.0,1057.0
2017-03-12,7677.0,8099.0,1421.0,2622.0,22942.0,,5164.0,5170.0,3064.0,10002.0,7114.0,4540.0,2915.0,4236.0,8577.0,1243.0,2133.0,2066.0,1552.0
2017-03-13,8118.0,9942.0,1357.0,3059.0,20161.0,,4061.0,5608.0,3538.0,11173.0,7400.0,5762.0,3609.0,4994.0,10030.0,1367.0,746.0,2290.0,1600.0
2017-03-14,8064.0,10688.0,1299.0,2795.0,18370.0,,3836.0,5843.0,3511.0,11011.0,7185.0,5937.0,3754.0,5349.0,10132.0,1323.0,780.0,2265.0,1536.0
2017-03-15,8008.0,10447.0,1406.0,2710.0,17867.0,,4195.0,5458.0,3407.0,10710.0,6894.0,5591.0,3969.0,5747.0,10454.0,1354.0,721.0,2224.0,1520.0
2017-03-16,7859.0,10123.0,1184.0,2689.0,16460.0,,4193.0,5469.0,3751.0,10569.0,6797.0,5469.0,3658.0,5677.0,9547.0,1232.0,613.0,2149.0,1308.0
2017-03-17,7579.0,8303.0,1253.0,2746.0,15903.0,,4265.0,5008.0,3298.0,11384.0,6364.0,4662.0,3115.0,4282.0,7550.0,1190.0,861.0,2273.0,1362.0
2017-03-18,6772.0,6644.0,1154.0,2414.0,16111.0,,3853.0,4267.0,2621.0,8156.0,5374.0,4019.0,2372.0,3232.0,6070.0,1052.0,679.0,1977.0,1260.0
2017-03-19,7328.0,7801.0,1414.0,2458.0,29386.0,,4546.0,5254.0,3162.0,9405.0,6387.0,4626.0,2901.0,3653.0,6776.0,1652.0,761.0,2618.0,1710.0
2017-03-20,8404.0,9995.0,1456.0,2795.0,33041.0,,4245.0,7065.0,3579.0,11083.0,7154.0,5495.0,3692.0,4685.0,8675.0,1543.0,711.0,2452.0,1565.0
2017-03-21,8276.0,10703.0,1475.0,2690.0,24055.0,,3863.0,5752.0,3423.0,10949.0,6902.0,5979.0,4006.0,5321.0,9774.0,1670.0,691.0,2370.0,1652.0
2017-03-22,8046.0,10710.0,1345.0,2698.0,20867.0,,11984.0,5987.0,3506.0,11362.0,7305.0,6473.0,3991.0,5818.0,9937.0,1363.0,632.0,2399.0,3134.0
2017-03-23,8514.0,10419.0,1391.0,2733.0,20560.0,,4055.0,5779.0,4089.0,10764.0,7532.0,6405.0,3987.0,5770.0,10409.0,1355.0,725.0,2385.0,1492.0
2017-03-24,10770.0,8692.0,1282.0,2433.0,26046.0,,3603.0,5491.0,4580.0,11293.0,6966.0,5268.0,3749.0,5134.0,8331.0,1057.0,660.0,2022.0,1195.0
2017-03-25,6507.0,7545.0,1075.0,2045.0,21700.0,,3221.0,4347.0,3619.0,8136.0,5853.0,4243.0,2596.0,3741.0,6704.0,909.0,586.0,1596.0,1160.0
2017-03-26,7412.0,9347.0,1460.0,2425.0,25988.0,,4366.0,4717.0,3400.0,9108.0,6292.0,5357.0,3172.0,4603.0,8069.0,1221.0,734.0,2009.0,1295.0
2017-03-27,8372.0,11361.0,1379.0,2723.0,19917.0,,4176.0,5703.0,3827.0,10575.0,6707.0,5944.0,3788.0,5535.0,9569.0,1360.0,646.0,2184.0,1395.0
2017-03-28,10761.0,12633.0,1429.0,3365.0,26422.0,,3614.0,5700.0,3775.0,12145.0,8964.0,6227.0,4247.0,5996.0,10413.0,1233.0,619.0,2181.0,1312.0
2017-03-29,11280.0,12068.0,1530.0,2677.0,31038.0,,3489.0,5688.0,4613.0,12891.0,7117.0,6161.0,5563.0,6925.0,10730.0,1365.0,916.0,2173.0,1375.0
2017-03-30,10757.0,11290.0,1409.0,3728.0,21872.0,,3555.0,5724.0,5085.0,11185.0,7338.0,5800.0,3984.0,5740.0,9689.0,1176.0,693.0,2343.0,1350.0
2017-03-31,7397.0,8637.0,1626.0,2567.0,17539.0,,3148.0,4825.0,3251.0,9463.0,6582.0,4644.0,2994.0,4404.0,7731.0,1322.0,850.0,2275.0,1500.0
2017-04-01,6530.0,7077.0,1190.0,2844.0,15962.0,,3690.0,4430.0,4514.0,8339.0,6971.0,4101.0,3194.0,3769.0,7277.0,932.0,783.0,1642.0,1943.0
2017-04-02,7487.0,9942.0,1771.0,2395.0,19053.0,,4500.0,5019.0,4496.0,9031.0,11276.0,5037.0,3757.0,4098.0,9308.0,1394.0,1008.0,2010.0,5097.0
2017-04-03,8106.0,10968.0,1992.0,2694.0,18392.0,,3850.0,5571.0,4485.0,9969.0,10657.0,5876.0,3734.0,5414.0,10348.0,1376.0,763.0,2239.0,3238.0
2017-04-04,7753.0,10418.0,1409.0,3249.0,17317.0,,4482.0,5538.0,3797.0,9937.0,8153.0,5393.0,3817.0,5354.0,9794.0,1254.0,675.0,1972.0,1953.0
2017-04-05,7325.0,9669.0,1275.0,2424.0,25395.0,,3178.0,5300.0,3423.0,9710.0,7268.0,5428.0,3586.0,5559.0,9560.0,1172.0,650.0,1899.0,1542.0
2017-04-06,7325.0,9999.0,1932.0,2461.0,23302.0,,3573.0,5216.0,3322.0,9576.0,6970.0,5214.0,3420.0,4998.0,8635.0,1255.0,681.0,2064.0,1488.0
2017-04-07,8452.0,9294.0,1257.0,2286.0,16043.0,,3145.0,4612.0,3625.0,9091.0,6082.0,5232.0,3215.0,4976.0,8095.0,1010.0,500.0,1476.0,1162.0
2017-04-08,5784.0,6403.0,1022.0,1915.0,18451.0,,3191.0,4147.0,3494.0,7920.0,4998.0,3744.0,2084.0,3090.0,5411.0,819.0,497.0,1381.0,1059.0
2017-04-09,6890.0,8614.0,1164.0,2072.0,15509.0,,5161.0,4117.0,3406.0,8231.0,5616.0,4208.0,2486.0,3461.0,5594.0,910.0,570.0,1345.0,1132.0
2017-04-10,7096.0,9037.0,1105.0,2474.0,15411.0,,3533.0,4966.0,3781.0,9616.0,6239.0,4927.0,4258.0,3973.0,6512.0,966.0,678.0,1597.0,1100.0
2017-04-11,7706.0,8830.0,1383.0,2366.0,26521.0,,3351.0,4965.0,3604.0,9582.0,6355.0,4608.0,3603.0,3908.0,6519.0,1123.0,913.0,1665.0,1196.0
2017-04-12,7224.0,10944.0,1299.0,2463.0,27833.0,,3220.0,4935.0,3403.0,9098.0,6169.0,4325.0,2859.0,3503.0,6120.0,1335.0,678.0,1555.0,1165.0
2017-04-13,6765.0,6220.0,986.0,2307.0,25281.0,,2953.0,4802.0,3243.0,10795.0,6037.0,4012.0,2591.0,3263.0,5541.0,905.0,577.0,1403.0,1335.0
2017-04-14,6021.0,7276.0,1102.0,2185.0,16349.0,,2881.0,4315.0,3185.0,8543.0,5603.0,3871.0,2558.0,3267.0,5906.0,1015.0,573.0,1553.0,1436.0
2017-04-15,6034.0,7766.0,986.0,2193.0,27166.0,,2984.0,4255.0,2964.0,7769.0,5394.0,4144.0,2699.0,3359.0,6728.0,938.0,585.0,1422.0,1153.0
2017-04-16,6748.0,8527.0,1230.0,2289.0,25367.0,,4438.0,4977.0,3330.0,8754.0,8383.0,4955.0,3173.0,3859.0,7855.0,1245.0,670.0,1709.0,1294.0
2017-04-17,7708.0,10355.0,1264.0,2689.0,19660.0,,3693.0,5477.0,3844.0,9524.0,7791.0,6958.0,3558.0,4735.0,9691.0,1115.0,667.0,1769.0,1466.0
2017-04-18,8174.0,11318.0,1474.0,2580.0,31361.0,,3714.0,5647.0,3572.0,10278.0,7586.0,5556.0,3844.0,6232.0,10519.0,1260.0,596.0,2271.0,1256.0
2017-04-19,8135.0,12072.0,1382.0,2616.0,48483.0,,3231.0,5781.0,3574.0,10341.0,7699.0,7714.0,4206.0,6660.0,11251.0,1169.0,729.0,2388.0,1635.0
2017-04-20,7817.0,10924.0,1391.0,2533.0,28111.0,,2993.0,5476.0,3599.0,10192.0,7670.0,5851.0,3901.0,5909.0,9928.0,1339.0,656.0,2041.0,1694.0
2017-04-21,7470.0,8664.0,1224.0,2414.0,20286.0,,2982.0,5144.0,3404.0,9757.0,6744.0,4795.0,3116.0,4368.0,7908.0,1135.0,668.0,2185.0,1417.0
2017-04-22,6521.0,7272.0,1107.0,2023.0,19864.0,,3132.0,5075.0,2913.0,8681.0,5792.0,4158.0,2678.0,3742.0,6866.0,982.0,812.0,1752.0,1211.0
2017-04-23,7506.0,8992.0,1389.0,2458.0,102023.0,,3751.0,4859.0,3227.0,9251.0,6443.0,4963.0,3254.0,4506.0,8265.0,1367.0,717.0,2741.0,1314.0
2017-04-24,8450.0,10988.0,1345.0,2547.0,131914.0,,3405.0,5694.0,3788.0,12526.0,7728.0,6277.0,4267.0,6051.0,9880.0,1338.0,710.0,2306.0,1438.0
2017-04-25,8270.0,11487.0,1539.0,2665.0,60677.0,,3415.0,6262.0,3629.0,10731.0,7110.0,6419.0,4147.0,6299.0,9857.0,1477.0,728.0,2581.0,1682.0
2017-04-26,7899.0,10930.0,1343.0,2616.0,55648.0,,4501.0,5258.0,3487.0,10702.0,8728.0,5796.0,4110.0,5945.0,9416.0,1407.0,659.0,2481.0,1297.0
2017-04-27,8964.0,10768.0,1377.0,2657.0,45810.0,,3118.0,5465.0,3392.0,10782.0,6633.0,5553.0,4004.0,5806.0,9200.0,1256.0,774.0,2183.0,1496.0
2017-04-28,7729.0,8287.0,1288.0,2673.0,28360.0,,2578.0,4719.0,3072.0,9731.0,6363.0,4653.0,2927.0,4597.0,7063.0,1004.0,537.0,1891.0,1266.0
2017-04-29,6165.0,6372.0,1119.0,2101.0,37818.0,,2632.0,4075.0,2685.0,8565.0,5136.0,3608.0,2871.0,4226.0,5703.0,876.0,509.0,2460.0,1033.0
2017-04-30,6689.0,6791.0,1210.0,2236.0,31033.0,,3608.0,4635.0,2816.0,8831.0,5721.0,3826.0,2410.0,3591.0,5993.0,906.0,528.0,1627.0,1221.0
2017-05-01,8055.0,9269.0,1477.0,2568.0,27422.0,,3602.0,5279.0,3305.0,9700.0,7395.0,5136.0,3264.0,4523.0,8502.0,1255.0,611.0,2217.0,1500.0
2017-05-02,8295.0,10376.0,1616.0,2603.0,48640.0,,3252.0,5227.0,3538.0,10754.0,7430.0,5417.0,3807.0,5337.0,9091.0,1309.0,706.0,2554.0,1742.0
2017-05-03,8137.0,10722.0,1574.0,2573.0,56923.0,,2978.0,5236.0,3484.0,10495.0,7493.0,5676.0,3632.0,5979.0,9713.0,1437.0,1068.0,2523.0,1809.0
2017-05-04,7994.0,10182.0,1338.0,2526.0,31227.0,,3512.0,5448.0,3327.0,10365.0,6659.0,5573.0,3507.0,5524.0,9153.0,1238.0,1075.0,2293.0,1672.0
2017-05-05,9414.0,8461.0,1258.0,2430.0,24852.0,,6245.0,4916.0,3055.0,9391.0,6511.0,4754.0,3090.0,4722.0,7775.0,1046.0,660.0,1922.0,1329.0
2017-05-06,6740.0,6776.0,965.0,2095.0,37410.0,,3558.0,3941.0,2741.0,8566.0,5740.0,3997.0,2312.0,3750.0,6523.0,962.0,612.0,1550.0,1113.0
2017-05-07,7254.0,9437.0,1271.0,2318.0,31144.0,,3186.0,4313.0,3063.0,8778.0,6165.0,5014.0,2950.0,4650.0,8185.0,1198.0,761.0,1995.0,1386.0
2017-05-08,9407.0,10518.0,1381.0,2660.0,24438.0,,3208.0,5669.0,4503.0,12166.0,7272.0,5727.0,3503.0,5593.0,9799.0,1413.0,999.0,2469.0,1507.0
2017-05-09,8032.0,10750.0,2037.0,2661.0,27687.0,,2982.0,5594.0,3386.0,10978.0,6849.0,5624.0,3507.0,5775.0,9481.0,1256.0,617.0,2204.0,1444.0
2017-05-10,8005.0,10248.0,1569.0,2485.0,27678.0,,3123.0,5188.0,3188.0,10323.0,6771.0,5649.0,3798.0,5110.0,8535.0,1131.0,660.0,2062.0,1522.0
2017-05-11,8811.0,11175.0,1312.0,2724.0,24009.0,,3462.0,5604.0,3453.0,10437.0,6764.0,5663.0,3475.0,5292.0,8410.0,1190.0,623.0,2092.0,1391.0
2017-05-12,7239.0,8643.0,1279.0,2258.0,20449.0,,2765.0,4938.0,3204.0,9509.0,6260.0,5121.0,2935.0,4496.0,7021.0,1176.0,557.0,1866.0,1189.0
2017-05-13,6507.0,6887.0,1028.0,2092.0,18701.0,,2777.0,3945.0,3759.0,9011.0,5568.0,3856.0,2493.0,3427.0,5887.0,863.0,530.0,1551.0,1094.0
2017-05-14,6893.0,8424.0,1831.0,2166.0,27872.0,,2959.0,4424.0,2894.0,8456.0,5893.0,4480.0,2847.0,3724.0,6263.0,1060.0,618.0,1828.0,1243.0
2017-05-15,8190.0,10060.0,1331.0,2633.0,29517.0,,3733.0,5353.0,3395.0,10585.0,7263.0,5712.0,3401.0,4830.0,8183.0,1189.0,558.0,2128.0,1303.0
2017-05-16,7961.0,10780.0,1416.0,2569.0,22145.0,,3235.0,5416.0,3308.0,12564.0,7217.0,5753.0,3676.0,5564.0,8536.0,1159.0,592.0,2305.0,1353.0
2017-05-17,8437.0,10330.0,1305.0,2470.0,26655.0,,3646.0,5608.0,3487.0,10563.0,7113.0,5681.0,3788.0,5686.0,8587.0,1073.0,582.0,2117.0,1278.0
2017-05-18,8073.0,10625.0,1580.0,2458.0,28760.0,,2905.0,5225.0,3334.0,10690.0,10759.0,5347.0,3786.0,6339.0,8358.0,1095.0,950.0,2202.0,1364.0
2017-05-19,7210.0,8328.0,1198.0,11229.0,19605.0,,3020.0,4563.0,3034.0,9834.0,7303.0,4646.0,2932.0,5329.0,7160.0,1044.0,652.0,2488.0,1297.0
2017-05-20,6178.0,7135.0,1061.0,2048.0,18738.0,,3118.0,4043.0,3613.0,9144.0,5200.0,4033.0,2360.0,3921.0,5917.0,1082.0,513.0,1675.0,936.0
2017-05-21,7459.0,8894.0,1231.0,2387.0,36141.0,,3597.0,4454.0,3090.0,9004.0,6698.0,5091.0,3841.0,4764.0,7079.0,1142.0,600.0,1980.0,1285.0
2017-05-22,10081.0,10188.0,1335.0,2550.0,35724.0,,4755.0,5430.0,3229.0,10467.0,7185.0,5897.0,3305.0,5518.0,8407.0,1195.0,597.0,2281.0,1332.0
2017-05-23,8724.0,9940.0,1401.0,2505.0,22941.0,,2775.0,5140.0,3101.0,11910.0,6885.0,5629.0,3632.0,5638.0,8355.0,1125.0,521.0,2026.0,1265.0
2017-05-24,10125.0,9087.0,1231.0,2810.0,28505.0,,2903.0,4947.0,3368.0,11992.0,6715.0,5561.0,3726.0,5742.0,8594.0,1076.0,626.0,2012.0,1272.0
2017-05-25,8549.0,10576.0,1090.0,3128.0,23544.0,,2772.0,4804.0,3241.0,9427.0,6864.0,5292.0,3576.0,5085.0,7649.0,960.0,526.0,2638.0,1108.0
2017-05-26,10557.0,8217.0,1024.0,2304.0,19616.0,,2596.0,4687.0,2903.0,8568.0,5595.0,4468.0,2712.0,4009.0,6590.0,783.0,510.0,1621.0,1484.0
2017-05-27,6488.0,6953.0,1170.0,1970.0,26838.0,,2489.0,4249.0,2989.0,7909.0,4925.0,4019.0,2419.0,3457.0,5614.0,855.0,488.0,1589.0,1065.0
2017-05-28,6987.0,8389.0,1110.0,2158.0,31501.0,,3789.0,4410.0,3378.0,8466.0,5505.0,4894.0,3096.0,4201.0,6614.0,1127.0,493.0,1739.0,1217.0
2017-05-29,7450.0,9971.0,1359.0,2545.0,26765.0,,3952.0,4913.0,3381.0,11423.0,5978.0,5788.0,3591.0,5235.0,7839.0,1216.0,543.0,2292.0,1461.0
2017-05-30,8234.0,10409.0,2393.0,2482.0,23379.0,,2861.0,5167.0,3155.0,11990.0,8695.0,5714.0,3903.0,5421.0,8224.0,1457.0,751.0,3446.0,1724.0
2017-05-31,10837.0,10701.0,3789.0,2771.0,21687.0,,2777.0,5933.0,4138.0,12557.0,6548.0,5801.0,3669.0,5278.0,8020.0,1517.0,609.0,2166.0,1361.0
2017-06-01,7442.0,10173.0,1236.0,2314.0,21593.0,,2601.0,5325.0,3208.0,11544.0,5855.0,5443.0,3464.0,4905.0,7917.0,1130.0,583.0,2006.0,1229.0
2017-06-02,8920.0,8682.0,1206.0,2348.0,21789.0,,2532.0,5614.0,4005.0,8547.0,7542.0,4921.0,2856.0,4547.0,7282.0,848.0,472.0,1626.0,1133.0
2017-06-03,6984.0,6574.0,1122.0,2161.0,76872.0,,2554.0,4151.0,2757.0,10255.0,5031.0,4931.0,2359.0,3399.0,5286.0,812.0,508.0,1612.0,990.0
2017-06-04,8652.0,7752.0,1147.0,2653.0,74825.0,,3012.0,5283.0,3657.0,8354.0,5199.0,4694.0,3191.0,4133.0,6509.0,920.0,537.0,1716.0,1178.0
2017-06-05,7505.0,9300.0,1358.0,2507.0,43270.0,,3149.0,5049.0,3423.0,9466.0,6257.0,5548.0,3368.0,5022.0,8093.0,1047.0,760.0,2057.0,1372.0
2017-06-06,7267.0,9191.0,1258.0,2365.0,30640.0,,2813.0,4747.0,3219.0,9760.0,6110.0,5564.0,3433.0,5075.0,7964.0,1042.0,576.0,2103.0,1304.0
2017-06-07,6874.0,9384.0,1344.0,2350.0,25809.0,,2723.0,4548.0,3389.0,9577.0,6272.0,5634.0,3473.0,4963.0,9019.0,1139.0,703.0,2227.0,1432.0
2017-06-08,6716.0,9140.0,1439.0,2181.0,26799.0,,2472.0,4337.0,3131.0,9294.0,6009.0,5393.0,3636.0,5128.0,8160.0,1076.0,809.0,2050.0,1357.0
2017-06-09,8269.0,8234.0,1435.0,2097.0,31514.0,,2380.0,4230.0,2715.0,11411.0,5503.0,4733.0,2887.0,4575.0,6701.0,1374.0,576.0,1931.0,1124.0
2017-06-10,7239.0,6215.0,1368.0,2051.0,25668.0,,2528.0,4020.0,2584.0,7578.0,4946.0,3767.0,2308.0,3330.0,5516.0,952.0,524.0,1700.0,1046.0
2017-06-11,7117.0,7613.0,1266.0,2186.0,25507.0,,3185.0,4564.0,3081.0,8819.0,5591.0,5046.0,2805.0,3752.0,6407.0,1053.0,541.0,1919.0,1179.0
2017-06-12,7337.0,9536.0,1431.0,2395.0,24854.0,,3065.0,5985.0,3026.0,9310.0,5955.0,5770.0,3285.0,5051.0,7562.0,1494.0,675.0,2253.0,1537.0
2017-06-13,7587.0,9767.0,1450.0,2345.0,23324.0,,2580.0,5465.0,3015.0,9756.0,6028.0,5633.0,3392.0,4889.0,8092.0,1158.0,681.0,2106.0,1573.0
2017-06-14,6735.0,8940.0,1140.0,2078.0,18285.0,,2812.0,4791.0,2803.0,9098.0,5760.0,5329.0,3406.0,4767.0,7159.0,1346.0,607.0,1786.0,1314.0
2017-06-15,6838.0,8706.0,1239.0,2425.0,17104.0,,3163.0,4659.0,2766.0,8783.0,5648.0,4936.0,3108.0,4859.0,6669.0,1030.0,492.0,1743.0,1320.0
2017-06-16,6465.0,6974.0,1070.0,2121.0,21960.0,,3024.0,4236.0,2688.0,8364.0,5271.0,4311.0,2629.0,3748.0,5755.0,940.0,453.0,1521.0,1094.0
2017-06-17,6976.0,5980.0,953.0,2065.0,21396.0,,2872.0,4048.0,2565.0,8059.0,5254.0,3888.0,2136.0,3303.0,4848.0,833.0,456.0,1384.0,1015.0
2017-06-18,6891.0,6920.0,1575.0,2055.0,22315.0,,3644.0,6826.0,2946.0,7902.0,6793.0,5200.0,2310.0,3447.0,5547.0,3698.0,716.0,2137.0,1706.0
2017-06-19,7082.0,7922.0,1266.0,2266.0,18932.0,,4141.0,5214.0,2929.0,9106.0,6174.0,5397.0,2842.0,4120.0,6438.0,1518.0,586.0,2065.0,1302.0
2017-06-20,8750.0,8874.0,1631.0,2917.0,19153.0,,3327.0,4930.0,3003.0,9518.0,6088.0,5431.0,3017.0,4443.0,6563.0,1388.0,600.0,2240.0,1309.0
2017-06-21,7942.0,9112.0,1767.0,2684.0,19583.0,,3336.0,5901.0,2767.0,10661.0,7626.0,5356.0,2800.0,4628.0,6791.0,1422.0,570.0,2085.0,1192.0
2017-06-22,7214.0,8038.0,1985.0,2381.0,20728.0,,2864.0,8248.0,2840.0,8717.0,5669.0,6327.0,3024.0,4239.0,6467.0,13269.0,769.0,2257.0,1442.0
2017-06-23,6377.0,6950.0,1209.0,2079.0,35679.0,,2670.0,4992.0,2708.0,8383.0,5699.0,4463.0,2421.0,3476.0,5764.0,2357.0,605.0,1733.0,1235.0
2017-06-24,6277.0,6016.0,1193.0,1975.0,70633.0,,2794.0,4324.0,2391.0,7652.0,4951.0,4165.0,2203.0,2976.0,4928.0,1328.0,782.0,1675.0,1072.0
2017-06-25,6595.0,7189.0,1381.0,2061.0,30823.0,,3226.0,5785.0,2674.0,8153.0,5311.0,5325.0,2701.0,3332.0,5265.0,1660.0,879.0,2081.0,1451.0
2017-06-26,6740.0,8685.0,1401.0,2343.0,18661.0,,2903.0,5128.0,2710.0,10721.0,6970.0,5643.0,3064.0,4126.0,6457.0,1444.0,840.0,2139.0,1568.0
2017-06-27,6458.0,8370.0,1253.0,2225.0,16986.0,,2927.0,4902.0,2720.0,9578.0,6406.0,5323.0,3064.0,3996.0,6963.0,1516.0,552.0,2136.0,1667.0
2017-06-28,7357.0,8329.0,1991.0,2273.0,19377.0,,2930.0,12563.0,2988.0,9234.0,6635.0,7528.0,2948.0,4261.0,6852.0,15686.0,891.0,2796.0,1826.0
2017-06-29,6990.0,7832.0,1669.0,2372.0,22983.0,,2669.0,8399.0,2841.0,9307.0,5649.0,5891.0,2909.0,3848.0,6474.0,4097.0,621.0,2372.0,1460.0
2017-06-30,6772.0,6498.0,1291.0,2126.0,36132.0,,2579.0,5795.0,2550.0,7973.0,5167.0,4632.0,2267.0,3185.0,5631.0,1795.0,650.0,1767.0,1193.0
2017-07-01,6688.0,5506.0,1133.0,1983.0,86829.0,,2805.0,4754.0,2516.0,9595.0,4869.0,3798.0,2100.0,2505.0,4662.0,1833.0,693.0,1556.0,1267.0
2017-07-02,7503.0,6839.0,3218.0,2113.0,54270.0,,3952.0,16580.0,2995.0,9010.0,5538.0,7966.0,2609.0,3274.0,5074.0,31198.0,1397.0,3355.0,1739.0
2017-07-03,7249.0,7844.0,1537.0,2113.0,31671.0,,3081.0,6936.0,2851.0,9031.0,7291.0,5877.0,2640.0,3802.0,6134.0,4306.0,748.0,2224.0,1275.0
2017-07-04,6940.0,7866.0,1366.0,2137.0,25925.0,,2909.0,5453.0,2830.0,8962.0,7077.0,4756.0,2500.0,3754.0,6949.0,1991.0,611.0,2141.0,1253.0
2017-07-05,6840.0,8016.0,1435.0,2313.0,33031.0,,2702.0,4891.0,2818.0,8794.0,7229.0,4513.0,2563.0,3751.0,7527.0,1556.0,552.0,1895.0,1253.0
2017-07-06,7585.0,7509.0,1516.0,2343.0,23895.0,,2801.0,5099.0,2762.0,9387.0,6827.0,4289.0,2489.0,3473.0,7695.0,1370.0,531.0,1903.0,1227.0
2017-07-07,8432.0,6824.0,2170.0,2295.0,19855.0,,2646.0,4768.0,2754.0,9303.0,5184.0,3943.0,2409.0,3296.0,6852.0,1105.0,489.0,2098.0,1015.0
2017-07-08,8340.0,5878.0,1615.0,2180.0,18644.0,,2734.0,4352.0,3322.0,8668.0,5551.0,3518.0,2189.0,2796.0,5611.0,931.0,441.0,1646.0,1041.0
2017-07-09,9189.0,7682.0,1537.0,2285.0,21840.0,,3372.0,4765.0,2894.0,8569.0,5947.0,4090.0,2313.0,3009.0,6584.0,964.0,529.0,1651.0,1296.0
2017-07-10,7610.0,7663.0,1396.0,2403.0,19399.0,,2856.0,4959.0,3115.0,9454.0,6066.0,4321.0,2677.0,3444.0,7540.0,1094.0,624.0,1733.0,1299.0
2017-07-11,6862.0,7025.0,1254.0,2344.0,17226.0,,2915.0,4802.0,2798.0,9272.0,6087.0,4138.0,2578.0,3557.0,8060.0,1188.0,1321.0,1747.0,1722.0
2017-07-12,7272.0,8576.0,1212.0,2149.0,15695.0,,4638.0,4835.0,2993.0,9902.0,6273.0,4197.0,2638.0,4107.0,8305.0,1232.0,1063.0,5343.0,2161.0
2017-07-13,6899.0,6687.0,1097.0,2171.0,15515.0,,3259.0,4827.0,2811.0,9463.0,5835.0,4210.0,2708.0,3815.0,8117.0,962.0,653.0,1965.0,1727.0
2017-07-14,6474.0,5764.0,1030.0,2040.0,14805.0,,2799.0,4348.0,2797.0,8961.0,5513.0,3785.0,2381.0,3096.0,6756.0,1011.0,664.0,3161.0,1281.0
2017-07-15,6058.0,5187.0,983.0,1899.0,14198.0,,2744.0,4142.0,2878.0,8009.0,5244.0,3372.0,1979.0,2605.0,5621.0,860.0,864.0,1411.0,1788.0
2017-07-16,8308.0,5660.0,1162.0,2065.0,15143.0,,3271.0,5968.0,2733.0,10464.0,5584.0,3996.0,2295.0,2804.0,6656.0,2439.0,726.0,1625.0,1422.0
2017-07-17,6822.0,6230.0,1299.0,2178.0,14169.0,,3173.0,5169.0,2865.0,9161.0,5874.0,4121.0,2603.0,3429.0,8148.0,1581.0,891.0,1662.0,1457.0
2017-07-18,6944.0,6284.0,1139.0,2324.0,16293.0,,3819.0,4944.0,3061.0,9465.0,5941.0,4052.0,3020.0,3399.0,8442.0,1030.0,720.0,1545.0,1277.0
2017-07-19,6622.0,5811.0,1064.0,2368.0,15586.0,,3161.0,5068.0,3768.0,9279.0,6283.0,4093.0,3007.0,3255.0,8161.0,1078.0,1771.0,1572.0,1245.0
2017-07-20,6452.0,5621.0,1055.0,2016.0,15352.0,,2619.0,4589.0,4096.0,9368.0,9185.0,3898.0,3022.0,3097.0,10996.0,1429.0,1118.0,1622.0,1563.0
2017-07-21,7085.0,5507.0,911.0,2016.0,14893.0,,2600.0,4312.0,3232.0,11167.0,6296.0,3595.0,2509.0,3330.0,8032.0,922.0,825.0,1452.0,1201.0
2017-07-22,5893.0,5464.0,1029.0,1838.0,17414.0,,2699.0,3808.0,2884.0,9532.0,5536.0,3373.0,2172.0,3207.0,6396.0,1013.0,689.0,1405.0,1086.0
2017-07-23,6666.0,5877.0,1180.0,2117.0,17636.0,,3618.0,4517.0,3076.0,8050.0,5669.0,3632.0,2348.0,3051.0,7190.0,1056.0,615.0,1835.0,1437.0
2017-07-24,8690.0,6727.0,1235.0,2209.0,15380.0,,3042.0,5006.0,3232.0,8878.0,8165.0,4304.0,3053.0,3323.0,7732.0,1724.0,751.0,2129.0,1398.0
2017-07-25,6751.0,6808.0,1453.0,2430.0,15238.0,,2676.0,4627.0,2967.0,8469.0,6232.0,4116.0,3169.0,3524.0,8537.0,1248.0,568.0,2387.0,1321.0
2017-07-26,6556.0,7188.0,1258.0,2287.0,15354.0,,2771.0,4523.0,2900.0,10436.0,6188.0,4190.0,2969.0,3700.0,8682.0,1029.0,933.0,1757.0,1219.0
2017-07-27,6351.0,7106.0,1106.0,2843.0,18673.0,,2675.0,4559.0,2786.0,8301.0,5770.0,4302.0,3229.0,3542.0,8476.0,967.0,541.0,1551.0,1225.0
2017-07-28,6051.0,6051.0,1377.0,2094.0,16122.0,,3852.0,4645.0,2665.0,7728.0,5553.0,3878.0,2462.0,3246.0,6878.0,843.0,503.0,1433.0,1194.0
2017-07-29,5852.0,5604.0,980.0,1949.0,18114.0,,2952.0,4134.0,2308.0,7350.0,5306.0,3602.0,2265.0,2616.0,5789.0,883.0,538.0,1551.0,1233.0
2017-07-30,8657.0,7016.0,963.0,2162.0,28444.0,,6047.0,4137.0,3065.0,8021.0,6411.0,3963.0,2511.0,3137.0,6900.0,898.0,692.0,1819.0,1374.0
2017-07-31,6540.0,7930.0,1124.0,2165.0,16699.0,,3134.0,4455.0,2756.0,8411.0,6403.0,4859.0,3269.0,3765.0,8434.0,1012.0,679.0,1970.0,1592.0
2017-08-01,6815.0,7788.0,1041.0,2287.0,16138.0,,2892.0,4773.0,2886.0,8933.0,6106.0,4893.0,3383.0,3802.0,8639.0,964.0,623.0,1594.0,1363.0
2017-08-02,8857.0,7419.0,1109.0,2351.0,30681.0,,2986.0,5786.0,2823.0,11094.0,7759.0,4707.0,3076.0,3903.0,8561.0,1159.0,694.0,1773.0,1224.0
2017-08-03,6656.0,7393.0,1130.0,2226.0,34117.0,,2809.0,4937.0,3021.0,9240.0,6000.0,4773.0,2947.0,3982.0,8472.0,868.0,1669.0,1912.0,1208.0
2017-08-04,6454.0,6202.0,1020.0,2605.0,34392.0,,2701.0,4565.0,2758.0,8631.0,5615.0,3857.0,2609.0,3402.0,7111.0,857.0,1414.0,2022.0,1227.0
2017-08-05,5834.0,5412.0,905.0,1891.0,25951.0,,2573.0,4327.0,2767.0,7552.0,5528.0,3788.0,2226.0,2907.0,5702.0,867.0,783.0,2143.0,1200.0
2017-08-06,6137.0,6271.0,1057.0,1941.0,21333.0,,2990.0,4511.0,2635.0,8317.0,5887.0,4071.0,2511.0,3358.0,6400.0,983.0,891.0,2187.0,1418.0
2017-08-07,6398.0,7484.0,1035.0,2144.0,21884.0,,4895.0,4732.0,2726.0,8717.0,6395.0,4735.0,3394.0,4070.0,8588.0,978.0,768.0,1684.0,1629.0
2017-08-08,6467.0,7627.0,1068.0,2235.0,21478.0,,5127.0,4793.0,2635.0,8712.0,6087.0,4660.0,3094.0,3933.0,8469.0,1073.0,652.0,1877.0,1386.0
2017-08-09,6598.0,7967.0,1278.0,2212.0,18578.0,,5634.0,4766.0,2732.0,8396.0,5797.0,4647.0,3206.0,3968.0,9283.0,1007.0,800.0,1999.0,1241.0
2017-08-10,6067.0,7451.0,1141.0,2102.0,17499.0,,3464.0,4836.0,3736.0,8459.0,5967.0,4689.0,3045.0,4013.0,8870.0,1006.0,582.0,1751.0,1323.0
2017-08-11,5902.0,6692.0,1070.0,2125.0,16001.0,,3228.0,4464.0,2676.0,8500.0,5440.0,4153.0,2561.0,3323.0,7178.0,954.0,624.0,1551.0,1156.0
2017-08-12,5704.0,5903.0,1032.0,1962.0,15665.0,,2835.0,4393.0,2526.0,7167.0,5285.0,3527.0,2906.0,2891.0,6180.0,909.0,725.0,1635.0,1367.0
2017-08-13,6032.0,6990.0,1282.0,2054.0,26680.0,,3212.0,4426.0,2618.0,7867.0,5743.0,4015.0,2600.0,3090.0,7390.0,1003.0,639.0,1659.0,1418.0
2017-08-14,6121.0,8098.0,1042.0,2256.0,23485.0,,2850.0,4730.0,2980.0,8265.0,6130.0,4718.0,2960.0,3784.0,8393.0,927.0,576.0,1644.0,1322.0
2017-08-15,6259.0,8099.0,1039.0,2209.0,19837.0,,3213.0,4725.0,2884.0,8576.0,7906.0,4905.0,3887.0,4101.0,8805.0,1017.0,582.0,1674.0,1317.0
2017-08-16,6306.0,7448.0,1047.0,2207.0,23260.0,,2754.0,5180.0,3030.0,8559.0,5989.0,5258.0,3106.0,3867.0,8537.0,917.0,530.0,1547.0,1340.0
2017-08-17,6269.0,6899.0,1072.0,2077.0,23199.0,,3364.0,4724.0,3040.0,8518.0,5885.0,4808.0,3068.0,3828.0,7973.0,887.0,520.0,1529.0,1184.0
2017-08-18,8656.0,6042.0,991.0,1995.0,18644.0,,3406.0,4398.0,3455.0,10052.0,7533.0,4251.0,2510.0,3322.0,6765.0,844.0,529.0,1440.0,1053.0
2017-08-19,5616.0,5516.0,908.0,1906.0,16789.0,,3280.0,4009.0,2859.0,7228.0,4968.0,3818.0,2314.0,3508.0,5823.0,777.0,465.0,5172.0,1104.0
2017-08-20,6356.0,5779.0,1132.0,2346.0,24032.0,,3978.0,4384.0,3223.0,7911.0,5269.0,4446.0,2364.0,3007.0,5879.0,878.0,534.0,2502.0,1289.0
2017-08-21,9250.0,6895.0,1097.0,2312.0,22685.0,,3089.0,5015.0,2933.0,10409.0,5655.0,4877.0,2888.0,3384.0,7396.0,1100.0,572.0,1711.0,1369.0
2017-08-22,7631.0,7562.0,1173.0,2662.0,20204.0,,3288.0,6319.0,3003.0,8786.0,5871.0,5158.0,3343.0,4204.0,8433.0,1123.0,648.0,1762.0,1435.0
2017-08-23,6788.0,7758.0,1106.0,2315.0,19366.0,,3069.0,4818.0,2942.0,8562.0,5846.0,5111.0,3229.0,4127.0,8527.0,1009.0,620.0,1561.0,1429.0
2017-08-24,6566.0,7693.0,1009.0,2241.0,22313.0,,2769.0,4799.0,3074.0,8651.0,6079.0,4912.0,2945.0,4013.0,8891.0,1086.0,543.0,1709.0,1295.0
2017-08-25,6184.0,6701.0,939.0,2146.0,21119.0,,2758.0,4268.0,3505.0,8048.0,5990.0,4257.0,3425.0,3589.0,7126.0,908.0,687.0,1458.0,1121.0
2017-08-26,6023.0,5833.0,874.0,1858.0,26343.0,,2999.0,4041.0,2805.0,9457.0,5657.0,3798.0,2663.0,2835.0,6069.0,805.0,507.0,1409.0,1052.0
2017-08-27,6890.0,6637.0,945.0,1984.0,23039.0,,3615.0,4132.0,2791.0,7501.0,5541.0,4456.0,3705.0,3568.0,6990.0,844.0,561.0,1533.0,1168.0
2017-08-28,6654.0,7857.0,933.0,2097.0,17278.0,,2829.0,4639.0,3111.0,8249.0,6040.0,5078.0,3310.0,3911.0,7914.0,899.0,586.0,1541.0,1268.0
2017-08-29,6894.0,8134.0,1154.0,2210.0,16306.0,,2694.0,5428.0,3014.0,8617.0,5827.0,5392.0,3793.0,4561.0,8463.0,972.0,600.0,1519.0,1146.0
2017-08-30,6844.0,8226.0,974.0,2250.0,16589.0,,2734.0,4833.0,3406.0,8682.0,6343.0,5053.0,3413.0,4409.0,8382.0,1244.0,590.0,1492.0,1100.0
2017-08-31,7078.0,8358.0,1103.0,2140.0,19047.0,,2989.0,4944.0,3824.0,10635.0,6304.0,5647.0,4743.0,4459.0,8712.0,1066.0,1313.0,2026.0,1272.0
2017-09-01,7349.0,7580.0,1256.0,3375.0,22426.0,,2351.0,4667.0,4056.0,8659.0,7089.0,5262.0,4464.0,4688.0,7423.0,1079.0,972.0,2074.0,1492.0
2017-09-02,6006.0,5780.0,1036.0,2026.0,19433.0,,3736.0,4057.0,3084.0,7672.0,9971.0,3789.0,2478.0,3181.0,6289.0,880.0,767.0,1335.0,1860.0
2017-09-03,6792.0,7517.0,1035.0,2299.0,18301.0,,2878.0,4536.0,3094.0,8477.0,12128.0,4542.0,2695.0,3633.0,7659.0,1037.0,722.0,1487.0,2287.0
2017-09-04,7273.0,8293.0,1152.0,2374.0,17926.0,,3004.0,4994.0,3834.0,12724.0,16083.0,5581.0,3131.0,4233.0,8626.0,1279.0,686.0,1737.0,2371.0
2017-09-05,8413.0,8740.0,1197.0,3064.0,18154.0,,2822.0,5401.0,3995.0,10528.0,13192.0,6141.0,3631.0,5295.0,9817.0,1139.0,686.0,2014.0,2467.0
2017-09-06,8677.0,8941.0,1290.0,2348.0,18434.0,,2726.0,5417.0,4025.0,10020.0,12299.0,5535.0,4620.0,5339.0,10013.0,1258.0,690.0,1982.0,2432.0
2017-09-07,8694.0,8081.0,1786.0,2439.0,15023.0,,2619.0,5120.0,3356.0,11105.0,12065.0,5069.0,3462.0,5101.0,9560.0,1240.0,609.0,2002.0,3097.0
2017-09-08,7243.0,6763.0,1244.0,2245.0,14060.0,,2456.0,5098.0,3125.0,9832.0,10938.0,4811.0,2763.0,4054.0,8651.0,1291.0,619.0,1989.0,2984.0
2017-09-09,7038.0,5985.0,1028.0,2189.0,25018.0,,2339.0,4045.0,2836.0,8214.0,10429.0,3944.0,2819.0,3040.0,7500.0,998.0,1620.0,1477.0,2379.0
2017-09-10,6623.0,6972.0,1097.0,2208.0,25753.0,,2803.0,4705.0,3373.0,8368.0,10949.0,4813.0,3431.0,3576.0,8124.0,1098.0,880.0,1654.0,2513.0
2017-09-11,9350.0,7538.0,1129.0,2365.0,18612.0,,2630.0,7031.0,3066.0,11488.0,10943.0,5902.0,3459.0,4024.0,8443.0,1279.0,660.0,1750.0,2168.0
2017-09-12,7370.0,7652.0,1168.0,2404.0,32462.0,,2687.0,5615.0,4041.0,9404.0,11272.0,5527.0,3394.0,4369.0,8157.0,1279.0,746.0,1859.0,2068.0
2017-09-13,7583.0,7649.0,1194.0,2278.0,35270.0,,3522.0,5303.0,3238.0,9563.0,9567.0,5360.0,3427.0,4457.0,8175.0,1401.0,741.0,2073.0,1823.0
2017-09-14,7188.0,7688.0,1615.0,2568.0,23696.0,,2825.0,5477.0,3578.0,9483.0,9282.0,4946.0,3547.0,4530.0,7708.0,1256.0,556.0,2093.0,1910.0
2017-09-15,6865.0,6576.0,990.0,2259.0,19680.0,,2699.0,5216.0,3175.0,8515.0,8679.0,4386.0,2582.0,3437.0,6615.0,946.0,544.0,1545.0,1554.0
2017-09-16,6292.0,5872.0,961.0,1924.0,18653.0,,2634.0,4339.0,2598.0,7524.0,8078.0,3971.0,2260.0,3144.0,5877.0,952.0,527.0,1355.0,1569.0
2017-09-17,6807.0,6609.0,1170.0,2186.0,20385.0,,3246.0,4788.0,2921.0,8594.0,9183.0,4647.0,2433.0,3449.0,6734.0,1222.0,475.0,1712.0,2068.0
2017-09-18,7769.0,7481.0,1145.0,2536.0,18349.0,,3748.0,6078.0,3449.0,10199.0,9742.0,6389.0,2806.0,3994.0,8362.0,1383.0,573.0,1866.0,1917.0
2017-09-19,7712.0,7574.0,1230.0,2463.0,32745.0,,2902.0,5780.0,3608.0,10301.0,9652.0,6339.0,3159.0,4471.0,9020.0,1191.0,737.0,1834.0,2110.0
2017-09-20,7837.0,7354.0,1157.0,2399.0,49322.0,,2952.0,5622.0,3463.0,10108.0,9309.0,5756.0,2779.0,4335.0,8780.0,1209.0,533.0,2069.0,1968.0
2017-09-21,7648.0,7053.0,1230.0,2383.0,24381.0,,3022.0,6073.0,3593.0,9654.0,9155.0,4892.0,2842.0,3977.0,8305.0,1129.0,518.0,1813.0,1836.0
2017-09-22,7236.0,6354.0,1301.0,2392.0,20570.0,,2641.0,5491.0,3319.0,8797.0,8355.0,4357.0,2484.0,3708.0,7196.0,1006.0,489.0,1717.0,1888.0
2017-09-23,6095.0,5501.0,954.0,1927.0,21125.0,,2421.0,4169.0,2756.0,7582.0,7714.0,3998.0,2096.0,2937.0,6294.0,981.0,404.0,1538.0,1398.0
2017-09-24,6565.0,6557.0,1122.0,2310.0,18201.0,,2928.0,4494.0,3042.0,8345.0,8342.0,4988.0,2581.0,3477.0,7497.0,1177.0,556.0,1640.0,1624.0
2017-09-25,7164.0,7763.0,1162.0,2440.0,17519.0,,2735.0,5171.0,3523.0,9243.0,9099.0,5546.0,3350.0,4417.0,8577.0,1072.0,538.0,1669.0,1498.0
2017-09-26,7377.0,8035.0,1177.0,2523.0,22412.0,,2689.0,5360.0,3510.0,9408.0,8669.0,5663.0,3289.0,4630.0,9124.0,1118.0,768.0,1707.0,1492.0
2017-09-27,7257.0,8056.0,1259.0,2546.0,27584.0,,2575.0,4935.0,3348.0,9145.0,8631.0,5403.0,3277.0,4792.0,8940.0,1085.0,1027.0,1913.0,1489.0
2017-09-28,6858.0,7700.0,1027.0,2310.0,20488.0,,2352.0,5176.0,3458.0,9022.0,7937.0,5212.0,3135.0,4338.0,8693.0,1127.0,622.0,1845.0,1381.0
2017-09-29,6704.0,6644.0,957.0,2343.0,17237.0,,2437.0,4761.0,2928.0,8326.0,7502.0,4385.0,2868.0,8141.0,7345.0,4456.0,451.0,1480.0,1305.0
2017-09-30,5610.0,5697.0,979.0,2043.0,17749.0,,2058.0,3842.0,2474.0,7196.0,6643.0,3726.0,2248.0,5836.0,6234.0,1197.0,488.0,1214.0,1261.0
2017-10-01,6507.0,7200.0,1165.0,2344.0,29544.0,,2908.0,4081.0,2984.0,8370.0,7513.0,4658.0,3113.0,5053.0,7430.0,1049.0,564.0,1475.0,1579.0
2017-10-02,9089.0,8538.0,1060.0,2573.0,24940.0,,3213.0,5199.0,3250.0,12690.0,8108.0,5749.0,3840.0,5692.0,8744.0,1022.0,557.0,1633.0,1400.0
2017-10-03,7238.0,8709.0,1236.0,2433.0,19657.0,,3101.0,5193.0,3289.0,9763.0,7969.0,5502.0,3752.0,5905.0,9604.0,1847.0,547.0,1834.0,1783.0
2017-10-04,7311.0,8461.0,1118.0,2470.0,18131.0,,3085.0,5349.0,3456.0,9872.0,7799.0,6077.0,3674.0,6069.0,9211.0,1194.0,984.0,2208.0,1582.0
2017-10-05,8367.0,9179.0,1175.0,2690.0,19888.0,,3858.0,5787.0,4081.0,10040.0,8196.0,6001.0,4134.0,5982.0,9364.0,1111.0,681.0,1836.0,1393.0
2017-10-06,9123.0,8225.0,1668.0,2765.0,25214.0,,3530.0,5311.0,3587.0,9375.0,8097.0,5030.0,3373.0,5033.0,8037.0,1062.0,640.0,1929.0,1477.0
2017-10-07,6801.0,6294.0,1253.0,2116.0,20447.0,,4565.0,4224.0,2897.0,8159.0,7173.0,3755.0,2443.0,3901.0,6041.0,1053.0,652.0,2408.0,1480.0
2017-10-08,7371.0,7261.0,1395.0,2357.0,18369.0,,11265.0,4832.0,3226.0,9234.0,7772.0,4427.0,2913.0,4268.0,6972.0,1198.0,598.0,1880.0,1554.0
2017-10-09,8668.0,8988.0,1480.0,2622.0,20327.0,,4058.0,5602.0,3646.0,10075.0,10124.0,5677.0,3912.0,5323.0,8797.0,1176.0,733.0,1807.0,1597.0
2017-10-10,9976.0,10078.0,1563.0,2735.0,24039.0,,3419.0,5813.0,4060.0,10517.0,8750.0,6244.0,4349.0,6290.0,9789.0,1259.0,990.0,1953.0,1571.0
2017-10-11,14934.0,10003.0,1953.0,3003.0,85279.0,,3363.0,7238.0,5138.0,10960.0,8978.0,7299.0,5122.0,7004.0,10577.0,1513.0,1108.0,1932.0,1637.0
2017-10-12,9320.0,9519.0,1313.0,2556.0,32749.0,,4182.0,5943.0,4256.0,10101.0,8052.0,6757.0,4029.0,5952.0,9032.0,1198.0,704.0,1819.0,1469.0
2017-10-13,7956.0,7595.0,991.0,2343.0,22865.0,,3370.0,5245.0,3404.0,14442.0,7239.0,5215.0,3332.0,4754.0,7601.0,934.0,827.0,1622.0,1245.0
2017-10-14,10538.0,5665.0,956.0,2034.0,24008.0,,2992.0,5363.0,2933.0,8553.0,8114.0,4267.0,2482.0,3606.0,6131.0,840.0,687.0,1534.0,1212.0
2017-10-15,7301.0,6257.0,1165.0,2430.0,21830.0,,3681.0,6775.0,3217.0,14812.0,7314.0,4975.0,2815.0,3902.0,6008.0,974.0,895.0,1519.0,1339.0
2017-10-16,7765.0,7692.0,1119.0,2671.0,22713.0,,3183.0,5532.0,3549.0,9639.0,7757.0,5803.0,3179.0,5249.0,8459.0,1003.0,654.0,1748.0,1436.0
2017-10-17,7771.0,8678.0,1162.0,2451.0,22537.0,,3042.0,5382.0,3460.0,9728.0,7556.0,5801.0,3331.0,5364.0,8992.0,1120.0,692.0,1729.0,1409.0
2017-10-18,7850.0,8823.0,1216.0,2529.0,26015.0,,3022.0,5367.0,3470.0,10357.0,7201.0,5892.0,3572.0,5782.0,9493.0,1155.0,644.0,1831.0,1392.0
2017-10-19,7416.0,8549.0,1142.0,2425.0,26940.0,,3028.0,5173.0,3507.0,9552.0,7419.0,5714.0,3589.0,5658.0,9415.0,998.0,777.0,1939.0,1276.0
2017-10-20,7171.0,7412.0,1210.0,2407.0,18932.0,,2935.0,4962.0,3205.0,9601.0,6697.0,4775.0,3023.0,4676.0,7761.0,1045.0,624.0,1765.0,1268.0
2017-10-21,6203.0,6184.0,1186.0,2082.0,20743.0,,3120.0,4601.0,2640.0,8003.0,6029.0,3934.0,2445.0,3466.0,6043.0,1044.0,600.0,1636.0,1250.0
2017-10-22,10130.0,8523.0,1418.0,2459.0,20895.0,,3365.0,4882.0,3024.0,8726.0,7819.0,4811.0,2837.0,4303.0,8146.0,1209.0,742.0,1760.0,1538.0
2017-10-23,8972.0,10591.0,1593.0,3399.0,26427.0,,3331.0,5648.0,3662.0,10193.0,7719.0,6173.0,3702.0,5784.0,9567.0,1173.0,752.0,1884.0,1453.0
2017-10-24,8645.0,9444.0,1428.0,2567.0,30106.0,,2934.0,5393.0,3248.0,9767.0,7585.0,5716.0,3701.0,6199.0,9626.0,1094.0,704.0,1826.0,1411.0
2017-10-25,8006.0,9150.0,1294.0,2647.0,21652.0,,2938.0,5383.0,3194.0,11210.0,6911.0,5604.0,3879.0,5636.0,9318.0,1362.0,558.0,1809.0,1301.0
2017-10-26,8001.0,8243.0,1134.0,2429.0,18857.0,,2862.0,5050.0,3119.0,11297.0,6973.0,5142.0,3105.0,5240.0,8506.0,1210.0,886.0,1766.0,1407.0
2017-10-27,7054.0,7427.0,1119.0,2389.0,17443.0,,2832.0,4649.0,2996.0,10029.0,6719.0,4291.0,3339.0,4232.0,7191.0,1037.0,655.0,2287.0,1224.0
2017-10-28,6949.0,6055.0,1037.0,1965.0,21281.0,,2978.0,3993.0,2496.0,9000.0,5524.0,4071.0,2559.0,3388.0,6102.0,906.0,566.0,1552.0,1181.0
2017-10-29,6745.0,6988.0,1363.0,2404.0,23208.0,,2809.0,4395.0,2718.0,11818.0,6254.0,4487.0,2863.0,3958.0,7281.0,1132.0,652.0,2451.0,1542.0
2017-10-30,9965.0,8108.0,1122.0,2661.0,19323.0,,2947.0,5342.0,2929.0,9574.0,8896.0,5125.0,3165.0,4756.0,8323.0,1204.0,628.0,1737.0,1291.0
2017-10-31,8827.0,7718.0,1124.0,2322.0,17916.0,,2858.0,4850.0,2797.0,8946.0,6477.0,4763.0,2986.0,4760.0,7461.0,1183.0,563.0,1819.0,1367.0
2017-11-01,10388.0,7736.0,1408.0,2580.0,18440.0,,3391.0,4978.0,2877.0,9042.0,6319.0,4394.0,2906.0,4368.0,7602.0,1271.0,632.0,1909.0,1565.0
2017-11-02,7914.0,7811.0,1271.0,2632.0,18447.0,,3387.0,4853.0,2935.0,11212.0,6756.0,4813.0,2973.0,4146.0,8156.0,1667.0,698.0,1945.0,1497.0
2017-11-03,7154.0,6805.0,1151.0,2398.0,16374.0,,3079.0,5120.0,2924.0,8414.0,8227.0,4303.0,2735.0,3702.0,7243.0,1156.0,477.0,1732.0,1280.0
2017-11-04,6527.0,6077.0,1222.0,2441.0,22917.0,,2881.0,4059.0,2518.0,7661.0,5783.0,3729.0,2318.0,3128.0,5895.0,986.0,486.0,1589.0,1325.0
2017-11-05,7045.0,7546.0,1417.0,2473.0,22615.0,,3123.0,5364.0,2882.0,8374.0,6272.0,4651.0,2667.0,4035.0,6442.0,1230.0,621.0,1824.0,1598.0
2017-11-06,7929.0,8661.0,1349.0,2698.0,19060.0,,3153.0,5028.0,3497.0,9568.0,6847.0,5269.0,3283.0,4684.0,8502.0,1311.0,778.0,2100.0,1610.0
2017-11-07,7226.0,8776.0,1375.0,2706.0,17185.0,,3148.0,6099.0,3153.0,9848.0,6900.0,5542.0,3339.0,5212.0,9138.0,1319.0,707.0,1913.0,1576.0
2017-11-08,9319.0,8712.0,1408.0,2605.0,17829.0,,3000.0,5897.0,3425.0,11836.0,8583.0,5474.0,3454.0,5186.0,9464.0,1245.0,787.0,1896.0,1445.0
2017-11-09,7605.0,8444.0,1309.0,2537.0,17217.0,,2853.0,5493.0,4292.0,11476.0,6868.0,5259.0,3443.0,5081.0,9051.0,1266.0,646.0,1932.0,1677.0
2017-11-10,6525.0,7323.0,1348.0,2634.0,15673.0,,2806.0,5316.0,3748.0,8950.0,6380.0,4650.0,3137.0,4272.0,7659.0,1184.0,742.0,1894.0,1314.0
2017-11-11,7686.0,6215.0,1248.0,2187.0,17345.0,,2754.0,4256.0,3306.0,8165.0,5904.0,3855.0,2406.0,3493.0,6222.0,1220.0,642.0,2017.0,1248.0
2017-11-12,6891.0,7272.0,1526.0,2497.0,18491.0,,3420.0,4658.0,3001.0,8847.0,6130.0,4643.0,2763.0,4088.0,6631.0,1345.0,810.0,2909.0,1608.0
2017-11-13,7802.0,8907.0,1488.0,2749.0,20679.0,,3620.0,5616.0,3493.0,9762.0,7137.0,6615.0,3441.0,4902.0,8704.0,1494.0,1023.0,2320.0,1613.0
2017-11-14,8188.0,9732.0,1746.0,2772.0,20647.0,,3698.0,5864.0,3943.0,10467.0,6925.0,5780.0,3535.0,5274.0,8961.0,1793.0,5889.0,2754.0,1730.0
2017-11-15,8029.0,8968.0,1473.0,2669.0,17724.0,,6613.0,5558.0,3733.0,11422.0,6901.0,5638.0,4623.0,5299.0,8843.0,1515.0,1494.0,2563.0,1474.0
2017-11-16,7372.0,8703.0,1572.0,2700.0,17701.0,,3161.0,5524.0,3523.0,12449.0,8664.0,5449.0,4155.0,5087.0,9066.0,1447.0,969.0,2141.0,1624.0
2017-11-17,7705.0,6926.0,1505.0,2473.0,14983.0,,3609.0,4951.0,3162.0,8645.0,6458.0,4585.0,3038.0,4059.0,6978.0,2253.0,665.0,1956.0,1382.0
2017-11-18,8106.0,5560.0,1738.0,2393.0,16956.0,,3901.0,4392.0,2680.0,7678.0,5584.0,3819.0,2359.0,2947.0,5794.0,1864.0,693.0,1846.0,1369.0
2017-11-19,9506.0,6793.0,2647.0,2946.0,17393.0,,4281.0,5660.0,3094.0,8344.0,6343.0,7090.0,3306.0,3736.0,6809.0,2467.0,863.0,2164.0,1636.0
2017-11-20,11491.0,8384.0,1972.0,3089.0,17520.0,,4513.0,6126.0,3126.0,11736.0,6710.0,7246.0,3274.0,4425.0,8167.0,1829.0,813.0,2073.0,1536.0
2017-11-21,8758.0,8705.0,1939.0,2862.0,16607.0,,3675.0,5446.0,3251.0,9348.0,6352.0,6038.0,3253.0,4932.0,8365.0,1437.0,1422.0,2140.0,1460.0
2017-11-22,7758.0,8712.0,1951.0,2715.0,22345.0,,3204.0,4907.0,3079.0,8852.0,6304.0,5537.0,3304.0,4828.0,8437.0,1297.0,1321.0,2021.0,1471.0
2017-11-23,9280.0,8874.0,2218.0,2653.0,16577.0,,3733.0,4529.0,2905.0,21581.0,5706.0,5609.0,3366.0,4641.0,7638.0,1347.0,879.0,2273.0,1450.0
2017-11-24,8463.0,7517.0,1539.0,2472.0,16506.0,,3352.0,4425.0,4970.0,7460.0,5396.0,4375.0,2618.0,3749.0,6485.0,1117.0,895.0,1749.0,1341.0
2017-11-25,7072.0,5918.0,1438.0,2216.0,32307.0,,3214.0,4072.0,3032.0,7400.0,5396.0,3625.0,2143.0,3198.0,4925.0,1050.0,693.0,1611.0,1238.0
2017-11-26,9447.0,7008.0,1597.0,2520.0,25908.0,,3597.0,5455.0,2974.0,10256.0,7819.0,4384.0,2449.0,3705.0,5816.0,1335.0,881.0,1921.0,1555.0
2017-11-27,8241.0,8475.0,1671.0,3902.0,18520.0,,3528.0,5440.0,3425.0,10014.0,9710.0,5164.0,2864.0,4341.0,8410.0,1273.0,775.0,2337.0,1569.0
2017-11-28,8115.0,8407.0,1840.0,3681.0,16538.0,,3269.0,5933.0,3155.0,9852.0,7566.0,5393.0,2981.0,4445.0,7441.0,1427.0,744.0,2025.0,1867.0
2017-11-29,7290.0,7991.0,1629.0,3089.0,15893.0,,3020.0,5691.0,3150.0,9676.0,6894.0,5221.0,2833.0,4470.0,7316.0,1235.0,671.0,1968.0,1563.0
2017-11-30,7284.0,7835.0,1992.0,2714.0,15766.0,,3149.0,5019.0,3197.0,8854.0,6566.0,4835.0,2852.0,4431.0,6649.0,1114.0,647.0,2040.0,1440.0
2017-12-01,7351.0,6463.0,2921.0,2624.0,17114.0,,2935.0,4727.0,3814.0,8910.0,6634.0,3772.0,2548.0,3536.0,5478.0,1103.0,829.0,1829.0,1370.0
2017-12-02,5779.0,5647.0,1270.0,2220.0,19013.0,,2550.0,3938.0,2912.0,7167.0,5583.0,3534.0,2099.0,2753.0,4506.0,1068.0,621.0,1655.0,1286.0
2017-12-03,6395.0,6062.0,1504.0,2309.0,16686.0,,2887.0,4259.0,2977.0,8042.0,5947.0,4194.0,2394.0,3132.0,5094.0,1227.0,601.0,1846.0,1505.0
2017-12-04,7210.0,6782.0,1521.0,2616.0,16855.0,,3390.0,5072.0,3152.0,9410.0,6535.0,4357.0,2631.0,3783.0,5811.0,1209.0,731.0,2100.0,1447.0
2017-12-05,7221.0,6840.0,1526.0,2670.0,18882.0,,4796.0,5444.0,3257.0,9142.0,6336.0,4131.0,2307.0,3857.0,5777.0,1213.0,851.0,2023.0,1521.0
2017-12-06,7191.0,6782.0,1398.0,2584.0,19817.0,,3607.0,4826.0,3071.0,8916.0,6113.0,4110.0,2267.0,3492.0,5912.0,1123.0,729.0,2079.0,1334.0
2017-12-07,7350.0,5952.0,1400.0,2388.0,32330.0,,3790.0,4933.0,3476.0,8811.0,6026.0,4020.0,2327.0,3460.0,5255.0,1099.0,753.0,1873.0,1311.0
2017-12-08,6777.0,5084.0,1275.0,2568.0,34721.0,,2830.0,4345.0,2875.0,8311.0,5499.0,3333.0,1946.0,2861.0,4649.0,1039.0,552.0,1623.0,1217.0
2017-12-09,5943.0,4845.0,1354.0,2110.0,26584.0,,2882.0,3619.0,2413.0,6934.0,5075.0,3071.0,1904.0,2309.0,4214.0,983.0,818.0,1503.0,1175.0
2017-12-10,6634.0,5347.0,1376.0,2348.0,26393.0,,3152.0,4110.0,2937.0,8408.0,5737.0,3494.0,2047.0,2771.0,4501.0,1246.0,596.0,1946.0,1571.0
2017-12-11,7249.0,6155.0,1497.0,2748.0,26502.0,,3069.0,4926.0,3223.0,8825.0,6490.0,4109.0,2281.0,3054.0,5488.0,1306.0,822.0,2025.0,1527.0
2017-12-12,7379.0,5772.0,1402.0,2640.0,19376.0,,4858.0,4763.0,2883.0,8880.0,6329.0,3963.0,2073.0,3176.0,5126.0,1267.0,665.0,2298.0,1415.0
2017-12-13,6883.0,5899.0,1553.0,2548.0,17413.0,,4078.0,4588.0,2698.0,10925.0,12156.0,3733.0,2282.0,3422.0,5054.0,4517.0,903.0,1864.0,1790.0
2017-12-14,6572.0,6101.0,1389.0,2378.0,15785.0,,2795.0,4514.0,2989.0,8497.0,5748.0,3767.0,2518.0,3564.0,5015.0,2139.0,650.0,1883.0,1690.0
2017-12-15,5888.0,5108.0,1230.0,2238.0,14867.0,,2665.0,4236.0,2581.0,9159.0,5250.0,3332.0,2182.0,2582.0,4105.0,1417.0,652.0,2134.0,1375.0
2017-12-16,5363.0,4273.0,3072.0,1996.0,16643.0,,2471.0,3719.0,2231.0,9489.0,6430.0,2921.0,1780.0,2390.0,3613.0,1110.0,457.0,1644.0,1113.0
2017-12-17,5797.0,4839.0,2242.0,2140.0,21088.0,,3029.0,6213.0,2639.0,8112.0,4984.0,5567.0,1903.0,2452.0,3883.0,3383.0,985.0,1786.0,1552.0
2017-12-18,6386.0,5782.0,1439.0,2384.0,18699.0,,2947.0,7157.0,2928.0,8542.0,5904.0,6934.0,2188.0,2747.0,4402.0,3449.0,1003.0,1989.0,1431.0
2017-12-19,6609.0,5858.0,1367.0,2321.0,17100.0,,2957.0,7870.0,3057.0,10164.0,5582.0,3827.0,2201.0,2453.0,3977.0,1741.0,742.0,1824.0,1226.0
2017-12-20,8103.0,5059.0,1473.0,2149.0,15783.0,,3023.0,6042.0,2676.0,7386.0,7204.0,3297.0,1901.0,2194.0,4116.0,1850.0,863.0,1958.0,1271.0
2017-12-21,5821.0,4337.0,1244.0,2242.0,14878.0,,2702.0,6189.0,2597.0,7115.0,5027.0,3111.0,1685.0,2074.0,3576.0,1224.0,692.0,1491.0,1133.0
2017-12-22,5092.0,3886.0,1120.0,1904.0,15502.0,,3009.0,4594.0,2142.0,6757.0,4713.0,2766.0,1429.0,1705.0,3412.0,1039.0,727.0,1418.0,992.0
2017-12-23,5361.0,3436.0,1221.0,1749.0,43469.0,,2915.0,4004.0,2233.0,6542.0,4781.0,2564.0,1702.0,1788.0,3235.0,1041.0,537.0,1381.0,982.0
2017-12-24,5101.0,3788.0,1289.0,1870.0,28191.0,,2684.0,4038.0,2302.0,6235.0,4819.0,2531.0,1435.0,1602.0,2894.0,975.0,584.0,2266.0,1139.0
2017-12-25,5367.0,3664.0,1352.0,2063.0,21023.0,,3487.0,4443.0,2402.0,6825.0,5181.0,2595.0,1602.0,2051.0,3226.0,1356.0,958.0,2231.0,1469.0
2017-12-26,5800.0,4518.0,1989.0,2227.0,25466.0,,3770.0,4829.0,3514.0,7256.0,5394.0,3339.0,2172.0,2194.0,4052.0,1514.0,16236.0,2851.0,1649.0
2017-12-27,6995.0,4315.0,1412.0,2204.0,22429.0,,3722.0,5078.0,3850.0,9078.0,6397.0,3419.0,2017.0,2144.0,4057.0,1256.0,2763.0,1976.0,1879.0
2017-12-28,6325.0,4462.0,1669.0,2239.0,18292.0,,3889.0,4917.0,3280.0,7958.0,6126.0,3125.0,1984.0,2188.0,3856.0,1212.0,1246.0,1743.0,1456.0
2017-12-29,5881.0,4109.0,1497.0,2115.0,16590.0,,3495.0,4268.0,2721.0,7111.0,5518.0,2915.0,1713.0,2147.0,3765.0,989.0,835.0,1561.0,1205.0
2017-12-30,5591.0,3903.0,1298.0,1995.0,17091.0,,3868.0,3748.0,2438.0,6720.0,5242.0,2773.0,1543.0,1828.0,3503.0,982.0,797.0,1731.0,1614.0
2017-12-31,6195.0,4007.0,1229.0,1935.0,15592.0,,3609.0,3720.0,2249.0,6459.0,4927.0,2706.0,2031.0,1959.0,3300.0,946.0,665.0,1570.0,1218.0
2018-01-01,6129.0,4188.0,1333.0,2030.0,15673.0,,4212.0,3922.0,2544.0,6909.0,5371.0,2644.0,1882.0,1984.0,3334.0,944.0,878.0,1745.0,1386.0
2018-01-02,6390.0,4835.0,1499.0,3058.0,17054.0,,4310.0,4593.0,3731.0,7986.0,6089.0,3588.0,2067.0,2262.0,4422.0,1123.0,770.0,1900.0,1691.0
2018-01-03,6533.0,5032.0,1324.0,2987.0,16435.0,,3762.0,4929.0,3274.0,8047.0,5892.0,3740.0,2177.0,2438.0,4822.0,1309.0,764.0,1942.0,1567.0
2018-01-04,6118.0,4711.0,1346.0,2287.0,16059.0,,3827.0,4910.0,3115.0,8142.0,5963.0,4119.0,2034.0,2455.0,4628.0,1184.0,742.0,1942.0,1555.0
2018-01-05,5975.0,4806.0,1234.0,2341.0,16017.0,,3551.0,4490.0,3318.0,7985.0,5792.0,3607.0,2311.0,2368.0,4650.0,1203.0,684.0,1795.0,1312.0
2018-01-06,5709.0,4467.0,1232.0,2333.0,17864.0,,3781.0,4108.0,3306.0,9687.0,5711.0,3374.0,2118.0,2339.0,4412.0,1084.0,847.0,1870.0,1399.0
2018-01-07,6210.0,4832.0,1672.0,2247.0,31691.0,,4025.0,4738.0,3074.0,8685.0,6026.0,3822.0,2339.0,2451.0,4382.0,1358.0,848.0,2443.0,1780.0
2018-01-08,6972.0,5287.0,1410.0,2615.0,26855.0,,4003.0,5273.0,3179.0,9417.0,6559.0,4191.0,2312.0,2897.0,4889.0,1631.0,857.0,2198.0,1590.0
2018-01-09,6972.0,5693.0,1524.0,2544.0,20903.0,,3565.0,5023.0,3308.0,9273.0,6387.0,4394.0,2416.0,3224.0,5442.0,1521.0,694.0,2479.0,1557.0
2018-01-10,6896.0,5787.0,1388.0,2526.0,19217.0,,5152.0,5218.0,3281.0,9635.0,6445.0,4624.0,2579.0,3620.0,5830.0,1496.0,800.0,2293.0,1642.0
2018-01-11,6949.0,5814.0,1543.0,2453.0,24460.0,,7473.0,5260.0,3600.0,9500.0,7015.0,4306.0,2597.0,3283.0,5529.0,1500.0,872.0,2558.0,2473.0
2018-01-12,6770.0,5887.0,1345.0,2461.0,25819.0,,4524.0,5258.0,3708.0,8668.0,6511.0,4314.0,2313.0,3123.0,5058.0,1469.0,697.0,3397.0,1750.0
2018-01-13,6016.0,4865.0,1323.0,2204.0,23230.0,,6528.0,4908.0,3508.0,7764.0,6020.0,3706.0,1978.0,2702.0,4713.0,1144.0,605.0,2305.0,1533.0
2018-01-14,6534.0,5949.0,1757.0,2413.0,29484.0,,6075.0,5561.0,3131.0,8419.0,6505.0,4518.0,2678.0,3111.0,5308.0,2119.0,659.0,2528.0,1858.0
2018-01-15,8562.0,5937.0,1633.0,2427.0,32673.0,,4472.0,6735.0,3127.0,11073.0,8187.0,5284.0,2472.0,3532.0,5763.0,2087.0,748.0,2428.0,1839.0
2018-01-16,8129.0,6262.0,1572.0,2603.0,23500.0,,4375.0,6741.0,3704.0,9671.0,7018.0,6035.0,2545.0,3618.0,5986.0,2060.0,762.0,2268.0,2174.0
2018-01-17,7253.0,6273.0,1754.0,2582.0,24293.0,,4515.0,6435.0,3433.0,11831.0,6414.0,5576.0,2521.0,3716.0,5940.0,4072.0,925.0,2403.0,1848.0
2018-01-18,6970.0,6321.0,1471.0,2610.0,22328.0,,4603.0,6116.0,3605.0,9332.0,8181.0,5234.0,2563.0,3789.0,5954.0,2752.0,783.0,2191.0,1562.0
2018-01-19,6997.0,5527.0,1347.0,2457.0,18740.0,,3878.0,5643.0,3165.0,8999.0,6327.0,4326.0,2421.0,3326.0,5964.0,1594.0,602.0,1888.0,1578.0
2018-01-20,6267.0,4837.0,1083.0,2352.0,18642.0,,6363.0,4845.0,2642.0,8140.0,5858.0,3798.0,2240.0,2802.0,4851.0,1087.0,691.0,1869.0,1444.0
2018-01-21,7597.0,5750.0,1626.0,2824.0,31986.0,,4381.0,5563.0,3311.0,9315.0,6766.0,4492.0,2565.0,3546.0,5527.0,1528.0,743.0,2277.0,1798.0
2018-01-22,7310.0,6122.0,2259.0,2522.0,33273.0,,4120.0,6507.0,3654.0,10183.0,7249.0,4782.0,2737.0,3774.0,6282.0,1503.0,837.0,2478.0,2202.0
2018-01-23,7166.0,6111.0,2117.0,2614.0,22809.0,,3947.0,6781.0,3391.0,9837.0,7093.0,4856.0,2843.0,5855.0,6252.0,1559.0,1113.0,4420.0,1637.0
2018-01-24,7206.0,6434.0,1431.0,2457.0,22027.0,,3542.0,5629.0,3325.0,9571.0,7148.0,4584.0,2830.0,4376.0,6539.0,1438.0,637.0,2402.0,1491.0
2018-01-25,7453.0,6315.0,1343.0,2633.0,25065.0,,3515.0,5367.0,3663.0,9622.0,6889.0,4616.0,2768.0,4125.0,6826.0,1502.0,647.0,2843.0,1720.0
2018-01-26,7020.0,5783.0,1252.0,2307.0,25782.0,,3357.0,5408.0,3145.0,9146.0,6410.0,4018.0,2344.0,3450.0,5838.0,1347.0,805.0,2300.0,1614.0
2018-01-27,6197.0,5261.0,1131.0,2102.0,21418.0,,4754.0,4356.0,2894.0,8110.0,6205.0,3645.0,2058.0,3164.0,5204.0,1039.0,501.0,1821.0,1483.0
2018-01-28,6732.0,6063.0,1453.0,2417.0,26475.0,,3959.0,4646.0,3465.0,8396.0,6756.0,4234.0,2498.0,3275.0,5969.0,1346.0,820.0,2338.0,1753.0
2018-01-29,7749.0,6100.0,1453.0,2826.0,25952.0,,4057.0,5520.0,3380.0,10638.0,7084.0,4496.0,2770.0,3746.0,6814.0,1377.0,613.0,2348.0,1624.0
2018-01-30,7393.0,6123.0,1392.0,2606.0,22326.0,,4128.0,5935.0,3269.0,9559.0,6810.0,4512.0,2823.0,3900.0,7019.0,1371.0,620.0,2231.0,1820.0
2018-01-31,6998.0,6189.0,1449.0,2619.0,19194.0,,3575.0,5381.0,3134.0,9592.0,6483.0,4181.0,2529.0,3771.0,7220.0,1456.0,648.0,2139.0,1910.0
2018-02-01,6768.0,5826.0,1429.0,2599.0,19229.0,,4210.0,5449.0,3224.0,9418.0,6376.0,4257.0,2676.0,3832.0,7229.0,1214.0,541.0,2033.0,1546.0
2018-02-02,6670.0,5515.0,1380.0,2612.0,17263.0,,3480.0,4886.0,3125.0,8838.0,6280.0,3669.0,2329.0,3318.0,7480.0,1050.0,604.0,1733.0,1492.0
2018-02-03,6120.0,5169.0,1251.0,2193.0,17746.0,,4008.0,4492.0,3037.0,7607.0,5353.0,3281.0,2129.0,2909.0,5428.0,1053.0,539.0,1741.0,1379.0
2018-02-04,6213.0,5407.0,1435.0,2405.0,21839.0,,3848.0,4394.0,3168.0,8809.0,5930.0,3767.0,2393.0,3041.0,6270.0,1282.0,581.0,1997.0,1550.0
2018-02-05,7045.0,5763.0,1433.0,2688.0,27030.0,,3634.0,5271.0,3351.0,9929.0,6334.0,4192.0,2530.0,3677.0,7445.0,1574.0,632.0,2194.0,1460.0
2018-02-06,7180.0,6265.0,1314.0,2612.0,19980.0,,4090.0,5571.0,3289.0,10253.0,6799.0,4261.0,2625.0,3853.0,7957.0,1347.0,646.0,2184.0,1542.0
2018-02-07,7152.0,6199.0,1329.0,2671.0,18602.0,,3647.0,5390.0,3498.0,9979.0,6610.0,4376.0,2543.0,4133.0,8715.0,1184.0,585.0,2006.0,1507.0
2018-02-08,6813.0,6056.0,1249.0,2538.0,19323.0,,3688.0,5392.0,3215.0,10456.0,6602.0,4356.0,2682.0,4366.0,8328.0,1174.0,551.0,1960.0,1349.0
2018-02-09,6732.0,5620.0,1184.0,2495.0,16872.0,,3565.0,5129.0,2959.0,9634.0,6377.0,4110.0,2621.0,3716.0,7112.0,1193.0,514.0,1928.0,1424.0
2018-02-10,6221.0,5217.0,1102.0,2303.0,20593.0,,3725.0,4401.0,2860.0,8399.0,5930.0,3628.0,2241.0,3035.0,6241.0,1010.0,485.0,1970.0,1336.0
2018-02-11,6393.0,5822.0,1428.0,2413.0,23389.0,,3954.0,4768.0,3025.0,8255.0,6001.0,3728.0,2543.0,3334.0,6883.0,1249.0,651.0,1974.0,1556.0
2018-02-12,7869.0,6402.0,1328.0,2633.0,19916.0,,3941.0,5392.0,3503.0,10047.0,6549.0,4437.0,2827.0,3889.0,8024.0,1907.0,815.0,2051.0,1431.0
2018-02-13,9168.0,6503.0,1350.0,2615.0,18865.0,,3662.0,5975.0,3303.0,11975.0,8339.0,4325.0,2703.0,4046.0,8679.0,1439.0,728.0,2411.0,1438.0
2018-02-14,6676.0,5937.0,1372.0,3199.0,27392.0,,3165.0,4875.0,4545.0,9734.0,5902.0,4081.0,2502.0,3829.0,8447.0,1358.0,686.0,2285.0,1404.0
2018-02-15,6929.0,6272.0,1429.0,2546.0,27216.0,,3221.0,4944.0,3271.0,12216.0,6163.0,4109.0,2501.0,3977.0,8438.0,1244.0,599.0,1942.0,1392.0
2018-02-16,7563.0,6106.0,1247.0,3027.0,18335.0,62.0,2924.0,4484.0,3301.0,10181.0,6014.0,4156.0,2481.0,3813.0,7658.0,1183.0,475.0,2322.0,1360.0
2018-02-17,5974.0,5491.0,1223.0,2786.0,19116.0,46.0,3177.0,4296.0,2934.0,8332.0,5292.0,3811.0,2194.0,3049.0,6622.0,1028.0,499.0,1779.0,1262.0
2018-02-18,6256.0,6222.0,1595.0,3091.0,21886.0,20.0,3575.0,4577.0,2936.0,8680.0,5717.0,4316.0,2580.0,3495.0,7693.0,1325.0,1414.0,2352.0,1526.0
2018-02-19,6893.0,6808.0,1443.0,4759.0,21907.0,36.0,3984.0,5027.0,3313.0,9369.0,6309.0,4483.0,2831.0,4189.0,8749.0,1231.0,721.0,2268.0,1577.0
2018-02-20,7707.0,6842.0,1481.0,3003.0,45459.0,34.0,4069.0,5171.0,3875.0,9810.0,6498.0,4533.0,2821.0,4506.0,9916.0,1436.0,918.0,2418.0,1599.0
2018-02-21,7156.0,7186.0,1378.0,2862.0,31786.0,41.0,3408.0,5583.0,3362.0,9657.0,6387.0,4966.0,2845.0,4518.0,10089.0,1238.0,683.0,2316.0,1691.0
2018-02-22,7019.0,7496.0,1472.0,2618.0,19960.0,100.0,3514.0,5285.0,3316.0,9567.0,6218.0,5094.0,2879.0,4786.0,9871.0,1115.0,636.0,2345.0,1442.0
2018-02-23,6678.0,6002.0,1115.0,2503.0,16298.0,45.0,3282.0,4867.0,3205.0,9027.0,6105.0,4116.0,2450.0,3531.0,7347.0,1045.0,601.0,2093.0,1295.0
2018-02-24,6214.0,5354.0,1217.0,2208.0,33198.0,25.0,3433.0,4200.0,2683.0,8274.0,5449.0,3614.0,2322.0,3135.0,6668.0,1078.0,564.0,1982.0,1148.0
2018-02-25,6754.0,6153.0,1482.0,3129.0,36371.0,42.0,5218.0,4912.0,3112.0,8869.0,6624.0,4704.0,2693.0,3659.0,8386.0,1335.0,663.0,2642.0,1745.0
2018-02-26,8708.0,6764.0,1435.0,2911.0,22820.0,61.0,4198.0,5593.0,3754.0,11253.0,6870.0,4693.0,2994.0,4190.0,8954.0,1771.0,625.0,2500.0,1623.0
2018-02-27,7204.0,7305.0,1421.0,2703.0,20853.0,45.0,3759.0,6181.0,3344.0,11917.0,6581.0,4471.0,2893.0,4435.0,9613.0,1382.0,556.0,2403.0,1544.0
2018-02-28,7067.0,7364.0,1496.0,2771.0,18901.0,65.0,3530.0,5479.0,3500.0,10029.0,7051.0,4607.0,2904.0,4405.0,9822.0,1387.0,881.0,2417.0,1655.0
2018-03-01,7088.0,6763.0,1379.0,2607.0,21130.0,58.0,3838.0,5272.0,2957.0,9494.0,6425.0,4473.0,2817.0,4711.0,8647.0,1233.0,623.0,2259.0,1515.0
2018-03-02,6800.0,5861.0,1201.0,2496.0,19187.0,63.0,3474.0,4824.0,3149.0,8660.0,6039.0,3890.0,2286.0,3778.0,7322.0,1035.0,535.0,2088.0,1332.0
2018-03-03,6373.0,5338.0,1216.0,2373.0,23458.0,52.0,3586.0,4185.0,2988.0,8359.0,5509.0,3578.0,2476.0,3084.0,6158.0,1357.0,694.0,1917.0,1270.0
2018-03-04,6871.0,6131.0,1611.0,2558.0,62041.0,77.0,3983.0,4645.0,3907.0,8756.0,6338.0,4277.0,2844.0,3505.0,7635.0,1264.0,640.0,2376.0,1547.0
2018-03-05,7596.0,6947.0,1357.0,2601.0,42420.0,64.0,3857.0,7076.0,3572.0,10144.0,6850.0,5277.0,2949.0,4090.0,8506.0,1245.0,593.0,2168.0,1341.0
2018-03-06,7778.0,7861.0,1432.0,2656.0,34442.0,144.0,4328.0,5628.0,4159.0,10096.0,9743.0,4887.0,3301.0,4675.0,10333.0,1253.0,1151.0,2321.0,1502.0
2018-03-07,7335.0,7940.0,1511.0,2557.0,31556.0,59.0,5568.0,6335.0,3460.0,9754.0,7850.0,4839.0,3164.0,4428.0,9457.0,1182.0,709.0,2191.0,1460.0
2018-03-08,7315.0,7947.0,1374.0,2610.0,23249.0,42.0,3311.0,5394.0,3226.0,9994.0,6415.0,4515.0,2964.0,4345.0,8091.0,1120.0,604.0,2258.0,1280.0
2018-03-09,6756.0,7125.0,1492.0,2664.0,18963.0,48.0,2885.0,5055.0,3189.0,9405.0,5986.0,4242.0,2729.0,3797.0,7007.0,1117.0,602.0,2037.0,1330.0
2018-03-10,7891.0,6130.0,1178.0,2372.0,36358.0,50.0,3075.0,5689.0,3982.0,10128.0,7381.0,3763.0,2490.0,2966.0,6188.0,1369.0,523.0,1789.0,1212.0
2018-03-11,6813.0,7416.0,1888.0,2633.0,28339.0,53.0,3699.0,6266.0,3351.0,8709.0,6519.0,6857.0,2971.0,3659.0,8946.0,1764.0,976.0,2327.0,1926.0
2018-03-12,8294.0,9789.0,1454.0,3098.0,21935.0,43.0,3321.0,6362.0,3508.0,10094.0,7346.0,5913.0,3576.0,4367.0,10775.0,1274.0,620.0,2282.0,2028.0
2018-03-13,7921.0,10472.0,1737.0,2899.0,20666.0,135.0,3483.0,6105.0,3476.0,9837.0,6702.0,5454.0,3729.0,4877.0,10076.0,1178.0,604.0,2445.0,1652.0
2018-03-14,7740.0,10107.0,1438.0,2784.0,69191.0,57.0,3374.0,5664.0,3623.0,10091.0,6273.0,5245.0,3793.0,4910.0,9894.0,1122.0,675.0,2166.0,1525.0
2018-03-15,7331.0,9444.0,1364.0,2834.0,60918.0,547.0,3031.0,6455.0,3567.0,10229.0,6573.0,5077.0,3631.0,4616.0,9181.0,1039.0,688.0,2352.0,1386.0
2018-03-16,6841.0,8074.0,1413.0,2554.0,28964.0,234.0,2934.0,4780.0,3832.0,8743.0,5688.0,4264.0,2993.0,3986.0,7496.0,966.0,1024.0,2224.0,1233.0
2018-03-17,6040.0,6548.0,1430.0,2405.0,26261.0,145.0,2818.0,4252.0,3976.0,8192.0,5409.0,3628.0,2388.0,3086.0,5694.0,972.0,885.0,1736.0,1237.0
2018-03-18,7222.0,8114.0,1523.0,2685.0,44964.0,170.0,2939.0,4885.0,3910.0,8664.0,5851.0,4372.0,3001.0,3412.0,6218.0,1114.0,777.0,2145.0,1548.0
2018-03-19,7797.0,9761.0,1866.0,2925.0,42448.0,186.0,3087.0,5986.0,4052.0,10399.0,6581.0,5752.0,3663.0,4496.0,8139.0,28531.0,792.0,2505.0,1495.0
2018-03-20,7576.0,10057.0,1384.0,2802.0,28345.0,158.0,3305.0,5473.0,3612.0,10292.0,6870.0,5877.0,3505.0,4789.0,8830.0,2411.0,735.0,2310.0,1433.0
2018-03-21,7712.0,9815.0,1431.0,2803.0,24214.0,169.0,3807.0,5562.0,4304.0,10046.0,6915.0,5939.0,3343.0,4856.0,9027.0,1478.0,814.0,2189.0,1502.0
2018-03-22,7699.0,9702.0,1341.0,2732.0,23774.0,166.0,3228.0,5510.0,3789.0,10172.0,6571.0,5679.0,3250.0,4575.0,8387.0,1477.0,1184.0,2225.0,1438.0
2018-03-23,8149.0,8201.0,1593.0,2464.0,26409.0,170.0,2688.0,5260.0,4060.0,9946.0,6312.0,4828.0,2997.0,3743.0,6825.0,1328.0,827.0,2091.0,1288.0
2018-03-24,7247.0,6623.0,1516.0,2310.0,28162.0,141.0,2566.0,4875.0,3602.0,8818.0,6045.0,4216.0,2463.0,2965.0,5767.0,1078.0,656.0,1586.0,1131.0
2018-03-25,7280.0,7837.0,1356.0,2587.0,21243.0,109.0,2950.0,4874.0,3666.0,8842.0,5924.0,4471.0,2469.0,3340.0,5264.0,1174.0,677.0,2022.0,1192.0
2018-03-26,7579.0,9116.0,1302.0,3004.0,21626.0,118.0,3002.0,5662.0,4826.0,9955.0,6850.0,4789.0,3208.0,3813.0,6010.0,1100.0,666.0,2099.0,1429.0
2018-03-27,8811.0,10192.0,1509.0,2746.0,24255.0,120.0,2711.0,5507.0,4028.0,10598.0,6865.0,4941.0,2898.0,4071.0,6381.0,1125.0,745.0,5325.0,1367.0
2018-03-28,8615.0,8109.0,1372.0,2811.0,22417.0,106.0,2802.0,5171.0,3983.0,10408.0,6523.0,4597.0,2568.0,3359.0,5882.0,1037.0,807.0,2505.0,1162.0
2018-03-29,7727.0,6336.0,1256.0,2835.0,18706.0,221.0,2868.0,5209.0,3680.0,9647.0,6124.0,3725.0,2576.0,2862.0,5231.0,991.0,584.0,1988.0,1135.0
2018-03-30,6965.0,6046.0,1348.0,2440.0,17262.0,860.0,2675.0,4678.0,3577.0,9396.0,5584.0,3841.0,2540.0,2860.0,5578.0,1161.0,610.0,1847.0,1260.0
2018-03-31,6748.0,6313.0,1128.0,2672.0,22938.0,266.0,2295.0,4394.0,3960.0,15502.0,5327.0,3844.0,2611.0,2815.0,5724.0,922.0,563.0,1537.0,1035.0
2018-04-01,7465.0,6573.0,1463.0,2646.0,28904.0,198.0,3192.0,4689.0,3835.0,12324.0,5760.0,4086.0,2839.0,3212.0,6275.0,1174.0,665.0,1936.0,1423.0
2018-04-02,7717.0,8953.0,1531.0,2754.0,21872.0,163.0,8230.0,5286.0,4339.0,10992.0,6960.0,4868.0,3802.0,4188.0,7922.0,1175.0,721.0,2773.0,1562.0
2018-04-03,7858.0,9684.0,1354.0,2788.0,37751.0,210.0,5673.0,5491.0,3879.0,9816.0,6513.0,5032.0,3832.0,4438.0,8311.0,1144.0,669.0,1820.0,1625.0
2018-04-04,7706.0,9197.0,1265.0,2754.0,54703.0,309.0,5192.0,5382.0,3709.0,9799.0,6627.0,5189.0,3714.0,4734.0,8593.0,1140.0,639.0,2035.0,1373.0
2018-04-05,7479.0,9383.0,1540.0,2662.0,31404.0,233.0,2828.0,5341.0,3481.0,10833.0,6253.0,5283.0,3737.0,5547.0,8478.0,1721.0,770.0,2799.0,1610.0
2018-04-06,6903.0,8109.0,1470.0,2315.0,23829.0,191.0,3499.0,5186.0,3264.0,9939.0,5951.0,4481.0,3348.0,5548.0,7529.0,1085.0,768.0,2102.0,1325.0
2018-04-07,6415.0,6698.0,1069.0,2248.0,37570.0,141.0,2741.0,4508.0,2965.0,9611.0,5355.0,3925.0,3454.0,6111.0,6184.0,769.0,629.0,1896.0,1032.0
2018-04-08,7076.0,8750.0,1290.0,2342.0,44599.0,172.0,2765.0,4987.0,3195.0,12089.0,5741.0,4658.0,3197.0,5986.0,7798.0,966.0,651.0,1966.0,1153.0
2018-04-09,7721.0,10215.0,1206.0,2671.0,28004.0,163.0,3041.0,5734.0,3576.0,10777.0,6701.0,5906.0,3975.0,6034.0,9318.0,1103.0,503.0,2345.0,1750.0
2018-04-10,7636.0,10681.0,1443.0,2635.0,33479.0,146.0,2951.0,5495.0,3483.0,10354.0,6417.0,6428.0,4327.0,6439.0,9659.0,1176.0,616.0,2075.0,1320.0
2018-04-11,7714.0,10578.0,1257.0,2612.0,36985.0,168.0,3250.0,5596.0,3568.0,10693.0,6338.0,6107.0,4347.0,6430.0,9576.0,1219.0,621.0,2354.0,1560.0
2018-04-12,7600.0,10487.0,1128.0,2692.0,27260.0,173.0,2678.0,5519.0,3497.0,10220.0,6567.0,5884.0,4414.0,6210.0,9300.0,1150.0,548.0,2053.0,1393.0
2018-04-13,6581.0,8487.0,1269.0,2625.0,20691.0,145.0,2399.0,5068.0,3390.0,9429.0,5971.0,4985.0,3727.0,5081.0,7945.0,1059.0,583.0,1976.0,1364.0
2018-04-14,8008.0,7100.0,976.0,2244.0,21975.0,125.0,2325.0,5410.0,2886.0,10502.0,6837.0,4507.0,2976.0,3811.0,7072.0,852.0,576.0,1555.0,1226.0
2018-04-15,7003.0,8944.0,1305.0,2608.0,21318.0,161.0,2766.0,5128.0,3146.0,9224.0,5584.0,5203.0,3528.0,5019.0,7991.0,1142.0,588.0,1965.0,1510.0
2018-04-16,7583.0,10530.0,1275.0,2793.0,19082.0,177.0,2752.0,6850.0,4502.0,10286.0,6567.0,6060.0,4416.0,5971.0,9582.0,1299.0,558.0,2091.0,1437.0
2018-04-17,7674.0,10653.0,1330.0,2792.0,18528.0,210.0,2499.0,7842.0,3375.0,10691.0,7032.0,5829.0,4139.0,6174.0,9514.0,1169.0,766.0,2077.0,1538.0
2018-04-18,7306.0,11346.0,1262.0,2608.0,20118.0,205.0,2510.0,5249.0,3275.0,14783.0,6475.0,6063.0,3999.0,5861.0,9792.0,1012.0,600.0,1975.0,1274.0
2018-04-19,7476.0,10146.0,1164.0,2643.0,20338.0,854.0,2522.0,5386.0,3228.0,10363.0,6452.0,5439.0,4041.0,5658.0,9305.0,1047.0,512.0,2005.0,1355.0
2018-04-20,7063.0,8598.0,1184.0,2570.0,16615.0,321.0,2428.0,5110.0,3144.0,9630.0,6054.0,4777.0,3445.0,4471.0,7505.0,940.0,460.0,1715.0,1030.0
2018-04-21,6026.0,6761.0,920.0,2185.0,25755.0,245.0,2103.0,4136.0,2907.0,8335.0,5184.0,3878.0,3008.0,3731.0,6317.0,728.0,464.0,1675.0,1075.0
2018-04-22,6778.0,8558.0,1265.0,2632.0,29737.0,258.0,2731.0,4887.0,3032.0,9508.0,6042.0,4875.0,3480.0,4437.0,7686.0,1166.0,623.0,1799.0,1143.0
2018-04-23,7851.0,9922.0,1434.0,3044.0,22504.0,251.0,2679.0,5498.0,4002.0,10846.0,7138.0,5763.0,3975.0,5158.0,8804.0,1262.0,839.0,2339.0,1370.0
2018-04-24,7311.0,10070.0,1332.0,2981.0,28649.0,328.0,2669.0,5409.0,3656.0,11453.0,6697.0,5421.0,4031.0,5768.0,9331.0,1137.0,630.0,2330.0,1293.0
2018-04-25,8420.0,9962.0,1378.0,2956.0,32325.0,241.0,2535.0,5597.0,3753.0,11578.0,7135.0,5469.0,3813.0,5465.0,9142.0,1186.0,652.0,2268.0,1359.0
2018-04-26,7253.0,9348.0,1216.0,2649.0,23383.0,944.0,2379.0,4974.0,3549.0,9990.0,6234.0,6396.0,3728.0,5349.0,8464.0,1083.0,542.0,2195.0,1182.0
2018-04-27,6539.0,7668.0,1076.0,2435.0,22220.0,520.0,2245.0,4493.0,3297.0,8818.0,5466.0,4136.0,2943.0,4083.0,6981.0,922.0,619.0,1891.0,1091.0
2018-04-28,5444.0,5970.0,1033.0,2155.0,19191.0,317.0,2215.0,3673.0,2535.0,7457.0,4412.0,3358.0,2418.0,3211.0,5682.0,712.0,505.0,1354.0,817.0
2018-04-29,6019.0,6719.0,1129.0,2425.0,36630.0,2640.0,2478.0,4291.0,2844.0,8229.0,5389.0,3931.0,2848.0,3495.0,6446.0,931.0,470.0,1817.0,1192.0
2018-04-30,7122.0,7911.0,1184.0,2530.0,41147.0,1546.0,2464.0,4977.0,3889.0,9444.0,6343.0,4308.0,3059.0,3858.0,7053.0,886.0,515.0,1679.0,1203.0
2018-05-01,7406.0,8562.0,1485.0,3028.0,31623.0,448.0,2421.0,4971.0,3848.0,10392.0,5999.0,4589.0,3288.0,4331.0,9181.0,1094.0,630.0,2422.0,1501.0
2018-05-02,7491.0,9268.0,1211.0,2715.0,26556.0,183.0,2409.0,5307.0,3978.0,10160.0,6061.0,5140.0,3783.0,5081.0,8773.0,1032.0,617.0,2216.0,1324.0
2018-05-03,7065.0,9306.0,1217.0,2598.0,22145.0,190.0,2252.0,5010.0,4527.0,10944.0,6026.0,4932.0,3676.0,5242.0,8686.0,1015.0,652.0,2015.0,1262.0
2018-05-04,7053.0,7927.0,1155.0,2503.0,19961.0,223.0,2174.0,4596.0,3909.0,11449.0,5809.0,4389.0,3077.0,4473.0,7500.0,896.0,500.0,1820.0,1045.0
2018-05-05,6717.0,6786.0,1112.0,2223.0,17741.0,295.0,2025.0,11098.0,4825.0,7840.0,4878.0,3774.0,2598.0,3559.0,6345.0,795.0,504.0,1478.0,1014.0
2018-05-06,6894.0,8681.0,1216.0,2421.0,43906.0,285.0,2931.0,21026.0,6538.0,8563.0,5352.0,4728.0,3176.0,4406.0,7536.0,1041.0,554.0,1665.0,1158.0
2018-05-07,7958.0,10180.0,1292.0,2733.0,33999.0,224.0,2663.0,5679.0,19735.0,10047.0,6801.0,5187.0,3842.0,5444.0,8948.0,1144.0,631.0,2157.0,1279.0
2018-05-08,7879.0,10496.0,1301.0,2773.0,22673.0,229.0,2271.0,5482.0,5837.0,10175.0,6319.0,5472.0,4213.0,5578.0,9029.0,1114.0,576.0,2028.0,1155.0
2018-05-09,8073.0,10611.0,1311.0,2601.0,25902.0,297.0,2174.0,5278.0,4609.0,10047.0,6167.0,5055.0,3932.0,5481.0,8490.0,918.0,569.0,1896.0,1149.0
2018-05-10,7608.0,10248.0,1287.0,2651.0,25837.0,206.0,2279.0,5039.0,4133.0,9893.0,6016.0,5076.0,3907.0,5119.0,8465.0,910.0,548.0,1885.0,1224.0
2018-05-11,6938.0,8345.0,1101.0,2415.0,20455.0,273.0,2048.0,4559.0,3806.0,9340.0,5856.0,4120.0,3201.0,4199.0,7084.0,779.0,519.0,1523.0,1047.0
2018-05-12,6066.0,6522.0,1084.0,2148.0,19360.0,159.0,2139.0,4215.0,3419.0,8943.0,5233.0,3584.0,2458.0,3521.0,5794.0,791.0,436.0,1978.0,980.0
2018-05-13,6584.0,8066.0,1324.0,2228.0,25144.0,103.0,2171.0,4357.0,3773.0,9267.0,5494.0,4023.0,3001.0,3733.0,5988.0,1108.0,589.0,2085.0,1371.0
2018-05-14,8044.0,9790.0,1531.0,2766.0,23600.0,153.0,2532.0,6369.0,6869.0,10766.0,6827.0,5311.0,4323.0,5409.0,8392.0,1239.0,659.0,2328.0,1486.0
2018-05-15,7911.0,9937.0,1522.0,2639.0,21026.0,114.0,2319.0,5718.0,4146.0,10770.0,6511.0,5287.0,4017.0,5642.0,8870.0,1124.0,656.0,2304.0,1434.0
2018-05-16,8085.0,9898.0,1483.0,2675.0,26310.0,233.0,2402.0,5431.0,4210.0,10495.0,6487.0,5230.0,4164.0,5658.0,9038.0,1100.0,740.0,2397.0,1540.0
2018-05-17,8049.0,9825.0,1318.0,2737.0,26881.0,150.0,2372.0,6199.0,4162.0,10994.0,6464.0,5249.0,4256.0,5510.0,8916.0,958.0,674.0,2202.0,1306.0
2018-05-18,7979.0,7951.0,1339.0,2644.0,21087.0,124.0,2022.0,5976.0,3819.0,9936.0,6429.0,4473.0,3424.0,4424.0,7860.0,1132.0,567.0,1895.0,1246.0
2018-05-19,6943.0,6471.0,1039.0,2544.0,23578.0,73.0,2705.0,5027.0,3284.0,8585.0,4970.0,3749.0,2768.0,3464.0,6743.0,970.0,513.0,1521.0,1077.0
2018-05-20,7704.0,8352.0,1274.0,2717.0,33032.0,68.0,2535.0,6579.0,3606.0,9631.0,6014.0,4647.0,3270.0,4240.0,7877.0,1131.0,607.0,1899.0,1383.0
2018-05-21,9023.0,10307.0,1611.0,2967.0,36097.0,95.0,2822.0,6580.0,4591.0,11385.0,7516.0,5796.0,4220.0,5521.0,10179.0,1458.0,782.0,2133.0,1730.0
2018-05-22,9269.0,10007.0,1538.0,2897.0,29707.0,321.0,2361.0,6117.0,4244.0,11577.0,7176.0,5752.0,4351.0,6049.0,10273.0,1185.0,680.0,2192.0,1546.0
2018-05-23,8630.0,9873.0,1593.0,2853.0,28405.0,349.0,2165.0,5631.0,3906.0,11113.0,7010.0,5533.0,4520.0,5598.0,10268.0,1161.0,755.0,2378.0,1447.0
2018-05-24,8347.0,8591.0,1522.0,2911.0,26665.0,426.0,2195.0,5192.0,4134.0,10710.0,6504.0,5332.0,3960.0,5118.0,9378.0,1046.0,681.0,2308.0,1353.0
2018-05-25,7956.0,8311.0,1428.0,2579.0,26108.0,528.0,2038.0,4735.0,3577.0,10226.0,6187.0,4271.0,3163.0,4279.0,8316.0,1069.0,617.0,1894.0,1329.0
2018-05-26,6902.0,7361.0,1192.0,2170.0,57640.0,645.0,2138.0,4061.0,3129.0,9632.0,6231.0,3870.0,2886.0,3854.0,8552.0,796.0,577.0,1981.0,1320.0
2018-05-27,7220.0,8380.0,1475.0,2353.0,55946.0,580.0,2039.0,4552.0,3333.0,10074.0,7704.0,4766.0,3501.0,4871.0,15612.0,1061.0,691.0,2373.0,2227.0
2018-05-28,8239.0,10277.0,1519.0,2389.0,40828.0,480.0,2275.0,4926.0,3942.0,11079.0,8554.0,5718.0,4638.0,5860.0,14715.0,1103.0,702.0,2351.0,2140.0
2018-05-29,9161.0,11622.0,1658.0,2871.0,33447.0,324.0,2276.0,5022.0,4149.0,11758.0,7603.0,5533.0,5221.0,6406.0,11638.0,1097.0,719.0,2378.0,1580.0
2018-05-30,9593.0,11152.0,1534.0,2851.0,59173.0,321.0,2680.0,5087.0,4010.0,11732.0,7223.0,5325.0,4609.0,6235.0,10986.0,1101.0,779.0,2314.0,1379.0
2018-05-31,8754.0,12175.0,1520.0,2740.0,36096.0,925.0,2265.0,5318.0,3896.0,11291.0,6874.0,5151.0,5607.0,7758.0,10035.0,1040.0,688.0,2148.0,1547.0
2018-06-01,8060.0,8008.0,1688.0,2324.0,29683.0,499.0,1941.0,4583.0,3711.0,10019.0,6043.0,4459.0,3726.0,4937.0,8604.0,1093.0,679.0,2173.0,1396.0
2018-06-02,7656.0,6565.0,1463.0,2094.0,29965.0,489.0,5740.0,4520.0,3612.0,9909.0,5363.0,3754.0,2959.0,3817.0,6694.0,980.0,732.0,1977.0,1437.0
2018-06-03,8465.0,8567.0,1917.0,2508.0,32995.0,541.0,3428.0,4600.0,4025.0,11830.0,5878.0,4543.0,3685.0,5367.0,7216.0,1312.0,849.0,2854.0,1570.0
2018-06-04,9673.0,10054.0,1796.0,2770.0,34915.0,761.0,2848.0,5789.0,4586.0,12569.0,7083.0,5395.0,4764.0,6055.0,9588.0,1252.0,960.0,2846.0,1910.0
2018-06-05,9452.0,10307.0,1785.0,2704.0,33919.0,442.0,2899.0,5273.0,4695.0,13133.0,7000.0,5360.0,4735.0,6137.0,10085.0,1212.0,1049.0,2799.0,1640.0
2018-06-06,10921.0,10365.0,2011.0,2983.0,38233.0,493.0,2699.0,5120.0,4572.0,12219.0,6876.0,5400.0,4938.0,6038.0,9932.0,1222.0,1041.0,2768.0,1639.0
2018-06-07,10612.0,10168.0,1964.0,3093.0,37010.0,485.0,2504.0,5253.0,5079.0,12121.0,6912.0,5135.0,5230.0,5994.0,9796.0,1180.0,1151.0,3570.0,1666.0
2018-06-08,10617.0,9051.0,2178.0,2706.0,32922.0,828.0,2503.0,5649.0,5272.0,11468.0,6459.0,5419.0,4841.0,5152.0,8135.0,1139.0,2127.0,2810.0,1471.0
2018-06-09,10138.0,7354.0,1438.0,2510.0,32366.0,1435.0,6885.0,4479.0,4730.0,10148.0,5753.0,3911.0,3336.0,4209.0,6591.0,867.0,989.0,1958.0,1227.0
2018-06-10,12057.0,9043.0,2230.0,3243.0,41584.0,520.0,4699.0,4636.0,5179.0,12081.0,6759.0,4564.0,4283.0,5266.0,7227.0,1035.0,1199.0,3665.0,1540.0
2018-06-11,10694.0,11347.0,2131.0,2752.0,43591.0,489.0,3536.0,5055.0,6098.0,13009.0,7942.0,5451.0,5968.0,6734.0,9820.0,1204.0,1667.0,3495.0,1689.0
2018-06-12,10263.0,11577.0,2329.0,2643.0,39804.0,503.0,2692.0,5062.0,6789.0,13042.0,7153.0,5609.0,6263.0,7072.0,10062.0,1342.0,1648.0,3174.0,1792.0
2018-06-13,11997.0,11055.0,2507.0,2916.0,45176.0,419.0,2475.0,5200.0,8269.0,14282.0,7606.0,5180.0,5950.0,6823.0,9996.0,1152.0,1983.0,3597.0,1918.0
2018-06-14,14644.0,11833.0,2686.0,2807.0,72716.0,872.0,2478.0,5452.0,12954.0,16428.0,8164.0,5127.0,6976.0,7073.0,9712.0,1241.0,3214.0,3952.0,1920.0
2018-06-15,16033.0,10330.0,4156.0,2890.0,144628.0,255.0,2462.0,5126.0,69133.0,16184.0,7647.0,4453.0,16619.0,7743.0,7732.0,1540.0,39546.0,4933.0,2069.0
2018-06-16,52026.0,17069.0,15050.0,7204.0,341269.0,548.0,3139.0,6415.0,17482.0,17828.0,7837.0,4537.0,7705.0,6564.0,7229.0,2278.0,5650.0,5406.0,2382.0
2018-06-17,20589.0,11532.0,4687.0,3451.0,157859.0,733.0,3155.0,5818.0,13630.0,36361.0,9670.0,4778.0,6286.0,11309.0,13397.0,1738.0,3370.0,15060.0,3085.0
2018-06-18,15705.0,13363.0,3231.0,3199.0,90753.0,699.0,2727.0,5766.0,10214.0,20476.0,13417.0,5525.0,7003.0,7697.0,16382.0,1559.0,2799.0,6041.0,4814.0
2018-06-19,14039.0,11635.0,2794.0,2996.0,71305.0,506.0,2720.0,5953.0,10995.0,17155.0,31959.0,5338.0,6769.0,7187.0,15336.0,1336.0,2968.0,4212.0,10251.0
2018-06-20,16395.0,12476.0,4478.0,3329.0,112531.0,459.0,2422.0,5918.0,68883.0,17399.0,12163.0,5144.0,16847.0,7096.0,10212.0,1734.0,38233.0,5076.0,3118.0
2018-06-21,51811.0,18160.0,18710.0,5490.0,235743.0,429.0,2821.0,7062.0,19036.0,18489.0,9938.0,5224.0,8616.0,7145.0,9694.0,2332.0,6502.0,7265.0,2926.0
2018-06-22,31019.0,13098.0,5933.0,4369.0,182261.0,258.0,3748.0,6062.0,10740.0,30953.0,8592.0,4678.0,6586.0,8602.0,8168.0,1511.0,3126.0,8899.0,2442.0
2018-06-23,16671.0,8778.0,2316.0,3049.0,141759.0,293.0,3107.0,5256.0,9946.0,17786.0,8151.0,3804.0,4628.0,5056.0,6742.0,990.0,1962.0,3300.0,1815.0
2018-06-24,16986.0,10501.0,4623.0,3265.0,181423.0,14443.0,3366.0,6074.0,11141.0,17480.0,55397.0,5154.0,6393.0,5691.0,16719.0,2399.0,3868.0,7574.0,55324.0
2018-06-25,18165.0,12775.0,4774.0,3875.0,98741.0,2787.0,3180.0,6110.0,71520.0,17457.0,19276.0,5289.0,21094.0,6956.0,10714.0,2155.0,46294.0,5754.0,7933.0
2018-06-26,49827.0,17463.0,21551.0,5724.0,240734.0,1092.0,2950.0,6627.0,26631.0,17607.0,11049.0,5138.0,9671.0,6651.0,9276.0,3336.0,10195.0,5419.0,3714.0
2018-06-27,30879.0,13245.0,5530.0,4803.0,163435.0,982.0,3044.0,6059.0,16621.0,31184.0,9979.0,4887.0,7622.0,8968.0,8850.0,1427.0,5073.0,8437.0,2822.0
2018-06-28,17755.0,12237.0,3204.0,3349.0,86998.0,5023.0,2725.0,5616.0,14892.0,20626.0,29774.0,4877.0,7215.0,7331.0,13211.0,1356.0,4517.0,4787.0,11467.0
2018-06-29,17930.0,9591.0,2235.0,3222.0,64988.0,3796.0,2852.0,5794.0,14330.0,17657.0,15720.0,3891.0,5942.0,5214.0,7993.0,1107.0,3212.0,2914.0,2692.0
2018-06-30,62707.0,14648.0,25956.0,6795.0,436926.0,1265.0,4075.0,8219.0,377485.0,26351.0,12808.0,4195.0,71465.0,5950.0,7235.0,5069.0,314421.0,16546.0,6439.0
2018-07-01,26974.0,11653.0,5656.0,4198.0,210178.0,1131.0,3426.0,6697.0,112747.0,23881.0,12999.0,4697.0,26036.0,6781.0,7731.0,1799.0,57923.0,5290.0,3308.0
2018-07-02,19670.0,11408.0,3467.0,3766.0,103147.0,1810.0,3068.0,6986.0,37505.0,43892.0,14601.0,5509.0,13102.0,11558.0,9197.0,1537.0,18709.0,10700.0,3059.0
2018-07-03,15760.0,11065.0,4335.0,3342.0,76051.0,960.0,2792.0,6592.0,29176.0,23814.0,116045.0,5183.0,13804.0,7755.0,18706.0,2139.0,12700.0,7948.0,72146.0
2018-07-04,12983.0,11140.0,2222.0,3276.0,61141.0,846.0,3028.0,6215.0,29055.0,17944.0,32563.0,5203.0,13350.0,6670.0,11676.0,1558.0,7472.0,3525.0,10197.0
2018-07-05,12160.0,9476.0,2034.0,3204.0,56597.0,3037.0,3383.0,6162.0,27612.0,16553.0,14740.0,4551.0,10299.0,5943.0,9523.0,1265.0,7450.0,3187.0,3496.0
2018-07-06,17902.0,10323.0,6917.0,3685.0,70988.0,1176.0,2959.0,6889.0,179665.0,44368.0,12552.0,4433.0,48180.0,11462.0,8534.0,2415.0,100305.0,24523.0,4218.0
2018-07-07,12966.0,8323.0,3718.0,2781.0,64836.0,846.0,3025.0,5578.0,33419.0,23692.0,9108.0,4170.0,12178.0,4830.0,7593.0,1142.0,11575.0,6085.0,2230.0
2018-07-08,11039.0,7904.0,2455.0,3443.0,47166.0,1551.0,3573.0,5700.0,15167.0,15729.0,10263.0,4321.0,6857.0,4896.0,7301.0,1284.0,4342.0,3163.0,1898.0
2018-07-09,13400.0,10392.0,1918.0,3226.0,37171.0,2337.0,4278.0,5770.0,12344.0,14532.0,8179.0,4714.0,6532.0,5410.0,7606.0,1115.0,2927.0,2957.0,1593.0
2018-07-10,11416.0,9783.0,1772.0,2986.0,79569.0,1116.0,3017.0,5468.0,11640.0,16906.0,7515.0,4585.0,6902.0,5402.0,8659.0,1096.0,3616.0,3159.0,1652.0
2018-07-11,12236.0,9280.0,1875.0,2666.0,77001.0,719.0,4412.0,5324.0,19059.0,14472.0,7983.0,4962.0,10222.0,5827.0,9673.0,1115.0,3811.0,2743.0,1492.0
2018-07-12,10380.0,8816.0,1504.0,2755.0,47963.0,970.0,2953.0,5079.0,17615.0,14427.0,12153.0,4778.0,9022.0,5052.0,9309.0,965.0,4236.0,2210.0,1659.0
2018-07-13,8872.0,7040.0,1331.0,2776.0,37145.0,1223.0,2812.0,4851.0,9843.0,11422.0,8716.0,4102.0,5431.0,3961.0,7351.0,954.0,2388.0,1878.0,1450.0
2018-07-14,8499.0,5934.0,1333.0,2424.0,37957.0,2693.0,3106.0,4564.0,8739.0,10840.0,7648.0,3230.0,4645.0,3319.0,5160.0,803.0,2076.0,2131.0,1277.0
2018-07-15,12178.0,8229.0,2307.0,2739.0,68769.0,2686.0,3418.0,5459.0,17243.0,14863.0,10166.0,3169.0,9358.0,4725.0,6309.0,956.0,3865.0,3021.0,1355.0
2018-07-16,9848.0,7872.0,1567.0,2781.0,50073.0,1472.0,3209.0,5312.0,8997.0,13068.0,7729.0,3302.0,5695.0,4334.0,6826.0,1005.0,1878.0,2273.0,1323.0
2018-07-17,8710.0,7332.0,1432.0,2638.0,38009.0,1082.0,3179.0,4869.0,6800.0,11531.0,8025.0,3442.0,4898.0,4272.0,6664.0,881.0,1191.0,1936.0,1302.0
2018-07-18,8069.0,7248.0,1323.0,2622.0,30378.0,946.0,2844.0,4922.0,5473.0,11564.0,7585.0,4137.0,4826.0,4121.0,6738.0,983.0,1175.0,1884.0,1355.0
2018-07-19,7677.0,6807.0,1186.0,2657.0,27161.0,1659.0,2688.0,5768.0,4987.0,11060.0,7502.0,3744.0,4311.0,3843.0,6586.0,823.0,956.0,1651.0,1227.0
2018-07-20,7852.0,5827.0,1231.0,2458.0,24856.0,973.0,2761.0,4562.0,4540.0,10224.0,9539.0,3600.0,3319.0,3493.0,7025.0,848.0,999.0,1797.0,1463.0
2018-07-21,6627.0,5521.0,1664.0,2330.0,23317.0,784.0,2755.0,4283.0,4051.0,9509.0,7152.0,3140.0,2771.0,3140.0,6249.0,897.0,901.0,2024.0,1279.0
2018-07-22,7337.0,6543.0,1446.0,2342.0,24402.0,767.0,3360.0,4577.0,3900.0,12122.0,7478.0,3647.0,3322.0,3490.0,7591.0,1559.0,819.0,2011.0,1430.0
2018-07-23,8287.0,7366.0,1299.0,2679.0,21285.0,672.0,2983.0,5246.0,3826.0,11257.0,8533.0,3879.0,4025.0,4091.0,8451.0,1213.0,718.0,1841.0,1572.0
2018-07-24,7098.0,7396.0,1188.0,2540.0,24194.0,707.0,2770.0,4696.0,3836.0,10281.0,7109.0,4094.0,3752.0,4057.0,8376.0,955.0,635.0,1824.0,1298.0
2018-07-25,6720.0,7637.0,1109.0,2469.0,23876.0,523.0,3152.0,4516.0,3533.0,10385.0,6958.0,3998.0,3726.0,4013.0,8186.0,934.0,562.0,1804.0,1167.0
2018-07-26,7158.0,7735.0,1115.0,2532.0,20189.0,429.0,2758.0,4874.0,4000.0,10780.0,7184.0,3874.0,3906.0,4097.0,8180.0,903.0,640.0,1683.0,1269.0
2018-07-27,6558.0,6845.0,1015.0,2318.0,18914.0,278.0,2774.0,4700.0,3462.0,9639.0,6777.0,3681.0,3230.0,3534.0,6753.0,802.0,589.0,1557.0,1203.0
2018-07-28,6522.0,6187.0,1122.0,2415.0,19188.0,285.0,2751.0,4276.0,3381.0,8679.0,6569.0,3280.0,2647.0,2894.0,5866.0,1577.0,636.0,1460.0,1160.0
2018-07-29,6807.0,6875.0,1117.0,2441.0,20739.0,471.0,3136.0,4496.0,3882.0,9321.0,6891.0,3603.0,2941.0,3372.0,7099.0,991.0,683.0,1660.0,1273.0
2018-07-30,6873.0,7359.0,1136.0,2544.0,19851.0,349.0,2888.0,4539.0,4636.0,11883.0,6972.0,4101.0,3485.0,3616.0,8004.0,914.0,664.0,1580.0,1225.0
2018-07-31,6777.0,7327.0,1063.0,2538.0,19114.0,406.0,2839.0,4713.0,3615.0,9793.0,6591.0,3952.0,3491.0,3832.0,8371.0,896.0,721.0,1620.0,1090.0
2018-08-01,8094.0,6927.0,1110.0,3130.0,17696.0,277.0,2628.0,5549.0,3290.0,11443.0,6832.0,4040.0,3276.0,3810.0,8033.0,811.0,602.0,1633.0,1160.0
2018-08-02,6563.0,6823.0,986.0,2485.0,26173.0,359.0,2801.0,4584.0,3076.0,9809.0,6831.0,3937.0,3259.0,3794.0,8234.0,902.0,606.0,1495.0,1071.0
2018-08-03,6203.0,6073.0,1104.0,2274.0,16005.0,333.0,3047.0,4327.0,3257.0,8778.0,6272.0,3632.0,2729.0,3137.0,6878.0,874.0,599.0,1410.0,1035.0
2018-08-04,6122.0,4960.0,973.0,2227.0,19145.0,604.0,3229.0,4404.0,3109.0,8625.0,5971.0,3153.0,2269.0,2712.0,5946.0,911.0,574.0,1449.0,994.0
2018-08-05,6826.0,6264.0,1392.0,2409.0,16248.0,517.0,3366.0,4634.0,3465.0,8877.0,9789.0,4473.0,2444.0,3192.0,7006.0,1341.0,704.0,1932.0,2707.0
2018-08-06,6722.0,6957.0,1145.0,2540.0,15768.0,1007.0,3068.0,5099.0,3395.0,9268.0,8483.0,4481.0,3243.0,3678.0,7678.0,1095.0,606.0,1611.0,1721.0
2018-08-07,8684.0,7598.0,1236.0,2582.0,15324.0,431.0,2850.0,4887.0,4257.0,11517.0,7940.0,4481.0,3482.0,3629.0,12545.0,1096.0,607.0,2019.0,2427.0
2018-08-08,6801.0,8115.0,1193.0,2496.0,14499.0,351.0,2799.0,4651.0,2935.0,8857.0,7655.0,4321.0,3370.0,3969.0,10735.0,896.0,660.0,1666.0,3533.0
2018-08-09,8533.0,8853.0,1612.0,2725.0,14869.0,305.0,3129.0,4852.0,3354.0,9260.0,7812.0,4446.0,3332.0,3692.0,8538.0,1102.0,1968.0,1669.0,2333.0
2018-08-10,7282.0,7382.0,1139.0,2550.0,16091.0,365.0,3728.0,4709.0,2947.0,9350.0,7678.0,4267.0,3066.0,3450.0,7545.0,1114.0,838.0,1709.0,1997.0
2018-08-11,6307.0,7373.0,1141.0,2183.0,16369.0,307.0,4002.0,4205.0,2734.0,8037.0,7308.0,3263.0,3540.0,5450.0,8658.0,886.0,798.0,1497.0,1266.0
2018-08-12,6895.0,6365.0,1120.0,2423.0,20780.0,330.0,4527.0,4200.0,2965.0,8725.0,9223.0,3815.0,2702.0,3325.0,7554.0,787.0,670.0,1773.0,2086.0
2018-08-13,7469.0,7592.0,1215.0,2740.0,21184.0,343.0,3687.0,4785.0,3190.0,14167.0,7809.0,4707.0,3161.0,3734.0,8687.0,1299.0,701.0,1923.0,1387.0
2018-08-14,7661.0,7825.0,1201.0,2745.0,16628.0,476.0,3408.0,4671.0,3217.0,8848.0,7838.0,4585.0,3380.0,3773.0,8431.0,1216.0,618.0,1733.0,1272.0
2018-08-15,7408.0,7525.0,1245.0,2626.0,20363.0,626.0,3279.0,4617.0,3263.0,9076.0,7859.0,4288.0,3497.0,3844.0,8208.0,1225.0,1052.0,1770.0,1306.0
2018-08-16,8072.0,7196.0,1171.0,2952.0,17522.0,416.0,3191.0,5137.0,3662.0,9336.0,8802.0,8148.0,3322.0,3802.0,8163.0,980.0,654.0,1826.0,1293.0
2018-08-17,6563.0,5958.0,1096.0,2362.0,15971.0,607.0,2887.0,4554.0,3254.0,8375.0,7834.0,3894.0,2800.0,3239.0,6778.0,954.0,596.0,1637.0,1374.0
2018-08-18,6188.0,5304.0,1041.0,2126.0,23071.0,606.0,3156.0,3887.0,3640.0,7738.0,6528.0,3296.0,2289.0,2609.0,5565.0,753.0,1248.0,1490.0,1239.0
2018-08-19,6778.0,5931.0,1307.0,2381.0,29182.0,1615.0,3444.0,4296.0,3201.0,8801.0,8058.0,3878.0,3469.0,3008.0,5890.0,1303.0,755.0,1992.0,1362.0
2018-08-20,7512.0,7084.0,1294.0,2621.0,19774.0,1225.0,3082.0,4820.0,3356.0,9242.0,8101.0,4733.0,3323.0,3714.0,7864.0,1140.0,732.0,2007.0,1495.0
2018-08-21,8003.0,7719.0,1342.0,2598.0,16266.0,557.0,3013.0,4921.0,3602.0,9602.0,8378.0,5607.0,3357.0,4053.0,8495.0,1049.0,701.0,2065.0,1788.0
2018-08-22,7790.0,7721.0,2459.0,2566.0,15866.0,393.0,3160.0,4807.0,3609.0,12086.0,8572.0,5003.0,3285.0,4305.0,8964.0,1025.0,694.0,2067.0,1617.0
2018-08-23,9327.0,7928.0,1587.0,3144.0,15628.0,507.0,3516.0,4738.0,3388.0,9669.0,9847.0,4750.0,3407.0,4308.0,8625.0,1031.0,684.0,1974.0,1371.0
2018-08-24,7179.0,7045.0,1328.0,2417.0,14156.0,467.0,3409.0,4767.0,3413.0,9315.0,8117.0,4094.0,3261.0,3639.0,7185.0,1195.0,595.0,1877.0,1310.0
2018-08-25,7240.0,5670.0,1439.0,2470.0,16685.0,376.0,3277.0,4260.0,4927.0,8470.0,6765.0,3464.0,3065.0,3005.0,6129.0,1005.0,2255.0,2021.0,1278.0
2018-08-26,7166.0,6699.0,1221.0,2461.0,15690.0,808.0,3568.0,4296.0,3514.0,10243.0,9233.0,4051.0,3063.0,3421.0,7897.0,960.0,791.0,1813.0,1538.0
2018-08-27,7624.0,7777.0,1218.0,2589.0,14920.0,872.0,3530.0,4829.0,3814.0,10518.0,8147.0,4767.0,3608.0,3784.0,9417.0,1067.0,907.0,1838.0,1451.0
2018-08-28,8018.0,8088.0,1317.0,2584.0,14095.0,610.0,3068.0,5164.0,3723.0,10133.0,8126.0,4981.0,3696.0,4277.0,9246.0,971.0,730.0,1641.0,1446.0
2018-08-29,8673.0,8124.0,1446.0,2652.0,14252.0,620.0,4028.0,5164.0,3583.0,9966.0,8164.0,4762.0,3506.0,4617.0,8658.0,1147.0,614.0,1954.0,1418.0
2018-08-30,11265.0,8858.0,1975.0,3013.0,15417.0,1704.0,3542.0,5466.0,3696.0,12076.0,7799.0,4756.0,3419.0,4310.0,8529.0,1170.0,728.0,1730.0,1350.0
2018-08-31,9596.0,7684.0,1592.0,2626.0,14597.0,4671.0,4159.0,4845.0,3542.0,9201.0,7287.0,3986.0,3107.0,3531.0,7046.0,995.0,725.0,1767.0,1136.0
2018-09-01,7473.0,6461.0,1151.0,2403.0,14285.0,4207.0,2893.0,4002.0,2766.0,8276.0,6099.0,3431.0,2224.0,2994.0,5832.0,944.0,553.0,1694.0,1113.0
2018-09-02,7170.0,7178.0,1325.0,2299.0,23777.0,3355.0,3144.0,4171.0,3619.0,10635.0,6697.0,4039.0,2696.0,3294.0,6784.0,1079.0,654.0,1699.0,1329.0
2018-09-03,9232.0,8539.0,1530.0,2760.0,24368.0,2855.0,3335.0,4978.0,3522.0,13443.0,7745.0,4875.0,3443.0,4821.0,8090.0,1269.0,660.0,2537.0,1461.0
2018-09-04,11453.0,8906.0,1868.0,3490.0,19395.0,2275.0,2924.0,5276.0,3772.0,13169.0,9445.0,4991.0,3258.0,4595.0,8611.0,1131.0,642.0,2131.0,1402.0
2018-09-05,10172.0,8346.0,1342.0,2492.0,18714.0,2226.0,2858.0,6156.0,4006.0,14778.0,7667.0,4996.0,3184.0,4596.0,8621.0,1033.0,670.0,1704.0,1334.0
2018-09-06,7848.0,8246.0,1176.0,2460.0,15940.0,1638.0,2727.0,4869.0,3864.0,12707.0,7312.0,5356.0,3164.0,5137.0,8699.0,1092.0,770.0,1842.0,1357.0
2018-09-07,7874.0,7075.0,1289.0,2390.0,14344.0,1331.0,2541.0,4761.0,3359.0,13851.0,7067.0,4774.0,2666.0,4689.0,7242.0,875.0,714.0,2112.0,1278.0
2018-09-08,7867.0,5878.0,1098.0,2166.0,15518.0,1054.0,2895.0,4280.0,3953.0,10343.0,6299.0,3585.0,3883.0,3551.0,5894.0,960.0,705.0,1684.0,1198.0
2018-09-09,9889.0,6600.0,1798.0,2458.0,15640.0,917.0,3295.0,4487.0,3333.0,9708.0,7172.0,4194.0,2978.0,3605.0,6639.0,1356.0,1279.0,2471.0,1675.0
2018-09-10,8711.0,7243.0,1345.0,2648.0,14795.0,792.0,3216.0,5394.0,3608.0,10325.0,8044.0,5041.0,2899.0,4115.0,7986.0,1306.0,649.0,1813.0,1395.0
2018-09-11,7917.0,7284.0,1370.0,2423.0,15862.0,671.0,3051.0,6293.0,3565.0,10825.0,8092.0,5577.0,2898.0,4338.0,8089.0,1753.0,598.0,1819.0,1732.0
2018-09-12,7836.0,7771.0,1380.0,2474.0,15412.0,613.0,2954.0,6004.0,3483.0,10385.0,8078.0,5116.0,2942.0,4206.0,8212.0,1120.0,607.0,1854.0,1817.0
2018-09-13,7247.0,7049.0,1275.0,2326.0,14428.0,569.0,2801.0,5225.0,3370.0,11232.0,7600.0,4537.0,2697.0,3759.0,7327.0,1044.0,696.0,1805.0,1423.0
2018-09-14,6802.0,5987.0,1101.0,2362.0,13428.0,588.0,3010.0,4985.0,3177.0,12465.0,9011.0,4159.0,2430.0,3023.0,6649.0,893.0,536.0,1627.0,1239.0
2018-09-15,6680.0,5482.0,1039.0,2016.0,14960.0,456.0,2949.0,4628.0,2890.0,10161.0,6388.0,3724.0,2198.0,2739.0,5574.0,891.0,575.0,1505.0,1188.0
2018-09-16,6746.0,6623.0,1663.0,2246.0,28553.0,810.0,2933.0,5873.0,3171.0,11823.0,6937.0,4729.0,2401.0,3290.0,6689.0,1273.0,744.0,1633.0,1396.0
2018-09-17,7444.0,7604.0,1492.0,2483.0,27788.0,2375.0,3148.0,5544.0,3670.0,10257.0,7896.0,5118.0,2724.0,3921.0,7958.0,1024.0,663.0,1848.0,1439.0
2018-09-18,7451.0,7323.0,1300.0,2415.0,39478.0,895.0,3173.0,6054.0,3600.0,10020.0,6748.0,6190.0,2885.0,4255.0,8034.0,1147.0,585.0,1732.0,1247.0
2018-09-19,7549.0,7153.0,1224.0,2818.0,34934.0,539.0,2974.0,5485.0,3535.0,12930.0,6473.0,5532.0,2793.0,4303.0,7592.0,1092.0,689.0,1817.0,1251.0
2018-09-20,8400.0,7138.0,1129.0,2638.0,21488.0,1425.0,2905.0,5542.0,3314.0,10569.0,6853.0,4751.0,2581.0,3873.0,7046.0,978.0,464.0,1666.0,1206.0
2018-09-21,8962.0,5698.0,1043.0,2444.0,19299.0,821.0,2714.0,6317.0,3203.0,11052.0,9767.0,4217.0,2401.0,3252.0,5960.0,996.0,449.0,1622.0,1405.0
2018-09-22,5945.0,5193.0,941.0,2065.0,16525.0,519.0,3031.0,4302.0,3662.0,10660.0,7408.0,3734.0,2174.0,2956.0,5118.0,855.0,423.0,1531.0,1101.0
2018-09-23,6778.0,6519.0,1214.0,2483.0,21724.0,555.0,3031.0,4376.0,2954.0,9096.0,6011.0,4285.0,2569.0,3130.0,6018.0,980.0,739.0,1702.0,1199.0
2018-09-24,9377.0,6786.0,1567.0,2553.0,22689.0,471.0,2890.0,6212.0,3350.0,11828.0,6944.0,5118.0,3037.0,4019.0,7913.0,944.0,497.0,1725.0,1220.0
2018-09-25,7503.0,7569.0,1472.0,2465.0,21112.0,718.0,3003.0,5112.0,3240.0,10471.0,8663.0,5391.0,3107.0,4429.0,8589.0,1016.0,632.0,1639.0,1180.0
2018-09-26,7714.0,7766.0,1183.0,2425.0,18201.0,709.0,2784.0,5251.0,3337.0,10313.0,6865.0,5325.0,3288.0,4250.0,8442.0,925.0,470.0,1687.0,1083.0
2018-09-27,7516.0,7263.0,1235.0,2300.0,15913.0,485.0,3198.0,5424.0,3319.0,9200.0,6560.0,4887.0,3142.0,4066.0,8037.0,840.0,520.0,1560.0,1013.0
2018-09-28,7071.0,6404.0,1109.0,2151.0,14276.0,609.0,2842.0,5962.0,3062.0,8484.0,5906.0,4253.0,2568.0,3444.0,6628.0,932.0,417.0,1512.0,904.0
2018-09-29,5935.0,5353.0,975.0,2078.0,16545.0,1081.0,2797.0,4356.0,3769.0,8178.0,5126.0,3875.0,2267.0,2841.0,5280.0,760.0,2200.0,1449.0,1042.0
2018-09-30,6793.0,6770.0,1187.0,2337.0,14789.0,563.0,3286.0,4959.0,3739.0,8950.0,5644.0,4649.0,2612.0,3643.0,6575.0,936.0,630.0,1964.0,1008.0
2018-10-01,9189.0,7701.0,1155.0,2608.0,15737.0,459.0,3475.0,7074.0,3515.0,11676.0,8489.0,6700.0,3102.0,4532.0,8166.0,1546.0,613.0,1734.0,1166.0
2018-10-02,7533.0,8047.0,1130.0,2522.0,19151.0,452.0,3153.0,6117.0,3329.0,10073.0,6753.0,6434.0,3209.0,4656.0,8528.0,1254.0,793.0,1792.0,1116.0
2018-10-03,7923.0,7711.0,1370.0,2834.0,37683.0,435.0,2992.0,5654.0,3510.0,9779.0,6524.0,5591.0,3336.0,4940.0,8431.0,1029.0,548.0,1934.0,1166.0
2018-10-04,7975.0,7787.0,1254.0,2865.0,37495.0,345.0,2660.0,5408.0,3357.0,9937.0,6402.0,5130.0,3149.0,4611.0,7769.0,970.0,712.0,1834.0,1087.0
2018-10-05,7736.0,6470.0,1147.0,3386.0,20937.0,358.0,2444.0,6129.0,3372.0,9611.0,6075.0,4523.0,2544.0,4456.0,6391.0,914.0,491.0,2056.0,967.0
2018-10-06,8001.0,5663.0,1125.0,6189.0,18033.0,253.0,2357.0,4656.0,2818.0,8890.0,5068.0,3772.0,2141.0,3651.0,5104.0,756.0,709.0,2155.0,1034.0
2018-10-07,7875.0,7190.0,1592.0,3010.0,22340.0,442.0,2688.0,4643.0,2999.0,12460.0,5380.0,4470.0,2540.0,6956.0,5478.0,1030.0,613.0,4558.0,1174.0
2018-10-08,8445.0,8322.0,1366.0,3177.0,20187.0,506.0,2810.0,5310.0,3543.0,19463.0,6770.0,5390.0,3214.0,9478.0,7061.0,975.0,531.0,5426.0,1225.0
2018-10-09,8143.0,8593.0,1223.0,3368.0,17892.0,312.0,2733.0,5693.0,3456.0,14230.0,6539.0,5691.0,3353.0,6620.0,7631.0,928.0,492.0,3164.0,1174.0
2018-10-10,8204.0,8779.0,1271.0,3040.0,16683.0,332.0,2657.0,5387.0,3464.0,11885.0,6239.0,5757.0,3445.0,5785.0,7683.0,1165.0,524.0,2524.0,1113.0
2018-10-11,8173.0,9282.0,1149.0,2750.0,17225.0,331.0,2467.0,5333.0,3378.0,11720.0,6223.0,5448.0,3530.0,5314.0,7998.0,1041.0,491.0,3132.0,1063.0
2018-10-12,7845.0,8053.0,1087.0,2668.0,15395.0,353.0,2868.0,5038.0,3663.0,10808.0,10183.0,4891.0,3848.0,4672.0,7620.0,808.0,512.0,2187.0,1033.0
2018-10-13,6633.0,6328.0,1013.0,2615.0,15468.0,308.0,2577.0,4117.0,2962.0,9704.0,4984.0,4020.0,2474.0,3842.0,5639.0,805.0,477.0,1734.0,857.0
2018-10-14,7244.0,7307.0,1223.0,2801.0,16519.0,403.0,3051.0,4547.0,3076.0,10185.0,5442.0,4275.0,2577.0,3970.0,6502.0,921.0,570.0,1723.0,1114.0
2018-10-15,8050.0,8291.0,1175.0,3022.0,17299.0,397.0,2770.0,5156.0,3577.0,10777.0,6118.0,4727.0,3195.0,4898.0,7515.0,1010.0,477.0,1672.0,1226.0
2018-10-16,8929.0,8963.0,1193.0,3020.0,19874.0,370.0,2851.0,5491.0,4414.0,11951.0,6290.0,5366.0,3505.0,5539.0,8703.0,919.0,736.0,1878.0,1125.0
2018-10-17,8408.0,8671.0,1296.0,2982.0,17352.0,319.0,2695.0,5171.0,7809.0,11168.0,6487.0,5925.0,3466.0,5340.0,9557.0,1008.0,725.0,1833.0,1162.0
2018-10-18,7971.0,8725.0,1104.0,3062.0,15258.0,369.0,2726.0,5135.0,5768.0,10434.0,6103.0,5031.0,3355.0,5267.0,8818.0,1001.0,744.0,1896.0,1140.0
2018-10-19,7085.0,6614.0,1043.0,2762.0,13136.0,391.0,2560.0,4677.0,4332.0,9362.0,5614.0,4225.0,2891.0,4196.0,7282.0,919.0,657.0,1700.0,979.0
2018-10-20,6323.0,5576.0,1095.0,2398.0,26584.0,278.0,2409.0,4072.0,3613.0,8753.0,4711.0,3634.0,2387.0,3279.0,5788.0,894.0,742.0,1495.0,985.0
2018-10-21,6979.0,6774.0,1210.0,2570.0,27682.0,385.0,2649.0,4622.0,3694.0,9553.0,5646.0,4447.0,2792.0,3964.0,7258.0,999.0,1639.0,1875.0,1158.0
2018-10-22,7591.0,7864.0,1300.0,2788.0,19719.0,569.0,2814.0,5339.0,4211.0,11102.0,6422.0,5571.0,3433.0,5298.0,8561.0,1046.0,857.0,2166.0,2004.0
2018-10-23,7939.0,8553.0,1285.0,2889.0,21654.0,606.0,2911.0,5588.0,4492.0,10638.0,6224.0,5465.0,3533.0,5570.0,8994.0,1072.0,631.0,2004.0,1272.0
2018-10-24,7877.0,8402.0,1216.0,2598.0,22029.0,621.0,2756.0,5312.0,4702.0,11350.0,6304.0,5270.0,3355.0,5581.0,9184.0,953.0,629.0,2405.0,1220.0
2018-10-25,7340.0,7713.0,1266.0,2556.0,18106.0,500.0,5246.0,5296.0,4021.0,11061.0,6236.0,4862.0,3164.0,5317.0,8085.0,1026.0,580.0,2234.0,1184.0
2018-10-26,7571.0,6470.0,1148.0,2505.0,14683.0,922.0,2808.0,9375.0,3665.0,10689.0,5849.0,4065.0,2638.0,4208.0,6763.0,1050.0,673.0,2758.0,1155.0
2018-10-27,5966.0,5167.0,1519.0,2119.0,16098.0,731.0,2781.0,4198.0,3240.0,9726.0,4989.0,3351.0,2116.0,4021.0,5429.0,966.0,895.0,2576.0,1052.0
2018-10-28,8775.0,6596.0,1621.0,2338.0,26172.0,558.0,2954.0,4634.0,3502.0,16615.0,5507.0,4295.0,2670.0,10144.0,6556.0,1116.0,821.0,5212.0,1232.0
2018-10-29,8541.0,7946.0,1525.0,2752.0,20975.0,525.0,3131.0,5923.0,4303.0,34352.0,6923.0,5188.0,3393.0,15433.0,8341.0,1178.0,2548.0,9828.0,1329.0
2018-10-30,8186.0,8235.0,1374.0,2640.0,18494.0,634.0,2733.0,5487.0,4037.0,21363.0,6391.0,4855.0,3247.0,8427.0,8276.0,1132.0,2299.0,5350.0,1418.0
2018-10-31,7370.0,7197.0,1239.0,2496.0,17094.0,503.0,2442.0,5086.0,3432.0,14776.0,5957.0,4347.0,2802.0,5871.0,6703.0,1112.0,1409.0,3243.0,1078.0
2018-11-01,7593.0,6751.0,1392.0,3417.0,16214.0,625.0,2712.0,4933.0,3470.0,13204.0,5973.0,3753.0,2681.0,4917.0,6878.0,1124.0,1325.0,3410.0,1367.0
2018-11-02,6928.0,5994.0,1274.0,2933.0,16214.0,700.0,2683.0,4915.0,3373.0,11984.0,5815.0,3779.0,2425.0,4055.0,6233.0,1002.0,910.0,3746.0,1427.0
2018-11-03,6127.0,5280.0,1136.0,2334.0,17585.0,586.0,2424.0,4252.0,2995.0,10420.0,5301.0,3529.0,2094.0,3592.0,5192.0,847.0,751.0,2787.0,1178.0
2018-11-04,7153.0,6657.0,1441.0,2580.0,20184.0,554.0,3013.0,4470.0,3633.0,10993.0,5583.0,4010.0,2531.0,4358.0,5966.0,1210.0,828.0,3005.0,1382.0
2018-11-05,7662.0,7902.0,1252.0,2698.0,16328.0,555.0,2933.0,5164.0,3689.0,11445.0,6516.0,4707.0,3050.0,4768.0,7825.0,1203.0,673.0,2776.0,1422.0
2018-11-06,7426.0,8397.0,1352.0,2692.0,17242.0,444.0,2808.0,4920.0,3626.0,10686.0,6361.0,5046.0,3345.0,5086.0,8657.0,1193.0,881.0,2540.0,1293.0
2018-11-07,7156.0,8098.0,1235.0,2426.0,17606.0,421.0,2460.0,4822.0,3447.0,10180.0,6244.0,4962.0,3228.0,5003.0,8263.0,1133.0,725.0,2321.0,1373.0
2018-11-08,7179.0,7762.0,1234.0,2445.0,16073.0,1126.0,2726.0,4959.0,3281.0,10482.0,6391.0,4801.0,2980.0,4850.0,7858.0,1164.0,691.0,2285.0,1254.0
2018-11-09,6969.0,6757.0,1068.0,2815.0,13680.0,392.0,2468.0,4516.0,3113.0,9974.0,6068.0,4139.0,2461.0,4014.0,6719.0,1057.0,514.0,2273.0,1192.0
2018-11-10,7006.0,6248.0,1219.0,3299.0,15158.0,328.0,2336.0,4456.0,2960.0,8679.0,5239.0,3555.0,2214.0,3281.0,5226.0,912.0,597.0,2128.0,1189.0
2018-11-11,7937.0,8260.0,1654.0,4953.0,24748.0,266.0,2711.0,4676.0,3030.0,10016.0,5683.0,4004.0,2715.0,3990.0,5896.0,1181.0,763.0,3225.0,1358.0
2018-11-12,7858.0,8420.0,1638.0,3691.0,20396.0,328.0,2759.0,5038.0,3609.0,10614.0,6484.0,4775.0,3083.0,4516.0,7459.0,1365.0,808.0,2409.0,1375.0
2018-11-13,8063.0,8329.0,1292.0,3106.0,20678.0,413.0,2725.0,5531.0,3853.0,10661.0,6785.0,5018.0,3347.0,4647.0,8235.0,1247.0,708.0,2201.0,1404.0
2018-11-14,7783.0,9849.0,1479.0,2768.0,16627.0,315.0,2736.0,5329.0,3687.0,10006.0,6672.0,9939.0,4637.0,6857.0,11384.0,1288.0,832.0,2328.0,1291.0
2018-11-15,7611.0,8491.0,1322.0,2718.0,17054.0,406.0,2643.0,5108.0,3400.0,10742.0,5921.0,11750.0,3478.0,4940.0,7761.0,1157.0,891.0,2205.0,1271.0
2018-11-16,7309.0,8488.0,1316.0,2504.0,16844.0,330.0,2688.0,4782.0,3862.0,9765.0,5968.0,6923.0,4350.0,7730.0,6384.0,1110.0,631.0,2080.0,1420.0
2018-11-17,9139.0,6263.0,1755.0,2620.0,17810.0,269.0,3076.0,4523.0,3386.0,9040.0,5692.0,3698.0,2755.0,3137.0,4770.0,1257.0,746.0,2027.0,1252.0
2018-11-18,9580.0,5962.0,1793.0,3358.0,14678.0,522.0,2923.0,4834.0,3962.0,9065.0,6387.0,3973.0,3222.0,3151.0,5406.0,1400.0,713.0,2178.0,1477.0
2018-11-19,8811.0,7232.0,1659.0,2704.0,13961.0,615.0,2730.0,5166.0,3205.0,9850.0,6866.0,4504.0,3875.0,4062.0,6764.0,1273.0,626.0,2220.0,1516.0
2018-11-20,10203.0,7771.0,1376.0,2684.0,14321.0,454.0,2753.0,6103.0,4084.0,12177.0,8410.0,4705.0,4878.0,4484.0,6908.0,1213.0,663.0,2161.0,1496.0
2018-11-21,8181.0,8329.0,1335.0,2642.0,14926.0,391.0,2410.0,4815.0,4473.0,10147.0,6419.0,4855.0,3457.0,4662.0,6556.0,1259.0,713.0,2322.0,2133.0
2018-11-22,7119.0,7658.0,1327.0,2364.0,13838.0,357.0,2441.0,4388.0,4471.0,9183.0,6312.0,4594.0,3428.0,4571.0,6447.0,1220.0,637.0,2068.0,1438.0
2018-11-23,7091.0,6515.0,1431.0,2868.0,12361.0,355.0,2499.0,4307.0,3277.0,8806.0,5967.0,3898.0,2972.0,3634.0,5368.0,986.0,539.0,2354.0,1119.0
2018-11-24,8354.0,6792.0,1662.0,4820.0,16541.0,404.0,2756.0,4058.0,3120.0,8297.0,6145.0,3297.0,2649.0,3105.0,4536.0,990.0,642.0,1854.0,1241.0
2018-11-25,9028.0,7527.0,2547.0,5606.0,17219.0,310.0,3031.0,5408.0,3273.0,9162.0,7629.0,3799.0,3163.0,3500.0,5117.0,1338.0,724.0,2616.0,1549.0
2018-11-26,9173.0,8975.0,1895.0,4332.0,15828.0,260.0,2767.0,4968.0,3451.0,10289.0,7312.0,4587.0,3668.0,4211.0,6150.0,1554.0,835.0,2230.0,1419.0
2018-11-27,9009.0,8223.0,1698.0,3839.0,16646.0,355.0,2762.0,5396.0,3452.0,10451.0,7882.0,4737.0,3833.0,4569.0,6186.0,1271.0,632.0,2369.0,1492.0
2018-11-28,9039.0,8501.0,1811.0,3579.0,21652.0,273.0,2822.0,5281.0,3491.0,10328.0,8143.0,4875.0,3331.0,4529.0,6312.0,1250.0,632.0,2088.0,1347.0
2018-11-29,10909.0,8411.0,2579.0,4524.0,23548.0,251.0,3450.0,5414.0,3488.0,10225.0,7516.0,4336.0,2786.0,4305.0,6006.0,1585.0,799.0,2169.0,1322.0
2018-11-30,16706.0,8686.0,3786.0,8221.0,16587.0,225.0,3069.0,5178.0,3413.0,10126.0,6634.0,4060.0,2472.0,3480.0,4861.0,1236.0,697.0,2107.0,1160.0
2018-12-01,13260.0,7101.0,3022.0,5781.0,15235.0,223.0,2793.0,4463.0,3105.0,11168.0,7845.0,3673.0,2404.0,2851.0,4048.0,1151.0,533.0,1775.0,1160.0
2018-12-02,11724.0,7157.0,2541.0,4393.0,17530.0,417.0,2867.0,4728.0,3196.0,9384.0,6609.0,4023.0,2566.0,2996.0,4664.0,1408.0,664.0,2160.0,1923.0
2018-12-03,10175.0,7313.0,1832.0,3719.0,21811.0,282.0,3262.0,5413.0,3550.0,10245.0,7320.0,4201.0,3071.0,3707.0,5225.0,1360.0,638.0,2103.0,1381.0
2018-12-04,8756.0,6858.0,1631.0,3019.0,23919.0,335.0,2709.0,5246.0,3249.0,10117.0,6932.0,4143.0,2653.0,3652.0,5455.0,1373.0,604.0,2149.0,1393.0
2018-12-05,8530.0,6487.0,1551.0,3762.0,17419.0,342.0,2864.0,4857.0,3190.0,10953.0,6827.0,4020.0,2378.0,3444.0,5074.0,1283.0,711.0,1907.0,1253.0
2018-12-06,7928.0,6323.0,1315.0,2664.0,17337.0,428.0,2945.0,5061.0,3048.0,9792.0,6706.0,3828.0,2337.0,3169.0,4961.0,1177.0,546.0,1807.0,1225.0
2018-12-07,7508.0,5925.0,1260.0,2693.0,16905.0,536.0,2505.0,4717.0,2773.0,8818.0,5961.0,6714.0,3416.0,4581.0,6588.0,1101.0,721.0,1799.0,1211.0
2018-12-08,7527.0,5572.0,1181.0,2580.0,23847.0,308.0,2471.0,4260.0,2707.0,8252.0,5551.0,2809.0,1963.0,2351.0,4620.0,1119.0,533.0,1639.0,1249.0
2018-12-09,10086.0,9962.0,2711.0,5941.0,41522.0,274.0,5861.0,4772.0,3209.0,8869.0,6607.0,3503.0,2562.0,3013.0,4730.0,1307.0,767.0,2185.0,1614.0
2018-12-10,9271.0,7453.0,1883.0,4489.0,30397.0,477.0,3641.0,5436.0,3405.0,9799.0,7001.0,3782.0,2531.0,3302.0,4955.0,1264.0,767.0,2184.0,1557.0
2018-12-11,8191.0,6366.0,1479.0,3207.0,25891.0,275.0,2790.0,5064.0,3468.0,9442.0,6596.0,3592.0,2328.0,3203.0,4842.0,1289.0,586.0,2152.0,1457.0
2018-12-12,8163.0,5823.0,1314.0,2682.0,19375.0,321.0,2693.0,4886.0,3239.0,11638.0,6203.0,3504.0,2220.0,3133.0,4675.0,1453.0,733.0,2072.0,1305.0
2018-12-13,7412.0,5628.0,1241.0,2610.0,15697.0,319.0,2981.0,4511.0,3137.0,11382.0,6383.0,3342.0,2182.0,3150.0,4457.0,1164.0,671.0,1849.0,1265.0
2018-12-14,7020.0,4939.0,1188.0,2365.0,13866.0,316.0,2567.0,4573.0,2599.0,8398.0,5829.0,2984.0,1903.0,2556.0,3975.0,1017.0,631.0,1624.0,1210.0
2018-12-15,6407.0,4225.0,1053.0,2290.0,14271.0,229.0,2756.0,4017.0,2676.0,7510.0,5486.0,2578.0,1672.0,2068.0,3385.0,911.0,527.0,1685.0,1069.0
2018-12-16,6928.0,4637.0,1196.0,2379.0,31500.0,359.0,2825.0,4093.0,3108.0,7987.0,5715.0,2920.0,1893.0,2302.0,3912.0,1058.0,644.0,1946.0,1288.0
2018-12-17,7336.0,5856.0,1222.0,2565.0,35971.0,369.0,2971.0,4573.0,3424.0,9350.0,7548.0,3328.0,2285.0,2614.0,4943.0,1185.0,616.0,2048.0,2073.0
2018-12-18,7224.0,5213.0,1412.0,2507.0,24562.0,365.0,2738.0,4526.0,3525.0,10840.0,6109.0,2949.0,2232.0,2523.0,4237.0,1149.0,578.0,1899.0,1364.0
2018-12-19,6754.0,4474.0,1063.0,2312.0,19100.0,323.0,3574.0,4351.0,3170.0,8364.0,5872.0,2862.0,1828.0,2222.0,3774.0,1065.0,524.0,1711.0,1163.0
2018-12-20,6468.0,4242.0,1008.0,2323.0,17391.0,303.0,2625.0,5433.0,3028.0,10538.0,5794.0,2912.0,1789.0,2095.0,3616.0,992.0,488.0,1552.0,1100.0
2018-12-21,5848.0,4093.0,1028.0,2247.0,15755.0,372.0,2591.0,4417.0,2734.0,7256.0,5194.0,2667.0,1605.0,1908.0,3459.0,971.0,660.0,1402.0,973.0
2018-12-22,5549.0,3701.0,839.0,2048.0,19981.0,342.0,2485.0,3711.0,2760.0,6982.0,4854.0,2408.0,1610.0,1761.0,3101.0,886.0,449.0,1656.0,1009.0
2018-12-23,5954.0,3711.0,1175.0,2039.0,19007.0,463.0,3121.0,4006.0,2874.0,7081.0,5021.0,2604.0,1601.0,1885.0,3133.0,1083.0,495.0,1948.0,1128.0
2018-12-24,5845.0,3908.0,1137.0,2067.0,15703.0,420.0,3214.0,3878.0,2886.0,7251.0,4900.0,2464.0,1617.0,1822.0,2937.0,993.0,680.0,1581.0,986.0
2018-12-25,6128.0,3670.0,1386.0,2195.0,14479.0,328.0,3163.0,3827.0,2939.0,7461.0,4861.0,2526.0,1677.0,1872.0,2969.0,1168.0,619.0,1746.0,1333.0
2018-12-26,6547.0,4601.0,1344.0,2228.0,16996.0,430.0,3166.0,4223.0,3297.0,7738.0,5561.0,2972.0,1850.0,2100.0,3564.0,1203.0,590.0,1887.0,1442.0
2018-12-27,6369.0,4116.0,1111.0,2403.0,17805.0,366.0,3077.0,4307.0,3452.0,8010.0,5686.0,2884.0,1936.0,2111.0,3711.0,1078.0,558.0,2312.0,1278.0
2018-12-28,6379.0,3888.0,1142.0,2327.0,16336.0,444.0,3290.0,4383.0,3466.0,9843.0,5668.0,2650.0,1843.0,2299.0,3588.0,943.0,605.0,1989.0,1244.0
2018-12-29,6163.0,3802.0,1198.0,2127.0,19206.0,348.0,3674.0,4214.0,4161.0,7974.0,5424.0,2747.0,1790.0,2203.0,3467.0,968.0,666.0,1904.0,1222.0
2018-12-30,6859.0,4405.0,1270.0,2263.0,17373.0,395.0,3470.0,4160.0,4464.0,8407.0,5676.0,3007.0,2141.0,2490.0,3667.0,1091.0,677.0,2104.0,1390.0
2018-12-31,6413.0,4045.0,1370.0,2101.0,15698.0,533.0,2771.0,3914.0,4071.0,7677.0,5240.0,2709.0,1788.0,2414.0,3182.0,884.0,533.0,2246.0,1152.0
2019-01-01,6486.0,4270.0,1442.0,2302.0,13572.0,534.0,2982.0,4334.0,4423.0,14523.0,5443.0,2720.0,1975.0,6829.0,2914.0,1149.0,629.0,4618.0,1450.0
2019-01-02,7157.0,4756.0,1454.0,2575.0,15205.0,597.0,3237.0,4903.0,4743.0,14361.0,6028.0,3532.0,2524.0,5384.0,4065.0,1198.0,2918.0,4696.0,1805.0
2019-01-03,7564.0,4735.0,1411.0,2535.0,16812.0,533.0,3196.0,5122.0,4520.0,11950.0,6286.0,3380.0,2397.0,3765.0,4696.0,1242.0,943.0,2893.0,1631.0
2019-01-04,8925.0,4564.0,1407.0,3113.0,16496.0,468.0,2947.0,4576.0,4279.0,11415.0,6084.0,3271.0,2159.0,3437.0,4519.0,1353.0,3321.0,2637.0,1392.0
2019-01-05,7874.0,4788.0,1362.0,2495.0,14414.0,505.0,2901.0,4642.0,4260.0,10660.0,5831.0,3251.0,2585.0,3045.0,4106.0,1077.0,916.0,2437.0,1471.0
2019-01-06,9259.0,4894.0,1627.0,2597.0,24140.0,2278.0,3487.0,4852.0,4418.0,10189.0,6312.0,3350.0,2310.0,2824.0,4052.0,1388.0,898.0,2308.0,1540.0
2019-01-07,8208.0,5343.0,1418.0,2589.0,24359.0,718.0,3038.0,4962.0,4619.0,10084.0,6384.0,3633.0,2652.0,3077.0,4508.0,1315.0,880.0,2357.0,1570.0
2019-01-08,7665.0,5344.0,1505.0,2811.0,17155.0,547.0,3135.0,6040.0,4346.0,10333.0,6304.0,3950.0,2463.0,3345.0,4983.0,1460.0,696.0,2294.0,1668.0
2019-01-09,7507.0,5607.0,1360.0,2557.0,17059.0,858.0,5769.0,5080.0,4226.0,9903.0,6155.0,3965.0,2460.0,3460.0,5090.0,1328.0,684.0,2333.0,1536.0
2019-01-10,7508.0,5726.0,1464.0,2583.0,15963.0,682.0,3666.0,5190.0,4344.0,12291.0,6396.0,3889.0,2694.0,3508.0,5441.0,1554.0,1173.0,2338.0,1582.0
2019-01-11,7412.0,5312.0,1304.0,2632.0,16414.0,424.0,3332.0,5355.0,4055.0,9596.0,5923.0,3697.0,2570.0,3230.0,5076.0,1261.0,620.0,2267.0,1419.0
2019-01-12,7886.0,4638.0,1379.0,2328.0,16670.0,409.0,2936.0,4618.0,4672.0,9029.0,5676.0,3252.0,2322.0,2654.0,4585.0,1169.0,872.0,2736.0,1429.0
2019-01-13,8628.0,5406.0,1740.0,2621.0,42399.0,374.0,3204.0,5479.0,4302.0,9557.0,7961.0,6214.0,2559.0,3171.0,4903.0,1580.0,856.0,2672.0,1611.0
2019-01-14,8366.0,5807.0,1500.0,2598.0,37990.0,428.0,3020.0,5149.0,4474.0,10300.0,6494.0,4176.0,2485.0,3358.0,5385.0,1369.0,871.0,2625.0,1510.0
2019-01-15,7831.0,5855.0,1540.0,2601.0,21194.0,367.0,3283.0,5192.0,4322.0,10973.0,6308.0,4017.0,2564.0,3683.0,5389.0,1393.0,684.0,2775.0,1490.0
2019-01-16,8045.0,5847.0,1568.0,2475.0,22570.0,508.0,2945.0,5633.0,5117.0,10113.0,6303.0,4032.0,2710.0,3508.0,5577.0,1430.0,705.0,2444.0,1489.0
2019-01-17,8090.0,5702.0,1431.0,2684.0,21790.0,470.0,2981.0,5252.0,4212.0,10391.0,6677.0,4021.0,2536.0,3461.0,6097.0,1288.0,1767.0,2380.0,1612.0
2019-01-18,7266.0,5256.0,1379.0,2685.0,20103.0,318.0,2711.0,5078.0,4688.0,9023.0,6880.0,3985.0,2422.0,3125.0,6044.0,1274.0,1822.0,2256.0,1834.0
2019-01-19,6665.0,4502.0,1499.0,2443.0,16759.0,255.0,2693.0,4458.0,3641.0,8189.0,7062.0,3287.0,2185.0,2525.0,5124.0,1237.0,3446.0,1927.0,1534.0
2019-01-20,6875.0,4955.0,1528.0,2409.0,20758.0,467.0,2818.0,5342.0,4073.0,11338.0,6224.0,4631.0,2395.0,2795.0,5051.0,1379.0,932.0,2190.0,1502.0
2019-01-21,7049.0,5291.0,1470.0,2445.0,22634.0,325.0,3401.0,5315.0,3694.0,9895.0,6509.0,4271.0,2434.0,3251.0,5402.0,1451.0,782.0,2269.0,1448.0
2019-01-22,7261.0,5610.0,1425.0,2452.0,18445.0,276.0,2732.0,5565.0,4076.0,9698.0,6311.0,4123.0,2536.0,3523.0,5794.0,1379.0,731.0,2446.0,1581.0
2019-01-23,7639.0,6414.0,1930.0,2696.0,18526.0,255.0,2976.0,5631.0,4784.0,10108.0,6959.0,4375.0,3172.0,3730.0,6545.0,1387.0,1020.0,2664.0,1722.0
2019-01-24,8556.0,6518.0,1767.0,2658.0,17350.0,286.0,3327.0,6023.0,5171.0,11577.0,8863.0,4650.0,3851.0,4080.0,7384.0,1508.0,930.0,2957.0,2385.0
2019-01-25,8444.0,5619.0,1534.0,2523.0,15265.0,321.0,2707.0,6475.0,4769.0,10748.0,8998.0,4214.0,3150.0,3756.0,6090.0,1418.0,893.0,2951.0,2337.0
2019-01-26,7665.0,5134.0,1460.0,2412.0,14066.0,215.0,3024.0,5071.0,4054.0,10001.0,11088.0,5219.0,2629.0,3154.0,5334.0,1344.0,763.0,2678.0,2330.0
2019-01-27,8144.0,5445.0,1736.0,2695.0,23063.0,339.0,3033.0,5409.0,4239.0,11553.0,9455.0,4128.0,2771.0,3417.0,5688.0,1381.0,732.0,2927.0,2322.0
2019-01-28,8005.0,5971.0,1607.0,2900.0,20836.0,323.0,2777.0,5630.0,4310.0,11623.0,9203.0,4250.0,2794.0,3952.0,6850.0,1374.0,739.0,2957.0,2176.0
2019-01-29,7948.0,5928.0,1534.0,2797.0,16885.0,246.0,2782.0,5451.0,4119.0,10838.0,9956.0,4329.0,2881.0,3930.0,7282.0,1332.0,806.0,2707.0,2351.0
2019-01-30,8247.0,5753.0,1432.0,3217.0,24099.0,272.0,3331.0,5903.0,4012.0,10117.0,8954.0,4092.0,2870.0,6030.0,7317.0,1291.0,759.0,2351.0,2065.0
2019-01-31,7898.0,5976.0,1315.0,2747.0,25566.0,283.0,3171.0,6882.0,3991.0,10241.0,8143.0,4229.0,2549.0,3975.0,6987.0,1292.0,896.0,2159.0,1676.0
2019-02-01,7089.0,5271.0,1384.0,2504.0,16947.0,295.0,2862.0,4988.0,3794.0,9387.0,9338.0,3784.0,2404.0,3260.0,5755.0,1428.0,621.0,2040.0,1731.0
2019-02-02,6754.0,4837.0,1315.0,2459.0,27438.0,314.0,2495.0,4457.0,3564.0,8355.0,7449.0,3381.0,2390.0,2852.0,5593.0,1719.0,747.0,2199.0,1837.0
2019-02-03,7811.0,5372.0,1587.0,2791.0,29733.0,269.0,2686.0,5353.0,4030.0,9564.0,8128.0,3620.0,2474.0,3335.0,6235.0,1409.0,993.0,2496.0,2113.0
2019-02-04,9447.0,5573.0,1629.0,2756.0,22534.0,303.0,2439.0,5240.0,3842.0,12981.0,7867.0,4042.0,2714.0,3838.0,7207.0,1461.0,847.0,2529.0,2020.0
2019-02-05,7557.0,5877.0,1540.0,2604.0,28928.0,375.0,2717.0,5161.0,3899.0,9625.0,7578.0,4106.0,2931.0,3774.0,7680.0,1292.0,687.0,2178.0,1788.0
2019-02-06,7250.0,5861.0,1397.0,2460.0,25791.0,405.0,2770.0,5498.0,3887.0,9153.0,7472.0,3794.0,2757.0,3907.0,7853.0,1195.0,702.0,2168.0,1715.0
2019-02-07,7480.0,6066.0,1497.0,2772.0,21016.0,469.0,2825.0,4923.0,4035.0,9392.0,8135.0,3899.0,3064.0,3868.0,7833.0,1826.0,810.0,2159.0,1872.0
2019-02-08,7436.0,5544.0,1397.0,2486.0,19217.0,496.0,2658.0,4860.0,3820.0,9073.0,7396.0,3648.0,2629.0,3413.0,6659.0,1073.0,728.0,1948.0,1548.0
2019-02-09,6627.0,4741.0,1918.0,2222.0,18466.0,520.0,2575.0,5903.0,3771.0,11616.0,6669.0,3207.0,2306.0,2776.0,5529.0,1156.0,658.0,1821.0,1531.0
2019-02-10,7150.0,5599.0,1843.0,2620.0,22801.0,514.0,2781.0,5065.0,4103.0,11188.0,6957.0,3697.0,2747.0,3287.0,7068.0,1410.0,1055.0,2094.0,1893.0
2019-02-11,7372.0,5911.0,1474.0,2678.0,19156.0,423.0,2786.0,5193.0,3831.0,9068.0,7493.0,4176.0,2546.0,3787.0,7561.0,1438.0,684.0,2178.0,1846.0
2019-02-12,7247.0,6123.0,1468.0,2657.0,19204.0,411.0,2542.0,5465.0,3848.0,9600.0,7546.0,4309.0,2867.0,3869.0,8014.0,1667.0,636.0,2183.0,1773.0
2019-02-13,8759.0,5930.0,1345.0,2371.0,18299.0,543.0,2713.0,5200.0,3675.0,9889.0,8619.0,3871.0,2840.0,3810.0,7716.0,1291.0,717.0,2173.0,1800.0
2019-02-14,6592.0,5292.0,1257.0,2386.0,15755.0,479.0,2592.0,4735.0,3472.0,8798.0,7691.0,3727.0,2637.0,3210.0,6834.0,1128.0,614.0,1963.0,1480.0
2019-02-15,6389.0,4974.0,1257.0,2247.0,17572.0,493.0,2343.0,4413.0,3395.0,8223.0,6638.0,3581.0,2146.0,3099.0,5933.0,1126.0,643.0,1804.0,1864.0
2019-02-16,6641.0,4391.0,1121.0,2269.0,22444.0,509.0,2422.0,4074.0,3477.0,7740.0,6018.0,3183.0,2009.0,2711.0,5296.0,900.0,888.0,1432.0,1311.0
2019-02-17,6884.0,5333.0,1250.0,2920.0,22180.0,499.0,2611.0,4375.0,3487.0,8397.0,6770.0,3645.0,2331.0,3034.0,6410.0,1166.0,670.0,1825.0,2157.0
2019-02-18,8565.0,6005.0,1351.0,2744.0,18015.0,850.0,2682.0,5007.0,3609.0,9993.0,7128.0,4030.0,2368.0,3801.0,7301.0,1060.0,805.0,2013.0,1766.0
2019-02-19,9581.0,6139.0,1425.0,3033.0,21326.0,2480.0,2672.0,4989.0,3510.0,11460.0,9077.0,4092.0,2603.0,3869.0,7887.0,1303.0,889.0,1945.0,1572.0
2019-02-20,8418.0,6898.0,1309.0,3025.0,20513.0,2994.0,2560.0,5168.0,3964.0,9355.0,6848.0,4403.0,2539.0,4004.0,7955.0,1213.0,722.0,2036.0,1502.0
2019-02-21,7214.0,5916.0,1324.0,3190.0,18407.0,2899.0,2708.0,4724.0,3987.0,8824.0,6717.0,3926.0,2477.0,3788.0,7613.0,1148.0,1033.0,2330.0,1548.0
2019-02-22,6920.0,5610.0,1151.0,2867.0,14909.0,2037.0,2749.0,4557.0,3381.0,10753.0,6889.0,3718.0,2276.0,3610.0,7446.0,1082.0,745.0,2160.0,1754.0
2019-02-23,6856.0,5064.0,1219.0,2418.0,48823.0,1646.0,2922.0,4621.0,3563.0,8197.0,8315.0,3523.0,2057.0,3135.0,9043.0,1184.0,802.0,1945.0,2483.0
2019-02-24,7467.0,5633.0,1594.0,2626.0,46231.0,1355.0,2880.0,4923.0,3796.0,11074.0,8930.0,3758.0,2366.0,3433.0,7865.0,1353.0,874.0,2411.0,2889.0
2019-02-25,7573.0,6438.0,1362.0,2802.0,24058.0,1195.0,2911.0,5220.0,3860.0,9757.0,8130.0,4408.0,2469.0,3961.0,8766.0,1303.0,727.0,9138.0,2159.0
2019-02-26,7522.0,6178.0,1441.0,2705.0,20261.0,927.0,2587.0,4820.0,3722.0,9512.0,7264.0,4069.0,2376.0,4054.0,9070.0,1198.0,708.0,2380.0,1682.0
2019-02-27,7204.0,6229.0,1245.0,2386.0,22943.0,696.0,2641.0,4855.0,3752.0,9362.0,7433.0,4097.0,2404.0,4098.0,13756.0,1033.0,604.0,2383.0,1411.0
2019-02-28,7115.0,5834.0,1171.0,2393.0,19917.0,679.0,2471.0,4528.0,3520.0,9276.0,7025.0,3994.0,2273.0,3839.0,19296.0,1056.0,635.0,2098.0,1192.0
2019-03-01,6981.0,5270.0,1433.0,2356.0,16397.0,498.0,2666.0,4403.0,3712.0,8770.0,6306.0,3703.0,2228.0,3147.0,14019.0,1272.0,1481.0,2140.0,1563.0
2019-03-02,6456.0,4653.0,1227.0,2111.0,25639.0,474.0,2629.0,4042.0,3386.0,7986.0,5639.0,3154.0,2238.0,4477.0,8848.0,1061.0,818.0,1691.0,1282.0
2019-03-03,8930.0,5305.0,1441.0,2443.0,24200.0,332.0,3052.0,4424.0,4601.0,10857.0,6429.0,3421.0,2916.0,3168.0,9585.0,2028.0,650.0,2369.0,1585.0
2019-03-04,7408.0,5953.0,1206.0,2801.0,19614.0,72.0,3168.0,4813.0,3794.0,11735.0,8635.0,4049.0,2632.0,3505.0,8063.0,1359.0,712.0,2140.0,1359.0
2019-03-05,7303.0,6086.0,1237.0,2410.0,19470.0,71.0,2882.0,4516.0,3421.0,11627.0,6607.0,3913.0,2454.0,3751.0,7479.0,1222.0,644.0,2159.0,1860.0
2019-03-06,7826.0,6130.0,1161.0,2512.0,22350.0,84.0,7027.0,4590.0,3603.0,9631.0,6653.0,4009.0,2898.0,4005.0,7701.0,3555.0,739.0,2288.0,1472.0
2019-03-07,7293.0,6188.0,1138.0,2404.0,20463.0,73.0,3644.0,4716.0,3884.0,9718.0,6385.0,3864.0,2617.0,3860.0,7047.0,1207.0,564.0,1995.0,1372.0
2019-03-08,6640.0,5381.0,1184.0,2142.0,17195.0,106.0,5267.0,4636.0,3473.0,8165.0,6261.0,3337.0,2283.0,3032.0,5590.0,1202.0,709.0,1888.0,1302.0
2019-03-09,6615.0,4841.0,1232.0,2450.0,23551.0,91.0,3104.0,4129.0,3208.0,8276.0,7684.0,3194.0,2067.0,2590.0,5295.0,1087.0,599.0,1961.0,1385.0
2019-03-10,6652.0,5589.0,1344.0,2202.0,22641.0,77.0,3411.0,4202.0,3211.0,8552.0,6509.0,3518.0,2352.0,3264.0,6254.0,1408.0,648.0,2190.0,1468.0
2019-03-11,6966.0,6780.0,1341.0,2453.0,19438.0,68.0,5786.0,4701.0,3443.0,9184.0,6611.0,3893.0,2666.0,3688.0,7311.0,1411.0,924.0,2114.0,1521.0
2019-03-12,7019.0,7857.0,1227.0,2431.0,31432.0,71.0,5120.0,4696.0,3316.0,9504.0,6446.0,4234.0,3026.0,3768.0,7627.0,1120.0,726.0,2147.0,1339.0
2019-03-13,6979.0,8154.0,1360.0,2270.0,59385.0,71.0,3015.0,4642.0,3552.0,10947.0,6433.0,4463.0,2996.0,4416.0,7817.0,1114.0,743.0,2353.0,1413.0
2019-03-14,7071.0,8028.0,1176.0,2304.0,47852.0,70.0,3266.0,4414.0,3443.0,10099.0,6376.0,4308.0,2989.0,4545.0,7705.0,1024.0,592.0,2340.0,1322.0
2019-03-15,6340.0,6943.0,1170.0,2215.0,30089.0,74.0,2636.0,4279.0,3049.0,9617.0,5781.0,3649.0,2486.0,3993.0,6161.0,1059.0,594.0,1958.0,1293.0
2019-03-16,5812.0,5705.0,1123.0,2045.0,23845.0,72.0,2664.0,4011.0,2995.0,7980.0,5460.0,3235.0,2211.0,3005.0,5371.0,939.0,761.0,1701.0,1096.0
2019-03-17,7210.0,7408.0,1321.0,2409.0,52250.0,61.0,3013.0,4358.0,3306.0,8723.0,6050.0,3830.0,2616.0,3228.0,6352.0,1495.0,613.0,1900.0,1333.0
2019-03-18,7418.0,8432.0,1457.0,2665.0,74331.0,91.0,2799.0,4760.0,3492.0,11841.0,6379.0,4276.0,3325.0,3826.0,6910.0,1132.0,726.0,2129.0,1431.0
2019-03-19,9376.0,8940.0,1415.0,2992.0,39168.0,238.0,2578.0,6164.0,4505.0,13644.0,6524.0,4615.0,3193.0,4549.0,6754.0,1116.0,633.0,2326.0,1223.0
2019-03-20,7316.0,8946.0,1257.0,2402.0,30924.0,135.0,2787.0,4826.0,3372.0,12079.0,6478.0,5019.0,3272.0,4761.0,7312.0,1103.0,572.0,2679.0,1262.0
2019-03-21,7228.0,9042.0,1565.0,2320.0,24125.0,127.0,2443.0,4868.0,3414.0,14187.0,6495.0,4821.0,3121.0,4566.0,7623.0,351.0,464.0,1448.0,979.0
2019-03-22,8002.0,9753.0,1098.0,2385.0,28274.0,86.0,2258.0,4392.0,3581.0,11034.0,5939.0,4809.0,3201.0,4035.0,6750.0,966.0,578.0,1914.0,1117.0
2019-03-23,8057.0,6616.0,1439.0,2925.0,22704.0,80.0,2065.0,4292.0,3278.0,8694.0,5281.0,4471.0,2581.0,3418.0,5348.0,893.0,831.0,1801.0,1077.0
2019-03-24,8150.0,7780.0,1349.0,3528.0,19935.0,72.0,2671.0,4381.0,3365.0,9277.0,5660.0,4527.0,2758.0,3927.0,5971.0,1158.0,628.0,1947.0,1223.0
2019-03-25,8399.0,9461.0,1323.0,3474.0,20417.0,79.0,2624.0,5031.0,3807.0,9928.0,6264.0,4792.0,3559.0,4331.0,7580.0,1128.0,698.0,2040.0,1283.0
2019-03-26,7776.0,10402.0,1469.0,2341.0,19389.0,81.0,2450.0,5041.0,3861.0,9969.0,6437.0,4814.0,3727.0,4936.0,8333.0,1042.0,678.0,2347.0,1311.0
2019-03-27,7582.0,9648.0,1236.0,2625.0,19857.0,90.0,2435.0,5144.0,4842.0,10211.0,6326.0,5195.0,3530.0,4922.0,7816.0,1000.0,763.0,2387.0,1320.0
2019-03-28,6993.0,9119.0,1166.0,2417.0,18459.0,71.0,2402.0,4663.0,3566.0,9449.0,6366.0,4761.0,3299.0,4803.0,7781.0,967.0,718.0,1932.0,1534.0
2019-03-29,6833.0,7524.0,1090.0,2111.0,18264.0,53.0,2232.0,5267.0,3277.0,8735.0,5860.0,4008.0,2879.0,3918.0,6499.0,989.0,615.0,1744.0,1111.0
2019-03-30,6079.0,6000.0,1036.0,2007.0,37937.0,64.0,2157.0,3913.0,2892.0,8300.0,5279.0,3367.0,2182.0,3159.0,5385.0,780.0,523.0,2184.0,958.0
2019-03-31,6431.0,7987.0,1364.0,2139.0,32885.0,88.0,2411.0,5191.0,4121.0,9143.0,7697.0,3969.0,2785.0,3756.0,6460.0,954.0,485.0,2075.0,1207.0
2019-04-01,7507.0,8243.0,1254.0,2348.0,22503.0,70.0,2444.0,4778.0,3660.0,9430.0,6331.0,4431.0,3188.0,4439.0,7277.0,989.0,522.0,2049.0,1231.0
2019-04-02,7279.0,9143.0,1361.0,2349.0,25013.0,46.0,2520.0,5060.0,3590.0,11818.0,6261.0,4752.0,3380.0,4846.0,7871.0,1039.0,756.0,2397.0,1285.0
2019-04-03,8939.0,9457.0,1206.0,2409.0,30106.0,73.0,2550.0,6272.0,3724.0,12551.0,8483.0,4767.0,3466.0,4884.0,7867.0,968.0,554.0,2133.0,1307.0
2019-04-04,8394.0,9023.0,1108.0,2197.0,20639.0,68.0,2684.0,4785.0,4577.0,13508.0,8089.0,4580.0,3326.0,4960.0,7521.0,1016.0,599.0,2039.0,1233.0
2019-04-05,6511.0,7358.0,1077.0,2118.0,21484.0,55.0,2329.0,4403.0,3228.0,8444.0,5659.0,4268.0,2922.0,3763.0,6196.0,987.0,567.0,2050.0,1123.0
2019-04-06,5593.0,6042.0,956.0,1898.0,30284.0,44.0,2281.0,3814.0,3028.0,7607.0,5140.0,3489.0,2438.0,3198.0,5329.0,758.0,432.0,1607.0,918.0
2019-04-07,7939.0,7577.0,1132.0,2076.0,32164.0,59.0,2500.0,5293.0,3104.0,10413.0,7301.0,4617.0,2912.0,3749.0,6305.0,861.0,768.0,2034.0,1089.0
2019-04-08,6757.0,9846.0,1151.0,2373.0,24874.0,51.0,2427.0,4746.0,4197.0,13516.0,6070.0,5143.0,3459.0,4889.0,7603.0,956.0,534.0,1986.0,1265.0
2019-04-09,6847.0,9568.0,1215.0,2342.0,23805.0,72.0,2360.0,4747.0,3311.0,9573.0,6049.0,5230.0,3880.0,4917.0,7907.0,1513.0,716.0,2058.0,1254.0
2019-04-10,6661.0,11733.0,1176.0,2349.0,49431.0,72.0,3047.0,4843.0,3346.0,9110.0,6058.0,5322.0,3882.0,5001.0,7763.0,983.0,1025.0,1937.0,1241.0
2019-04-11,6611.0,8745.0,1253.0,2165.0,26056.0,51.0,2685.0,4980.0,3646.0,8695.0,5954.0,5020.0,3767.0,4580.0,7198.0,1325.0,644.0,1838.0,1268.0
2019-04-12,6124.0,7214.0,1074.0,2068.0,17192.0,63.0,2376.0,4543.0,3255.0,8035.0,5629.0,4207.0,2928.0,3539.0,5695.0,1000.0,1759.0,1768.0,1040.0
2019-04-13,5871.0,5572.0,1122.0,1937.0,16121.0,59.0,2027.0,4248.0,2880.0,7578.0,4926.0,3266.0,3195.0,2678.0,4349.0,833.0,570.0,1654.0,943.0
2019-04-14,5925.0,6609.0,1181.0,1926.0,16524.0,73.0,2354.0,4411.0,3002.0,8290.0,5251.0,3783.0,3017.0,2872.0,4480.0,959.0,721.0,1757.0,1149.0
2019-04-15,6150.0,7851.0,901.0,2126.0,15332.0,57.0,2281.0,5096.0,3402.0,8380.0,6016.0,4299.0,3388.0,3354.0,6512.0,843.0,639.0,1668.0,1011.0
2019-04-16,6563.0,7437.0,1041.0,2130.0,69533.0,54.0,2283.0,4890.0,3226.0,8358.0,5517.0,4155.0,2997.0,3306.0,5179.0,850.0,629.0,1465.0,986.0
2019-04-17,6866.0,6651.0,983.0,2149.0,59984.0,55.0,2262.0,4920.0,3232.0,8460.0,5740.0,3946.0,2490.0,2923.0,4913.0,816.0,479.0,1546.0,948.0
2019-04-18,6558.0,5421.0,902.0,2130.0,30342.0,76.0,2208.0,4574.0,3085.0,8048.0,5650.0,3451.0,2182.0,2595.0,4722.0,721.0,467.0,1433.0,1022.0
2019-04-19,6052.0,5677.0,920.0,2140.0,23090.0,82.0,2048.0,3767.0,2833.0,10020.0,5291.0,3220.0,2461.0,2635.0,4789.0,673.0,514.0,1509.0,952.0
2019-04-20,5866.0,5950.0,778.0,1974.0,28436.0,91.0,2282.0,3981.0,2950.0,7131.0,5236.0,3444.0,2563.0,2839.0,5355.0,649.0,418.0,1440.0,900.0
2019-04-21,6108.0,7224.0,1067.0,1885.0,25266.0,62.0,2455.0,5526.0,3585.0,10145.0,5826.0,4257.0,2939.0,3603.0,6334.0,797.0,526.0,1544.0,1117.0
2019-04-22,6692.0,8699.0,963.0,2210.0,23201.0,67.0,2547.0,4962.0,3500.0,8774.0,6555.0,4571.0,3195.0,3948.0,7162.0,796.0,558.0,1727.0,1254.0
2019-04-23,7335.0,8598.0,1009.0,2108.0,22748.0,43.0,2476.0,4534.0,3302.0,8811.0,6163.0,4725.0,3567.0,4172.0,7686.0,962.0,544.0,1745.0,1118.0
2019-04-24,6743.0,8797.0,936.0,2222.0,21075.0,50.0,2466.0,4749.0,3282.0,8759.0,6157.0,4906.0,3523.0,4142.0,7071.0,863.0,471.0,1665.0,1004.0
2019-04-25,12584.0,8597.0,959.0,2137.0,17719.0,71.0,2218.0,4505.0,3304.0,10679.0,6052.0,4557.0,3306.0,3934.0,7206.0,802.0,520.0,1652.0,1049.0
2019-04-26,8002.0,7378.0,1079.0,2051.0,18706.0,80.0,2192.0,4219.0,3128.0,8064.0,5256.0,3852.0,2895.0,3690.0,5989.0,889.0,461.0,1682.0,1100.0
2019-04-27,6172.0,6148.0,1022.0,1819.0,41720.0,74.0,2205.0,3724.0,2984.0,7292.0,4872.0,3635.0,2432.0,3584.0,5118.0,882.0,490.0,1543.0,980.0
2019-04-28,6781.0,7045.0,1212.0,2105.0,51319.0,57.0,2210.0,4036.0,3010.0,7820.0,7089.0,4105.0,2749.0,3180.0,6117.0,1022.0,495.0,1955.0,1197.0
2019-04-29,8679.0,7686.0,1199.0,2069.0,26614.0,62.0,2572.0,5552.0,3242.0,11774.0,5860.0,4501.0,2956.0,3912.0,7006.0,942.0,497.0,1913.0,1368.0
2019-04-30,7311.0,6897.0,1189.0,2169.0,24524.0,56.0,2742.0,5122.0,3494.0,8983.0,6426.0,4187.0,2708.0,3723.0,6800.0,1063.0,521.0,1937.0,1169.0
2019-05-01,7331.0,7474.0,1297.0,2241.0,139810.0,66.0,2268.0,5109.0,3962.0,11084.0,6391.0,4164.0,2754.0,3495.0,6584.0,921.0,694.0,2324.0,1296.0
2019-05-02,7280.0,8526.0,1508.0,2251.0,146558.0,52.0,2483.0,5026.0,3524.0,10994.0,6149.0,4663.0,3331.0,4323.0,7422.0,990.0,643.0,2286.0,1254.0
2019-05-03,6779.0,7095.0,1118.0,2165.0,55109.0,61.0,2088.0,4395.0,3760.0,8433.0,5649.0,4107.0,2919.0,3595.0,6644.0,836.0,717.0,1980.0,1110.0
2019-05-04,5897.0,5970.0,1051.0,1847.0,44386.0,61.0,3493.0,3751.0,2953.0,9133.0,4977.0,3232.0,2759.0,2871.0,5345.0,815.0,557.0,1710.0,959.0
2019-05-05,6478.0,7951.0,1344.0,2060.0,32530.0,83.0,2445.0,4390.0,3201.0,7622.0,5498.0,4344.0,3149.0,3490.0,6604.0,1139.0,665.0,1947.0,1238.0
2019-05-06,7100.0,8393.0,1278.0,2193.0,27328.0,74.0,2347.0,4492.0,3296.0,8573.0,5894.0,4830.0,3629.0,4213.0,7608.0,982.0,588.0,2237.0,1281.0
2019-05-07,7052.0,9109.0,1987.0,2200.0,51815.0,78.0,2199.0,4557.0,3646.0,8895.0,5748.0,4756.0,3806.0,4426.0,7642.0,1119.0,762.0,2190.0,1100.0
2019-05-08,7391.0,8969.0,1396.0,2423.0,50890.0,66.0,2188.0,4450.0,3487.0,8670.0,5923.0,4490.0,3179.0,4443.0,7552.0,1104.0,609.0,2219.0,1140.0
2019-05-09,7176.0,8445.0,1281.0,2214.0,26737.0,74.0,3406.0,4462.0,3317.0,9131.0,5915.0,4167.0,3059.0,4070.0,7385.0,1010.0,519.0,2207.0,1076.0
2019-05-10,6501.0,6745.0,1096.0,2027.0,19250.0,71.0,2318.0,5163.0,3099.0,8066.0,5364.0,3838.0,2596.0,3186.0,6048.0,858.0,488.0,2048.0,1130.0
2019-05-11,6126.0,5824.0,1004.0,1873.0,17337.0,56.0,2012.0,3785.0,2851.0,7427.0,4811.0,3234.0,2215.0,2798.0,5088.0,815.0,429.0,1735.0,920.0
2019-05-12,6628.0,7554.0,1566.0,2088.0,21901.0,63.0,2306.0,4051.0,3537.0,10044.0,5192.0,3739.0,2643.0,3306.0,5695.0,1029.0,556.0,2056.0,1149.0
2019-05-13,6960.0,8567.0,1255.0,2214.0,18107.0,51.0,2089.0,4351.0,3492.0,8790.0,5765.0,4805.0,3392.0,4223.0,7436.0,1147.0,657.0,2539.0,1152.0
2019-05-14,6854.0,8500.0,1212.0,2291.0,17560.0,42.0,2023.0,4233.0,3186.0,8837.0,5709.0,4899.0,3613.0,4697.0,7765.0,1056.0,494.0,1939.0,1166.0
2019-05-15,6870.0,8477.0,1178.0,2154.0,17105.0,33.0,2079.0,5265.0,3083.0,8816.0,5908.0,4632.0,3231.0,4185.0,7244.0,1031.0,490.0,1913.0,1152.0
2019-05-16,6779.0,7930.0,1242.0,2173.0,16513.0,58.0,2066.0,4197.0,3045.0,8717.0,5510.0,4375.0,3045.0,4088.0,7226.0,1019.0,598.0,2164.0,1127.0
2019-05-17,6767.0,6807.0,1196.0,2012.0,15902.0,59.0,2130.0,4137.0,3033.0,8371.0,5120.0,3837.0,2659.0,3344.0,5784.0,853.0,507.0,1823.0,1058.0
2019-05-18,5920.0,5960.0,838.0,1751.0,16209.0,42.0,2112.0,3728.0,2766.0,7265.0,4580.0,3393.0,2184.0,2971.0,5123.0,737.0,405.0,1436.0,895.0
2019-05-19,6236.0,7424.0,1026.0,1970.0,34278.0,67.0,2283.0,3869.0,2927.0,8397.0,5044.0,3666.0,2822.0,3552.0,6408.0,855.0,468.0,1939.0,1138.0
2019-05-20,6932.0,8949.0,1181.0,2089.0,25831.0,57.0,2275.0,4227.0,2959.0,9473.0,5735.0,4438.0,3259.0,5138.0,7364.0,884.0,491.0,2281.0,1103.0
2019-05-21,7562.0,8780.0,1166.0,4076.0,20503.0,51.0,2115.0,4570.0,3284.0,9305.0,6018.0,4969.0,3194.0,4611.0,7694.0,967.0,478.0,2094.0,1203.0
2019-05-22,8892.0,8551.0,1090.0,2143.0,17281.0,36.0,2295.0,5778.0,3117.0,9290.0,7635.0,4757.0,3112.0,4643.0,7676.0,962.0,487.0,2090.0,1196.0
2019-05-23,6713.0,8028.0,1053.0,1982.0,15442.0,44.0,2291.0,4240.0,3191.0,10972.0,7468.0,4497.0,3048.0,4547.0,7372.0,825.0,456.0,1829.0,1323.0
2019-05-24,6482.0,6821.0,932.0,1900.0,16356.0,38.0,2274.0,4217.0,3091.0,8164.0,5116.0,3978.0,2625.0,3563.0,5936.0,798.0,498.0,1522.0,957.0
2019-05-25,6146.0,7040.0,961.0,2226.0,23742.0,39.0,2004.0,3497.0,2642.0,7259.0,4577.0,3401.0,2147.0,2971.0,5900.0,816.0,440.0,1433.0,991.0
2019-05-26,6137.0,7413.0,1104.0,2028.0,21589.0,46.0,2049.0,3890.0,2805.0,7966.0,5100.0,4247.0,2530.0,3778.0,6909.0,1205.0,514.0,1718.0,1267.0
2019-05-27,6636.0,7925.0,1050.0,2185.0,17077.0,39.0,2177.0,4303.0,3259.0,8605.0,5572.0,4785.0,3249.0,4255.0,7575.0,977.0,463.0,1781.0,1199.0
2019-05-28,6908.0,8343.0,1130.0,2294.0,16189.0,44.0,2693.0,5340.0,3176.0,9219.0,5770.0,4744.0,3161.0,4694.0,8035.0,806.0,517.0,2204.0,1103.0
2019-05-29,7205.0,8744.0,1145.0,2257.0,17179.0,47.0,2471.0,4238.0,3160.0,8995.0,5766.0,4601.0,3471.0,4535.0,8110.0,915.0,467.0,1774.0,1083.0
2019-05-30,9392.0,8576.0,930.0,2344.0,15164.0,45.0,2291.0,4154.0,3262.0,10647.0,5491.0,4533.0,3177.0,4209.0,7512.0,1155.0,462.0,1481.0,1024.0
2019-05-31,6647.0,7017.0,915.0,2142.0,13737.0,26.0,2100.0,3809.0,2996.0,7896.0,5351.0,3887.0,2650.0,3493.0,6040.0,830.0,402.0,1372.0,1009.0
2019-06-01,7919.0,5301.0,974.0,2019.0,21877.0,33.0,1982.0,4675.0,3896.0,9509.0,6569.0,3299.0,2125.0,2742.0,5140.0,634.0,578.0,1607.0,1048.0
2019-06-02,7413.0,6779.0,1019.0,2156.0,19256.0,31.0,2480.0,3750.0,3086.0,10195.0,5371.0,4060.0,2483.0,3343.0,6206.0,815.0,556.0,1738.0,988.0
2019-06-03,6933.0,8000.0,1091.0,2134.0,16875.0,31.0,2099.0,4335.0,3547.0,8592.0,5618.0,4375.0,3107.0,4114.0,7496.0,931.0,444.0,2144.0,1090.0
2019-06-04,8522.0,8653.0,1330.0,2116.0,16090.0,36.0,2140.0,5771.0,4121.0,9191.0,7327.0,4575.0,3124.0,4344.0,7655.0,962.0,487.0,1910.0,1073.0
2019-06-05,6493.0,8179.0,1141.0,2121.0,23059.0,24.0,1987.0,4050.0,3109.0,10619.0,5431.0,4562.0,3134.0,4203.0,7374.0,866.0,478.0,2130.0,1101.0
2019-06-06,6942.0,8130.0,1231.0,2122.0,29369.0,32.0,2039.0,4538.0,2983.0,9008.0,5475.0,4416.0,3059.0,4670.0,7650.0,993.0,461.0,2179.0,1059.0
2019-06-07,6790.0,7421.0,912.0,2062.0,22095.0,36.0,2109.0,4200.0,3318.0,8526.0,5114.0,4093.0,2955.0,4047.0,6567.0,789.0,525.0,1752.0,1004.0
2019-06-08,9150.0,6365.0,843.0,1895.0,30549.0,30.0,4257.0,4798.0,4024.0,9984.0,6847.0,3265.0,2663.0,3105.0,5029.0,726.0,475.0,1542.0,937.0
2019-06-09,8500.0,7032.0,1064.0,2027.0,27801.0,29.0,2129.0,4141.0,3175.0,9037.0,5408.0,3976.0,2686.0,3619.0,6511.0,704.0,531.0,1896.0,1057.0
2019-06-10,7629.0,8211.0,1727.0,2107.0,26969.0,37.0,2176.0,4847.0,3288.0,9163.0,5593.0,4602.0,3108.0,4545.0,7299.0,927.0,599.0,2015.0,1178.0
2019-06-11,7163.0,8470.0,1253.0,2211.0,22768.0,41.0,2012.0,5170.0,3247.0,9234.0,5385.0,4929.0,3234.0,4627.0,7455.0,952.0,571.0,1906.0,1144.0
2019-06-12,6744.0,8608.0,1115.0,2096.0,22405.0,32.0,1929.0,4332.0,3326.0,9003.0,5413.0,4537.0,3328.0,4595.0,7089.0,844.0,556.0,1915.0,1141.0
2019-06-13,6933.0,7892.0,1090.0,2385.0,21306.0,43.0,1947.0,4268.0,3258.0,9198.0,5347.0,4385.0,3323.0,4573.0,6913.0,871.0,1253.0,2264.0,1051.0
2019-06-14,8435.0,7363.0,1213.0,2096.0,19648.0,32.0,4050.0,4028.0,3328.0,8805.0,5081.0,3927.0,2886.0,5262.0,5873.0,800.0,668.0,1689.0,963.0
2019-06-15,12019.0,8338.0,1284.0,2109.0,27394.0,29.0,2509.0,4346.0,3439.0,10440.0,6357.0,3527.0,2918.0,6345.0,6253.0,727.0,545.0,1758.0,1024.0
2019-06-16,15541.0,8240.0,6243.0,3657.0,27657.0,25.0,2617.0,11536.0,8697.0,11833.0,8612.0,4526.0,8883.0,4418.0,6816.0,2199.0,3621.0,2632.0,1590.0
2019-06-17,10608.0,9701.0,2540.0,2991.0,18327.0,29.0,2321.0,5500.0,6698.0,9351.0,5986.0,5486.0,6061.0,5171.0,6500.0,1282.0,1650.0,2424.0,1274.0
2019-06-18,8520.0,8980.0,1292.0,2343.0,18279.0,41.0,2201.0,5512.0,4210.0,9667.0,5761.0,5723.0,4235.0,5406.0,6700.0,1004.0,713.0,1761.0,1146.0
2019-06-19,8473.0,8580.0,1263.0,2320.0,18948.0,47.0,2192.0,4500.0,4091.0,10163.0,6259.0,4876.0,3738.0,6388.0,8420.0,933.0,696.0,1705.0,1122.0
2019-06-20,11792.0,10519.0,3209.0,2771.0,30746.0,40.0,3220.0,4639.0,4725.0,9356.0,5915.0,5431.0,6325.0,4834.0,8762.0,1111.0,1175.0,1932.0,1317.0
2019-06-21,7961.0,7427.0,1113.0,2903.0,18837.0,28.0,2104.0,4585.0,4893.0,8365.0,5371.0,4694.0,6046.0,4352.0,5597.0,852.0,687.0,1531.0,957.0
2019-06-22,7531.0,6508.0,1057.0,2735.0,20112.0,22.0,2156.0,5607.0,3682.0,9073.0,5195.0,4172.0,3086.0,4480.0,5246.0,815.0,618.0,1695.0,987.0
2019-06-23,9695.0,10267.0,1434.0,2465.0,53950.0,52.0,2354.0,4409.0,4748.0,10232.0,6525.0,4651.0,3971.0,4574.0,6735.0,921.0,1435.0,1997.0,1155.0
2019-06-24,8230.0,9073.0,1256.0,2313.0,58231.0,53.0,2160.0,5404.0,5002.0,9285.0,6456.0,6410.0,6914.0,5115.0,6637.0,2511.0,816.0,1888.0,1247.0
2019-06-25,7717.0,8865.0,1215.0,2242.0,24127.0,25.0,2157.0,5189.0,5765.0,9171.0,5745.0,5840.0,7050.0,4790.0,6704.0,1309.0,807.0,1797.0,1100.0
2019-06-26,7133.0,7959.0,1151.0,2243.0,17324.0,41.0,2105.0,4349.0,3592.0,8737.0,5511.0,4814.0,4022.0,4659.0,6397.0,916.0,621.0,1545.0,1177.0
2019-06-27,6785.0,7835.0,1129.0,2135.0,18069.0,35.0,1858.0,4243.0,3310.0,8933.0,5467.0,4647.0,3799.0,4696.0,6193.0,988.0,546.0,1861.0,1042.0
2019-06-28,10177.0,8980.0,1421.0,2286.0,20825.0,48.0,1872.0,5079.0,3939.0,11275.0,6031.0,4951.0,4206.0,6599.0,6545.0,961.0,744.0,1823.0,997.0
2019-06-29,9888.0,10129.0,1621.0,2721.0,19920.0,26.0,1927.0,5904.0,7276.0,9398.0,6314.0,5394.0,9366.0,4275.0,6320.0,1123.0,1377.0,2224.0,1050.0
2019-06-30,7792.0,7758.0,1405.0,2283.0,17676.0,40.0,2336.0,4485.0,4419.0,11164.0,5314.0,4293.0,4514.0,4176.0,5087.0,990.0,861.0,1901.0,1152.0
2019-07-01,7687.0,7943.0,1441.0,2199.0,15419.0,50.0,2442.0,4294.0,3559.0,9523.0,5475.0,4873.0,3988.0,4257.0,5831.0,1502.0,722.0,1909.0,1168.0
2019-07-02,10229.0,8954.0,1213.0,2854.0,17161.0,33.0,2611.0,4708.0,3403.0,13278.0,5530.0,5441.0,3324.0,5571.0,6200.0,988.0,622.0,1636.0,1108.0
2019-07-03,11934.0,9585.0,1519.0,2459.0,51257.0,40.0,2135.0,5292.0,3628.0,17531.0,6083.0,5302.0,3510.0,7756.0,6429.0,1131.0,592.0,2072.0,1027.0
2019-07-04,7293.0,7324.0,1188.0,2164.0,21066.0,26.0,2020.0,6858.0,3504.0,9965.0,5959.0,5574.0,3045.0,4528.0,6272.0,1103.0,514.0,1746.0,1012.0
2019-07-05,6712.0,6168.0,1118.0,2082.0,15905.0,37.0,1949.0,4429.0,3079.0,9029.0,5504.0,3903.0,2777.0,3570.0,5909.0,762.0,476.0,1575.0,975.0
2019-07-06,8868.0,6288.0,1168.0,2039.0,24705.0,22.0,2057.0,5133.0,2925.0,9204.0,5076.0,4104.0,2115.0,3476.0,5036.0,848.0,464.0,1521.0,1017.0
2019-07-07,8859.0,6524.0,1521.0,2264.0,35026.0,24.0,2377.0,5104.0,3597.0,17175.0,5747.0,4118.0,2885.0,8710.0,5726.0,1114.0,644.0,2350.0,1342.0
2019-07-08,8173.0,6536.0,1321.0,2287.0,29446.0,47.0,2153.0,5011.0,3435.0,11786.0,6074.0,4174.0,2949.0,5001.0,6212.0,1275.0,605.0,1854.0,1144.0
2019-07-09,9061.0,9484.0,1219.0,2369.0,17761.0,41.0,1891.0,4439.0,3133.0,9434.0,5682.0,4152.0,2984.0,3971.0,6727.0,843.0,578.0,1523.0,1132.0
2019-07-10,8245.0,7776.0,1035.0,2127.0,15359.0,34.0,3584.0,4093.0,2897.0,8934.0,5492.0,3852.0,2894.0,3855.0,6840.0,772.0,533.0,1617.0,1134.0
2019-07-11,6973.0,7056.0,1032.0,2262.0,17247.0,30.0,2217.0,4074.0,2983.0,8936.0,5639.0,3709.0,2852.0,3667.0,6800.0,1205.0,432.0,1554.0,984.0
2019-07-12,9901.0,6183.0,1427.0,6482.0,19150.0,37.0,1925.0,4238.0,3048.0,9108.0,5524.0,3281.0,2659.0,3085.0,5750.0,854.0,530.0,1617.0,959.0
2019-07-13,6482.0,5554.0,1016.0,2256.0,21055.0,75.0,1985.0,3679.0,2963.0,8121.0,6085.0,2953.0,2276.0,2681.0,5354.0,786.0,439.0,2015.0,1021.0
2019-07-14,6285.0,6434.0,1425.0,3931.0,19470.0,34.0,2674.0,3943.0,3062.0,8446.0,5736.0,3575.0,2672.0,3309.0,6303.0,917.0,515.0,1582.0,1091.0
2019-07-15,8020.0,6579.0,944.0,2122.0,17051.0,49.0,2345.0,5022.0,3194.0,12452.0,7540.0,3542.0,2883.0,3282.0,6771.0,1008.0,456.0,1844.0,1102.0
2019-07-16,6243.0,6673.0,967.0,2127.0,16998.0,53.0,2001.0,4632.0,3398.0,8407.0,5834.0,3571.0,2719.0,3475.0,6950.0,760.0,549.0,1537.0,1022.0
2019-07-17,6371.0,6716.0,951.0,2079.0,15273.0,40.0,2025.0,4233.0,3374.0,8354.0,6175.0,3505.0,2916.0,3231.0,6965.0,719.0,558.0,1505.0,991.0
2019-07-18,6442.0,6376.0,1025.0,2074.0,15612.0,33.0,1852.0,4339.0,3367.0,8468.0,5979.0,3524.0,2859.0,3245.0,6756.0,758.0,534.0,1473.0,1017.0
2019-07-19,6109.0,6173.0,1037.0,2001.0,14279.0,49.0,1859.0,4007.0,3086.0,7555.0,5884.0,3288.0,2442.0,2916.0,6637.0,771.0,1118.0,1489.0,974.0
2019-07-20,6541.0,5241.0,899.0,2090.0,15473.0,42.0,1828.0,3622.0,3097.0,7465.0,6950.0,3046.0,2768.0,2335.0,7470.0,645.0,574.0,1322.0,1122.0
2019-07-21,6226.0,5643.0,1030.0,2074.0,15458.0,45.0,2033.0,4914.0,3224.0,8030.0,6169.0,3271.0,2235.0,2638.0,7035.0,1726.0,603.0,1688.0,1121.0
2019-07-22,6446.0,6312.0,933.0,2069.0,15516.0,79.0,1994.0,4072.0,3376.0,8674.0,6331.0,3672.0,2918.0,3182.0,7115.0,1647.0,743.0,1548.0,1058.0
2019-07-23,6341.0,6673.0,892.0,2039.0,17667.0,59.0,2028.0,3984.0,3186.0,9657.0,5759.0,3553.0,2793.0,3320.0,7176.0,930.0,486.0,1618.0,1040.0
2019-07-24,6306.0,6799.0,967.0,1964.0,16404.0,51.0,1908.0,4153.0,3246.0,8572.0,7459.0,3803.0,2815.0,3307.0,7360.0,853.0,495.0,1551.0,878.0
2019-07-25,6637.0,6503.0,1019.0,2221.0,14737.0,58.0,1937.0,3995.0,3018.0,10666.0,5988.0,3590.0,2664.0,3079.0,6960.0,851.0,481.0,1486.0,1153.0
2019-07-26,6293.0,5943.0,898.0,2183.0,13788.0,134.0,1965.0,3734.0,2821.0,8034.0,5756.0,3374.0,2641.0,2786.0,5824.0,770.0,453.0,1449.0,1347.0
2019-07-27,7131.0,6055.0,1137.0,2171.0,14424.0,157.0,2144.0,4465.0,3110.0,8169.0,7196.0,3387.0,2495.0,2798.0,5792.0,761.0,450.0,1589.0,2662.0
2019-07-28,7551.0,6102.0,1063.0,2178.0,14251.0,100.0,2271.0,4661.0,3360.0,9056.0,9926.0,3831.0,2407.0,2761.0,7153.0,1661.0,572.0,1667.0,2456.0
2019-07-29,6876.0,6750.0,1017.0,2364.0,14488.0,91.0,2750.0,4721.0,3172.0,10992.0,8068.0,4024.0,2721.0,3203.0,7440.0,881.0,631.0,1890.0,2059.0
2019-07-30,8549.0,7322.0,959.0,2549.0,15503.0,76.0,2358.0,4790.0,4015.0,11587.0,7650.0,4175.0,2911.0,3533.0,7276.0,884.0,546.0,1970.0,1773.0
2019-07-31,6457.0,7091.0,973.0,1978.0,14188.0,37.0,2018.0,4179.0,3127.0,8557.0,6006.0,3966.0,3012.0,3670.0,7070.0,790.0,502.0,1668.0,1281.0
2019-08-01,6045.0,6902.0,870.0,2081.0,14803.0,47.0,2015.0,4050.0,3165.0,8617.0,5673.0,3823.0,2799.0,3369.0,7160.0,767.0,414.0,1410.0,1119.0
2019-08-02,5671.0,6003.0,813.0,2058.0,13556.0,48.0,1897.0,3953.0,2897.0,8520.0,5580.0,3322.0,2462.0,3184.0,5938.0,748.0,550.0,1642.0,1136.0
2019-08-03,5713.0,5455.0,914.0,1949.0,16277.0,39.0,1854.0,3456.0,3092.0,7875.0,5174.0,3044.0,1990.0,2476.0,5040.0,712.0,794.0,1368.0,955.0
2019-08-04,6463.0,6396.0,920.0,2062.0,15436.0,49.0,1910.0,3908.0,3117.0,10293.0,5828.0,3561.0,2318.0,2834.0,6058.0,873.0,875.0,1452.0,1007.0
2019-08-05,6296.0,7285.0,960.0,2063.0,15281.0,67.0,1845.0,4206.0,3084.0,10501.0,5623.0,3933.0,2791.0,3117.0,6824.0,777.0,574.0,1512.0,1028.0
2019-08-06,6807.0,7236.0,981.0,2109.0,14602.0,35.0,2084.0,4258.0,5752.0,10996.0,5884.0,4178.0,2666.0,3336.0,7306.0,805.0,550.0,1694.0,1149.0
2019-08-07,6210.0,7400.0,1138.0,1932.0,15372.0,50.0,2290.0,3942.0,4894.0,8751.0,5973.0,3972.0,4182.0,3458.0,7958.0,794.0,648.0,2125.0,1295.0
2019-08-08,6335.0,7762.0,832.0,1968.0,15434.0,54.0,2005.0,4144.0,3898.0,8612.0,5828.0,4127.0,3077.0,3465.0,7653.0,833.0,535.0,1871.0,1146.0
2019-08-09,6555.0,6911.0,882.0,2119.0,13512.0,53.0,2111.0,3967.0,3803.0,8158.0,5952.0,3731.0,2475.0,2933.0,6483.0,761.0,458.0,1482.0,957.0
2019-08-10,7330.0,6276.0,873.0,2036.0,13956.0,68.0,2103.0,3730.0,4547.0,7900.0,5198.0,3327.0,2172.0,3073.0,5666.0,777.0,723.0,1628.0,950.0
2019-08-11,6812.0,8923.0,1098.0,2268.0,14892.0,59.0,2343.0,3869.0,6740.0,8576.0,6684.0,4121.0,2748.0,3378.0,6798.0,822.0,582.0,1580.0,1079.0
2019-08-12,9860.0,13397.0,1401.0,2622.0,13350.0,124.0,2387.0,4322.0,3664.0,8648.0,5796.0,5106.0,3549.0,3594.0,7393.0,807.0,504.0,2033.0,1315.0
2019-08-13,10678.0,10669.0,2020.0,2497.0,16131.0,188.0,2229.0,4138.0,3387.0,8476.0,5562.0,4690.0,3209.0,3733.0,7432.0,934.0,627.0,1853.0,1109.0
2019-08-14,8550.0,9277.0,1497.0,2282.0,15294.0,194.0,2170.0,4059.0,3163.0,8662.0,5403.0,4257.0,3013.0,3619.0,7328.0,804.0,621.0,1680.0,1080.0
2019-08-15,7189.0,8645.0,1157.0,2147.0,13696.0,213.0,2124.0,3859.0,3110.0,8573.0,5447.0,4002.0,2969.0,3462.0,6854.0,868.0,513.0,2060.0,1025.0
2019-08-16,7047.0,7420.0,1224.0,2083.0,17663.0,196.0,2104.0,3915.0,3055.0,8321.0,7444.0,3774.0,2572.0,3141.0,6289.0,786.0,518.0,1665.0,953.0
2019-08-17,6680.0,6348.0,1101.0,2018.0,16477.0,189.0,2285.0,3419.0,2941.0,7371.0,5051.0,3324.0,2402.0,2640.0,4861.0,730.0,464.0,1538.0,830.0
2019-08-18,6953.0,7057.0,1329.0,2261.0,17413.0,159.0,2969.0,3897.0,3071.0,8019.0,7082.0,3709.0,2492.0,3054.0,5320.0,797.0,450.0,1666.0,1111.0
2019-08-19,7273.0,7959.0,1364.0,2187.0,15831.0,159.0,2467.0,4253.0,3993.0,11082.0,6253.0,4491.0,2873.0,3228.0,6751.0,800.0,485.0,1629.0,1118.0
2019-08-20,7252.0,8548.0,1442.0,2299.0,13906.0,215.0,2653.0,4532.0,3760.0,9105.0,5992.0,4626.0,3142.0,3667.0,7095.0,855.0,456.0,1809.0,1060.0
2019-08-21,7019.0,7968.0,1411.0,2198.0,16915.0,188.0,2510.0,5488.0,4470.0,11717.0,8107.0,4480.0,3332.0,4719.0,7807.0,828.0,502.0,2315.0,1189.0
2019-08-22,7571.0,7975.0,1339.0,2198.0,19621.0,106.0,2326.0,4295.0,3420.0,18150.0,6030.0,4371.0,3296.0,5957.0,7785.0,865.0,511.0,3121.0,1040.0
2019-08-23,6798.0,6830.0,1413.0,2093.0,18521.0,126.0,2491.0,4276.0,3446.0,17516.0,6433.0,3845.0,2916.0,4962.0,6607.0,832.0,516.0,4409.0,1097.0
2019-08-24,6130.0,5946.0,1231.0,1999.0,16104.0,97.0,2487.0,4129.0,3245.0,14274.0,5662.0,3404.0,2414.0,4044.0,5740.0,1442.0,468.0,3967.0,990.0
2019-08-25,7212.0,7205.0,1165.0,2659.0,20227.0,94.0,2491.0,4182.0,4807.0,12743.0,5780.0,4287.0,3600.0,4210.0,6894.0,1211.0,618.0,3395.0,1118.0
2019-08-26,7279.0,8006.0,1470.0,2377.0,19719.0,105.0,3114.0,5020.0,3760.0,15075.0,6217.0,4537.0,3269.0,4619.0,7725.0,1044.0,613.0,4100.0,1229.0
2019-08-27,7570.0,7775.0,1343.0,2264.0,22070.0,79.0,2418.0,5969.0,3598.0,18311.0,6159.0,4433.0,3216.0,4898.0,7295.0,1040.0,652.0,5289.0,1201.0
2019-08-28,8146.0,8322.0,1169.0,2400.0,17687.0,94.0,2300.0,4767.0,4038.0,14778.0,6906.0,4364.0,3292.0,4583.0,6946.0,948.0,522.0,3566.0,1074.0
2019-08-29,8521.0,7629.0,1275.0,2363.0,24650.0,104.0,2223.0,4712.0,3578.0,11650.0,6371.0,4391.0,3193.0,3992.0,7681.0,972.0,478.0,2789.0,1144.0
2019-08-30,7258.0,6798.0,1691.0,2243.0,27728.0,83.0,2021.0,4284.0,3558.0,9842.0,6257.0,4013.0,2740.0,3389.0,6307.0,959.0,499.0,2099.0,1003.0
2019-08-31,6600.0,5785.0,1204.0,2249.0,21918.0,112.0,2587.0,3851.0,3302.0,9642.0,5354.0,2973.0,2155.0,2722.0,5029.0,689.0,411.0,1536.0,899.0
2019-09-01,6765.0,6530.0,1157.0,2484.0,17968.0,129.0,2270.0,4042.0,3193.0,9117.0,5540.0,3922.0,2395.0,3455.0,5740.0,1013.0,428.0,1593.0,1033.0
2019-09-02,8953.0,7489.0,1504.0,2587.0,15912.0,136.0,2412.0,4249.0,3371.0,9689.0,6021.0,4546.0,2732.0,3723.0,7261.0,1124.0,473.0,1685.0,1127.0
2019-09-03,8303.0,8050.0,1739.0,2494.0,15244.0,126.0,2301.0,4988.0,3487.0,10093.0,6625.0,4586.0,3020.0,3827.0,7254.0,1023.0,499.0,1887.0,1024.0
2019-09-04,7473.0,7641.0,1180.0,2430.0,13796.0,124.0,2142.0,4918.0,3604.0,9520.0,6393.0,4749.0,2764.0,3863.0,7452.0,955.0,592.0,1792.0,1077.0
2019-09-05,10331.0,7441.0,1187.0,2614.0,15303.0,106.0,2008.0,5660.0,4756.0,11828.0,8000.0,4763.0,2882.0,3610.0,8055.0,1001.0,513.0,1786.0,1172.0
2019-09-06,9488.0,6912.0,986.0,2318.0,16006.0,81.0,1914.0,4468.0,3216.0,9164.0,5731.0,4292.0,2599.0,3361.0,6358.0,773.0,420.0,1432.0,889.0
2019-09-07,6493.0,5514.0,1053.0,2342.0,18659.0,72.0,1915.0,3626.0,3461.0,9198.0,7152.0,3343.0,2586.0,3385.0,5298.0,850.0,419.0,1600.0,1071.0
2019-09-08,7657.0,6841.0,1084.0,2820.0,17628.0,60.0,2196.0,3942.0,3328.0,8587.0,5542.0,4142.0,2539.0,3166.0,6129.0,1048.0,466.0,1730.0,1101.0
2019-09-09,7937.0,7649.0,1166.0,3000.0,17110.0,74.0,2251.0,4982.0,3617.0,9391.0,6378.0,4787.0,2910.0,3805.0,7145.0,971.0,468.0,1700.0,1105.0
2019-09-10,8914.0,7803.0,1328.0,3050.0,26777.0,46.0,2320.0,5147.0,3847.0,9786.0,6475.0,4660.0,3120.0,3747.0,7471.0,918.0,428.0,1645.0,1091.0
2019-09-11,9626.0,8044.0,1326.0,3308.0,32076.0,85.0,2150.0,5828.0,4787.0,10153.0,8121.0,5161.0,2958.0,4164.0,7232.0,1428.0,458.0,1697.0,1455.0
2019-09-12,7717.0,7282.0,1121.0,2645.0,20616.0,79.0,2098.0,5591.0,3750.0,9371.0,6361.0,4460.0,3026.0,3810.0,6948.0,1061.0,441.0,1657.0,1149.0
2019-09-13,8903.0,7441.0,1207.0,2650.0,17451.0,58.0,2018.0,4852.0,3502.0,8500.0,5965.0,3827.0,2664.0,3084.0,5912.0,878.0,455.0,1503.0,933.0
2019-09-14,7059.0,5791.0,920.0,2983.0,18712.0,60.0,1833.0,4038.0,3326.0,7548.0,5145.0,3296.0,2183.0,2390.0,4811.0,784.0,389.0,1290.0,892.0
2019-09-15,10080.0,8898.0,1315.0,2681.0,19614.0,71.0,2104.0,4543.0,3634.0,9609.0,5471.0,3892.0,2461.0,2757.0,5558.0,887.0,456.0,1577.0,976.0
2019-09-16,8310.0,7505.0,1239.0,2725.0,17095.0,81.0,2116.0,5119.0,3937.0,9235.0,6379.0,4460.0,2510.0,3433.0,6847.0,961.0,403.0,1595.0,1129.0
2019-09-17,8124.0,7296.0,1194.0,2667.0,25304.0,62.0,2090.0,4928.0,4112.0,11967.0,6022.0,4789.0,2504.0,3746.0,6928.0,874.0,508.0,1708.0,1134.0
2019-09-18,7976.0,7632.0,1079.0,2622.0,21807.0,58.0,2050.0,6275.0,3872.0,11513.0,6012.0,6200.0,2569.0,3628.0,7232.0,1161.0,506.0,1642.0,1023.0
2019-09-19,7624.0,7324.0,1060.0,2402.0,17479.0,82.0,2149.0,5334.0,3784.0,9243.0,5962.0,4918.0,2512.0,3676.0,7308.0,1017.0,587.0,1696.0,1022.0
2019-09-20,7315.0,6123.0,872.0,2448.0,14916.0,80.0,1851.0,4597.0,3608.0,8331.0,5596.0,3997.0,2381.0,3080.0,5943.0,879.0,418.0,1464.0,911.0
2019-09-21,7544.0,5521.0,966.0,2316.0,17026.0,60.0,2126.0,4097.0,3156.0,7555.0,5080.0,3643.0,2192.0,2549.0,5130.0,756.0,381.0,1290.0,845.0
2019-09-22,10776.0,6379.0,1078.0,2430.0,16220.0,117.0,4472.0,5745.0,3483.0,10585.0,8972.0,4204.0,2604.0,3148.0,6137.0,930.0,426.0,1438.0,974.0
2019-09-23,8151.0,7446.0,1215.0,2634.0,39242.0,99.0,2734.0,4767.0,4040.0,9478.0,6458.0,5086.0,3459.0,3821.0,7164.0,914.0,478.0,1600.0,1126.0
2019-09-24,8383.0,7702.0,1325.0,2504.0,57832.0,67.0,2386.0,5385.0,4277.0,9915.0,6390.0,4973.0,3525.0,4630.0,7721.0,1120.0,516.0,1698.0,1172.0
2019-09-25,8008.0,7787.0,1139.0,2555.0,30040.0,92.0,2123.0,4986.0,9156.0,9544.0,6337.0,4847.0,3325.0,4343.0,7910.0,1951.0,558.0,1709.0,1268.0
2019-09-26,7830.0,7617.0,1075.0,2308.0,21501.0,178.0,2096.0,5046.0,5171.0,10301.0,6266.0,4619.0,3270.0,4163.0,7459.0,1015.0,487.0,1773.0,1111.0
2019-09-27,6905.0,7091.0,1006.0,2273.0,17668.0,107.0,2063.0,4702.0,4012.0,8790.0,5786.0,3759.0,2656.0,3373.0,6139.0,891.0,418.0,1435.0,921.0
2019-09-28,6622.0,5562.0,955.0,2180.0,19436.0,72.0,2094.0,4688.0,3428.0,8033.0,5017.0,3324.0,2331.0,2810.0,4994.0,780.0,406.0,1467.0,877.0
2019-09-29,7087.0,6545.0,1188.0,2388.0,16943.0,59.0,2499.0,4681.0,5232.0,9532.0,5396.0,4094.0,2904.0,3382.0,6247.0,888.0,542.0,1630.0,995.0
2019-09-30,7876.0,7737.0,1091.0,2368.0,17915.0,80.0,2351.0,5632.0,3881.0,10841.0,6052.0,4632.0,3206.0,4013.0,7524.0,1308.0,434.0,1593.0,1184.0
2019-10-01,7642.0,8353.0,1145.0,2354.0,18343.0,60.0,2256.0,4993.0,3956.0,9733.0,6236.0,4777.0,3463.0,4272.0,7888.0,902.0,486.0,1603.0,1095.0
2019-10-02,9503.0,7923.0,1599.0,2707.0,24275.0,55.0,2350.0,5975.0,3869.0,11844.0,6260.0,4623.0,3393.0,4267.0,7766.0,1046.0,484.0,2132.0,1083.0
2019-10-03,7661.0,7387.0,1303.0,2539.0,18671.0,58.0,2146.0,4705.0,3858.0,11218.0,6545.0,4360.0,3150.0,4568.0,7625.0,1359.0,421.0,2022.0,1143.0
2019-10-04,6961.0,6461.0,985.0,2200.0,14015.0,47.0,2026.0,4450.0,3525.0,8262.0,5709.0,3908.0,2767.0,3273.0,6077.0,1007.0,392.0,1617.0,1035.0
2019-10-05,11033.0,5404.0,1023.0,2182.0,15167.0,48.0,2166.0,4077.0,8016.0,8016.0,5086.0,3214.0,2469.0,2844.0,5181.0,810.0,496.0,1318.0,998.0
2019-10-06,7439.0,6585.0,1185.0,2449.0,19653.0,54.0,2263.0,5178.0,3873.0,9136.0,8172.0,4153.0,2709.0,3179.0,5138.0,965.0,512.0,1785.0,1167.0
2019-10-07,7472.0,7832.0,1156.0,2618.0,21751.0,38.0,2469.0,6129.0,3686.0,9159.0,6329.0,4707.0,3283.0,4099.0,6252.0,932.0,463.0,1537.0,1076.0
2019-10-08,7587.0,7827.0,1136.0,2940.0,17554.0,41.0,2168.0,5873.0,3611.0,9926.0,6406.0,5029.0,3633.0,4443.0,7108.0,985.0,544.0,2033.0,1110.0
2019-10-09,8701.0,8853.0,3497.0,3156.0,21165.0,47.0,2180.0,5841.0,3777.0,9568.0,6484.0,4902.0,3494.0,4457.0,7650.0,1068.0,586.0,1798.0,1114.0
2019-10-10,7639.0,8291.0,1394.0,2964.0,19127.0,57.0,2188.0,4800.0,3678.0,9889.0,6057.0,4827.0,3536.0,4594.0,7802.0,920.0,457.0,1476.0,1026.0
2019-10-11,6894.0,7445.0,927.0,2518.0,20634.0,73.0,2021.0,4165.0,3484.0,8927.0,5942.0,4379.0,3222.0,3739.0,7181.0,1217.0,440.0,1481.0,909.0
2019-10-12,6071.0,7206.0,1038.0,2175.0,27458.0,59.0,1989.0,3746.0,3130.0,8006.0,5091.0,4008.0,2797.0,3256.0,6342.0,1251.0,420.0,1309.0,849.0
2019-10-13,7380.0,7229.0,1329.0,2340.0,18464.0,46.0,2446.0,4534.0,10084.0,9153.0,5801.0,4313.0,2958.0,3405.0,6679.0,1236.0,743.0,1679.0,1014.0
2019-10-14,7636.0,8586.0,1187.0,2425.0,37536.0,48.0,2473.0,4739.0,3869.0,11664.0,6917.0,4827.0,3106.0,4174.0,7867.0,997.0,441.0,1548.0,1052.0
2019-10-15,7610.0,8598.0,1051.0,2437.0,49654.0,87.0,2568.0,5018.0,3990.0,10271.0,6891.0,5075.0,3376.0,4551.0,9133.0,1006.0,529.0,1447.0,1028.0
2019-10-16,7338.0,8541.0,1070.0,2497.0,35730.0,46.0,2399.0,5011.0,3833.0,9845.0,6694.0,4685.0,3573.0,4480.0,8600.0,922.0,466.0,1517.0,980.0
2019-10-17,7348.0,8412.0,1057.0,2318.0,25720.0,59.0,2886.0,4897.0,3785.0,9612.0,6250.0,4598.0,3229.0,4513.0,8093.0,1002.0,526.0,1482.0,983.0
2019-10-18,6850.0,6797.0,1325.0,2445.0,18386.0,45.0,3048.0,4829.0,3499.0,9480.0,5965.0,4128.0,2858.0,3697.0,7085.0,926.0,468.0,1521.0,984.0
2019-10-19,6547.0,5687.0,977.0,2100.0,26758.0,42.0,3800.0,9396.0,3161.0,8678.0,5169.0,10279.0,2409.0,3866.0,5774.0,1452.0,452.0,1367.0,1026.0
2019-10-20,7169.0,8078.0,1186.0,2452.0,23924.0,60.0,3843.0,12432.0,3613.0,10692.0,5785.0,11968.0,3024.0,3493.0,7496.0,2916.0,561.0,1655.0,1231.0
2019-10-21,10076.0,9585.0,1267.0,2571.0,20669.0,51.0,2999.0,17859.0,4314.0,9941.0,6623.0,13538.0,4193.0,4552.0,8403.0,4184.0,594.0,1790.0,1193.0
2019-10-22,8064.0,9271.0,1402.0,2610.0,21135.0,75.0,2586.0,13526.0,4113.0,9539.0,6631.0,13225.0,4113.0,4856.0,10629.0,2648.0,694.0,1687.0,1174.0
2019-10-23,7826.0,9103.0,1371.0,2641.0,25426.0,71.0,2495.0,10981.0,4175.0,9645.0,6614.0,12516.0,3973.0,5018.0,8908.0,2052.0,576.0,1665.0,1103.0
2019-10-24,7638.0,8833.0,1245.0,2533.0,22285.0,53.0,2426.0,9053.0,3548.0,9318.0,6276.0,9783.0,4108.0,5043.0,8074.0,1926.0,656.0,1668.0,1128.0
2019-10-25,6871.0,7450.0,1092.0,2348.0,15453.0,57.0,5406.0,8070.0,3499.0,12977.0,5537.0,10540.0,3532.0,3653.0,6240.0,1577.0,728.0,1533.0,1184.0
2019-10-26,6726.0,6878.0,1932.0,2161.0,14196.0,48.0,2454.0,14456.0,3644.0,10728.0,5031.0,14189.0,3042.0,2982.0,5321.0,4776.0,4038.0,1561.0,1050.0
2019-10-27,7937.0,12917.0,2562.0,2511.0,16884.0,55.0,2657.0,11062.0,4295.0,9142.0,5543.0,8755.0,4874.0,3523.0,6648.0,3293.0,1346.0,1807.0,1260.0
2019-10-28,13789.0,29099.0,3302.0,3499.0,15843.0,88.0,2619.0,9291.0,4612.0,10570.0,6553.0,8013.0,6043.0,4172.0,8536.0,2920.0,1508.0,1894.0,1143.0
2019-10-29,9036.0,10342.0,1697.0,2809.0,23942.0,65.0,2426.0,8298.0,3821.0,10464.0,6187.0,7363.0,4898.0,5131.0,7731.0,2303.0,708.0,1732.0,1055.0
2019-10-30,7840.0,9255.0,1232.0,2604.0,39960.0,60.0,2284.0,10056.0,3626.0,10059.0,6430.0,6268.0,3729.0,3956.0,7380.0,2105.0,618.0,1642.0,997.0
2019-10-31,6787.0,7281.0,1093.0,2381.0,22382.0,55.0,2107.0,7767.0,3330.0,9026.0,5234.0,5003.0,3421.0,3296.0,5891.0,1646.0,638.0,1372.0,983.0
2019-11-01,6717.0,6312.0,1168.0,2392.0,16298.0,60.0,2067.0,6113.0,3165.0,8359.0,4902.0,4481.0,2867.0,2914.0,4980.0,1660.0,588.0,1626.0,1152.0
2019-11-02,6336.0,6012.0,1167.0,2193.0,19773.0,60.0,2075.0,5682.0,3000.0,7840.0,5039.0,4391.0,2519.0,2614.0,4877.0,2059.0,625.0,1491.0,997.0
2019-11-03,8322.0,6905.0,1310.0,3102.0,15547.0,80.0,2503.0,6511.0,3308.0,8560.0,5766.0,4745.0,2722.0,2966.0,5321.0,1539.0,658.0,1799.0,1259.0
2019-11-04,7913.0,8080.0,1490.0,2667.0,14367.0,59.0,2464.0,6155.0,3504.0,9514.0,5955.0,9023.0,3437.0,4061.0,6999.0,1479.0,891.0,2297.0,1233.0
2019-11-05,8084.0,8514.0,1312.0,2470.0,18789.0,63.0,2498.0,6539.0,3576.0,8989.0,5695.0,5964.0,3232.0,4133.0,7571.0,1750.0,597.0,2004.0,1337.0
2019-11-06,7010.0,8928.0,1376.0,2540.0,16199.0,58.0,2483.0,6322.0,3508.0,9492.0,6066.0,5907.0,3172.0,4356.0,7637.0,3256.0,692.0,1876.0,1289.0
2019-11-07,6816.0,7404.0,1178.0,2494.0,13954.0,71.0,2354.0,6162.0,3332.0,9434.0,5614.0,5426.0,3844.0,3944.0,7997.0,1511.0,534.0,1865.0,1372.0
2019-11-08,6755.0,6326.0,1202.0,2382.0,13661.0,52.0,2391.0,5771.0,3365.0,8955.0,5981.0,5036.0,2688.0,3759.0,6256.0,1586.0,494.0,1630.0,1069.0
2019-11-09,6234.0,5670.0,1160.0,2234.0,27128.0,60.0,2436.0,5139.0,3053.0,8831.0,5007.0,4549.0,2712.0,3115.0,5020.0,1303.0,485.0,1586.0,1014.0
2019-11-10,7228.0,6724.0,1506.0,2508.0,36992.0,47.0,3273.0,5741.0,3394.0,8976.0,5759.0,4864.0,2814.0,3156.0,5529.0,1549.0,789.0,2035.0,1430.0
2019-11-11,8573.0,11198.0,1481.0,2961.0,22835.0,51.0,2866.0,7114.0,4405.0,10497.0,6769.0,6801.0,3693.0,4325.0,7508.0,1793.0,810.0,2127.0,1557.0
2019-11-12,11190.0,10093.0,1544.0,2781.0,20997.0,48.0,2570.0,6786.0,4503.0,15939.0,9504.0,8440.0,5429.0,5327.0,8492.0,1711.0,750.0,2170.0,1581.0
2019-11-13,8393.0,12183.0,1425.0,2739.0,19531.0,65.0,2537.0,7063.0,4244.0,12226.0,6674.0,9206.0,4855.0,5296.0,9369.0,1680.0,647.0,1901.0,1452.0
2019-11-14,7939.0,12344.0,1354.0,2388.0,21395.0,75.0,2318.0,6267.0,4234.0,12095.0,5941.0,6830.0,3861.0,4496.0,7897.0,1465.0,614.0,1854.0,1331.0
2019-11-15,8351.0,7093.0,1294.0,2346.0,32255.0,61.0,2183.0,6479.0,4345.0,10875.0,5458.0,5695.0,2914.0,3613.0,5874.0,1395.0,679.0,1863.0,1071.0
2019-11-16,6698.0,5496.0,1218.0,2251.0,30888.0,43.0,2349.0,5526.0,3513.0,8776.0,5145.0,4465.0,2237.0,2694.0,5040.0,1066.0,554.0,1676.0,1169.0
2019-11-17,6858.0,6087.0,1556.0,2427.0,27123.0,50.0,2679.0,5517.0,3672.0,9290.0,5262.0,4726.0,2612.0,3295.0,5936.0,1634.0,653.0,2540.0,1586.0
2019-11-18,8127.0,8335.0,1442.0,2609.0,28902.0,50.0,2611.0,6080.0,4778.0,9880.0,5975.0,5140.0,3738.0,3834.0,6741.0,1286.0,722.0,2015.0,1354.0
2019-11-19,8005.0,7894.0,1362.0,2723.0,29115.0,27.0,2727.0,5379.0,4579.0,10415.0,5937.0,4928.0,3211.0,3879.0,6825.0,1161.0,658.0,1891.0,1384.0
2019-11-20,7829.0,7608.0,1393.0,2697.0,17081.0,42.0,2624.0,5295.0,4459.0,9782.0,6073.0,4843.0,2951.0,3821.0,6359.0,1131.0,618.0,1819.0,1273.0
2019-11-21,7364.0,7506.0,1255.0,2545.0,16208.0,81.0,2449.0,5028.0,3798.0,10097.0,5995.0,4628.0,2997.0,3890.0,6776.0,1118.0,659.0,1824.0,1301.0
2019-11-22,7224.0,6616.0,1436.0,2486.0,14508.0,70.0,2442.0,4923.0,3618.0,10149.0,6695.0,4394.0,3079.0,3613.0,7346.0,1055.0,596.0,2532.0,2943.0
2019-11-23,7301.0,5814.0,1500.0,2707.0,15621.0,56.0,2899.0,4856.0,3705.0,11141.0,6870.0,3590.0,3002.0,3970.0,6588.0,1087.0,1852.0,2592.0,1717.0
2019-11-24,7265.0,6754.0,1554.0,2530.0,13772.0,58.0,2632.0,4879.0,3959.0,9606.0,7162.0,4254.0,4470.0,3954.0,6353.0,1289.0,915.0,2269.0,1593.0
2019-11-25,7321.0,7724.0,1327.0,2624.0,16691.0,49.0,2506.0,4801.0,4789.0,10039.0,6506.0,4804.0,7879.0,4330.0,6995.0,1037.0,834.0,2041.0,1421.0
2019-11-26,7031.0,7289.0,1296.0,2515.0,19061.0,63.0,2389.0,4694.0,3829.0,9610.0,5876.0,5079.0,4192.0,3794.0,6389.0,1104.0,679.0,1985.0,1180.0
2019-11-27,6616.0,6994.0,1226.0,2277.0,32004.0,52.0,2435.0,5372.0,3566.0,11014.0,5750.0,4608.0,3514.0,3634.0,6303.0,999.0,711.0,1776.0,1138.0
2019-11-28,7955.0,6117.0,1187.0,2266.0,32351.0,46.0,2310.0,4395.0,3960.0,8654.0,7246.0,4158.0,4194.0,3584.0,6094.0,1022.0,687.0,1728.0,1201.0
2019-11-29,5896.0,5061.0,1473.0,2279.0,16897.0,40.0,2441.0,5169.0,4943.0,8487.0,5012.0,3737.0,3377.0,2750.0,5133.0,1453.0,697.0,1596.0,999.0
2019-11-30,5829.0,4840.0,1168.0,2168.0,17298.0,35.0,2305.0,3970.0,3369.0,8089.0,5090.0,3289.0,2560.0,2577.0,4395.0,989.0,536.0,1526.0,985.0
2019-12-01,6982.0,5437.0,1168.0,2549.0,23844.0,38.0,2675.0,4285.0,5378.0,8777.0,5537.0,3675.0,2643.0,2856.0,4609.0,1008.0,625.0,1743.0,1229.0
2019-12-02,8202.0,6126.0,1433.0,2597.0,72233.0,42.0,2785.0,5029.0,6801.0,9602.0,6180.0,4182.0,2812.0,3252.0,5608.0,1170.0,604.0,1772.0,1244.0
2019-12-03,7812.0,6522.0,1392.0,2493.0,88200.0,49.0,2555.0,4834.0,5203.0,9903.0,6066.0,3897.0,2629.0,3538.0,5172.0,1228.0,706.0,2073.0,1184.0
2019-12-04,7174.0,6548.0,1232.0,2547.0,38915.0,35.0,2609.0,4681.0,4095.0,9471.0,6161.0,3929.0,2905.0,3366.0,5502.0,1055.0,566.0,2441.0,1234.0
2019-12-05,8860.0,5621.0,1446.0,2555.0,24374.0,48.0,2431.0,4466.0,3978.0,11059.0,5894.0,3553.0,2224.0,2953.0,4831.0,1009.0,558.0,1929.0,1158.0
2019-12-06,7031.0,5186.0,1179.0,2373.0,20494.0,64.0,2445.0,4363.0,3572.0,8633.0,5556.0,3182.0,2195.0,2827.0,4400.0,936.0,479.0,1619.0,1018.0
2019-12-07,6676.0,4972.0,1163.0,2219.0,33613.0,57.0,2191.0,3782.0,3415.0,7558.0,4794.0,2921.0,1762.0,2424.0,3972.0,1142.0,513.0,1534.0,1035.0
2019-12-08,6835.0,5234.0,1286.0,2344.0,46399.0,99.0,2556.0,3998.0,4163.0,8453.0,5322.0,2895.0,1890.0,2561.0,4100.0,1266.0,688.0,1906.0,1248.0
2019-12-09,7299.0,6299.0,1386.0,2669.0,26666.0,59.0,2717.0,4555.0,3451.0,10716.0,6683.0,4009.0,2377.0,3166.0,5577.0,1076.0,805.0,1874.0,1255.0
2019-12-10,8486.0,13104.0,1493.0,2686.0,22156.0,55.0,2935.0,6996.0,3759.0,9660.0,6370.0,3979.0,2423.0,3168.0,5008.0,1456.0,623.0,1951.0,1224.0
2019-12-11,7546.0,8281.0,1299.0,2418.0,20177.0,113.0,2611.0,4937.0,3236.0,9256.0,5877.0,3430.0,2118.0,2746.0,4604.0,1151.0,564.0,2036.0,1379.0
2019-12-12,7235.0,5935.0,1276.0,2197.0,18209.0,67.0,3004.0,4879.0,3198.0,9101.0,5741.0,3212.0,2159.0,2607.0,4338.0,1035.0,566.0,1913.0,1353.0
2019-12-13,6873.0,4999.0,1305.0,2298.0,15521.0,50.0,2413.0,4325.0,3178.0,8395.0,5260.0,2628.0,1786.0,2165.0,3746.0,1009.0,966.0,1785.0,1049.0
2019-12-14,6234.0,4394.0,1120.0,2185.0,15521.0,50.0,4305.0,3831.0,2942.0,7607.0,4764.0,2293.0,1613.0,1832.0,3634.0,1408.0,498.0,1556.0,994.0
2019-12-15,6739.0,4827.0,1131.0,2419.0,17592.0,80.0,2976.0,4043.0,3027.0,7946.0,5190.0,2676.0,1861.0,2035.0,3858.0,1017.0,545.0,1682.0,1181.0
2019-12-16,7259.0,5152.0,1235.0,2606.0,17854.0,97.0,2748.0,4589.0,3341.0,8751.0,5620.0,3131.0,1890.0,2332.0,3882.0,1073.0,604.0,1877.0,1157.0
2019-12-17,7223.0,10624.0,1136.0,2544.0,19900.0,107.0,2812.0,4493.0,3431.0,10148.0,5756.0,4458.0,2578.0,3153.0,5475.0,1076.0,617.0,1849.0,2047.0
2019-12-18,6794.0,9546.0,1001.0,2407.0,25859.0,85.0,2768.0,4249.0,3289.0,9820.0,5710.0,4678.0,2705.0,3136.0,5050.0,915.0,488.0,1696.0,1869.0
2019-12-19,6270.0,4385.0,984.0,2259.0,19655.0,118.0,2419.0,3777.0,3119.0,8503.0,5097.0,2890.0,1887.0,2097.0,3973.0,895.0,841.0,1509.0,1068.0
2019-12-20,5824.0,3893.0,967.0,2456.0,15985.0,95.0,2164.0,3546.0,2923.0,7489.0,5022.0,2375.0,1522.0,1633.0,3731.0,689.0,525.0,1289.0,942.0
2019-12-21,6765.0,3562.0,1474.0,2328.0,20916.0,92.0,2336.0,3372.0,3025.0,8202.0,4608.0,2113.0,1537.0,1613.0,3917.0,863.0,672.0,1812.0,1045.0
2019-12-22,7215.0,3688.0,1875.0,2477.0,20661.0,70.0,2767.0,3618.0,2901.0,7592.0,4655.0,1968.0,1641.0,1576.0,3045.0,1067.0,810.0,2344.0,1334.0
2019-12-23,6849.0,3599.0,1692.0,2520.0,16936.0,98.0,2535.0,3639.0,3058.0,7350.0,4785.0,2103.0,1480.0,1580.0,3028.0,961.0,758.0,1984.0,1216.0
2019-12-24,6547.0,3499.0,1886.0,2251.0,15007.0,75.0,2426.0,3582.0,2837.0,6677.0,4754.0,2051.0,1323.0,1460.0,2826.0,1232.0,794.0,2597.0,1391.0
2019-12-25,6585.0,3703.0,1915.0,2472.0,14014.0,58.0,2745.0,4051.0,3038.0,6992.0,4686.0,2137.0,1544.0,1588.0,2954.0,1434.0,739.0,3341.0,1510.0
2019-12-26,7162.0,4123.0,1334.0,2522.0,15508.0,84.0,3013.0,3949.0,2942.0,7486.0,4992.0,2399.0,1669.0,1761.0,3457.0,1299.0,604.0,1725.0,1329.0
2019-12-27,7099.0,4145.0,1208.0,2639.0,15430.0,68.0,2921.0,4062.0,3193.0,7570.0,5386.0,2120.0,1830.0,1814.0,3426.0,940.0,502.0,1551.0,1116.0
2019-12-28,7077.0,3967.0,1220.0,2534.0,15137.0,84.0,2938.0,3908.0,4419.0,7647.0,5144.0,2260.0,2219.0,1805.0,3369.0,934.0,721.0,2176.0,1113.0
2019-12-29,7112.0,4112.0,1240.0,2547.0,15637.0,79.0,3117.0,3988.0,4391.0,7768.0,5399.0,2211.0,2424.0,1766.0,3349.0,1019.0,655.0,1586.0,1165.0
2019-12-30,6865.0,4117.0,1134.0,2506.0,15770.0,87.0,2835.0,4090.0,3721.0,8193.0,5591.0,2286.0,2293.0,1701.0,3379.0,874.0,568.0,1513.0,1252.0
2019-12-31,6284.0,3905.0,1031.0,2257.0,14682.0,80.0,2442.0,3716.0,3365.0,7326.0,4763.0,2059.0,1967.0,1720.0,3101.0,715.0,538.0,1398.0,954.0
2020-01-01,6388.0,3780.0,1265.0,2462.0,14679.0,58.0,2955.0,3750.0,3481.0,7488.0,4745.0,2008.0,2038.0,1855.0,2947.0,916.0,621.0,1737.0,6866.0
2020-01-02,7366.0,4420.0,1234.0,2868.0,15469.0,79.0,2988.0,4222.0,4129.0,8673.0,5667.0,2491.0,2206.0,2035.0,3898.0,939.0,567.0,1695.0,1961.0
2020-01-03,7250.0,4452.0,1214.0,2586.0,14396.0,77.0,4964.0,4417.0,3745.0,9140.0,5822.0,2532.0,2097.0,2070.0,3919.0,943.0,1239.0,1674.0,1321.0
2020-01-04,7166.0,4446.0,1329.0,2443.0,15041.0,55.0,3698.0,3979.0,3836.0,8554.0,5640.0,2686.0,2072.0,1984.0,3860.0,907.0,920.0,1633.0,1255.0
2020-01-05,7100.0,4811.0,1413.0,2687.0,13472.0,72.0,3385.0,4097.0,3674.0,8755.0,5692.0,2728.0,2302.0,2120.0,4053.0,994.0,812.0,1756.0,1450.0
2020-01-06,7486.0,4986.0,1462.0,2763.0,16863.0,69.0,3151.0,4595.0,3849.0,9081.0,6138.0,2801.0,2431.0,2182.0,4263.0,1041.0,695.0,2029.0,1317.0
2020-01-07,7655.0,5107.0,1420.0,2779.0,15919.0,47.0,2917.0,4833.0,3657.0,9672.0,6101.0,2837.0,2170.0,2295.0,4604.0,1172.0,661.0,2191.0,1322.0
2020-01-08,7384.0,5904.0,1515.0,2608.0,13795.0,41.0,8791.0,4781.0,3679.0,9364.0,5942.0,3031.0,2269.0,2817.0,4951.0,1182.0,652.0,2175.0,1436.0
2020-01-09,7667.0,5542.0,1380.0,2768.0,16503.0,49.0,3316.0,4496.0,4009.0,9815.0,5866.0,2878.0,2389.0,2820.0,4788.0,1056.0,572.0,2059.0,1213.0
2020-01-10,7483.0,4983.0,1232.0,2576.0,15080.0,60.0,3211.0,4676.0,3788.0,9419.0,6154.0,2934.0,2486.0,2628.0,4392.0,1018.0,748.0,1982.0,1233.0
2020-01-11,7144.0,4422.0,1192.0,2495.0,13685.0,53.0,2969.0,4011.0,4178.0,8484.0,5399.0,2578.0,2081.0,2098.0,4019.0,1007.0,1096.0,1748.0,1118.0
2020-01-12,7495.0,5161.0,1480.0,2765.0,17292.0,53.0,2888.0,4237.0,3640.0,8845.0,6123.0,2812.0,2601.0,2390.0,4401.0,1121.0,890.0,2241.0,1278.0
2020-01-13,7615.0,5149.0,1616.0,2892.0,16774.0,58.0,2914.0,4821.0,4111.0,10108.0,6513.0,3092.0,2491.0,2628.0,4771.0,1177.0,687.0,2008.0,1347.0
2020-01-14,7233.0,5226.0,1383.0,2691.0,15195.0,52.0,2664.0,4624.0,3851.0,9428.0,6161.0,2931.0,2305.0,2894.0,4731.0,1247.0,578.0,2021.0,1240.0
2020-01-15,7447.0,5142.0,1401.0,2601.0,14368.0,38.0,2692.0,4508.0,3675.0,9307.0,6162.0,2985.0,2345.0,2968.0,4826.0,1183.0,610.0,1978.0,1268.0
2020-01-16,7618.0,4926.0,1484.0,2736.0,14332.0,55.0,2685.0,4668.0,3920.0,12689.0,6058.0,2923.0,2290.0,2916.0,4668.0,1161.0,680.0,2035.0,1224.0
2020-01-17,7061.0,4666.0,1394.0,2621.0,13431.0,47.0,2604.0,4568.0,3805.0,10323.0,5994.0,2764.0,2059.0,2638.0,4498.0,1136.0,910.0,1787.0,1177.0
2020-01-18,6766.0,4413.0,1311.0,2523.0,12707.0,47.0,3621.0,4258.0,3393.0,9183.0,6123.0,2517.0,1910.0,2453.0,3975.0,1148.0,686.0,1720.0,1098.0
2020-01-19,7181.0,4732.0,1475.0,2794.0,18023.0,42.0,3749.0,4400.0,3988.0,9021.0,6573.0,2804.0,2257.0,2424.0,4411.0,1126.0,721.0,2007.0,1383.0
2020-01-20,7236.0,5428.0,1383.0,2703.0,21253.0,48.0,3550.0,4582.0,3665.0,10764.0,6470.0,2978.0,2835.0,2886.0,5218.0,1156.0,657.0,2197.0,1390.0
2020-01-21,7470.0,5352.0,1806.0,2782.0,17628.0,49.0,3127.0,4884.0,3974.0,10558.0,6584.0,3029.0,3243.0,2878.0,5031.0,1164.0,683.0,2178.0,1259.0
2020-01-22,7439.0,5564.0,1489.0,2791.0,15492.0,37.0,3243.0,4978.0,3888.0,10357.0,6375.0,3068.0,2768.0,2956.0,5074.0,1037.0,990.0,2154.0,1232.0
2020-01-23,7459.0,5438.0,1730.0,2989.0,16298.0,45.0,3718.0,4855.0,3732.0,10575.0,6452.0,2969.0,2427.0,3172.0,5333.0,1118.0,670.0,2075.0,1139.0
2020-01-24,7034.0,5279.0,1140.0,2653.0,13703.0,34.0,2957.0,4337.0,3443.0,9661.0,5699.0,2901.0,2238.0,3125.0,4757.0,918.0,710.0,2259.0,1100.0
2020-01-25,6519.0,4527.0,1170.0,2443.0,16339.0,35.0,3341.0,3941.0,3221.0,10684.0,5320.0,2506.0,2023.0,2465.0,4419.0,892.0,638.0,1816.0,958.0
2020-01-26,6978.0,5094.0,1318.0,2426.0,14030.0,35.0,3211.0,4094.0,3261.0,14050.0,5628.0,2718.0,2283.0,2578.0,4834.0,985.0,671.0,2136.0,1211.0
2020-01-27,7391.0,5376.0,1352.0,2554.0,15665.0,40.0,3063.0,4646.0,3698.0,11320.0,6135.0,2854.0,2136.0,3004.0,5398.0,1108.0,601.0,2201.0,1262.0
2020-01-28,7363.0,5329.0,1461.0,2531.0,13813.0,36.0,3136.0,4585.0,3572.0,10336.0,6551.0,3027.0,2231.0,3062.0,5845.0,1170.0,607.0,2277.0,1151.0
2020-01-29,7195.0,5411.0,1368.0,2417.0,14115.0,38.0,2922.0,4456.0,3434.0,10078.0,6368.0,3093.0,2338.0,3113.0,6124.0,1000.0,580.0,2068.0,1278.0
2020-01-30,7344.0,5132.0,1256.0,2560.0,20007.0,48.0,3135.0,4615.0,5975.0,9826.0,6337.0,2904.0,2039.0,2950.0,5747.0,956.0,536.0,2077.0,1086.0
2020-01-31,6597.0,4749.0,1465.0,2341.0,19558.0,38.0,3084.0,4474.0,4993.0,9331.0,5878.0,2719.0,1857.0,2465.0,4991.0,908.0,588.0,1716.0,1034.0
2020-02-01,6399.0,4328.0,1266.0,2274.0,14602.0,34.0,3277.0,3773.0,3425.0,8426.0,5434.0,2284.0,1787.0,2152.0,4432.0,833.0,608.0,1595.0,1086.0
2020-02-02,6754.0,4757.0,1302.0,2380.0,21764.0,26.0,3617.0,4112.0,3620.0,8686.0,6227.0,2580.0,2118.0,2330.0,4874.0,1047.0,665.0,1707.0,1330.0
2020-02-03,7602.0,5229.0,1522.0,2626.0,18587.0,50.0,3187.0,4702.0,3781.0,9625.0,18135.0,2820.0,2159.0,2760.0,6000.0,1092.0,579.0,1762.0,2035.0
2020-02-04,9860.0,5460.0,1290.0,2409.0,17560.0,61.0,3077.0,4518.0,3721.0,9626.0,11003.0,3089.0,2205.0,3107.0,6598.0,2024.0,563.0,1780.0,1511.0
2020-02-05,8060.0,6694.0,1158.0,2417.0,25048.0,66.0,2800.0,5181.0,3456.0,9838.0,10022.0,2920.0,4370.0,4614.0,6523.0,1016.0,462.0,1732.0,1366.0
2020-02-06,6865.0,7145.0,1004.0,2455.0,28464.0,67.0,3045.0,5248.0,3319.0,9338.0,6974.0,2889.0,2166.0,4129.0,6566.0,898.0,493.0,1617.0,1309.0
2020-02-07,7081.0,5053.0,1245.0,3040.0,24058.0,60.0,2753.0,4516.0,3821.0,8886.0,6598.0,4053.0,2515.0,2810.0,5687.0,908.0,586.0,1720.0,1229.0
2020-02-08,6479.0,4866.0,947.0,2239.0,18258.0,74.0,2603.0,3988.0,3207.0,7775.0,6027.0,2409.0,1939.0,2457.0,4843.0,814.0,520.0,1438.0,995.0
2020-02-09,7062.0,5256.0,1126.0,2597.0,20543.0,42.0,2847.0,4498.0,3254.0,8448.0,6308.0,2831.0,2273.0,3274.0,5877.0,992.0,539.0,1603.0,1118.0
2020-02-10,7606.0,5451.0,1023.0,2822.0,18330.0,32.0,4406.0,5080.0,3325.0,9734.0,6549.0,2966.0,2275.0,3046.0,6611.0,956.0,496.0,1528.0,1106.0
2020-02-11,7158.0,5604.0,1299.0,2812.0,15695.0,37.0,4024.0,4695.0,3504.0,9312.0,6621.0,3264.0,2208.0,3311.0,7208.0,1043.0,524.0,1703.0,1168.0
2020-02-12,7192.0,5625.0,1345.0,2763.0,13841.0,55.0,3969.0,4706.0,3617.0,9677.0,6593.0,3238.0,2441.0,3254.0,7335.0,1093.0,574.0,1739.0,1195.0
2020-02-13,7405.0,5648.0,1260.0,2525.0,14083.0,42.0,2597.0,4905.0,3728.0,9321.0,6473.0,2978.0,2780.0,3089.0,7049.0,1018.0,589.0,1678.0,1266.0
2020-02-14,6842.0,4870.0,1250.0,2427.0,13395.0,38.0,2608.0,4464.0,3133.0,10263.0,6049.0,2604.0,2186.0,2497.0,5502.0,881.0,592.0,1502.0,1084.0
2020-02-15,6562.0,4481.0,1142.0,2304.0,14794.0,41.0,2802.0,3985.0,2950.0,8660.0,6027.0,2521.0,2110.0,2473.0,4929.0,832.0,584.0,1598.0,1025.0
2020-02-16,6968.0,5160.0,2624.0,2678.0,14096.0,36.0,3004.0,4323.0,3082.0,8807.0,7136.0,2884.0,2364.0,2661.0,5809.0,1166.0,683.0,1884.0,1511.0
2020-02-17,7528.0,5771.0,1459.0,2912.0,14263.0,27.0,3023.0,4523.0,3237.0,9572.0,7539.0,3058.0,2421.0,3154.0,7138.0,1037.0,488.0,1864.0,1355.0
2020-02-18,7265.0,5808.0,1390.0,2556.0,16738.0,38.0,2942.0,4578.0,3407.0,9716.0,7514.0,3395.0,2333.0,3509.0,6993.0,1058.0,580.0,1862.0,1310.0
2020-02-19,7436.0,5783.0,1593.0,2645.0,16711.0,35.0,3266.0,4979.0,3205.0,9135.0,7741.0,3149.0,2341.0,3455.0,6635.0,1059.0,728.0,1644.0,1309.0
2020-02-20,8123.0,5773.0,1478.0,2443.0,15598.0,44.0,3222.0,5055.0,3735.0,10187.0,7239.0,3106.0,2342.0,3246.0,6079.0,1307.0,505.0,1638.0,1251.0
2020-02-21,7012.0,4970.0,1187.0,2526.0,13840.0,36.0,2731.0,4334.0,3128.0,8919.0,6989.0,2783.0,1960.0,2721.0,5333.0,986.0,504.0,1779.0,1126.0
2020-02-22,6490.0,4433.0,1063.0,2374.0,46004.0,34.0,2694.0,3878.0,3056.0,8297.0,6573.0,2408.0,1897.0,2368.0,4968.0,723.0,457.0,1468.0,1076.0
2020-02-23,7064.0,5018.0,1282.0,2441.0,36518.0,33.0,2856.0,4084.0,3274.0,8688.0,7018.0,2760.0,2436.0,2772.0,5816.0,915.0,611.0,1855.0,1330.0
2020-02-24,7314.0,5452.0,1201.0,2636.0,22270.0,34.0,3138.0,4685.0,3115.0,9412.0,7456.0,3293.0,2393.0,3146.0,6682.0,957.0,522.0,1716.0,1395.0
2020-02-25,7262.0,5887.0,1292.0,2650.0,25197.0,44.0,2891.0,4927.0,3571.0,9625.0,7178.0,3406.0,2566.0,3444.0,7048.0,941.0,757.0,1850.0,1188.0
2020-02-26,7142.0,5796.0,1142.0,2430.0,19894.0,44.0,2800.0,4488.0,3312.0,9787.0,6931.0,3413.0,2935.0,4108.0,7023.0,898.0,505.0,1791.0,1176.0
2020-02-27,7226.0,5767.0,1147.0,2441.0,16956.0,51.0,2931.0,4622.0,3228.0,9556.0,7224.0,3285.0,2392.0,3679.0,7084.0,890.0,523.0,1776.0,1099.0
2020-02-28,6840.0,5125.0,1028.0,2311.0,13398.0,36.0,2635.0,4238.0,2967.0,8614.0,6585.0,5053.0,2416.0,3237.0,5759.0,813.0,463.0,1807.0,1062.0
2020-02-29,6333.0,4776.0,1093.0,2306.0,13480.0,44.0,2665.0,3984.0,2980.0,8006.0,6473.0,6260.0,2416.0,2390.0,5048.0,793.0,486.0,1533.0,1071.0
2020-03-01,7382.0,5333.0,1291.0,2494.0,21536.0,54.0,2736.0,4331.0,3777.0,8648.0,6663.0,4449.0,4290.0,2790.0,5942.0,976.0,768.0,2061.0,1297.0
2020-03-02,7309.0,5971.0,1214.0,2484.0,16357.0,49.0,2765.0,4465.0,4381.0,9193.0,7083.0,4995.0,3963.0,3276.0,6896.0,986.0,628.0,1925.0,1389.0
2020-03-03,6778.0,6303.0,1256.0,2211.0,14655.0,38.0,2623.0,4683.0,3316.0,9111.0,6510.0,3829.0,3032.0,3484.0,7425.0,922.0,532.0,1869.0,1383.0
2020-03-04,6785.0,6872.0,1184.0,2478.0,14032.0,28.0,2673.0,4482.0,3275.0,9193.0,6351.0,3616.0,2946.0,3785.0,7134.0,1038.0,531.0,1938.0,1212.0
2020-03-05,7490.0,6587.0,1447.0,2586.0,13041.0,23.0,2740.0,4484.0,3314.0,9446.0,6819.0,3674.0,2947.0,3885.0,6997.0,955.0,608.0,2027.0,1286.0
2020-03-06,7473.0,5674.0,1312.0,2478.0,11660.0,34.0,2477.0,4657.0,3502.0,8803.0,6286.0,3096.0,2392.0,3539.0,5970.0,916.0,642.0,1745.0,1367.0
2020-03-07,6262.0,4734.0,1050.0,2233.0,15265.0,26.0,2491.0,4040.0,3083.0,7802.0,5874.0,2685.0,2076.0,2398.0,4956.0,1069.0,793.0,1578.0,1114.0
2020-03-08,7254.0,5726.0,1327.0,2575.0,18247.0,29.0,2976.0,4719.0,3346.0,8664.0,6287.0,3197.0,2336.0,2722.0,5786.0,1061.0,596.0,1659.0,1276.0
2020-03-09,7105.0,6609.0,1122.0,2493.0,16961.0,36.0,2811.0,5033.0,3249.0,8968.0,6601.0,3717.0,2585.0,3252.0,6803.0,1050.0,538.0,1789.0,1270.0
2020-03-10,6713.0,6788.0,1278.0,2405.0,13953.0,48.0,2621.0,4857.0,3101.0,8909.0,6151.0,3877.0,2892.0,3531.0,7056.0,1805.0,535.0,1854.0,1441.0
2020-03-11,7135.0,7347.0,1169.0,2249.0,12736.0,61.0,2389.0,4428.0,3174.0,8551.0,6034.0,3666.0,4468.0,4567.0,7250.0,1798.0,558.0,1834.0,1158.0
2020-03-12,6177.0,6964.0,1090.0,2043.0,11091.0,51.0,2151.0,4142.0,3024.0,8695.0,5812.0,3559.0,2647.0,3253.0,6423.0,1056.0,445.0,1837.0,1092.0
2020-03-13,6386.0,6067.0,912.0,1959.0,9415.0,33.0,2051.0,3724.0,2630.0,9126.0,5263.0,2952.0,2225.0,3021.0,5428.0,834.0,407.0,1713.0,873.0
2020-03-14,5625.0,5475.0,988.0,1924.0,10259.0,41.0,2380.0,3614.0,2520.0,8230.0,5361.0,2728.0,2152.0,2593.0,4954.0,809.0,630.0,1556.0,935.0
2020-03-15,6144.0,6604.0,986.0,1970.0,11521.0,53.0,2462.0,3982.0,2669.0,8402.0,5740.0,2955.0,2457.0,2641.0,5747.0,885.0,545.0,1566.0,962.0
2020-03-16,6410.0,6418.0,958.0,2060.0,10329.0,44.0,3007.0,4226.0,2678.0,8609.0,5859.0,3438.0,2146.0,2814.0,5187.0,1059.0,464.0,1649.0,930.0
2020-03-17,6154.0,9435.0,1087.0,2110.0,10802.0,38.0,1859.0,4061.0,2706.0,8583.0,5771.0,5421.0,2776.0,3384.0,6876.0,1064.0,437.0,1720.0,993.0
2020-03-18,6526.0,9581.0,1183.0,2246.0,10839.0,36.0,1814.0,4523.0,2766.0,9376.0,5993.0,4460.0,2661.0,3600.0,6916.0,1080.0,393.0,1945.0,1028.0
2020-03-19,6440.0,11392.0,1131.0,2135.0,10997.0,43.0,1951.0,4049.0,2817.0,8877.0,5913.0,4952.0,3110.0,3802.0,8323.0,1192.0,481.0,2004.0,1213.0
2020-03-20,7342.0,12662.0,1229.0,2233.0,11545.0,61.0,1822.0,4012.0,2784.0,9332.0,5913.0,4668.0,2962.0,3807.0,8056.0,1123.0,445.0,1996.0,1088.0
2020-03-21,7371.0,11574.0,1909.0,2094.0,13243.0,32.0,2313.0,4190.0,2805.0,10724.0,6607.0,4741.0,2772.0,3792.0,8573.0,1253.0,635.0,2396.0,1331.0
2020-03-22,7634.0,10869.0,1416.0,2381.0,13616.0,43.0,2436.0,4302.0,3043.0,10330.0,7156.0,5077.0,3863.0,4385.0,8303.0,1234.0,621.0,2179.0,1564.0
2020-03-23,7253.0,11959.0,1453.0,2301.0,14095.0,55.0,1878.0,4496.0,3067.0,11252.0,7143.0,5370.0,3657.0,5094.0,8436.0,1648.0,580.0,2290.0,1321.0
2020-03-24,7674.0,12777.0,1472.0,2464.0,13241.0,73.0,1878.0,4921.0,3149.0,11315.0,7120.0,5607.0,4123.0,5628.0,9077.0,1427.0,612.0,2464.0,1198.0
2020-03-25,8395.0,13399.0,1454.0,2599.0,15576.0,43.0,1966.0,5168.0,3098.0,12137.0,6941.0,5886.0,3625.0,6441.0,9287.0,1293.0,713.0,3221.0,1302.0
2020-03-26,9236.0,14076.0,1734.0,2811.0,14958.0,55.0,1876.0,5395.0,3537.0,12388.0,7392.0,5358.0,3438.0,6177.0,9567.0,1236.0,7331.0,3067.0,1447.0
2020-03-27,8206.0,13890.0,1441.0,2530.0,13355.0,74.0,1894.0,4998.0,3336.0,11935.0,7285.0,5735.0,3680.0,6061.0,9438.0,1032.0,1341.0,2611.0,1226.0
2020-03-28,7994.0,11932.0,1131.0,2597.0,14580.0,60.0,2295.0,5209.0,3205.0,11378.0,7338.0,5204.0,3641.0,4823.0,8229.0,944.0,804.0,2147.0,1111.0
2020-03-29,8798.0,11190.0,1460.0,2758.0,14642.0,74.0,2673.0,5774.0,3571.0,11842.0,7876.0,4947.0,4650.0,4903.0,8041.0,1208.0,828.0,2740.0,1506.0
2020-03-30,8959.0,13794.0,1466.0,2867.0,15932.0,70.0,2687.0,5339.0,3702.0,12069.0,7859.0,5537.0,4089.0,5088.0,9413.0,1152.0,787.0,2967.0,1366.0
2020-03-31,8821.0,14373.0,1403.0,2697.0,15161.0,118.0,2692.0,5528.0,3639.0,12539.0,7380.0,5882.0,4803.0,5445.0,8858.0,1134.0,744.0,2690.0,1602.0
2020-04-01,8845.0,14724.0,1369.0,2618.0,15618.0,51.0,2866.0,5405.0,3558.0,12744.0,8488.0,5704.0,4103.0,5210.0,8917.0,1052.0,619.0,2601.0,1380.0
2020-04-02,9279.0,14745.0,1462.0,2649.0,15682.0,61.0,2973.0,6378.0,3954.0,13029.0,8782.0,5995.0,3875.0,5131.0,8828.0,1140.0,659.0,2563.0,1294.0
2020-04-03,9381.0,13016.0,1586.0,2748.0,14993.0,81.0,2347.0,5572.0,4007.0,11890.0,7955.0,5288.0,3477.0,5397.0,8406.0,1281.0,676.0,3146.0,1335.0
2020-04-04,8843.0,10883.0,1301.0,2778.0,15896.0,68.0,2574.0,5248.0,4393.0,12163.0,7891.0,5211.0,3359.0,5290.0,7364.0,1013.0,639.0,2655.0,1298.0
2020-04-05,9569.0,11048.0,1523.0,3109.0,15323.0,57.0,2892.0,6066.0,4116.0,12411.0,8861.0,4915.0,3482.0,5090.0,7892.0,1138.0,720.0,3815.0,1357.0
2020-04-06,9220.0,12075.0,1329.0,2953.0,15477.0,81.0,2572.0,6218.0,5020.0,12051.0,8045.0,5111.0,3555.0,4940.0,8266.0,919.0,642.0,2817.0,1082.0
2020-04-07,8844.0,12423.0,1894.0,3022.0,15333.0,68.0,2326.0,5510.0,4262.0,11833.0,7995.0,5237.0,3686.0,4940.0,7696.0,1032.0,604.0,2858.0,1223.0
2020-04-08,8791.0,11899.0,1453.0,2571.0,15759.0,72.0,2286.0,5913.0,4665.0,13316.0,7683.0,5199.0,3337.0,4770.0,7759.0,927.0,615.0,2312.0,1130.0
2020-04-09,8994.0,10804.0,1313.0,2807.0,15959.0,68.0,2436.0,6110.0,4217.0,13719.0,8502.0,4928.0,3783.0,4441.0,7506.0,1066.0,671.0,2236.0,1254.0
2020-04-10,9154.0,10438.0,1615.0,3099.0,16238.0,67.0,2536.0,5568.0,4318.0,13326.0,8091.0,5039.0,3688.0,4538.0,7774.0,1231.0,645.0,2081.0,1271.0
2020-04-11,8561.0,10667.0,1494.0,2658.0,16555.0,102.0,2886.0,5336.0,4503.0,12221.0,7989.0,5078.0,3778.0,4544.0,7512.0,913.0,792.0,2663.0,1262.0
2020-04-12,9468.0,10097.0,1588.0,3006.0,17092.0,83.0,3344.0,5710.0,6724.0,12189.0,8229.0,4739.0,3577.0,4414.0,7802.0,1111.0,680.0,2251.0,1295.0
2020-04-13,9334.0,11674.0,1795.0,2836.0,16898.0,92.0,3339.0,5610.0,5208.0,12394.0,8283.0,5806.0,4006.0,4963.0,8193.0,1474.0,824.0,2614.0,1682.0
2020-04-14,9135.0,11940.0,1500.0,2885.0,16772.0,72.0,2650.0,5517.0,4263.0,12847.0,8275.0,5802.0,3927.0,5100.0,8123.0,1606.0,694.0,2488.0,1399.0
2020-04-15,8992.0,11884.0,1383.0,2615.0,17708.0,129.0,2848.0,5496.0,3915.0,13571.0,8187.0,5192.0,3961.0,4902.0,8183.0,997.0,609.0,2357.0,1261.0
2020-04-16,8903.0,11932.0,1250.0,2832.0,18674.0,145.0,2659.0,5558.0,3878.0,13332.0,7819.0,4548.0,3660.0,4787.0,7918.0,1030.0,693.0,2320.0,1107.0
2020-04-17,8651.0,11203.0,1308.0,2801.0,17147.0,127.0,2553.0,5553.0,3917.0,13131.0,8050.0,4613.0,3357.0,4847.0,7565.0,998.0,628.0,2486.0,1162.0
2020-04-18,9106.0,9462.0,1868.0,2902.0,19236.0,121.0,3406.0,5310.0,4105.0,12278.0,8063.0,4080.0,3380.0,4207.0,6989.0,1134.0,680.0,2286.0,1303.0
2020-04-19,9613.0,9898.0,1582.0,3517.0,19242.0,136.0,3120.0,5692.0,4513.0,12226.0,8655.0,4457.0,3454.0,4610.0,7282.0,1150.0,950.0,2591.0,1286.0
2020-04-20,9633.0,11102.0,1460.0,3224.0,17333.0,133.0,3340.0,5727.0,4322.0,13474.0,7990.0,4923.0,3666.0,5061.0,8224.0,1126.0,759.0,2799.0,1309.0
2020-04-21,9432.0,11960.0,1369.0,2849.0,16266.0,126.0,3332.0,5882.0,4013.0,13433.0,8197.0,4975.0,3544.0,5212.0,9014.0,1510.0,636.0,2844.0,1243.0
2020-04-22,8806.0,11630.0,1246.0,2665.0,16319.0,101.0,3277.0,5597.0,3557.0,12925.0,7732.0,4751.0,3654.0,5079.0,9952.0,1143.0,602.0,2434.0,1172.0
2020-04-23,8915.0,11539.0,1307.0,2911.0,16549.0,114.0,3205.0,5607.0,3781.0,12333.0,7500.0,4869.0,3678.0,4894.0,10833.0,1087.0,562.0,2507.0,1056.0
2020-04-24,8392.0,10547.0,1273.0,2731.0,15554.0,106.0,3104.0,5517.0,4117.0,12374.0,7304.0,4398.0,3461.0,5129.0,9774.0,1113.0,593.0,3060.0,1464.0
2020-04-25,8934.0,9182.0,1297.0,2749.0,15063.0,85.0,3480.0,5738.0,4476.0,12343.0,7898.0,4244.0,3610.0,4523.0,7815.0,988.0,662.0,2448.0,1086.0
2020-04-26,9655.0,9851.0,1504.0,2957.0,15593.0,85.0,6643.0,6018.0,5041.0,13044.0,8176.0,4492.0,3296.0,4401.0,8156.0,1320.0,618.0,2780.0,1127.0
2020-04-27,9382.0,11304.0,1272.0,2987.0,16426.0,91.0,6543.0,6024.0,5008.0,12654.0,8032.0,5069.0,3797.0,4831.0,9461.0,1188.0,596.0,3108.0,1146.0
2020-04-28,9664.0,11096.0,1385.0,2807.0,14949.0,93.0,4131.0,5795.0,5307.0,13276.0,7898.0,4847.0,3982.0,5150.0,9693.0,1116.0,670.0,3202.0,1192.0
2020-04-29,9018.0,10895.0,1318.0,2593.0,15586.0,74.0,3427.0,5496.0,4632.0,13141.0,8423.0,4873.0,3692.0,5600.0,10373.0,1034.0,705.0,2986.0,1235.0
2020-04-30,8020.0,9962.0,1247.0,2587.0,15069.0,97.0,3163.0,5430.0,4286.0,12703.0,7444.0,4320.0,3351.0,5042.0,9255.0,1094.0,624.0,2852.0,1191.0
2020-05-01,8282.0,8548.0,1412.0,2637.0,17664.0,86.0,2927.0,5033.0,4207.0,12099.0,7145.0,4006.0,3158.0,4573.0,8133.0,1146.0,630.0,3184.0,1295.0
2020-05-02,8459.0,8277.0,1358.0,2839.0,17016.0,77.0,4982.0,5475.0,3749.0,12605.0,7407.0,4215.0,2890.0,4417.0,7659.0,1315.0,651.0,2659.0,1383.0
2020-05-03,8691.0,8800.0,1479.0,2823.0,17266.0,72.0,3788.0,5300.0,3841.0,12319.0,7543.0,4435.0,3084.0,4544.0,7582.0,1094.0,621.0,3085.0,1331.0
2020-05-04,8559.0,9751.0,1306.0,2805.0,16947.0,160.0,2974.0,5398.0,3878.0,12577.0,7370.0,4555.0,3224.0,4970.0,8490.0,1040.0,567.0,2846.0,1232.0
2020-05-05,8518.0,9790.0,1507.0,2474.0,16955.0,161.0,2988.0,5216.0,3616.0,12664.0,7338.0,4274.0,3258.0,4381.0,8424.0,986.0,498.0,2892.0,1242.0
2020-05-06,8455.0,9887.0,1507.0,2660.0,16134.0,93.0,3128.0,5295.0,3463.0,12879.0,7528.0,4470.0,3356.0,4877.0,8555.0,1076.0,499.0,3056.0,1139.0
2020-05-07,8505.0,9169.0,1277.0,2594.0,14950.0,57.0,2775.0,5029.0,3483.0,12508.0,7059.0,4502.0,3146.0,4958.0,8312.0,952.0,500.0,3162.0,1052.0
2020-05-08,7755.0,8780.0,1129.0,2472.0,13906.0,58.0,2731.0,4732.0,3158.0,11743.0,6718.0,4197.0,2711.0,4490.0,7820.0,904.0,465.0,2706.0,958.0
2020-05-09,8468.0,8437.0,1154.0,2416.0,17919.0,74.0,3166.0,4595.0,3998.0,11814.0,6604.0,3988.0,2682.0,4295.0,6508.0,884.0,512.0,3508.0,892.0
2020-05-10,8379.0,8490.0,1398.0,2481.0,16779.0,73.0,3239.0,4869.0,3563.0,11672.0,7155.0,3781.0,2840.0,4658.0,5990.0,982.0,593.0,2888.0,1149.0
2020-05-11,8290.0,9666.0,1367.0,2557.0,15518.0,72.0,2892.0,5273.0,3744.0,11773.0,7297.0,4616.0,2939.0,4378.0,7394.0,1070.0,741.0,2900.0,1414.0
2020-05-12,8114.0,9756.0,1329.0,2500.0,15159.0,62.0,2827.0,5285.0,4176.0,12086.0,7022.0,4556.0,3406.0,4534.0,7891.0,1082.0,3962.0,3171.0,1338.0
2020-05-13,8475.0,9452.0,1263.0,2605.0,14957.0,82.0,3279.0,5815.0,3817.0,12417.0,6992.0,5041.0,2979.0,5166.0,8039.0,1116.0,927.0,4457.0,1304.0
2020-05-14,8178.0,9415.0,1230.0,2406.0,14579.0,92.0,2732.0,6098.0,3509.0,12770.0,6988.0,5558.0,3105.0,4993.0,8177.0,1029.0,693.0,3284.0,1157.0
2020-05-15,7748.0,8692.0,1227.0,2339.0,14293.0,76.0,2665.0,6078.0,3486.0,12866.0,6783.0,4474.0,3075.0,4910.0,7197.0,1081.0,602.0,3146.0,1345.0
2020-05-16,7785.0,7425.0,1241.0,2444.0,14296.0,66.0,2798.0,5648.0,3544.0,11683.0,6165.0,4246.0,2701.0,4540.0,6195.0,904.0,498.0,3624.0,1045.0
2020-05-17,8178.0,7958.0,1644.0,2405.0,14957.0,52.0,3133.0,5604.0,3823.0,13023.0,6964.0,4674.0,2772.0,5820.0,6351.0,1021.0,564.0,5780.0,1110.0
2020-05-18,7531.0,9515.0,1241.0,2433.0,15000.0,95.0,2862.0,5627.0,3746.0,13143.0,6723.0,4762.0,3928.0,5148.0,7380.0,976.0,753.0,3811.0,1180.0
2020-05-19,7807.0,9798.0,1072.0,2461.0,14497.0,60.0,2767.0,5600.0,3775.0,12882.0,6626.0,5164.0,3921.0,5357.0,8032.0,1469.0,641.0,3504.0,1094.0
2020-05-20,7451.0,10338.0,1325.0,2373.0,14068.0,60.0,2416.0,5151.0,3712.0,14755.0,6372.0,5071.0,5031.0,6208.0,8586.0,1151.0,1044.0,5036.0,968.0
2020-05-21,7505.0,9265.0,1245.0,2468.0,13336.0,65.0,2563.0,5039.0,3897.0,14806.0,6663.0,4947.0,5623.0,5651.0,7906.0,1141.0,768.0,5001.0,1066.0
2020-05-22,7914.0,8754.0,1381.0,2279.0,14022.0,70.0,2737.0,5175.0,3562.0,14052.0,6187.0,4483.0,4548.0,6010.0,7117.0,1721.0,594.0,4666.0,1018.0
2020-05-23,8107.0,7494.0,1542.0,2191.0,14477.0,76.0,4687.0,5056.0,3571.0,16723.0,5983.0,4034.0,3757.0,6048.0,6101.0,1183.0,702.0,8320.0,1071.0
2020-05-24,7947.0,8147.0,1493.0,2438.0,13354.0,81.0,3110.0,4948.0,3583.0,15547.0,6284.0,4568.0,3967.0,5071.0,6224.0,1241.0,630.0,4654.0,1136.0
2020-05-25,8790.0,10372.0,1459.0,2856.0,13952.0,83.0,3317.0,5113.0,3529.0,16862.0,6413.0,5265.0,4273.0,5479.0,6729.0,1196.0,605.0,4713.0,1137.0
2020-05-26,8095.0,9292.0,1172.0,2368.0,15715.0,121.0,2671.0,5227.0,3392.0,16721.0,6393.0,4977.0,3907.0,5211.0,7343.0,1461.0,534.0,3747.0,1059.0
2020-05-27,7803.0,9297.0,1072.0,2443.0,14449.0,192.0,3155.0,5283.0,3418.0,14956.0,6266.0,4578.0,3749.0,4874.0,7151.0,979.0,1408.0,3134.0,1005.0
2020-05-28,7100.0,8620.0,1099.0,2299.0,13090.0,144.0,2529.0,5202.0,3291.0,13674.0,5979.0,4741.0,3425.0,5054.0,7179.0,1071.0,605.0,3399.0,1027.0
2020-05-29,6537.0,7872.0,960.0,2128.0,12811.0,87.0,2285.0,4479.0,3203.0,12345.0,5602.0,4460.0,3036.0,4518.0,6778.0,990.0,495.0,2981.0,996.0
2020-05-30,6671.0,6723.0,957.0,2105.0,17000.0,64.0,3786.0,4420.0,3112.0,12714.0,5902.0,3589.0,3465.0,4432.0,5352.0,856.0,483.0,3115.0,809.0
2020-05-31,6850.0,6963.0,1196.0,2117.0,13847.0,67.0,2965.0,4574.0,3059.0,12791.0,5830.0,3920.0,3320.0,4186.0,5836.0,1123.0,547.0,3775.0,1137.0
2020-06-01,6770.0,7962.0,1090.0,2334.0,13694.0,46.0,2592.0,4775.0,3027.0,12436.0,5855.0,4541.0,3265.0,4203.0,6755.0,1079.0,507.0,5011.0,1087.0
2020-06-02,6678.0,7580.0,1004.0,1911.0,13169.0,50.0,3711.0,4478.0,2816.0,11008.0,5525.0,3937.0,2968.0,4081.0,6605.0,978.0,428.0,2746.0,904.0
2020-06-03,6825.0,7746.0,1111.0,2135.0,12895.0,61.0,2481.0,4719.0,3015.0,11558.0,5791.0,3836.0,2954.0,4470.0,6724.0,938.0,404.0,2773.0,937.0
2020-06-04,6724.0,7908.0,1224.0,2124.0,13390.0,36.0,2335.0,4651.0,2955.0,11342.0,5892.0,4004.0,3005.0,4334.0,6947.0,1074.0,445.0,3048.0,984.0
2020-06-05,6504.0,7559.0,1090.0,2061.0,13526.0,47.0,2350.0,4405.0,3063.0,12101.0,5863.0,3943.0,3012.0,4772.0,6463.0,970.0,567.0,3516.0,864.0
2020-06-06,6757.0,6369.0,1055.0,2065.0,13835.0,43.0,2540.0,4348.0,2979.0,11577.0,5668.0,3594.0,2729.0,3996.0,5148.0,863.0,478.0,3089.0,874.0
2020-06-07,6879.0,7031.0,1193.0,2265.0,13660.0,109.0,2819.0,4743.0,3292.0,12899.0,5974.0,4226.0,3439.0,3979.0,5544.0,1163.0,609.0,4446.0,1102.0
2020-06-08,6929.0,7894.0,1050.0,2109.0,13858.0,119.0,2574.0,4596.0,3190.0,12499.0,5946.0,4484.0,3500.0,3792.0,6473.0,1010.0,541.0,3242.0,1002.0
2020-06-09,6925.0,8101.0,1083.0,2248.0,13937.0,86.0,2771.0,4519.0,3357.0,12039.0,5724.0,4190.0,3298.0,3882.0,6641.0,1100.0,495.0,2912.0,1061.0
2020-06-10,6880.0,8055.0,1200.0,2056.0,13599.0,103.0,2722.0,4527.0,2956.0,12040.0,6373.0,4208.0,3048.0,4078.0,6740.0,1035.0,500.0,4817.0,1000.0
2020-06-11,6666.0,7441.0,1100.0,2123.0,13718.0,66.0,2568.0,4417.0,2984.0,12491.0,6481.0,4148.0,2871.0,4220.0,6670.0,1151.0,477.0,4377.0,1054.0
2020-06-12,6330.0,7227.0,940.0,2013.0,14026.0,70.0,2343.0,4430.0,2990.0,13577.0,5936.0,4053.0,2992.0,4218.0,6354.0,889.0,477.0,3640.0,892.0
2020-06-13,6596.0,6058.0,1005.0,1858.0,19266.0,59.0,2972.0,4364.0,3966.0,12623.0,5678.0,3802.0,2711.0,3855.0,5035.0,888.0,445.0,3516.0,884.0
2020-06-14,6996.0,6530.0,1285.0,2131.0,25050.0,86.0,3637.0,4711.0,4225.0,11560.0,5845.0,4302.0,2861.0,3408.0,5061.0,1267.0,633.0,3358.0,1154.0
2020-06-15,6843.0,7122.0,1050.0,2048.0,16972.0,60.0,3065.0,4553.0,3452.0,11194.0,5976.0,4223.0,3074.0,3573.0,5633.0,1131.0,500.0,2737.0,1019.0
2020-06-16,6996.0,7215.0,988.0,2016.0,22313.0,61.0,3058.0,4850.0,3062.0,10808.0,5702.0,4103.0,2926.0,3602.0,6152.0,1215.0,521.0,2567.0,1316.0
2020-06-17,6796.0,7257.0,1113.0,2008.0,24804.0,72.0,3036.0,5432.0,3077.0,12218.0,5768.0,4509.0,2838.0,4016.0,5879.0,1350.0,574.0,3819.0,1157.0
2020-06-18,6404.0,7097.0,1055.0,1857.0,18048.0,71.0,2870.0,5043.0,2944.0,10962.0,5629.0,4301.0,3044.0,3776.0,5746.0,1359.0,544.0,2995.0,1062.0
2020-06-19,6277.0,6750.0,1071.0,1873.0,19884.0,68.0,2821.0,4601.0,3006.0,11096.0,5769.0,4017.0,2981.0,3994.0,5486.0,1027.0,461.0,2896.0,923.0
2020-06-20,6459.0,6522.0,1168.0,1829.0,14995.0,74.0,3083.0,4410.0,2918.0,15102.0,5529.0,3587.0,2552.0,4504.0,4727.0,1019.0,668.0,4447.0,857.0
2020-06-21,6582.0,6179.0,1130.0,1912.0,15354.0,65.0,3538.0,4443.0,3065.0,12003.0,5736.0,4087.0,2669.0,3666.0,4537.0,1015.0,858.0,2777.0,898.0
2020-06-22,6780.0,7269.0,1034.0,2054.0,16375.0,64.0,3487.0,4802.0,3030.0,13121.0,5838.0,4744.0,2945.0,4166.0,4997.0,1029.0,1313.0,2950.0,930.0
2020-06-23,6299.0,7312.0,957.0,1982.0,34357.0,66.0,2987.0,4424.0,2869.0,11234.0,5990.0,4297.0,2663.0,3624.0,5924.0,966.0,680.0,2463.0,993.0
2020-06-24,6717.0,7136.0,991.0,1996.0,59982.0,111.0,2819.0,4344.0,2933.0,11422.0,5919.0,4006.0,2601.0,3774.0,5864.0,903.0,537.0,2365.0,822.0
2020-06-25,6258.0,7119.0,929.0,1938.0,21799.0,86.0,2830.0,4165.0,3518.0,10674.0,5672.0,3893.0,2852.0,3711.0,5834.0,913.0,432.0,2376.0,892.0
2020-06-26,6135.0,7122.0,797.0,1887.0,16519.0,62.0,2846.0,4111.0,2792.0,9936.0,5452.0,3583.0,3039.0,3306.0,5433.0,955.0,481.0,2022.0,769.0
2020-06-27,6387.0,6676.0,899.0,2034.0,21374.0,73.0,3138.0,4045.0,2914.0,9940.0,5516.0,3325.0,2503.0,3201.0,4878.0,769.0,409.0,1927.0,830.0
2020-06-28,6839.0,6302.0,1007.0,2017.0,18384.0,67.0,3372.0,4267.0,3216.0,9911.0,5829.0,3550.0,3184.0,3481.0,4791.0,923.0,772.0,2178.0,878.0
2020-06-29,7032.0,7347.0,1032.0,2111.0,16566.0,93.0,3116.0,4503.0,3206.0,9851.0,5431.0,4079.0,3099.0,3316.0,5275.0,904.0,2862.0,2133.0,847.0
2020-06-30,6582.0,6746.0,861.0,2025.0,33352.0,65.0,3754.0,4075.0,3266.0,9489.0,5381.0,3513.0,3269.0,3101.0,5340.0,761.0,801.0,1867.0,837.0
2020-07-01,6312.0,6684.0,821.0,1853.0,43152.0,67.0,2917.0,4175.0,3449.0,9695.0,5622.0,3559.0,3137.0,3001.0,5439.0,876.0,539.0,2191.0,851.0
2020-07-02,6092.0,6773.0,833.0,1878.0,24214.0,115.0,3050.0,4309.0,3587.0,10255.0,5493.0,3632.0,3642.0,3348.0,5473.0,807.0,518.0,2149.0,862.0
2020-07-03,6349.0,6354.0,1024.0,1737.0,30532.0,76.0,3292.0,4305.0,3450.0,9805.0,5332.0,3390.0,3080.0,3095.0,5057.0,843.0,2671.0,2121.0,783.0
2020-07-04,6205.0,5115.0,813.0,1785.0,28790.0,61.0,3478.0,4241.0,3212.0,9666.0,5556.0,3067.0,2569.0,2914.0,4293.0,825.0,556.0,2177.0,1190.0
2020-07-05,6765.0,5872.0,1013.0,1943.0,28709.0,64.0,3431.0,4374.0,3901.0,10089.0,7479.0,3589.0,2704.0,2815.0,4592.0,855.0,588.0,2604.0,992.0
2020-07-06,6744.0,6609.0,1225.0,2021.0,25939.0,76.0,3454.0,4597.0,3333.0,10427.0,5682.0,3350.0,2824.0,2815.0,5275.0,811.0,637.0,2039.0,883.0
2020-07-07,6666.0,6468.0,1050.0,2074.0,20180.0,71.0,3108.0,4576.0,3302.0,14847.0,5554.0,3355.0,2833.0,3781.0,5362.0,937.0,659.0,4038.0,970.0
2020-07-08,6564.0,6284.0,1210.0,1903.0,21326.0,66.0,3463.0,4537.0,3475.0,12810.0,5499.0,3508.0,2620.0,3494.0,5419.0,1015.0,589.0,3653.0,898.0
2020-07-09,8206.0,8514.0,1055.0,1903.0,19549.0,83.0,2636.0,4322.0,3102.0,10986.0,5601.0,3605.0,3302.0,3486.0,5595.0,926.0,514.0,2560.0,896.0
2020-07-10,6686.0,6680.0,878.0,1800.0,16865.0,90.0,2712.0,4230.0,3044.0,9946.0,5311.0,3494.0,2606.0,3246.0,5267.0,815.0,484.0,2028.0,808.0
2020-07-11,6790.0,5730.0,986.0,1874.0,20588.0,72.0,2923.0,4218.0,2941.0,9964.0,5313.0,2982.0,2236.0,2686.0,4409.0,716.0,445.0,2176.0,925.0
2020-07-12,7364.0,5786.0,1161.0,1921.0,19927.0,85.0,3237.0,4173.0,3049.0,10441.0,5334.0,3403.0,2463.0,2690.0,4643.0,829.0,577.0,2033.0,1004.0
2020-07-13,6528.0,6251.0,911.0,1871.0,16305.0,91.0,3070.0,4196.0,3017.0,9993.0,5666.0,3502.0,2694.0,2817.0,5498.0,785.0,551.0,1988.0,856.0
2020-07-14,6234.0,5964.0,837.0,1894.0,15241.0,85.0,2972.0,4257.0,3360.0,9678.0,5398.0,3373.0,2523.0,2758.0,5604.0,782.0,460.0,1826.0,838.0
2020-07-15,6320.0,6350.0,1045.0,1864.0,15270.0,57.0,3529.0,4170.0,3429.0,9703.0,5706.0,3467.0,4662.0,2724.0,5787.0,912.0,1836.0,1907.0,895.0
2020-07-16,6314.0,5840.0,1052.0,1947.0,21405.0,63.0,2880.0,4180.0,3123.0,9531.0,5558.0,3445.0,3635.0,2858.0,5803.0,892.0,1687.0,2236.0,1060.0
2020-07-17,6473.0,5694.0,1021.0,2634.0,27687.0,85.0,3186.0,4320.0,2978.0,10577.0,5390.0,3658.0,3076.0,3039.0,5937.0,797.0,772.0,2635.0,945.0
2020-07-18,6612.0,5566.0,948.0,2486.0,18538.0,52.0,3993.0,4074.0,3056.0,9297.0,5582.0,3226.0,3837.0,2620.0,4940.0,871.0,809.0,1830.0,821.0
2020-07-19,6999.0,5494.0,1852.0,3036.0,34981.0,48.0,3940.0,4407.0,3165.0,9593.0,5907.0,3465.0,3028.0,2496.0,5070.0,1353.0,579.0,1879.0,928.0
2020-07-20,7022.0,5494.0,1115.0,3809.0,33189.0,51.0,3162.0,4504.0,3371.0,9805.0,7934.0,3647.0,2933.0,2898.0,8988.0,887.0,482.0,1837.0,1206.0
2020-07-21,7243.0,5648.0,1090.0,3812.0,26863.0,71.0,3018.0,4279.0,3447.0,9736.0,6347.0,3622.0,2483.0,2930.0,7431.0,840.0,482.0,2209.0,987.0
2020-07-22,7860.0,5656.0,989.0,2593.0,19880.0,67.0,3252.0,4474.0,3812.0,9828.0,5808.0,3516.0,2317.0,2859.0,6214.0,691.0,528.0,1691.0,873.0
2020-07-23,7302.0,5751.0,918.0,2597.0,19203.0,64.0,3183.0,4384.0,3550.0,9896.0,5445.0,3564.0,2348.0,3320.0,6041.0,1147.0,846.0,1853.0,933.0
2020-07-24,6904.0,5259.0,858.0,2295.0,16895.0,66.0,2647.0,4069.0,3074.0,9237.0,5576.0,3094.0,2271.0,2890.0,5771.0,1090.0,582.0,1613.0,888.0
2020-07-25,7206.0,5161.0,975.0,2228.0,16413.0,64.0,3608.0,4158.0,2832.0,9632.0,5334.0,2861.0,2099.0,2858.0,4957.0,757.0,455.0,1702.0,920.0
2020-07-26,7641.0,5736.0,1537.0,2589.0,20955.0,259.0,3484.0,4382.0,3278.0,10124.0,5618.0,3182.0,2390.0,3008.0,5158.0,871.0,552.0,1949.0,984.0
2020-07-27,7280.0,5849.0,971.0,2335.0,22329.0,145.0,3412.0,4238.0,3695.0,9593.0,5573.0,3268.0,2187.0,2941.0,5741.0,687.0,470.0,1614.0,781.0
2020-07-28,6831.0,5842.0,904.0,2334.0,17228.0,84.0,3018.0,4322.0,3710.0,8960.0,5609.0,3285.0,2202.0,2824.0,5665.0,678.0,490.0,1521.0,803.0
2020-07-29,6613.0,5568.0,886.0,2054.0,15738.0,100.0,3084.0,4096.0,3365.0,9613.0,5552.0,3329.0,2100.0,3083.0,6158.0,688.0,436.0,1467.0,834.0
2020-07-30,6693.0,5749.0,850.0,2042.0,15290.0,98.0,2743.0,4002.0,3446.0,9408.0,5400.0,3273.0,2322.0,3045.0,6323.0,703.0,496.0,2152.0,758.0
2020-07-31,5969.0,5537.0,806.0,1856.0,13363.0,67.0,2645.0,3865.0,3041.0,8967.0,5180.0,3225.0,2126.0,2762.0,5305.0,729.0,419.0,1845.0,667.0
2020-08-01,6154.0,5495.0,879.0,1919.0,15722.0,68.0,3906.0,3811.0,2857.0,8296.0,5074.0,3549.0,2166.0,2573.0,4730.0,1050.0,416.0,1788.0,1003.0
2020-08-02,6917.0,5874.0,989.0,2176.0,16054.0,100.0,3499.0,4344.0,3206.0,8862.0,5361.0,4128.0,2378.0,2547.0,4904.0,882.0,493.0,1886.0,1074.0
2020-08-03,6438.0,6160.0,1016.0,2110.0,14409.0,192.0,3320.0,4149.0,3136.0,8851.0,5303.0,3453.0,2718.0,2743.0,5770.0,694.0,914.0,1644.0,1188.0
2020-08-04,6476.0,6280.0,1866.0,2209.0,14329.0,143.0,3002.0,4153.0,3044.0,8577.0,5572.0,3459.0,2489.0,2694.0,6158.0,760.0,797.0,1546.0,865.0
2020-08-05,5975.0,6385.0,1190.0,1998.0,13197.0,134.0,2687.0,3715.0,2796.0,8438.0,5280.0,3695.0,2582.0,2716.0,6627.0,706.0,449.0,1420.0,780.0
2020-08-06,6056.0,6600.0,850.0,1794.0,13505.0,82.0,2606.0,3950.0,2887.0,9149.0,5196.0,3515.0,2816.0,2770.0,6742.0,742.0,485.0,1346.0,769.0
2020-08-07,5881.0,6042.0,868.0,1859.0,20754.0,76.0,2470.0,3771.0,2798.0,8421.0,6200.0,3338.0,2435.0,2696.0,5910.0,627.0,427.0,1321.0,759.0
2020-08-08,5907.0,5454.0,1045.0,1756.0,39708.0,77.0,2543.0,3622.0,2824.0,8592.0,5232.0,3161.0,2411.0,2938.0,5287.0,645.0,455.0,1492.0,795.0
2020-08-09,6293.0,5981.0,1042.0,2061.0,31477.0,85.0,3004.0,4103.0,3052.0,11017.0,5448.0,3351.0,2606.0,3585.0,5498.0,704.0,522.0,3356.0,849.0
2020-08-10,6242.0,6748.0,995.0,2141.0,20121.0,81.0,2716.0,4044.0,3078.0,9519.0,5498.0,3649.0,2563.0,3103.0,6308.0,689.0,513.0,1950.0,827.0
2020-08-11,6109.0,6497.0,949.0,1873.0,17375.0,72.0,2256.0,4306.0,2862.0,8988.0,5415.0,3626.0,2313.0,2866.0,6222.0,749.0,417.0,1540.0,741.0
2020-08-12,6011.0,6431.0,819.0,1890.0,18775.0,116.0,2309.0,4573.0,3074.0,8814.0,5404.0,3547.0,2450.0,3259.0,6336.0,751.0,471.0,1494.0,770.0
2020-08-13,6144.0,6540.0,956.0,1845.0,19614.0,67.0,4001.0,4252.0,3192.0,8769.0,5476.0,3416.0,2559.0,3298.0,5947.0,910.0,556.0,1467.0,786.0
2020-08-14,6267.0,5986.0,849.0,1850.0,51504.0,72.0,2336.0,3880.0,3129.0,8394.0,5607.0,3176.0,2297.0,2789.0,5757.0,920.0,505.0,1514.0,725.0
2020-08-15,6567.0,5144.0,989.0,1821.0,57993.0,76.0,2982.0,3748.0,2973.0,8350.0,5185.0,2785.0,2046.0,2417.0,4585.0,710.0,424.0,1659.0,691.0
2020-08-16,6700.0,5160.0,885.0,2025.0,42233.0,75.0,3579.0,3981.0,4350.0,9010.0,5898.0,3022.0,2001.0,2827.0,4786.0,886.0,1492.0,1694.0,951.0
2020-08-17,6517.0,6430.0,982.0,2050.0,47587.0,65.0,3492.0,4017.0,5342.0,8753.0,5663.0,3443.0,2438.0,2736.0,5559.0,877.0,589.0,1394.0,902.0
2020-08-18,6462.0,6856.0,1039.0,2116.0,34132.0,78.0,2846.0,3986.0,3714.0,8832.0,5280.0,3565.0,2529.0,2981.0,6057.0,843.0,503.0,1646.0,876.0
2020-08-19,6312.0,6435.0,810.0,2045.0,30483.0,75.0,2938.0,3810.0,3434.0,8809.0,5480.0,3547.0,2650.0,2849.0,6292.0,740.0,434.0,1456.0,812.0
2020-08-20,6185.0,6503.0,852.0,1835.0,24202.0,86.0,2915.0,4160.0,3310.0,9079.0,5241.0,3369.0,2799.0,3003.0,6416.0,751.0,408.0,1503.0,846.0
2020-08-21,6401.0,6144.0,917.0,1931.0,25449.0,76.0,3017.0,3862.0,3208.0,8144.0,5043.0,3160.0,2555.0,2927.0,5767.0,690.0,527.0,1435.0,810.0
2020-08-22,6025.0,5487.0,883.0,1954.0,20298.0,52.0,5326.0,3698.0,3127.0,7878.0,4948.0,2784.0,2175.0,2368.0,4832.0,703.0,532.0,1423.0,772.0
2020-08-23,6786.0,5538.0,1149.0,2012.0,31947.0,84.0,4132.0,4257.0,3485.0,8853.0,5457.0,3135.0,2769.0,2618.0,4942.0,797.0,647.0,2030.0,1143.0
2020-08-24,6356.0,6417.0,861.0,2006.0,26718.0,82.0,3415.0,4585.0,3718.0,8893.0,5528.0,3422.0,2637.0,2776.0,6105.0,763.0,516.0,1629.0,883.0
2020-08-25,6819.0,6934.0,835.0,2042.0,137884.0,91.0,3196.0,4133.0,6830.0,8597.0,4977.0,3481.0,3731.0,3023.0,6404.0,841.0,612.0,1503.0,794.0
2020-08-26,7064.0,6844.0,1139.0,2124.0,226392.0,145.0,2922.0,4062.0,4526.0,8342.0,5126.0,3794.0,3172.0,2905.0,6191.0,721.0,548.0,1529.0,946.0
2020-08-27,6893.0,6740.0,994.0,2118.0,104987.0,92.0,3004.0,3986.0,3823.0,10120.0,5579.0,3708.0,2788.0,2829.0,6464.0,772.0,522.0,1502.0,824.0
2020-08-28,6439.0,6273.0,920.0,1956.0,77640.0,94.0,2953.0,4022.0,3112.0,8229.0,5392.0,3412.0,2416.0,2852.0,6082.0,671.0,412.0,1652.0,835.0
2020-08-29,6285.0,5888.0,1215.0,1961.0,58659.0,63.0,2979.0,3738.0,3024.0,7989.0,5114.0,3012.0,2284.0,2546.0,4883.0,763.0,428.0,1640.0,928.0
2020-08-30,6598.0,6115.0,983.0,1896.0,62668.0,58.0,3257.0,4301.0,3172.0,8449.0,5829.0,3160.0,2348.0,2440.0,4937.0,704.0,451.0,1698.0,1083.0
2020-08-31,6988.0,7043.0,2575.0,2079.0,52479.0,57.0,3483.0,4277.0,3402.0,8948.0,5986.0,3797.0,2681.0,2709.0,6403.0,892.0,622.0,1662.0,1078.0
2020-09-01,6775.0,6753.0,1028.0,1988.0,46380.0,80.0,2877.0,4251.0,3234.0,8459.0,5437.0,3842.0,2462.0,2927.0,6122.0,789.0,471.0,1434.0,939.0
2020-09-02,6714.0,7034.0,900.0,2065.0,64641.0,82.0,2576.0,4105.0,3150.0,8439.0,5378.0,3698.0,2412.0,3219.0,6306.0,825.0,388.0,1410.0,958.0
2020-09-03,6652.0,6564.0,953.0,1864.0,46780.0,61.0,2586.0,4259.0,3212.0,8329.0,5432.0,3508.0,2448.0,3109.0,6054.0,962.0,514.0,1533.0,838.0
2020-09-04,6317.0,6291.0,902.0,1900.0,57162.0,58.0,2471.0,4368.0,2903.0,8479.0,5181.0,3487.0,2307.0,2954.0,5622.0,1005.0,380.0,1604.0,789.0
2020-09-05,6263.0,5355.0,895.0,1727.0,42792.0,51.0,2765.0,3849.0,2784.0,7654.0,4804.0,3203.0,2040.0,2366.0,4535.0,715.0,421.0,1567.0,919.0
2020-09-06,6537.0,6087.0,1055.0,1984.0,26585.0,56.0,3407.0,3975.0,3081.0,8331.0,5188.0,3289.0,2352.0,2476.0,4443.0,807.0,500.0,1582.0,954.0
2020-09-07,6608.0,6591.0,1062.0,2107.0,23343.0,103.0,3826.0,4129.0,3998.0,10195.0,5457.0,3849.0,2633.0,3565.0,5854.0,806.0,4782.0,1921.0,988.0
2020-09-08,6766.0,6520.0,887.0,1978.0,38920.0,174.0,3027.0,4265.0,3238.0,9169.0,6222.0,3921.0,2545.0,3031.0,5769.0,755.0,744.0,1494.0,966.0
2020-09-09,6670.0,6415.0,862.0,2012.0,46231.0,60.0,2610.0,4086.0,3190.0,8914.0,5622.0,3779.0,2397.0,2960.0,6035.0,764.0,598.0,1419.0,872.0
2020-09-10,6542.0,6268.0,911.0,1952.0,23824.0,53.0,2665.0,4374.0,3576.0,8632.0,5794.0,3766.0,2330.0,2835.0,6340.0,766.0,4098.0,1608.0,831.0
2020-09-11,6385.0,5996.0,840.0,1978.0,19179.0,66.0,2425.0,5117.0,3127.0,8431.0,5822.0,4161.0,2307.0,2842.0,6314.0,878.0,811.0,1374.0,796.0
2020-09-12,6255.0,5184.0,813.0,1834.0,18557.0,48.0,3049.0,4989.0,3624.0,7649.0,5335.0,3212.0,2101.0,2250.0,4736.0,759.0,518.0,1345.0,905.0
2020-09-13,6492.0,5754.0,881.0,1889.0,16618.0,52.0,3103.0,4833.0,3079.0,8312.0,5804.0,3272.0,2196.0,2401.0,4643.0,712.0,504.0,1566.0,962.0
2020-09-14,7109.0,6925.0,969.0,2177.0,15180.0,58.0,2717.0,4676.0,3395.0,8825.0,5819.0,3618.0,2748.0,3008.0,5787.0,719.0,2439.0,1570.0,970.0
2020-09-15,6706.0,6744.0,815.0,1977.0,15141.0,57.0,2713.0,4639.0,3225.0,8844.0,5759.0,3630.0,2584.0,3079.0,6114.0,693.0,872.0,1494.0,937.0
2020-09-16,7141.0,7126.0,934.0,2022.0,16236.0,67.0,2689.0,4548.0,3276.0,8658.0,5854.0,3807.0,2819.0,2990.0,6611.0,724.0,607.0,1525.0,935.0
2020-09-17,6910.0,7186.0,913.0,1900.0,21581.0,117.0,2456.0,4646.0,3278.0,8951.0,6282.0,4344.0,2849.0,3233.0,6452.0,798.0,507.0,1429.0,930.0
2020-09-18,6632.0,6850.0,768.0,1867.0,16972.0,90.0,2426.0,5282.0,3239.0,8282.0,5568.0,5499.0,2838.0,2957.0,6065.0,912.0,455.0,1251.0,760.0
2020-09-19,5929.0,5650.0,917.0,1758.0,14842.0,91.0,2323.0,4008.0,2898.0,7495.0,5085.0,3897.0,2317.0,2429.0,4469.0,754.0,412.0,1251.0,682.0
2020-09-20,6688.0,6203.0,905.0,1928.0,15042.0,101.0,2659.0,4285.0,4564.0,7652.0,5185.0,3550.0,2496.0,2480.0,4308.0,789.0,535.0,1284.0,776.0
2020-09-21,6896.0,6389.0,1033.0,2111.0,15158.0,101.0,2420.0,4424.0,3989.0,8777.0,5848.0,3766.0,2630.0,3006.0,5902.0,745.0,573.0,1375.0,793.0
2020-09-22,6874.0,6791.0,915.0,2044.0,14714.0,92.0,2285.0,4617.0,3666.0,8832.0,5930.0,4025.0,2946.0,3019.0,6268.0,721.0,532.0,1416.0,987.0
2020-09-23,6650.0,7236.0,1152.0,1979.0,16307.0,75.0,2258.0,4418.0,3461.0,9307.0,5865.0,3822.0,2919.0,3004.0,6406.0,726.0,490.0,2164.0,865.0
2020-09-24,7208.0,7060.0,1086.0,1924.0,18809.0,116.0,2171.0,4554.0,3830.0,9248.0,5748.0,3915.0,2943.0,3082.0,6435.0,716.0,626.0,1605.0,785.0
2020-09-25,7101.0,6848.0,1075.0,1995.0,18841.0,87.0,2175.0,4243.0,3907.0,8434.0,5358.0,3605.0,2521.0,3171.0,5907.0,708.0,645.0,1593.0,937.0
2020-09-26,6334.0,5861.0,996.0,1706.0,14911.0,93.0,2467.0,3611.0,3189.0,7575.0,5032.0,2948.0,2553.0,2369.0,4288.0,746.0,496.0,1499.0,1198.0
2020-09-27,6688.0,6333.0,1132.0,1882.0,18407.0,382.0,2686.0,3875.0,3423.0,8222.0,5142.0,3276.0,2900.0,2495.0,4737.0,904.0,557.0,1516.0,936.0
2020-09-28,6797.0,6936.0,938.0,1897.0,19449.0,289.0,2135.0,4286.0,3439.0,8466.0,5923.0,3805.0,3596.0,3103.0,6275.0,825.0,503.0,1486.0,889.0
2020-09-29,6746.0,6947.0,895.0,1927.0,16648.0,200.0,2153.0,4271.0,3378.0,8938.0,6020.0,3807.0,3018.0,3156.0,6629.0,800.0,415.0,1471.0,909.0
2020-09-30,6776.0,7181.0,892.0,1851.0,16180.0,131.0,1868.0,4093.0,3585.0,8387.0,5508.0,3835.0,2684.0,3186.0,6312.0,738.0,438.0,1297.0,807.0
2020-10-01,6799.0,7333.0,904.0,1941.0,16054.0,110.0,1832.0,4626.0,3898.0,8636.0,5311.0,3561.0,2606.0,3079.0,6102.0,648.0,468.0,1393.0,738.0
2020-10-02,6496.0,6402.0,827.0,1765.0,14387.0,125.0,2105.0,3918.0,3314.0,8256.0,4971.0,3376.0,2695.0,2960.0,5675.0,689.0,405.0,1345.0,912.0
2020-10-03,5905.0,5196.0,784.0,1600.0,12745.0,149.0,2060.0,3750.0,2914.0,7307.0,4960.0,2653.0,2151.0,2356.0,4082.0,849.0,402.0,1372.0,915.0
2020-10-04,6343.0,5928.0,983.0,1856.0,13439.0,392.0,2395.0,4026.0,3351.0,7671.0,5010.0,3124.0,2549.0,2503.0,3980.0,773.0,476.0,1379.0,829.0
2020-10-05,7293.0,6681.0,983.0,2034.0,12836.0,190.0,2278.0,4697.0,3743.0,8336.0,6029.0,3617.0,2606.0,3000.0,5058.0,852.0,455.0,1611.0,885.0
2020-10-06,8385.0,7004.0,1780.0,2317.0,13164.0,201.0,2134.0,4431.0,4317.0,8951.0,5836.0,3633.0,2627.0,3120.0,5047.0,816.0,454.0,1553.0,888.0
2020-10-07,7499.0,6949.0,1066.0,2242.0,14708.0,125.0,2031.0,4391.0,3585.0,8850.0,5685.0,4244.0,2719.0,3292.0,5484.0,708.0,438.0,1429.0,867.0
2020-10-08,7813.0,7890.0,890.0,2390.0,14884.0,155.0,2042.0,4397.0,3693.0,8948.0,5970.0,4515.0,3718.0,3253.0,6159.0,734.0,462.0,1457.0,718.0
2020-10-09,9241.0,9087.0,993.0,2463.0,21359.0,185.0,1934.0,4292.0,3500.0,8749.0,5598.0,4115.0,3283.0,3373.0,5810.0,687.0,412.0,1341.0,783.0
2020-10-10,6202.0,5700.0,898.0,1953.0,14293.0,158.0,2056.0,3845.0,2905.0,8331.0,5532.0,3221.0,2518.0,3369.0,5000.0,764.0,524.0,1474.0,882.0
2020-10-11,6669.0,6259.0,959.0,2060.0,15348.0,146.0,2473.0,4243.0,3177.0,8835.0,5818.0,3244.0,2449.0,2806.0,4241.0,720.0,467.0,1872.0,1038.0
2020-10-12,7147.0,7223.0,995.0,2148.0,14997.0,126.0,2379.0,4325.0,3386.0,8912.0,6768.0,3982.0,2977.0,3298.0,5510.0,654.0,503.0,1759.0,817.0
2020-10-13,8106.0,8772.0,985.0,2407.0,17480.0,116.0,2206.0,4772.0,3721.0,8894.0,6486.0,4842.0,3557.0,3845.0,6743.0,944.0,510.0,1459.0,875.0
2020-10-14,7693.0,7478.0,1080.0,2559.0,20463.0,104.0,2127.0,4734.0,3324.0,9334.0,6006.0,5502.0,2919.0,4091.0,7156.0,659.0,508.0,1553.0,840.0
2020-10-15,7079.0,7286.0,1134.0,2263.0,14810.0,129.0,1994.0,4300.0,3084.0,8720.0,5791.0,4271.0,2602.0,3815.0,6780.0,631.0,502.0,1505.0,829.0
2020-10-16,6409.0,6631.0,968.0,2007.0,14667.0,103.0,1986.0,4165.0,3001.0,7930.0,5157.0,3837.0,2491.0,3184.0,6266.0,698.0,394.0,1477.0,756.0
2020-10-17,6047.0,5462.0,877.0,1900.0,14498.0,112.0,1946.0,3720.0,2729.0,7503.0,5153.0,3399.0,2100.0,2481.0,4750.0,637.0,446.0,1429.0,710.0
2020-10-18,6509.0,5767.0,1092.0,2096.0,13658.0,145.0,2170.0,4084.0,3081.0,7844.0,5215.0,3678.0,2133.0,2587.0,4657.0,914.0,757.0,1733.0,979.0
2020-10-19,7564.0,7415.0,982.0,2544.0,12529.0,146.0,2155.0,7016.0,3459.0,9241.0,5903.0,5101.0,2891.0,3534.0,6887.0,1320.0,586.0,1580.0,919.0
2020-10-20,8498.0,8316.0,1433.0,2447.0,17592.0,141.0,1974.0,6452.0,3669.0,8991.0,5775.0,4599.0,3001.0,3623.0,6786.0,1077.0,500.0,1751.0,832.0
2020-10-21,7232.0,7825.0,1190.0,2477.0,17631.0,174.0,2143.0,5289.0,3615.0,9125.0,5828.0,5364.0,3190.0,3554.0,6778.0,1440.0,582.0,1600.0,867.0
2020-10-22,7193.0,7478.0,1003.0,2450.0,13242.0,219.0,2010.0,4671.0,3331.0,8819.0,6156.0,4567.0,2987.0,3626.0,7058.0,889.0,480.0,1581.0,1051.0
2020-10-23,6464.0,7246.0,939.0,2214.0,13158.0,154.0,1879.0,4260.0,3121.0,8106.0,5337.0,4108.0,3079.0,3573.0,6522.0,962.0,461.0,1730.0,859.0
2020-10-24,6009.0,5786.0,1051.0,2025.0,20512.0,140.0,1995.0,4550.0,3227.0,7494.0,5306.0,3503.0,2630.0,2785.0,5268.0,1176.0,508.0,1635.0,786.0
2020-10-25,6613.0,6958.0,1117.0,2291.0,14444.0,276.0,2375.0,5184.0,3183.0,7954.0,5853.0,5417.0,2982.0,2630.0,5369.0,2379.0,551.0,1705.0,1393.0
2020-10-26,6938.0,7516.0,1070.0,2308.0,12670.0,248.0,2238.0,12598.0,3483.0,8771.0,6292.0,11142.0,3368.0,3293.0,6758.0,2615.0,470.0,1521.0,926.0
2020-10-27,6597.0,7308.0,1061.0,2337.0,14536.0,137.0,2081.0,7048.0,3377.0,8943.0,6108.0,5973.0,2836.0,3429.0,6778.0,1452.0,533.0,1541.0,871.0
2020-10-28,6567.0,7282.0,1026.0,2268.0,22000.0,143.0,2012.0,5736.0,3166.0,8644.0,6035.0,5249.0,2719.0,3351.0,6774.0,1069.0,425.0,1536.0,950.0
2020-10-29,6687.0,7362.0,954.0,2258.0,19571.0,154.0,1894.0,5703.0,3054.0,8882.0,5547.0,4530.0,2592.0,3156.0,7129.0,1042.0,459.0,1516.0,774.0
2020-10-30,6545.0,6521.0,1028.0,2285.0,14193.0,153.0,1963.0,4292.0,2943.0,8296.0,5477.0,4129.0,2411.0,2977.0,6083.0,960.0,459.0,1395.0,907.0
2020-10-31,5520.0,5045.0,911.0,1883.0,14478.0,94.0,1903.0,3823.0,2647.0,7477.0,5093.0,3126.0,2068.0,2390.0,4522.0,787.0,365.0,1239.0,746.0
2020-11-01,6006.0,5188.0,1110.0,2065.0,16914.0,91.0,2072.0,4083.0,2881.0,8004.0,5509.0,3153.0,2060.0,2265.0,4683.0,828.0,457.0,1516.0,855.0
2020-11-02,6580.0,6372.0,1103.0,2345.0,15273.0,123.0,2053.0,4395.0,3665.0,8831.0,5809.0,3873.0,2242.0,2967.0,5320.0,940.0,479.0,1507.0,867.0
2020-11-03,6884.0,6939.0,1055.0,2366.0,14870.0,99.0,1989.0,4525.0,3625.0,8618.0,6139.0,4189.0,2485.0,3280.0,6777.0,823.0,439.0,1747.0,920.0
2020-11-04,6508.0,7193.0,971.0,2119.0,16285.0,70.0,1559.0,4633.0,3721.0,8530.0,6409.0,4495.0,2496.0,3396.0,6833.0,811.0,464.0,1492.0,912.0
2020-11-05,6728.0,6704.0,922.0,2428.0,16693.0,90.0,1752.0,4407.0,3785.0,8692.0,5584.0,4051.0,2449.0,3299.0,6532.0,815.0,468.0,1755.0,848.0
2020-11-06,6387.0,6686.0,1057.0,2153.0,11946.0,70.0,1936.0,3931.0,3045.0,8252.0,5313.0,3889.0,2316.0,2993.0,6150.0,856.0,530.0,1534.0,824.0
2020-11-07,6570.0,5659.0,940.0,2105.0,21080.0,107.0,1797.0,3587.0,2984.0,7547.0,4917.0,3151.0,2123.0,2510.0,4575.0,743.0,490.0,1493.0,873.0
2020-11-08,9056.0,5979.0,1165.0,2217.0,19513.0,138.0,2072.0,3926.0,3274.0,8125.0,5114.0,3493.0,2216.0,2518.0,4677.0,860.0,525.0,1898.0,884.0
2020-11-09,7455.0,7354.0,1199.0,2589.0,15510.0,148.0,2122.0,4305.0,3283.0,9228.0,5938.0,4338.0,2460.0,3234.0,6234.0,852.0,425.0,1680.0,923.0
2020-11-10,7351.0,7551.0,1002.0,2472.0,13569.0,97.0,2320.0,4398.0,3367.0,9035.0,5741.0,4280.0,2907.0,3400.0,6361.0,904.0,506.0,1752.0,912.0
2020-11-11,7197.0,7292.0,945.0,2494.0,14634.0,149.0,1892.0,4212.0,3536.0,9214.0,5430.0,4223.0,2584.0,3577.0,6432.0,878.0,496.0,1799.0,932.0
2020-11-12,7746.0,8093.0,1074.0,2754.0,17458.0,179.0,2006.0,4468.0,3417.0,9351.0,5850.0,4409.0,2661.0,3543.0,6608.0,917.0,1150.0,1836.0,931.0
2020-11-13,8062.0,8080.0,1173.0,2678.0,15410.0,211.0,2006.0,4297.0,4288.0,8820.0,5912.0,4046.0,3870.0,3084.0,6816.0,850.0,2011.0,1755.0,1037.0
2020-11-14,7880.0,5846.0,934.0,2448.0,12956.0,127.0,2616.0,4550.0,3785.0,8341.0,5220.0,3392.0,2598.0,2894.0,4670.0,840.0,730.0,1470.0,934.0
2020-11-15,8159.0,6200.0,1169.0,2477.0,13513.0,148.0,2685.0,4425.0,3853.0,9249.0,5759.0,3630.0,2354.0,2670.0,4721.0,1017.0,1083.0,1884.0,1071.0
2020-11-16,8819.0,7303.0,1136.0,2990.0,14886.0,152.0,2418.0,4835.0,3834.0,9489.0,6324.0,4190.0,2588.0,3063.0,5278.0,961.0,540.0,1845.0,1041.0
2020-11-17,8645.0,7959.0,1110.0,2804.0,14520.0,146.0,2463.0,4840.0,3986.0,9323.0,6578.0,4560.0,3015.0,3307.0,7569.0,993.0,637.0,1843.0,1090.0
2020-11-18,9027.0,8310.0,1150.0,2953.0,16684.0,129.0,2139.0,4641.0,4319.0,9658.0,6379.0,4311.0,2961.0,3392.0,6498.0,949.0,576.0,1854.0,1047.0
2020-11-19,7674.0,7099.0,1150.0,2668.0,15074.0,124.0,2267.0,4468.0,3622.0,8757.0,5723.0,4201.0,2419.0,3197.0,5921.0,922.0,584.0,1971.0,965.0
2020-11-20,7799.0,6691.0,970.0,2754.0,13749.0,92.0,2240.0,4373.0,3778.0,8735.0,5438.0,3754.0,2129.0,2921.0,5507.0,834.0,529.0,1603.0,902.0
2020-11-21,8807.0,5384.0,1022.0,2689.0,17666.0,130.0,2250.0,3972.0,3360.0,8759.0,5196.0,3236.0,2017.0,2502.0,4359.0,1803.0,572.0,2820.0,921.0
2020-11-22,7980.0,5525.0,1181.0,2592.0,19356.0,102.0,2348.0,4227.0,3833.0,8907.0,5459.0,3261.0,2155.0,2392.0,4169.0,1017.0,652.0,2013.0,1030.0
2020-11-23,7800.0,6482.0,1015.0,2846.0,15478.0,116.0,2296.0,4431.0,3546.0,8991.0,6255.0,4013.0,2325.0,3031.0,5145.0,878.0,563.0,1777.0,941.0
2020-11-24,7130.0,6886.0,1002.0,2754.0,16833.0,81.0,1942.0,4065.0,3463.0,8855.0,5581.0,4129.0,2321.0,3183.0,5373.0,1015.0,597.0,1810.0,972.0
2020-11-25,17546.0,9224.0,3712.0,7258.0,52729.0,85.0,2186.0,4511.0,3662.0,9219.0,5687.0,4152.0,2487.0,3280.0,5181.0,1002.0,881.0,1996.0,941.0
2020-11-26,27580.0,12711.0,5318.0,11297.0,59423.0,110.0,2098.0,4654.0,3893.0,9940.0,5697.0,4075.0,2566.0,2999.0,5117.0,1128.0,869.0,2034.0,964.0
2020-11-27,16998.0,9287.0,3508.0,5930.0,28950.0,72.0,2107.0,4201.0,3414.0,8666.0,5195.0,3716.0,2368.0,2842.0,4756.0,913.0,564.0,2065.0,833.0
2020-11-28,13808.0,6841.0,3177.0,4486.0,24605.0,81.0,2497.0,4062.0,3127.0,8174.0,5316.0,3127.0,2095.0,2406.0,3960.0,1007.0,650.0,1702.0,1009.0
2020-11-29,11753.0,6406.0,2782.0,4340.0,46617.0,82.0,2585.0,4082.0,3898.0,8791.0,5371.0,3181.0,2158.0,2343.0,3765.0,894.0,687.0,1783.0,1071.0
2020-11-30,10423.0,6895.0,1993.0,4900.0,32405.0,83.0,2129.0,4261.0,4417.0,9433.0,5638.0,3721.0,2508.0,2680.0,4328.0,899.0,591.0,1810.0,986.0
2020-12-01,9279.0,6575.0,1551.0,3225.0,22130.0,62.0,2391.0,4344.0,3898.0,9223.0,5845.0,3789.0,2222.0,2980.0,4333.0,830.0,598.0,1793.0,1110.0
2020-12-02,8429.0,6094.0,1388.0,3073.0,23791.0,54.0,2060.0,4074.0,3424.0,8944.0,5612.0,3542.0,2087.0,2900.0,4339.0,820.0,528.0,1766.0,978.0
2020-12-03,8213.0,6268.0,1145.0,2950.0,31918.0,51.0,2018.0,4310.0,3187.0,9106.0,5888.0,3594.0,2225.0,2694.0,4441.0,800.0,595.0,1564.0,953.0
2020-12-04,7567.0,5688.0,1827.0,3043.0,21733.0,56.0,2013.0,4084.0,3016.0,8299.0,5487.0,3303.0,1935.0,2499.0,3969.0,786.0,561.0,1629.0,912.0
2020-12-05,8582.0,4597.0,1608.0,2639.0,21668.0,57.0,2095.0,3739.0,2931.0,7783.0,5050.0,2822.0,1680.0,2003.0,3268.0,1046.0,559.0,1659.0,884.0
2020-12-06,8243.0,4944.0,1675.0,2642.0,19236.0,87.0,1970.0,3959.0,3617.0,7988.0,5281.0,2908.0,3366.0,2179.0,3414.0,1617.0,875.0,1663.0,1083.0
2020-12-07,8189.0,5330.0,1332.0,2798.0,17894.0,102.0,2261.0,4399.0,3688.0,9112.0,6152.0,3407.0,2815.0,2461.0,4077.0,1130.0,781.0,1720.0,1022.0
2020-12-08,7543.0,5671.0,1169.0,2724.0,28877.0,97.0,1956.0,4039.0,3311.0,8897.0,5811.0,3379.0,2269.0,2544.0,3732.0,927.0,527.0,1543.0,935.0
2020-12-09,7300.0,5522.0,1255.0,2638.0,27319.0,126.0,1905.0,3930.0,4016.0,8524.0,5700.0,3597.0,2166.0,2704.0,3981.0,925.0,506.0,1730.0,870.0
2020-12-10,7671.0,5920.0,1146.0,2620.0,17568.0,108.0,4032.0,4082.0,3185.0,9446.0,5401.0,3405.0,2076.0,2660.0,3941.0,822.0,474.0,1683.0,863.0
2020-12-11,7169.0,5513.0,1180.0,2354.0,15001.0,83.0,2029.0,3982.0,2997.0,8056.0,5436.0,3197.0,2287.0,2266.0,4154.0,737.0,509.0,1414.0,798.0
2020-12-12,6538.0,4530.0,1202.0,2288.0,14523.0,78.0,2660.0,3743.0,2888.0,7336.0,4872.0,2788.0,1845.0,1989.0,3331.0,703.0,491.0,2039.0,749.0
2020-12-13,6864.0,5046.0,1112.0,2481.0,19301.0,106.0,6499.0,3992.0,2962.0,7988.0,5851.0,3287.0,1917.0,2175.0,3579.0,807.0,511.0,1717.0,800.0
2020-12-14,7273.0,5869.0,987.0,2531.0,28443.0,233.0,4669.0,4518.0,3059.0,9107.0,5735.0,3858.0,2053.0,2332.0,4192.0,850.0,479.0,1548.0,841.0
2020-12-15,6854.0,5156.0,1004.0,2696.0,20408.0,109.0,2550.0,4380.0,2991.0,8679.0,5742.0,3163.0,2049.0,2356.0,3683.0,819.0,486.0,1827.0,856.0
2020-12-16,6480.0,5566.0,983.0,2302.0,17192.0,96.0,2257.0,4180.0,2960.0,8389.0,5502.0,3184.0,2095.0,3105.0,4141.0,781.0,490.0,1727.0,877.0
2020-12-17,6275.0,5181.0,1114.0,2327.0,18257.0,56.0,2183.0,4290.0,3415.0,8659.0,5278.0,3163.0,2243.0,2713.0,3940.0,867.0,442.0,1976.0,941.0
2020-12-18,6105.0,4569.0,892.0,2231.0,15682.0,82.0,1994.0,4053.0,2828.0,7940.0,5015.0,2781.0,2023.0,2364.0,3702.0,665.0,480.0,1682.0,875.0
2020-12-19,5761.0,3719.0,826.0,2097.0,27629.0,90.0,2087.0,3997.0,2763.0,7775.0,4940.0,2321.0,1667.0,1818.0,4076.0,623.0,555.0,1369.0,783.0
2020-12-20,5962.0,4244.0,961.0,2281.0,29261.0,79.0,2083.0,3956.0,2883.0,8036.0,4927.0,2524.0,1743.0,1917.0,3170.0,839.0,562.0,1771.0,890.0
2020-12-21,5938.0,3931.0,872.0,2328.0,19362.0,84.0,2355.0,3822.0,3010.0,7928.0,4996.0,2643.0,1725.0,1991.0,3218.0,751.0,443.0,1590.0,873.0
2020-12-22,5919.0,3574.0,861.0,2270.0,23739.0,52.0,2326.0,4327.0,2691.0,7743.0,4962.0,2380.0,1436.0,1793.0,2916.0,721.0,475.0,1526.0,881.0
2020-12-23,5663.0,3275.0,890.0,2281.0,49224.0,57.0,2120.0,4546.0,2764.0,7225.0,4509.0,2257.0,1636.0,1625.0,2692.0,719.0,468.0,1354.0,710.0
2020-12-24,5603.0,3493.0,894.0,2200.0,23806.0,58.0,2105.0,3768.0,2593.0,6809.0,4446.0,2608.0,1359.0,1481.0,2366.0,628.0,442.0,1245.0,789.0
2020-12-25,5594.0,3475.0,1011.0,2224.0,18242.0,68.0,2458.0,3500.0,2836.0,6860.0,4259.0,2666.0,1469.0,1683.0,2383.0,893.0,468.0,1747.0,974.0
2020-12-26,5800.0,4150.0,1188.0,2104.0,16359.0,77.0,2507.0,3925.0,3454.0,7323.0,4738.0,2710.0,1667.0,1685.0,2971.0,1155.0,581.0,1460.0,1007.0
2020-12-27,6235.0,4769.0,1045.0,2299.0,19280.0,111.0,3492.0,4160.0,3063.0,7815.0,5065.0,2832.0,1725.0,1994.0,3140.0,895.0,536.0,1612.0,1334.0
2020-12-28,6191.0,4105.0,944.0,2330.0,25501.0,98.0,3458.0,4197.0,2931.0,7808.0,5512.0,2721.0,1722.0,2064.0,3371.0,820.0,451.0,1666.0,869.0
2020-12-29,6498.0,4253.0,1017.0,2182.0,18690.0,126.0,3202.0,4112.0,3051.0,7699.0,5373.0,2428.0,1649.0,1679.0,3138.0,778.0,475.0,1555.0,870.0
2020-12-30,9584.0,5153.0,1980.0,2650.0,15186.0,104.0,2618.0,4030.0,3618.0,7890.0,5167.0,2295.0,1767.0,1719.0,3089.0,769.0,605.0,1582.0,972.0
2020-12-31,7460.0,4043.0,1779.0,2206.0,13015.0,68.0,2442.0,3747.0,3277.0,7089.0,4653.0,2010.0,1495.0,1607.0,2893.0,771.0,444.0,1783.0,1437.0
2021-01-01,6632.0,3682.0,1328.0,2244.0,14690.0,66.0,3115.0,3649.0,3216.0,7261.0,4865.0,2087.0,1515.0,1735.0,2772.0,871.0,1220.0,1965.0,1005.0
2021-01-02,7004.0,4341.0,1049.0,2491.0,15028.0,67.0,2851.0,3874.0,3452.0,7917.0,5685.0,2519.0,1774.0,1898.0,3342.0,889.0,804.0,1770.0,1079.0
2021-01-03,7062.0,4635.0,1172.0,2413.0,22198.0,80.0,3850.0,4348.0,3135.0,8192.0,5773.0,2879.0,2003.0,2373.0,3730.0,1017.0,652.0,2015.0,1147.0
2021-01-04,6923.0,4245.0,1000.0,2317.0,33471.0,82.0,2697.0,4238.0,4436.0,8670.0,5439.0,2649.0,1919.0,2094.0,3715.0,934.0,540.0,1923.0,1214.0
2021-01-05,6589.0,4268.0,1037.0,2473.0,19762.0,91.0,2429.0,4079.0,3512.0,8680.0,5650.0,2525.0,1752.0,1916.0,3532.0,890.0,573.0,1994.0,1043.0
2021-01-06,6604.0,4155.0,1066.0,2432.0,21627.0,77.0,3087.0,4132.0,3325.0,9064.0,5520.0,2427.0,1846.0,2261.0,3851.0,852.0,489.0,1725.0,984.0
2021-01-07,6498.0,4112.0,977.0,2276.0,21950.0,58.0,2566.0,4286.0,3107.0,8845.0,5544.0,2237.0,1812.0,2075.0,3588.0,862.0,586.0,1742.0,965.0
2021-01-08,6207.0,4112.0,975.0,2375.0,15744.0,78.0,2633.0,4171.0,3104.0,8762.0,5291.0,2379.0,2101.0,2174.0,3580.0,819.0,704.0,2434.0,1073.0
2021-01-09,6203.0,4168.0,1337.0,2153.0,24541.0,113.0,2451.0,3895.0,3145.0,8053.0,4929.0,2432.0,2026.0,2034.0,3561.0,831.0,2742.0,1902.0,1052.0
2021-01-10,6686.0,4985.0,1229.0,2528.0,25206.0,65.0,2811.0,4218.0,3176.0,8501.0,5730.0,2593.0,1956.0,2035.0,3775.0,952.0,916.0,2208.0,1051.0
2021-01-11,6873.0,4799.0,1190.0,2465.0,25809.0,75.0,2690.0,4767.0,3272.0,9181.0,6000.0,2712.0,2022.0,2296.0,4034.0,1093.0,977.0,2225.0,1086.0
2021-01-12,6891.0,4720.0,1439.0,2593.0,17265.0,71.0,2633.0,4463.0,3475.0,9577.0,5714.0,2794.0,1998.0,2375.0,4173.0,1154.0,668.0,2250.0,1108.0
2021-01-13,6652.0,4626.0,1055.0,2456.0,15441.0,66.0,2484.0,4519.0,3545.0,9503.0,5637.0,2694.0,1867.0,2897.0,4012.0,1230.0,736.0,2130.0,1120.0
2021-01-14,6557.0,4783.0,1159.0,2561.0,13828.0,77.0,2737.0,4582.0,3457.0,10339.0,5877.0,2732.0,1964.0,2739.0,4308.0,1032.0,610.0,2120.0,1084.0
2021-01-15,6468.0,4647.0,1286.0,2207.0,12694.0,60.0,2491.0,4274.0,3557.0,9748.0,5492.0,2686.0,1792.0,2467.0,3979.0,1118.0,6148.0,2388.0,1089.0
2021-01-16,6185.0,4681.0,966.0,2062.0,12175.0,71.0,2959.0,3954.0,3071.0,8330.0,5197.0,2486.0,2605.0,2396.0,3821.0,999.0,1115.0,2159.0,1133.0
2021-01-17,6476.0,4980.0,1359.0,2187.0,17424.0,51.0,2954.0,3998.0,4140.0,8545.0,5472.0,2831.0,2091.0,2447.0,4003.0,1167.0,870.0,2265.0,1157.0
2021-01-18,6637.0,5251.0,1189.0,2419.0,20415.0,53.0,2762.0,4749.0,5251.0,9153.0,5685.0,2823.0,1829.0,2579.0,4346.0,1207.0,977.0,2738.0,1145.0
2021-01-19,7063.0,5383.0,1473.0,2647.0,14456.0,62.0,3197.0,4633.0,3633.0,9400.0,5943.0,2906.0,1913.0,2753.0,4441.0,1095.0,710.0,2629.0,1264.0
2021-01-20,6257.0,5087.0,1045.0,2240.0,17188.0,79.0,2820.0,4294.0,3443.0,9191.0,5665.0,2834.0,1904.0,2650.0,4357.0,1057.0,590.0,2232.0,1240.0
2021-01-21,7027.0,4752.0,1236.0,2131.0,28553.0,67.0,2720.0,4262.0,4053.0,9288.0,5710.0,2635.0,1742.0,2463.0,4731.0,1020.0,688.0,2323.0,1190.0
2021-01-22,6585.0,4730.0,1085.0,2258.0,16781.0,65.0,2783.0,4384.0,3702.0,9701.0,5645.0,2664.0,2229.0,2685.0,4531.0,995.0,603.0,2926.0,1160.0
2021-01-23,6476.0,4551.0,1105.0,2286.0,14094.0,75.0,2712.0,4165.0,3482.0,9739.0,5473.0,2701.0,2111.0,2402.0,4029.0,940.0,636.0,2526.0,1069.0
2021-01-24,6561.0,5027.0,1284.0,2324.0,15059.0,69.0,3213.0,4730.0,3817.0,9934.0,5675.0,3311.0,2267.0,2889.0,4188.0,1143.0,681.0,2597.0,1057.0
2021-01-25,6755.0,4939.0,1113.0,2289.0,13426.0,63.0,2771.0,4847.0,3711.0,10137.0,6166.0,3130.0,2193.0,2854.0,4825.0,1017.0,547.0,2425.0,1215.0
2021-01-26,6636.0,5202.0,1241.0,2279.0,13183.0,45.0,2581.0,4694.0,3597.0,9695.0,6127.0,2991.0,1955.0,2853.0,4916.0,1003.0,573.0,2845.0,1262.0
2021-01-27,6501.0,5184.0,1040.0,2192.0,14335.0,60.0,3467.0,4272.0,3387.0,9625.0,5943.0,3039.0,2067.0,2861.0,4863.0,961.0,803.0,2178.0,1278.0
2021-01-28,6414.0,5022.0,1133.0,2140.0,15669.0,54.0,2425.0,4194.0,3586.0,9364.0,5909.0,3104.0,1929.0,3086.0,4783.0,967.0,690.0,2166.0,1241.0
2021-01-29,5996.0,4694.0,1203.0,2372.0,11985.0,53.0,2361.0,4084.0,3393.0,8720.0,5372.0,2942.0,1832.0,2995.0,4614.0,911.0,592.0,2013.0,1156.0
2021-01-30,6153.0,4656.0,1242.0,2010.0,12483.0,71.0,2700.0,3905.0,4067.0,8467.0,5415.0,2861.0,1957.0,2968.0,4818.0,1051.0,637.0,1978.0,944.0
2021-01-31,6500.0,5359.0,1274.0,2269.0,31361.0,65.0,2945.0,4975.0,3569.0,8823.0,5656.0,2932.0,2142.0,2956.0,4471.0,1123.0,582.0,2366.0,1156.0
2021-02-01,6918.0,5692.0,1213.0,2323.0,28486.0,72.0,2801.0,4689.0,3553.0,9393.0,5973.0,3100.0,2024.0,2922.0,5814.0,1078.0,549.0,2106.0,1108.0
2021-02-02,6566.0,5565.0,1609.0,2310.0,18703.0,49.0,2563.0,4566.0,3643.0,9528.0,5942.0,3154.0,2037.0,3010.0,5498.0,984.0,716.0,1908.0,1075.0
2021-02-03,6692.0,5323.0,1179.0,2212.0,19652.0,87.0,2554.0,4388.0,3827.0,9187.0,5914.0,3005.0,1927.0,2875.0,5564.0,1062.0,591.0,2664.0,1141.0
2021-02-04,6711.0,5175.0,1030.0,2573.0,18031.0,67.0,5633.0,4735.0,3681.0,9308.0,5762.0,3307.0,1962.0,2838.0,5413.0,974.0,485.0,2018.0,1093.0
2021-02-05,6656.0,4743.0,935.0,2070.0,20681.0,38.0,2648.0,4444.0,3335.0,8878.0,5758.0,3157.0,1960.0,2689.0,5211.0,1015.0,567.0,1797.0,979.0
2021-02-06,6132.0,4573.0,1162.0,2040.0,18312.0,54.0,3251.0,4354.0,3589.0,7982.0,5228.0,2781.0,1939.0,2480.0,4135.0,1144.0,633.0,1757.0,996.0
2021-02-07,6336.0,4951.0,1287.0,2237.0,23226.0,40.0,3066.0,4714.0,3562.0,8483.0,5539.0,3634.0,2044.0,2622.0,4640.0,1293.0,709.0,2064.0,1130.0
2021-02-08,6632.0,5600.0,1034.0,2217.0,28083.0,66.0,2576.0,4514.0,3294.0,9347.0,5635.0,5213.0,2306.0,3328.0,5962.0,1029.0,528.0,2064.0,1033.0
2021-02-09,6683.0,5432.0,1099.0,2267.0,18689.0,50.0,2447.0,4507.0,3773.0,9328.0,6071.0,6841.0,2202.0,2887.0,6272.0,1077.0,518.0,1958.0,1296.0
2021-02-10,7025.0,5424.0,1034.0,2394.0,16768.0,63.0,2254.0,4598.0,3244.0,9169.0,6091.0,7752.0,1981.0,2798.0,6198.0,1019.0,512.0,1945.0,1146.0
2021-02-11,6887.0,5214.0,1091.0,2340.0,14754.0,61.0,2723.0,4770.0,4568.0,9370.0,5919.0,7459.0,2041.0,2915.0,6079.0,993.0,528.0,1788.0,1120.0
2021-02-12,6413.0,4818.0,1064.0,2105.0,13783.0,61.0,2658.0,4349.0,3270.0,8857.0,5281.0,5154.0,1858.0,2758.0,5364.0,969.0,546.0,1815.0,1048.0
2021-02-13,5923.0,4649.0,1052.0,2012.0,23559.0,53.0,2370.0,3864.0,3306.0,8038.0,5079.0,3282.0,1717.0,2702.0,4423.0,982.0,552.0,1735.0,900.0
2021-02-14,7082.0,5036.0,1495.0,2329.0,26045.0,132.0,2544.0,4458.0,3342.0,9211.0,5783.0,3508.0,1831.0,2460.0,4134.0,1061.0,585.0,1739.0,1079.0
2021-02-15,7891.0,5805.0,1455.0,2569.0,18176.0,183.0,2594.0,4586.0,3470.0,8797.0,5893.0,3500.0,1970.0,2482.0,6508.0,1049.0,590.0,1802.0,1120.0
2021-02-16,7586.0,5775.0,1246.0,2404.0,30572.0,95.0,2453.0,4440.0,3292.0,9190.0,5712.0,3786.0,2029.0,2834.0,6528.0,1053.0,602.0,1931.0,1015.0
2021-02-17,7019.0,5499.0,1246.0,2343.0,28407.0,73.0,4265.0,4380.0,3195.0,8842.0,5738.0,3656.0,2090.0,2694.0,6227.0,1111.0,611.0,2071.0,1184.0
2021-02-18,6974.0,5537.0,1163.0,2132.0,19873.0,84.0,2719.0,4395.0,3337.0,8928.0,5836.0,3536.0,2018.0,2728.0,6176.0,1039.0,2013.0,1797.0,1096.0
2021-02-19,6730.0,5163.0,1151.0,2119.0,18759.0,70.0,2659.0,4042.0,3087.0,8743.0,5554.0,3183.0,1776.0,2568.0,5778.0,887.0,791.0,1854.0,956.0
2021-02-20,6107.0,4992.0,1100.0,2022.0,18709.0,62.0,2452.0,4240.0,3081.0,7993.0,5156.0,3117.0,1685.0,2274.0,4507.0,799.0,553.0,1453.0,871.0
2021-02-21,6831.0,5514.0,1027.0,2303.0,22125.0,56.0,2739.0,4258.0,3168.0,8517.0,6131.0,3218.0,1888.0,2385.0,4719.0,902.0,568.0,1585.0,984.0
2021-02-22,6884.0,6148.0,1128.0,2389.0,17694.0,112.0,2363.0,4222.0,3162.0,9102.0,5849.0,3469.0,2037.0,2966.0,6213.0,981.0,669.0,1823.0,1094.0
2021-02-23,7342.0,7503.0,1678.0,2351.0,19704.0,46.0,3778.0,4570.0,3573.0,9992.0,6236.0,3936.0,2540.0,3991.0,6660.0,999.0,653.0,2012.0,1145.0
2021-02-24,7530.0,7226.0,1241.0,2532.0,26069.0,60.0,2705.0,4801.0,3521.0,10373.0,6166.0,5454.0,2272.0,3736.0,6984.0,1054.0,789.0,2036.0,1167.0
2021-02-25,8055.0,7058.0,1352.0,3367.0,23704.0,84.0,2244.0,4866.0,3483.0,10398.0,6112.0,6568.0,2366.0,3716.0,6739.0,1113.0,658.0,1888.0,1392.0
2021-02-26,7071.0,6121.0,1132.0,2305.0,17291.0,73.0,2371.0,4485.0,3320.0,9838.0,7890.0,6178.0,2092.0,3462.0,5909.0,949.0,664.0,2254.0,980.0
2021-02-27,6552.0,5212.0,1123.0,2331.0,25378.0,57.0,2354.0,4143.0,3273.0,9191.0,5565.0,5906.0,2007.0,2746.0,4933.0,1028.0,1166.0,1964.0,1047.0
2021-02-28,7160.0,6019.0,1300.0,2440.0,23063.0,89.0,2510.0,4596.0,3406.0,10515.0,5993.0,4634.0,2062.0,2768.0,5283.0,1090.0,1373.0,2125.0,1145.0
2021-03-01,9081.0,6546.0,1156.0,3151.0,18060.0,58.0,2561.0,4789.0,3996.0,11130.0,6294.0,3738.0,2270.0,3383.0,6633.0,1068.0,870.0,2028.0,1070.0
2021-03-02,8141.0,6994.0,2228.0,2774.0,19723.0,79.0,2819.0,5092.0,3850.0,10843.0,6151.0,3534.0,2224.0,3485.0,6716.0,1160.0,716.0,2047.0,1244.0
2021-03-03,7922.0,6565.0,1151.0,2411.0,26964.0,77.0,2430.0,4934.0,3871.0,11380.0,6268.0,3656.0,2263.0,3709.0,6545.0,1071.0,580.0,2163.0,1028.0
2021-03-04,7869.0,6697.0,1120.0,2593.0,18764.0,86.0,2239.0,4848.0,3475.0,10984.0,5935.0,3749.0,2376.0,3770.0,6751.0,1070.0,651.0,2186.0,1078.0
2021-03-05,7612.0,6266.0,979.0,2529.0,14598.0,72.0,2161.0,4663.0,9793.0,10815.0,5688.0,3640.0,2401.0,3485.0,5936.0,1033.0,835.0,2137.0,1033.0
2021-03-06,6848.0,5350.0,1080.0,2439.0,17042.0,70.0,2126.0,4507.0,4898.0,9586.0,5392.0,3738.0,2061.0,3136.0,4814.0,946.0,731.0,2478.0,1002.0
2021-03-07,7286.0,5721.0,1268.0,2856.0,19044.0,55.0,2326.0,4747.0,4062.0,10487.0,5703.0,3632.0,2425.0,3036.0,4852.0,1241.0,707.0,2274.0,1202.0
2021-03-08,7824.0,6373.0,1075.0,2599.0,15658.0,92.0,2200.0,4903.0,3750.0,9861.0,5899.0,3614.0,2387.0,3504.0,5986.0,1019.0,629.0,2107.0,990.0
2021-03-09,7798.0,6692.0,1142.0,2567.0,18607.0,63.0,2315.0,4808.0,3871.0,10766.0,6020.0,3982.0,2468.0,3677.0,6422.0,1154.0,650.0,2353.0,1023.0
2021-03-10,7648.0,6931.0,1187.0,2623.0,33961.0,70.0,2695.0,5065.0,4089.0,11041.0,6107.0,4433.0,2474.0,3970.0,6443.0,1853.0,660.0,3050.0,1093.0
2021-03-11,7748.0,7013.0,1239.0,2592.0,31410.0,81.0,2408.0,5061.0,4036.0,11967.0,6048.0,4376.0,2699.0,3997.0,6492.0,1584.0,643.0,3012.0,1276.0
2021-03-12,6866.0,6484.0,1078.0,2383.0,18626.0,88.0,2284.0,4824.0,3540.0,10241.0,5738.0,4206.0,2321.0,3405.0,5814.0,1208.0,588.0,2439.0,1043.0
2021-03-13,6990.0,5424.0,1165.0,2235.0,17897.0,80.0,2307.0,4613.0,3422.0,9806.0,5290.0,3899.0,2038.0,3283.0,4576.0,1394.0,615.0,6140.0,1039.0
2021-03-14,7644.0,6011.0,1359.0,2483.0,21434.0,86.0,2419.0,4985.0,3581.0,10879.0,5853.0,3788.0,2215.0,3125.0,5026.0,1623.0,729.0,3533.0,1270.0
2021-03-15,7575.0,7480.0,1262.0,2485.0,43461.0,83.0,2333.0,5273.0,3768.0,10427.0,5914.0,4104.0,2349.0,3410.0,6357.0,1267.0,595.0,2245.0,1275.0
2021-03-16,7320.0,8939.0,1178.0,2379.0,50050.0,70.0,2281.0,5379.0,4959.0,10080.0,6034.0,4429.0,2739.0,3596.0,6462.0,1293.0,889.0,2252.0,1118.0
2021-03-17,7846.0,9294.0,1180.0,2455.0,24165.0,67.0,2208.0,5328.0,3749.0,10407.0,6050.0,4276.0,2801.0,4024.0,6523.0,1237.0,610.0,2803.0,1453.0
2021-03-18,6952.0,8325.0,1164.0,2294.0,18655.0,40.0,2168.0,4867.0,3366.0,10280.0,5859.0,4178.0,2623.0,4072.0,6577.0,1516.0,604.0,2633.0,1151.0
2021-03-19,6560.0,7918.0,1224.0,2088.0,15885.0,50.0,1991.0,4695.0,3321.0,9862.0,5740.0,4103.0,2302.0,3870.0,6079.0,1847.0,653.0,2074.0,1064.0
2021-03-20,6379.0,6422.0,1181.0,1917.0,18237.0,66.0,1954.0,4478.0,3244.0,9454.0,5035.0,3711.0,2058.0,3205.0,4626.0,1271.0,525.0,2780.0,987.0
2021-03-21,6719.0,6530.0,1442.0,2147.0,34103.0,63.0,2076.0,5043.0,3412.0,9769.0,5930.0,4182.0,2408.0,3414.0,4646.0,1600.0,700.0,2837.0,1271.0
2021-03-22,7394.0,7881.0,1272.0,2283.0,42387.0,58.0,2050.0,5096.0,3558.0,10747.0,6045.0,6586.0,2917.0,3809.0,5475.0,1234.0,609.0,2401.0,1110.0
2021-03-23,7050.0,7774.0,1081.0,2206.0,21369.0,63.0,1997.0,5187.0,3492.0,10450.0,5851.0,7979.0,2707.0,4166.0,6382.0,1337.0,595.0,2499.0,1107.0
2021-03-24,7202.0,7657.0,1266.0,2211.0,18548.0,66.0,1907.0,5135.0,3633.0,11421.0,6058.0,7524.0,2690.0,4817.0,6799.0,1108.0,625.0,5670.0,1041.0
2021-03-25,7852.0,8784.0,1014.0,2364.0,16660.0,80.0,1968.0,5168.0,3722.0,11358.0,6175.0,9062.0,2871.0,4604.0,6498.0,1039.0,532.0,4033.0,882.0
2021-03-26,7152.0,7434.0,1103.0,2218.0,14502.0,62.0,2023.0,4748.0,3333.0,10849.0,5847.0,7778.0,2744.0,4124.0,6011.0,986.0,593.0,4427.0,874.0
2021-03-27,6475.0,6063.0,1451.0,1997.0,14128.0,83.0,2042.0,4372.0,3291.0,10497.0,5363.0,6328.0,3662.0,3890.0,4588.0,992.0,2176.0,4474.0,1022.0
2021-03-28,7137.0,6537.0,1312.0,2132.0,15619.0,56.0,2198.0,4886.0,3576.0,11924.0,5999.0,6697.0,2594.0,3357.0,4341.0,1406.0,862.0,3410.0,1132.0
2021-03-29,7403.0,7277.0,1002.0,2430.0,16002.0,46.0,2042.0,5171.0,3589.0,10602.0,6070.0,5733.0,2564.0,3446.0,4946.0,1145.0,527.0,3450.0,1149.0
2021-03-30,7364.0,6988.0,980.0,2323.0,16690.0,57.0,2068.0,4817.0,3531.0,10521.0,5822.0,4473.0,2654.0,3306.0,4815.0,1003.0,568.0,2838.0,857.0
2021-03-31,7061.0,7088.0,907.0,2245.0,16478.0,39.0,3126.0,4638.0,3494.0,12139.0,5509.0,4379.0,2652.0,3812.0,4580.0,793.0,482.0,3021.0,858.0
2021-04-01,6781.0,5967.0,927.0,2050.0,14761.0,43.0,2443.0,4655.0,3313.0,11259.0,5707.0,4090.0,2346.0,3251.0,4323.0,789.0,663.0,2978.0,833.0
2021-04-02,6616.0,5995.0,1065.0,2248.0,14058.0,69.0,2349.0,4492.0,3412.0,10291.0,5701.0,4075.0,3010.0,3216.0,4448.0,1026.0,653.0,3228.0,979.0
2021-04-03,6713.0,6094.0,1483.0,2141.0,15375.0,57.0,5195.0,4484.0,3299.0,9592.0,5550.0,4092.0,2631.0,2944.0,4267.0,929.0,584.0,2451.0,917.0
2021-04-04,7291.0,6332.0,1349.0,2378.0,15313.0,73.0,3071.0,4669.0,3523.0,10320.0,5791.0,4097.0,2507.0,3058.0,4631.0,1006.0,682.0,2307.0,1126.0
2021-04-05,7149.0,7764.0,1591.0,2313.0,18123.0,48.0,2970.0,5481.0,4075.0,10112.0,6099.0,4483.0,2810.0,3490.0,5855.0,1165.0,682.0,2291.0,1330.0
2021-04-06,7064.0,7782.0,1108.0,2144.0,19436.0,68.0,2681.0,5239.0,3565.0,9916.0,6244.0,4355.0,2955.0,3604.0,6253.0,983.0,586.0,2211.0,1092.0
2021-04-07,7254.0,7704.0,1491.0,2233.0,17926.0,63.0,3037.0,5136.0,3537.0,14854.0,6449.0,4273.0,2845.0,4419.0,6492.0,1006.0,631.0,7109.0,1110.0
2021-04-08,7215.0,7806.0,1280.0,3055.0,17737.0,286.0,2347.0,5220.0,3482.0,12793.0,6220.0,4332.0,2918.0,4051.0,6503.0,1183.0,569.0,5115.0,1052.0
2021-04-09,6757.0,7510.0,1049.0,3377.0,15945.0,152.0,2181.0,4884.0,3757.0,11858.0,6022.0,4332.0,2701.0,3788.0,6173.0,932.0,556.0,2813.0,1056.0
2021-04-10,6551.0,6608.0,1224.0,2254.0,22125.0,110.0,5361.0,4360.0,3211.0,9679.0,5758.0,3811.0,2758.0,3112.0,5030.0,1051.0,795.0,2618.0,974.0
2021-04-11,6851.0,6905.0,1488.0,2425.0,18250.0,84.0,2898.0,4931.0,3663.0,10537.0,6077.0,4159.0,2733.0,3549.0,5548.0,1067.0,733.0,3377.0,1121.0
2021-04-12,7119.0,8274.0,1319.0,2394.0,13834.0,95.0,2539.0,5499.0,3968.0,10535.0,6184.0,4653.0,3433.0,3866.0,7201.0,1173.0,679.0,2740.0,1100.0
2021-04-13,8011.0,8312.0,1286.0,2454.0,15043.0,89.0,3091.0,5228.0,3760.0,10856.0,5800.0,4585.0,3478.0,4364.0,7214.0,1045.0,595.0,2568.0,1091.0
2021-04-14,7210.0,10218.0,1162.0,2248.0,15203.0,61.0,2374.0,5074.0,3810.0,10580.0,5871.0,4799.0,3684.0,4831.0,7066.0,1103.0,575.0,2364.0,1070.0
2021-04-15,7577.0,10518.0,1135.0,2998.0,14426.0,78.0,2217.0,5118.0,3900.0,10899.0,5833.0,4755.0,3537.0,4253.0,6886.0,990.0,548.0,2141.0,1088.0
2021-04-16,7044.0,10380.0,1042.0,2248.0,13253.0,59.0,2297.0,5531.0,3723.0,10608.0,5594.0,4076.0,3203.0,3774.0,6469.0,932.0,821.0,2499.0,924.0
2021-04-17,6573.0,9768.0,1057.0,2093.0,28988.0,47.0,3136.0,4713.0,3671.0,10202.0,5388.0,3429.0,2727.0,3110.0,5368.0,892.0,600.0,2303.0,993.0
2021-04-18,6931.0,9276.0,1226.0,2174.0,39998.0,48.0,2575.0,4691.0,3435.0,10311.0,5781.0,4119.0,2784.0,3121.0,5738.0,1219.0,799.0,2741.0,1222.0
2021-04-19,7452.0,9942.0,1214.0,2598.0,19758.0,67.0,2301.0,5436.0,3556.0,13133.0,5868.0,4642.0,3103.0,3737.0,6699.0,1188.0,801.0,2811.0,1005.0
2021-04-20,7405.0,9384.0,1030.0,2395.0,16117.0,54.0,2200.0,5132.0,3754.0,10443.0,6418.0,4192.0,3106.0,3796.0,7203.0,1230.0,627.0,1964.0,977.0
2021-04-21,7272.0,8977.0,1187.0,2844.0,15848.0,58.0,2253.0,5062.0,3512.0,10636.0,5902.0,4354.0,3090.0,4067.0,7125.0,1431.0,836.0,2001.0,975.0
2021-04-22,7294.0,9261.0,1182.0,2261.0,27280.0,44.0,2639.0,5763.0,3754.0,11192.0,6090.0,4364.0,3123.0,3976.0,7124.0,1230.0,648.0,1991.0,974.0
2021-04-23,7122.0,9218.0,1264.0,2167.0,32776.0,53.0,3046.0,5086.0,3375.0,9779.0,5652.0,5432.0,3313.0,3436.0,7113.0,941.0,553.0,1783.0,913.0
2021-04-24,6958.0,7971.0,970.0,2154.0,19564.0,56.0,4728.0,4651.0,3130.0,9131.0,5262.0,5980.0,2579.0,2937.0,5441.0,1026.0,618.0,1708.0,895.0
2021-04-25,7288.0,8204.0,1233.0,2251.0,19842.0,44.0,3493.0,4797.0,3333.0,9996.0,5664.0,6106.0,2588.0,3380.0,5619.0,1203.0,995.0,2150.0,1244.0
2021-04-26,7504.0,8039.0,1016.0,2357.0,18587.0,45.0,2598.0,5015.0,3607.0,10298.0,6026.0,4259.0,2934.0,3758.0,6862.0,1020.0,584.0,2019.0,1102.0
2021-04-27,7304.0,8212.0,1128.0,2181.0,20634.0,60.0,2225.0,4986.0,3423.0,10514.0,6149.0,4167.0,2946.0,3747.0,6905.0,964.0,595.0,2090.0,1124.0
2021-04-28,7424.0,8207.0,1041.0,2229.0,20075.0,74.0,2210.0,4781.0,3878.0,10577.0,6226.0,4205.0,2997.0,3950.0,7168.0,1475.0,606.0,2093.0,1105.0
2021-04-29,7389.0,8010.0,1191.0,2204.0,23526.0,46.0,2036.0,4928.0,3912.0,10401.0,6369.0,4142.0,2834.0,3877.0,7907.0,1127.0,658.0,2444.0,1098.0
2021-04-30,6825.0,7375.0,1016.0,2153.0,18004.0,72.0,1997.0,4710.0,3770.0,10693.0,6001.0,3789.0,2571.0,3550.0,6919.0,939.0,993.0,2564.0,914.0
2021-05-01,6427.0,6101.0,1197.0,1921.0,17263.0,54.0,1996.0,4193.0,3085.0,9147.0,5568.0,3272.0,2265.0,3194.0,6177.0,981.0,896.0,5100.0,1113.0
2021-05-02,6899.0,6790.0,1351.0,1984.0,28025.0,40.0,2253.0,4602.0,3434.0,9016.0,6852.0,3814.0,2405.0,3047.0,7813.0,1065.0,789.0,4282.0,1396.0
2021-05-03,7503.0,7757.0,1197.0,2253.0,30537.0,57.0,2163.0,5082.0,3681.0,10012.0,7418.0,4247.0,2819.0,3607.0,8524.0,968.0,652.0,2704.0,1202.0
2021-05-04,7712.0,7668.0,1471.0,2336.0,22926.0,58.0,2098.0,4994.0,4298.0,10701.0,15356.0,4118.0,2806.0,3668.0,30081.0,1021.0,639.0,2281.0,1790.0
2021-05-05,7683.0,7575.0,1259.0,2463.0,22719.0,70.0,2227.0,4800.0,3616.0,10822.0,21311.0,4010.0,2930.0,3562.0,35911.0,1028.0,667.0,2303.0,2285.0
2021-05-06,7571.0,7333.0,1076.0,2344.0,19264.0,73.0,3165.0,4621.0,4186.0,10873.0,15684.0,4286.0,2852.0,3560.0,19542.0,937.0,606.0,2205.0,2460.0
2021-05-07,7080.0,6820.0,1105.0,2058.0,16959.0,103.0,3282.0,4311.0,3742.0,10340.0,11246.0,3816.0,2735.0,3242.0,13048.0,973.0,641.0,2250.0,2138.0
2021-05-08,6601.0,5746.0,1225.0,2074.0,21089.0,67.0,3420.0,4165.0,3317.0,9639.0,8800.0,3410.0,2334.0,2639.0,9675.0,788.0,643.0,1633.0,1393.0
2021-05-09,6947.0,6510.0,955.0,2096.0,18198.0,51.0,2505.0,4602.0,3572.0,9135.0,8456.0,3642.0,2393.0,2702.0,8257.0,824.0,598.0,1568.0,1169.0
2021-05-10,7827.0,8039.0,1061.0,2372.0,17127.0,65.0,2158.0,5240.0,4157.0,10216.0,8290.0,4064.0,2823.0,3260.0,9042.0,932.0,680.0,1725.0,1447.0
2021-05-11,7769.0,7879.0,1127.0,2304.0,20697.0,52.0,2032.0,5008.0,3810.0,10694.0,7930.0,3839.0,2876.0,3487.0,8415.0,941.0,797.0,1960.0,1460.0
2021-05-12,7218.0,7814.0,1017.0,2228.0,23298.0,42.0,1940.0,4846.0,3481.0,9939.0,7015.0,4024.0,2905.0,3537.0,8176.0,822.0,582.0,1860.0,1260.0
2021-05-13,7423.0,7449.0,1175.0,2122.0,23376.0,77.0,1909.0,4747.0,3705.0,9671.0,7321.0,3920.0,3010.0,3591.0,8049.0,977.0,687.0,1673.0,1362.0
2021-05-14,7090.0,6744.0,1013.0,2039.0,18656.0,56.0,1736.0,4856.0,3527.0,9855.0,6616.0,3661.0,2493.0,2994.0,6887.0,936.0,542.0,1708.0,1226.0
2021-05-15,6674.0,5618.0,4738.0,2056.0,19077.0,49.0,1858.0,4815.0,3350.0,8837.0,6043.0,3485.0,2158.0,2488.0,5856.0,981.0,650.0,1669.0,1238.0
2021-05-16,7592.0,6234.0,1703.0,2137.0,27633.0,50.0,2143.0,5491.0,3667.0,10144.0,6821.0,3916.0,2285.0,2811.0,5556.0,2020.0,702.0,2156.0,2395.0
2021-05-17,8215.0,7603.0,1442.0,2236.0,25254.0,51.0,2064.0,6831.0,3922.0,11500.0,7284.0,5549.0,2837.0,3787.0,7045.0,1489.0,579.0,1819.0,1452.0
2021-05-18,8463.0,7801.0,1439.0,2261.0,22227.0,42.0,1947.0,6151.0,3946.0,10539.0,6696.0,4759.0,2789.0,3379.0,7447.0,4649.0,629.0,2045.0,1446.0
2021-05-19,8167.0,7636.0,1432.0,2363.0,23423.0,57.0,1961.0,5416.0,3515.0,10144.0,6492.0,4618.0,2819.0,3463.0,6896.0,2819.0,550.0,1946.0,1326.0
2021-05-20,7998.0,8016.0,1133.0,2401.0,23093.0,54.0,1902.0,5042.0,3630.0,9799.0,6681.0,4108.0,2879.0,3422.0,6916.0,1063.0,558.0,1739.0,1224.0
2021-05-21,8020.0,7236.0,1557.0,2326.0,22755.0,47.0,1729.0,4805.0,3856.0,9832.0,6713.0,3630.0,2709.0,3092.0,6546.0,983.0,508.0,1684.0,1045.0
2021-05-22,7273.0,6264.0,1684.0,2109.0,31209.0,50.0,2013.0,4474.0,3677.0,8925.0,5805.0,3563.0,2720.0,2572.0,5403.0,1147.0,629.0,1893.0,1110.0
2021-05-23,7802.0,6607.0,1454.0,2902.0,32956.0,54.0,2107.0,4487.0,3647.0,9276.0,5861.0,3635.0,2892.0,2797.0,5462.0,1144.0,542.0,1616.0,1141.0
2021-05-24,8357.0,7395.0,1351.0,2755.0,27715.0,70.0,1966.0,5147.0,3806.0,10293.0,6672.0,4295.0,2851.0,3404.0,6559.0,1217.0,637.0,1920.0,1303.0
2021-05-25,8807.0,8718.0,1317.0,2567.0,24375.0,51.0,1862.0,4830.0,4038.0,10190.0,7159.0,4114.0,3056.0,3503.0,6944.0,893.0,623.0,1732.0,1158.0
2021-05-26,8057.0,8219.0,1420.0,2543.0,22110.0,48.0,1897.0,4577.0,4167.0,9854.0,6516.0,4159.0,3114.0,3487.0,6659.0,1030.0,850.0,1951.0,1107.0
2021-05-27,7638.0,7950.0,1338.0,2339.0,19768.0,47.0,1799.0,4609.0,3529.0,9823.0,6369.0,4100.0,3064.0,3313.0,6342.0,1016.0,678.0,1816.0,1001.0
2021-05-28,7287.0,7589.0,1562.0,2100.0,19862.0,42.0,1642.0,4410.0,3525.0,9267.0,6169.0,3738.0,2632.0,3229.0,5889.0,825.0,548.0,1585.0,890.0
2021-05-29,6899.0,5963.0,1750.0,2161.0,24948.0,46.0,1738.0,4270.0,3904.0,8760.0,6838.0,2969.0,2296.0,2555.0,5067.0,1175.0,2744.0,4259.0,2135.0
2021-05-30,7575.0,6386.0,1319.0,2146.0,23482.0,40.0,2038.0,4379.0,3555.0,10482.0,7372.0,3289.0,2486.0,2806.0,5521.0,1048.0,790.0,2881.0,1550.0
2021-05-31,8418.0,8011.0,1265.0,2559.0,28271.0,111.0,2320.0,4640.0,3655.0,10496.0,6729.0,3880.0,2837.0,3685.0,6268.0,854.0,550.0,1877.0,1247.0
2021-06-01,8512.0,7920.0,1227.0,2334.0,25778.0,72.0,1929.0,4911.0,4028.0,10545.0,6475.0,3872.0,2575.0,3840.0,6308.0,800.0,521.0,1790.0,1028.0
2021-06-02,8134.0,7680.0,1097.0,2171.0,21892.0,57.0,1692.0,4769.0,3533.0,10354.0,6118.0,6338.0,2878.0,3629.0,6199.0,817.0,553.0,1792.0,937.0
2021-06-03,8293.0,8691.0,1104.0,2128.0,20831.0,67.0,1853.0,4706.0,3866.0,10087.0,6225.0,4632.0,4083.0,3770.0,6268.0,937.0,612.0,1818.0,1048.0
2021-06-04,9441.0,8653.0,1044.0,2252.0,27879.0,58.0,1858.0,4912.0,3636.0,9913.0,6128.0,4566.0,3278.0,3606.0,6167.0,823.0,485.0,1539.0,935.0
2021-06-05,7171.0,6296.0,998.0,1940.0,21292.0,54.0,1711.0,4230.0,3186.0,10473.0,5686.0,3264.0,2478.0,3576.0,4848.0,797.0,534.0,1591.0,1110.0
2021-06-06,7830.0,6381.0,1336.0,2122.0,19543.0,65.0,1879.0,5101.0,3692.0,10703.0,5885.0,3553.0,2650.0,2840.0,4654.0,1139.0,626.0,2015.0,1354.0
2021-06-07,8126.0,7111.0,1110.0,2186.0,20545.0,53.0,2202.0,5368.0,3807.0,11000.0,6441.0,4068.0,2839.0,3296.0,5258.0,982.0,589.0,1727.0,1156.0
2021-06-08,9165.0,7528.0,1197.0,2143.0,22213.0,60.0,1943.0,4868.0,3685.0,10536.0,6461.0,4001.0,2866.0,3366.0,6345.0,1027.0,543.0,1793.0,1039.0
2021-06-09,9294.0,8321.0,1216.0,2209.0,24271.0,69.0,1728.0,4730.0,3813.0,10835.0,6728.0,3974.0,3229.0,4146.0,6151.0,995.0,565.0,1724.0,1100.0
2021-06-10,9231.0,9203.0,1290.0,2189.0,24324.0,68.0,1898.0,4724.0,3691.0,10393.0,6076.0,3787.0,2909.0,4068.0,5641.0,981.0,544.0,1743.0,1043.0
2021-06-11,8630.0,7311.0,1191.0,2031.0,25031.0,36.0,1881.0,4703.0,3837.0,10284.0,5836.0,3346.0,2487.0,3303.0,5040.0,751.0,1490.0,1593.0,900.0
2021-06-12,7972.0,5490.0,1006.0,1799.0,22617.0,48.0,1940.0,4180.0,3700.0,9573.0,5523.0,2968.0,2184.0,2629.0,4190.0,731.0,613.0,1609.0,895.0
2021-06-13,8751.0,5843.0,1282.0,2030.0,25804.0,60.0,2887.0,4400.0,4005.0,11901.0,5801.0,3292.0,2289.0,4215.0,4445.0,855.0,700.0,1922.0,1153.0
2021-06-14,12179.0,7792.0,1317.0,2346.0,41748.0,70.0,3091.0,6200.0,4270.0,12139.0,6624.0,4420.0,2736.0,4090.0,5295.0,936.0,675.0,2064.0,1088.0
2021-06-15,10319.0,6965.0,1246.0,2124.0,63977.0,58.0,2069.0,5698.0,4215.0,10932.0,5846.0,3788.0,2636.0,3869.0,5455.0,1192.0,663.0,2023.0,904.0
2021-06-16,8567.0,6692.0,1109.0,2040.0,44224.0,65.0,1841.0,4619.0,3633.0,10407.0,5625.0,3625.0,2654.0,3663.0,5376.0,930.0,646.0,1972.0,1282.0
2021-06-17,8361.0,6446.0,1116.0,2036.0,35883.0,65.0,1777.0,4508.0,3795.0,10329.0,6103.0,3441.0,2642.0,3824.0,5622.0,1095.0,595.0,1804.0,1058.0
2021-06-18,9043.0,6447.0,962.0,2072.0,35188.0,74.0,1906.0,4983.0,4446.0,10878.0,5640.0,3677.0,3144.0,3794.0,4901.0,757.0,572.0,1552.0,790.0
2021-06-19,11044.0,5737.0,1123.0,2090.0,59080.0,84.0,1901.0,4868.0,6419.0,11239.0,5521.0,2879.0,3943.0,3400.0,3833.0,744.0,651.0,2096.0,770.0
2021-06-20,8958.0,5408.0,1249.0,2095.0,36805.0,52.0,2282.0,4796.0,3898.0,15497.0,5762.0,2904.0,2641.0,4032.0,4307.0,986.0,633.0,5806.0,1000.0
2021-06-21,9052.0,6885.0,1088.0,2168.0,33250.0,43.0,1912.0,5411.0,5166.0,11700.0,6069.0,4181.0,4323.0,4134.0,4728.0,1001.0,739.0,2808.0,993.0
2021-06-22,9972.0,7361.0,1209.0,2237.0,43011.0,59.0,1823.0,5111.0,4553.0,10607.0,6532.0,4276.0,3099.0,4178.0,4961.0,959.0,678.0,2128.0,1111.0
2021-06-23,8241.0,6982.0,1265.0,1936.0,59981.0,145.0,1908.0,4700.0,3748.0,10477.0,7140.0,3850.0,2737.0,4149.0,5091.0,866.0,741.0,1942.0,971.0
2021-06-24,9004.0,6681.0,1172.0,2084.0,90883.0,115.0,2095.0,5158.0,5606.0,11646.0,6693.0,3844.0,2973.0,4652.0,5155.0,1021.0,747.0,2200.0,1098.0
2021-06-25,9268.0,5680.0,1232.0,2010.0,41735.0,88.0,2245.0,5095.0,5863.0,10121.0,5783.0,3664.0,2662.0,3332.0,4098.0,823.0,750.0,1821.0,884.0
2021-06-26,8044.0,5207.0,1009.0,1874.0,35959.0,67.0,2746.0,4260.0,4408.0,9776.0,6491.0,2686.0,2122.0,2462.0,3965.0,774.0,580.0,1507.0,1088.0
2021-06-27,9022.0,5802.0,1179.0,2297.0,52459.0,83.0,2404.0,4431.0,4563.0,10910.0,6124.0,2926.0,2294.0,3294.0,3962.0,931.0,685.0,2004.0,1108.0
2021-06-28,9155.0,6676.0,1346.0,2298.0,45186.0,113.0,2322.0,4623.0,4481.0,10185.0,5803.0,3463.0,2717.0,3652.0,4418.0,934.0,723.0,1908.0,954.0
2021-06-29,10789.0,7032.0,1339.0,2421.0,88421.0,98.0,2470.0,4528.0,5777.0,10954.0,6152.0,3659.0,3323.0,3471.0,5023.0,1411.0,767.0,2127.0,1266.0
2021-06-30,8269.0,6713.0,1130.0,2188.0,65564.0,65.0,2351.0,4271.0,4362.0,10272.0,6248.0,3903.0,2520.0,3470.0,4817.0,1057.0,1371.0,1898.0,1170.0
2021-07-01,7594.0,6775.0,1041.0,2351.0,133033.0,69.0,2184.0,4237.0,3886.0,9831.0,6107.0,4652.0,2306.0,3351.0,4709.0,919.0,804.0,1568.0,1017.0
2021-07-02,8469.0,5759.0,1049.0,2235.0,64771.0,53.0,2134.0,4450.0,4307.0,10361.0,5775.0,4451.0,2239.0,3520.0,4323.0,834.0,632.0,1675.0,895.0
2021-07-03,9402.0,5361.0,999.0,2383.0,53918.0,72.0,2483.0,5548.0,6846.0,11264.0,6252.0,3929.0,4078.0,4500.0,4197.0,847.0,675.0,2287.0,834.0
2021-07-04,14697.0,7895.0,1424.0,2890.0,103155.0,91.0,2494.0,5747.0,6083.0,12198.0,7360.0,5078.0,3430.0,3490.0,4491.0,1018.0,903.0,2145.0,1143.0
2021-07-05,10047.0,6665.0,1293.0,2612.0,55290.0,120.0,2230.0,5644.0,4244.0,12117.0,6119.0,5265.0,2744.0,4477.0,4383.0,977.0,641.0,1737.0,934.0
2021-07-06,11942.0,7203.0,1454.0,2796.0,68025.0,58.0,2225.0,4985.0,4765.0,13421.0,6450.0,4744.0,2500.0,5110.0,4924.0,952.0,771.0,1908.0,973.0
2021-07-07,20344.0,9959.0,1514.0,3552.0,110992.0,73.0,2102.0,5146.0,5067.0,14678.0,9924.0,4294.0,2440.0,4404.0,6045.0,866.0,1516.0,1962.0,1101.0
2021-07-08,11146.0,6021.0,1658.0,2556.0,53735.0,58.0,2016.0,4779.0,4143.0,11529.0,6855.0,3764.0,2233.0,3204.0,4989.0,945.0,718.0,1724.0,1012.0
2021-07-09,12927.0,6623.0,1251.0,2540.0,49112.0,54.0,1947.0,4580.0,3878.0,11643.0,7637.0,3481.0,2032.0,3136.0,4866.0,740.0,618.0,1560.0,1107.0
2021-07-10,16676.0,6694.0,1281.0,2898.0,67926.0,52.0,1992.0,4571.0,4126.0,15074.0,8468.0,2764.0,1910.0,4221.0,4780.0,838.0,588.0,1589.0,913.0
2021-07-11,56190.0,12203.0,3488.0,6802.0,455988.0,41.0,2324.0,6461.0,7820.0,28464.0,7551.0,3002.0,2631.0,6095.0,3966.0,1093.0,1322.0,2904.0,1172.0
2021-07-12,20662.0,8547.0,1622.0,3558.0,125352.0,88.0,2248.0,5052.0,5087.0,13758.0,6780.0,3694.0,2297.0,3960.0,5400.0,763.0,771.0,1771.0,913.0
2021-07-13,13890.0,8381.0,1260.0,2793.0,79684.0,97.0,2167.0,5024.0,4560.0,11688.0,6705.0,4111.0,2298.0,3611.0,5820.0,785.0,735.0,1587.0,932.0
2021-07-14,11150.0,7752.0,1104.0,2808.0,87342.0,150.0,2120.0,4885.0,4028.0,11258.0,6320.0,4126.0,2321.0,3473.0,5904.0,751.0,2622.0,1497.0,878.0
2021-07-15,10100.0,7391.0,1255.0,2389.0,67873.0,85.0,2103.0,4610.0,3951.0,11178.0,6142.0,3606.0,2366.0,3307.0,5835.0,710.0,1183.0,1495.0,786.0
2021-07-16,8814.0,6640.0,904.0,2312.0,48255.0,107.0,1901.0,4421.0,3712.0,10797.0,5976.0,3529.0,2251.0,2974.0,5330.0,682.0,738.0,1301.0,784.0
2021-07-17,8369.0,5897.0,928.0,2341.0,43470.0,79.0,2306.0,4416.0,3459.0,9423.0,6132.0,3298.0,1870.0,2447.0,4605.0,719.0,790.0,1288.0,726.0
2021-07-18,8890.0,6119.0,905.0,2359.0,42000.0,123.0,2496.0,4193.0,4587.0,10263.0,6019.0,3700.0,3080.0,2441.0,4505.0,710.0,689.0,1325.0,878.0
2021-07-19,8344.0,6526.0,914.0,2366.0,39828.0,95.0,2455.0,4735.0,4022.0,10056.0,6932.0,5196.0,2407.0,2807.0,6276.0,703.0,604.0,1226.0,877.0
2021-07-20,7864.0,6730.0,865.0,2272.0,36893.0,93.0,2140.0,4683.0,3585.0,9831.0,8757.0,4147.0,2149.0,2790.0,7414.0,764.0,596.0,1314.0,1106.0
2021-07-21,7757.0,6684.0,803.0,2990.0,33211.0,104.0,2052.0,4733.0,3304.0,9360.0,6599.0,4107.0,2214.0,2910.0,6757.0,688.0,643.0,1139.0,822.0
2021-07-22,8477.0,7477.0,841.0,2561.0,35762.0,97.0,2141.0,4424.0,3527.0,10401.0,5970.0,4497.0,2387.0,3207.0,6521.0,707.0,515.0,1352.0,720.0
2021-07-23,8379.0,7646.0,1468.0,2541.0,31151.0,79.0,1977.0,5520.0,5198.0,10696.0,6333.0,4273.0,2475.0,3315.0,6444.0,1693.0,684.0,1311.0,797.0
2021-07-24,8468.0,6563.0,846.0,2660.0,30711.0,57.0,2139.0,5304.0,5124.0,10356.0,5864.0,3222.0,1815.0,2556.0,4837.0,661.0,527.0,1303.0,765.0
2021-07-25,8820.0,6963.0,987.0,2615.0,29116.0,159.0,2329.0,4635.0,3603.0,10533.0,5989.0,3448.0,2015.0,2624.0,4779.0,737.0,619.0,1785.0,843.0
2021-07-26,9050.0,8810.0,1038.0,2685.0,26974.0,171.0,2218.0,4372.0,3746.0,10768.0,5775.0,4128.0,2206.0,2914.0,5867.0,622.0,572.0,1353.0,790.0
2021-07-27,8101.0,8050.0,852.0,2457.0,25575.0,139.0,2611.0,4549.0,3773.0,10236.0,5773.0,3907.0,2057.0,2977.0,5829.0,616.0,501.0,1262.0,739.0
2021-07-28,8390.0,7675.0,969.0,2313.0,25269.0,135.0,2899.0,4510.0,3677.0,10071.0,5774.0,4014.0,2396.0,2975.0,6213.0,652.0,508.0,1357.0,839.0
2021-07-29,8516.0,7708.0,976.0,2336.0,22922.0,105.0,3337.0,4571.0,3478.0,10859.0,6733.0,4040.0,2416.0,3111.0,6383.0,714.0,526.0,1549.0,798.0
2021-07-30,7571.0,6548.0,736.0,2352.0,22157.0,110.0,2025.0,4012.0,3626.0,11293.0,6126.0,3802.0,2152.0,2989.0,6972.0,657.0,468.0,1621.0,824.0
2021-07-31,7376.0,5652.0,756.0,2036.0,22652.0,128.0,2411.0,3828.0,3138.0,10191.0,5573.0,3123.0,1786.0,2623.0,4914.0,590.0,460.0,1319.0,663.0
2021-08-01,9151.0,6486.0,980.0,2357.0,22966.0,197.0,2844.0,4734.0,3538.0,10726.0,5967.0,2920.0,1852.0,2527.0,4764.0,711.0,488.0,1686.0,849.0
2021-08-02,8361.0,7253.0,853.0,2273.0,22653.0,119.0,2343.0,4651.0,3298.0,10712.0,5800.0,3840.0,2064.0,2899.0,5964.0,625.0,439.0,1343.0,714.0
2021-08-03,8560.0,7390.0,1025.0,2239.0,24868.0,129.0,2067.0,4073.0,3211.0,11359.0,5881.0,3939.0,2241.0,3082.0,5914.0,629.0,501.0,1477.0,787.0
2021-08-04,9209.0,7404.0,925.0,2270.0,23266.0,105.0,1908.0,4236.0,3209.0,10792.0,5484.0,3950.0,2441.0,3005.0,5890.0,634.0,434.0,1536.0,855.0
2021-08-05,8075.0,7193.0,1207.0,2283.0,224692.0,80.0,1884.0,4031.0,3515.0,10352.0,5532.0,3930.0,2057.0,3017.0,6134.0,844.0,743.0,1410.0,833.0
2021-08-06,8390.0,6680.0,1148.0,2255.0,297296.0,107.0,1843.0,4120.0,3255.0,9945.0,5656.0,3625.0,1875.0,2766.0,5641.0,884.0,514.0,1384.0,876.0
2021-08-07,9580.0,5873.0,1294.0,2261.0,180246.0,151.0,2019.0,4122.0,3213.0,12074.0,5560.0,2815.0,1702.0,3746.0,4668.0,642.0,534.0,1613.0,932.0
2021-08-08,10089.0,6504.0,1464.0,2651.0,351325.0,564.0,2422.0,4226.0,3558.0,13081.0,5724.0,2945.0,2049.0,2879.0,4615.0,712.0,548.0,1629.0,801.0
2021-08-09,8682.0,7802.0,1073.0,2557.0,239648.0,794.0,1991.0,4531.0,3369.0,10364.0,5970.0,3906.0,2157.0,3109.0,5859.0,674.0,450.0,1303.0,838.0
2021-08-10,8949.0,7634.0,1110.0,2430.0,470414.0,548.0,1975.0,4338.0,3386.0,10139.0,5768.0,3637.0,2276.0,3024.0,5791.0,634.0,525.0,1390.0,777.0
2021-08-11,9460.0,7470.0,1210.0,2316.0,334695.0,347.0,1918.0,4315.0,3415.0,10071.0,5575.0,3586.0,2121.0,2996.0,5649.0,570.0,473.0,1249.0,809.0
2021-08-12,8449.0,6949.0,936.0,2226.0,133645.0,320.0,2028.0,4183.0,3120.0,9786.0,5863.0,3707.0,2121.0,2733.0,5687.0,645.0,448.0,1153.0,713.0
2021-08-13,7788.0,6546.0,958.0,2088.0,88014.0,274.0,1905.0,4168.0,3178.0,9850.0,5640.0,3674.0,2041.0,2658.0,5595.0,581.0,486.0,1257.0,637.0
2021-08-14,8184.0,5557.0,967.0,2166.0,75259.0,285.0,2810.0,3963.0,3067.0,8617.0,5138.0,2849.0,1711.0,2279.0,4477.0,575.0,435.0,2262.0,939.0
2021-08-15,7472.0,5596.0,941.0,2089.0,66440.0,249.0,2855.0,3988.0,3104.0,8587.0,5336.0,3133.0,1770.0,2337.0,4340.0,702.0,544.0,1686.0,877.0
2021-08-16,7693.0,7129.0,841.0,2109.0,47255.0,235.0,2438.0,4401.0,3455.0,9035.0,5566.0,3971.0,2275.0,2731.0,5133.0,674.0,493.0,1317.0,861.0
2021-08-17,7343.0,7904.0,789.0,2140.0,40768.0,198.0,2258.0,4272.0,3360.0,9518.0,5424.0,4197.0,2298.0,2997.0,6327.0,661.0,437.0,1291.0,831.0
2021-08-18,7424.0,7936.0,1024.0,2285.0,35992.0,199.0,2021.0,4361.0,3159.0,9246.0,5591.0,3947.0,2214.0,3170.0,6083.0,685.0,507.0,1208.0,824.0
2021-08-19,7458.0,7529.0,930.0,2476.0,34559.0,181.0,1924.0,4506.0,3378.0,8983.0,6024.0,3911.0,2179.0,3338.0,6285.0,760.0,511.0,1218.0,777.0
2021-08-20,7369.0,7318.0,796.0,2182.0,33182.0,144.0,2104.0,4273.0,3352.0,9062.0,5694.0,3627.0,2094.0,2809.0,5686.0,697.0,493.0,1228.0,725.0
2021-08-21,7187.0,6036.0,845.0,2022.0,32079.0,149.0,2887.0,3954.0,3066.0,8430.0,5355.0,3007.0,1818.0,2529.0,4615.0,569.0,480.0,1245.0,720.0
2021-08-22,7044.0,6493.0,1021.0,2410.0,31311.0,187.0,6043.0,4140.0,3011.0,8698.0,5134.0,3166.0,1936.0,2461.0,4432.0,779.0,631.0,1464.0,915.0
2021-08-23,7376.0,7591.0,799.0,2202.0,28494.0,429.0,2600.0,4467.0,3250.0,8803.0,5426.0,4203.0,2226.0,2958.0,6055.0,775.0,486.0,1320.0,811.0
2021-08-24,7254.0,7524.0,861.0,2274.0,27156.0,251.0,3964.0,4582.0,3461.0,9069.0,5715.0,3935.0,2416.0,2892.0,6090.0,721.0,481.0,1298.0,737.0
2021-08-25,7280.0,7419.0,848.0,2212.0,28757.0,204.0,2235.0,4468.0,4019.0,9144.0,6082.0,4162.0,3465.0,3032.0,6279.0,762.0,513.0,1283.0,790.0
2021-08-26,7137.0,7205.0,880.0,2288.0,34682.0,243.0,2178.0,4403.0,3491.0,9386.0,5949.0,4249.0,2829.0,3125.0,5748.0,691.0,475.0,1247.0,696.0
2021-08-27,7083.0,6888.0,899.0,2127.0,74874.0,225.0,2350.0,4400.0,3156.0,8962.0,5412.0,3719.0,2116.0,2587.0,5658.0,656.0,387.0,1261.0,735.0
2021-08-28,6449.0,5460.0,834.0,2015.0,61121.0,292.0,4963.0,3982.0,2884.0,8322.0,4937.0,2826.0,1846.0,2258.0,4473.0,598.0,437.0,1200.0,791.0
2021-08-29,6754.0,6014.0,981.0,2080.0,58891.0,268.0,2929.0,3888.0,3264.0,9284.0,5366.0,3464.0,1991.0,2473.0,4757.0,658.0,465.0,1563.0,860.0
2021-08-30,7383.0,7581.0,854.0,2277.0,47165.0,316.0,2229.0,4508.0,3324.0,9577.0,5828.0,4261.0,2177.0,2946.0,5886.0,696.0,453.0,1363.0,906.0
2021-08-31,7783.0,7217.0,883.0,2149.0,41461.0,340.0,6327.0,4494.0,3370.0,9344.0,5770.0,4128.0,2239.0,3177.0,6022.0,669.0,508.0,1524.0,948.0
2021-09-01,7832.0,7473.0,786.0,2647.0,52849.0,334.0,2067.0,4270.0,3324.0,9163.0,5764.0,4168.0,2123.0,3036.0,5838.0,725.0,486.0,1246.0,821.0
2021-09-02,8194.0,8183.0,787.0,2458.0,58926.0,272.0,2119.0,4643.0,3328.0,9074.0,6164.0,4256.0,2313.0,3060.0,6489.0,625.0,431.0,1188.0,815.0
2021-09-03,8477.0,7368.0,784.0,2584.0,38531.0,206.0,1840.0,4345.0,3495.0,9231.0,5883.0,4079.0,2472.0,3448.0,5480.0,663.0,533.0,1204.0,1045.0
2021-09-04,6850.0,5500.0,813.0,2410.0,27911.0,224.0,2652.0,3790.0,2931.0,8313.0,5416.0,3009.0,1816.0,2227.0,4381.0,1175.0,424.0,1162.0,1046.0
2021-09-05,8637.0,7356.0,933.0,3049.0,31976.0,262.0,2601.0,4131.0,3375.0,9597.0,5516.0,4390.0,2453.0,4314.0,4783.0,744.0,486.0,1363.0,902.0
2021-09-06,8411.0,7495.0,1073.0,2612.0,26768.0,680.0,2184.0,4327.0,3585.0,10846.0,6118.0,4189.0,2374.0,4134.0,5810.0,672.0,503.0,1459.0,857.0
2021-09-07,8091.0,7923.0,930.0,2268.0,24632.0,540.0,2041.0,4444.0,3621.0,12955.0,6039.0,4480.0,2478.0,4699.0,6048.0,652.0,526.0,2019.0,839.0
2021-09-08,7659.0,7439.0,815.0,2285.0,24299.0,489.0,2907.0,4596.0,3537.0,11331.0,5996.0,4389.0,2439.0,4069.0,6013.0,722.0,736.0,2362.0,878.0
2021-09-09,7697.0,8156.0,811.0,2349.0,25807.0,486.0,2740.0,4457.0,3640.0,10854.0,6240.0,4574.0,2605.0,3069.0,6731.0,787.0,725.0,1907.0,849.0
2021-09-10,9016.0,7206.0,892.0,2821.0,97672.0,413.0,1845.0,4479.0,3548.0,9664.0,5513.0,4020.0,2666.0,3382.0,5972.0,734.0,653.0,1449.0,768.0
2021-09-11,6714.0,6145.0,863.0,2078.0,58160.0,293.0,1921.0,4927.0,2700.0,8419.0,5077.0,3107.0,1965.0,2313.0,4206.0,1023.0,493.0,1414.0,659.0
2021-09-12,7720.0,6048.0,885.0,2272.0,49127.0,757.0,2005.0,4995.0,3006.0,9011.0,5324.0,3376.0,1874.0,2448.0,4176.0,921.0,499.0,1934.0,774.0
2021-09-13,8114.0,8572.0,928.0,2372.0,45337.0,3953.0,4349.0,4903.0,3439.0,9830.0,6170.0,3784.0,2200.0,2811.0,5402.0,754.0,473.0,1341.0,811.0
2021-09-14,8011.0,7141.0,899.0,2203.0,53629.0,1775.0,3863.0,4787.0,3292.0,9370.0,6059.0,3826.0,2190.0,2784.0,5732.0,661.0,396.0,1289.0,700.0
2021-09-15,7803.0,6747.0,867.0,2192.0,48862.0,1322.0,2246.0,4749.0,3303.0,9275.0,5969.0,3768.0,2048.0,2816.0,5690.0,733.0,452.0,1282.0,842.0
2021-09-16,7548.0,6911.0,963.0,2178.0,33648.0,1153.0,2122.0,4890.0,3399.0,9357.0,6051.0,3865.0,2067.0,2791.0,5941.0,735.0,459.0,1453.0,770.0
2021-09-17,7765.0,6696.0,839.0,2055.0,22926.0,824.0,2223.0,4974.0,3220.0,8853.0,5437.0,3893.0,1992.0,2629.0,5290.0,726.0,440.0,1287.0,678.0
2021-09-18,7708.0,5679.0,837.0,2185.0,22792.0,596.0,2228.0,5063.0,2859.0,8254.0,4941.0,4743.0,2287.0,2175.0,4314.0,1175.0,423.0,1098.0,817.0
2021-09-19,9039.0,5844.0,926.0,2422.0,49058.0,553.0,2332.0,4813.0,3231.0,8928.0,5368.0,4112.0,2905.0,2510.0,4477.0,1010.0,519.0,1369.0,773.0
2021-09-20,9151.0,6912.0,868.0,2555.0,50105.0,551.0,1952.0,4991.0,3460.0,9768.0,6139.0,4194.0,2469.0,2885.0,5714.0,850.0,455.0,1355.0,824.0
2021-09-21,8991.0,6592.0,874.0,2367.0,29838.0,432.0,4132.0,5304.0,3459.0,9708.0,6191.0,3837.0,2445.0,3056.0,5981.0,741.0,396.0,1333.0,717.0
2021-09-22,8596.0,7274.0,847.0,2466.0,27052.0,328.0,1985.0,5326.0,3595.0,10350.0,6429.0,3840.0,2348.0,3331.0,6014.0,790.0,413.0,1366.0,803.0
2021-09-23,8544.0,6712.0,909.0,2534.0,25224.0,348.0,1983.0,5384.0,3534.0,9748.0,6161.0,3857.0,2246.0,3143.0,5604.0,1341.0,373.0,1426.0,819.0
2021-09-24,7878.0,6313.0,802.0,2563.0,21250.0,383.0,1998.0,4879.0,3373.0,8961.0,5830.0,3812.0,2025.0,2716.0,5299.0,1043.0,366.0,1354.0,634.0
2021-09-25,7709.0,4918.0,687.0,2181.0,21616.0,320.0,1882.0,3877.0,3099.0,8314.0,4979.0,2984.0,1706.0,2200.0,4069.0,621.0,375.0,1104.0,607.0
2021-09-26,7206.0,5612.0,789.0,2409.0,22950.0,331.0,1888.0,4217.0,2974.0,8479.0,5156.0,3245.0,1787.0,2350.0,4322.0,729.0,436.0,1389.0,1195.0
2021-09-27,8403.0,6770.0,819.0,2559.0,24274.0,305.0,2263.0,5016.0,3324.0,9363.0,6130.0,4216.0,2263.0,2808.0,5665.0,674.0,393.0,1235.0,730.0
2021-09-28,8402.0,6669.0,933.0,2441.0,51323.0,323.0,2017.0,5037.0,3458.0,10107.0,6240.0,4033.0,2393.0,3089.0,5668.0,624.0,452.0,1523.0,779.0
2021-09-29,8114.0,7118.0,862.0,2366.0,55184.0,514.0,1896.0,4818.0,3532.0,9758.0,6491.0,3909.0,2373.0,3227.0,5906.0,782.0,455.0,1411.0,770.0
2021-09-30,8235.0,6875.0,806.0,2539.0,31746.0,317.0,1796.0,4921.0,3724.0,9385.0,6369.0,3745.0,2266.0,3098.0,5550.0,681.0,492.0,1237.0,819.0
2021-10-01,7440.0,6093.0,811.0,2460.0,22545.0,266.0,1839.0,4621.0,3761.0,8726.0,5833.0,3486.0,2023.0,2862.0,5104.0,660.0,1022.0,1368.0,655.0
2021-10-02,7149.0,4885.0,762.0,2252.0,22473.0,239.0,2177.0,4055.0,3117.0,7912.0,5311.0,2784.0,1900.0,2132.0,4250.0,735.0,605.0,1190.0,825.0
2021-10-03,7202.0,5486.0,871.0,2845.0,25761.0,239.0,2021.0,4935.0,3289.0,8904.0,5694.0,3047.0,2062.0,2359.0,3903.0,998.0,441.0,1518.0,816.0
2021-10-04,7886.0,6528.0,910.0,2834.0,21327.0,250.0,1881.0,5041.0,3408.0,9405.0,6110.0,4374.0,2263.0,2847.0,5785.0,922.0,457.0,1211.0,858.0
2021-10-05,8108.0,6751.0,757.0,2460.0,21495.0,221.0,1910.0,4954.0,3340.0,9620.0,6182.0,4138.0,2357.0,3099.0,5704.0,898.0,389.0,1268.0,709.0
2021-10-06,7770.0,6441.0,847.0,2451.0,21555.0,190.0,1991.0,4903.0,3087.0,9461.0,6090.0,4018.0,2368.0,3147.0,5716.0,778.0,421.0,1328.0,730.0
2021-10-07,8332.0,6661.0,817.0,2677.0,26348.0,220.0,1844.0,4999.0,3205.0,9340.0,6213.0,4214.0,3374.0,3131.0,6193.0,832.0,403.0,1379.0,753.0
2021-10-08,8604.0,6324.0,778.0,2296.0,25663.0,327.0,1812.0,4468.0,3384.0,9729.0,5746.0,3884.0,3023.0,3503.0,5323.0,753.0,440.0,1134.0,652.0
2021-10-09,6671.0,4720.0,791.0,1902.0,21179.0,326.0,2005.0,4171.0,2761.0,8701.0,5221.0,3020.0,1875.0,2303.0,4009.0,661.0,429.0,1651.0,603.0
2021-10-10,7109.0,6138.0,835.0,2244.0,20581.0,327.0,2088.0,4222.0,3156.0,9103.0,5770.0,3295.0,2625.0,3002.0,5071.0,950.0,515.0,1446.0,694.0
2021-10-11,8991.0,7534.0,909.0,2543.0,39706.0,1143.0,2184.0,4811.0,3915.0,9855.0,6542.0,4124.0,3386.0,3007.0,5410.0,1346.0,632.0,1356.0,770.0
2021-10-12,8471.0,6757.0,941.0,2335.0,30620.0,1350.0,1977.0,4887.0,4101.0,9586.0,6843.0,4308.0,2706.0,3113.0,5604.0,896.0,809.0,1547.0,810.0
2021-10-13,7749.0,6740.0,893.0,2320.0,29674.0,542.0,1990.0,5272.0,3739.0,9491.0,6252.0,4039.0,2399.0,2937.0,5308.0,1158.0,882.0,1320.0,852.0
2021-10-14,7782.0,7465.0,904.0,2462.0,23408.0,662.0,1779.0,5018.0,3739.0,9434.0,6374.0,4228.0,2222.0,2963.0,6235.0,989.0,745.0,1363.0,820.0
2021-10-15,7819.0,6551.0,865.0,2539.0,25822.0,389.0,1657.0,4723.0,3731.0,9406.0,5668.0,3910.0,2531.0,3633.0,5059.0,771.0,709.0,1275.0,688.0
2021-10-16,6167.0,4987.0,856.0,1927.0,29071.0,288.0,1769.0,3906.0,2987.0,7736.0,5058.0,3033.0,1821.0,2225.0,4076.0,705.0,554.0,1324.0,670.0
2021-10-17,7034.0,5428.0,1028.0,2258.0,28663.0,213.0,1776.0,4059.0,3162.0,8925.0,5667.0,3087.0,2196.0,2428.0,4154.0,824.0,574.0,1931.0,878.0
2021-10-18,7490.0,6634.0,920.0,2302.0,26588.0,253.0,2104.0,5124.0,3377.0,9174.0,5764.0,3879.0,2430.0,3076.0,5216.0,762.0,518.0,1294.0,809.0
2021-10-19,7788.0,7015.0,1031.0,2337.0,37268.0,246.0,2155.0,4509.0,3320.0,9290.0,5922.0,4075.0,2378.0,3368.0,5721.0,952.0,536.0,1438.0,814.0
2021-10-20,7458.0,6540.0,924.0,2324.0,49865.0,256.0,2076.0,4616.0,3158.0,10423.0,5879.0,4357.0,2290.0,3495.0,5725.0,916.0,594.0,2604.0,908.0
2021-10-21,7344.0,6945.0,964.0,2251.0,29638.0,234.0,1951.0,4332.0,3071.0,9474.0,5940.0,3862.0,2229.0,3283.0,5692.0,741.0,1072.0,2113.0,1064.0
2021-10-22,6707.0,5895.0,828.0,2247.0,26797.0,259.0,1997.0,4174.0,3354.0,9125.0,5520.0,3657.0,1942.0,3176.0,5122.0,731.0,681.0,1579.0,998.0
2021-10-23,6017.0,5120.0,731.0,2001.0,28026.0,162.0,1898.0,3945.0,2919.0,8051.0,5155.0,2965.0,1828.0,2388.0,4239.0,660.0,494.0,1291.0,682.0
2021-10-24,6283.0,5791.0,928.0,2114.0,32893.0,184.0,3185.0,4015.0,2906.0,8292.0,7639.0,3229.0,1838.0,2916.0,4643.0,775.0,671.0,1353.0,1470.0
2021-10-25,6939.0,6859.0,892.0,2420.0,26495.0,217.0,2213.0,4576.0,3098.0,9184.0,6973.0,4157.0,2183.0,3776.0,5674.0,945.0,458.0,1338.0,955.0
2021-10-26,7291.0,6691.0,918.0,2454.0,21000.0,225.0,1867.0,4511.0,3103.0,9319.0,6308.0,3899.0,2059.0,4047.0,5632.0,877.0,458.0,1452.0,961.0
2021-10-27,7203.0,6517.0,1029.0,2479.0,23411.0,209.0,1783.0,4380.0,3062.0,10046.0,5926.0,4039.0,2282.0,3907.0,5625.0,835.0,420.0,1707.0,874.0
2021-10-28,7024.0,6175.0,1085.0,2400.0,29903.0,156.0,2047.0,4447.0,3023.0,9929.0,5890.0,3601.0,1982.0,3010.0,5367.0,1107.0,444.0,1522.0,1117.0
2021-10-29,6882.0,5749.0,954.0,2437.0,32916.0,178.0,1855.0,4069.0,2981.0,8985.0,5287.0,3277.0,1847.0,2507.0,4533.0,760.0,390.0,1273.0,734.0
2021-10-30,7373.0,4906.0,993.0,2268.0,37809.0,161.0,1731.0,3597.0,3052.0,8671.0,4811.0,2622.0,1572.0,2180.0,3723.0,628.0,427.0,1261.0,778.0
2021-10-31,7654.0,5356.0,1170.0,2482.0,31953.0,150.0,2081.0,3975.0,2959.0,8947.0,5141.0,2689.0,1641.0,2150.0,3573.0,822.0,492.0,1504.0,732.0
2021-11-01,7647.0,6237.0,1230.0,2396.0,30202.0,197.0,1915.0,4178.0,2954.0,9448.0,5593.0,3271.0,1994.0,2427.0,4392.0,980.0,540.0,1792.0,932.0
2021-11-02,7625.0,6009.0,1115.0,2360.0,32178.0,246.0,1920.0,4297.0,3042.0,9566.0,5806.0,3518.0,2030.0,2701.0,5231.0,1033.0,677.0,1681.0,904.0
2021-11-03,7148.0,6026.0,1097.0,2403.0,35533.0,206.0,1766.0,4194.0,3023.0,9651.0,5515.0,3609.0,2014.0,2883.0,5513.0,1151.0,617.0,1547.0,1029.0
2021-11-04,7281.0,6242.0,991.0,2274.0,23394.0,169.0,1792.0,4362.0,3044.0,8972.0,5696.0,3707.0,2119.0,2935.0,5588.0,1061.0,563.0,1431.0,847.0
2021-11-05,6867.0,5730.0,3687.0,2161.0,21261.0,167.0,1734.0,4056.0,3345.0,8270.0,5519.0,3455.0,1839.0,2542.0,4789.0,1106.0,7480.0,1490.0,879.0
2021-11-06,6633.0,4458.0,1118.0,2116.0,24028.0,189.0,1853.0,3629.0,3710.0,8414.0,5057.0,2894.0,1569.0,2081.0,3765.0,798.0,920.0,1562.0,4158.0
2021-11-07,6988.0,5108.0,1180.0,2308.0,20390.0,265.0,2114.0,4012.0,3422.0,8480.0,5733.0,3116.0,1794.0,2321.0,4248.0,922.0,930.0,1667.0,1359.0
2021-11-08,7872.0,6373.0,1054.0,2597.0,18925.0,406.0,1969.0,4705.0,3322.0,9186.0,6299.0,3742.0,2063.0,2971.0,5674.0,1294.0,607.0,1541.0,1096.0
2021-11-09,7714.0,6561.0,978.0,2485.0,17856.0,382.0,1917.0,5262.0,3334.0,9135.0,6317.0,4013.0,2171.0,2990.0,5634.0,1208.0,555.0,1432.0,1045.0
2021-11-10,7277.0,6516.0,983.0,2266.0,18318.0,308.0,1821.0,4977.0,3268.0,9373.0,5979.0,3627.0,2095.0,3082.0,5412.0,1091.0,744.0,1481.0,981.0
2021-11-11,7206.0,6511.0,918.0,2469.0,18843.0,293.0,1911.0,4641.0,3151.0,9011.0,6084.0,3917.0,2311.0,3130.0,5958.0,832.0,564.0,1448.0,934.0
2021-11-12,7910.0,6104.0,1286.0,2562.0,19413.0,313.0,1903.0,4448.0,3493.0,9646.0,5964.0,3541.0,2741.0,3258.0,4894.0,968.0,632.0,1557.0,1022.0
2021-11-13,8166.0,4870.0,2134.0,2643.0,20054.0,369.0,2301.0,3960.0,3306.0,8993.0,5567.0,2832.0,2404.0,2566.0,3944.0,826.0,608.0,1814.0,1032.0
2021-11-14,8129.0,5951.0,1733.0,2581.0,17674.0,1259.0,2446.0,4145.0,3322.0,10203.0,5849.0,3032.0,2005.0,2808.0,4032.0,946.0,4519.0,2813.0,1234.0
2021-11-15,9611.0,7835.0,1517.0,2953.0,18061.0,3315.0,2006.0,4673.0,3386.0,10527.0,6442.0,3833.0,2147.0,2883.0,4854.0,885.0,836.0,1692.0,1003.0
2021-11-16,9231.0,7701.0,1328.0,2878.0,19611.0,1392.0,1914.0,5072.0,3523.0,9863.0,6307.0,4313.0,2992.0,3474.0,5849.0,819.0,652.0,1597.0,1982.0
2021-11-17,9476.0,7284.0,1254.0,2885.0,22985.0,598.0,1990.0,5010.0,3482.0,9838.0,6267.0,4308.0,2275.0,3390.0,5607.0,892.0,603.0,1559.0,1153.0
2021-11-18,8098.0,6780.0,1240.0,2629.0,19108.0,483.0,1965.0,4741.0,3225.0,9527.0,6670.0,4149.0,2209.0,2858.0,5152.0,863.0,599.0,1489.0,992.0
2021-11-19,7332.0,6124.0,1155.0,2349.0,17475.0,363.0,1877.0,4578.0,3049.0,8920.0,5953.0,3597.0,2110.0,2610.0,4629.0,879.0,1071.0,1704.0,873.0
2021-11-20,6764.0,5333.0,1059.0,2248.0,31837.0,426.0,1712.0,4294.0,3554.0,7936.0,5176.0,3012.0,2183.0,2298.0,3978.0,854.0,689.0,2261.0,967.0
2021-11-21,7751.0,5254.0,1422.0,2461.0,32596.0,395.0,2361.0,5866.0,3151.0,8633.0,5602.0,4754.0,2428.0,2473.0,4300.0,4519.0,734.0,2050.0,1225.0
2021-11-22,7684.0,6801.0,1121.0,2479.0,25226.0,551.0,2221.0,7359.0,3206.0,8783.0,6227.0,6993.0,2447.0,2973.0,5216.0,2614.0,944.0,1947.0,1132.0
2021-11-23,7469.0,7302.0,1065.0,2431.0,26632.0,425.0,2239.0,5281.0,3137.0,8880.0,5947.0,4980.0,2309.0,3084.0,5687.0,1226.0,829.0,1946.0,1840.0
2021-11-24,6946.0,6721.0,1046.0,2470.0,33449.0,301.0,2244.0,4942.0,3028.0,9090.0,6110.0,4208.0,2058.0,3113.0,5114.0,900.0,582.0,1634.0,1115.0
2021-11-25,6519.0,6595.0,1022.0,2075.0,23181.0,232.0,2044.0,4364.0,2844.0,8740.0,5498.0,3919.0,2019.0,2834.0,4625.0,929.0,1317.0,2044.0,982.0
2021-11-26,6396.0,6206.0,972.0,2198.0,18875.0,262.0,2023.0,4128.0,2883.0,7948.0,5577.0,3567.0,1977.0,2620.0,4386.0,782.0,1957.0,1641.0,1012.0
2021-11-27,6311.0,5873.0,984.0,2160.0,19617.0,182.0,2020.0,4434.0,3043.0,8100.0,5663.0,2921.0,1788.0,2582.0,3893.0,789.0,811.0,1804.0,910.0
2021-11-28,7332.0,5813.0,1144.0,2476.0,29385.0,184.0,2862.0,4485.0,2945.0,8327.0,5824.0,3561.0,1799.0,2364.0,4056.0,1022.0,784.0,1928.0,1297.0
2021-11-29,8093.0,6354.0,1361.0,2445.0,100642.0,204.0,2460.0,4911.0,3084.0,9206.0,6436.0,3858.0,2065.0,2908.0,4965.0,923.0,651.0,2017.0,994.0
2021-11-30,8582.0,6175.0,1253.0,2486.0,108174.0,156.0,2200.0,4746.0,2988.0,9620.0,6500.0,4006.0,1915.0,2745.0,4779.0,847.0,679.0,1848.0,1137.0
2021-12-01,7334.0,6109.0,1058.0,2469.0,44710.0,145.0,2144.0,4934.0,3113.0,9460.0,6238.0,3783.0,1952.0,2739.0,4676.0,945.0,1407.0,2020.0,1017.0
2021-12-02,7175.0,5747.0,1064.0,2478.0,46983.0,158.0,2019.0,4819.0,3126.0,9336.0,6120.0,3678.0,1867.0,2684.0,4506.0,879.0,637.0,1570.0,1111.0
2021-12-03,6992.0,5400.0,1059.0,2392.0,59322.0,153.0,2059.0,5063.0,2856.0,8664.0,5922.0,3359.0,1679.0,2450.0,4330.0,810.0,569.0,1690.0,989.0
2021-12-04,6111.0,4498.0,935.0,2133.0,35378.0,155.0,2560.0,3940.0,2501.0,7864.0,5232.0,2908.0,1779.0,1933.0,3590.0,756.0,545.0,1611.0,1058.0
2021-12-05,6618.0,4830.0,1187.0,2421.0,29312.0,150.0,4705.0,4464.0,2841.0,8986.0,5693.0,3042.0,1778.0,2160.0,3801.0,862.0,633.0,2293.0,1092.0
2021-12-06,7157.0,5805.0,988.0,2556.0,23999.0,121.0,2645.0,4692.0,2988.0,9637.0,6309.0,3516.0,1872.0,2399.0,4531.0,1042.0,572.0,1706.0,975.0
2021-12-07,7213.0,5578.0,1056.0,2472.0,46965.0,225.0,2530.0,5091.0,3058.0,9380.0,6204.0,3593.0,2124.0,2328.0,4365.0,861.0,583.0,1612.0,1217.0
2021-12-08,6843.0,5378.0,1232.0,2405.0,40646.0,241.0,2526.0,5706.0,3005.0,9355.0,5887.0,3652.0,1927.0,2457.0,4305.0,948.0,516.0,1535.0,970.0
2021-12-09,6844.0,6047.0,1042.0,2368.0,25830.0,166.0,2483.0,5039.0,3017.0,9256.0,5888.0,3948.0,1738.0,2426.0,4291.0,926.0,561.0,1507.0,925.0
2021-12-10,6672.0,5289.0,1008.0,2187.0,19811.0,195.0,2497.0,4799.0,2913.0,8692.0,5878.0,3276.0,1673.0,2486.0,3918.0,870.0,527.0,1418.0,964.0
2021-12-11,6160.0,4516.0,937.0,2170.0,21167.0,149.0,3121.0,4202.0,2825.0,8124.0,5279.0,2850.0,1523.0,1936.0,3618.0,815.0,538.0,1611.0,844.0
2021-12-12,7050.0,4677.0,1117.0,2396.0,23833.0,141.0,6401.0,4309.0,2916.0,8916.0,5549.0,3543.0,1690.0,2109.0,3528.0,1148.0,663.0,1814.0,982.0
2021-12-13,7348.0,5436.0,1045.0,2548.0,25101.0,136.0,2691.0,4910.0,3424.0,9812.0,6754.0,3418.0,1854.0,2478.0,4526.0,960.0,552.0,1682.0,959.0
2021-12-14,7175.0,5549.0,1094.0,2456.0,20385.0,188.0,2579.0,4604.0,2995.0,9362.0,6328.0,3303.0,1615.0,2309.0,4170.0,939.0,557.0,1570.0,923.0
2021-12-15,7182.0,5013.0,1258.0,2570.0,20985.0,178.0,2583.0,4429.0,2960.0,9063.0,5768.0,3257.0,1641.0,2270.0,3974.0,1061.0,605.0,2323.0,1149.0
2021-12-16,6643.0,5117.0,1057.0,2381.0,17767.0,159.0,2759.0,4535.0,2842.0,8379.0,5818.0,3530.0,1577.0,2160.0,3681.0,1038.0,600.0,1656.0,898.0
2021-12-17,6202.0,4450.0,1092.0,2293.0,16222.0,287.0,2457.0,4858.0,2761.0,7821.0,5351.0,3197.0,1471.0,1805.0,3423.0,1397.0,934.0,1538.0,880.0
2021-12-18,5964.0,3939.0,1154.0,2245.0,18060.0,236.0,2771.0,4509.0,2668.0,7365.0,4927.0,2742.0,1388.0,1645.0,2989.0,1204.0,640.0,1531.0,857.0
2021-12-19,6208.0,4448.0,1254.0,2364.0,16905.0,249.0,4633.0,8795.0,2844.0,7837.0,5631.0,6902.0,1541.0,1720.0,3124.0,2178.0,707.0,1728.0,1038.0
2021-12-20,7393.0,5211.0,1600.0,2389.0,15784.0,413.0,2990.0,33332.0,3469.0,8525.0,6134.0,14044.0,1943.0,1981.0,3550.0,9524.0,695.0,1841.0,1031.0
2021-12-21,7014.0,4574.0,1089.0,2379.0,15992.0,277.0,2460.0,22122.0,3465.0,8280.0,5451.0,5888.0,1494.0,1785.0,3207.0,3361.0,553.0,1360.0,933.0
2021-12-22,6320.0,4461.0,1095.0,2311.0,17735.0,359.0,2440.0,12466.0,3240.0,7761.0,5117.0,3981.0,1593.0,1595.0,2951.0,1604.0,615.0,1352.0,805.0
2021-12-23,6293.0,3950.0,1111.0,2292.0,18214.0,205.0,2612.0,8252.0,3624.0,7683.0,5062.0,3097.0,1416.0,1569.0,2937.0,948.0,541.0,1265.0,821.0
2021-12-24,5531.0,3431.0,917.0,1989.0,14831.0,160.0,3369.0,6010.0,2899.0,7138.0,5507.0,2551.0,1230.0,1451.0,2580.0,1009.0,587.0,1290.0,919.0
2021-12-25,5736.0,3546.0,1066.0,2167.0,14390.0,157.0,4176.0,5515.0,2826.0,7349.0,6897.0,2529.0,1288.0,1480.0,2975.0,1263.0,782.0,1544.0,1222.0
2021-12-26,6189.0,4126.0,1091.0,2326.0,15264.0,142.0,3691.0,5460.0,2941.0,7870.0,7450.0,2995.0,1771.0,1834.0,3321.0,1126.0,787.0,1556.0,1388.0
2021-12-27,6568.0,4332.0,1115.0,2462.0,16645.0,184.0,3176.0,5193.0,3224.0,8553.0,7695.0,3124.0,1485.0,1910.0,3427.0,1031.0,854.0,2209.0,3300.0
2021-12-28,6323.0,4585.0,1195.0,2574.0,16581.0,135.0,3142.0,5183.0,3094.0,8480.0,7350.0,2919.0,1382.0,1925.0,3458.0,944.0,709.0,1618.0,1349.0
2021-12-29,6619.0,4550.0,1079.0,2441.0,16519.0,133.0,3638.0,5703.0,3174.0,8842.0,7636.0,2934.0,1362.0,1904.0,3358.0,959.0,600.0,1678.0,1205.0
2021-12-30,6878.0,4070.0,962.0,2331.0,17003.0,119.0,3638.0,5489.0,3843.0,11398.0,9561.0,2714.0,1459.0,1805.0,3319.0,866.0,652.0,1454.0,1175.0
2021-12-31,6115.0,3860.0,896.0,2096.0,16079.0,111.0,2748.0,4691.0,3344.0,9939.0,7870.0,2490.0,1321.0,1611.0,2852.0,902.0,649.0,1634.0,1123.0
2022-01-01,6398.0,3808.0,1238.0,2500.0,14323.0,141.0,2850.0,4720.0,3161.0,8762.0,7768.0,2568.0,1620.0,1866.0,2985.0,1137.0,772.0,1840.0,1271.0
2022-01-02,6579.0,4615.0,1803.0,2541.0,20526.0,135.0,3281.0,4894.0,3175.0,8780.0,7775.0,2760.0,1700.0,1932.0,3500.0,1130.0,759.0,1690.0,1308.0
2022-01-03,7009.0,4646.0,1119.0,2927.0,18471.0,147.0,3240.0,5382.0,3133.0,9452.0,7811.0,2992.0,1606.0,1983.0,3835.0,1017.0,607.0,1629.0,1093.0
2022-01-04,6900.0,4824.0,1069.0,2783.0,15607.0,179.0,2904.0,5309.0,3266.0,9615.0,7732.0,3270.0,1630.0,2141.0,3955.0,993.0,598.0,1603.0,1098.0
2022-01-05,7024.0,5119.0,1264.0,3101.0,14699.0,143.0,3036.0,4990.0,3076.0,9402.0,7366.0,3110.0,1537.0,2035.0,4896.0,1024.0,596.0,1588.0,1181.0
2022-01-06,7032.0,5119.0,1285.0,2590.0,14462.0,245.0,2690.0,4932.0,3217.0,9404.0,7486.0,3087.0,1631.0,1966.0,4396.0,1089.0,598.0,2015.0,1149.0
2022-01-07,6871.0,4963.0,1213.0,2363.0,15342.0,255.0,2708.0,4914.0,3165.0,9311.0,7351.0,3206.0,1618.0,1987.0,4081.0,1021.0,593.0,1694.0,1169.0
2022-01-08,6683.0,4599.0,1204.0,2364.0,16126.0,235.0,6271.0,4793.0,2957.0,8880.0,7722.0,2824.0,1719.0,2011.0,3799.0,1864.0,558.0,1570.0,1190.0
2022-01-09,7065.0,5283.0,1230.0,2535.0,17146.0,282.0,5839.0,4968.0,3082.0,10402.0,7798.0,2911.0,1773.0,2471.0,4186.0,1215.0,635.0,2233.0,1530.0
2022-01-10,7457.0,5432.0,1342.0,2586.0,16358.0,232.0,3049.0,5043.0,3200.0,10162.0,7849.0,3266.0,1802.0,2316.0,4351.0,1078.0,562.0,1927.0,1272.0
2022-01-11,7256.0,5388.0,1204.0,2687.0,15255.0,187.0,2914.0,5023.0,3244.0,10039.0,7455.0,3223.0,1842.0,2224.0,4525.0,1146.0,575.0,1761.0,1232.0
2022-01-12,7635.0,5099.0,1403.0,3014.0,17926.0,157.0,2918.0,4877.0,3172.0,9974.0,7378.0,3087.0,2039.0,2259.0,4547.0,1128.0,588.0,1717.0,1258.0
2022-01-13,7534.0,5005.0,1276.0,2816.0,16242.0,434.0,2759.0,4639.0,2998.0,10161.0,7353.0,3119.0,1809.0,2322.0,4276.0,962.0,494.0,1836.0,1186.0
2022-01-14,6879.0,4719.0,1256.0,2763.0,14311.0,217.0,2893.0,4513.0,3016.0,9143.0,7225.0,2747.0,1868.0,2117.0,4085.0,926.0,510.0,1557.0,1020.0
2022-01-15,6499.0,4432.0,1069.0,2495.0,16775.0,141.0,2907.0,4302.0,2972.0,8554.0,7304.0,2777.0,1716.0,2157.0,3778.0,829.0,478.0,1579.0,1204.0
2022-01-16,6844.0,4698.0,1339.0,2423.0,17869.0,184.0,3158.0,4597.0,3026.0,8942.0,7576.0,3109.0,1821.0,2047.0,4760.0,1133.0,615.0,1856.0,1179.0
2022-01-17,7059.0,5550.0,1280.0,2527.0,20223.0,170.0,2973.0,4922.0,3103.0,9994.0,7630.0,3270.0,1765.0,2230.0,4687.0,1435.0,583.0,1812.0,1201.0
2022-01-18,7165.0,5373.0,1136.0,2719.0,21203.0,178.0,2743.0,5026.0,3276.0,10185.0,7695.0,3182.0,1843.0,2336.0,4490.0,1046.0,528.0,1723.0,1181.0
2022-01-19,7076.0,5072.0,1124.0,2584.0,17816.0,152.0,2864.0,5097.0,3244.0,9756.0,7376.0,2926.0,1699.0,2278.0,4494.0,946.0,583.0,1625.0,1097.0
2022-01-20,7198.0,5108.0,1143.0,2478.0,17538.0,146.0,2612.0,5032.0,3168.0,9622.0,7380.0,2963.0,1829.0,2521.0,4471.0,1022.0,592.0,1755.0,1030.0
2022-01-21,7014.0,4923.0,1020.0,2417.0,15312.0,132.0,2508.0,5306.0,3126.0,9374.0,7416.0,3481.0,1530.0,2345.0,4331.0,888.0,539.0,1684.0,956.0
2022-01-22,6765.0,4792.0,1121.0,2448.0,17778.0,98.0,2975.0,4974.0,3059.0,8730.0,7217.0,2973.0,1636.0,2046.0,4036.0,848.0,562.0,1561.0,978.0
2022-01-23,6961.0,4855.0,1269.0,2663.0,21777.0,93.0,2730.0,4696.0,3426.0,9331.0,7778.0,2865.0,1785.0,2220.0,4305.0,1270.0,646.0,1799.0,1073.0
2022-01-24,7209.0,5339.0,1101.0,2581.0,22516.0,235.0,2734.0,4873.0,3345.0,9763.0,7515.0,3167.0,1738.0,2391.0,4899.0,872.0,566.0,1733.0,1065.0
2022-01-25,7309.0,5393.0,1087.0,2615.0,18499.0,90.0,2672.0,5202.0,3190.0,9706.0,7727.0,3404.0,1797.0,2599.0,5192.0,986.0,538.0,1728.0,1052.0
2022-01-26,7331.0,5888.0,1036.0,2474.0,18858.0,98.0,2497.0,5241.0,3266.0,10014.0,7647.0,3412.0,1830.0,2603.0,5463.0,896.0,529.0,1648.0,1019.0
2022-01-27,8556.0,6621.0,1227.0,2800.0,20155.0,105.0,3441.0,5362.0,3656.0,10720.0,7795.0,4035.0,2521.0,3128.0,5892.0,977.0,1240.0,1710.0,1063.0
2022-01-28,8487.0,6537.0,1195.0,2760.0,21897.0,150.0,2839.0,5430.0,3705.0,10819.0,8638.0,4176.0,3069.0,2711.0,6321.0,950.0,935.0,1706.0,1053.0
2022-01-29,7836.0,5404.0,1238.0,2741.0,20854.0,116.0,3424.0,5091.0,3236.0,9409.0,8149.0,3301.0,2318.0,2205.0,4986.0,1080.0,798.0,1663.0,1120.0
2022-01-30,7637.0,5393.0,1394.0,2770.0,22380.0,119.0,3250.0,4890.0,3630.0,10053.0,8241.0,3162.0,2602.0,2397.0,4911.0,1115.0,901.0,1866.0,1153.0
2022-01-31,8135.0,6170.0,1268.0,2901.0,25313.0,110.0,3120.0,5468.0,3592.0,10285.0,8217.0,3743.0,2625.0,2733.0,5866.0,972.0,700.0,1971.0,1130.0
2022-02-01,8189.0,6929.0,1210.0,2809.0,26284.0,88.0,3015.0,5647.0,3773.0,10625.0,8337.0,4641.0,2770.0,2926.0,6104.0,930.0,1525.0,1686.0,1043.0
2022-02-02,8767.0,6401.0,1307.0,3014.0,23213.0,115.0,5498.0,5352.0,4159.0,11107.0,8108.0,3868.0,2805.0,3290.0,6268.0,1288.0,906.0,1689.0,1087.0
2022-02-03,9400.0,6186.0,1178.0,3344.0,19738.0,172.0,5780.0,5479.0,4021.0,10708.0,7849.0,3596.0,2197.0,2867.0,5780.0,902.0,669.0,1750.0,1036.0
2022-02-04,8221.0,5920.0,1252.0,3034.0,19993.0,111.0,3165.0,5502.0,3422.0,9698.0,7876.0,3289.0,1977.0,2759.0,5407.0,981.0,572.0,1641.0,1014.0
2022-02-05,7630.0,5529.0,1329.0,2675.0,21874.0,103.0,3558.0,5210.0,3217.0,9180.0,7737.0,3060.0,1835.0,2371.0,4700.0,889.0,856.0,1438.0,883.0
2022-02-06,8115.0,6023.0,1372.0,2967.0,29951.0,109.0,3352.0,5093.0,3494.0,9726.0,8533.0,3199.0,2204.0,2617.0,5057.0,1118.0,750.0,1824.0,1139.0
2022-02-07,9544.0,6363.0,1487.0,3125.0,31488.0,130.0,3228.0,5382.0,3470.0,10398.0,8034.0,3604.0,2028.0,2835.0,5624.0,974.0,635.0,1662.0,1104.0
2022-02-08,8605.0,6248.0,1357.0,3028.0,21396.0,189.0,2663.0,4907.0,3264.0,9924.0,7564.0,3731.0,1967.0,3031.0,5994.0,1048.0,578.0,1642.0,1223.0
2022-02-09,8747.0,5860.0,1238.0,2871.0,19624.0,122.0,5626.0,4697.0,3153.0,9993.0,7725.0,3980.0,1898.0,2796.0,6062.0,850.0,506.0,1550.0,1237.0
2022-02-10,7706.0,6065.0,1141.0,2629.0,18410.0,144.0,3234.0,5210.0,3399.0,9689.0,7756.0,4023.0,1958.0,2868.0,5910.0,892.0,583.0,1530.0,1019.0
2022-02-11,7566.0,5836.0,1018.0,2654.0,19364.0,133.0,2682.0,4756.0,3267.0,9537.0,7181.0,3946.0,1886.0,2485.0,5179.0,810.0,578.0,1518.0,1027.0
2022-02-12,7281.0,5144.0,1318.0,2502.0,21935.0,175.0,2603.0,4408.0,3129.0,9469.0,6836.0,3424.0,1873.0,2389.0,4627.0,787.0,584.0,1510.0,924.0
2022-02-13,7438.0,5760.0,1282.0,2995.0,20817.0,147.0,2459.0,4455.0,4162.0,9590.0,7011.0,3211.0,1940.0,2505.0,5081.0,892.0,541.0,1614.0,1042.0
2022-02-14,7270.0,6082.0,1093.0,2810.0,18490.0,141.0,2156.0,4497.0,3215.0,9158.0,6920.0,3411.0,1781.0,2642.0,5543.0,869.0,524.0,1805.0,1035.0
2022-02-15,7675.0,6385.0,1155.0,2831.0,34868.0,272.0,2313.0,4772.0,3363.0,9996.0,7337.0,3739.0,2035.0,2700.0,6016.0,892.0,627.0,1564.0,1008.0
2022-02-16,7700.0,6202.0,1223.0,2891.0,29418.0,134.0,5102.0,5014.0,3592.0,10502.0,7560.0,3578.0,1991.0,3094.0,6554.0,943.0,672.0,1667.0,1081.0
2022-02-17,7771.0,6167.0,1005.0,2615.0,19684.0,148.0,2757.0,4928.0,3250.0,11037.0,7062.0,3456.0,1851.0,2767.0,5926.0,837.0,693.0,1621.0,1025.0
2022-02-18,7435.0,6039.0,1077.0,2738.0,16956.0,147.0,2261.0,4735.0,3402.0,10137.0,7358.0,3478.0,1930.0,2719.0,5560.0,936.0,654.0,1488.0,980.0
2022-02-19,7313.0,5213.0,1132.0,2634.0,18932.0,143.0,4414.0,4758.0,3352.0,9143.0,6656.0,3020.0,1760.0,2381.0,4824.0,786.0,474.0,1353.0,848.0
2022-02-20,7744.0,5669.0,1267.0,2829.0,22332.0,176.0,2494.0,5277.0,3548.0,10007.0,7105.0,3108.0,1984.0,2479.0,5186.0,1025.0,684.0,1841.0,1147.0
2022-02-21,7871.0,6573.0,1225.0,2846.0,18761.0,205.0,2314.0,5157.0,3624.0,10340.0,7238.0,3578.0,2084.0,2829.0,6200.0,979.0,807.0,1918.0,1031.0
2022-02-22,8071.0,6612.0,1124.0,2830.0,17258.0,164.0,2236.0,5036.0,3534.0,12238.0,7526.0,3636.0,1939.0,2808.0,6489.0,921.0,673.0,1845.0,1273.0
2022-02-23,7644.0,6386.0,1241.0,2722.0,17443.0,147.0,2282.0,4834.0,3581.0,10703.0,7386.0,3740.0,2136.0,2900.0,6217.0,903.0,525.0,1691.0,1130.0
2022-02-24,7717.0,8518.0,1158.0,2443.0,13623.0,113.0,1996.0,4950.0,3723.0,10771.0,7204.0,5269.0,2299.0,3292.0,9490.0,885.0,650.0,1796.0,948.0
2022-02-25,7259.0,8016.0,1076.0,2392.0,12311.0,126.0,2189.0,4544.0,3497.0,10385.0,6914.0,5007.0,2111.0,5149.0,9046.0,876.0,690.0,1567.0,814.0
2022-02-26,6977.0,6804.0,1065.0,2305.0,18698.0,104.0,2399.0,4342.0,3235.0,9778.0,6170.0,4112.0,1935.0,4329.0,6658.0,774.0,799.0,1525.0,777.0
2022-02-27,7448.0,6960.0,1077.0,5058.0,20487.0,98.0,2533.0,4561.0,3298.0,10145.0,6597.0,4010.0,1994.0,4293.0,6477.0,888.0,725.0,1705.0,883.0
2022-02-28,7617.0,7655.0,1041.0,2951.0,16014.0,103.0,2811.0,4965.0,3485.0,11756.0,7044.0,4098.0,2104.0,4795.0,7698.0,900.0,676.0,1655.0,846.0
2022-03-01,7700.0,7368.0,1062.0,2556.0,14021.0,85.0,5795.0,5327.0,3667.0,10903.0,6548.0,4043.0,2093.0,3188.0,7367.0,948.0,711.0,1498.0,856.0
2022-03-02,8285.0,7772.0,1067.0,2505.0,14397.0,120.0,3421.0,5262.0,6144.0,10901.0,6561.0,4063.0,1964.0,3074.0,7139.0,905.0,741.0,1624.0,880.0
2022-03-03,7628.0,8137.0,1074.0,2306.0,14289.0,94.0,2572.0,5441.0,4207.0,10835.0,6720.0,4067.0,1882.0,3281.0,7678.0,896.0,682.0,1588.0,820.0
2022-03-04,7274.0,6374.0,1165.0,2308.0,13247.0,131.0,2393.0,5010.0,3574.0,9845.0,6039.0,3601.0,1794.0,2854.0,6098.0,825.0,1058.0,1526.0,803.0
2022-03-05,6465.0,4848.0,961.0,2194.0,15062.0,107.0,2286.0,4468.0,3168.0,8788.0,5459.0,2858.0,1569.0,2286.0,4528.0,894.0,718.0,1391.0,706.0
2022-03-06,6738.0,5277.0,1206.0,2344.0,17912.0,131.0,2701.0,4792.0,3427.0,9440.0,6043.0,3084.0,1706.0,2423.0,5173.0,1128.0,858.0,1733.0,947.0
2022-03-07,7317.0,5945.0,1170.0,2367.0,15441.0,106.0,2127.0,5148.0,3803.0,9957.0,6558.0,3325.0,1766.0,2692.0,6048.0,940.0,693.0,1697.0,933.0
2022-03-08,7022.0,5440.0,1077.0,2247.0,16826.0,89.0,1991.0,5143.0,3681.0,9733.0,6387.0,3199.0,1771.0,2653.0,5448.0,786.0,642.0,1618.0,889.0
2022-03-09,7445.0,5637.0,1066.0,2538.0,35116.0,96.0,2014.0,5187.0,3653.0,9541.0,6380.0,3156.0,1856.0,2527.0,5187.0,903.0,652.0,1672.0,955.0
2022-03-10,7087.0,5527.0,992.0,2355.0,31665.0,141.0,2107.0,5242.0,3368.0,9443.0,6463.0,3280.0,1828.0,2604.0,5978.0,951.0,621.0,1470.0,1024.0
2022-03-11,7077.0,6454.0,1009.0,2376.0,17996.0,133.0,2061.0,7667.0,3399.0,9306.0,7339.0,8773.0,1950.0,2509.0,5370.0,1351.0,583.0,1502.0,843.0
2022-03-12,6818.0,5748.0,1061.0,2434.0,34696.0,98.0,2120.0,7855.0,3513.0,9152.0,6777.0,5964.0,1653.0,2178.0,4427.0,2498.0,693.0,1655.0,804.0
2022-03-13,6983.0,6099.0,1144.0,2471.0,48840.0,102.0,2696.0,6297.0,3629.0,10971.0,7083.0,4770.0,1742.0,2523.0,5942.0,1832.0,940.0,1699.0,1125.0
2022-03-14,7952.0,7398.0,1128.0,2655.0,30339.0,122.0,2683.0,5734.0,3638.0,9929.0,7473.0,4323.0,2200.0,2882.0,7201.0,1348.0,1029.0,1671.0,1149.0
2022-03-15,7489.0,7430.0,1051.0,2564.0,24560.0,167.0,2293.0,5399.0,3575.0,9864.0,6812.0,4196.0,2196.0,2845.0,6270.0,957.0,649.0,1663.0,976.0
2022-03-16,7067.0,7247.0,1093.0,2630.0,18770.0,146.0,2349.0,5471.0,3566.0,9754.0,6728.0,3949.0,2124.0,2931.0,6060.0,925.0,612.0,1691.0,1035.0
2022-03-17,7338.0,6990.0,1192.0,2582.0,16904.0,149.0,2153.0,5231.0,3571.0,9660.0,6596.0,3887.0,2290.0,2980.0,6499.0,892.0,613.0,1622.0,1038.0
2022-03-18,7758.0,6886.0,1040.0,2448.0,16033.0,130.0,6256.0,5518.0,3342.0,9214.0,6114.0,3454.0,2070.0,2600.0,5267.0,1005.0,634.0,1550.0,794.0
2022-03-19,6441.0,5699.0,918.0,2250.0,16873.0,136.0,4056.0,4757.0,3264.0,9074.0,5547.0,3087.0,2023.0,2213.0,4540.0,908.0,570.0,1534.0,910.0
2022-03-20,7397.0,6223.0,1111.0,2748.0,24019.0,133.0,27213.0,5200.0,3858.0,9348.0,6534.0,3349.0,2118.0,2570.0,4791.0,1066.0,656.0,1661.0,978.0
2022-03-21,7477.0,8066.0,1041.0,2982.0,19093.0,126.0,6406.0,5141.0,3437.0,10076.0,6808.0,3829.0,2390.0,2955.0,6208.0,1324.0,613.0,1575.0,879.0
2022-03-22,7747.0,8093.0,943.0,2647.0,17319.0,161.0,4051.0,4979.0,3736.0,10657.0,6342.0,3977.0,2483.0,2975.0,6756.0,952.0,582.0,1711.0,929.0
2022-03-23,8064.0,7551.0,1132.0,2805.0,15299.0,207.0,3600.0,5126.0,3689.0,10279.0,6642.0,11254.0,2602.0,3057.0,6495.0,982.0,560.0,1646.0,1528.0
2022-03-24,7860.0,7543.0,1093.0,2574.0,16245.0,161.0,3216.0,5203.0,4001.0,10664.0,6571.0,6032.0,3824.0,3403.0,7532.0,839.0,599.0,1674.0,891.0
2022-03-25,9149.0,8650.0,1021.0,2522.0,16574.0,133.0,3863.0,5120.0,4908.0,10978.0,6662.0,3967.0,3751.0,3582.0,6728.0,838.0,706.0,1576.0,909.0
2022-03-26,10200.0,6989.0,1124.0,2688.0,31227.0,158.0,3587.0,5507.0,4052.0,9358.0,10829.0,3136.0,2248.0,2598.0,5603.0,943.0,590.0,1396.0,997.0
2022-03-27,8397.0,6598.0,1020.0,2581.0,17648.0,160.0,7270.0,5327.0,3853.0,9399.0,6888.0,3449.0,2300.0,2663.0,5565.0,862.0,635.0,1537.0,978.0
2022-03-28,8175.0,7702.0,1133.0,2671.0,16052.0,142.0,3462.0,5203.0,4017.0,10209.0,6872.0,3734.0,2831.0,3026.0,6464.0,872.0,582.0,1599.0,956.0
2022-03-29,8630.0,8867.0,1116.0,2874.0,19325.0,136.0,2951.0,5144.0,3873.0,10461.0,7933.0,4073.0,3344.0,3388.0,7505.0,877.0,692.0,1722.0,1323.0
2022-03-30,9192.0,8655.0,1197.0,2829.0,20506.0,124.0,2962.0,5077.0,4171.0,10916.0,7137.0,4369.0,3447.0,3571.0,7500.0,867.0,740.0,1774.0,1149.0
2022-03-31,8139.0,7910.0,1097.0,2798.0,16551.0,180.0,3133.0,5122.0,3945.0,10362.0,7171.0,3924.0,2689.0,3353.0,6812.0,863.0,586.0,1886.0,1005.0
2022-04-01,8335.0,7224.0,1124.0,2730.0,17083.0,100.0,3060.0,4986.0,4265.0,10025.0,6089.0,3607.0,2506.0,2990.0,5604.0,829.0,725.0,1831.0,945.0
2022-04-02,9643.0,6544.0,1604.0,2678.0,16406.0,174.0,3006.0,4705.0,4083.0,9217.0,5847.0,3252.0,2062.0,2285.0,4639.0,1116.0,719.0,1727.0,905.0
2022-04-03,9155.0,7565.0,1668.0,2875.0,22301.0,127.0,3365.0,5111.0,3827.0,9310.0,6145.0,3714.0,2286.0,2709.0,5277.0,962.0,662.0,1902.0,971.0
2022-04-04,9144.0,8334.0,1237.0,2925.0,23266.0,167.0,3050.0,5368.0,3809.0,9796.0,6977.0,4140.0,2727.0,3284.0,6494.0,854.0,665.0,1800.0,1074.0
2022-04-05,8380.0,7941.0,1136.0,2931.0,17727.0,212.0,2782.0,5208.0,3839.0,10245.0,7101.0,4193.0,2555.0,3299.0,6757.0,884.0,633.0,1657.0,929.0
2022-04-06,8128.0,7525.0,1264.0,2789.0,18351.0,170.0,2776.0,5134.0,3875.0,9676.0,6595.0,3754.0,2410.0,3185.0,6413.0,849.0,673.0,1550.0,870.0
2022-04-07,8062.0,7526.0,1075.0,2645.0,18223.0,171.0,2711.0,5334.0,3890.0,9784.0,6528.0,4125.0,2380.0,3343.0,6096.0,771.0,639.0,1583.0,873.0
2022-04-08,7629.0,6728.0,1365.0,2755.0,15419.0,247.0,2631.0,5141.0,3792.0,9337.0,6360.0,3510.0,2055.0,3003.0,5005.0,728.0,583.0,1508.0,860.0
2022-04-09,7344.0,5577.0,1164.0,2341.0,20638.0,194.0,2779.0,4481.0,3656.0,8713.0,6342.0,2967.0,1797.0,2369.0,4203.0,980.0,522.0,1284.0,904.0
2022-04-10,7463.0,6305.0,1476.0,2607.0,23357.0,246.0,2917.0,4660.0,3431.0,9696.0,5969.0,3124.0,1991.0,2466.0,4089.0,3565.0,605.0,1848.0,922.0
2022-04-11,8261.0,8342.0,1123.0,2759.0,17793.0,260.0,3076.0,5253.0,3753.0,10194.0,6492.0,3626.0,2112.0,2877.0,5181.0,1449.0,479.0,1465.0,872.0
2022-04-12,7740.0,8219.0,978.0,2618.0,17564.0,251.0,2579.0,5996.0,3538.0,9710.0,6240.0,3437.0,2104.0,2774.0,4768.0,996.0,607.0,1336.0,837.0
2022-04-13,7288.0,7532.0,951.0,2556.0,17177.0,267.0,3112.0,5250.0,3615.0,9542.0,6217.0,3284.0,1962.0,2516.0,4577.0,825.0,588.0,1321.0,759.0
2022-04-14,7255.0,6652.0,880.0,2555.0,19454.0,196.0,3503.0,4994.0,3258.0,9332.0,6778.0,3034.0,1889.0,2303.0,4565.0,903.0,599.0,1435.0,928.0
2022-04-15,7084.0,6396.0,1072.0,2519.0,15144.0,155.0,3961.0,4782.0,3380.0,8698.0,5608.0,2966.0,1752.0,2274.0,4562.0,906.0,523.0,1577.0,977.0
2022-04-16,6707.0,5867.0,956.0,2535.0,23838.0,184.0,4419.0,4620.0,3301.0,8695.0,5374.0,3119.0,1874.0,2250.0,4321.0,1126.0,514.0,1236.0,857.0
2022-04-17,7209.0,6063.0,1045.0,2608.0,29103.0,184.0,4778.0,5241.0,3371.0,9148.0,5973.0,3257.0,2079.0,2427.0,4811.0,1053.0,556.0,1382.0,793.0
2022-04-18,7506.0,7510.0,1055.0,2893.0,27280.0,973.0,4287.0,5124.0,3701.0,9892.0,6401.0,3815.0,2443.0,2965.0,5745.0,934.0,598.0,2778.0,841.0
2022-04-19,7506.0,7778.0,967.0,2691.0,25274.0,854.0,3439.0,5090.0,3373.0,9810.0,6277.0,3932.0,2693.0,2989.0,5909.0,806.0,1059.0,1773.0,851.0
2022-04-20,7347.0,7595.0,1022.0,2599.0,20728.0,346.0,3104.0,4920.0,3670.0,9641.0,6601.0,3868.0,2575.0,2997.0,6089.0,797.0,599.0,1514.0,895.0
2022-04-21,7219.0,7429.0,989.0,2579.0,18531.0,246.0,2890.0,4842.0,3353.0,9746.0,6121.0,3754.0,2230.0,2929.0,5719.0,716.0,485.0,1545.0,786.0
2022-04-22,7236.0,6863.0,904.0,2487.0,16919.0,245.0,2926.0,4575.0,3601.0,9680.0,6346.0,3204.0,2266.0,2738.0,5269.0,720.0,547.0,1346.0,889.0
2022-04-23,6693.0,5932.0,953.0,2401.0,32675.0,268.0,3443.0,4922.0,4272.0,8919.0,5475.0,3308.0,1904.0,2258.0,4578.0,830.0,596.0,1360.0,860.0
2022-04-24,7706.0,6664.0,1126.0,2659.0,38715.0,306.0,4032.0,4936.0,14401.0,9559.0,5931.0,3576.0,2783.0,2612.0,5155.0,925.0,829.0,1655.0,998.0
2022-04-25,8047.0,7877.0,1101.0,2799.0,24624.0,312.0,3384.0,5276.0,5696.0,9999.0,6771.0,3995.0,2561.0,3221.0,6358.0,958.0,2186.0,1729.0,964.0
2022-04-26,7580.0,8628.0,1012.0,2768.0,22459.0,355.0,3013.0,4953.0,3992.0,9952.0,6340.0,4119.0,2535.0,3329.0,6689.0,872.0,707.0,1652.0,961.0
2022-04-27,7632.0,7940.0,1104.0,2766.0,21113.0,301.0,3153.0,4876.0,3841.0,9917.0,6318.0,3819.0,2299.0,3275.0,6377.0,758.0,672.0,1467.0,992.0
2022-04-28,7564.0,7790.0,977.0,2592.0,20667.0,280.0,2930.0,4904.0,3537.0,10042.0,6280.0,3907.0,2303.0,3139.0,6146.0,838.0,632.0,1461.0,975.0
2022-04-29,6887.0,6778.0,868.0,2378.0,22334.0,275.0,2976.0,4635.0,3510.0,8952.0,6940.0,3202.0,2106.0,2722.0,5415.0,733.0,590.0,1466.0,892.0
2022-04-30,6503.0,5811.0,839.0,2276.0,20652.0,258.0,3929.0,4214.0,3148.0,8435.0,14001.0,3000.0,1800.0,2323.0,5102.0,644.0,516.0,1307.0,879.0
2022-05-01,6688.0,6801.0,936.0,2442.0,20066.0,266.0,3609.0,4220.0,3302.0,9056.0,6921.0,3100.0,2022.0,2582.0,4676.0,789.0,578.0,1434.0,935.0
2022-05-02,8521.0,8082.0,1032.0,2888.0,20623.0,355.0,4256.0,4823.0,3660.0,9581.0,6288.0,4000.0,2161.0,3330.0,5803.0,785.0,539.0,1486.0,881.0
2022-05-03,7395.0,7703.0,985.0,2611.0,21109.0,257.0,2802.0,4689.0,3621.0,9506.0,6408.0,3859.0,2124.0,3415.0,6334.0,837.0,635.0,1412.0,892.0
2022-05-04,7557.0,7443.0,998.0,2630.0,22327.0,216.0,2481.0,4916.0,3727.0,9929.0,6135.0,3893.0,2325.0,3394.0,6091.0,719.0,591.0,1514.0,901.0
2022-05-05,7119.0,7262.0,1021.0,2614.0,20470.0,176.0,2494.0,4901.0,3472.0,9818.0,6266.0,3552.0,2150.0,3131.0,5672.0,835.0,603.0,1611.0,969.0
2022-05-06,6753.0,6518.0,921.0,2483.0,17290.0,199.0,2665.0,4680.0,3338.0,9155.0,5871.0,3567.0,1891.0,2837.0,5389.0,754.0,550.0,1455.0,915.0
2022-05-07,6347.0,5340.0,843.0,2268.0,17944.0,158.0,2707.0,4157.0,3316.0,8657.0,5680.0,3061.0,1591.0,2389.0,4560.0,649.0,513.0,1299.0,708.0
2022-05-08,6623.0,6128.0,918.0,2362.0,19054.0,203.0,3032.0,4392.0,3451.0,9269.0,5618.0,3135.0,1891.0,2819.0,4632.0,819.0,620.0,1440.0,806.0
2022-05-09,7354.0,7767.0,990.0,2588.0,18093.0,299.0,2936.0,4781.0,3559.0,10015.0,6155.0,4082.0,2271.0,2993.0,5911.0,796.0,493.0,1558.0,828.0
2022-05-10,7558.0,7878.0,897.0,2620.0,18535.0,491.0,2564.0,4960.0,3550.0,9862.0,6197.0,3823.0,2099.0,3044.0,6330.0,827.0,529.0,1429.0,873.0
2022-05-11,7197.0,7923.0,1254.0,2520.0,17554.0,348.0,2676.0,4801.0,3683.0,10051.0,6381.0,3821.0,2270.0,3122.0,5816.0,835.0,526.0,1397.0,843.0
2022-05-12,6929.0,7540.0,1203.0,2481.0,18795.0,352.0,2620.0,4703.0,3408.0,9657.0,6033.0,4122.0,2240.0,3115.0,5803.0,922.0,3111.0,1604.0,901.0
2022-05-13,6586.0,6824.0,906.0,2480.0,17484.0,202.0,2477.0,4683.0,3327.0,9373.0,5730.0,3521.0,2063.0,2665.0,5118.0,1063.0,798.0,1361.0,808.0
2022-05-14,6129.0,5597.0,868.0,2357.0,26668.0,215.0,2508.0,4467.0,3071.0,8594.0,5373.0,3149.0,1894.0,2274.0,4453.0,732.0,745.0,1111.0,705.0
2022-05-15,7069.0,6191.0,893.0,2533.0,33302.0,429.0,2703.0,4992.0,3184.0,9200.0,5933.0,3390.0,1895.0,2447.0,4739.0,698.0,582.0,1208.0,760.0
2022-05-16,7618.0,7777.0,1020.0,2614.0,24030.0,235.0,2669.0,5586.0,3541.0,9945.0,6287.0,4178.0,2231.0,3108.0,6482.0,827.0,523.0,1513.0,880.0
2022-05-17,7401.0,7384.0,990.0,2626.0,26735.0,409.0,2465.0,5085.0,3485.0,9755.0,6483.0,3948.0,2337.0,3820.0,6519.0,808.0,531.0,1477.0,838.0
2022-05-18,7195.0,9205.0,984.0,2464.0,22626.0,232.0,2317.0,4848.0,3630.0,10003.0,6252.0,4107.0,2555.0,3254.0,6290.0,759.0,478.0,1601.0,997.0
2022-05-19,7629.0,9350.0,825.0,2428.0,18132.0,265.0,2205.0,4736.0,3397.0,9943.0,6561.0,3928.0,2357.0,3110.0,6106.0,705.0,465.0,1537.0,1016.0
2022-05-20,7257.0,10017.0,835.0,2426.0,17106.0,186.0,2328.0,4643.0,3237.0,8798.0,6076.0,3676.0,2119.0,2768.0,5664.0,773.0,469.0,1377.0,908.0
2022-05-21,7126.0,6532.0,840.0,2166.0,24309.0,193.0,2394.0,5339.0,3122.0,8533.0,5205.0,2943.0,1855.0,2297.0,4388.0,666.0,712.0,1247.0,715.0
2022-05-22,14476.0,7355.0,1108.0,2503.0,30262.0,185.0,5115.0,7770.0,3170.0,9276.0,5548.0,3631.0,2043.0,2703.0,5104.0,836.0,1263.0,1481.0,810.0
2022-05-23,8869.0,8031.0,976.0,2512.0,23664.0,205.0,2947.0,5197.0,3630.0,10397.0,6518.0,4227.0,2375.0,3055.0,6148.0,736.0,612.0,1500.0,911.0
2022-05-24,7469.0,7375.0,1013.0,2348.0,20366.0,188.0,2391.0,4835.0,3391.0,10324.0,6329.0,4106.0,2167.0,3066.0,6272.0,754.0,530.0,1510.0,1160.0
2022-05-25,8155.0,8525.0,1001.0,3075.0,19396.0,195.0,2307.0,4993.0,3528.0,10265.0,6667.0,3906.0,2315.0,3160.0,6160.0,673.0,557.0,1415.0,954.0
2022-05-26,7667.0,8624.0,1148.0,2526.0,17703.0,138.0,2538.0,4783.0,4332.0,9814.0,6804.0,3841.0,2416.0,3147.0,6331.0,823.0,567.0,1395.0,1132.0
2022-05-27,6964.0,6886.0,916.0,2291.0,17034.0,179.0,2413.0,4457.0,3724.0,8983.0,6727.0,3472.0,2006.0,2814.0,5592.0,720.0,531.0,1312.0,1146.0
2022-05-28,6463.0,6023.0,1082.0,2173.0,32261.0,190.0,3093.0,4170.0,3663.0,8859.0,6204.0,3195.0,1964.0,2402.0,5191.0,776.0,798.0,1438.0,1352.0
2022-05-29,7089.0,6569.0,1132.0,2361.0,27606.0,198.0,2743.0,4354.0,3341.0,9618.0,7708.0,3810.0,2154.0,2765.0,8983.0,1018.0,622.0,1782.0,2040.0
2022-05-30,7200.0,7730.0,1113.0,2421.0,22058.0,293.0,2821.0,4522.0,3730.0,9724.0,8439.0,4987.0,2453.0,3195.0,10076.0,789.0,603.0,1784.0,1989.0
2022-05-31,8356.0,7984.0,938.0,2502.0,22307.0,225.0,2746.0,4719.0,4126.0,9891.0,7313.0,4354.0,2516.0,3347.0,7878.0,824.0,618.0,1677.0,1373.0
2022-06-01,13021.0,10155.0,1411.0,2313.0,48180.0,183.0,2488.0,4548.0,3844.0,9991.0,6505.0,4306.0,2369.0,3583.0,7083.0,761.0,673.0,1592.0,1152.0
2022-06-02,10899.0,7917.0,1144.0,2415.0,62152.0,167.0,2990.0,4460.0,3695.0,11164.0,6106.0,3965.0,2543.0,3425.0,7070.0,743.0,584.0,1535.0,890.0
2022-06-03,7798.0,6979.0,885.0,2087.0,26668.0,205.0,2450.0,4233.0,4937.0,9880.0,5961.0,3444.0,4882.0,2937.0,5997.0,660.0,544.0,1360.0,786.0
2022-06-04,7273.0,5966.0,976.0,2050.0,22588.0,265.0,2465.0,4067.0,3500.0,8815.0,6095.0,3040.0,2201.0,2335.0,4922.0,579.0,468.0,1204.0,776.0
2022-06-05,11371.0,9397.0,1319.0,2338.0,83982.0,318.0,5402.0,4260.0,6214.0,9394.0,6202.0,3582.0,2940.0,2578.0,5689.0,787.0,656.0,1542.0,912.0
2022-06-06,10157.0,8393.0,1316.0,2668.0,86203.0,229.0,3876.0,4961.0,4661.0,10801.0,6365.0,4240.0,2424.0,3394.0,6186.0,795.0,613.0,1452.0,1101.0
2022-06-07,8421.0,7939.0,1150.0,2738.0,28943.0,190.0,2617.0,4967.0,3949.0,10049.0,6125.0,4246.0,2378.0,3147.0,6471.0,815.0,584.0,1513.0,995.0
2022-06-08,8117.0,7634.0,988.0,2394.0,22982.0,154.0,2547.0,4501.0,3908.0,10269.0,6300.0,4291.0,2228.0,3189.0,5895.0,755.0,581.0,1455.0,897.0
2022-06-09,7632.0,7453.0,1043.0,2244.0,21819.0,169.0,2623.0,4509.0,3987.0,10062.0,5986.0,4009.0,2245.0,2963.0,6104.0,846.0,601.0,1593.0,981.0
2022-06-10,7407.0,6903.0,938.0,2155.0,20045.0,196.0,2473.0,4433.0,4131.0,10406.0,6038.0,4379.0,2013.0,2544.0,5404.0,648.0,526.0,1395.0,846.0
2022-06-11,7067.0,5714.0,815.0,2146.0,18562.0,240.0,2544.0,4145.0,3821.0,9848.0,5735.0,2977.0,2289.0,2286.0,4455.0,582.0,556.0,1252.0,744.0
2022-06-12,7629.0,6606.0,1014.0,2558.0,19431.0,213.0,4117.0,4662.0,4085.0,9653.0,6073.0,3569.0,2340.0,2634.0,5046.0,727.0,650.0,1453.0,887.0
2022-06-13,8442.0,7619.0,1052.0,2556.0,20454.0,311.0,3842.0,5065.0,4241.0,10280.0,6394.0,4013.0,2448.0,3098.0,6148.0,871.0,700.0,1751.0,869.0
2022-06-14,7888.0,7735.0,1100.0,2516.0,18493.0,192.0,2905.0,4832.0,4900.0,9657.0,5928.0,3960.0,2383.0,3096.0,5870.0,869.0,778.0,1718.0,976.0
2022-06-15,7631.0,7508.0,972.0,2319.0,17891.0,234.0,2566.0,4493.0,4721.0,9816.0,5842.0,3782.0,2332.0,3036.0,5541.0,803.0,696.0,1376.0,890.0
2022-06-16,7296.0,7013.0,1026.0,2266.0,18192.0,174.0,2479.0,4276.0,3846.0,10522.0,5979.0,3844.0,2383.0,2733.0,5500.0,771.0,615.0,1458.0,860.0
2022-06-17,6978.0,5933.0,865.0,2227.0,16703.0,190.0,2683.0,3972.0,3540.0,10705.0,5869.0,3539.0,2255.0,2414.0,5213.0,686.0,538.0,1332.0,800.0
2022-06-18,6987.0,5438.0,854.0,2138.0,16042.0,331.0,2598.0,3900.0,3325.0,8737.0,5472.0,2998.0,2054.0,2097.0,4569.0,611.0,488.0,1242.0,750.0
2022-06-19,7222.0,6034.0,1027.0,2273.0,17096.0,295.0,3689.0,4306.0,3895.0,9056.0,9259.0,3184.0,2338.0,2255.0,10494.0,743.0,629.0,1665.0,1370.0
2022-06-20,8266.0,7820.0,1250.0,2383.0,17225.0,376.0,5174.0,5169.0,4183.0,10175.0,21075.0,4053.0,2977.0,3110.0,14436.0,896.0,589.0,1752.0,4427.0
2022-06-21,7607.0,8174.0,1053.0,2444.0,17861.0,309.0,4412.0,4805.0,3740.0,9879.0,13161.0,3947.0,2597.0,2978.0,8365.0,733.0,608.0,1486.0,1863.0
2022-06-22,7323.0,7271.0,1067.0,2332.0,16964.0,270.0,3503.0,4443.0,3481.0,9743.0,9547.0,3968.0,2358.0,2840.0,6735.0,681.0,699.0,1584.0,1108.0
2022-06-23,7354.0,6749.0,935.0,2396.0,24916.0,255.0,3772.0,4443.0,3339.0,9682.0,7394.0,3697.0,2248.0,2756.0,5845.0,644.0,525.0,1529.0,960.0
2022-06-24,7359.0,6319.0,1071.0,2254.0,44247.0,168.0,5768.0,4142.0,3424.0,9244.0,6921.0,3433.0,2188.0,2702.0,5313.0,732.0,516.0,1517.0,928.0
2022-06-25,6989.0,5850.0,860.0,2236.0,22985.0,177.0,4793.0,4001.0,3269.0,8380.0,6489.0,2811.0,1938.0,2154.0,4762.0,677.0,435.0,1253.0,859.0
2022-06-26,7459.0,6064.0,1265.0,2184.0,19404.0,227.0,4307.0,4301.0,3623.0,9114.0,6989.0,3232.0,1902.0,2281.0,4795.0,843.0,569.0,1689.0,888.0
2022-06-27,7821.0,7481.0,1926.0,2668.0,17112.0,206.0,5922.0,4330.0,3802.0,9781.0,7760.0,3855.0,2396.0,2833.0,5332.0,828.0,638.0,1719.0,955.0
2022-06-28,8613.0,7216.0,1599.0,2813.0,17185.0,192.0,5119.0,4512.0,3873.0,11112.0,6560.0,3775.0,2333.0,2973.0,5331.0,748.0,529.0,1765.0,889.0
2022-06-29,7623.0,6740.0,1260.0,2340.0,17378.0,211.0,5634.0,4658.0,3501.0,11363.0,6249.0,3575.0,2233.0,2728.0,5410.0,752.0,532.0,1653.0,1043.0
2022-06-30,7897.0,7192.0,1136.0,2295.0,15750.0,225.0,5028.0,4234.0,3505.0,11745.0,5995.0,3476.0,2119.0,2550.0,5104.0,677.0,576.0,1407.0,775.0
2022-07-01,6945.0,6191.0,942.0,2227.0,14277.0,165.0,5112.0,3955.0,3250.0,12303.0,5658.0,3228.0,1912.0,2529.0,4339.0,642.0,465.0,1389.0,808.0
2022-07-02,6987.0,5712.0,1025.0,2124.0,15674.0,139.0,5007.0,4036.0,3131.0,8906.0,5228.0,3010.0,1798.0,2322.0,3969.0,638.0,420.0,1416.0,937.0
2022-07-03,7801.0,6204.0,1313.0,2383.0,15603.0,308.0,5840.0,4317.0,3190.0,9584.0,5594.0,3016.0,1878.0,2305.0,4177.0,753.0,1458.0,1346.0,859.0
2022-07-04,7640.0,7628.0,1162.0,2419.0,15908.0,344.0,7979.0,4934.0,3515.0,9611.0,5889.0,4127.0,2181.0,2577.0,4604.0,719.0,747.0,1469.0,822.0
2022-07-05,7311.0,7098.0,1167.0,2351.0,16457.0,288.0,7963.0,4419.0,3547.0,9303.0,5773.0,3606.0,2205.0,2495.0,4983.0,823.0,621.0,1464.0,797.0
2022-07-06,7346.0,6724.0,859.0,2472.0,15635.0,254.0,7049.0,4848.0,3600.0,10030.0,5719.0,3520.0,2006.0,2814.0,4855.0,656.0,568.0,1318.0,789.0
2022-07-07,7309.0,6987.0,1044.0,2535.0,15119.0,232.0,8943.0,4295.0,3470.0,14331.0,5647.0,3768.0,2191.0,2805.0,4965.0,667.0,497.0,1466.0,822.0
2022-07-08,7271.0,6148.0,940.0,2349.0,14746.0,184.0,17988.0,4165.0,3228.0,9519.0,5427.0,3073.0,2020.0,2704.0,5058.0,626.0,647.0,1380.0,723.0
2022-07-09,7771.0,6704.0,923.0,2386.0,14581.0,242.0,27682.0,4003.0,3299.0,8778.0,5396.0,3057.0,2068.0,2229.0,4825.0,634.0,541.0,1226.0,790.0
2022-07-10,7946.0,7072.0,1122.0,2492.0,14561.0,245.0,26898.0,4560.0,3511.0,9029.0,5824.0,3279.0,2364.0,2526.0,4870.0,726.0,739.0,1386.0,853.0
2022-07-11,7949.0,7239.0,1030.0,2530.0,15138.0,230.0,57475.0,5249.0,3612.0,9572.0,6272.0,3558.0,2151.0,2679.0,5520.0,834.0,674.0,1381.0,796.0
2022-07-12,7129.0,7195.0,1086.0,2265.0,14867.0,213.0,12208.0,4977.0,3699.0,9289.0,6219.0,3319.0,2076.0,2673.0,5902.0,678.0,844.0,1291.0,743.0
2022-07-13,7090.0,6520.0,1188.0,2214.0,14655.0,245.0,10379.0,4713.0,3353.0,9468.0,6006.0,3587.0,2091.0,2700.0,6086.0,684.0,874.0,1286.0,811.0
2022-07-14,7005.0,6419.0,868.0,2228.0,16636.0,207.0,6496.0,4410.0,3506.0,9309.0,6298.0,3483.0,2200.0,2640.0,5751.0,641.0,559.0,1401.0,758.0
2022-07-15,7227.0,6267.0,953.0,2140.0,16454.0,248.0,6158.0,4287.0,3482.0,8932.0,6179.0,3444.0,1976.0,2314.0,5640.0,696.0,525.0,1198.0,711.0
2022-07-16,7320.0,5880.0,888.0,2186.0,18189.0,221.0,8384.0,4203.0,3569.0,8892.0,5907.0,2924.0,1988.0,2225.0,4782.0,625.0,502.0,1309.0,797.0
2022-07-17,7885.0,8764.0,1026.0,2469.0,17226.0,210.0,18385.0,4750.0,4047.0,9110.0,5980.0,3025.0,2300.0,2244.0,5329.0,971.0,1076.0,1346.0,757.0
2022-07-18,7653.0,7193.0,850.0,2330.0,18327.0,236.0,27992.0,4923.0,4004.0,9827.0,6259.0,3259.0,2365.0,2468.0,6323.0,753.0,557.0,1330.0,699.0
2022-07-19,6888.0,6594.0,866.0,2379.0,16842.0,233.0,9334.0,4745.0,3946.0,9401.0,6059.0,3432.0,2550.0,2482.0,5900.0,652.0,449.0,1343.0,797.0
2022-07-20,7159.0,5959.0,848.0,2386.0,19488.0,205.0,6901.0,4736.0,3473.0,9811.0,7119.0,3282.0,2353.0,2329.0,7765.0,620.0,552.0,1202.0,929.0
2022-07-21,7262.0,6148.0,827.0,2448.0,18235.0,289.0,8027.0,4559.0,3480.0,9257.0,6564.0,3377.0,2471.0,2494.0,7253.0,685.0,571.0,1287.0,839.0
2022-07-22,6847.0,6435.0,872.0,2395.0,16255.0,331.0,8172.0,4281.0,3696.0,9291.0,5904.0,3292.0,2380.0,2471.0,5617.0,668.0,983.0,1386.0,700.0
2022-07-23,7361.0,5488.0,840.0,2236.0,18009.0,321.0,14236.0,3993.0,3569.0,8820.0,5843.0,3052.0,2041.0,2268.0,4664.0,588.0,825.0,1140.0,668.0
2022-07-24,7189.0,6041.0,903.0,2521.0,21433.0,345.0,26442.0,4538.0,3552.0,9324.0,6252.0,3115.0,2086.0,2345.0,4979.0,781.0,834.0,1459.0,779.0
2022-07-25,7633.0,6696.0,932.0,2783.0,21926.0,396.0,23201.0,4671.0,3454.0,9725.0,6230.0,3432.0,2362.0,2612.0,6110.0,687.0,723.0,1461.0,824.0
2022-07-26,7674.0,7073.0,1038.0,2618.0,19394.0,400.0,8746.0,4198.0,3614.0,9688.0,6164.0,3582.0,2315.0,2582.0,6604.0,772.0,719.0,1213.0,785.0
2022-07-27,7743.0,6855.0,933.0,2665.0,18997.0,300.0,8610.0,4458.0,3897.0,9423.0,6189.0,3476.0,2499.0,2809.0,6402.0,673.0,792.0,1590.0,880.0
2022-07-28,7398.0,6846.0,842.0,2423.0,17300.0,291.0,8017.0,4532.0,3450.0,9673.0,6088.0,3457.0,2197.0,2527.0,5624.0,626.0,586.0,1223.0,1012.0
2022-07-29,7357.0,6298.0,791.0,2400.0,17872.0,226.0,7361.0,4064.0,3195.0,8845.0,6112.0,3024.0,2335.0,2328.0,5080.0,640.0,523.0,1092.0,729.0
2022-07-30,7719.0,5718.0,803.0,2478.0,17768.0,356.0,9122.0,4050.0,4504.0,9012.0,6117.0,2783.0,2091.0,2176.0,4708.0,673.0,567.0,1078.0,707.0
2022-07-31,8421.0,6231.0,1007.0,2575.0,27310.0,418.0,17148.0,4342.0,3852.0,9539.0,6561.0,3200.0,2169.0,2583.0,5808.0,742.0,632.0,1335.0,761.0
2022-08-01,8157.0,7006.0,1038.0,2566.0,29220.0,343.0,26340.0,4507.0,3725.0,9344.0,6656.0,3883.0,2420.0,2628.0,5748.0,703.0,674.0,1204.0,796.0
2022-08-02,7665.0,7004.0,1390.0,2398.0,19669.0,303.0,8320.0,4711.0,4010.0,9194.0,6561.0,3603.0,2565.0,2613.0,6078.0,1081.0,19286.0,1993.0,892.0
2022-08-03,7316.0,6825.0,1176.0,2260.0,18687.0,190.0,7576.0,4635.0,4065.0,9063.0,6410.0,3601.0,2522.0,2786.0,6040.0,1135.0,6375.0,1572.0,775.0
2022-08-04,7015.0,7175.0,1085.0,2265.0,18155.0,214.0,6654.0,4644.0,3356.0,9178.0,6531.0,3670.0,2355.0,2730.0,6072.0,964.0,1930.0,1214.0,822.0
2022-08-05,6853.0,6602.0,952.0,2176.0,20240.0,248.0,7725.0,4434.0,3224.0,8995.0,6346.0,3426.0,2193.0,2535.0,5763.0,723.0,904.0,1229.0,827.0
2022-08-06,7145.0,6187.0,875.0,2346.0,29737.0,241.0,8886.0,4278.0,3782.0,8672.0,6284.0,3270.0,2140.0,2290.0,5465.0,746.0,763.0,1157.0,798.0
2022-08-07,7660.0,7153.0,890.0,2574.0,46470.0,209.0,9863.0,4519.0,3527.0,9380.0,8564.0,3440.0,2424.0,2699.0,11677.0,817.0,770.0,1281.0,1575.0
2022-08-08,7369.0,7277.0,935.0,2531.0,26200.0,226.0,21060.0,4891.0,3322.0,10165.0,10193.0,4080.0,2524.0,2892.0,11585.0,893.0,767.0,1283.0,2699.0
2022-08-09,7174.0,7036.0,779.0,2481.0,22206.0,216.0,7167.0,4825.0,3538.0,9597.0,7610.0,4137.0,2594.0,2932.0,8699.0,736.0,727.0,1262.0,1106.0
2022-08-10,6894.0,6992.0,973.0,2421.0,21230.0,225.0,5744.0,4747.0,4139.0,9781.0,6920.0,3928.0,2511.0,3154.0,7616.0,847.0,737.0,1298.0,840.0
2022-08-11,7267.0,7452.0,906.0,2547.0,20681.0,344.0,6266.0,4630.0,3438.0,9373.0,6478.0,3796.0,2405.0,3137.0,6929.0,802.0,690.0,1104.0,719.0
2022-08-12,7478.0,6554.0,932.0,2506.0,23725.0,680.0,6424.0,4348.0,3452.0,9118.0,6396.0,3829.0,2185.0,2699.0,5935.0,743.0,614.0,1163.0,731.0
2022-08-13,6883.0,5414.0,861.0,2381.0,31184.0,373.0,9227.0,4177.0,3166.0,9028.0,5999.0,3334.0,1794.0,2419.0,4962.0,616.0,635.0,1206.0,660.0
2022-08-14,7569.0,6151.0,1018.0,2596.0,24590.0,330.0,29547.0,5677.0,3297.0,9571.0,6239.0,3261.0,2027.0,2433.0,4817.0,883.0,586.0,1296.0,813.0
2022-08-15,7814.0,7022.0,974.0,2456.0,23233.0,312.0,22500.0,13664.0,3809.0,9641.0,6540.0,4082.0,2503.0,2708.0,5502.0,1024.0,679.0,1416.0,842.0
2022-08-16,7709.0,7351.0,1002.0,2721.0,21095.0,195.0,5863.0,6235.0,3813.0,9858.0,6530.0,4201.0,2461.0,2852.0,6359.0,951.0,683.0,1568.0,844.0
2022-08-17,7735.0,7264.0,915.0,2556.0,21158.0,207.0,4906.0,5092.0,3791.0,10328.0,6568.0,4121.0,2529.0,3138.0,6547.0,797.0,604.0,1311.0,768.0
2022-08-18,7896.0,7259.0,982.0,2812.0,29363.0,207.0,4418.0,5276.0,3565.0,9703.0,6434.0,4128.0,2325.0,2997.0,6319.0,800.0,592.0,1345.0,834.0
2022-08-19,7295.0,6375.0,921.0,2523.0,32617.0,182.0,5096.0,5383.0,3375.0,9906.0,6140.0,3854.0,2256.0,2747.0,5661.0,787.0,576.0,1319.0,812.0
2022-08-20,6739.0,5486.0,866.0,2293.0,24466.0,212.0,5530.0,4858.0,3170.0,9210.0,5918.0,3353.0,2127.0,2338.0,4739.0,872.0,835.0,1137.0,732.0
2022-08-21,7452.0,7006.0,839.0,2681.0,34886.0,176.0,6098.0,4882.0,3315.0,9534.0,6267.0,3626.0,2419.0,2757.0,5210.0,977.0,706.0,1363.0,736.0
2022-08-22,7707.0,7782.0,987.0,2624.0,36527.0,202.0,4782.0,5044.0,3444.0,10373.0,6452.0,4060.0,2443.0,2946.0,6005.0,901.0,823.0,1350.0,1204.0
2022-08-23,7934.0,7391.0,965.0,2593.0,24711.0,233.0,4465.0,5110.0,3719.0,10307.0,6563.0,4330.0,2439.0,2911.0,6042.0,910.0,576.0,2135.0,812.0
2022-08-24,7421.0,7072.0,980.0,2542.0,22702.0,201.0,4468.0,5232.0,3717.0,10598.0,6774.0,4145.0,2561.0,3171.0,6440.0,992.0,739.0,2263.0,847.0
2022-08-25,7743.0,6928.0,915.0,2876.0,21856.0,182.0,4039.0,4859.0,4384.0,10066.0,6484.0,4112.0,3232.0,3010.0,6434.0,918.0,718.0,1481.0,912.0
2022-08-26,7505.0,7131.0,870.0,2350.0,21592.0,181.0,4300.0,4800.0,3560.0,9544.0,6033.0,4213.0,2579.0,2702.0,5498.0,797.0,554.0,1242.0,815.0
2022-08-27,9129.0,6935.0,925.0,2380.0,23641.0,172.0,8148.0,4710.0,3188.0,8766.0,5584.0,3386.0,2266.0,2415.0,4757.0,857.0,548.0,1173.0,759.0
2022-08-28,8705.0,6925.0,1139.0,2838.0,27040.0,211.0,4182.0,4702.0,3264.0,9142.0,5789.0,3719.0,2272.0,2509.0,5202.0,1012.0,651.0,1341.0,817.0
2022-08-29,8213.0,7329.0,930.0,2746.0,25002.0,197.0,3858.0,5055.0,3596.0,10406.0,6873.0,4418.0,2532.0,3203.0,5921.0,951.0,532.0,1372.0,1016.0
2022-08-30,7989.0,7506.0,926.0,2475.0,21744.0,212.0,3664.0,4932.0,3303.0,10305.0,6520.0,4589.0,2550.0,3086.0,6098.0,918.0,517.0,1401.0,900.0
2022-08-31,7466.0,7314.0,928.0,2574.0,25048.0,185.0,3486.0,5255.0,3389.0,10715.0,6145.0,4681.0,3505.0,3254.0,6211.0,955.0,508.0,1280.0,840.0
2022-09-01,8027.0,7656.0,858.0,2637.0,28769.0,200.0,3398.0,5010.0,3375.0,10431.0,6339.0,4530.0,3493.0,3154.0,5926.0,787.0,452.0,1131.0,767.0
2022-09-02,20221.0,10275.0,2316.0,3488.0,25873.0,477.0,3744.0,5237.0,3449.0,10331.0,6162.0,4182.0,3025.0,3066.0,5166.0,897.0,493.0,1241.0,783.0
2022-09-03,11492.0,6994.0,2032.0,2619.0,28592.0,480.0,3641.0,5050.0,3167.0,9426.0,5845.0,3711.0,2465.0,2689.0,4549.0,843.0,513.0,1326.0,715.0
2022-09-04,8934.0,6992.0,1373.0,2558.0,30347.0,435.0,4372.0,7819.0,3486.0,9806.0,6063.0,7183.0,2860.0,2715.0,5065.0,2378.0,549.0,1528.0,825.0
2022-09-05,8760.0,7666.0,1147.0,2630.0,23667.0,470.0,3892.0,13436.0,3692.0,10525.0,6516.0,13896.0,2936.0,3250.0,5906.0,3238.0,533.0,1379.0,876.0
2022-09-06,8702.0,7547.0,1152.0,2674.0,34319.0,482.0,3467.0,7277.0,3497.0,10553.0,6787.0,6502.0,2779.0,3614.0,5824.0,1472.0,499.0,1897.0,851.0
2022-09-07,8470.0,7746.0,1144.0,2598.0,28916.0,492.0,3191.0,6508.0,3683.0,13854.0,6351.0,5292.0,3036.0,4935.0,5975.0,1213.0,670.0,19445.0,788.0
2022-09-08,8456.0,8183.0,1095.0,2544.0,24865.0,291.0,3154.0,6157.0,3394.0,11823.0,6537.0,5233.0,2824.0,4113.0,6067.0,889.0,606.0,2854.0,747.0
2022-09-09,9187.0,7928.0,953.0,2425.0,21176.0,275.0,3018.0,5247.0,3402.0,11417.0,6161.0,4305.0,2630.0,3266.0,5478.0,828.0,515.0,2117.0,723.0
2022-09-10,7873.0,6135.0,958.0,2338.0,27592.0,328.0,3933.0,4916.0,3253.0,9992.0,5853.0,3625.0,2483.0,2824.0,4824.0,858.0,488.0,1653.0,694.0
2022-09-11,8428.0,7010.0,970.0,2560.0,26126.0,224.0,4487.0,7124.0,3587.0,10538.0,6118.0,4431.0,2441.0,3098.0,5170.0,1751.0,513.0,1626.0,836.0
2022-09-12,8498.0,8086.0,976.0,2522.0,21171.0,231.0,3367.0,6547.0,3725.0,10791.0,6701.0,4755.0,2658.0,3648.0,6021.0,906.0,473.0,1536.0,861.0
2022-09-13,8477.0,7617.0,1000.0,2557.0,24541.0,187.0,3012.0,5712.0,3800.0,10496.0,7169.0,4672.0,2591.0,3440.0,6586.0,852.0,491.0,1756.0,862.0
2022-09-14,8463.0,7486.0,965.0,2488.0,31973.0,196.0,6724.0,5848.0,3767.0,10374.0,6735.0,4584.0,3117.0,3350.0,6190.0,863.0,492.0,1513.0,786.0
2022-09-15,9194.0,7207.0,1096.0,2525.0,36983.0,169.0,23107.0,5994.0,3960.0,10090.0,7142.0,4736.0,2647.0,2919.0,5855.0,851.0,520.0,1558.0,836.0
2022-09-16,9047.0,6811.0,1120.0,2494.0,25831.0,172.0,10271.0,6138.0,3862.0,9896.0,6985.0,4402.0,2422.0,2928.0,5290.0,827.0,486.0,1579.0,762.0
2022-09-17,8491.0,5910.0,932.0,2507.0,25652.0,181.0,7218.0,5444.0,3593.0,9799.0,6000.0,4390.0,3233.0,2577.0,4557.0,916.0,465.0,1425.0,732.0
2022-09-18,8523.0,6831.0,1042.0,2606.0,36415.0,140.0,6107.0,5957.0,3631.0,10792.0,6456.0,5173.0,3368.0,2998.0,5069.0,1354.0,563.0,1626.0,861.0
2022-09-19,9718.0,7846.0,1128.0,3010.0,39219.0,177.0,4948.0,5933.0,4020.0,11532.0,7459.0,4903.0,3300.0,3265.0,6047.0,942.0,541.0,1583.0,853.0
2022-09-20,9907.0,9609.0,1020.0,2687.0,27095.0,200.0,4220.0,5503.0,4127.0,11826.0,7433.0,4778.0,2794.0,3817.0,6686.0,837.0,574.0,1539.0,838.0
2022-09-21,10335.0,8594.0,1007.0,2663.0,26252.0,164.0,3981.0,5670.0,4298.0,11521.0,7717.0,4573.0,2806.0,3771.0,6635.0,733.0,478.0,1492.0,851.0
2022-09-22,10893.0,8706.0,1038.0,2496.0,26146.0,218.0,3745.0,5514.0,4451.0,12404.0,7746.0,4552.0,2825.0,3999.0,6832.0,804.0,537.0,1456.0,862.0
2022-09-23,12990.0,12589.0,954.0,2405.0,24014.0,146.0,3336.0,6275.0,5480.0,17122.0,7449.0,5686.0,4299.0,6662.0,6199.0,837.0,599.0,1494.0,786.0
2022-09-24,21827.0,15905.0,1231.0,2673.0,64523.0,149.0,4413.0,4773.0,4131.0,13756.0,6899.0,4283.0,2632.0,4078.0,7055.0,872.0,613.0,1522.0,732.0
2022-09-25,10574.0,8303.0,1233.0,2473.0,32165.0,156.0,5455.0,5042.0,3947.0,11509.0,7696.0,4123.0,3115.0,3378.0,9429.0,855.0,623.0,1758.0,814.0
2022-09-26,10586.0,8456.0,1169.0,2656.0,26192.0,247.0,4044.0,5936.0,4240.0,13125.0,7942.0,5158.0,3153.0,4099.0,7348.0,847.0,727.0,1821.0,912.0
2022-09-27,11928.0,11522.0,1127.0,2407.0,28819.0,186.0,3498.0,5844.0,5167.0,17252.0,7647.0,5853.0,3540.0,6402.0,7422.0,812.0,701.0,1707.0,908.0
2022-09-28,15402.0,19293.0,1088.0,2576.0,87070.0,157.0,3093.0,5178.0,5955.0,14173.0,8053.0,4524.0,2854.0,4814.0,9349.0,1007.0,600.0,2108.0,907.0
2022-09-29,10123.0,8977.0,1009.0,2441.0,34878.0,191.0,3317.0,4971.0,4417.0,12227.0,7138.0,4190.0,2657.0,4085.0,6498.0,926.0,587.0,1811.0,852.0
2022-09-30,8657.0,7616.0,997.0,2280.0,26734.0,220.0,3246.0,4505.0,3870.0,12016.0,6524.0,3985.0,2495.0,4186.0,5670.0,767.0,476.0,2076.0,668.0
2022-10-01,7509.0,6715.0,1441.0,2041.0,35385.0,219.0,3543.0,4720.0,4377.0,12036.0,5875.0,3402.0,2348.0,4957.0,4817.0,762.0,565.0,2335.0,751.0
2022-10-02,8135.0,7419.0,1459.0,2506.0,45532.0,414.0,4168.0,5234.0,12536.0,20627.0,6208.0,3902.0,2952.0,15974.0,5048.0,989.0,1522.0,7195.0,881.0
2022-10-03,9091.0,8205.0,1468.0,2692.0,34559.0,399.0,3459.0,5852.0,5627.0,23271.0,7045.0,4783.0,2841.0,14440.0,6417.0,936.0,2053.0,5968.0,855.0
2022-10-04,8605.0,8249.0,1190.0,2535.0,34035.0,313.0,3120.0,4986.0,4103.0,13902.0,6858.0,4393.0,2643.0,5854.0,6510.0,799.0,943.0,2839.0,884.0
2022-10-05,8698.0,8292.0,981.0,2415.0,45063.0,269.0,3029.0,4988.0,4766.0,11918.0,6997.0,4720.0,2913.0,4958.0,6301.0,786.0,738.0,1882.0,724.0
2022-10-06,8641.0,7246.0,908.0,2542.0,55569.0,193.0,2905.0,5129.0,4601.0,11662.0,7146.0,4289.0,2733.0,4383.0,6235.0,754.0,640.0,1783.0,741.0
2022-10-07,8465.0,6504.0,928.0,2588.0,39338.0,207.0,2912.0,4802.0,3936.0,11022.0,6680.0,3918.0,2619.0,3675.0,5418.0,644.0,551.0,1437.0,735.0
2022-10-08,7497.0,5953.0,857.0,2287.0,34046.0,310.0,3452.0,4592.0,3630.0,10194.0,6028.0,3367.0,2343.0,3153.0,4715.0,745.0,553.0,1429.0,719.0
2022-10-09,8634.0,6693.0,1037.0,2627.0,54247.0,392.0,6014.0,5112.0,4278.0,10629.0,6518.0,3592.0,2546.0,3261.0,4973.0,780.0,676.0,1530.0,786.0
2022-10-10,8680.0,7773.0,938.0,2697.0,59488.0,382.0,3905.0,5037.0,4635.0,11270.0,7361.0,4138.0,2814.0,3897.0,5797.0,823.0,1017.0,1501.0,748.0
2022-10-11,9575.0,8529.0,1070.0,2714.0,43894.0,305.0,3436.0,5531.0,4625.0,11256.0,7536.0,4842.0,3039.0,4347.0,6469.0,807.0,644.0,1505.0,873.0
2022-10-12,9108.0,8082.0,1012.0,2544.0,33944.0,255.0,3904.0,4959.0,4227.0,11085.0,7267.0,5212.0,3017.0,3942.0,6699.0,761.0,597.0,1547.0,777.0
2022-10-13,9044.0,7877.0,1075.0,2580.0,28834.0,237.0,3944.0,5174.0,4570.0,11310.0,7054.0,4289.0,2999.0,3804.0,6254.0,834.0,811.0,1744.0,760.0
2022-10-14,8757.0,7070.0,995.0,2597.0,25814.0,216.0,3499.0,5083.0,3863.0,10220.0,6593.0,3908.0,2717.0,3517.0,5637.0,804.0,678.0,1442.0,741.0
2022-10-15,7911.0,6121.0,948.0,2341.0,25963.0,181.0,5351.0,4501.0,3549.0,10392.0,5901.0,3389.0,2381.0,3091.0,5004.0,903.0,573.0,1663.0,774.0
2022-10-16,8453.0,7194.0,1055.0,2560.0,38578.0,231.0,5309.0,4751.0,4135.0,10460.0,6465.0,3828.0,2709.0,3430.0,5066.0,782.0,679.0,1522.0,809.0
2022-10-17,8700.0,9958.0,977.0,2654.0,40011.0,225.0,3922.0,5232.0,4181.0,11548.0,6964.0,4438.0,3148.0,4187.0,6497.0,901.0,624.0,1974.0,849.0
2022-10-18,9122.0,8539.0,1018.0,2625.0,38661.0,208.0,3885.0,4970.0,4133.0,11468.0,7052.0,4617.0,3583.0,4388.0,7192.0,923.0,521.0,1862.0,821.0
2022-10-19,8829.0,8676.0,1117.0,2543.0,29511.0,239.0,3753.0,5227.0,4286.0,11189.0,6922.0,4530.0,3061.0,4173.0,7254.0,924.0,566.0,1588.0,697.0
2022-10-20,9307.0,8679.0,1234.0,2645.0,32170.0,213.0,3583.0,5369.0,4269.0,11211.0,6917.0,4580.0,3188.0,4440.0,7217.0,967.0,561.0,1643.0,854.0
2022-10-21,8779.0,7828.0,1157.0,2531.0,42450.0,237.0,3959.0,4985.0,4014.0,10806.0,6755.0,4073.0,2943.0,4121.0,6443.0,1006.0,535.0,1505.0,1031.0
2022-10-22,8591.0,7040.0,1193.0,2497.0,54254.0,268.0,4165.0,4782.0,3844.0,10617.0,6276.0,3604.0,3005.0,3486.0,5945.0,883.0,589.0,1478.0,893.0
2022-10-23,8979.0,8893.0,1276.0,2691.0,39823.0,250.0,4451.0,5025.0,4067.0,11388.0,6639.0,4165.0,3301.0,4188.0,6347.0,934.0,657.0,1620.0,849.0
2022-10-24,9482.0,8938.0,1647.0,2779.0,31590.0,296.0,4677.0,5123.0,3959.0,12897.0,6890.0,4651.0,3348.0,5289.0,7265.0,1026.0,642.0,1739.0,882.0
2022-10-25,9256.0,8785.0,1191.0,2659.0,59842.0,288.0,4036.0,5391.0,4041.0,11996.0,6916.0,5182.0,3226.0,4879.0,7064.0,969.0,535.0,1733.0,806.0
2022-10-26,8981.0,8415.0,1175.0,2644.0,69226.0,302.0,4311.0,5472.0,4146.0,12107.0,6862.0,4382.0,3044.0,4595.0,8242.0,904.0,559.0,1759.0,770.0
2022-10-27,8855.0,7946.0,1073.0,2792.0,38952.0,239.0,4219.0,5100.0,3865.0,11770.0,6629.0,4385.0,3022.0,4409.0,6801.0,832.0,472.0,1672.0,724.0
2022-10-28,9000.0,7285.0,1218.0,2865.0,34270.0,268.0,4005.0,5149.0,3884.0,12172.0,6410.0,3936.0,2791.0,4520.0,5819.0,758.0,571.0,1789.0,736.0
2022-10-29,8236.0,6135.0,1086.0,2818.0,53974.0,185.0,4253.0,4816.0,3629.0,12003.0,5961.0,3504.0,2728.0,5017.0,5200.0,774.0,538.0,1965.0,700.0
2022-10-30,9335.0,8194.0,1445.0,2978.0,49192.0,285.0,5393.0,5250.0,4273.0,27777.0,6974.0,3835.0,3490.0,20272.0,7944.0,992.0,637.0,6954.0,976.0
2022-10-31,11708.0,9419.0,1680.0,3098.0,38241.0,552.0,4110.0,6385.0,6344.0,56879.0,8344.0,4357.0,4825.0,23849.0,6698.0,1084.0,847.0,15024.0,985.0
2022-11-01,10563.0,8805.0,1623.0,3021.0,34096.0,450.0,3948.0,6142.0,4962.0,30495.0,7556.0,3979.0,3728.0,11249.0,6673.0,962.0,777.0,6619.0,958.0
2022-11-02,10139.0,8757.0,1205.0,2909.0,37689.0,562.0,3738.0,5616.0,4848.0,22839.0,7302.0,4457.0,3364.0,8118.0,7131.0,938.0,608.0,3792.0,898.0
2022-11-03,10522.0,8588.0,1303.0,3053.0,35160.0,644.0,4185.0,5635.0,4557.0,18929.0,7040.0,4341.0,3372.0,6920.0,6959.0,913.0,656.0,2748.0,908.0
2022-11-04,9611.0,8251.0,1324.0,2742.0,33643.0,430.0,3737.0,5174.0,4310.0,15347.0,6830.0,4207.0,3180.0,5590.0,6389.0,867.0,573.0,2163.0,830.0
2022-11-05,9702.0,6910.0,1357.0,2697.0,34933.0,301.0,4946.0,4886.0,4178.0,14501.0,6199.0,3743.0,2728.0,4232.0,5148.0,828.0,683.0,1979.0,913.0
2022-11-06,10832.0,8330.0,1532.0,2880.0,38868.0,304.0,5334.0,5172.0,4763.0,14246.0,6431.0,4071.0,2984.0,4501.0,5632.0,1068.0,701.0,2283.0,1191.0
2022-11-07,11497.0,9635.0,1375.0,3403.0,34064.0,224.0,4396.0,5441.0,4729.0,16398.0,6958.0,4558.0,3486.0,5707.0,6485.0,1013.0,1074.0,2227.0,1035.0
2022-11-08,11952.0,9260.0,1297.0,2926.0,34706.0,229.0,4014.0,5267.0,4454.0,16893.0,6905.0,4528.0,3702.0,5490.0,6900.0,821.0,673.0,2007.0,967.0
2022-11-09,12684.0,9750.0,1661.0,2754.0,32722.0,223.0,4051.0,5091.0,4513.0,16297.0,6359.0,4356.0,3665.0,5307.0,7219.0,883.0,1442.0,2028.0,837.0
2022-11-10,12388.0,9194.0,1287.0,2814.0,33449.0,218.0,3797.0,4929.0,4659.0,15566.0,6672.0,4409.0,3629.0,5085.0,6970.0,848.0,728.0,2041.0,843.0
2022-11-11,13007.0,8600.0,1332.0,3852.0,34916.0,201.0,4416.0,4979.0,6668.0,15491.0,6330.0,4010.0,4270.0,4549.0,5898.0,763.0,814.0,2016.0,847.0
2022-11-12,13698.0,7616.0,1393.0,3242.0,35310.0,182.0,4235.0,5004.0,5429.0,15950.0,6199.0,3507.0,3388.0,3775.0,5580.0,820.0,738.0,2010.0,844.0
2022-11-13,13378.0,8932.0,1525.0,3239.0,42967.0,145.0,4642.0,5500.0,5018.0,17489.0,6607.0,4005.0,3375.0,4564.0,5709.0,981.0,788.0,2860.0,1009.0
2022-11-14,15236.0,10418.0,1428.0,3264.0,46169.0,172.0,5073.0,5951.0,5428.0,17079.0,6917.0,4861.0,4302.0,4985.0,6661.0,1119.0,976.0,2365.0,1054.0
2022-11-15,17219.0,11014.0,1576.0,3082.0,44629.0,201.0,4683.0,5367.0,5666.0,18118.0,7058.0,4656.0,4324.0,5584.0,7146.0,903.0,837.0,2268.0,948.0
2022-11-16,40551.0,32085.0,1791.0,3576.0,65544.0,186.0,4421.0,6416.0,6056.0,19443.0,7240.0,6177.0,4522.0,5760.0,7059.0,1070.0,947.0,2441.0,976.0
2022-11-17,21339.0,12935.0,1517.0,3610.0,60045.0,181.0,4487.0,5356.0,6574.0,18871.0,7703.0,4895.0,4732.0,5535.0,7032.0,918.0,845.0,2185.0,906.0
2022-11-18,16613.0,10051.0,1519.0,3461.0,55875.0,210.0,4144.0,5094.0,6544.0,18160.0,6999.0,4092.0,3851.0,4683.0,6223.0,865.0,878.0,1986.0,867.0
2022-11-19,17736.0,8386.0,1770.0,3412.0,70348.0,217.0,4443.0,5153.0,6412.0,18115.0,6659.0,3665.0,3407.0,4138.0,5917.0,947.0,1049.0,1820.0,874.0
2022-11-20,24761.0,12459.0,3950.0,3814.0,103463.0,196.0,4808.0,6901.0,10790.0,24708.0,10866.0,5548.0,5017.0,5623.0,9675.0,2134.0,2149.0,4472.0,2360.0
2022-11-21,25949.0,16330.0,2177.0,3720.0,100339.0,146.0,4144.0,5837.0,10245.0,23152.0,7993.0,4844.0,5064.0,5976.0,7522.0,1042.0,1324.0,2386.0,1118.0
2022-11-22,160077.0,121836.0,10713.0,7679.0,238253.0,205.0,4396.0,6315.0,10513.0,28818.0,7915.0,4552.0,4964.0,8997.0,7128.0,1097.0,1361.0,2679.0,1159.0
2022-11-23,36499.0,16471.0,2706.0,4449.0,131438.0,216.0,3965.0,6030.0,12264.0,29897.0,7522.0,4557.0,5983.0,10412.0,6530.0,1099.0,1486.0,2962.0,1243.0
2022-11-24,29182.0,12632.0,3221.0,4069.0,144450.0,175.0,10346.0,6371.0,82031.0,110698.0,7896.0,4587.0,33416.0,60291.0,6542.0,1316.0,14194.0,10557.0,1132.0
2022-11-25,25056.0,12232.0,2561.0,3722.0,106803.0,190.0,14564.0,5829.0,15453.0,50764.0,8793.0,4161.0,6389.0,12785.0,6068.0,1204.0,2141.0,4719.0,1788.0
2022-11-26,118380.0,64889.0,24257.0,8746.0,358668.0,187.0,5890.0,6669.0,12896.0,37054.0,8223.0,3545.0,4462.0,6382.0,5149.0,1623.0,2296.0,5107.0,1511.0
2022-11-27,53449.0,18591.0,4780.0,5737.0,224223.0,170.0,5036.0,6133.0,11707.0,27395.0,8147.0,3798.0,4883.0,6514.0,5378.0,1467.0,1821.0,3117.0,1447.0
2022-11-28,33698.0,13689.0,5845.0,5023.0,145630.0,219.0,4410.0,7541.0,109451.0,80089.0,8648.0,4416.0,25568.0,30392.0,6218.0,2330.0,63115.0,10414.0,1827.0
2022-11-29,33937.0,13302.0,2626.0,4673.0,105799.0,144.0,4267.0,6748.0,25318.0,31908.0,8722.0,4723.0,7678.0,7607.0,6433.0,1176.0,7773.0,3177.0,1253.0
2022-11-30,85353.0,55384.0,11709.0,7423.0,193500.0,177.0,4187.0,7538.0,12052.0,25674.0,7881.0,4193.0,5098.0,6108.0,5981.0,1402.0,2690.0,3248.0,1224.0
2022-12-01,37128.0,16146.0,3643.0,4746.0,119523.0,107.0,4047.0,6205.0,10387.0,24984.0,7723.0,3945.0,5176.0,6302.0,5602.0,1497.0,2094.0,3375.0,1925.0
2022-12-02,21993.0,9442.0,3113.0,4021.0,81299.0,118.0,3484.0,5820.0,51657.0,30316.0,6937.0,3282.0,10174.0,8733.0,4615.0,1247.0,17495.0,3430.0,1174.0
2022-12-03,61038.0,17732.0,14885.0,8540.0,375257.0,150.0,4501.0,5797.0,21455.0,22788.0,6473.0,3084.0,6085.0,4209.0,3798.0,1353.0,3851.0,3376.0,1130.0
2022-12-04,29469.0,10071.0,4331.0,5032.0,214192.0,208.0,3862.0,5401.0,10332.0,19252.0,6645.0,3380.0,4076.0,3912.0,4349.0,1229.0,1948.0,2597.0,1510.0
2022-12-05,23709.0,9638.0,2727.0,4614.0,121650.0,178.0,3823.0,5888.0,9143.0,39908.0,6964.0,4281.0,3587.0,11021.0,5634.0,1081.0,1562.0,7113.0,1137.0
2022-12-06,23094.0,10570.0,2364.0,3905.0,120870.0,259.0,4016.0,5574.0,8088.0,29663.0,7542.0,3601.0,3385.0,5554.0,5031.0,991.0,1298.0,4014.0,938.0
2022-12-07,20139.0,9779.0,2332.0,3844.0,93184.0,426.0,4340.0,5633.0,6470.0,20550.0,7376.0,3647.0,2708.0,5056.0,4981.0,998.0,1039.0,2494.0,978.0
2022-12-08,17321.0,7954.0,2078.0,3690.0,71310.0,343.0,4298.0,6038.0,6256.0,19022.0,7923.0,3385.0,2466.0,3992.0,4810.0,1082.0,936.0,2248.0,1120.0
2022-12-09,123401.0,71786.0,41368.0,10788.0,333436.0,263.0,4549.0,6569.0,8959.0,83137.0,7811.0,3621.0,3381.0,18778.0,4553.0,1965.0,2752.0,16204.0,1514.0
2022-12-10,72822.0,19004.0,10495.0,6971.0,323061.0,230.0,4138.0,5853.0,8437.0,41198.0,7044.0,3415.0,2938.0,7470.0,4498.0,1103.0,1485.0,5184.0,983.0
2022-12-11,39246.0,10626.0,4386.0,5374.0,192967.0,245.0,4229.0,6026.0,6767.0,22111.0,7232.0,3397.0,2673.0,4166.0,4313.0,1100.0,1207.0,2866.0,1120.0
2022-12-12,34517.0,11877.0,3741.0,5030.0,136278.0,353.0,5128.0,5916.0,6546.0,19228.0,7944.0,3661.0,2785.0,4167.0,5025.0,1244.0,1325.0,5946.0,1231.0
2022-12-13,145554.0,47384.0,60183.0,13759.0,484512.0,402.0,5018.0,7180.0,9276.0,25172.0,7817.0,3966.0,3287.0,4435.0,5186.0,2093.0,2677.0,10055.0,1634.0
2022-12-14,96803.0,18431.0,16896.0,12722.0,471547.0,317.0,4541.0,6678.0,8442.0,23505.0,7515.0,3799.0,2801.0,3897.0,4991.0,1379.0,1536.0,3792.0,1138.0
2022-12-15,56284.0,11384.0,6580.0,7498.0,259780.0,359.0,4077.0,6166.0,6585.0,17621.0,7059.0,3208.0,2394.0,3172.0,4519.0,1123.0,1016.0,2410.0,1021.0
2022-12-16,37385.0,9669.0,4054.0,5803.0,177968.0,386.0,4000.0,5737.0,5448.0,14891.0,6522.0,3146.0,2146.0,2897.0,4289.0,906.0,902.0,1825.0,993.0
2022-12-17,41113.0,9690.0,5643.0,5580.0,196480.0,294.0,4430.0,5369.0,6065.0,15201.0,6526.0,3098.0,2599.0,2706.0,4364.0,954.0,1074.0,2094.0,1240.0
2022-12-18,564280.0,70308.0,140458.0,40879.0,3086080.0,520.0,8519.0,9800.0,14167.0,32687.0,8089.0,3187.0,2809.0,3659.0,4351.0,2649.0,3557.0,8317.0,1668.0
2022-12-19,343573.0,26968.0,39474.0,44801.0,2022489.0,511.0,6969.0,10703.0,13225.0,31568.0,8445.0,3527.0,2892.0,3517.0,4245.0,1824.0,2302.0,4125.0,1342.0
2022-12-20,175093.0,22518.0,23757.0,37921.0,786925.0,431.0,5275.0,8980.0,9856.0,24498.0,8188.0,3590.0,3223.0,3164.0,4144.0,1561.0,1696.0,3155.0,1141.0
2022-12-21,110683.0,16435.0,14108.0,26875.0,444473.0,351.0,4779.0,7575.0,7922.0,20286.0,7482.0,3247.0,2835.0,2911.0,3994.0,1328.0,1314.0,2406.0,1114.0
2022-12-22,61194.0,10481.0,6109.0,11125.0,289875.0,289.0,4184.0,6470.0,6472.0,16200.0,6838.0,3089.0,2675.0,2620.0,3629.0,1034.0,1064.0,2043.0,1087.0
2022-12-23,38295.0,8852.0,4154.0,7716.0,203980.0,274.0,4134.0,5983.0,6366.0,13240.0,6193.0,3002.0,2626.0,2556.0,3594.0,963.0,875.0,1728.0,840.0
2022-12-24,29483.0,7839.0,3634.0,5792.0,167005.0,339.0,4556.0,5133.0,5242.0,12803.0,6154.0,2640.0,2529.0,2407.0,3229.0,1445.0,864.0,1701.0,840.0
2022-12-25,26281.0,7259.0,3562.0,5421.0,146707.0,286.0,5079.0,5290.0,5319.0,13207.0,6183.0,2749.0,2652.0,2481.0,3138.0,1190.0,908.0,1863.0,992.0
2022-12-26,21440.0,7581.0,3117.0,5066.0,125717.0,218.0,5752.0,5163.0,5328.0,12614.0,6412.0,3149.0,2804.0,2679.0,3868.0,1300.0,931.0,1933.0,1097.0
2022-12-27,18411.0,7430.0,2324.0,4463.0,105540.0,468.0,5952.0,5309.0,4655.0,12757.0,6287.0,3167.0,2391.0,2776.0,3849.0,1021.0,871.0,1777.0,931.0
2022-12-28,16985.0,7129.0,2069.0,4479.0,96122.0,514.0,4461.0,5368.0,4472.0,12507.0,6449.0,3150.0,2294.0,2851.0,3858.0,953.0,692.0,1714.0,972.0
2022-12-29,16312.0,7107.0,2298.0,4153.0,103166.0,531.0,4185.0,5326.0,4486.0,15904.0,6736.0,3129.0,2292.0,3963.0,3843.0,1052.0,720.0,2514.0,966.0
2022-12-30,16215.0,6710.0,2360.0,4066.0,110006.0,323.0,4231.0,5020.0,4595.0,20957.0,6210.0,2905.0,2143.0,4376.0,3431.0,985.0,749.0,3995.0,976.0
2022-12-31,14137.0,5842.0,1979.0,4271.0,100068.0,312.0,4054.0,4529.0,3986.0,16027.0,5687.0,2602.0,1939.0,3000.0,3203.0,883.0,592.0,2504.0,889.0
2023-01-01,13559.0,5976.0,2104.0,4029.0,79963.0,407.0,4131.0,4696.0,4125.0,24126.0,6219.0,2635.0,2110.0,7016.0,3350.0,1003.0,765.0,6054.0,1118.0
2023-01-02,13904.0,6956.0,1944.0,4098.0,76815.0,357.0,4552.0,5360.0,5352.0,22178.0,6996.0,3199.0,2355.0,5954.0,3995.0,942.0,763.0,4672.0,1185.0
2023-01-03,12893.0,7169.0,1764.0,3886.0,72579.0,406.0,4153.0,5099.0,4240.0,17433.0,6630.0,3329.0,2179.0,4183.0,4573.0,896.0,604.0,2818.0,1090.0
2023-01-04,12849.0,6631.0,1705.0,4101.0,69055.0,627.0,4379.0,5158.0,3939.0,14425.0,6916.0,3544.0,2155.0,3303.0,4582.0,808.0,766.0,1936.0,996.0
2023-01-05,12267.0,6735.0,1756.0,4000.0,61151.0,536.0,3977.0,5037.0,4007.0,13227.0,8531.0,3133.0,2167.0,3100.0,4407.0,961.0,894.0,1826.0,1368.0
2023-01-06,11649.0,6531.0,1735.0,3796.0,57138.0,377.0,3984.0,4945.0,3910.0,12743.0,7153.0,3151.0,2136.0,2854.0,4430.0,923.0,764.0,1863.0,1027.0
2023-01-07,11220.0,5892.0,1802.0,3716.0,57794.0,325.0,4893.0,4789.0,4090.0,12131.0,6708.0,2896.0,1957.0,2821.0,3862.0,1016.0,1320.0,1891.0,970.0
2023-01-08,11345.0,6964.0,2028.0,3798.0,53172.0,349.0,4705.0,4999.0,4235.0,21130.0,6839.0,3070.0,2392.0,8240.0,4202.0,1148.0,1671.0,4248.0,1181.0
2023-01-09,11817.0,7279.0,1941.0,3620.0,50168.0,311.0,4469.0,5518.0,4367.0,40575.0,7249.0,3656.0,2189.0,10348.0,4667.0,1262.0,877.0,9492.0,1205.0
2023-01-10,10868.0,7029.0,1732.0,3652.0,48474.0,302.0,4181.0,5324.0,4082.0,22971.0,6998.0,3348.0,2207.0,5827.0,5010.0,1093.0,743.0,4103.0,1088.0
2023-01-11,11808.0,7300.0,1794.0,3720.0,52221.0,385.0,4427.0,5176.0,3869.0,15782.0,6861.0,3371.0,2140.0,4250.0,5239.0,1033.0,665.0,2420.0,1112.0
2023-01-12,11129.0,7163.0,1592.0,3614.0,62788.0,259.0,3603.0,5251.0,3739.0,13891.0,6953.0,3354.0,1974.0,3707.0,5574.0,997.0,609.0,2195.0,1057.0
2023-01-13,10707.0,6763.0,1823.0,3399.0,50429.0,260.0,3663.0,5001.0,3651.0,13085.0,6819.0,3366.0,2077.0,3249.0,5104.0,1050.0,686.0,2145.0,963.0
2023-01-14,10439.0,6331.0,1597.0,3470.0,47366.0,219.0,4390.0,4747.0,3388.0,12020.0,6739.0,3063.0,1989.0,3064.0,4549.0,968.0,574.0,1972.0,967.0
2023-01-15,10882.0,6748.0,2522.0,3532.0,51765.0,288.0,4544.0,5183.0,3765.0,12109.0,7395.0,3474.0,2236.0,3206.0,6052.0,1195.0,664.0,2292.0,1232.0
2023-01-16,10568.0,6854.0,1700.0,3494.0,42302.0,266.0,4416.0,5313.0,3775.0,11564.0,7183.0,3674.0,2125.0,3286.0,5478.0,1004.0,611.0,2043.0,1114.0
2023-01-17,10744.0,7149.0,1500.0,3405.0,40787.0,272.0,4091.0,5135.0,3674.0,12059.0,6998.0,3799.0,2199.0,3510.0,5470.0,960.0,621.0,1820.0,1082.0
2023-01-18,10271.0,7159.0,1693.0,3222.0,40832.0,190.0,4044.0,5388.0,3637.0,12398.0,7208.0,3506.0,2181.0,3403.0,5461.0,985.0,552.0,1792.0,1106.0
2023-01-19,10645.0,7198.0,2051.0,3243.0,56106.0,264.0,3615.0,5388.0,3464.0,12850.0,7001.0,3550.0,2296.0,3573.0,5936.0,940.0,562.0,1931.0,1096.0
2023-01-20,10013.0,7038.0,1525.0,3222.0,53270.0,257.0,3952.0,5111.0,3358.0,12061.0,6630.0,3636.0,2196.0,3406.0,5968.0,1014.0,563.0,1887.0,1075.0
2023-01-21,10456.0,6439.0,1261.0,3146.0,40948.0,204.0,4743.0,5159.0,3335.0,12644.0,6929.0,3419.0,2048.0,2927.0,5121.0,968.0,571.0,1742.0,958.0
2023-01-22,10492.0,6706.0,2162.0,3293.0,43787.0,241.0,5585.0,5182.0,3487.0,13661.0,7076.0,3446.0,2842.0,3217.0,5467.0,1281.0,839.0,2388.0,1224.0
2023-01-23,11692.0,7311.0,2141.0,3359.0,44104.0,252.0,4637.0,5511.0,3763.0,13073.0,7116.0,3978.0,2483.0,3622.0,6046.0,1221.0,695.0,2338.0,1129.0
2023-01-24,10669.0,8126.0,1672.0,3356.0,46003.0,295.0,3743.0,5215.0,4942.0,12958.0,7074.0,3905.0,2668.0,3539.0,6238.0,1077.0,565.0,1813.0,1037.0
2023-01-25,10006.0,7477.0,1525.0,3231.0,40218.0,236.0,3706.0,5235.0,4404.0,11865.0,7101.0,3854.0,2885.0,3391.0,6575.0,913.0,561.0,1945.0,1066.0
2023-01-26,9918.0,7090.0,1479.0,3333.0,39902.0,239.0,3543.0,5201.0,4045.0,12042.0,7043.0,3648.0,2564.0,3621.0,6803.0,1193.0,542.0,2039.0,1259.0
2023-01-27,9193.0,6420.0,1372.0,3293.0,36898.0,219.0,4116.0,4911.0,3637.0,11024.0,6832.0,3300.0,2446.0,2897.0,5868.0,959.0,573.0,1792.0,926.0
2023-01-28,9554.0,6702.0,1585.0,3311.0,34504.0,211.0,4317.0,4739.0,3485.0,10880.0,6664.0,3016.0,2276.0,2612.0,5720.0,1074.0,601.0,1690.0,982.0
2023-01-29,10040.0,6636.0,2976.0,3525.0,36488.0,223.0,5020.0,8861.0,3610.0,11280.0,7038.0,3281.0,2310.0,2763.0,5670.0,1734.0,864.0,2002.0,1366.0
2023-01-30,9659.0,7398.0,2029.0,3252.0,34044.0,194.0,4145.0,5455.0,4759.0,11372.0,7129.0,3588.0,2216.0,3111.0,5958.0,2885.0,755.0,1996.0,1112.0
2023-01-31,9464.0,7380.0,1737.0,3359.0,33051.0,184.0,3438.0,5114.0,15226.0,11490.0,6744.0,3708.0,2865.0,3182.0,5878.0,1381.0,1189.0,3679.0,1127.0
2023-02-01,9183.0,7486.0,1389.0,3239.0,39263.0,214.0,3294.0,5071.0,5404.0,11506.0,6765.0,3669.0,2923.0,3010.0,6310.0,1037.0,692.0,2410.0,1054.0
2023-02-02,9344.0,7119.0,1216.0,3140.0,47828.0,184.0,3694.0,5087.0,3924.0,11330.0,6668.0,3542.0,2314.0,2953.0,6124.0,937.0,696.0,1750.0,1044.0
2023-02-03,9319.0,6499.0,1249.0,3169.0,38498.0,170.0,3902.0,5243.0,3887.0,11339.0,6917.0,3617.0,2263.0,2822.0,5705.0,842.0,600.0,1815.0,990.0
2023-02-04,8258.0,6118.0,1253.0,2944.0,50000.0,221.0,4031.0,6108.0,3423.0,11505.0,6845.0,4482.0,2232.0,2564.0,5281.0,1309.0,761.0,2033.0,968.0
2023-02-05,8670.0,6512.0,1467.0,3167.0,61244.0,242.0,4311.0,6709.0,3470.0,11014.0,6936.0,4809.0,2264.0,2801.0,4943.0,2365.0,710.0,1907.0,1413.0
2023-02-06,8755.0,7022.0,1199.0,3045.0,39695.0,203.0,3438.0,6928.0,3661.0,10882.0,7059.0,4564.0,2376.0,3053.0,6458.0,1257.0,616.0,1696.0,1190.0
2023-02-07,8954.0,7281.0,1320.0,2965.0,35891.0,212.0,3640.0,6188.0,3630.0,11080.0,6821.0,4410.0,2406.0,3062.0,7393.0,1158.0,526.0,1700.0,1022.0
2023-02-08,8187.0,6955.0,1161.0,2805.0,40312.0,224.0,3572.0,5424.0,3516.0,10677.0,6294.0,3987.0,2258.0,3126.0,6532.0,1004.0,512.0,1594.0,1045.0
2023-02-09,8940.0,6894.0,1092.0,2946.0,42812.0,211.0,3435.0,5357.0,3520.0,10724.0,6659.0,3893.0,2295.0,3180.0,6679.0,982.0,473.0,1483.0,929.0
2023-02-10,8342.0,6708.0,1075.0,2957.0,40918.0,202.0,3689.0,5835.0,3241.0,10786.0,6389.0,3695.0,2414.0,3363.0,6846.0,1150.0,539.0,1473.0,832.0
2023-02-11,8896.0,6221.0,1245.0,3020.0,37891.0,226.0,3720.0,5557.0,3322.0,10799.0,6281.0,3246.0,2365.0,3054.0,5174.0,980.0,486.0,1459.0,891.0
2023-02-12,10115.0,6889.0,1956.0,3229.0,35545.0,242.0,3561.0,5829.0,3702.0,11260.0,6621.0,3775.0,2721.0,3083.0,5899.0,2124.0,679.0,1593.0,1034.0
2023-02-13,8736.0,7107.0,1489.0,3040.0,33571.0,240.0,3372.0,6093.0,3657.0,10612.0,6949.0,3906.0,2675.0,3505.0,6110.0,1035.0,551.0,1489.0,1030.0
2023-02-14,8479.0,6532.0,1260.0,3100.0,40133.0,284.0,3189.0,5490.0,3172.0,10137.0,7068.0,3775.0,2119.0,3036.0,6253.0,934.0,518.0,1658.0,1041.0
2023-02-15,8322.0,6759.0,1318.0,2889.0,33802.0,351.0,3237.0,5319.0,3395.0,10636.0,6726.0,3523.0,2267.0,3107.0,6279.0,1546.0,526.0,1523.0,972.0
2023-02-16,8630.0,6801.0,1152.0,3147.0,33722.0,296.0,3263.0,5710.0,3499.0,10953.0,6724.0,3637.0,2327.0,3276.0,6063.0,1198.0,493.0,1375.0,881.0
2023-02-17,8637.0,6260.0,1092.0,3051.0,30275.0,264.0,3285.0,5572.0,3460.0,10488.0,6493.0,3407.0,2084.0,2945.0,5304.0,827.0,493.0,1408.0,843.0
2023-02-18,8497.0,5806.0,1119.0,3135.0,29490.0,214.0,3122.0,5077.0,3045.0,10413.0,6247.0,3244.0,2378.0,2715.0,4650.0,904.0,470.0,1256.0,839.0
2023-02-19,8225.0,5937.0,1273.0,3366.0,48571.0,359.0,3445.0,5287.0,3544.0,10500.0,6703.0,3665.0,2061.0,2834.0,5053.0,1262.0,589.0,1595.0,973.0
2023-02-20,8359.0,6574.0,1244.0,3144.0,40548.0,257.0,3140.0,5617.0,3359.0,11296.0,7053.0,3971.0,2209.0,3461.0,6039.0,966.0,506.0,1735.0,1007.0
2023-02-21,8507.0,6953.0,1190.0,2927.0,40097.0,239.0,3588.0,5750.0,3626.0,11320.0,6927.0,3957.0,2376.0,3459.0,6016.0,836.0,566.0,1523.0,924.0
2023-02-22,8521.0,7373.0,1229.0,3026.0,34075.0,306.0,3041.0,5507.0,3529.0,11238.0,7287.0,4277.0,2102.0,3624.0,6297.0,974.0,506.0,1611.0,922.0
2023-02-23,8586.0,7383.0,1100.0,2973.0,38007.0,308.0,3064.0,5501.0,3481.0,11662.0,7251.0,3844.0,2153.0,3427.0,5978.0,996.0,477.0,1573.0,946.0
2023-02-24,8492.0,6579.0,1042.0,2879.0,33345.0,220.0,3078.0,5298.0,3363.0,11115.0,7040.0,3973.0,2094.0,2993.0,5238.0,867.0,535.0,1528.0,928.0
2023-02-25,8368.0,6338.0,1178.0,2845.0,40085.0,239.0,3520.0,5090.0,3376.0,10813.0,6900.0,3368.0,2051.0,2639.0,4977.0,824.0,535.0,1522.0,865.0
2023-02-26,8818.0,6445.0,1362.0,2926.0,54828.0,495.0,3495.0,5713.0,3782.0,11200.0,7296.0,3489.0,2113.0,3285.0,5686.0,1126.0,549.0,1590.0,1066.0
2023-02-27,9987.0,7142.0,1268.0,3169.0,81597.0,271.0,3704.0,5538.0,3680.0,11831.0,7502.0,3776.0,2288.0,4160.0,6331.0,962.0,523.0,1625.0,1069.0
2023-02-28,9870.0,7659.0,1223.0,3406.0,83247.0,257.0,3338.0,5848.0,3615.0,11631.0,7260.0,3990.0,2202.0,4055.0,6739.0,937.0,501.0,1468.0,1048.0
2023-03-01,9495.0,7935.0,1165.0,3369.0,46707.0,259.0,6072.0,5605.0,3795.0,11634.0,7450.0,3990.0,2219.0,4909.0,6953.0,869.0,538.0,1522.0,1034.0
2023-03-02,9701.0,8127.0,1907.0,3536.0,44818.0,216.0,4165.0,6343.0,3801.0,12101.0,7278.0,4127.0,2200.0,4725.0,6717.0,999.0,1591.0,1577.0,916.0
2023-03-03,10994.0,7783.0,1767.0,3409.0,43556.0,255.0,3789.0,5828.0,3802.0,11895.0,7847.0,3713.0,2181.0,4164.0,6276.0,878.0,782.0,1446.0,1056.0
2023-03-04,9210.0,6365.0,1249.0,3002.0,46313.0,230.0,4204.0,5218.0,3623.0,11545.0,7593.0,3275.0,2109.0,3439.0,5382.0,809.0,572.0,1307.0,966.0
2023-03-05,9269.0,7222.0,1353.0,3104.0,58087.0,241.0,4644.0,5242.0,3983.0,12075.0,7245.0,3599.0,2111.0,2727.0,5455.0,1031.0,951.0,1698.0,1202.0
2023-03-06,8701.0,8205.0,1247.0,3170.0,39510.0,248.0,4170.0,5734.0,3825.0,11662.0,7624.0,4046.0,2374.0,3562.0,6807.0,1006.0,577.0,1681.0,1111.0
2023-03-07,8708.0,8287.0,1212.0,3016.0,36966.0,214.0,3956.0,5518.0,3818.0,11481.0,7345.0,4279.0,2330.0,3109.0,6556.0,865.0,539.0,1559.0,1079.0
2023-03-08,8589.0,8052.0,1247.0,3064.0,47791.0,193.0,4053.0,5256.0,3690.0,11394.0,7419.0,4309.0,2240.0,3223.0,7001.0,834.0,539.0,1559.0,1068.0
2023-03-09,8557.0,7897.0,1302.0,3268.0,46041.0,230.0,3901.0,5835.0,3899.0,11367.0,7146.0,4122.0,2608.0,3634.0,6964.0,870.0,588.0,1549.0,1233.0
2023-03-10,8360.0,7578.0,1304.0,3078.0,35338.0,221.0,3699.0,6580.0,3582.0,11620.0,7288.0,3884.0,2225.0,2815.0,6661.0,895.0,508.0,1491.0,1067.0
2023-03-11,8146.0,6616.0,1549.0,3025.0,35436.0,207.0,3909.0,16247.0,3402.0,11787.0,7247.0,4089.0,2223.0,2431.0,5242.0,1290.0,539.0,1346.0,947.0
2023-03-12,8460.0,7391.0,1659.0,3244.0,39318.0,381.0,4276.0,7256.0,3752.0,12161.0,7516.0,3889.0,2359.0,2455.0,5946.0,1169.0,639.0,1906.0,1217.0
2023-03-13,8720.0,8534.0,1406.0,3116.0,36351.0,431.0,3693.0,5803.0,3509.0,11896.0,7608.0,5207.0,2352.0,2750.0,7130.0,911.0,510.0,1652.0,1068.0
2023-03-14,8533.0,8599.0,1404.0,3099.0,38917.0,283.0,3345.0,5528.0,3559.0,11666.0,7775.0,4849.0,2579.0,3634.0,6932.0,994.0,612.0,1644.0,1064.0
2023-03-15,9684.0,9582.0,1499.0,3119.0,40427.0,844.0,3694.0,5460.0,3429.0,11329.0,7313.0,4367.0,2562.0,3095.0,6662.0,859.0,598.0,1562.0,1126.0
2023-03-16,9677.0,8428.0,1268.0,3139.0,34840.0,492.0,3784.0,5232.0,3597.0,11784.0,7920.0,4108.0,2666.0,3378.0,6763.0,775.0,623.0,1562.0,1031.0
2023-03-17,15873.0,7640.0,1287.0,3427.0,33227.0,323.0,4327.0,4973.0,3566.0,11258.0,7025.0,3885.0,2316.0,3014.0,5652.0,707.0,606.0,1334.0,890.0
2023-03-18,9178.0,6352.0,989.0,3039.0,37530.0,276.0,3914.0,4899.0,3490.0,10583.0,6656.0,3230.0,2086.0,2513.0,4974.0,683.0,513.0,1268.0,838.0
2023-03-19,8552.0,7119.0,1654.0,3203.0,41369.0,370.0,3957.0,5494.0,3495.0,13205.0,7569.0,3633.0,2340.0,2544.0,4842.0,1120.0,752.0,1777.0,1182.0
2023-03-20,9078.0,8858.0,1578.0,3005.0,36513.0,369.0,3816.0,5433.0,3752.0,12164.0,7682.0,4189.0,2565.0,2978.0,6300.0,884.0,2462.0,1970.0,1259.0
2023-03-21,11336.0,8995.0,1317.0,3276.0,38740.0,314.0,3604.0,5735.0,3554.0,11939.0,7739.0,4252.0,2575.0,3273.0,6836.0,916.0,902.0,1653.0,1044.0
2023-03-22,10720.0,10094.0,1155.0,3186.0,38512.0,386.0,3610.0,5320.0,3420.0,11491.0,7268.0,4143.0,2373.0,3630.0,6742.0,945.0,694.0,1520.0,973.0
2023-03-23,17147.0,16790.0,1222.0,3278.0,44399.0,379.0,4353.0,5283.0,3577.0,12248.0,7026.0,4303.0,2606.0,3182.0,6719.0,750.0,571.0,1496.0,910.0
2023-03-24,28807.0,22612.0,1455.0,3782.0,92028.0,339.0,3700.0,5260.0,4454.0,12748.0,7418.0,4183.0,3559.0,3538.0,8348.0,711.0,549.0,1455.0,907.0
2023-03-25,10889.0,8472.0,1432.0,3264.0,45666.0,319.0,3487.0,4878.0,3390.0,17677.0,6570.0,3722.0,2310.0,5179.0,5278.0,1045.0,687.0,1840.0,991.0
2023-03-26,11580.0,8506.0,1299.0,3911.0,44744.0,404.0,3609.0,4954.0,3584.0,19876.0,7056.0,4218.0,2382.0,5085.0,5726.0,1014.0,601.0,1731.0,1270.0
2023-03-27,12697.0,9918.0,1244.0,3741.0,43994.0,507.0,3454.0,5297.0,3666.0,13322.0,7185.0,5414.0,2687.0,3839.0,6627.0,924.0,538.0,1617.0,991.0
2023-03-28,13747.0,14339.0,1268.0,3368.0,40969.0,391.0,3161.0,5569.0,4030.0,12494.0,7550.0,6160.0,3422.0,3946.0,8026.0,826.0,542.0,1630.0,981.0
2023-03-29,25471.0,20706.0,1291.0,3655.0,114209.0,344.0,3550.0,5167.0,3518.0,12164.0,7396.0,4495.0,2687.0,3556.0,6919.0,776.0,515.0,1513.0,1052.0
2023-03-30,11194.0,9411.0,1225.0,3276.0,43728.0,335.0,3559.0,5071.0,3428.0,12038.0,7423.0,4300.0,2525.0,3283.0,6408.0,928.0,566.0,1560.0,971.0
2023-03-31,9303.0,8410.0,1121.0,3034.0,43413.0,413.0,3317.0,4852.0,3193.0,11126.0,6735.0,3890.0,2228.0,2754.0,5594.0,756.0,482.0,1460.0,847.0
2023-04-01,8140.0,6912.0,1058.0,3152.0,41543.0,349.0,8981.0,4633.0,2892.0,10991.0,6253.0,3378.0,1836.0,2048.0,4520.0,695.0,446.0,1382.0,850.0
2023-04-02,8759.0,7540.0,1252.0,3377.0,40300.0,376.0,4409.0,4774.0,3802.0,18604.0,6803.0,3533.0,1980.0,2561.0,4674.0,957.0,737.0,1824.0,980.0
2023-04-03,8464.0,8198.0,935.0,3407.0,37879.0,377.0,3498.0,4917.0,3505.0,12082.0,6938.0,4008.0,2188.0,2566.0,5796.0,704.0,458.0,1350.0,864.0
2023-04-04,8022.0,7725.0,934.0,3175.0,38162.0,318.0,3240.0,4705.0,3652.0,10832.0,6985.0,3765.0,1995.0,2662.0,4920.0,679.0,449.0,1475.0,920.0
2023-04-05,7454.0,7184.0,933.0,2958.0,34487.0,264.0,3323.0,4472.0,3008.0,10112.0,6077.0,3470.0,1827.0,2375.0,4315.0,675.0,420.0,1254.0,741.0
2023-04-06,7264.0,6136.0,1085.0,3044.0,29230.0,264.0,3199.0,4415.0,3071.0,10120.0,6050.0,3579.0,1717.0,2320.0,4486.0,612.0,373.0,1256.0,775.0
2023-04-07,7637.0,6461.0,1017.0,3681.0,25906.0,282.0,3077.0,4359.0,3108.0,9831.0,6621.0,3100.0,1755.0,2284.0,4663.0,666.0,470.0,1346.0,930.0
2023-04-08,7586.0,6250.0,902.0,3629.0,31433.0,313.0,3840.0,4235.0,3034.0,9510.0,6450.0,3417.0,1850.0,2276.0,4120.0,661.0,428.0,1232.0,775.0
2023-04-09,7435.0,6806.0,1053.0,3589.0,37676.0,295.0,3633.0,4865.0,3431.0,10096.0,6457.0,3330.0,2152.0,2470.0,4557.0,827.0,484.0,1362.0,834.0
2023-04-10,7741.0,8114.0,1048.0,3608.0,32334.0,376.0,3398.0,5269.0,3374.0,10285.0,6801.0,3878.0,2248.0,3169.0,5507.0,939.0,481.0,1393.0,926.0
2023-04-11,8049.0,8634.0,1026.0,4321.0,29556.0,319.0,6025.0,6132.0,3428.0,9993.0,6813.0,4249.0,2621.0,3411.0,5906.0,990.0,628.0,1646.0,899.0
2023-04-12,8737.0,8875.0,1044.0,3831.0,31860.0,450.0,3133.0,5536.0,3365.0,10647.0,6772.0,4251.0,2537.0,3757.0,5825.0,968.0,579.0,1466.0,867.0
2023-04-13,7955.0,8695.0,1065.0,3391.0,26206.0,463.0,3480.0,4866.0,3285.0,10293.0,6278.0,4302.0,2549.0,3659.0,5955.0,1009.0,494.0,1480.0,853.0
2023-04-14,8038.0,7938.0,1016.0,2945.0,25393.0,483.0,2859.0,4604.0,3350.0,10709.0,6288.0,4089.0,2324.0,3344.0,5636.0,783.0,405.0,1730.0,925.0
2023-04-15,7968.0,6655.0,1043.0,3233.0,31511.0,524.0,3310.0,4251.0,3077.0,10115.0,5710.0,3294.0,1996.0,2641.0,4874.0,725.0,404.0,1690.0,852.0
2023-04-16,8331.0,8061.0,1136.0,3354.0,35499.0,570.0,3566.0,4354.0,3267.0,10095.0,6172.0,3748.0,2349.0,3024.0,5330.0,1057.0,532.0,1685.0,976.0
2023-04-17,8495.0,8795.0,1119.0,3100.0,28065.0,541.0,3563.0,4721.0,3366.0,10675.0,6361.0,3986.0,2527.0,3488.0,5982.0,851.0,481.0,1598.0,935.0
2023-04-18,8173.0,8340.0,1094.0,2727.0,27770.0,502.0,3121.0,4857.0,3495.0,11001.0,6051.0,4077.0,2543.0,3587.0,6214.0,1010.0,449.0,1829.0,876.0
2023-04-19,7999.0,8646.0,1148.0,2768.0,31349.0,525.0,3418.0,4728.0,3268.0,11201.0,6624.0,4261.0,2651.0,3852.0,6516.0,841.0,613.0,1745.0,963.0
2023-04-20,8548.0,8388.0,1072.0,2982.0,34120.0,441.0,2966.0,5030.0,3592.0,11555.0,7219.0,4423.0,2780.0,4143.0,6730.0,776.0,487.0,1662.0,944.0
2023-04-21,8483.0,7951.0,1062.0,2973.0,33588.0,752.0,2923.0,5241.0,3548.0,11422.0,8562.0,3877.0,2612.0,3390.0,5718.0,776.0,388.0,1471.0,854.0
2023-04-22,7903.0,6671.0,963.0,2997.0,35914.0,696.0,3250.0,4948.0,3424.0,10253.0,6372.0,3552.0,2248.0,2559.0,5060.0,678.0,416.0,1359.0,832.0
2023-04-23,8315.0,7793.0,1170.0,3126.0,41068.0,861.0,3636.0,4792.0,3360.0,10835.0,6987.0,3760.0,2581.0,3151.0,5763.0,812.0,504.0,1557.0,982.0
2023-04-24,9050.0,8989.0,1133.0,3156.0,33919.0,648.0,4642.0,5157.0,3551.0,11487.0,7458.0,4682.0,2848.0,3857.0,6828.0,849.0,453.0,1868.0,1024.0
2023-04-25,8829.0,8506.0,1141.0,3033.0,32669.0,747.0,3872.0,4902.0,3522.0,11260.0,7220.0,4443.0,2476.0,3838.0,6634.0,766.0,795.0,1684.0,1010.0
2023-04-26,9491.0,8682.0,1080.0,3424.0,32755.0,1172.0,3490.0,4884.0,3624.0,11715.0,7431.0,4390.0,2630.0,4018.0,7052.0,743.0,516.0,1569.0,978.0
2023-04-27,9358.0,8148.0,1068.0,3122.0,32955.0,1181.0,3207.0,5086.0,3632.0,11635.0,7461.0,4178.0,2584.0,3602.0,6684.0,804.0,548.0,1607.0,1003.0
2023-04-28,8849.0,6978.0,1057.0,2895.0,31752.0,892.0,3127.0,4835.0,3952.0,11076.0,7365.0,3746.0,2147.0,2922.0,5237.0,697.0,489.0,1595.0,910.0
2023-04-29,7980.0,6065.0,1225.0,2904.0,34448.0,770.0,3323.0,4579.0,3281.0,10963.0,7051.0,3326.0,1952.0,2495.0,4443.0,669.0,525.0,1482.0,847.0
2023-04-30,8308.0,6844.0,1045.0,2966.0,38312.0,633.0,3503.0,4926.0,3479.0,10541.0,6842.0,3337.0,3370.0,2365.0,4853.0,761.0,616.0,1522.0,998.0
2023-05-01,8966.0,7507.0,1089.0,3065.0,35596.0,669.0,4080.0,5429.0,4074.0,11276.0,7424.0,3822.0,3025.0,2932.0,5538.0,752.0,647.0,1458.0,957.0
2023-05-02,8837.0,8013.0,1127.0,2924.0,44789.0,629.0,3235.0,5145.0,3566.0,11313.0,7146.0,4014.0,2648.0,2985.0,6370.0,807.0,501.0,1448.0,948.0
2023-05-03,8927.0,7791.0,1474.0,2870.0,70513.0,652.0,3224.0,4918.0,3979.0,11298.0,7321.0,4099.0,2348.0,3285.0,7277.0,762.0,585.0,1502.0,973.0
2023-05-04,8630.0,7544.0,1186.0,2821.0,57792.0,599.0,3094.0,4951.0,3576.0,11510.0,7405.0,4021.0,2389.0,3576.0,6769.0,683.0,617.0,1496.0,973.0
2023-05-05,8726.0,6322.0,1013.0,2650.0,46155.0,854.0,3035.0,4971.0,3691.0,11388.0,7664.0,3720.0,2375.0,3142.0,5980.0,613.0,483.0,1364.0,927.0
2023-05-06,7469.0,5998.0,1014.0,2547.0,40537.0,743.0,4693.0,4714.0,3093.0,9716.0,6378.0,3303.0,2115.0,2925.0,4954.0,614.0,434.0,1148.0,788.0
2023-05-07,8164.0,8684.0,1126.0,2909.0,37787.0,957.0,4114.0,4979.0,3087.0,10466.0,7010.0,3980.0,2420.0,2883.0,5389.0,745.0,490.0,1378.0,917.0
2023-05-08,8987.0,7603.0,1263.0,3218.0,43677.0,1075.0,3364.0,7458.0,3750.0,11429.0,7464.0,6049.0,2449.0,3275.0,6257.0,1008.0,477.0,1773.0,1047.0
2023-05-09,9027.0,7723.0,1269.0,2872.0,61494.0,1032.0,3259.0,6405.0,3845.0,11283.0,7643.0,4697.0,2530.0,3424.0,6648.0,903.0,593.0,1638.0,937.0
2023-05-10,8670.0,7638.0,1151.0,2983.0,48827.0,983.0,3145.0,5322.0,3537.0,11346.0,7537.0,4194.0,2488.0,3199.0,6121.0,822.0,623.0,1726.0,989.0
2023-05-11,8517.0,7523.0,1092.0,2826.0,37110.0,692.0,2957.0,5009.0,3669.0,10962.0,7133.0,3879.0,2529.0,3262.0,6282.0,738.0,495.0,1707.0,1018.0
2023-05-12,8651.0,6875.0,1042.0,2780.0,31553.0,771.0,2848.0,4904.0,3581.0,11179.0,6938.0,3712.0,2271.0,2888.0,5623.0,707.0,478.0,1355.0,908.0
2023-05-13,7910.0,5553.0,873.0,2613.0,32698.0,549.0,3028.0,4337.0,3068.0,9533.0,5951.0,3124.0,1899.0,2169.0,4435.0,536.0,428.0,1181.0,814.0
2023-05-14,7651.0,6612.0,964.0,2689.0,35370.0,576.0,3735.0,4401.0,3052.0,9900.0,6446.0,3362.0,2011.0,2375.0,4979.0,777.0,448.0,1305.0,939.0
2023-05-15,9532.0,7480.0,1479.0,3309.0,36071.0,777.0,3191.0,5037.0,3697.0,11425.0,7926.0,4209.0,2353.0,3344.0,6210.0,786.0,465.0,1474.0,934.0
2023-05-16,10243.0,7611.0,1338.0,3226.0,34399.0,823.0,3048.0,5226.0,3790.0,11602.0,8296.0,3927.0,2620.0,3346.0,6853.0,791.0,912.0,1539.0,1011.0
2023-05-17,9241.0,7388.0,1094.0,2983.0,33438.0,672.0,2980.0,4640.0,3607.0,11104.0,7598.0,3834.0,2567.0,3239.0,6234.0,666.0,870.0,1402.0,899.0
2023-05-18,8745.0,7274.0,1068.0,2897.0,30912.0,897.0,2865.0,4834.0,3672.0,11007.0,7933.0,3805.0,2364.0,3131.0,6042.0,636.0,465.0,1331.0,1041.0
2023-05-19,8342.0,6539.0,997.0,2879.0,28217.0,626.0,2982.0,4390.0,3298.0,10523.0,7045.0,3584.0,2107.0,2778.0,5289.0,673.0,490.0,1361.0,956.0
2023-05-20,8258.0,6977.0,1045.0,2730.0,28044.0,536.0,3313.0,4070.0,3231.0,9661.0,6551.0,2976.0,2110.0,2073.0,4732.0,599.0,458.0,1284.0,767.0
2023-05-21,8324.0,7388.0,987.0,2843.0,31115.0,577.0,4672.0,4731.0,3437.0,10459.0,6942.0,3879.0,2361.0,2416.0,5575.0,641.0,454.0,1440.0,880.0
2023-05-22,9624.0,7867.0,1466.0,2832.0,33301.0,592.0,3217.0,5152.0,3725.0,11953.0,7251.0,3990.0,2766.0,3119.0,6460.0,717.0,477.0,1617.0,906.0
2023-05-23,9187.0,8078.0,1366.0,2825.0,30523.0,512.0,2964.0,4910.0,4362.0,11690.0,6851.0,4079.0,2557.0,3458.0,6469.0,798.0,440.0,1660.0,1049.0
2023-05-24,8926.0,7540.0,1179.0,2906.0,31616.0,465.0,3055.0,4677.0,3533.0,11110.0,7981.0,3902.0,2580.0,3535.0,7044.0,795.0,477.0,1561.0,933.0
2023-05-25,8992.0,7853.0,2555.0,2765.0,29676.0,463.0,2948.0,4575.0,3996.0,10888.0,14740.0,3744.0,2756.0,3435.0,7153.0,918.0,708.0,1607.0,1197.0
2023-05-26,8268.0,7251.0,1009.0,2725.0,28347.0,434.0,3742.0,4461.0,3399.0,10535.0,8161.0,3521.0,2185.0,2749.0,5476.0,776.0,513.0,1362.0,838.0
2023-05-27,8404.0,6594.0,832.0,2646.0,40021.0,374.0,3685.0,4178.0,3096.0,9942.0,6627.0,3190.0,1912.0,2828.0,5285.0,585.0,362.0,1116.0,666.0
2023-05-28,8169.0,6909.0,862.0,2784.0,54706.0,504.0,4690.0,4269.0,3393.0,10167.0,6264.0,3423.0,2324.0,2742.0,5581.0,676.0,447.0,1235.0,847.0
2023-05-29,8275.0,7806.0,934.0,2879.0,42142.0,581.0,4172.0,4769.0,3636.0,10483.0,6881.0,4178.0,2455.0,3041.0,6087.0,697.0,447.0,1341.0,854.0
2023-05-30,8951.0,7653.0,1070.0,2982.0,40945.0,480.0,3310.0,5271.0,3897.0,12466.0,7328.0,4245.0,2551.0,3468.0,6114.0,735.0,550.0,1469.0,902.0
2023-05-31,9036.0,9108.0,1014.0,2823.0,40870.0,514.0,3312.0,4992.0,4052.0,11897.0,7532.0,3944.0,2626.0,3567.0,7424.0,691.0,630.0,1411.0,957.0
2023-06-01,8869.0,7858.0,1043.0,2643.0,60661.0,447.0,3161.0,4757.0,3889.0,11194.0,6918.0,3915.0,2973.0,3101.0,6230.0,731.0,522.0,1470.0,896.0
2023-06-02,7864.0,6605.0,972.0,2778.0,47667.0,400.0,3069.0,4430.0,3472.0,10453.0,6838.0,3677.0,2314.0,3001.0,5651.0,648.0,480.0,1286.0,792.0
2023-06-03,8471.0,6307.0,897.0,2831.0,63363.0,393.0,3457.0,4507.0,3163.0,10610.0,6613.0,3209.0,1963.0,3130.0,6194.0,550.0,390.0,1186.0,739.0
2023-06-04,8627.0,6849.0,1071.0,3021.0,92640.0,486.0,5271.0,4841.0,3844.0,10678.0,7327.0,3518.0,2935.0,2559.0,5525.0,758.0,460.0,1405.0,947.0
2023-06-05,8844.0,7306.0,1051.0,3103.0,93188.0,401.0,3430.0,5134.0,3876.0,10837.0,7178.0,4031.0,2634.0,3077.0,5958.0,706.0,477.0,1753.0,912.0
2023-06-06,8420.0,7438.0,953.0,2823.0,78717.0,469.0,3348.0,4721.0,3515.0,10851.0,6813.0,3964.0,2554.0,3233.0,5860.0,647.0,499.0,1698.0,919.0
2023-06-07,9047.0,7455.0,1068.0,3077.0,254973.0,409.0,3047.0,4601.0,3474.0,10883.0,6821.0,4062.0,2419.0,3165.0,5664.0,652.0,432.0,1445.0,846.0
2023-06-08,9353.0,7452.0,1061.0,2944.0,245697.0,461.0,3340.0,4572.0,4166.0,11071.0,6436.0,3930.0,3722.0,3392.0,5620.0,925.0,523.0,1466.0,1030.0
2023-06-09,8461.0,6439.0,975.0,2770.0,123554.0,623.0,3234.0,4460.0,3712.0,10180.0,6554.0,3680.0,2362.0,2989.0,5193.0,621.0,428.0,1260.0,839.0
2023-06-10,8581.0,5913.0,987.0,2753.0,96894.0,480.0,3243.0,4011.0,3239.0,9814.0,9079.0,3230.0,2037.0,2510.0,5217.0,611.0,490.0,1265.0,2370.0
2023-06-11,9852.0,7005.0,1024.0,2939.0,77516.0,408.0,4637.0,4891.0,5031.0,10742.0,8980.0,4460.0,5434.0,2533.0,5138.0,701.0,592.0,1406.0,2986.0
2023-06-12,9940.0,7367.0,1145.0,2926.0,68843.0,492.0,3320.0,4609.0,4795.0,11024.0,8704.0,4713.0,4810.0,3032.0,5871.0,734.0,623.0,1617.0,1484.0
2023-06-13,13671.0,6981.0,1067.0,2913.0,71546.0,472.0,2991.0,4431.0,3681.0,10635.0,7566.0,4068.0,2805.0,3033.0,5843.0,677.0,572.0,1569.0,1052.0
2023-06-14,10652.0,7305.0,986.0,2659.0,67836.0,501.0,3079.0,4297.0,3704.0,11006.0,7827.0,4195.0,3885.0,3277.0,5949.0,659.0,493.0,1639.0,1092.0
2023-06-15,23309.0,13155.0,1245.0,2673.0,86892.0,478.0,3130.0,4279.0,3906.0,11574.0,7330.0,4179.0,4059.0,2770.0,5808.0,748.0,424.0,1529.0,1094.0
2023-06-16,10925.0,6998.0,1125.0,2693.0,66173.0,389.0,3348.0,4615.0,3441.0,11374.0,7422.0,4184.0,2392.0,2541.0,7521.0,684.0,533.0,1534.0,1110.0
2023-06-17,10105.0,5982.0,866.0,2495.0,56574.0,300.0,3767.0,4340.0,3589.0,16480.0,6930.0,4893.0,2292.0,2483.0,4954.0,634.0,483.0,1304.0,948.0
2023-06-18,10482.0,6156.0,1201.0,2646.0,56717.0,338.0,5544.0,4414.0,3801.0,20467.0,7079.0,3434.0,3218.0,2951.0,4686.0,808.0,886.0,1402.0,1188.0
2023-06-19,20182.0,11048.0,1308.0,2968.0,56247.0,347.0,4084.0,4587.0,4087.0,16487.0,7066.0,3927.0,2851.0,2652.0,5104.0,737.0,1023.0,1558.0,1242.0
2023-06-20,12383.0,8547.0,1296.0,2861.0,59584.0,362.0,3721.0,4634.0,4174.0,15563.0,7715.0,4403.0,3514.0,4394.0,7646.0,915.0,837.0,1703.0,8295.0
2023-06-21,10595.0,7157.0,1167.0,2637.0,66669.0,415.0,3605.0,4933.0,4007.0,19012.0,7742.0,4866.0,3409.0,3251.0,5658.0,833.0,606.0,1552.0,2170.0
2023-06-22,10531.0,6789.0,1349.0,2748.0,53524.0,374.0,3664.0,4516.0,3513.0,17532.0,7128.0,3563.0,2433.0,2883.0,5084.0,717.0,648.0,1481.0,1171.0
2023-06-23,9255.0,6208.0,1155.0,2535.0,88344.0,400.0,3533.0,4506.0,3306.0,12811.0,7033.0,3424.0,2146.0,2555.0,4376.0,691.0,483.0,1314.0,892.0
2023-06-24,8831.0,5994.0,878.0,2438.0,173547.0,428.0,5864.0,4068.0,3377.0,10286.0,6273.0,3227.0,1873.0,2142.0,4084.0,674.0,410.0,1345.0,898.0
2023-06-25,11462.0,7074.0,1036.0,2760.0,97541.0,492.0,5110.0,4429.0,4268.0,10552.0,6800.0,3542.0,2140.0,2200.0,4656.0,773.0,489.0,1319.0,994.0
2023-06-26,18928.0,7039.0,1091.0,2927.0,74418.0,592.0,3719.0,4720.0,4280.0,10700.0,6818.0,3781.0,2367.0,2760.0,4943.0,874.0,844.0,1377.0,1064.0
2023-06-27,12544.0,6711.0,1763.0,3297.0,42250.0,345.0,3421.0,5437.0,3846.0,10775.0,6898.0,3903.0,2566.0,2606.0,4682.0,884.0,755.0,1535.0,992.0
2023-06-28,8514.0,6743.0,957.0,2688.0,38174.0,444.0,3265.0,11690.0,3457.0,10968.0,6932.0,3984.0,2468.0,2673.0,4751.0,1073.0,534.0,1333.0,938.0
2023-06-29,8297.0,7054.0,953.0,2601.0,41013.0,321.0,5070.0,5356.0,3428.0,10874.0,6916.0,3543.0,2346.0,2742.0,4591.0,856.0,458.0,1297.0,1088.0
2023-06-30,8149.0,5879.0,1021.0,2487.0,38998.0,317.0,3551.0,4343.0,3551.0,10767.0,6655.0,3184.0,2192.0,2316.0,4227.0,686.0,442.0,1362.0,829.0
2023-07-01,7612.0,5564.0,895.0,2529.0,41603.0,249.0,3682.0,4075.0,3191.0,10544.0,6536.0,2975.0,1955.0,2019.0,3779.0,792.0,485.0,1253.0,887.0
2023-07-02,8516.0,7064.0,1046.0,2899.0,43263.0,281.0,3844.0,4440.0,3549.0,11524.0,7015.0,3233.0,2056.0,2122.0,3744.0,813.0,1202.0,1528.0,1015.0
2023-07-03,9371.0,7203.0,975.0,2759.0,40764.0,332.0,3906.0,4683.0,3603.0,11444.0,6872.0,3301.0,2180.0,2253.0,4398.0,878.0,559.0,1657.0,943.0
2023-07-04,9018.0,6651.0,1054.0,2720.0,40715.0,308.0,3745.0,4457.0,3618.0,11446.0,6928.0,3372.0,2397.0,2387.0,4682.0,745.0,532.0,1322.0,951.0
2023-07-05,9208.0,6868.0,1005.0,2619.0,45059.0,339.0,3201.0,4348.0,3656.0,10990.0,7021.0,3345.0,3059.0,2510.0,4896.0,914.0,512.0,1361.0,974.0
2023-07-06,8561.0,6641.0,914.0,2457.0,39680.0,298.0,3242.0,4299.0,3439.0,10616.0,6553.0,3386.0,3090.0,2560.0,4775.0,829.0,469.0,1204.0,840.0
2023-07-07,8393.0,5652.0,948.0,2528.0,36863.0,396.0,3238.0,4184.0,3370.0,10882.0,6588.0,3176.0,2633.0,2431.0,4516.0,745.0,485.0,1229.0,823.0
2023-07-08,8912.0,5318.0,960.0,2550.0,36451.0,407.0,3962.0,5632.0,3275.0,10262.0,6541.0,3006.0,2449.0,2212.0,4467.0,776.0,932.0,1188.0,806.0
2023-07-09,9725.0,6847.0,1543.0,2903.0,41061.0,419.0,5370.0,4815.0,3720.0,10981.0,7364.0,3202.0,2680.0,2168.0,6767.0,800.0,786.0,1414.0,989.0
2023-07-10,9185.0,6782.0,1158.0,2727.0,38325.0,354.0,3642.0,4742.0,3539.0,10624.0,7323.0,3376.0,2461.0,2484.0,5763.0,803.0,573.0,1407.0,930.0
2023-07-11,8482.0,6082.0,1005.0,2783.0,38242.0,341.0,3549.0,4627.0,3486.0,10549.0,6961.0,3434.0,2392.0,2470.0,5111.0,746.0,461.0,1295.0,916.0
2023-07-12,8108.0,5850.0,897.0,2647.0,38628.0,392.0,3516.0,4663.0,3330.0,10183.0,6860.0,3317.0,2678.0,2454.0,5165.0,757.0,410.0,1288.0,813.0
2023-07-13,7944.0,5439.0,971.0,2544.0,40210.0,329.0,3392.0,4653.0,3477.0,10584.0,7352.0,3296.0,2328.0,2419.0,5749.0,735.0,487.0,1229.0,869.0
2023-07-14,8336.0,5505.0,842.0,2517.0,47096.0,336.0,3212.0,4651.0,3379.0,11107.0,7052.0,3230.0,2160.0,1862.0,5033.0,706.0,478.0,1141.0,812.0
2023-07-15,9080.0,5035.0,980.0,2827.0,65758.0,289.0,3656.0,4087.0,3696.0,10068.0,6842.0,2959.0,2172.0,1834.0,4330.0,733.0,789.0,1119.0,905.0
2023-07-16,8941.0,5486.0,976.0,2910.0,74348.0,303.0,3997.0,4520.0,3724.0,10534.0,6924.0,3140.0,2190.0,1993.0,4738.0,717.0,495.0,1272.0,939.0
2023-07-17,9220.0,5780.0,1101.0,3252.0,96852.0,322.0,3618.0,4767.0,3749.0,10739.0,7223.0,3509.0,2257.0,2217.0,5456.0,699.0,641.0,1410.0,976.0
2023-07-18,8373.0,5238.0,995.0,2835.0,61389.0,348.0,3339.0,4557.0,3564.0,10721.0,7215.0,3194.0,2444.0,2222.0,5492.0,753.0,788.0,1360.0,894.0
2023-07-19,8429.0,5200.0,919.0,2671.0,48773.0,221.0,3301.0,4710.0,3589.0,10887.0,7101.0,3385.0,2385.0,2232.0,5896.0,837.0,425.0,1314.0,904.0
2023-07-20,9179.0,5078.0,905.0,2678.0,47684.0,263.0,3233.0,4639.0,3607.0,10653.0,8720.0,3263.0,2037.0,2181.0,8195.0,749.0,404.0,1344.0,993.0
2023-07-21,8580.0,4989.0,981.0,2688.0,60072.0,274.0,3211.0,4950.0,3365.0,10404.0,7664.0,3185.0,1970.0,2243.0,6002.0,699.0,424.0,1471.0,966.0
2023-07-22,8894.0,5196.0,1059.0,2577.0,266480.0,270.0,3436.0,4779.0,3583.0,10580.0,7064.0,3329.0,2151.0,2141.0,4973.0,651.0,713.0,1904.0,845.0
2023-07-23,8743.0,5894.0,1183.0,2731.0,105305.0,280.0,10693.0,5083.0,3693.0,10760.0,7842.0,3243.0,2101.0,2069.0,5355.0,816.0,680.0,1634.0,1032.0
2023-07-24,9461.0,6798.0,1417.0,2781.0,77711.0,384.0,4561.0,4966.0,3634.0,12128.0,7615.0,3408.0,2136.0,2172.0,6077.0,800.0,687.0,2336.0,1212.0
2023-07-25,8429.0,5893.0,1194.0,2988.0,72323.0,316.0,3693.0,5006.0,3802.0,10928.0,8637.0,3379.0,2445.0,2186.0,8398.0,881.0,652.0,1702.0,1554.0
2023-07-26,8305.0,5972.0,1087.0,2725.0,161455.0,370.0,6053.0,5162.0,3249.0,10920.0,7087.0,3511.0,2148.0,2180.0,5590.0,743.0,568.0,1442.0,1158.0
2023-07-27,8143.0,6015.0,1014.0,2651.0,71555.0,354.0,3590.0,4972.0,3357.0,10688.0,6996.0,3353.0,2047.0,2493.0,5325.0,781.0,513.0,1385.0,1030.0
2023-07-28,9286.0,7233.0,1425.0,2847.0,57912.0,309.0,3500.0,4944.0,3359.0,10712.0,6846.0,3324.0,2018.0,2370.0,5113.0,675.0,478.0,2755.0,975.0
2023-07-29,8749.0,5307.0,1139.0,2784.0,52438.0,325.0,4629.0,4845.0,3379.0,11737.0,6738.0,3065.0,1969.0,2741.0,4995.0,713.0,526.0,1876.0,1541.0
2023-07-30,8682.0,5636.0,1322.0,2763.0,50401.0,249.0,4056.0,4943.0,3666.0,10993.0,11940.0,3495.0,2415.0,2408.0,9357.0,883.0,585.0,2232.0,20686.0
2023-07-31,8270.0,6555.0,939.0,2717.0,48487.0,343.0,3663.0,4908.0,4269.0,10668.0,7946.0,3585.0,2424.0,2529.0,6004.0,758.0,466.0,1355.0,1991.0
2023-08-01,8739.0,6756.0,978.0,2915.0,47405.0,417.0,3366.0,4922.0,10791.0,10628.0,7103.0,3616.0,2568.0,3060.0,5857.0,663.0,622.0,1370.0,1263.0
2023-08-02,9147.0,6943.0,1124.0,2852.0,45150.0,391.0,6811.0,4836.0,4697.0,13122.0,7056.0,3596.0,2259.0,3204.0,5888.0,748.0,480.0,1979.0,1198.0
2023-08-03,8818.0,6081.0,1002.0,3027.0,139431.0,428.0,3742.0,4936.0,3881.0,11623.0,8312.0,3351.0,2379.0,2528.0,9955.0,712.0,450.0,1345.0,1288.0
2023-08-04,8191.0,5812.0,1043.0,3053.0,62405.0,440.0,3807.0,5045.0,3336.0,10780.0,7266.0,3318.0,1939.0,2660.0,5049.0,770.0,457.0,1516.0,1045.0
2023-08-05,8763.0,5180.0,1023.0,3010.0,49976.0,361.0,3647.0,4551.0,3179.0,10079.0,6491.0,2900.0,1872.0,2418.0,4727.0,746.0,398.0,1253.0,1029.0
2023-08-06,14658.0,5803.0,1291.0,3159.0,49618.0,638.0,4269.0,4978.0,3470.0,10667.0,7430.0,3106.0,2152.0,2233.0,5005.0,815.0,1612.0,1537.0,1211.0
2023-08-07,9405.0,6295.0,992.0,3023.0,162470.0,818.0,3455.0,4780.0,3247.0,10746.0,7211.0,3542.0,2145.0,2369.0,5922.0,668.0,918.0,1282.0,1054.0
2023-08-08,8671.0,6270.0,989.0,2963.0,63792.0,1334.0,3388.0,4872.0,3564.0,11166.0,13097.0,3494.0,2236.0,2898.0,11144.0,777.0,528.0,1669.0,3458.0
2023-08-09,8188.0,6270.0,869.0,2688.0,51159.0,1171.0,5915.0,5007.0,3332.0,11068.0,7898.0,3569.0,2438.0,3167.0,6515.0,735.0,459.0,1691.0,1174.0
2023-08-10,8157.0,6512.0,950.0,2782.0,46945.0,960.0,3457.0,5154.0,3762.0,10948.0,8178.0,3717.0,2503.0,2950.0,6166.0,801.0,507.0,1447.0,1389.0
2023-08-11,8431.0,5923.0,869.0,2527.0,44484.0,1008.0,4095.0,4723.0,3298.0,10422.0,7788.0,3404.0,2219.0,2424.0,5748.0,663.0,438.0,1331.0,1013.0
2023-08-12,7720.0,5554.0,955.0,2355.0,90083.0,945.0,4034.0,4424.0,3124.0,10510.0,18673.0,2904.0,1968.0,2416.0,10715.0,758.0,901.0,1310.0,3711.0
2023-08-13,9065.0,7305.0,1066.0,2982.0,58802.0,3657.0,3902.0,5006.0,3664.0,10784.0,10518.0,3375.0,2171.0,2751.0,5237.0,761.0,527.0,1355.0,1290.0
2023-08-14,14194.0,15837.0,1515.0,4206.0,50695.0,87638.0,3558.0,4870.0,3841.0,11097.0,8256.0,3826.0,2222.0,2894.0,5387.0,803.0,412.0,1233.0,953.0
2023-08-15,11587.0,11580.0,1363.0,3482.0,55563.0,67444.0,3476.0,4862.0,3663.0,11373.0,7767.0,3746.0,2648.0,2835.0,5700.0,720.0,464.0,1358.0,961.0
2023-08-16,10450.0,9860.0,1148.0,3192.0,112445.0,44672.0,4107.0,5123.0,3650.0,11656.0,7269.0,4236.0,2560.0,2951.0,5699.0,731.0,502.0,1294.0,853.0
2023-08-17,10152.0,8531.0,1152.0,2952.0,56455.0,31467.0,4279.0,4906.0,3554.0,10895.0,7760.0,3907.0,2391.0,2896.0,6364.0,786.0,428.0,1262.0,881.0
2023-08-18,9262.0,7606.0,999.0,2908.0,54770.0,23478.0,3937.0,4785.0,3763.0,10485.0,8106.0,3518.0,2260.0,3049.0,5740.0,639.0,420.0,1233.0,900.0
2023-08-19,8816.0,6711.0,951.0,2769.0,52446.0,16361.0,4776.0,4425.0,3330.0,10477.0,7167.0,3283.0,2009.0,2605.0,4498.0,608.0,421.0,1228.0,820.0
2023-08-20,9074.0,6974.0,1155.0,2757.0,190553.0,9684.0,4607.0,5139.0,3503.0,11051.0,6877.0,3529.0,2199.0,2372.0,4657.0,786.0,616.0,1300.0,942.0
2023-08-21,9273.0,7435.0,1589.0,2882.0,76729.0,12338.0,4373.0,4782.0,3807.0,11077.0,7352.0,4112.0,2607.0,2587.0,5427.0,847.0,588.0,1638.0,982.0
2023-08-22,9179.0,7369.0,1154.0,2718.0,56565.0,11836.0,3350.0,4848.0,3566.0,12058.0,7118.0,4106.0,2459.0,2692.0,5763.0,872.0,716.0,1995.0,1009.0
2023-08-23,9060.0,7433.0,1053.0,2624.0,55103.0,8809.0,3391.0,4842.0,3501.0,12593.0,7090.0,3869.0,2574.0,2711.0,5946.0,738.0,620.0,1796.0,821.0
2023-08-24,13812.0,7939.0,2791.0,2916.0,81584.0,5651.0,3685.0,5042.0,3735.0,13475.0,6890.0,3855.0,2516.0,2946.0,5344.0,816.0,518.0,2126.0,834.0
2023-08-25,11358.0,6841.0,1919.0,2890.0,52515.0,5994.0,3208.0,4689.0,4321.0,12525.0,6866.0,3548.0,3057.0,3065.0,4860.0,782.0,747.0,1713.0,904.0
2023-08-26,9388.0,5706.0,1259.0,2431.0,54600.0,6192.0,3866.0,4386.0,3373.0,11080.0,6595.0,3030.0,2349.0,2522.0,4394.0,704.0,641.0,1283.0,799.0
2023-08-27,9612.0,5989.0,1282.0,2849.0,100777.0,7430.0,4151.0,4646.0,4390.0,11516.0,6745.0,3394.0,2246.0,2342.0,4643.0,815.0,639.0,1503.0,829.0
2023-08-28,9671.0,6514.0,2604.0,2940.0,56768.0,4727.0,3408.0,4680.0,4153.0,11709.0,7315.0,3834.0,2495.0,3170.0,5495.0,803.0,460.0,1416.0,921.0
2023-08-29,9018.0,6386.0,1243.0,2646.0,48874.0,4227.0,3139.0,5016.0,3867.0,11013.0,7268.0,3803.0,2285.0,3211.0,5309.0,799.0,403.0,1342.0,879.0
2023-08-30,8736.0,6424.0,1097.0,2671.0,46541.0,4624.0,3087.0,5104.0,3899.0,11317.0,6931.0,3934.0,2271.0,3046.0,5266.0,775.0,479.0,1282.0,821.0
2023-08-31,8891.0,7167.0,1008.0,2790.0,49854.0,4197.0,3273.0,5036.0,3485.0,11306.0,7170.0,3714.0,2229.0,3007.0,5191.0,731.0,438.0,1327.0,739.0
2023-09-01,8411.0,6055.0,934.0,2500.0,39474.0,3263.0,3182.0,4534.0,3249.0,10508.0,6709.0,3523.0,2024.0,2721.0,4896.0,730.0,428.0,1122.0,738.0
2023-09-02,7808.0,5665.0,843.0,2377.0,38523.0,3259.0,3441.0,4311.0,2933.0,9719.0,6290.0,3089.0,1898.0,2698.0,4304.0,827.0,355.0,1033.0,673.0
2023-09-03,8241.0,6191.0,1106.0,2641.0,43245.0,3517.0,4073.0,4616.0,3364.0,10343.0,6614.0,3386.0,2168.0,2656.0,4673.0,965.0,402.0,1087.0,853.0
2023-09-04,8735.0,6588.0,1015.0,2755.0,64801.0,3380.0,3599.0,4813.0,4321.0,10723.0,6761.0,3874.0,2439.0,3075.0,5220.0,825.0,464.0,1594.0,825.0
2023-09-05,9182.0,6821.0,992.0,2756.0,43110.0,3287.0,3164.0,5105.0,3881.0,11602.0,7558.0,3947.0,2544.0,3134.0,5822.0,1159.0,429.0,1217.0,818.0
2023-09-06,10248.0,8010.0,1001.0,2560.0,42721.0,3331.0,3328.0,5317.0,3925.0,11661.0,7350.0,4023.0,2532.0,3569.0,6110.0,1031.0,457.0,1465.0,849.0
2023-09-07,15013.0,13848.0,1078.0,2820.0,45988.0,3441.0,3850.0,5425.0,4672.0,13929.0,8394.0,4333.0,2944.0,4310.0,9484.0,999.0,514.0,1385.0,766.0
2023-09-08,26288.0,17831.0,1385.0,2981.0,70116.0,5988.0,3720.0,5288.0,4772.0,15049.0,9079.0,5614.0,5630.0,6268.0,8249.0,1001.0,492.0,1349.0,731.0
2023-09-09,16523.0,6639.0,1301.0,2774.0,49948.0,9165.0,3910.0,5450.0,5260.0,25668.0,6998.0,5377.0,6142.0,9327.0,5505.0,1002.0,474.0,1400.0,754.0
2023-09-10,14103.0,6599.0,1253.0,2884.0,42232.0,6068.0,4333.0,9229.0,4226.0,19802.0,7200.0,4735.0,2537.0,2892.0,5355.0,1626.0,438.0,1483.0,850.0
2023-09-11,13617.0,8002.0,1409.0,2808.0,37336.0,4551.0,3666.0,9727.0,4221.0,14042.0,7192.0,6631.0,2898.0,2775.0,6267.0,4775.0,490.0,1448.0,879.0
2023-09-12,17323.0,16560.0,1304.0,2712.0,40074.0,3009.0,3477.0,7878.0,4630.0,13966.0,7461.0,6548.0,5991.0,4343.0,9148.0,3381.0,517.0,1405.0,843.0
2023-09-13,17044.0,7723.0,1162.0,3000.0,37370.0,3249.0,3913.0,6779.0,4514.0,19024.0,8253.0,7831.0,3627.0,9107.0,9441.0,2029.0,519.0,1357.0,842.0
2023-09-14,16672.0,5749.0,1166.0,2947.0,36258.0,6351.0,4175.0,5793.0,11936.0,17107.0,7421.0,3822.0,2769.0,3203.0,5161.0,1315.0,906.0,1278.0,729.0
2023-09-15,12828.0,5408.0,1179.0,3392.0,36443.0,24170.0,3838.0,5813.0,6342.0,12175.0,7449.0,3547.0,2237.0,2611.0,4855.0,1143.0,613.0,1245.0,721.0
2023-09-16,11158.0,5147.0,1041.0,3596.0,38362.0,9972.0,6203.0,7320.0,3990.0,10110.0,6620.0,4101.0,1988.0,2292.0,4249.0,1402.0,467.0,1166.0,715.0
2023-09-17,10018.0,5507.0,1160.0,2937.0,35725.0,10342.0,4838.0,5647.0,3538.0,10803.0,6477.0,3992.0,2353.0,2740.0,4447.0,1486.0,467.0,1315.0,941.0
2023-09-18,10459.0,5979.0,1057.0,2956.0,32631.0,9061.0,3990.0,6449.0,4078.0,11266.0,7098.0,5195.0,2275.0,3171.0,5207.0,1165.0,443.0,1350.0,870.0
2023-09-19,9600.0,6343.0,1076.0,2748.0,35335.0,5287.0,3785.0,5883.0,4009.0,10955.0,7308.0,4347.0,2165.0,3172.0,5552.0,1025.0,431.0,1594.0,802.0
2023-09-20,9563.0,6229.0,1050.0,2746.0,35803.0,4255.0,3918.0,5716.0,6169.0,10930.0,6954.0,3703.0,2323.0,3051.0,5276.0,1192.0,571.0,1488.0,749.0
2023-09-21,9264.0,5842.0,954.0,2709.0,43424.0,3818.0,3732.0,5541.0,4293.0,11360.0,7116.0,3513.0,2187.0,2704.0,5227.0,1023.0,426.0,1375.0,747.0
2023-09-22,9987.0,5717.0,925.0,2779.0,35022.0,3210.0,3471.0,5387.0,4588.0,10331.0,7039.0,3400.0,2200.0,3018.0,4631.0,1048.0,377.0,1400.0,863.0
2023-09-23,8133.0,4957.0,1037.0,2645.0,36060.0,2839.0,4233.0,9020.0,3336.0,10319.0,6433.0,3205.0,1929.0,2449.0,4268.0,910.0,385.0,1263.0,775.0
2023-09-24,8282.0,5370.0,1801.0,2738.0,37382.0,2637.0,4598.0,5404.0,3238.0,10469.0,6613.0,3135.0,2011.0,2804.0,4577.0,1208.0,517.0,1462.0,932.0
2023-09-25,8450.0,6123.0,1179.0,2687.0,37197.0,2976.0,4010.0,5663.0,3805.0,10523.0,6814.0,3653.0,2186.0,3240.0,5530.0,15207.0,449.0,1438.0,826.0
2023-09-26,8916.0,5956.0,954.0,2692.0,33362.0,2879.0,4013.0,5504.0,3835.0,10853.0,7350.0,3772.0,2301.0,3351.0,5466.0,1547.0,420.0,1242.0,799.0
2023-09-27,8580.0,6298.0,945.0,2858.0,32409.0,2597.0,3818.0,4941.0,5542.0,10473.0,7168.0,3404.0,2505.0,3484.0,5324.0,953.0,494.0,1250.0,818.0
2023-09-28,8759.0,5713.0,1135.0,2692.0,36367.0,2425.0,3972.0,5153.0,4313.0,10192.0,7584.0,3313.0,2313.0,3365.0,5279.0,906.0,411.0,1295.0,754.0
2023-09-29,8325.0,5056.0,987.0,2669.0,30324.0,2651.0,3787.0,5025.0,3692.0,10088.0,13433.0,2895.0,2078.0,3094.0,4905.0,851.0,445.0,1183.0,1036.0
2023-09-30,8363.0,4776.0,883.0,2512.0,30609.0,2470.0,3713.0,6365.0,3057.0,9328.0,6912.0,2871.0,1728.0,2495.0,4068.0,700.0,372.0,1101.0,757.0
2023-10-01,7909.0,5449.0,1004.0,2704.0,31626.0,2991.0,4248.0,5074.0,3292.0,9523.0,6287.0,3097.0,1853.0,2222.0,4341.0,776.0,386.0,1252.0,1023.0
2023-10-02,8486.0,6538.0,900.0,2844.0,33069.0,4255.0,3993.0,5174.0,3630.0,10314.0,6940.0,3356.0,2176.0,3044.0,5132.0,808.0,473.0,1279.0,842.0
2023-10-03,8644.0,6210.0,1045.0,2972.0,36798.0,3424.0,3810.0,5094.0,3709.0,10244.0,6733.0,3592.0,2249.0,3179.0,5561.0,872.0,436.0,1787.0,979.0
2023-10-04,8696.0,6408.0,1006.0,2738.0,41339.0,3001.0,3513.0,5100.0,4719.0,10126.0,7015.0,3407.0,2464.0,3541.0,5559.0,832.0,1177.0,1354.0,750.0
2023-10-05,9733.0,6140.0,1111.0,3007.0,42781.0,3307.0,4330.0,4949.0,9024.0,10573.0,6920.0,3330.0,2772.0,3470.0,5479.0,859.0,1227.0,1287.0,804.0
2023-10-06,8589.0,5906.0,897.0,2926.0,43148.0,2841.0,3789.0,4764.0,5321.0,10336.0,6610.0,3045.0,2437.0,3101.0,4773.0,678.0,655.0,1223.0,685.0
2023-10-07,7950.0,4768.0,876.0,2608.0,45556.0,2323.0,4069.0,4300.0,3796.0,9682.0,6223.0,2876.0,1971.0,2365.0,4193.0,676.0,530.0,1140.0,747.0
2023-10-08,8800.0,5481.0,997.0,2783.0,51868.0,3318.0,4174.0,4539.0,3760.0,10382.0,6328.0,3092.0,2142.0,2747.0,4296.0,797.0,466.0,1200.0,767.0
2023-10-09,8924.0,7358.0,870.0,2786.0,43060.0,3438.0,3763.0,4998.0,3952.0,10540.0,7419.0,3892.0,2726.0,2947.0,5514.0,751.0,420.0,1212.0,801.0
2023-10-10,9807.0,7733.0,957.0,2908.0,44769.0,3102.0,3596.0,5109.0,3746.0,11001.0,7322.0,3989.0,2895.0,2967.0,6271.0,1068.0,457.0,1343.0,805.0
2023-10-11,9779.0,8436.0,989.0,2874.0,45388.0,2706.0,3791.0,5103.0,3675.0,11098.0,7111.0,4305.0,3124.0,3527.0,6242.0,698.0,476.0,1295.0,668.0
2023-10-12,12647.0,17626.0,1086.0,2696.0,42401.0,2652.0,3796.0,5471.0,4878.0,12385.0,8414.0,5224.0,7224.0,5135.0,13677.0,781.0,571.0,1345.0,795.0
2023-10-13,17377.0,13822.0,1208.0,2628.0,46131.0,2591.0,3530.0,5523.0,4522.0,29425.0,7076.0,6189.0,3411.0,11068.0,6986.0,677.0,547.0,1456.0,735.0
2023-10-14,17148.0,6053.0,1235.0,2766.0,45179.0,2995.0,4647.0,4726.0,3796.0,17755.0,6248.0,3176.0,2201.0,2841.0,4769.0,664.0,541.0,1279.0,1316.0
2023-10-15,10450.0,6553.0,1168.0,2811.0,42601.0,3402.0,4583.0,5205.0,3798.0,11205.0,6422.0,3424.0,2494.0,2478.0,5090.0,899.0,577.0,1465.0,1220.0
2023-10-16,10782.0,7570.0,1090.0,2904.0,42687.0,4293.0,3989.0,5982.0,4290.0,11376.0,10803.0,3892.0,2719.0,3467.0,6075.0,791.0,527.0,1468.0,1297.0
2023-10-17,11817.0,11505.0,1014.0,2854.0,49337.0,4342.0,3804.0,6464.0,4389.0,13373.0,11574.0,7175.0,3802.0,4119.0,9840.0,783.0,474.0,1365.0,969.0
2023-10-18,19484.0,16487.0,1486.0,3088.0,85358.0,5030.0,3651.0,6379.0,6887.0,26776.0,9308.0,4785.0,7655.0,9955.0,9711.0,766.0,655.0,1604.0,901.0
2023-10-19,13231.0,7256.0,1187.0,2949.0,48707.0,7915.0,3823.0,5756.0,4185.0,16120.0,7591.0,3619.0,2907.0,4222.0,6094.0,794.0,511.0,1355.0,785.0
2023-10-20,12706.0,7028.0,1507.0,2997.0,40024.0,9173.0,3778.0,5492.0,3604.0,11140.0,7156.0,3533.0,2526.0,3511.0,5258.0,789.0,434.0,1425.0,799.0
2023-10-21,9782.0,6842.0,1700.0,2825.0,41331.0,12269.0,4097.0,5208.0,3637.0,10283.0,6415.0,3659.0,2249.0,2955.0,4431.0,809.0,448.0,1257.0,811.0
2023-10-22,13259.0,15481.0,3146.0,3827.0,46135.0,33634.0,4403.0,5821.0,3573.0,10399.0,6829.0,3999.0,2399.0,3494.0,5182.0,1008.0,573.0,1453.0,913.0
2023-10-23,16454.0,19109.0,2802.0,4469.0,39446.0,46898.0,4504.0,5621.0,4048.0,11136.0,7182.0,4463.0,3026.0,3902.0,6232.0,1077.0,513.0,1757.0,941.0
2023-10-24,11240.0,9266.0,1434.0,3445.0,38488.0,13027.0,4002.0,5468.0,3656.0,11622.0,7126.0,4232.0,2850.0,4023.0,6097.0,835.0,534.0,2133.0,892.0
2023-10-25,9275.0,7425.0,1080.0,3128.0,39928.0,8073.0,3930.0,5047.0,3398.0,11341.0,6814.0,3551.0,2364.0,3665.0,5792.0,771.0,405.0,1260.0,875.0
2023-10-26,10306.0,6697.0,1122.0,3119.0,36773.0,5940.0,4485.0,5408.0,3906.0,11043.0,7051.0,3423.0,2474.0,3213.0,5396.0,877.0,489.0,1359.0,952.0
2023-10-27,10394.0,6161.0,1200.0,2823.0,33434.0,8599.0,4384.0,5092.0,3603.0,10570.0,6316.0,3152.0,2054.0,2645.0,4618.0,708.0,432.0,1309.0,796.0
2023-10-28,8745.0,5289.0,1041.0,2646.0,35973.0,7560.0,4229.0,4508.0,3550.0,9678.0,5975.0,2796.0,2219.0,2071.0,4194.0,663.0,423.0,1424.0,740.0
2023-10-29,8352.0,5971.0,1197.0,2580.0,37477.0,4291.0,4431.0,4852.0,3598.0,9982.0,7600.0,3272.0,2189.0,2310.0,5173.0,973.0,523.0,1531.0,1047.0
2023-10-30,9282.0,6302.0,1188.0,3075.0,107040.0,5745.0,4117.0,5083.0,3677.0,10871.0,7470.0,3225.0,2144.0,3108.0,6271.0,826.0,422.0,1342.0,972.0
2023-10-31,9139.0,5866.0,1202.0,2737.0,145890.0,4545.0,3616.0,5136.0,3568.0,10553.0,6460.0,3141.0,2017.0,2971.0,4812.0,843.0,513.0,1277.0,848.0
2023-11-01,8860.0,5861.0,1142.0,2673.0,65383.0,3905.0,4018.0,7500.0,3697.0,11225.0,7780.0,3595.0,2291.0,2944.0,4950.0,1233.0,512.0,1496.0,1067.0
2023-11-02,8753.0,5863.0,1143.0,2820.0,46347.0,3382.0,4181.0,5647.0,3681.0,10975.0,7248.0,3475.0,2330.0,3236.0,4949.0,930.0,465.0,1418.0,897.0
2023-11-03,8551.0,5542.0,1057.0,2870.0,42112.0,3381.0,3933.0,5180.0,3520.0,11414.0,7144.0,3250.0,2196.0,3482.0,4880.0,865.0,469.0,1604.0,1706.0
2023-11-04,8248.0,5299.0,1058.0,3117.0,42301.0,3044.0,4087.0,4869.0,3375.0,11146.0,6652.0,3452.0,1965.0,3944.0,4286.0,922.0,503.0,1661.0,890.0
2023-11-05,8468.0,5893.0,1621.0,3188.0,38951.0,3151.0,4335.0,5442.0,3572.0,11945.0,6994.0,4244.0,2225.0,3972.0,4796.0,1160.0,614.0,2069.0,1054.0
2023-11-06,8757.0,6271.0,1237.0,2938.0,33743.0,3124.0,4527.0,5481.0,3467.0,10779.0,7724.0,3900.0,2376.0,3681.0,5800.0,902.0,541.0,1579.0,945.0
2023-11-07,8356.0,5948.0,1187.0,2843.0,34196.0,2727.0,3865.0,5206.0,3735.0,10747.0,6922.0,3430.0,2612.0,3440.0,5329.0,872.0,1222.0,1370.0,915.0
2023-11-08,8602.0,5987.0,1079.0,2964.0,33543.0,3183.0,4108.0,5429.0,3890.0,10968.0,6691.0,3275.0,2260.0,3272.0,5480.0,797.0,620.0,1388.0,928.0
2023-11-09,9010.0,6044.0,1014.0,3380.0,30433.0,3288.0,4492.0,5209.0,3543.0,10938.0,7131.0,3167.0,2307.0,3242.0,5544.0,767.0,522.0,1429.0,900.0
2023-11-10,9084.0,5849.0,1089.0,3679.0,29098.0,3296.0,3996.0,4839.0,4175.0,10768.0,6707.0,2945.0,2047.0,3001.0,4831.0,738.0,450.0,1391.0,935.0
2023-11-11,9189.0,5613.0,1077.0,3541.0,33161.0,2881.0,4453.0,5268.0,4332.0,11226.0,6459.0,2779.0,2020.0,2532.0,4134.0,890.0,493.0,1348.0,882.0
2023-11-12,9947.0,6077.0,1187.0,4008.0,31839.0,3528.0,4632.0,5184.0,3941.0,10986.0,6797.0,3165.0,2030.0,3001.0,4466.0,1032.0,538.0,1516.0,1030.0
2023-11-13,10031.0,7772.0,1118.0,3514.0,29328.0,6411.0,4375.0,5749.0,3839.0,11597.0,6920.0,3339.0,2469.0,3091.0,5114.0,822.0,498.0,1609.0,1063.0
2023-11-14,10681.0,7574.0,1029.0,3244.0,29109.0,4653.0,4116.0,5377.0,4035.0,12231.0,7094.0,3355.0,2519.0,2910.0,5101.0,821.0,492.0,1565.0,933.0
2023-11-15,9713.0,7756.0,1171.0,2979.0,28209.0,4463.0,3866.0,5066.0,3778.0,12224.0,6898.0,3476.0,2478.0,2748.0,5634.0,832.0,449.0,1548.0,942.0
2023-11-16,12254.0,11574.0,1228.0,3005.0,31799.0,4678.0,3912.0,5252.0,4187.0,13231.0,7094.0,4610.0,3535.0,3746.0,7422.0,856.0,621.0,1600.0,900.0
2023-11-17,30467.0,18372.0,1740.0,3380.0,34022.0,6127.0,3972.0,5691.0,7447.0,24557.0,8474.0,5855.0,7387.0,6079.0,9904.0,912.0,686.0,1603.0,994.0
2023-11-18,15456.0,6841.0,1509.0,2984.0,27779.0,8663.0,4043.0,5045.0,5038.0,16122.0,6733.0,2997.0,2693.0,2969.0,4439.0,849.0,890.0,1555.0,1242.0
2023-11-19,17282.0,20053.0,3512.0,4266.0,30754.0,67102.0,4523.0,5743.0,4790.0,12687.0,7954.0,3842.0,3114.0,3007.0,5921.0,1033.0,1056.0,2061.0,1119.0
2023-11-20,83194.0,39471.0,16919.0,13415.0,31188.0,582171.0,5050.0,7613.0,6219.0,15405.0,8555.0,4348.0,3610.0,3737.0,6318.0,1637.0,1074.0,2637.0,1424.0
2023-11-21,52304.0,20871.0,7071.0,8909.0,30085.0,279370.0,4951.0,7171.0,5505.0,15611.0,8203.0,5016.0,4907.0,3942.0,9572.0,1248.0,799.0,2015.0,1145.0
2023-11-22,41645.0,23674.0,4092.0,6221.0,41140.0,135874.0,4499.0,6881.0,6690.0,23634.0,8312.0,5160.0,5967.0,10843.0,8365.0,1067.0,761.0,2022.0,1097.0
2023-11-23,21155.0,10058.0,2462.0,4421.0,28926.0,68859.0,4284.0,5152.0,4644.0,13985.0,6979.0,3357.0,2600.0,3020.0,5130.0,811.0,601.0,1466.0,977.0
2023-11-24,17341.0,8566.0,2147.0,3817.0,29222.0,50555.0,4532.0,4865.0,3881.0,12700.0,6917.0,2984.0,2320.0,2446.0,4502.0,765.0,504.0,1407.0,922.0
2023-11-25,15634.0,6922.0,1888.0,3978.0,31571.0,41878.0,6401.0,5622.0,3967.0,11454.0,6806.0,2780.0,2125.0,1971.0,3945.0,860.0,512.0,1348.0,842.0
2023-11-26,15112.0,7287.0,2137.0,3924.0,29518.0,38841.0,5186.0,11399.0,4031.0,10986.0,7049.0,3180.0,2232.0,2301.0,4069.0,1246.0,612.0,1574.0,956.0
2023-11-27,14176.0,7430.0,1745.0,3783.0,30362.0,40201.0,4472.0,6362.0,3931.0,11337.0,7117.0,3309.0,2563.0,2890.0,4497.0,844.0,484.0,1579.0,874.0
2023-11-28,14075.0,7433.0,1817.0,3529.0,29209.0,40012.0,4281.0,5277.0,4340.0,11197.0,6841.0,3854.0,2393.0,2901.0,4497.0,827.0,520.0,1562.0,844.0
2023-11-29,12408.0,6691.0,1625.0,3311.0,26484.0,24474.0,4246.0,5140.0,3733.0,11594.0,6936.0,3040.0,2183.0,2580.0,4082.0,865.0,498.0,1440.0,819.0
2023-11-30,11331.0,6372.0,1370.0,3140.0,24910.0,17130.0,4395.0,6230.0,3780.0,16316.0,6925.0,2858.0,2147.0,2852.0,4450.0,978.0,443.0,1597.0,886.0
2023-12-01,11382.0,5760.0,1530.0,3158.0,23390.0,14338.0,4235.0,5612.0,4219.0,11855.0,6605.0,2563.0,2055.0,2446.0,4268.0,856.0,448.0,1659.0,891.0
2023-12-02,10221.0,5302.0,1324.0,2971.0,24631.0,12298.0,4077.0,4960.0,3580.0,10347.0,6414.0,2294.0,1988.0,2187.0,3983.0,796.0,522.0,1406.0,881.0
2023-12-03,9752.0,5558.0,1420.0,3113.0,24449.0,12063.0,5357.0,4939.0,3633.0,10622.0,6866.0,2526.0,1999.0,1915.0,4243.0,791.0,533.0,1796.0,1153.0
2023-12-04,10285.0,5956.0,1576.0,3015.0,24062.0,11719.0,4789.0,4994.0,4225.0,11333.0,8343.0,2767.0,2208.0,2584.0,4674.0,1014.0,642.0,4371.0,1399.0
2023-12-05,10153.0,5775.0,1262.0,2930.0,24774.0,11998.0,4474.0,5037.0,4040.0,11045.0,7720.0,2827.0,2055.0,2699.0,4603.0,861.0,532.0,1969.0,1027.0
2023-12-06,9544.0,5864.0,1294.0,2945.0,26499.0,10488.0,4472.0,4777.0,4018.0,11255.0,9699.0,2920.0,2129.0,2415.0,4518.0,803.0,570.0,2193.0,1282.0
2023-12-07,9575.0,5628.0,1283.0,2943.0,24494.0,9192.0,4328.0,4922.0,4077.0,12446.0,7836.0,2727.0,2060.0,2328.0,4344.0,834.0,541.0,2175.0,1091.0
2023-12-08,9333.0,5419.0,1246.0,2745.0,24213.0,10501.0,4541.0,4660.0,3968.0,11552.0,7101.0,2504.0,2252.0,2144.0,4126.0,845.0,540.0,1913.0,1020.0
2023-12-09,9434.0,5653.0,1412.0,2553.0,27303.0,11432.0,5309.0,4256.0,3646.0,10479.0,6333.0,2431.0,2095.0,1820.0,3897.0,682.0,449.0,1617.0,833.0
2023-12-10,18771.0,24907.0,3473.0,3551.0,27774.0,57428.0,6074.0,4854.0,4029.0,10746.0,6886.0,2955.0,2303.0,2352.0,6031.0,918.0,652.0,1859.0,1179.0
2023-12-11,21603.0,15955.0,3332.0,4042.0,26150.0,70277.0,5652.0,5241.0,4212.0,11606.0,7263.0,3127.0,2321.0,2497.0,6164.0,928.0,638.0,1830.0,1046.0
2023-12-12,13577.0,9891.0,2106.0,3253.0,29247.0,33951.0,4669.0,4859.0,3866.0,11070.0,7079.0,2859.0,2065.0,2339.0,4428.0,814.0,594.0,1601.0,1044.0
2023-12-13,15437.0,9273.0,2064.0,3520.0,26945.0,31763.0,4745.0,5024.0,3999.0,11152.0,7057.0,2825.0,2008.0,2433.0,4106.0,809.0,486.0,1452.0,1011.0
2023-12-14,12284.0,7884.0,1581.0,3101.0,25159.0,19900.0,4545.0,4781.0,3724.0,10704.0,6753.0,2594.0,1979.0,2174.0,4410.0,799.0,540.0,1510.0,891.0
2023-12-15,10626.0,7130.0,1603.0,3138.0,23851.0,16359.0,4570.0,4738.0,3390.0,9658.0,6341.0,2395.0,1824.0,1765.0,3864.0,977.0,581.0,1610.0,974.0
2023-12-16,10465.0,6129.0,1248.0,3447.0,23251.0,14835.0,5066.0,4525.0,3320.0,9100.0,6133.0,2475.0,1675.0,1589.0,4525.0,681.0,536.0,1570.0,868.0
2023-12-17,10403.0,6598.0,1699.0,3115.0,24961.0,13807.0,5428.0,5219.0,3703.0,9462.0,6756.0,3664.0,1787.0,1742.0,6275.0,884.0,525.0,1687.0,982.0
2023-12-18,11675.0,6987.0,1863.0,3541.0,29931.0,14323.0,5099.0,6942.0,3803.0,10737.0,6987.0,4289.0,1940.0,1935.0,4539.0,1393.0,488.0,1583.0,944.0
2023-12-19,9928.0,5956.0,1416.0,2992.0,26176.0,10888.0,4556.0,4874.0,3364.0,9891.0,6597.0,2624.0,1750.0,2036.0,3818.0,830.0,502.0,1419.0,802.0
2023-12-20,9615.0,6006.0,1317.0,2922.0,24530.0,9952.0,4299.0,4458.0,3334.0,9775.0,6169.0,2483.0,1633.0,2113.0,3488.0,701.0,426.0,1193.0,834.0
2023-12-21,11322.0,9230.0,2101.0,3129.0,23676.0,17728.0,4519.0,4399.0,3383.0,9531.0,6236.0,2566.0,1661.0,1754.0,3493.0,799.0,465.0,1370.0,930.0
2023-12-22,9921.0,6199.0,1546.0,2911.0,26353.0,17116.0,5421.0,4350.0,3276.0,9543.0,5970.0,2373.0,1593.0,1553.0,3328.0,671.0,476.0,1151.0,740.0
2023-12-23,9369.0,5412.0,1468.0,2888.0,27029.0,13605.0,4725.0,4427.0,3631.0,9977.0,6080.0,2227.0,1632.0,1555.0,3059.0,825.0,703.0,1162.0,832.0
2023-12-24,9266.0,5143.0,1413.0,2836.0,24117.0,11616.0,4789.0,4191.0,3261.0,9629.0,6025.0,2256.0,1487.0,1710.0,3087.0,746.0,577.0,1370.0,944.0
2023-12-25,9231.0,4927.0,1577.0,2879.0,24723.0,10698.0,5500.0,4409.0,3451.0,9762.0,6143.0,2342.0,1699.0,1810.0,3102.0,940.0,1607.0,1577.0,1117.0
2023-12-26,9617.0,5497.0,1415.0,3484.0,27312.0,9755.0,5511.0,4481.0,4258.0,10063.0,6654.0,2496.0,1745.0,2396.0,3397.0,925.0,737.0,1442.0,1087.0
2023-12-27,10423.0,5963.0,1329.0,3908.0,29607.0,11778.0,5796.0,4695.0,10147.0,9735.0,7218.0,2668.0,1970.0,2350.0,3516.0,784.0,992.0,1294.0,1071.0
2023-12-28,10311.0,5795.0,2336.0,3258.0,27529.0,13499.0,5724.0,4523.0,4987.0,9762.0,7112.0,2707.0,1868.0,2230.0,3599.0,833.0,899.0,1456.0,1179.0
2023-12-29,10327.0,5367.0,1836.0,2908.0,27435.0,16105.0,4784.0,4393.0,3866.0,9694.0,6909.0,2489.0,1925.0,2045.0,3530.0,759.0,790.0,1592.0,913.0
2023-12-30,10798.0,4944.0,2028.0,3139.0,30264.0,20074.0,5323.0,4483.0,3548.0,10062.0,6678.0,2434.0,1754.0,2201.0,3302.0,748.0,791.0,1438.0,956.0
2023-12-31,10992.0,5136.0,1483.0,2991.0,33206.0,25566.0,5209.0,4283.0,3380.0,9512.0,6432.0,2320.0,1655.0,1909.0,3151.0,755.0,623.0,1451.0,950.0
2024-01-01,10042.0,4901.0,1428.0,3041.0,34417.0,17777.0,5353.0,4871.0,3476.0,9904.0,6651.0,2468.0,1771.0,2050.0,3298.0,841.0,653.0,1460.0,1057.0
2024-01-02,10397.0,5462.0,1358.0,3159.0,34155.0,13226.0,5511.0,5805.0,3570.0,10280.0,7334.0,2896.0,1822.0,1986.0,3659.0,872.0,573.0,1775.0,1233.0
2024-01-03,10205.0,5474.0,1688.0,3198.0,31324.0,10619.0,5745.0,5081.0,3698.0,10029.0,7177.0,2604.0,1955.0,2257.0,3866.0,853.0,622.0,1494.0,1118.0
2024-01-04,10137.0,5535.0,1622.0,3310.0,29883.0,9198.0,5623.0,5148.0,5039.0,10534.0,6766.0,2845.0,2362.0,2204.0,3985.0,1891.0,827.0,1501.0,1036.0
2024-01-05,9149.0,4976.0,1443.0,3099.0,28179.0,7381.0,5944.0,5500.0,5902.0,10073.0,6894.0,2805.0,2389.0,1826.0,3689.0,1021.0,925.0,1433.0,897.0
2024-01-06,8943.0,5127.0,1898.0,3061.0,28066.0,6327.0,6255.0,6091.0,7444.0,10156.0,6855.0,2861.0,2844.0,2218.0,3689.0,1103.0,1120.0,1757.0,1063.0
2024-01-07,9609.0,5381.0,2210.0,3320.0,29501.0,6929.0,5775.0,6616.0,8007.0,10563.0,7286.0,3073.0,3250.0,2179.0,3797.0,1479.0,1388.0,1862.0,1239.0
2024-01-08,9401.0,5236.0,1635.0,3232.0,28460.0,7216.0,5787.0,6013.0,6645.0,11202.0,7315.0,3100.0,2892.0,2458.0,4349.0,1117.0,867.0,1599.0,1031.0
2024-01-09,10369.0,5729.0,1725.0,3503.0,28355.0,6949.0,7412.0,6616.0,6645.0,12159.0,8160.0,3409.0,3227.0,3238.0,5503.0,1226.0,945.0,1855.0,1252.0
2024-01-10,11183.0,6209.0,2021.0,3546.0,27991.0,8591.0,12692.0,7269.0,7206.0,12465.0,9345.0,3660.0,3255.0,3281.0,5827.0,1359.0,1029.0,1933.0,1686.0
2024-01-11,9815.0,5919.0,1689.0,3361.0,27679.0,7196.0,6543.0,6937.0,6342.0,12282.0,8933.0,3432.0,3085.0,2631.0,6126.0,1349.0,901.0,1776.0,1181.0
2024-01-12,9798.0,5601.0,1621.0,3412.0,25970.0,6348.0,6370.0,6158.0,6048.0,11684.0,8179.0,3562.0,2969.0,2655.0,5418.0,1145.0,848.0,1960.0,1054.0
2024-01-13,9064.0,4960.0,1617.0,3336.0,26784.0,5957.0,8270.0,5993.0,6629.0,10858.0,7884.0,3061.0,3319.0,2241.0,4464.0,1007.0,1063.0,1542.0,1092.0
2024-01-14,9054.0,5460.0,1702.0,3248.0,31403.0,5636.0,7127.0,6143.0,6788.0,11286.0,8400.0,3463.0,3783.0,2341.0,5088.0,1155.0,1069.0,1758.0,1220.0
2024-01-15,9310.0,5898.0,1498.0,3332.0,38187.0,6022.0,7496.0,6233.0,5796.0,11467.0,7854.0,3739.0,3670.0,2844.0,5738.0,1133.0,891.0,1855.0,1366.0
2024-01-16,9635.0,5937.0,1545.0,3359.0,50388.0,7163.0,6491.0,5884.0,5447.0,11192.0,7534.0,3453.0,3379.0,3076.0,5608.0,1037.0,750.0,1726.0,1159.0
2024-01-17,9907.0,5842.0,1881.0,3285.0,33064.0,12236.0,5863.0,5872.0,4804.0,11399.0,7799.0,3385.0,3410.0,3003.0,5312.0,964.0,767.0,1980.0,1574.0
2024-01-18,11711.0,5704.0,1977.0,3534.0,30809.0,24985.0,5790.0,5778.0,5277.0,12295.0,8263.0,3291.0,3059.0,2709.0,5585.0,1033.0,682.0,1674.0,1143.0
2024-01-19,10897.0,5481.0,1787.0,3580.0,29835.0,23376.0,5502.0,5918.0,4766.0,11361.0,7842.0,2808.0,2634.0,2359.0,5509.0,946.0,789.0,1640.0,1088.0
2024-01-20,10089.0,4998.0,1578.0,3321.0,31967.0,15814.0,6005.0,5474.0,5181.0,10439.0,7438.0,2642.0,2715.0,2049.0,5249.0,965.0,710.0,1452.0,957.0
2024-01-21,10002.0,5118.0,1836.0,3349.0,29668.0,13428.0,7876.0,6191.0,5862.0,10744.0,8051.0,3053.0,3100.0,2197.0,5235.0,1104.0,913.0,1677.0,1103.0
2024-01-22,9804.0,5528.0,1550.0,3413.0,28468.0,10831.0,6419.0,5770.0,4826.0,10948.0,8313.0,3024.0,2979.0,2933.0,5439.0,981.0,700.0,1708.0,1102.0
2024-01-23,9614.0,5578.0,1482.0,3324.0,30188.0,10019.0,6184.0,5938.0,4516.0,11358.0,7809.0,3126.0,2673.0,2910.0,5580.0,1032.0,703.0,1694.0,1071.0
2024-01-24,9639.0,5791.0,2422.0,3365.0,27038.0,9387.0,6918.0,6057.0,4863.0,11573.0,7727.0,3266.0,2583.0,3019.0,5434.0,1065.0,712.0,1727.0,1206.0
2024-01-25,10491.0,5768.0,2469.0,3775.0,26999.0,10324.0,6001.0,5877.0,4646.0,11444.0,8607.0,3023.0,2533.0,2523.0,5724.0,971.0,731.0,1863.0,1192.0
2024-01-26,9281.0,5044.0,1920.0,3203.0,27426.0,8174.0,5675.0,5767.0,4564.0,10863.0,8944.0,2812.0,2427.0,2547.0,6215.0,833.0,659.0,1571.0,1082.0
2024-01-27,8808.0,4881.0,1693.0,3069.0,26423.0,7335.0,6876.0,5514.0,4762.0,10997.0,8724.0,2746.0,2538.0,2449.0,5638.0,864.0,710.0,1325.0,1068.0
2024-01-28,9421.0,5237.0,1582.0,3279.0,29631.0,8039.0,19153.0,5959.0,4900.0,10947.0,9432.0,3065.0,3220.0,2320.0,5477.0,942.0,748.0,1505.0,1241.0
2024-01-29,9479.0,5411.0,1403.0,3483.0,32071.0,7666.0,8500.0,6051.0,4549.0,11830.0,9341.0,3056.0,2781.0,2690.0,6184.0,1047.0,652.0,1627.0,1196.0
2024-01-30,9656.0,5618.0,1331.0,3594.0,31419.0,7051.0,6633.0,6025.0,4478.0,11802.0,9331.0,3179.0,2788.0,2942.0,6532.0,1015.0,725.0,1763.0,1220.0
2024-01-31,9803.0,6222.0,1959.0,3464.0,28962.0,6928.0,6516.0,5755.0,4507.0,11740.0,8977.0,3503.0,3096.0,3065.0,6322.0,976.0,729.0,1736.0,1479.0
2024-02-01,8678.0,5275.0,2490.0,3006.0,33191.0,6465.0,5282.0,5138.0,3980.0,10778.0,8001.0,2792.0,2366.0,2943.0,5347.0,979.0,625.0,1702.0,1152.0
2024-02-02,8871.0,5338.0,1678.0,3103.0,30699.0,6496.0,5068.0,5423.0,3995.0,11029.0,7960.0,2681.0,2370.0,2317.0,5327.0,1026.0,605.0,1479.0,1123.0
2024-02-03,8894.0,5254.0,1835.0,2906.0,28209.0,6872.0,10911.0,6264.0,4146.0,10089.0,7889.0,3540.0,2426.0,1927.0,4482.0,1303.0,790.0,1378.0,1133.0
2024-02-04,9409.0,5229.0,1904.0,3233.0,34537.0,6951.0,6795.0,10345.0,4616.0,10951.0,8461.0,5464.0,2565.0,1963.0,4789.0,3073.0,812.0,1713.0,1433.0
2024-02-05,9182.0,5706.0,1439.0,3309.0,37955.0,6454.0,6023.0,10648.0,4335.0,11375.0,8455.0,6968.0,2404.0,2513.0,5746.0,2659.0,692.0,1779.0,1336.0
2024-02-06,9644.0,6013.0,1584.0,3085.0,31412.0,14558.0,5390.0,9216.0,4600.0,11680.0,9272.0,8928.0,2308.0,2704.0,6008.0,1821.0,637.0,1733.0,1357.0
2024-02-07,9651.0,5280.0,1567.0,2949.0,32215.0,19876.0,5553.0,10166.0,4195.0,11018.0,8857.0,7302.0,2301.0,2770.0,5493.0,1746.0,630.0,1841.0,1256.0
2024-02-08,9204.0,6436.0,1325.0,2978.0,30608.0,14812.0,5217.0,7617.0,3868.0,11013.0,16469.0,4445.0,2115.0,3045.0,6031.0,1026.0,584.0,1802.0,1488.0
2024-02-09,8275.0,5211.0,1346.0,2824.0,26128.0,11124.0,4680.0,6430.0,3834.0,10718.0,9090.0,3821.0,2093.0,2514.0,5090.0,926.0,591.0,1515.0,1007.0
2024-02-10,8136.0,4876.0,1131.0,2843.0,26481.0,8372.0,5496.0,5934.0,3738.0,10084.0,7581.0,3422.0,2216.0,2120.0,4121.0,854.0,632.0,1544.0,956.0
2024-02-11,9063.0,5960.0,1527.0,3164.0,26705.0,11023.0,6629.0,5972.0,4040.0,10674.0,7500.0,3229.0,2307.0,2152.0,4726.0,963.0,673.0,1688.0,1150.0
2024-02-12,9389.0,5351.0,1468.0,3053.0,56878.0,21228.0,4766.0,5583.0,3417.0,10648.0,7158.0,3255.0,2355.0,2563.0,5035.0,1052.0,970.0,1588.0,995.0
2024-02-13,8940.0,5289.0,1449.0,2969.0,25793.0,12835.0,4879.0,5416.0,3521.0,10817.0,7248.0,3252.0,2174.0,2707.0,4955.0,946.0,701.0,1570.0,1148.0
2024-02-14,8035.0,4867.0,1745.0,2943.0,24315.0,8088.0,4776.0,5433.0,3607.0,10611.0,7086.0,2957.0,2140.0,2306.0,4760.0,990.0,938.0,1932.0,1104.0
2024-02-15,8029.0,4936.0,1726.0,3064.0,25835.0,6462.0,6290.0,5533.0,3902.0,10670.0,7189.0,2858.0,2035.0,2419.0,5189.0,981.0,651.0,1548.0,1035.0
2024-02-16,8013.0,4944.0,1595.0,2961.0,28587.0,5927.0,5483.0,5450.0,3676.0,10364.0,7135.0,2900.0,2050.0,2325.0,4766.0,908.0,637.0,1391.0,1039.0
2024-02-17,7954.0,4729.0,1441.0,3131.0,24996.0,5227.0,6270.0,5301.0,4171.0,10094.0,7207.0,2655.0,2111.0,2189.0,4122.0,894.0,585.0,1398.0,939.0
2024-02-18,8778.0,5241.0,1755.0,3523.0,24545.0,6451.0,7205.0,5433.0,4146.0,11414.0,7268.0,2829.0,2201.0,2659.0,4609.0,942.0,697.0,1665.0,1194.0
2024-02-19,9133.0,5296.0,1647.0,3414.0,23196.0,6856.0,6368.0,5580.0,3982.0,12080.0,7564.0,2918.0,2278.0,2657.0,5319.0,1119.0,736.0,1723.0,1165.0
2024-02-20,9476.0,5138.0,1550.0,3346.0,25996.0,8012.0,5858.0,5709.0,4166.0,12705.0,7606.0,2942.0,2206.0,3071.0,5439.0,996.0,649.0,1712.0,1070.0
2024-02-21,8881.0,5283.0,1416.0,3178.0,28425.0,6879.0,5067.0,5360.0,3762.0,11724.0,8855.0,3065.0,2123.0,3200.0,5175.0,1428.0,601.0,1738.0,995.0
2024-02-22,8345.0,5556.0,1371.0,3148.0,36632.0,6470.0,4861.0,5132.0,3765.0,11379.0,7752.0,3016.0,2069.0,2703.0,5423.0,983.0,573.0,1705.0,1045.0
2024-02-23,8472.0,5333.0,1197.0,3154.0,24324.0,7892.0,4895.0,5053.0,3871.0,10845.0,7247.0,2716.0,2038.0,2405.0,4729.0,845.0,686.0,1692.0,990.0
2024-02-24,8680.0,5121.0,1423.0,2878.0,23471.0,10748.0,5794.0,4795.0,3669.0,10892.0,6935.0,2421.0,1876.0,2019.0,4296.0,778.0,849.0,1533.0,1203.0
2024-02-25,9495.0,5672.0,1622.0,3859.0,24903.0,13718.0,5975.0,5380.0,3896.0,11667.0,7662.0,2792.0,2090.0,2335.0,4795.0,1037.0,700.0,1779.0,1249.0
2024-02-26,9206.0,5677.0,1576.0,3382.0,37312.0,11923.0,5223.0,5315.0,3876.0,12519.0,7729.0,2926.0,2094.0,3035.0,5057.0,967.0,680.0,1838.0,1118.0
2024-02-27,8877.0,5660.0,1354.0,3157.0,27198.0,9057.0,4964.0,5675.0,3738.0,11999.0,7761.0,2803.0,2095.0,2994.0,5084.0,927.0,654.0,1613.0,1156.0
2024-02-28,8532.0,5641.0,1763.0,3043.0,25262.0,6996.0,4762.0,5155.0,3576.0,11546.0,7919.0,3239.0,2242.0,2670.0,5210.0,1171.0,563.0,1753.0,1129.0
2024-02-29,8191.0,5346.0,1403.0,3088.0,24938.0,7031.0,5109.0,4982.0,3503.0,11195.0,7289.0,2948.0,1979.0,2730.0,5346.0,963.0,623.0,1619.0,1691.0
2024-03-01,7988.0,5092.0,1279.0,3079.0,22690.0,6819.0,4465.0,4855.0,3469.0,10901.0,7071.0,2738.0,1879.0,2153.0,4482.0,779.0,547.0,1606.0,1099.0
2024-03-02,8355.0,5362.0,1268.0,2998.0,26674.0,7570.0,5309.0,5896.0,3947.0,10313.0,6498.0,2846.0,1863.0,2028.0,4014.0,893.0,640.0,1424.0,905.0
2024-03-03,8442.0,5475.0,1426.0,3166.0,39060.0,6583.0,5752.0,6128.0,3909.0,11232.0,6856.0,2978.0,2188.0,2216.0,4799.0,1021.0,700.0,1566.0,1032.0
2024-03-04,8666.0,5448.0,1330.0,3249.0,26096.0,6789.0,4897.0,6342.0,3753.0,10939.0,7746.0,2888.0,2131.0,2346.0,5308.0,821.0,597.0,1537.0,1052.0
2024-03-05,8099.0,5590.0,1291.0,3179.0,24661.0,6573.0,4551.0,5401.0,3689.0,10698.0,7287.0,2853.0,2000.0,2506.0,5219.0,880.0,605.0,1596.0,1112.0
2024-03-06,7908.0,5476.0,1305.0,3242.0,24980.0,5921.0,4417.0,5486.0,4202.0,10771.0,7236.0,3031.0,2111.0,2826.0,5398.0,833.0,602.0,1673.0,1208.0
2024-03-07,7894.0,5583.0,1300.0,2885.0,22678.0,5439.0,4563.0,5348.0,4176.0,10366.0,7222.0,2832.0,2142.0,2827.0,4989.0,849.0,811.0,1893.0,1076.0
2024-03-08,7858.0,4935.0,1293.0,2881.0,29036.0,5057.0,4491.0,4794.0,3664.0,9750.0,6596.0,2730.0,1771.0,2337.0,4410.0,759.0,660.0,1577.0,981.0
2024-03-09,7423.0,4594.0,1295.0,2869.0,22347.0,4548.0,4785.0,4779.0,3281.0,9617.0,6086.0,2475.0,1741.0,2024.0,3959.0,690.0,584.0,1446.0,916.0
2024-03-10,8519.0,5379.0,1480.0,3475.0,24197.0,5306.0,5163.0,5159.0,3737.0,10490.0,10103.0,2698.0,2036.0,2349.0,4786.0,893.0,711.0,1715.0,1131.0
2024-03-11,8357.0,5922.0,1291.0,3437.0,21825.0,4990.0,4533.0,5208.0,3963.0,10580.0,7800.0,2884.0,2138.0,2473.0,5507.0,799.0,562.0,1657.0,1147.0
2024-03-12,8488.0,6131.0,1286.0,3297.0,23888.0,5388.0,4298.0,5252.0,4191.0,10553.0,7030.0,2907.0,2155.0,2763.0,5413.0,904.0,549.0,1797.0,1201.0
2024-03-13,8227.0,6302.0,1414.0,3598.0,23770.0,5097.0,4373.0,5023.0,3586.0,10430.0,6679.0,3132.0,2121.0,2814.0,5182.0,854.0,660.0,1572.0,1175.0
2024-03-14,8446.0,6177.0,1156.0,3325.0,31277.0,7834.0,4450.0,5116.0,3505.0,10400.0,7088.0,3091.0,2120.0,3115.0,5736.0,782.0,585.0,1596.0,976.0
2024-03-15,7994.0,5477.0,1128.0,3175.0,23762.0,5605.0,5434.0,4843.0,3413.0,9855.0,6731.0,2791.0,2049.0,2221.0,5061.0,787.0,515.0,1432.0,927.0
2024-03-16,7498.0,4810.0,1214.0,3008.0,24974.0,4602.0,4657.0,4376.0,3384.0,9495.0,6205.0,2644.0,1827.0,1934.0,4038.0,851.0,555.0,1381.0,934.0
2024-03-17,8032.0,5512.0,1244.0,2967.0,24857.0,4728.0,5026.0,4824.0,3651.0,10170.0,6778.0,2825.0,2023.0,2373.0,4785.0,880.0,579.0,1500.0,997.0
2024-03-18,8531.0,6225.0,1237.0,3126.0,22211.0,4995.0,4529.0,5198.0,3818.0,11517.0,7084.0,3033.0,2336.0,2836.0,5523.0,883.0,572.0,1751.0,1003.0
2024-03-19,8844.0,6323.0,1493.0,3130.0,22025.0,4991.0,5383.0,5190.0,3733.0,11211.0,7164.0,3180.0,2373.0,3211.0,5519.0,803.0,862.0,1614.0,986.0
2024-03-20,8967.0,6991.0,1269.0,3538.0,21597.0,5133.0,4214.0,5219.0,3808.0,11089.0,7262.0,3352.0,2312.0,3196.0,5526.0,743.0,648.0,1474.0,1051.0
2024-03-21,9129.0,7345.0,1161.0,3216.0,23083.0,4310.0,4120.0,5114.0,3923.0,11463.0,7379.0,3477.0,2305.0,3304.0,5908.0,824.0,575.0,1496.0,912.0
2024-03-22,10535.0,9814.0,1086.0,2835.0,22307.0,3756.0,4348.0,6365.0,3935.0,12140.0,8558.0,6221.0,2555.0,3251.0,11463.0,1009.0,526.0,1481.0,976.0
2024-03-23,21531.0,11484.0,1217.0,3082.0,25667.0,3574.0,4923.0,5182.0,4684.0,21235.0,8072.0,4082.0,5303.0,6402.0,5891.0,899.0,717.0,1631.0,980.0
2024-03-24,10902.0,6175.0,1494.0,3584.0,23862.0,4330.0,5575.0,5213.0,4125.0,18904.0,7325.0,3165.0,3122.0,3221.0,5132.0,1060.0,1177.0,1908.0,1146.0
2024-03-25,9915.0,6639.0,1169.0,3449.0,22892.0,4132.0,4413.0,5939.0,4180.0,15018.0,7422.0,3430.0,2564.0,3077.0,5461.0,888.0,621.0,2355.0,1100.0
2024-03-26,10862.0,9985.0,1100.0,3001.0,23322.0,3550.0,4172.0,5566.0,4660.0,18188.0,8588.0,6944.0,3736.0,7487.0,10931.0,784.0,586.0,1738.0,882.0
2024-03-27,18458.0,12441.0,1461.0,3545.0,25600.0,4614.0,4006.0,4943.0,4379.0,17623.0,7591.0,3523.0,2266.0,4428.0,5136.0,741.0,551.0,1893.0,1613.0
2024-03-28,10128.0,5279.0,1126.0,3084.0,24511.0,5673.0,4189.0,5068.0,4158.0,14649.0,9964.0,4505.0,2835.0,2396.0,4997.0,1292.0,548.0,2240.0,1481.0
2024-03-29,8311.0,6978.0,1464.0,3061.0,24186.0,5122.0,4655.0,4693.0,3763.0,10410.0,7206.0,2601.0,2077.0,2341.0,4464.0,1187.0,690.0,1627.0,1341.0
2024-03-30,8101.0,4633.0,1001.0,2820.0,25193.0,4272.0,4203.0,4349.0,4037.0,10217.0,6680.0,2648.0,2071.0,2457.0,4319.0,719.0,582.0,1333.0,798.0
2024-03-31,8644.0,5036.0,1239.0,3220.0,27094.0,4214.0,4959.0,4724.0,4058.0,17478.0,6940.0,2694.0,2155.0,4909.0,4596.0,887.0,626.0,1748.0,1050.0
2024-04-01,8198.0,5487.0,1253.0,3372.0,23065.0,4260.0,4580.0,4861.0,3813.0,10901.0,9891.0,2991.0,2261.0,4486.0,5027.0,843.0,601.0,1488.0,1038.0
2024-04-02,8741.0,6572.0,1118.0,3214.0,23279.0,4077.0,3929.0,4966.0,3611.0,10258.0,7310.0,3194.0,2322.0,4773.0,5095.0,761.0,595.0,1403.0,938.0
2024-04-03,8539.0,6127.0,1222.0,3450.0,25308.0,4509.0,4020.0,5141.0,3725.0,10409.0,6945.0,3186.0,2254.0,3663.0,5392.0,812.0,594.0,1512.0,879.0
2024-04-04,8258.0,5731.0,1407.0,3241.0,23373.0,3941.0,3886.0,4872.0,3858.0,10071.0,6696.0,3133.0,2379.0,3868.0,5262.0,1295.0,3199.0,1886.0,1073.0
2024-04-05,7897.0,5302.0,1112.0,3066.0,20433.0,4366.0,3818.0,4780.0,3414.0,9599.0,6704.0,2948.0,2054.0,3249.0,4673.0,818.0,836.0,1495.0,858.0
2024-04-06,7393.0,4901.0,1619.0,14798.0,20660.0,3709.0,4035.0,4385.0,3698.0,9216.0,6378.0,2544.0,1958.0,2737.0,4237.0,701.0,1000.0,1363.0,878.0
2024-04-07,7928.0,5702.0,1302.0,5719.0,28410.0,3734.0,5348.0,4667.0,3560.0,10416.0,6761.0,2877.0,2484.0,3047.0,4618.0,862.0,981.0,1445.0,875.0
2024-04-08,7931.0,6226.0,1099.0,12003.0,21564.0,4054.0,3908.0,4986.0,3417.0,11299.0,6717.0,3305.0,2217.0,3547.0,5607.0,780.0,588.0,1623.0,915.0
2024-04-09,8277.0,6286.0,1087.0,32080.0,23732.0,5789.0,3623.0,4991.0,3525.0,11175.0,6624.0,3290.0,2385.0,3710.0,5338.0,831.0,607.0,1494.0,979.0
2024-04-10,7835.0,6379.0,995.0,2756.0,27775.0,4126.0,3860.0,5333.0,3308.0,10792.0,12717.0,3311.0,2470.0,3880.0,5276.0,710.0,533.0,2815.0,878.0
2024-04-11,13127.0,6408.0,1014.0,42771.0,28316.0,6162.0,3533.0,5766.0,3528.0,10715.0,6806.0,3231.0,2644.0,3884.0,5504.0,766.0,533.0,1558.0,799.0
2024-04-12,14306.0,5700.0,1166.0,63760.0,21608.0,10500.0,3598.0,4677.0,3371.0,10464.0,6583.0,3425.0,2334.0,3514.0,5249.0,636.0,526.0,1341.0,729.0
2024-04-13,10102.0,5435.0,1081.0,10904.0,21965.0,15747.0,3535.0,4244.0,3072.0,9457.0,5945.0,2789.0,2090.0,2981.0,4371.0,620.0,439.0,1161.0,778.0
2024-04-14,23956.0,7034.0,1219.0,92510.0,33634.0,9745.0,4040.0,4689.0,3333.0,10580.0,6432.0,3397.0,2469.0,3548.0,5099.0,743.0,635.0,1442.0,987.0
2024-04-15,13375.0,7828.0,1063.0,47582.0,23788.0,7842.0,4055.0,5815.0,3375.0,10826.0,6828.0,3851.0,2635.0,3803.0,5662.0,795.0,561.0,1489.0,800.0
2024-04-16,8086.0,6798.0,1159.0,6993.0,26546.0,5438.0,3791.0,13191.0,5624.0,10567.0,6486.0,4027.0,2411.0,3454.0,5709.0,1133.0,828.0,1676.0,856.0
2024-04-17,8891.0,6440.0,997.0,4614.0,28831.0,5063.0,3955.0,5888.0,3829.0,11005.0,7541.0,3715.0,2505.0,3682.0,5409.0,778.0,634.0,1477.0,849.0
2024-04-18,9077.0,6175.0,1173.0,6898.0,25274.0,5191.0,3673.0,4837.0,3436.0,10965.0,6870.0,3203.0,2325.0,3466.0,5102.0,727.0,516.0,1574.0,885.0
2024-04-19,10823.0,5659.0,1271.0,8323.0,23086.0,5098.0,3912.0,6039.0,3408.0,10015.0,6411.0,2975.0,2174.0,2941.0,5051.0,832.0,605.0,1538.0,875.0
2024-04-20,12932.0,5253.0,1101.0,30826.0,22846.0,4221.0,4800.0,4095.0,3216.0,9519.0,5665.0,2633.0,1837.0,2731.0,4142.0,782.0,584.0,1407.0,1017.0
2024-04-21,16057.0,5790.0,1104.0,64259.0,41743.0,3738.0,4250.0,4222.0,3408.0,10300.0,6298.0,3014.0,2409.0,3197.0,4786.0,795.0,578.0,1646.0,996.0
2024-04-22,15173.0,6085.0,1039.0,41610.0,27868.0,3788.0,4259.0,4663.0,3785.0,11461.0,6955.0,3293.0,2443.0,3527.0,5274.0,778.0,632.0,1686.0,1094.0
2024-04-23,8061.0,6386.0,1274.0,9565.0,25295.0,4421.0,4098.0,4598.0,3292.0,10790.0,6432.0,3042.0,2380.0,3450.0,5287.0,807.0,620.0,4149.0,947.0
2024-04-24,8555.0,6059.0,1372.0,3826.0,24204.0,5632.0,3959.0,4636.0,3411.0,10898.0,6493.0,3206.0,2236.0,3465.0,5422.0,741.0,536.0,1718.0,852.0
2024-04-25,8461.0,6165.0,976.0,3333.0,23874.0,5424.0,3524.0,4568.0,5925.0,10758.0,6427.0,3213.0,2300.0,3461.0,5003.0,695.0,483.0,1502.0,729.0
2024-04-26,7809.0,5474.0,880.0,3089.0,21957.0,4146.0,3584.0,4382.0,4799.0,10502.0,5962.0,2848.0,2089.0,3167.0,4453.0,652.0,478.0,1325.0,863.0
2024-04-27,7098.0,4548.0,760.0,2977.0,23205.0,3428.0,3909.0,4078.0,3852.0,9111.0,5335.0,2544.0,1773.0,2483.0,3934.0,547.0,412.0,1146.0,683.0
2024-04-28,7910.0,5464.0,1113.0,3327.0,44312.0,3943.0,3769.0,4342.0,3778.0,9612.0,5754.0,2945.0,1954.0,2727.0,4432.0,783.0,503.0,1252.0,839.0
2024-04-29,8325.0,5892.0,952.0,3115.0,28327.0,5015.0,3676.0,4754.0,3951.0,10292.0,6169.0,3225.0,2590.0,3131.0,4787.0,730.0,424.0,1423.0,863.0
2024-04-30,8242.0,5389.0,956.0,2988.0,29687.0,4622.0,3494.0,4410.0,3791.0,10481.0,6398.0,2928.0,2495.0,3032.0,4767.0,749.0,485.0,1370.0,767.0
2024-05-01,8218.0,5546.0,898.0,3150.0,28132.0,3969.0,3484.0,4472.0,3563.0,10155.0,8316.0,3025.0,2333.0,2752.0,4591.0,723.0,471.0,1217.0,948.0
2024-05-02,9255.0,5758.0,1047.0,3220.0,25878.0,3504.0,3288.0,4494.0,3567.0,10259.0,10407.0,3016.0,2494.0,3216.0,5122.0,719.0,473.0,1428.0,1140.0
2024-05-03,7920.0,5017.0,923.0,2968.0,24312.0,3379.0,3350.0,4085.0,3340.0,10243.0,7094.0,2771.0,2010.0,3095.0,4605.0,844.0,473.0,1499.0,894.0
2024-05-04,7509.0,5031.0,1053.0,2688.0,26186.0,3873.0,3886.0,3994.0,3193.0,9882.0,6283.0,2435.0,1789.0,2823.0,3892.0,795.0,437.0,1514.0,760.0
2024-05-05,7671.0,6047.0,1143.0,2982.0,48278.0,3548.0,3939.0,4157.0,3351.0,12565.0,6238.0,2792.0,2078.0,3484.0,4566.0,747.0,491.0,1650.0,860.0
2024-05-06,9275.0,6469.0,1225.0,3135.0,29216.0,6975.0,4108.0,4781.0,3680.0,12232.0,6894.0,3049.0,2335.0,4215.0,5460.0,740.0,583.0,1854.0,879.0
2024-05-07,8937.0,6103.0,1043.0,2975.0,27720.0,8472.0,5009.0,4316.0,3343.0,11753.0,6205.0,2968.0,2262.0,3954.0,5040.0,654.0,510.0,1834.0,1421.0
2024-05-08,8264.0,5716.0,876.0,2835.0,29632.0,5297.0,3854.0,4455.0,3542.0,12329.0,6150.0,2813.0,2320.0,3782.0,4729.0,583.0,509.0,1603.0,796.0
2024-05-09,8164.0,5265.0,1201.0,2855.0,26442.0,4782.0,3500.0,4402.0,3796.0,12343.0,6004.0,2718.0,1911.0,3139.0,4392.0,625.0,518.0,1463.0,792.0
2024-05-10,8423.0,4528.0,1579.0,2606.0,21640.0,4717.0,3445.0,3752.0,3516.0,10163.0,5554.0,2221.0,1530.0,2474.0,3606.0,524.0,433.0,1272.0,640.0
2024-05-11,7658.0,3982.0,1276.0,2501.0,22859.0,4564.0,3479.0,3578.0,3288.0,9893.0,5615.0,2146.0,1435.0,2111.0,3308.0,520.0,447.0,1228.0,556.0
2024-05-12,7010.0,5041.0,1364.0,2569.0,26368.0,4615.0,3665.0,3989.0,3168.0,10147.0,5379.0,2350.0,1636.0,2242.0,3246.0,678.0,431.0,1239.0,690.0
2024-05-13,8030.0,5204.0,883.0,2795.0,22026.0,5138.0,3923.0,4341.0,3421.0,12726.0,5930.0,2626.0,1820.0,2796.0,4068.0,705.0,437.0,1502.0,842.0
2024-05-14,7595.0,4958.0,1085.0,2566.0,21167.0,3794.0,3696.0,4119.0,3455.0,10113.0,5824.0,2664.0,1803.0,2792.0,4242.0,670.0,389.0,1313.0,1025.0
2024-05-15,7666.0,5254.0,973.0,2542.0,20705.0,3858.0,3600.0,5966.0,3333.0,10145.0,5756.0,2636.0,1797.0,2675.0,4293.0,674.0,432.0,1497.0,828.0
2024-05-16,7584.0,5029.0,915.0,2892.0,22998.0,3622.0,3334.0,4457.0,3203.0,9911.0,5598.0,2719.0,1566.0,2700.0,4374.0,676.0,422.0,1365.0,660.0
2024-05-17,7406.0,4840.0,1019.0,2745.0,20935.0,3299.0,3191.0,4309.0,3050.0,9886.0,5369.0,2469.0,1629.0,2364.0,3784.0,716.0,486.0,1563.0,690.0
2024-05-18,6854.0,4984.0,800.0,2570.0,19967.0,4280.0,3673.0,3729.0,2868.0,8715.0,5081.0,2209.0,1438.0,2021.0,3409.0,678.0,376.0,1053.0,665.0
2024-05-19,7314.0,5347.0,1119.0,2544.0,22011.0,4972.0,3468.0,4182.0,3097.0,9213.0,5274.0,2390.0,1578.0,2294.0,3618.0,823.0,402.0,1337.0,795.0
2024-05-20,8082.0,7449.0,1233.0,2708.0,20517.0,6623.0,3140.0,4337.0,3235.0,10127.0,5744.0,2789.0,1919.0,2615.0,4277.0,700.0,556.0,1266.0,751.0
2024-05-21,8444.0,7701.0,1106.0,2930.0,21642.0,6288.0,3105.0,4468.0,3258.0,10350.0,5816.0,2975.0,1837.0,2716.0,4608.0,690.0,485.0,1389.0,1158.0
2024-05-22,7996.0,6685.0,914.0,2627.0,20501.0,5405.0,3269.0,4892.0,3129.0,9426.0,5774.0,2853.0,1737.0,2858.0,4741.0,654.0,407.0,1374.0,766.0
2024-05-23,7573.0,6153.0,836.0,2866.0,18818.0,6231.0,2937.0,11335.0,2982.0,9359.0,5831.0,3048.0,1852.0,3198.0,4556.0,970.0,420.0,1267.0,748.0
2024-05-24,7213.0,5249.0,893.0,2963.0,20648.0,5261.0,2724.0,4960.0,2727.0,8959.0,5385.0,2422.0,1519.0,3209.0,3958.0,708.0,405.0,1178.0,732.0
2024-05-25,7000.0,5361.0,834.0,2974.0,21997.0,4462.0,3407.0,3862.0,2709.0,8366.0,5129.0,2264.0,1410.0,1918.0,3305.0,603.0,393.0,1124.0,790.0
2024-05-26,7085.0,5437.0,1027.0,3225.0,21661.0,4427.0,3211.0,4023.0,2907.0,9234.0,5649.0,2509.0,1658.0,2158.0,3646.0,787.0,485.0,1424.0,972.0
2024-05-27,7480.0,5523.0,909.0,3268.0,22108.0,4243.0,3093.0,4333.0,3057.0,9694.0,5576.0,2848.0,1969.0,2537.0,4315.0,711.0,458.0,1332.0,729.0
2024-05-28,8140.0,5376.0,1000.0,2988.0,24869.0,4566.0,3075.0,4271.0,3229.0,9775.0,5692.0,2772.0,1997.0,2631.0,4368.0,772.0,484.0,1432.0,823.0
2024-05-29,7617.0,5182.0,906.0,2707.0,22026.0,6213.0,2870.0,4511.0,3150.0,9780.0,5784.0,2724.0,1836.0,2805.0,4598.0,936.0,451.0,1390.0,956.0
2024-05-30,7193.0,4898.0,1012.0,2716.0,25421.0,6538.0,2759.0,4201.0,3120.0,9596.0,5623.0,2643.0,1773.0,2673.0,4176.0,624.0,546.0,1347.0,872.0
2024-05-31,6909.0,4444.0,920.0,2651.0,21885.0,4976.0,8965.0,3934.0,3117.0,9174.0,5369.0,2301.0,1704.0,2197.0,3893.0,641.0,590.0,1315.0,713.0
2024-06-01,6850.0,4173.0,923.0,2580.0,32548.0,5352.0,8817.0,3737.0,3707.0,8926.0,5053.0,2112.0,1789.0,1945.0,3078.0,632.0,621.0,1341.0,580.0
2024-06-02,7774.0,4967.0,1162.0,2795.0,36267.0,7931.0,7039.0,4430.0,3451.0,9725.0,5224.0,2401.0,1829.0,2188.0,3594.0,860.0,570.0,1557.0,830.0
2024-06-03,8323.0,5478.0,1179.0,2894.0,30519.0,8267.0,5491.0,4522.0,3530.0,10094.0,5648.0,2829.0,2382.0,2772.0,4681.0,813.0,524.0,1640.0,942.0
2024-06-04,7867.0,5257.0,1059.0,2503.0,27399.0,7194.0,5586.0,4000.0,3157.0,9823.0,6335.0,2827.0,2063.0,2562.0,4804.0,729.0,486.0,1501.0,813.0
2024-06-05,7794.0,5057.0,939.0,2481.0,25216.0,7275.0,4911.0,4148.0,3253.0,9770.0,12780.0,2644.0,1974.0,2672.0,4849.0,688.0,452.0,1479.0,1004.0
2024-06-06,7338.0,5137.0,937.0,2314.0,24649.0,6231.0,4475.0,4026.0,5250.0,9534.0,7011.0,2558.0,3764.0,2620.0,4198.0,707.0,476.0,1461.0,796.0
2024-06-07,7168.0,4624.0,882.0,2485.0,24673.0,5330.0,4031.0,3786.0,3537.0,9691.0,5429.0,2485.0,2085.0,2295.0,3647.0,609.0,475.0,1322.0,712.0
2024-06-08,7069.0,4315.0,834.0,2280.0,23226.0,4746.0,4179.0,3650.0,3121.0,9065.0,6005.0,2096.0,1725.0,2127.0,3439.0,609.0,441.0,1180.0,697.0
2024-06-09,9186.0,5427.0,878.0,2488.0,23743.0,4995.0,4163.0,3811.0,3408.0,14660.0,6013.0,2570.0,1834.0,2601.0,3915.0,630.0,603.0,1365.0,763.0
2024-06-10,10264.0,5331.0,1010.0,2510.0,25086.0,5639.0,4440.0,3973.0,3265.0,11636.0,6378.0,2813.0,1861.0,2543.0,4215.0,905.0,611.0,1452.0,777.0
2024-06-11,7279.0,5306.0,929.0,2473.0,24004.0,4668.0,3727.0,3759.0,3238.0,9313.0,5593.0,2618.0,1887.0,2623.0,4165.0,782.0,607.0,1375.0,784.0
2024-06-12,8499.0,4993.0,933.0,2631.0,29385.0,4420.0,3820.0,3934.0,3034.0,9948.0,5773.0,2768.0,1832.0,2548.0,3749.0,751.0,533.0,1285.0,881.0
2024-06-13,9344.0,5140.0,1665.0,2957.0,41740.0,8727.0,4233.0,4124.0,3512.0,11997.0,5623.0,2430.0,1771.0,2447.0,3770.0,819.0,589.0,1388.0,808.0
2024-06-14,8291.0,5070.0,1228.0,2332.0,31763.0,8649.0,3671.0,3788.0,3046.0,12467.0,5300.0,2507.0,1823.0,2156.0,3442.0,653.0,644.0,1598.0,870.0
2024-06-15,17847.0,4837.0,1180.0,2403.0,56716.0,7722.0,3524.0,3644.0,3267.0,8953.0,5289.0,2180.0,1702.0,1841.0,3615.0,609.0,610.0,1533.0,621.0
2024-06-16,9130.0,4550.0,1190.0,2418.0,33705.0,6291.0,3587.0,3770.0,3223.0,9881.0,5263.0,2362.0,1770.0,2026.0,3539.0,717.0,678.0,1685.0,820.0
2024-06-17,7650.0,5104.0,1135.0,2325.0,30348.0,4551.0,3353.0,3911.0,3431.0,9620.0,5589.0,2803.0,1948.0,2317.0,3950.0,676.0,678.0,1599.0,794.0
2024-06-18,7741.0,5153.0,1279.0,2259.0,38266.0,4149.0,3075.0,3949.0,3090.0,9645.0,5303.0,2733.0,2042.0,2507.0,3748.0,632.0,648.0,1688.0,822.0
2024-06-19,7667.0,4875.0,970.0,2247.0,30199.0,3826.0,3221.0,3711.0,3176.0,9582.0,5143.0,2542.0,1914.0,2311.0,3716.0,588.0,624.0,1725.0,667.0
2024-06-20,9879.0,6002.0,1228.0,2305.0,35953.0,4134.0,3198.0,4231.0,3634.0,9893.0,5476.0,2765.0,1862.0,2271.0,3760.0,728.0,637.0,1611.0,745.0
2024-06-21,13748.0,6769.0,1667.0,2435.0,55534.0,4833.0,3452.0,4388.0,3826.0,9469.0,5228.0,3034.0,1822.0,2311.0,3530.0,671.0,641.0,1543.0,784.0
2024-06-22,8775.0,5286.0,2169.0,2226.0,37346.0,4711.0,3326.0,5432.0,3713.0,9427.0,5399.0,3231.0,1856.0,2226.0,3529.0,651.0,606.0,1560.0,828.0
2024-06-23,8764.0,5297.0,5271.0,2403.0,39890.0,5386.0,3486.0,3945.0,4505.0,9736.0,5571.0,2501.0,2206.0,2441.0,3664.0,907.0,740.0,2165.0,939.0
2024-06-24,9914.0,6041.0,1996.0,2539.0,62867.0,5660.0,3284.0,4348.0,14864.0,10728.0,7759.0,2818.0,5565.0,2914.0,4744.0,710.0,704.0,1676.0,845.0
2024-06-25,9039.0,5705.0,1484.0,2232.0,41854.0,4671.0,3664.0,3936.0,4444.0,12587.0,6659.0,2830.0,2500.0,3622.0,3988.0,624.0,695.0,1469.0,672.0
2024-06-26,14375.0,6326.0,1382.0,2665.0,51216.0,4997.0,3454.0,7468.0,4763.0,11153.0,5901.0,3768.0,2522.0,2693.0,3832.0,760.0,678.0,1553.0,804.0
2024-06-27,13088.0,5204.0,1642.0,2433.0,27741.0,5250.0,2997.0,5006.0,5226.0,10895.0,6593.0,3035.0,2497.0,2523.0,3815.0,901.0,791.0,1681.0,968.0
2024-06-28,8619.0,4738.0,1174.0,2288.0,23524.0,4086.0,2809.0,4136.0,10715.0,9843.0,6739.0,2671.0,4414.0,2332.0,3893.0,590.0,830.0,1481.0,751.0
2024-06-29,9512.0,4777.0,1138.0,2348.0,27786.0,3597.0,3402.0,4588.0,7087.0,17706.0,6294.0,2482.0,2346.0,2850.0,3150.0,607.0,716.0,1399.0,670.0
2024-06-30,11550.0,5438.0,1276.0,2566.0,36870.0,3642.0,3612.0,6295.0,5852.0,11671.0,5670.0,2954.0,2443.0,2139.0,3196.0,658.0,762.0,1549.0,762.0
2024-07-01,10079.0,5030.0,1662.0,2393.0,43416.0,3830.0,3156.0,4827.0,7486.0,10262.0,6197.0,2609.0,2486.0,2376.0,3543.0,686.0,744.0,1867.0,836.0
2024-07-02,9488.0,4738.0,1164.0,2508.0,36560.0,3803.0,4813.0,4773.0,28358.0,10610.0,6096.0,2414.0,4049.0,2488.0,3823.0,699.0,883.0,1686.0,841.0
2024-07-03,8641.0,4941.0,1098.0,2348.0,31415.0,3660.0,4079.0,4883.0,7172.0,20880.0,9776.0,2466.0,2353.0,3301.0,4395.0,605.0,693.0,1437.0,810.0
2024-07-04,9244.0,4873.0,1014.0,2498.0,28616.0,4287.0,3412.0,3947.0,4698.0,16286.0,6099.0,2424.0,1938.0,2200.0,3699.0,627.0,551.0,1421.0,762.0
2024-07-05,16608.0,5278.0,1192.0,2755.0,75499.0,4061.0,2940.0,4036.0,5598.0,12148.0,6255.0,2133.0,1967.0,2203.0,3728.0,532.0,814.0,1689.0,738.0
2024-07-06,11109.0,4047.0,1090.0,2567.0,50199.0,3681.0,4220.0,4134.0,6697.0,10664.0,8087.0,2065.0,2075.0,2193.0,4847.0,598.0,1138.0,1561.0,839.0
2024-07-07,12506.0,4851.0,1312.0,3000.0,49698.0,4975.0,3806.0,4537.0,33283.0,16881.0,9037.0,2323.0,10151.0,4460.0,5351.0,700.0,1785.0,1943.0,1029.0
2024-07-08,9587.0,4723.0,1175.0,2537.0,33568.0,4352.0,3489.0,4180.0,8678.0,16455.0,7111.0,2432.0,3203.0,2368.0,4386.0,651.0,973.0,1511.0,928.0
2024-07-09,12317.0,6734.0,1345.0,2708.0,49578.0,4389.0,3200.0,4051.0,6295.0,10407.0,6369.0,2408.0,2824.0,2206.0,4469.0,650.0,824.0,1678.0,881.0
2024-07-10,19608.0,6488.0,1310.0,3125.0,120787.0,4499.0,3013.0,4441.0,11193.0,10358.0,8066.0,2451.0,5153.0,2290.0,6066.0,595.0,1042.0,1702.0,870.0
2024-07-11,15194.0,6341.0,1292.0,3021.0,54326.0,3673.0,2956.0,4942.0,28650.0,11185.0,21713.0,2618.0,9247.0,2445.0,15980.0,633.0,1302.0,1480.0,1327.0
2024-07-12,10664.0,4502.0,1190.0,2519.0,36348.0,3618.0,3233.0,4550.0,6867.0,9533.0,8581.0,2307.0,3719.0,2058.0,9094.0,934.0,621.0,1435.0,881.0
2024-07-13,10447.0,4266.0,1055.0,2591.0,33817.0,4713.0,3407.0,4188.0,6201.0,8802.0,7826.0,2112.0,2814.0,1936.0,6913.0,680.0,561.0,1357.0,826.0
2024-07-14,16233.0,5818.0,1307.0,2409.0,66224.0,9227.0,2968.0,4206.0,12633.0,10127.0,10805.0,2369.0,4207.0,1956.0,7550.0,642.0,911.0,1521.0,1082.0
2024-07-15,45820.0,10696.0,1785.0,4888.0,311694.0,7443.0,3251.0,5589.0,8538.0,12822.0,34652.0,2505.0,2683.0,2357.0,12435.0,695.0,862.0,1576.0,1735.0
2024-07-16,15070.0,5265.0,1389.0,2877.0,76091.0,4225.0,2941.0,4254.0,4729.0,9818.0,8193.0,2369.0,2293.0,2157.0,5177.0,605.0,576.0,1297.0,1236.0
2024-07-17,13720.0,4693.0,1775.0,2690.0,52820.0,4216.0,3210.0,4052.0,4069.0,10083.0,6606.0,2501.0,1987.0,2051.0,4622.0,644.0,621.0,1352.0,1465.0
2024-07-18,13450.0,4605.0,1507.0,2754.0,41289.0,7017.0,3074.0,4015.0,4025.0,10117.0,6165.0,2502.0,2083.0,1994.0,4345.0,613.0,503.0,1239.0,1049.0
2024-07-19,9662.0,4104.0,1078.0,2381.0,30948.0,5214.0,2758.0,3955.0,3635.0,9095.0,5746.0,2343.0,1916.0,1872.0,4192.0,568.0,459.0,1159.0,791.0
2024-07-20,8529.0,3882.0,952.0,2298.0,28906.0,4595.0,6749.0,4205.0,3426.0,8850.0,6331.0,2119.0,1639.0,1740.0,4730.0,690.0,526.0,1196.0,975.0
2024-07-21,8234.0,4219.0,1031.0,2482.0,33517.0,3813.0,3777.0,3989.0,3409.0,8691.0,5761.0,2376.0,1682.0,1903.0,4459.0,614.0,507.0,1335.0,856.0
2024-07-22,7712.0,4257.0,963.0,2283.0,28842.0,3637.0,2989.0,4000.0,3329.0,8699.0,5804.0,2729.0,1838.0,2170.0,4304.0,607.0,448.0,1171.0,838.0
2024-07-23,7128.0,4168.0,970.0,2366.0,26947.0,3378.0,2986.0,3880.0,3111.0,9077.0,5722.0,2344.0,1853.0,2093.0,4206.0,644.0,510.0,1223.0,969.0
2024-07-24,9177.0,4956.0,1094.0,2420.0,27875.0,3472.0,3129.0,3933.0,3451.0,8939.0,5569.0,2539.0,1878.0,2106.0,3985.0,732.0,496.0,1277.0,810.0
2024-07-25,9935.0,4304.0,1077.0,2924.0,24841.0,3601.0,6055.0,4166.0,3742.0,8947.0,5467.0,2499.0,1840.0,2150.0,4101.0,590.0,502.0,1268.0,876.0
2024-07-26,8312.0,4382.0,1082.0,2281.0,21928.0,3667.0,3177.0,4150.0,4178.0,9266.0,5877.0,2528.0,1793.0,2741.0,4248.0,707.0,636.0,1546.0,943.0
2024-07-27,9929.0,4435.0,933.0,2629.0,22659.0,3193.0,3040.0,4294.0,4229.0,10004.0,5514.0,2152.0,1562.0,1844.0,3449.0,601.0,481.0,1261.0,757.0
2024-07-28,8352.0,4822.0,1091.0,2504.0,21841.0,3389.0,2836.0,4054.0,3385.0,10916.0,6188.0,2425.0,1652.0,2239.0,4526.0,749.0,580.0,1469.0,1046.0
2024-07-29,9113.0,5174.0,1074.0,2399.0,20124.0,9898.0,2703.0,5244.0,3865.0,10693.0,7155.0,3161.0,2091.0,2520.0,5892.0,768.0,514.0,1453.0,1417.0
2024-07-30,8517.0,5149.0,976.0,2443.0,19943.0,7146.0,2775.0,4979.0,3541.0,10659.0,6854.0,2971.0,2015.0,2465.0,4689.0,762.0,612.0,1637.0,1016.0
2024-07-31,8068.0,5136.0,938.0,2226.0,18987.0,5868.0,2534.0,4230.0,3345.0,9979.0,8582.0,2787.0,2017.0,2484.0,4757.0,635.0,565.0,1199.0,811.0
2024-08-01,7387.0,4561.0,843.0,2341.0,17243.0,4728.0,2362.0,3988.0,3019.0,10375.0,7101.0,2616.0,1904.0,2527.0,4339.0,685.0,736.0,1241.0,860.0
2024-08-02,8159.0,4140.0,1024.0,2414.0,18821.0,3728.0,3026.0,3866.0,3240.0,10466.0,6421.0,2159.0,1658.0,2139.0,3910.0,642.0,525.0,1218.0,868.0
2024-08-03,8877.0,4038.0,917.0,2220.0,17698.0,3564.0,3368.0,3839.0,3787.0,10138.0,6547.0,2206.0,1616.0,2014.0,4502.0,628.0,499.0,1251.0,889.0
2024-08-04,8486.0,4483.0,1291.0,2278.0,17660.0,3696.0,3148.0,4834.0,9551.0,11498.0,6253.0,2448.0,1921.0,2073.0,3958.0,667.0,823.0,1437.0,1032.0
2024-08-05,7991.0,4493.0,1150.0,2161.0,17551.0,3032.0,2873.0,4493.0,4463.0,11562.0,6010.0,2704.0,1824.0,2241.0,4368.0,650.0,442.0,1217.0,915.0
2024-08-06,8372.0,4429.0,934.0,2300.0,17138.0,2902.0,2753.0,4198.0,3751.0,13014.0,6019.0,2508.0,1759.0,2621.0,3936.0,615.0,467.0,1408.0,969.0
2024-08-07,14319.0,4181.0,806.0,2097.0,15767.0,2983.0,2587.0,5618.0,4932.0,19887.0,7831.0,2552.0,1620.0,2409.0,4476.0,595.0,436.0,1199.0,767.0
2024-08-08,8285.0,4265.0,911.0,2332.0,16055.0,2642.0,2750.0,4214.0,3485.0,12575.0,5929.0,2437.0,1612.0,2339.0,4294.0,682.0,469.0,1281.0,908.0
2024-08-09,6826.0,4054.0,963.0,2267.0,17740.0,3085.0,2492.0,3984.0,3515.0,12005.0,5726.0,2181.0,1519.0,2283.0,3969.0,740.0,498.0,1718.0,704.0
2024-08-10,6830.0,3682.0,830.0,2183.0,16449.0,2532.0,2526.0,3885.0,3329.0,12942.0,5305.0,2141.0,1472.0,2393.0,3686.0,611.0,421.0,1559.0,627.0
2024-08-11,6902.0,4480.0,1000.0,2361.0,15733.0,2437.0,3145.0,4522.0,3252.0,10004.0,5858.0,2584.0,1473.0,2278.0,3903.0,760.0,484.0,1430.0,973.0
2024-08-12,6811.0,4594.0,920.0,2478.0,16350.0,3111.0,3093.0,4819.0,3148.0,9374.0,5656.0,2647.0,1671.0,2327.0,3970.0,701.0,482.0,1327.0,750.0
2024-08-13,7620.0,4480.0,891.0,2332.0,16151.0,5310.0,3042.0,3956.0,3145.0,9187.0,5968.0,2426.0,1553.0,2426.0,3988.0,691.0,409.0,1156.0,877.0
2024-08-14,7099.0,4311.0,887.0,2270.0,17667.0,4725.0,3037.0,5047.0,3112.0,9362.0,5968.0,2428.0,1638.0,2190.0,3799.0,602.0,411.0,1211.0,872.0
2024-08-15,6660.0,4096.0,807.0,2158.0,17328.0,3954.0,3001.0,3845.0,3085.0,8785.0,6903.0,2425.0,1546.0,2132.0,3569.0,621.0,410.0,1042.0,822.0
2024-08-16,6814.0,3767.0,785.0,2487.0,15817.0,4750.0,2682.0,3796.0,3217.0,8902.0,7196.0,2292.0,1470.0,1997.0,3449.0,542.0,372.0,1013.0,817.0
2024-08-17,6653.0,3736.0,815.0,2288.0,17132.0,3462.0,2849.0,3771.0,3204.0,8665.0,6109.0,2190.0,1706.0,1836.0,3237.0,692.0,365.0,1074.0,901.0
2024-08-18,6692.0,3891.0,1028.0,2466.0,18888.0,3099.0,3517.0,3942.0,3301.0,9069.0,6807.0,2389.0,1485.0,2204.0,3321.0,728.0,478.0,1271.0,942.0
2024-08-19,6767.0,4586.0,924.0,2382.0,24355.0,3092.0,3080.0,3841.0,3127.0,8903.0,6682.0,2657.0,1648.0,2278.0,3809.0,632.0,424.0,1094.0,872.0
2024-08-20,6662.0,4447.0,826.0,2360.0,20492.0,3714.0,2952.0,3769.0,3101.0,8837.0,6105.0,2635.0,1669.0,2226.0,4000.0,677.0,423.0,1031.0,838.0
2024-08-21,6673.0,4250.0,1079.0,2350.0,17250.0,3323.0,2954.0,3894.0,3085.0,8675.0,5777.0,2602.0,1641.0,2444.0,4101.0,623.0,388.0,1080.0,785.0
2024-08-22,6785.0,4525.0,857.0,2377.0,18201.0,2794.0,2893.0,3840.0,3157.0,8929.0,5552.0,2421.0,1856.0,2361.0,3857.0,641.0,372.0,1057.0,742.0
2024-08-23,6789.0,3713.0,805.0,2288.0,17799.0,6162.0,2746.0,4039.0,3862.0,8387.0,5444.0,2497.0,1598.0,2200.0,3287.0,655.0,385.0,997.0,760.0
2024-08-24,6283.0,3539.0,1290.0,2239.0,18364.0,3669.0,3257.0,3591.0,3704.0,8615.0,5273.0,2046.0,1628.0,1837.0,3173.0,538.0,367.0,1040.0,765.0
2024-08-25,6588.0,3905.0,1299.0,2459.0,21656.0,2979.0,3300.0,4000.0,4243.0,8924.0,5521.0,2196.0,2088.0,1996.0,3402.0,646.0,557.0,1123.0,871.0
2024-08-26,6884.0,4245.0,1044.0,3072.0,21866.0,2662.0,3354.0,5053.0,3462.0,9416.0,5827.0,2703.0,1952.0,2269.0,3943.0,683.0,417.0,1383.0,854.0
2024-08-27,6779.0,4350.0,908.0,2526.0,20893.0,2573.0,3114.0,4004.0,3334.0,9008.0,5770.0,2558.0,1862.0,2396.0,4218.0,662.0,433.0,1200.0,908.0
2024-08-28,6825.0,4361.0,877.0,2490.0,22249.0,2561.0,2921.0,4256.0,3805.0,10037.0,5960.0,2585.0,2220.0,2355.0,3945.0,623.0,515.0,1212.0,767.0
2024-08-29,6689.0,4048.0,794.0,2368.0,21225.0,2706.0,2689.0,4151.0,3392.0,10222.0,5662.0,2517.0,1819.0,2318.0,3665.0,569.0,340.0,1097.0,737.0
2024-08-30,6612.0,4092.0,750.0,2128.0,19529.0,2589.0,2799.0,3818.0,8557.0,11540.0,5322.0,2229.0,1675.0,2234.0,3303.0,565.0,415.0,1197.0,658.0
2024-08-31,6676.0,3729.0,792.0,2295.0,19768.0,2682.0,2784.0,3485.0,4223.0,15079.0,5219.0,2209.0,1530.0,2501.0,3398.0,545.0,386.0,1854.0,664.0
2024-09-01,6717.0,3895.0,820.0,2253.0,21917.0,3052.0,3272.0,3695.0,3467.0,12388.0,5436.0,2432.0,1589.0,2291.0,3531.0,554.0,431.0,1341.0,756.0
2024-09-02,6989.0,4272.0,775.0,2450.0,19027.0,6149.0,3113.0,3743.0,3190.0,11820.0,5371.0,2839.0,1767.0,2326.0,3796.0,585.0,420.0,1255.0,709.0
2024-09-03,7480.0,4219.0,919.0,2456.0,19969.0,6983.0,3017.0,3896.0,3832.0,11514.0,5738.0,2580.0,1713.0,2336.0,3929.0,614.0,553.0,1267.0,809.0
2024-09-04,6868.0,4274.0,830.0,2444.0,18784.0,4243.0,2651.0,3921.0,4287.0,11032.0,5585.0,2594.0,1740.0,2348.0,4262.0,630.0,397.0,1085.0,748.0
2024-09-05,7444.0,4535.0,824.0,2447.0,27131.0,4317.0,2819.0,4223.0,3913.0,11070.0,5825.0,2895.0,1756.0,2404.0,4060.0,545.0,367.0,1158.0,722.0
2024-09-06,19751.0,4501.0,833.0,2566.0,41175.0,4264.0,2780.0,4110.0,3465.0,15887.0,5529.0,2705.0,1863.0,2513.0,3678.0,583.0,498.0,1251.0,743.0
2024-09-07,11938.0,3744.0,812.0,2558.0,26512.0,3542.0,2758.0,3597.0,3961.0,30580.0,5652.0,2272.0,2154.0,2695.0,3557.0,522.0,434.0,1246.0,730.0
2024-09-08,7804.0,4095.0,990.0,2464.0,26500.0,3826.0,3078.0,3731.0,3552.0,14465.0,5728.0,2585.0,1744.0,2188.0,3599.0,652.0,560.0,1428.0,940.0
2024-09-09,7295.0,4470.0,830.0,2685.0,25732.0,3031.0,2922.0,4035.0,3337.0,10257.0,5843.0,2822.0,1882.0,2407.0,3961.0,637.0,462.0,1233.0,885.0
2024-09-10,8031.0,5053.0,798.0,2329.0,23175.0,2832.0,2742.0,4134.0,3240.0,9756.0,6478.0,2950.0,1985.0,2362.0,5187.0,575.0,424.0,1160.0,816.0
2024-09-11,21323.0,4666.0,890.0,2469.0,21160.0,3166.0,2869.0,4425.0,3444.0,14134.0,5944.0,3046.0,2066.0,2784.0,4123.0,728.0,430.0,1114.0,805.0
2024-09-12,12834.0,4342.0,824.0,2518.0,19659.0,4483.0,3080.0,4579.0,3758.0,14056.0,6020.0,2819.0,1616.0,2289.0,4141.0,743.0,465.0,1288.0,776.0
2024-09-13,7463.0,3952.0,764.0,2239.0,19781.0,3496.0,2907.0,4448.0,3350.0,9254.0,5745.0,2465.0,1521.0,1974.0,3384.0,610.0,408.0,1157.0,753.0
2024-09-14,6586.0,3693.0,832.0,2194.0,20049.0,2854.0,4126.0,3948.0,2909.0,8576.0,5407.0,2188.0,1354.0,1672.0,2972.0,610.0,407.0,1033.0,661.0
2024-09-15,7551.0,4265.0,934.0,2362.0,38100.0,2778.0,3433.0,4401.0,3191.0,8951.0,6488.0,2687.0,1442.0,1837.0,3662.0,619.0,456.0,1118.0,881.0
2024-09-16,7598.0,4719.0,968.0,2428.0,24238.0,3288.0,3207.0,4685.0,3542.0,9328.0,6051.0,2917.0,1652.0,2134.0,3998.0,616.0,463.0,1166.0,739.0
2024-09-17,7521.0,4385.0,937.0,2318.0,22535.0,3338.0,3134.0,5492.0,3317.0,9190.0,5831.0,2985.0,1687.0,2284.0,3806.0,620.0,390.0,1073.0,706.0
2024-09-18,7194.0,4238.0,910.0,2443.0,21753.0,2811.0,4004.0,6075.0,3210.0,9066.0,5793.0,4231.0,1711.0,2311.0,3830.0,713.0,413.0,1100.0,731.0
2024-09-19,8143.0,4473.0,1009.0,2519.0,23910.0,3181.0,3542.0,5225.0,3382.0,8972.0,5809.0,3418.0,1722.0,2367.0,3884.0,645.0,416.0,1121.0,736.0
2024-09-20,7589.0,4411.0,1033.0,2436.0,19927.0,2875.0,2984.0,4595.0,3248.0,8765.0,5929.0,2727.0,1654.0,2155.0,3637.0,568.0,404.0,1076.0,671.0
2024-09-21,7358.0,3777.0,870.0,2480.0,20002.0,3157.0,2891.0,3954.0,2805.0,8345.0,5213.0,2443.0,1522.0,1867.0,3097.0,547.0,331.0,965.0,577.0
2024-09-22,7432.0,4222.0,894.0,2621.0,20543.0,2988.0,3211.0,3971.0,2952.0,8633.0,5380.0,2782.0,1693.0,2129.0,3508.0,600.0,406.0,1131.0,692.0
2024-09-23,8102.0,4725.0,919.0,2742.0,20411.0,4295.0,3179.0,4481.0,3446.0,8948.0,5994.0,3141.0,1738.0,2527.0,4172.0,586.0,361.0,1122.0,846.0
2024-09-24,8915.0,4903.0,886.0,2848.0,20847.0,5884.0,2969.0,4423.0,3301.0,9217.0,6044.0,2902.0,1965.0,2639.0,4162.0,705.0,413.0,1194.0,743.0
2024-09-25,8411.0,4635.0,1020.0,2743.0,20299.0,7702.0,3128.0,4427.0,3357.0,9111.0,5749.0,2806.0,1777.0,2560.0,4196.0,612.0,528.0,1294.0,757.0
2024-09-26,8193.0,4515.0,969.0,2646.0,19382.0,6004.0,3141.0,4343.0,3492.0,9454.0,5663.0,2696.0,1836.0,2738.0,4221.0,638.0,443.0,1256.0,685.0
2024-09-27,8341.0,4203.0,1164.0,2670.0,17690.0,7461.0,2985.0,4142.0,3173.0,8610.0,5451.0,2579.0,1702.0,2320.0,3544.0,579.0,418.0,1106.0,685.0
2024-09-28,7833.0,3812.0,1159.0,2526.0,17735.0,6501.0,2968.0,3754.0,2675.0,8239.0,4701.0,2246.0,1385.0,1986.0,3063.0,559.0,392.0,1130.0,644.0
2024-09-29,7925.0,4303.0,1100.0,2755.0,25724.0,5736.0,3340.0,3952.0,2921.0,8550.0,6220.0,2552.0,1584.0,2125.0,3510.0,649.0,465.0,1093.0,774.0
2024-09-30,8147.0,4686.0,851.0,2683.0,20495.0,5444.0,3140.0,4373.0,3155.0,8601.0,5746.0,2889.0,1727.0,2378.0,3919.0,595.0,465.0,1122.0,702.0
2024-10-01,7544.0,4695.0,880.0,2340.0,21976.0,4716.0,2911.0,4252.0,2969.0,8922.0,5507.0,2807.0,1807.0,2444.0,3900.0,616.0,434.0,1172.0,712.0
2024-10-02,7519.0,4816.0,875.0,2313.0,21554.0,4332.0,2913.0,4103.0,3086.0,8307.0,5537.0,2847.0,1818.0,2587.0,3958.0,582.0,438.0,1146.0,686.0
2024-10-03,7600.0,4534.0,900.0,2399.0,54258.0,3830.0,3066.0,3804.0,3214.0,8361.0,5780.0,3042.0,1654.0,2900.0,4328.0,639.0,632.0,1082.0,749.0
2024-10-04,7413.0,4292.0,803.0,2271.0,24914.0,3411.0,2886.0,3730.0,3273.0,8123.0,5382.0,2633.0,1799.0,2335.0,3631.0,639.0,407.0,987.0,644.0
2024-10-05,6835.0,3671.0,1075.0,2241.0,22953.0,3374.0,2942.0,3348.0,2816.0,7792.0,4925.0,2261.0,1502.0,1824.0,3232.0,664.0,491.0,1338.0,985.0
2024-10-06,7222.0,4376.0,979.0,2315.0,23551.0,3214.0,3018.0,4049.0,2653.0,8314.0,5839.0,2641.0,1650.0,2168.0,3595.0,679.0,490.0,1374.0,1069.0
2024-10-07,7735.0,4872.0,842.0,2408.0,21218.0,3484.0,3026.0,4045.0,2973.0,8680.0,6165.0,2984.0,1939.0,2730.0,3958.0,678.0,455.0,1135.0,763.0
2024-10-08,7768.0,4941.0,930.0,2586.0,21336.0,3378.0,2934.0,4144.0,3107.0,8778.0,5699.0,3066.0,1984.0,2523.0,4011.0,626.0,404.0,1175.0,762.0
2024-10-09,7708.0,4892.0,835.0,2379.0,19878.0,3384.0,2770.0,4008.0,3061.0,8870.0,5680.0,2831.0,2007.0,2706.0,4143.0,620.0,363.0,1124.0,776.0
2024-10-10,9405.0,5667.0,925.0,2340.0,19652.0,3201.0,2665.0,4029.0,4546.0,8901.0,6000.0,2946.0,2143.0,2981.0,4842.0,737.0,504.0,1095.0,808.0
2024-10-11,12477.0,4512.0,840.0,2292.0,19842.0,3332.0,2864.0,4029.0,8392.0,9897.0,5343.0,2885.0,2191.0,3059.0,3774.0,691.0,922.0,1091.0,760.0
2024-10-12,9395.0,4399.0,918.0,2204.0,19255.0,3315.0,2832.0,3694.0,3769.0,9356.0,5177.0,2504.0,2785.0,2113.0,3312.0,689.0,553.0,1256.0,734.0
2024-10-13,7703.0,4716.0,958.0,2434.0,20987.0,3081.0,3180.0,4200.0,3474.0,8668.0,5349.0,2780.0,2004.0,2246.0,3629.0,731.0,539.0,1618.0,846.0
2024-10-14,7729.0,5267.0,988.0,2440.0,19430.0,2916.0,3473.0,4181.0,3159.0,8846.0,5723.0,2922.0,2166.0,2660.0,4261.0,624.0,481.0,1314.0,709.0
2024-10-15,8326.0,5145.0,906.0,2455.0,20698.0,3404.0,3485.0,4224.0,3332.0,9127.0,6168.0,3326.0,2386.0,2871.0,5272.0,713.0,1059.0,1132.0,715.0
2024-10-16,15642.0,6486.0,1115.0,7916.0,89070.0,3404.0,3091.0,4576.0,3772.0,11502.0,6081.0,3070.0,2389.0,3232.0,4540.0,713.0,601.0,1324.0,761.0
2024-10-17,16472.0,5386.0,1348.0,24357.0,37301.0,3511.0,3032.0,4273.0,3385.0,14285.0,5564.0,2836.0,2045.0,4252.0,4586.0,685.0,480.0,1251.0,702.0
2024-10-18,8950.0,4671.0,1008.0,8155.0,26053.0,3269.0,2906.0,4005.0,3024.0,9268.0,5623.0,2466.0,1770.0,2400.0,3822.0,645.0,527.0,1237.0,724.0
2024-10-19,8117.0,3852.0,971.0,5755.0,22722.0,4322.0,2869.0,4025.0,2891.0,8629.0,4957.0,2330.0,1479.0,2021.0,3401.0,639.0,618.0,1194.0,663.0
2024-10-20,7939.0,4471.0,1050.0,4486.0,74235.0,3507.0,3041.0,3830.0,3974.0,9941.0,5081.0,2578.0,1746.0,2190.0,3886.0,693.0,1092.0,1305.0,782.0
2024-10-21,7719.0,5093.0,1008.0,4078.0,34159.0,3687.0,3171.0,4013.0,3217.0,15716.0,5852.0,2791.0,2186.0,2960.0,4300.0,716.0,653.0,1529.0,1245.0
2024-10-22,7893.0,5141.0,1354.0,3844.0,25888.0,4623.0,3107.0,4185.0,3541.0,10929.0,5675.0,2697.0,2293.0,3058.0,4647.0,665.0,791.0,1778.0,965.0
2024-10-23,7686.0,5054.0,1037.0,3446.0,26269.0,3882.0,3262.0,4088.0,3362.0,10237.0,5532.0,2825.0,2214.0,3421.0,4286.0,630.0,597.0,1712.0,824.0
2024-10-24,7616.0,5026.0,1005.0,2992.0,23342.0,3851.0,3836.0,4620.0,3164.0,10112.0,5533.0,2667.0,2112.0,2948.0,4196.0,790.0,486.0,1687.0,816.0
2024-10-25,6811.0,4369.0,877.0,2889.0,24126.0,3651.0,3286.0,10428.0,3182.0,9306.0,5271.0,2687.0,2009.0,2567.0,3668.0,923.0,480.0,1432.0,724.0
2024-10-26,6330.0,3864.0,844.0,2638.0,33904.0,3208.0,3337.0,4683.0,2812.0,8363.0,4579.0,2167.0,1861.0,2075.0,3085.0,598.0,475.0,1282.0,646.0
2024-10-27,6846.0,4408.0,1014.0,2785.0,28184.0,2881.0,3878.0,4144.0,3565.0,8768.0,5135.0,2564.0,3032.0,2326.0,3804.0,772.0,581.0,1722.0,829.0
2024-10-28,7556.0,4787.0,1046.0,2839.0,35215.0,3125.0,3863.0,4612.0,4316.0,9667.0,5461.0,3146.0,3911.0,2751.0,4049.0,677.0,1201.0,1427.0,910.0
2024-10-29,7438.0,4232.0,1040.0,2831.0,35633.0,3750.0,3542.0,4427.0,3561.0,9319.0,5364.0,2642.0,2070.0,2678.0,3809.0,732.0,546.0,1414.0,807.0
2024-10-30,7222.0,4151.0,966.0,2788.0,27186.0,3554.0,3188.0,4140.0,4202.0,9152.0,5366.0,2300.0,1735.0,2498.0,3709.0,690.0,569.0,1206.0,798.0
2024-10-31,6642.0,4002.0,957.0,2544.0,22442.0,4220.0,3139.0,3844.0,3003.0,8601.0,4921.0,2039.0,1614.0,2175.0,3058.0,630.0,459.0,1111.0,756.0
2024-11-01,6882.0,3850.0,1073.0,2493.0,21930.0,3107.0,3175.0,3839.0,3023.0,8628.0,4842.0,1908.0,1469.0,2045.0,2888.0,732.0,486.0,1433.0,840.0
2024-11-02,6760.0,3658.0,952.0,2536.0,21991.0,3081.0,2897.0,3661.0,3071.0,9006.0,4885.0,1896.0,1375.0,1939.0,2846.0,670.0,484.0,1426.0,843.0
2024-11-03,7222.0,4391.0,1012.0,2806.0,23255.0,3256.0,3832.0,3955.0,2997.0,10254.0,5050.0,2178.0,1433.0,2390.0,3146.0,751.0,558.0,1860.0,830.0
2024-11-04,7408.0,5451.0,983.0,2677.0,20621.0,3500.0,3603.0,4072.0,3275.0,9304.0,5670.0,2559.0,1705.0,2506.0,3673.0,734.0,564.0,1351.0,847.0
2024-11-05,7054.0,4407.0,889.0,2580.0,20533.0,4362.0,3306.0,3975.0,3629.0,9182.0,5757.0,2368.0,1594.0,2675.0,3678.0,722.0,483.0,1364.0,738.0
2024-11-06,7578.0,4628.0,957.0,2336.0,20025.0,7344.0,3607.0,4164.0,5801.0,8927.0,5764.0,2452.0,1787.0,2532.0,3629.0,662.0,514.0,1298.0,700.0
2024-11-07,7681.0,4338.0,931.0,2627.0,18312.0,6475.0,3272.0,4154.0,5019.0,9189.0,5654.0,2419.0,1586.0,2938.0,3675.0,643.0,554.0,1263.0,631.0
2024-11-08,7788.0,4130.0,977.0,2802.0,17922.0,7362.0,3116.0,4321.0,4225.0,9060.0,5541.0,2334.0,1525.0,2132.0,3218.0,572.0,406.0,1231.0,708.0
2024-11-09,6999.0,3557.0,920.0,2593.0,18652.0,4898.0,3300.0,4118.0,3726.0,8479.0,5288.0,2089.0,1357.0,2002.0,2815.0,582.0,410.0,1141.0,712.0
2024-11-10,7578.0,4114.0,1051.0,2763.0,28242.0,4792.0,4106.0,4952.0,3696.0,8655.0,5389.0,2498.0,1665.0,2181.0,3088.0,830.0,509.0,1306.0,875.0
2024-11-11,7847.0,4589.0,1043.0,2763.0,19197.0,5079.0,4059.0,5516.0,3831.0,9292.0,5915.0,2624.0,1870.0,2525.0,3779.0,800.0,424.0,1439.0,728.0
2024-11-12,7874.0,4461.0,1101.0,2719.0,19815.0,5793.0,3511.0,5045.0,3678.0,9422.0,6445.0,2562.0,1737.0,2619.0,3814.0,789.0,536.0,1406.0,842.0
2024-11-13,9454.0,4462.0,1402.0,2717.0,18774.0,15772.0,3458.0,4997.0,4037.0,9633.0,5984.0,2653.0,1759.0,2501.0,3942.0,827.0,506.0,1171.0,922.0
2024-11-14,10083.0,4699.0,1340.0,2760.0,19070.0,9046.0,3280.0,4807.0,4239.0,11011.0,6225.0,2535.0,1836.0,2839.0,3958.0,739.0,504.0,1470.0,934.0
2024-11-15,15521.0,4671.0,1459.0,2735.0,21166.0,20542.0,3357.0,4921.0,4150.0,13460.0,6784.0,2727.0,2438.0,2455.0,4000.0,797.0,558.0,1535.0,1057.0
2024-11-16,9715.0,3711.0,1272.0,2572.0,21609.0,12513.0,3282.0,4615.0,4139.0,13319.0,6424.0,2567.0,3132.0,1791.0,3528.0,705.0,624.0,1128.0,893.0
2024-11-17,8834.0,4395.0,1362.0,2779.0,18679.0,8576.0,3383.0,5192.0,3946.0,10693.0,6688.0,3325.0,2132.0,2775.0,3435.0,824.0,681.0,1616.0,1042.0
2024-11-18,9331.0,4679.0,1514.0,2885.0,18336.0,8845.0,3286.0,5165.0,3874.0,12521.0,6988.0,2828.0,1942.0,3386.0,3640.0,882.0,1146.0,1977.0,987.0
2024-11-19,10348.0,4797.0,1374.0,2888.0,18531.0,14570.0,3198.0,5357.0,3706.0,11736.0,6570.0,2881.0,2046.0,2981.0,4583.0,851.0,751.0,1734.0,890.0
2024-11-20,15068.0,5171.0,1422.0,3436.0,24260.0,34226.0,3351.0,5548.0,4238.0,12912.0,6985.0,2952.0,2373.0,3029.0,4293.0,935.0,629.0,1561.0,864.0
2024-11-21,12972.0,4359.0,1261.0,3387.0,19188.0,19599.0,3257.0,5054.0,3703.0,10827.0,6585.0,2491.0,1803.0,2386.0,3771.0,844.0,536.0,1439.0,859.0
2024-11-22,10106.0,3999.0,1324.0,3029.0,18904.0,15584.0,3582.0,4975.0,3333.0,9960.0,6209.0,2553.0,1645.0,2071.0,3202.0,977.0,549.0,1300.0,790.0
2024-11-23,9069.0,3886.0,1423.0,2643.0,18584.0,10818.0,3724.0,4240.0,3240.0,8733.0,5792.0,2151.0,1984.0,2065.0,2919.0,775.0,588.0,1209.0,863.0
2024-11-24,8340.0,4300.0,2965.0,2885.0,17681.0,10782.0,6328.0,4183.0,4338.0,8748.0,5642.0,2684.0,3785.0,2028.0,3222.0,859.0,1793.0,1567.0,912.0
2024-11-25,8254.0,4731.0,1518.0,2657.0,17834.0,10357.0,3764.0,4732.0,8820.0,9521.0,6106.0,2720.0,8419.0,2279.0,3597.0,840.0,4030.0,1355.0,920.0
2024-11-26,7754.0,4409.0,1356.0,2664.0,20356.0,8354.0,3299.0,4431.0,4614.0,9082.0,5907.0,2447.0,3298.0,2164.0,3594.0,768.0,1268.0,1389.0,853.0
2024-11-27,7191.0,4311.0,1178.0,2673.0,19797.0,6972.0,3332.0,4210.0,4014.0,8846.0,5600.0,2250.0,2322.0,2290.0,3344.0,750.0,765.0,1498.0,823.0
2024-11-28,6986.0,3999.0,998.0,2526.0,17432.0,6780.0,3317.0,3970.0,3384.0,8667.0,5551.0,2151.0,1924.0,2216.0,3095.0,676.0,549.0,1234.0,787.0
2024-11-29,6844.0,3623.0,983.0,2500.0,19293.0,7748.0,3548.0,4011.0,3396.0,9499.0,5706.0,2129.0,1565.0,1980.0,2749.0,712.0,542.0,1215.0,647.0
2024-11-30,7312.0,3565.0,987.0,2668.0,20243.0,10131.0,3591.0,3658.0,3127.0,8451.0,5336.0,1928.0,1532.0,2292.0,2317.0,630.0,901.0,1122.0,597.0
2024-12-01,7497.0,3824.0,1212.0,2811.0,20053.0,7661.0,3682.0,3851.0,4114.0,9091.0,5706.0,2220.0,1669.0,2019.0,2819.0,782.0,603.0,1327.0,783.0
2024-12-02,7197.0,3845.0,1260.0,2718.0,17586.0,6598.0,3769.0,4127.0,3331.0,9086.0,5924.0,2252.0,1669.0,2161.0,3447.0,707.0,896.0,1327.0,856.0
2024-12-03,7286.0,3810.0,1248.0,2499.0,18088.0,6481.0,3401.0,4265.0,3361.0,9382.0,5704.0,2184.0,1525.0,2067.0,3222.0,700.0,585.0,1325.0,838.0
2024-12-04,7376.0,3775.0,1306.0,2393.0,17703.0,6158.0,3187.0,4466.0,3259.0,9347.0,5873.0,2293.0,1530.0,2124.0,3097.0,669.0,526.0,1383.0,815.0
2024-12-05,7252.0,3627.0,1557.0,2328.0,18546.0,6083.0,3480.0,4249.0,3165.0,9444.0,5829.0,2126.0,1442.0,1942.0,2935.0,749.0,585.0,1384.0,836.0
2024-12-06,6871.0,3578.0,2794.0,2434.0,27543.0,5654.0,3754.0,3984.0,3531.0,8672.0,5929.0,2041.0,1783.0,1927.0,2846.0,999.0,1824.0,2525.0,1091.0
2024-12-07,6455.0,3344.0,1801.0,2207.0,21198.0,5101.0,3512.0,3575.0,3061.0,7857.0,5416.0,1850.0,1507.0,1690.0,2376.0,797.0,1063.0,1588.0,865.0
2024-12-08,7616.0,3641.0,1549.0,2461.0,17901.0,5312.0,3583.0,3875.0,3077.0,8691.0,5311.0,2004.0,1613.0,1794.0,2654.0,790.0,781.0,1650.0,969.0
2024-12-09,7747.0,3846.0,1319.0,2561.0,18198.0,5247.0,3666.0,4168.0,3150.0,9250.0,5581.0,2053.0,1598.0,1980.0,3092.0,765.0,705.0,1616.0,952.0
2024-12-10,8202.0,4127.0,1795.0,2492.0,18394.0,8081.0,3086.0,4213.0,3189.0,9255.0,5401.0,2033.0,1450.0,2073.0,2833.0,737.0,600.0,1510.0,816.0
2024-12-11,8693.0,3951.0,1345.0,2659.0,18410.0,9344.0,3122.0,4028.0,3321.0,9141.0,5756.0,2062.0,1402.0,1993.0,3099.0,740.0,612.0,1395.0,893.0
2024-12-12,8652.0,3554.0,1212.0,2557.0,16637.0,8346.0,3251.0,3880.0,3375.0,9492.0,6122.0,1943.0,1366.0,1716.0,2986.0,663.0,594.0,1419.0,855.0
2024-12-13,8097.0,3277.0,1095.0,2444.0,15884.0,10431.0,3032.0,3746.0,3345.0,8923.0,5799.0,1870.0,1389.0,1635.0,2670.0,662.0,546.0,1279.0,805.0
2024-12-14,7411.0,3303.0,1375.0,2490.0,15869.0,11371.0,3268.0,3664.0,2876.0,7936.0,5594.0,1773.0,1269.0,1426.0,2425.0,687.0,504.0,1224.0,814.0
2024-12-15,9224.0,3667.0,1421.0,5670.0,17106.0,12011.0,3513.0,3894.0,3573.0,8443.0,5945.0,1891.0,1329.0,1501.0,2717.0,734.0,511.0,1671.0,922.0
2024-12-16,7955.0,3702.0,1310.0,3433.0,16616.0,8799.0,3247.0,4106.0,3263.0,8700.0,6170.0,2102.0,1372.0,1600.0,2802.0,785.0,745.0,1424.0,837.0
2024-12-17,8125.0,3465.0,1126.0,2871.0,18267.0,9488.0,3222.0,3996.0,3218.0,8919.0,5985.0,2093.0,1339.0,1532.0,2905.0,731.0,548.0,1274.0,792.0
2024-12-18,7968.0,3335.0,1018.0,2557.0,19538.0,8122.0,3209.0,4098.0,3145.0,8599.0,5855.0,2032.0,1286.0,1522.0,2619.0,677.0,487.0,1210.0,836.0
2024-12-19,7293.0,3141.0,895.0,2522.0,17336.0,6309.0,3191.0,4253.0,2997.0,8511.0,5801.0,2106.0,1225.0,1434.0,2774.0,747.0,467.0,1149.0,809.0
2024-12-20,6792.0,3020.0,913.0,2259.0,15496.0,6703.0,3052.0,3793.0,2766.0,7799.0,6047.0,1766.0,1145.0,1308.0,2649.0,664.0,364.0,1117.0,825.0
2024-12-21,6409.0,3098.0,914.0,2292.0,16198.0,5646.0,3187.0,3521.0,2722.0,7484.0,5440.0,1745.0,1221.0,1265.0,2337.0,541.0,486.0,1196.0,873.0
2024-12-22,6564.0,3187.0,1113.0,2404.0,16724.0,5318.0,3790.0,3938.0,2865.0,7980.0,5985.0,1881.0,1203.0,1443.0,2489.0,743.0,559.0,1378.0,1180.0
2024-12-23,6676.0,2971.0,1161.0,2441.0,16812.0,5219.0,3113.0,3811.0,2938.0,8765.0,6486.0,1776.0,1217.0,1407.0,2712.0,742.0,546.0,1248.0,1110.0
2024-12-24,6427.0,2880.0,880.0,2381.0,17800.0,4657.0,3245.0,3693.0,2974.0,7742.0,6062.0,1746.0,1372.0,1277.0,2530.0,663.0,492.0,1295.0,931.0
2024-12-25,6659.0,3149.0,1204.0,2372.0,18024.0,4946.0,3730.0,3815.0,2964.0,8257.0,5715.0,1797.0,1577.0,1506.0,2642.0,847.0,641.0,1576.0,1035.0
2024-12-26,7125.0,3353.0,1121.0,2587.0,19314.0,5647.0,4089.0,3933.0,3022.0,8801.0,6045.0,2003.0,1434.0,1563.0,2844.0,779.0,625.0,1524.0,1155.0
2024-12-27,6758.0,3204.0,1011.0,2495.0,19512.0,5426.0,3876.0,3913.0,2939.0,8484.0,5725.0,1983.0,1294.0,1515.0,2640.0,728.0,528.0,1203.0,941.0
2024-12-28,7231.0,3274.0,1083.0,3239.0,19966.0,5034.0,4371.0,4039.0,3001.0,8086.0,6012.0,1957.0,1425.0,1551.0,2722.0,827.0,592.0,1616.0,1126.0
2024-12-29,6742.0,3511.0,1509.0,2919.0,19152.0,5050.0,3943.0,4033.0,3203.0,8371.0,5993.0,1969.0,1459.0,1532.0,2824.0,1212.0,656.0,1608.0,1261.0
2024-12-30,7040.0,3443.0,1281.0,2861.0,17470.0,5177.0,3563.0,4248.0,3130.0,8184.0,6026.0,1817.0,1324.0,1533.0,2641.0,742.0,573.0,1397.0,1082.0
2024-12-31,6307.0,3178.0,1028.0,2535.0,17202.0,4353.0,3418.0,3645.0,2980.0,7583.0,5610.0,1812.0,1623.0,1339.0,2367.0,699.0,529.0,1603.0,933.0
2025-01-01,7099.0,3403.0,1147.0,2457.0,16948.0,4363.0,3862.0,3850.0,3588.0,8459.0,5757.0,2136.0,1993.0,1471.0,2441.0,779.0,567.0,1449.0,1159.0
2025-01-02,7348.0,3439.0,1142.0,2704.0,17642.0,4439.0,3720.0,4092.0,9837.0,8837.0,6145.0,2067.0,2088.0,1524.0,2832.0,770.0,795.0,2310.0,1039.0
2025-01-03,7613.0,3577.0,1159.0,3088.0,17968.0,4652.0,3754.0,4212.0,4354.0,8206.0,5832.0,2047.0,1655.0,1637.0,2855.0,780.0,656.0,1538.0,1046.0
2025-01-04,6932.0,3633.0,1309.0,2553.0,26200.0,4787.0,4147.0,4240.0,3271.0,8378.0,6069.0,1995.0,1653.0,1611.0,2762.0,900.0,672.0,1589.0,1070.0
2025-01-05,7459.0,3806.0,1576.0,2688.0,29165.0,5248.0,4233.0,4316.0,3259.0,8628.0,8492.0,2224.0,1858.0,1678.0,3226.0,958.0,928.0,1681.0,1222.0
2025-01-06,7410.0,3523.0,1383.0,2724.0,18969.0,6043.0,4193.0,4434.0,3473.0,9184.0,6554.0,2162.0,1711.0,1726.0,3416.0,985.0,675.0,1488.0,1171.0
2025-01-07,7574.0,3414.0,1267.0,2751.0,17484.0,5746.0,4108.0,4459.0,3605.0,9310.0,6619.0,2134.0,1594.0,1668.0,3185.0,833.0,563.0,1606.0,1010.0
2025-01-08,7576.0,3676.0,1147.0,2589.0,17091.0,5201.0,4002.0,4241.0,3333.0,9236.0,6763.0,2084.0,1518.0,1893.0,3319.0,826.0,599.0,1885.0,1273.0
2025-01-09,7622.0,3867.0,1108.0,2461.0,16920.0,5038.0,3991.0,4305.0,3557.0,9551.0,6746.0,2136.0,2018.0,1896.0,4312.0,736.0,573.0,2393.0,1182.0
2025-01-10,7461.0,3728.0,20052.0,2537.0,17049.0,5066.0,3365.0,4192.0,3522.0,9043.0,6603.0,2285.0,2065.0,1893.0,4155.0,937.0,634.0,2117.0,1223.0
2025-01-11,6879.0,3483.0,1737.0,2563.0,16345.0,4613.0,3585.0,4448.0,3214.0,8205.0,6204.0,2290.0,1626.0,1742.0,3281.0,906.0,624.0,1802.0,1039.0
2025-01-12,7096.0,3842.0,1583.0,2695.0,20075.0,4544.0,4382.0,4274.0,3542.0,9010.0,6735.0,2299.0,1635.0,1884.0,3479.0,977.0,661.0,1829.0,1219.0
2025-01-13,7316.0,3774.0,1372.0,2676.0,19385.0,4278.0,3889.0,4482.0,3296.0,9408.0,7020.0,2247.0,2082.0,2043.0,3827.0,806.0,638.0,1636.0,1075.0
2025-01-14,7042.0,3596.0,1362.0,2535.0,18769.0,4640.0,3475.0,4179.0,3217.0,9327.0,6306.0,2156.0,1603.0,2144.0,3688.0,788.0,775.0,1996.0,1096.0
2025-01-15,7127.0,3697.0,1281.0,2459.0,18970.0,4992.0,3499.0,4360.0,3023.0,9597.0,6559.0,2156.0,1585.0,2285.0,3387.0,820.0,583.0,1489.0,1123.0
2025-01-16,7036.0,3511.0,1209.0,2579.0,19049.0,4543.0,3436.0,4314.0,3004.0,9053.0,6485.0,2171.0,1603.0,1972.0,3647.0,727.0,508.0,1432.0,922.0
2025-01-17,6750.0,3629.0,1264.0,2518.0,19980.0,4482.0,3515.0,4112.0,3214.0,9269.0,6063.0,2067.0,1590.0,1935.0,3413.0,771.0,538.0,1509.0,955.0
2025-01-18,7344.0,3615.0,1466.0,2533.0,18483.0,6623.0,3924.0,4120.0,3375.0,8090.0,5477.0,2109.0,1685.0,1870.0,3139.0,829.0,576.0,1289.0,1002.0
2025-01-19,9210.0,4098.0,1444.0,3141.0,21197.0,7951.0,3962.0,4266.0,3416.0,8903.0,6087.0,2277.0,1831.0,1980.0,3246.0,814.0,693.0,1521.0,1236.0
2025-01-20,8350.0,3839.0,1313.0,2824.0,16796.0,13613.0,3666.0,4250.0,3347.0,8880.0,6701.0,2356.0,1754.0,2105.0,3867.0,794.0,586.0,1566.0,1279.0
2025-01-21,8028.0,3956.0,1271.0,2640.0,17433.0,11564.0,3529.0,4363.0,4001.0,9580.0,8502.0,2167.0,1572.0,2212.0,3884.0,833.0,656.0,1616.0,1456.0
2025-01-22,7914.0,3880.0,1273.0,2596.0,19518.0,9033.0,3999.0,4563.0,3880.0,9500.0,7341.0,2266.0,1567.0,2175.0,3830.0,775.0,662.0,1558.0,1595.0
2025-01-23,8984.0,4137.0,1681.0,2795.0,18459.0,10578.0,4081.0,5031.0,3763.0,9709.0,7384.0,2338.0,1571.0,2348.0,4108.0,884.0,978.0,1784.0,1230.0
2025-01-24,7966.0,3668.0,1645.0,2422.0,15512.0,11068.0,3468.0,4532.0,3605.0,9037.0,6600.0,2187.0,1559.0,1998.0,3649.0,841.0,649.0,1498.0,1175.0
2025-01-25,7791.0,3603.0,1352.0,2480.0,16165.0,9470.0,3947.0,4282.0,3631.0,8474.0,6229.0,2055.0,1590.0,1815.0,3036.0,795.0,539.0,1445.0,1041.0
2025-01-26,8066.0,3832.0,1476.0,2749.0,17520.0,8192.0,3807.0,4608.0,3745.0,9613.0,24649.0,2255.0,1692.0,2129.0,4125.0,921.0,667.0,1761.0,3020.0
2025-01-27,8097.0,4055.0,1320.0,2795.0,17433.0,6519.0,3782.0,4781.0,3988.0,10522.0,52046.0,2361.0,1931.0,2375.0,6046.0,931.0,696.0,1780.0,4909.0
2025-01-28,7607.0,3877.0,1166.0,2696.0,17982.0,6443.0,3634.0,4520.0,3818.0,9757.0,20068.0,2097.0,2056.0,2220.0,4755.0,827.0,659.0,1595.0,1983.0
2025-01-29,7373.0,3999.0,1112.0,2585.0,18278.0,5683.0,3441.0,4461.0,3828.0,9248.0,10998.0,2190.0,1793.0,2154.0,4097.0,762.0,529.0,1470.0,1254.0
2025-01-30,7290.0,3674.0,1040.0,2534.0,18982.0,5065.0,3405.0,4431.0,3671.0,9278.0,8153.0,2069.0,1780.0,2082.0,4332.0,736.0,533.0,1389.0,1112.0
2025-01-31,6915.0,3423.0,963.0,2455.0,17577.0,4892.0,3470.0,4087.0,3653.0,9321.0,7847.0,2092.0,1602.0,2036.0,3492.0,852.0,524.0,1332.0,910.0
2025-02-01,6953.0,3399.0,1451.0,2680.0,18608.0,5436.0,3748.0,4159.0,3652.0,8904.0,12604.0,1973.0,1595.0,1884.0,3260.0,696.0,845.0,1380.0,1182.0
2025-02-02,7506.0,3742.0,1441.0,2717.0,17905.0,5380.0,3761.0,4337.0,3886.0,9069.0,7850.0,2029.0,5118.0,1969.0,3218.0,840.0,987.0,1444.0,1402.0
2025-02-03,7256.0,3641.0,1392.0,2742.0,18790.0,5449.0,3971.0,4523.0,3790.0,8971.0,7880.0,2064.0,2500.0,2077.0,3803.0,951.0,728.0,1472.0,1110.0
2025-02-04,7785.0,3832.0,1736.0,2766.0,22744.0,5943.0,4236.0,4746.0,3867.0,9535.0,7787.0,2132.0,2117.0,2187.0,4062.0,820.0,639.0,1359.0,1026.0
2025-02-05,8517.0,3932.0,2292.0,2582.0,26469.0,9119.0,3833.0,4489.0,4056.0,9085.0,7632.0,2135.0,1842.0,2175.0,3706.0,814.0,623.0,1450.0,998.0
2025-02-06,8541.0,3791.0,1901.0,2662.0,21534.0,9683.0,3479.0,4456.0,4038.0,9027.0,8248.0,2187.0,1759.0,2209.0,3733.0,810.0,573.0,1445.0,985.0
2025-02-07,7538.0,3373.0,1705.0,2712.0,19378.0,6444.0,3325.0,4500.0,3759.0,9070.0,8056.0,2037.0,1838.0,1962.0,3313.0,735.0,482.0,1351.0,997.0
2025-02-08,7167.0,3455.0,1888.0,2677.0,18469.0,5423.0,3574.0,4249.0,3966.0,8591.0,6544.0,1962.0,1648.0,1812.0,2977.0,885.0,800.0,1297.0,902.0
2025-02-09,7281.0,3888.0,1872.0,2682.0,22219.0,4846.0,3515.0,4302.0,4031.0,9402.0,6702.0,2538.0,1717.0,2001.0,3232.0,903.0,897.0,1470.0,1066.0
2025-02-10,7101.0,3744.0,1492.0,2541.0,19362.0,4635.0,4631.0,4333.0,3765.0,8766.0,6580.0,2211.0,1669.0,2092.0,3641.0,746.0,648.0,1284.0,1012.0
2025-02-11,7563.0,3769.0,1467.0,2770.0,18917.0,4626.0,3653.0,4369.0,3842.0,8811.0,6829.0,2194.0,1711.0,2063.0,3641.0,725.0,724.0,1475.0,984.0
2025-02-12,7680.0,3689.0,1476.0,2606.0,17571.0,4343.0,3800.0,4800.0,4131.0,11581.0,6888.0,2314.0,1546.0,2233.0,3586.0,800.0,590.0,1369.0,890.0
2025-02-13,7642.0,3690.0,1424.0,2581.0,18242.0,4011.0,4370.0,4463.0,3633.0,9537.0,6669.0,2080.0,1547.0,2074.0,3626.0,985.0,620.0,1994.0,855.0
2025-02-14,7224.0,3530.0,1336.0,2637.0,17066.0,4619.0,5465.0,4800.0,3325.0,8654.0,6085.0,1957.0,1557.0,1900.0,3125.0,940.0,619.0,1315.0,842.0
2025-02-15,7137.0,3683.0,1438.0,2816.0,18749.0,7419.0,4537.0,4594.0,3507.0,8173.0,5609.0,1884.0,1982.0,1832.0,2802.0,839.0,756.0,1400.0,820.0
2025-02-16,7751.0,4093.0,1657.0,3087.0,16845.0,12242.0,3966.0,5073.0,4004.0,8949.0,6144.0,2202.0,1876.0,2282.0,3224.0,919.0,746.0,1576.0,901.0
2025-02-17,8091.0,4318.0,1479.0,3031.0,18069.0,15966.0,3809.0,4634.0,4034.0,9059.0,6219.0,2245.0,1699.0,2146.0,3716.0,813.0,603.0,1332.0,936.0
2025-02-18,8629.0,4110.0,1366.0,3088.0,20705.0,18829.0,3424.0,4348.0,3714.0,9112.0,5886.0,2270.0,1542.0,2175.0,3701.0,751.0,581.0,1441.0,832.0
2025-02-19,7768.0,4389.0,1362.0,3012.0,18997.0,11471.0,3517.0,4634.0,3768.0,9824.0,6317.0,2332.0,1593.0,2247.0,3559.0,737.0,822.0,2003.0,830.0
2025-02-20,7620.0,3976.0,1220.0,2801.0,30824.0,13075.0,3571.0,4602.0,3672.0,9198.0,5749.0,2186.0,1512.0,2149.0,3700.0,1156.0,654.0,2153.0,877.0
2025-02-21,9391.0,3908.0,1226.0,2795.0,19865.0,33539.0,4714.0,4258.0,3587.0,8787.0,5408.0,2088.0,1407.0,2147.0,3489.0,842.0,610.0,1699.0,743.0
2025-02-22,8393.0,3633.0,1072.0,3279.0,18712.0,21030.0,5640.0,4009.0,3321.0,8444.0,5195.0,1971.0,1490.0,1913.0,3068.0,807.0,614.0,1365.0,705.0
2025-02-23,8433.0,4132.0,1173.0,4080.0,23442.0,14824.0,4003.0,4022.0,3711.0,10005.0,5572.0,2081.0,1552.0,2139.0,3544.0,742.0,1034.0,1182.0,708.0
2025-02-24,8093.0,4088.0,1091.0,3550.0,19287.0,10859.0,5365.0,4568.0,3722.0,9806.0,5981.0,2434.0,1454.0,2430.0,3685.0,744.0,1477.0,1288.0,779.0
2025-02-25,7958.0,3847.0,1105.0,3782.0,19207.0,8518.0,3870.0,5043.0,3516.0,9207.0,5562.0,2854.0,1670.0,2106.0,3703.0,964.0,753.0,1290.0,883.0
2025-02-26,7391.0,3851.0,1140.0,2993.0,25423.0,6675.0,3591.0,6782.0,3481.0,9050.0,5667.0,3840.0,1726.0,2130.0,3508.0,2464.0,690.0,1262.0,875.0
2025-02-27,7407.0,3810.0,1020.0,2732.0,18847.0,5551.0,3298.0,4773.0,3734.0,9671.0,5616.0,2577.0,1595.0,2077.0,3636.0,988.0,634.0,1201.0,821.0
2025-02-28,7162.0,3539.0,959.0,2532.0,18434.0,5281.0,2921.0,4185.0,3428.0,9298.0,5427.0,2240.0,1656.0,1954.0,3614.0,884.0,775.0,1362.0,984.0
2025-03-01,6548.0,3379.0,1130.0,2442.0,17384.0,4785.0,3058.0,3896.0,3965.0,8563.0,4877.0,2041.0,3581.0,1783.0,2902.0,833.0,1154.0,1262.0,754.0
2025-03-02,7197.0,3700.0,1367.0,2634.0,19743.0,5362.0,3603.0,4189.0,4682.0,9080.0,5533.0,2131.0,3088.0,2138.0,3163.0,1080.0,2664.0,1485.0,865.0
2025-03-03,10808.0,3825.0,979.0,3324.0,20820.0,6975.0,3655.0,4314.0,3851.0,10539.0,5658.0,2185.0,2138.0,2409.0,3531.0,751.0,854.0,2192.0,759.0
2025-03-04,7677.0,3850.0,1090.0,2853.0,18463.0,5748.0,3356.0,4292.0,3687.0,9633.0,5582.0,2171.0,1797.0,2251.0,3677.0,895.0,709.0,1584.0,823.0
2025-03-05,7422.0,3622.0,1006.0,2578.0,19257.0,4357.0,3099.0,4807.0,3727.0,9488.0,5475.0,2068.0,1671.0,2112.0,3487.0,827.0,677.0,1354.0,752.0
2025-03-06,7209.0,3707.0,1008.0,2729.0,20774.0,4044.0,3513.0,4680.0,3567.0,9365.0,5649.0,2018.0,1708.0,2394.0,3991.0,791.0,640.0,1388.0,781.0
2025-03-07,6804.0,3693.0,930.0,2524.0,20839.0,3707.0,3229.0,4121.0,3688.0,9262.0,5659.0,2179.0,1596.0,2242.0,3871.0,708.0,597.0,1422.0,792.0
2025-03-08,6690.0,3693.0,910.0,2612.0,18086.0,3915.0,3243.0,3615.0,3303.0,8369.0,5201.0,1959.0,1471.0,1968.0,2946.0,708.0,1678.0,1302.0,738.0
2025-03-09,7152.0,3839.0,1039.0,2897.0,18665.0,3738.0,3835.0,4462.0,3459.0,9600.0,5711.0,2223.0,1658.0,2018.0,3235.0,806.0,733.0,1392.0,946.0
2025-03-10,7400.0,4149.0,1164.0,2622.0,17722.0,4016.0,3717.0,4705.0,3321.0,9910.0,5831.0,2301.0,1636.0,2072.0,3935.0,842.0,608.0,1525.0,905.0
2025-03-11,6890.0,4554.0,946.0,2563.0,23319.0,3939.0,3185.0,4383.0,3877.0,8841.0,5791.0,2284.0,1732.0,2408.0,4072.0,833.0,594.0,1514.0,940.0
2025-03-12,7347.0,4614.0,1029.0,2598.0,23374.0,4375.0,3026.0,4498.0,3730.0,9078.0,5644.0,2243.0,1876.0,2378.0,3765.0,802.0,629.0,1463.0,898.0
2025-03-13,7171.0,4360.0,1177.0,2662.0,20135.0,4896.0,2950.0,4282.0,3044.0,8902.0,5521.0,2089.0,1594.0,2226.0,3899.0,731.0,538.0,1643.0,866.0
2025-03-14,7003.0,3916.0,1071.0,2643.0,23531.0,4938.0,2911.0,4345.0,3045.0,9232.0,5555.0,1947.0,1428.0,2031.0,3439.0,752.0,553.0,1610.0,904.0
2025-03-15,6866.0,3879.0,1089.0,2405.0,20130.0,4822.0,3467.0,4311.0,2958.0,8687.0,5007.0,1823.0,1354.0,1701.0,3019.0,773.0,531.0,1653.0,956.0
2025-03-16,7437.0,4256.0,1371.0,2553.0,24521.0,4390.0,4004.0,4642.0,3391.0,9576.0,5667.0,2080.0,1676.0,2442.0,3383.0,932.0,655.0,1840.0,1167.0
2025-03-17,7380.0,4372.0,1117.0,2496.0,35137.0,4249.0,3366.0,4329.0,3426.0,9446.0,6154.0,2233.0,1910.0,2338.0,3532.0,791.0,542.0,1631.0,1099.0
2025-03-18,7425.0,4429.0,1064.0,2587.0,23813.0,3983.0,3089.0,4410.0,3411.0,9012.0,6300.0,2151.0,1811.0,2487.0,3777.0,723.0,528.0,1434.0,916.0
2025-03-19,7329.0,4362.0,986.0,2426.0,18775.0,3877.0,2905.0,4259.0,3317.0,9430.0,6098.0,2112.0,1683.0,2191.0,4258.0,698.0,506.0,1387.0,834.0
2025-03-20,7201.0,4312.0,981.0,2439.0,18774.0,3522.0,2847.0,4502.0,3333.0,9807.0,5764.0,2382.0,1727.0,2422.0,3820.0,679.0,524.0,1445.0,829.0
2025-03-21,7894.0,4471.0,940.0,2361.0,19782.0,3217.0,2566.0,4113.0,3796.0,11166.0,6049.0,2171.0,2063.0,2920.0,3868.0,659.0,553.0,1409.0,850.0
2025-03-22,8630.0,4200.0,891.0,2357.0,21354.0,3244.0,2750.0,3794.0,3991.0,8614.0,5365.0,1982.0,2568.0,2411.0,3683.0,682.0,692.0,1408.0,829.0
2025-03-23,6945.0,4148.0,1046.0,2754.0,21658.0,3415.0,2973.0,3888.0,3414.0,8929.0,5370.0,2161.0,1761.0,2806.0,3510.0,808.0,676.0,1497.0,1105.0
2025-03-24,7736.0,4773.0,993.0,2712.0,21541.0,3209.0,3236.0,4360.0,3479.0,10307.0,5775.0,2366.0,1819.0,2454.0,4083.0,750.0,604.0,1533.0,903.0
2025-03-25,8267.0,4672.0,1182.0,2658.0,19587.0,3748.0,3029.0,4998.0,3558.0,10415.0,5890.0,2490.0,2026.0,2421.0,4245.0,738.0,530.0,1416.0,833.0
2025-03-26,10961.0,5427.0,1872.0,3138.0,30866.0,3904.0,3177.0,5021.0,3775.0,11756.0,6405.0,2465.0,1899.0,2991.0,4458.0,785.0,620.0,1621.0,873.0
2025-03-27,8561.0,4571.0,1267.0,2855.0,23122.0,3731.0,3194.0,4386.0,3688.0,10289.0,6191.0,2678.0,1692.0,2592.0,4313.0,706.0,544.0,1389.0,798.0
2025-03-28,7795.0,4084.0,1314.0,2866.0,20484.0,3589.0,2970.0,4083.0,3251.0,9081.0,5523.0,2324.0,1488.0,2647.0,3658.0,730.0,537.0,1333.0,742.0
2025-03-29,7471.0,3744.0,1260.0,2780.0,19545.0,3206.0,3235.0,3867.0,2921.0,10378.0,5324.0,2094.0,1338.0,2004.0,3216.0,712.0,502.0,1316.0,836.0
2025-03-30,7675.0,4139.0,1356.0,2859.0,27689.0,3428.0,3577.0,3993.0,3155.0,8728.0,5462.0,2359.0,1720.0,2061.0,3508.0,855.0,673.0,1459.0,905.0
2025-03-31,7620.0,4192.0,1139.0,2724.0,19740.0,3961.0,3805.0,4024.0,3301.0,9172.0,5589.0,2152.0,1595.0,2204.0,3836.0,948.0,545.0,1419.0,875.0
2025-04-01,7385.0,4026.0,1095.0,2525.0,18838.0,4397.0,3192.0,6754.0,2930.0,8976.0,5297.0,2083.0,1609.0,2294.0,3712.0,720.0,539.0,1321.0,758.0
2025-04-02,7636.0,4371.0,985.0,2548.0,17634.0,4071.0,2953.0,7619.0,3103.0,8918.0,5747.0,1977.0,1773.0,2315.0,3289.0,633.0,406.0,1382.0,757.0
2025-04-03,7186.0,4258.0,1197.0,2530.0,17715.0,3655.0,2792.0,4794.0,3188.0,8681.0,5728.0,2089.0,1843.0,2230.0,3550.0,588.0,506.0,1250.0,698.0
2025-04-04,7134.0,3475.0,806.0,2315.0,16124.0,4160.0,2822.0,4158.0,2813.0,8583.0,5131.0,1881.0,1496.0,2136.0,3403.0,658.0,510.0,1112.0,659.0
2025-04-05,6865.0,3306.0,916.0,2333.0,17331.0,3849.0,2656.0,3808.0,2719.0,7872.0,4780.0,1726.0,1315.0,1727.0,2689.0,560.0,641.0,1067.0,552.0
2025-04-06,6596.0,3528.0,979.0,2355.0,16789.0,3517.0,3146.0,3995.0,2836.0,8149.0,5169.0,2076.0,1508.0,1931.0,2984.0,650.0,557.0,1257.0,749.0
2025-04-07,6771.0,3917.0,857.0,2352.0,24217.0,3759.0,3691.0,3816.0,2942.0,8422.0,5390.0,2148.0,1947.0,2405.0,3474.0,599.0,586.0,1163.0,1948.0
2025-04-08,6872.0,3913.0,835.0,2370.0,19697.0,3400.0,3557.0,4000.0,3012.0,8355.0,5318.0,2110.0,2107.0,2183.0,3246.0,627.0,492.0,1142.0,1129.0
2025-04-09,6736.0,3775.0,781.0,2301.0,21406.0,3499.0,4059.0,3856.0,3243.0,8275.0,5348.0,2059.0,1816.0,2146.0,3287.0,568.0,474.0,1046.0,793.0
2025-04-10,6564.0,3821.0,867.0,2318.0,33119.0,3658.0,3361.0,3838.0,3003.0,8369.0,5084.0,2101.0,1748.0,2159.0,3019.0,612.0,510.0,1087.0,722.0
2025-04-11,6382.0,3476.0,827.0,2197.0,20286.0,3771.0,3015.0,3806.0,2909.0,8546.0,5159.0,1949.0,1586.0,2107.0,2847.0,550.0,399.0,979.0,610.0
2025-04-12,6374.0,3389.0,1029.0,2152.0,20283.0,4873.0,2990.0,3780.0,2667.0,8134.0,4760.0,1750.0,1449.0,1743.0,2513.0,529.0,411.0,949.0,597.0
2025-04-13,6557.0,3597.0,1108.0,2158.0,21738.0,4510.0,4155.0,3967.0,2979.0,8504.0,4904.0,1984.0,1833.0,1980.0,2774.0,743.0,496.0,1151.0,746.0
2025-04-14,7120.0,4050.0,938.0,2472.0,19421.0,5596.0,16295.0,4474.0,3234.0,9045.0,5593.0,2178.0,1968.0,2221.0,3359.0,716.0,469.0,1103.0,863.0
2025-04-15,7158.0,3872.0,811.0,2295.0,19693.0,5542.0,3942.0,4097.0,3141.0,8646.0,5463.0,1941.0,1769.0,1965.0,3123.0,623.0,442.0,1035.0,685.0
2025-04-16,6773.0,3501.0,801.0,2243.0,19870.0,5733.0,3740.0,4148.0,3173.0,8569.0,5109.0,1865.0,1687.0,1992.0,2883.0,535.0,438.0,986.0,763.0
2025-04-17,6771.0,3276.0,746.0,2240.0,18901.0,5445.0,3060.0,4063.0,3181.0,8714.0,5389.0,1827.0,1672.0,1648.0,2562.0,624.0,586.0,1025.0,689.0
2025-04-18,6517.0,3359.0,905.0,2272.0,18426.0,4378.0,2942.0,3837.0,2919.0,8211.0,5023.0,1867.0,1489.0,1768.0,2657.0,648.0,592.0,1237.0,852.0
2025-04-19,6293.0,3565.0,746.0,2133.0,19951.0,3329.0,3159.0,4290.0,2842.0,7847.0,4864.0,2034.0,1573.0,1812.0,2881.0,546.0,477.0,1045.0,660.0
2025-04-20,6306.0,3803.0,845.0,2349.0,19108.0,3507.0,3250.0,8897.0,3042.0,8213.0,5184.0,2223.0,1626.0,1949.0,2809.0,833.0,443.0,1038.0,700.0
2025-04-21,13495.0,4829.0,3298.0,13580.0,16636.0,8632.0,3697.0,5040.0,3479.0,9621.0,7068.0,2112.0,1685.0,2150.0,3019.0,1233.0,581.0,1481.0,728.0
2025-04-22,10687.0,4599.0,2018.0,8731.0,17215.0,8101.0,3104.0,5132.0,3127.0,9907.0,5573.0,2021.0,1712.0,2134.0,2915.0,756.0,492.0,1810.0,953.0
2025-04-23,8874.0,4225.0,1279.0,5106.0,16613.0,5393.0,2869.0,4303.0,3156.0,9260.0,5372.0,2078.0,1589.0,2197.0,3104.0,714.0,430.0,1112.0,694.0
2025-04-24,7910.0,4106.0,1174.0,3884.0,16946.0,3906.0,2684.0,3962.0,3136.0,8656.0,5133.0,2020.0,1486.0,2173.0,3092.0,730.0,1821.0,1326.0,734.0
2025-04-25,7484.0,3773.0,1136.0,3696.0,19309.0,3957.0,2575.0,3832.0,3145.0,8523.0,4888.0,1808.0,1379.0,2061.0,3136.0,831.0,898.0,1206.0,678.0
2025-04-26,8606.0,3665.0,1664.0,4728.0,17686.0,8515.0,2666.0,3906.0,2787.0,8054.0,4521.0,1785.0,1372.0,1782.0,2640.0,614.0,519.0,1053.0,645.0
2025-04-27,7547.0,3949.0,1308.0,3812.0,20115.0,5197.0,2750.0,3658.0,2900.0,8160.0,4601.0,1826.0,1556.0,1838.0,2780.0,597.0,492.0,1098.0,686.0
2025-04-28,7235.0,3799.0,1038.0,3079.0,17502.0,3629.0,2813.0,3983.0,2951.0,8784.0,5226.0,1866.0,1458.0,2133.0,2953.0,602.0,406.0,1114.0,675.0
2025-04-29,6964.0,3568.0,881.0,2592.0,19084.0,3379.0,2528.0,4071.0,2910.0,9088.0,5313.0,1984.0,1872.0,2027.0,3161.0,567.0,391.0,1114.0,743.0
2025-04-30,6752.0,3333.0,905.0,2541.0,25122.0,3100.0,2769.0,3705.0,2984.0,8678.0,4941.0,1785.0,1475.0,1721.0,2719.0,726.0,419.0,1144.0,630.0
2025-05-01,7048.0,3405.0,882.0,2648.0,26091.0,3067.0,2434.0,3582.0,2770.0,7985.0,4793.0,1677.0,1266.0,1702.0,2749.0,468.0,390.0,826.0,471.0
2025-05-02,7595.0,3662.0,928.0,2658.0,17691.0,2912.0,2759.0,4669.0,2922.0,8159.0,4804.0,2597.0,1364.0,1709.0,2829.0,684.0,412.0,904.0,569.0
2025-05-03,7192.0,3408.0,1024.0,2739.0,16216.0,3468.0,2898.0,3749.0,2734.0,7344.0,4459.0,2085.0,1261.0,1916.0,2580.0,663.0,511.0,843.0,490.0
2025-05-04,8025.0,3930.0,1263.0,3017.0,20977.0,3302.0,5113.0,3854.0,3077.0,9077.0,4798.0,2015.0,1475.0,2263.0,2929.0,724.0,565.0,1188.0,624.0
2025-05-05,7728.0,3831.0,1063.0,2897.0,17618.0,3212.0,10128.0,3980.0,4072.0,9871.0,5349.0,1989.0,1517.0,2334.0,3183.0,625.0,521.0,1194.0,588.0
2025-05-06,7613.0,3990.0,1159.0,2828.0,24687.0,3038.0,2795.0,3911.0,3272.0,9309.0,5352.0,1970.0,1492.0,2110.0,3361.0,674.0,522.0,1242.0,673.0
2025-05-07,7693.0,3970.0,1116.0,2869.0,24177.0,2893.0,2482.0,4036.0,3097.0,9191.0,5131.0,2211.0,1556.0,2312.0,3136.0,600.0,459.0,1185.0,655.0
2025-05-08,9624.0,4182.0,1383.0,3724.0,19359.0,3165.0,2462.0,4079.0,3058.0,9728.0,5472.0,2131.0,1567.0,2212.0,3492.0,866.0,531.0,1439.0,768.0
2025-05-09,8398.0,3384.0,1051.0,3820.0,16056.0,3001.0,2565.0,4686.0,2833.0,9310.0,5382.0,2074.0,1426.0,1854.0,2795.0,715.0,438.0,1351.0,697.0
2025-05-10,7043.0,3259.0,938.0,3036.0,17721.0,2672.0,2484.0,3566.0,2655.0,8232.0,4615.0,1881.0,1215.0,1764.0,2493.0,551.0,595.0,1091.0,503.0
2025-05-11,7173.0,3557.0,947.0,2925.0,24769.0,2750.0,2777.0,3644.0,2945.0,8460.0,4726.0,1822.0,1457.0,1815.0,2612.0,626.0,667.0,933.0,608.0
2025-05-12,7810.0,3853.0,906.0,2887.0,22226.0,2895.0,2413.0,3867.0,3196.0,9559.0,5092.0,2057.0,1818.0,2350.0,3287.0,581.0,449.0,1054.0,600.0
2025-05-13,7730.0,3842.0,921.0,2693.0,19048.0,2794.0,3148.0,4130.0,5415.0,9522.0,5301.0,2000.0,4413.0,2206.0,3358.0,579.0,890.0,1118.0,638.0
2025-05-14,7769.0,4259.0,1008.0,2863.0,20212.0,3391.0,2432.0,4391.0,15897.0,10192.0,6002.0,2080.0,12374.0,2411.0,3379.0,584.0,3219.0,1272.0,691.0
2025-05-15,7394.0,3646.0,837.0,2529.0,22720.0,3343.0,2324.0,3977.0,8874.0,9745.0,5463.0,1945.0,4778.0,1974.0,3177.0,540.0,1063.0,1040.0,581.0
2025-05-16,6699.0,3386.0,806.0,2232.0,21839.0,2645.0,2204.0,4003.0,6059.0,13577.0,5092.0,1819.0,2733.0,1990.0,2928.0,579.0,660.0,1132.0,544.0
2025-05-17,6475.0,3055.0,732.0,2225.0,18039.0,2277.0,2481.0,3826.0,4747.0,8859.0,4754.0,1816.0,2240.0,1697.0,2436.0,460.0,605.0,890.0,485.0
2025-05-18,7029.0,3562.0,907.0,2691.0,18811.0,2558.0,2571.0,4155.0,4238.0,8315.0,5278.0,1896.0,4041.0,1700.0,2684.0,568.0,509.0,906.0,589.0
2025-05-19,7162.0,3944.0,735.0,3051.0,20061.0,3687.0,2564.0,4220.0,3944.0,9075.0,5491.0,1925.0,2420.0,2138.0,3134.0,595.0,519.0,1021.0,584.0
2025-05-20,6722.0,3830.0,841.0,2607.0,17680.0,3091.0,2275.0,4379.0,3753.0,8780.0,5458.0,1857.0,1927.0,2197.0,3055.0,543.0,1751.0,975.0,587.0
2025-05-21,6627.0,3736.0,708.0,2476.0,16909.0,2770.0,2360.0,9168.0,3701.0,8622.0,5159.0,2251.0,1690.0,1950.0,2945.0,818.0,692.0,1021.0,563.0
2025-05-22,6171.0,3688.0,798.0,2231.0,16713.0,2695.0,2094.0,4703.0,3184.0,8507.0,5209.0,2125.0,1753.0,1991.0,3190.0,812.0,519.0,1073.0,563.0
2025-05-23,6183.0,3549.0,769.0,2240.0,16204.0,2581.0,2174.0,3657.0,3238.0,8332.0,5385.0,1923.0,1462.0,1710.0,2803.0,510.0,454.0,1003.0,574.0
2025-05-24,5872.0,3221.0,702.0,2222.0,17606.0,2331.0,2371.0,3488.0,3141.0,7522.0,4816.0,1727.0,1404.0,1575.0,2463.0,475.0,526.0,780.0,539.0
2025-05-25,6776.0,4024.0,861.0,2762.0,23035.0,2433.0,2604.0,3751.0,3288.0,8300.0,5049.0,2083.0,1506.0,2019.0,2692.0,562.0,533.0,881.0,663.0
2025-05-26,6651.0,3905.0,778.0,2545.0,19236.0,2410.0,2484.0,4266.0,3410.0,8860.0,5348.0,2221.0,1548.0,2052.0,3055.0,568.0,414.0,1035.0,572.0
2025-05-27,7104.0,3629.0,693.0,2648.0,22064.0,3365.0,2453.0,4331.0,3459.0,8994.0,5781.0,1943.0,1513.0,2127.0,2973.0,522.0,411.0,965.0,590.0
2025-05-28,7174.0,3720.0,661.0,2458.0,18872.0,3280.0,2289.0,4239.0,3238.0,8837.0,5495.0,1947.0,1501.0,2045.0,2851.0,536.0,449.0,886.0,569.0
2025-05-29,7094.0,3672.0,724.0,2275.0,29446.0,3039.0,2311.0,3958.0,3094.0,8699.0,5497.0,1946.0,1494.0,1948.0,2707.0,519.0,469.0,896.0,569.0
2025-05-30,6392.0,3336.0,684.0,2212.0,18658.0,2804.0,2236.0,3762.0,2940.0,7964.0,12664.0,1802.0,1387.0,1841.0,2513.0,471.0,394.0,772.0,558.0
2025-05-31,6480.0,3058.0,704.0,2094.0,29467.0,2680.0,2425.0,3590.0,2903.0,7772.0,9076.0,1539.0,1225.0,1553.0,2354.0,473.0,411.0,787.0,534.0
2025-06-01,6262.0,3628.0,810.0,2269.0,43696.0,2435.0,2316.0,3784.0,3118.0,7871.0,5768.0,1760.0,1508.0,1653.0,2422.0,522.0,552.0,899.0,547.0
2025-06-02,6478.0,3911.0,773.0,2264.0,24230.0,2383.0,2324.0,3818.0,3249.0,8297.0,5443.0,1925.0,1427.0,1951.0,2939.0,556.0,1364.0,1274.0,562.0
2025-06-03,6320.0,3661.0,720.0,2183.0,21003.0,2465.0,2321.0,3690.0,3497.0,8028.0,5190.0,1896.0,1342.0,1994.0,3082.0,610.0,763.0,1065.0,598.0
2025-06-04,6891.0,3599.0,718.0,2168.0,23348.0,2647.0,2248.0,3907.0,3149.0,8402.0,4877.0,1868.0,1314.0,1921.0,2712.0,555.0,648.0,1062.0,571.0
2025-06-05,11521.0,3767.0,962.0,2285.0,25547.0,2693.0,2218.0,3756.0,2989.0,8689.0,4743.0,1886.0,1474.0,2264.0,2965.0,511.0,494.0,1000.0,580.0
2025-06-06,8661.0,3672.0,847.0,2008.0,23349.0,2703.0,1973.0,3828.0,3140.0,8880.0,5283.0,2266.0,1545.0,2189.0,3158.0,537.0,434.0,947.0,499.0
2025-06-07,6229.0,3148.0,765.0,1913.0,50754.0,3611.0,2910.0,3707.0,2892.0,7930.0,5317.0,1873.0,1284.0,1745.0,2537.0,533.0,488.0,836.0,565.0
2025-06-08,7723.0,3757.0,950.0,2162.0,40427.0,3386.0,2598.0,3919.0,3045.0,8509.0,13544.0,2127.0,1501.0,1892.0,4746.0,630.0,574.0,1087.0,1066.0
2025-06-09,6967.0,3668.0,806.0,2198.0,42565.0,3466.0,2261.0,3775.0,3201.0,9505.0,8599.0,2003.0,1391.0,1885.0,3710.0,494.0,805.0,1009.0,809.0
2025-06-10,6896.0,3932.0,749.0,2046.0,26325.0,4366.0,2265.0,3748.0,3144.0,8522.0,6789.0,2166.0,1759.0,1810.0,3658.0,492.0,571.0,1027.0,742.0
2025-06-11,8321.0,4094.0,1703.0,2261.0,27958.0,6393.0,2129.0,3703.0,3390.0,9507.0,7398.0,2024.0,1637.0,2329.0,3259.0,576.0,558.0,1027.0,693.0
2025-06-12,6723.0,3439.0,1094.0,2049.0,21535.0,6206.0,2329.0,3518.0,3035.0,7884.0,6347.0,1876.0,1315.0,1707.0,2650.0,552.0,415.0,1069.0,644.0
2025-06-13,5934.0,3221.0,757.0,1917.0,19134.0,5029.0,2002.0,3353.0,2979.0,7686.0,5623.0,1743.0,1222.0,1572.0,2698.0,477.0,372.0,968.0,582.0
2025-06-14,6280.0,3193.0,717.0,1996.0,20995.0,4403.0,2199.0,3410.0,2720.0,7577.0,5257.0,2105.0,1164.0,1483.0,2415.0,475.0,433.0,883.0,601.0
2025-06-15,6355.0,3162.0,874.0,2166.0,30697.0,4151.0,2266.0,3384.0,2880.0,8055.0,5016.0,2403.0,1214.0,1543.0,2227.0,560.0,512.0,1133.0,709.0
2025-06-16,6567.0,3320.0,837.0,2384.0,21182.0,3494.0,2347.0,3746.0,3154.0,8318.0,5123.0,2617.0,1220.0,1741.0,2684.0,519.0,448.0,1179.0,721.0
2025-06-17,6486.0,3580.0,956.0,2438.0,18663.0,3499.0,2251.0,3616.0,2946.0,8553.0,5120.0,2100.0,1339.0,1811.0,2609.0,624.0,467.0,1380.0,561.0
2025-06-18,6380.0,3399.0,858.0,2168.0,17873.0,3358.0,2028.0,3444.0,2962.0,8349.0,4888.0,1802.0,1176.0,1563.0,2497.0,530.0,352.0,991.0,447.0
2025-06-19,6615.0,3293.0,807.0,2103.0,30935.0,3657.0,2031.0,3481.0,2957.0,8494.0,5428.0,1816.0,1202.0,1665.0,2481.0,545.0,424.0,1070.0,603.0
2025-06-20,6776.0,3147.0,734.0,2244.0,31742.0,3125.0,1984.0,3461.0,3182.0,8294.0,4916.0,1657.0,1073.0,1841.0,2377.0,528.0,364.0,972.0,522.0
2025-06-21,7202.0,3191.0,958.0,2497.0,21125.0,3303.0,2154.0,3392.0,2899.0,8164.0,4944.0,1618.0,1105.0,1514.0,2219.0,489.0,418.0,954.0,554.0
2025-06-22,7010.0,3603.0,748.0,2554.0,19282.0,3723.0,2215.0,3591.0,3487.0,8562.0,5018.0,1993.0,1291.0,1598.0,2403.0,536.0,468.0,1338.0,608.0
2025-06-23,6623.0,3697.0,847.0,2217.0,26047.0,3286.0,2148.0,4137.0,3223.0,8570.0,5084.0,2070.0,1437.0,1803.0,2637.0,649.0,457.0,1366.0,622.0
2025-06-24,6552.0,3482.0,1204.0,2289.0,52575.0,3540.0,2150.0,3949.0,3139.0,8094.0,4976.0,1676.0,1280.0,1708.0,2488.0,808.0,469.0,1303.0,791.0
2025-06-25,7095.0,3140.0,1075.0,2562.0,26441.0,4914.0,2076.0,3983.0,3062.0,8119.0,5138.0,1786.0,1241.0,1681.0,2350.0,680.0,468.0,1145.0,701.0
2025-06-26,7441.0,3148.0,895.0,2529.0,22664.0,4208.0,1987.0,3803.0,3067.0,8023.0,5183.0,1679.0,1114.0,1678.0,2304.0,567.0,448.0,1023.0,624.0
2025-06-27,6003.0,2900.0,853.0,2294.0,18605.0,3198.0,2012.0,3581.0,2853.0,7642.0,4718.0,1634.0,1065.0,1600.0,2129.0,574.0,426.0,995.0,523.0
2025-06-28,5936.0,2858.0,741.0,2052.0,17979.0,3923.0,2069.0,3508.0,2698.0,7731.0,4399.0,1674.0,1080.0,1640.0,1992.0,465.0,291.0,1013.0,499.0
2025-06-29,6504.0,3088.0,930.0,2180.0,36477.0,3174.0,2063.0,3498.0,2963.0,8492.0,4743.0,1811.0,1156.0,1568.0,2070.0,689.0,455.0,1404.0,794.0
2025-06-30,5991.0,3051.0,785.0,2274.0,24220.0,3101.0,1953.0,4064.0,3043.0,7812.0,5027.0,2260.0,1114.0,1944.0,2344.0,524.0,355.0,1058.0,636.0
2025-07-01,5713.0,4472.0,695.0,2094.0,18223.0,2851.0,1969.0,3627.0,3036.0,7421.0,4653.0,1960.0,1112.0,1479.0,2202.0,504.0,346.0,841.0,545.0
2025-07-02,6197.0,3440.0,773.0,2041.0,15682.0,2975.0,1975.0,3486.0,2803.0,7522.0,4600.0,1792.0,1073.0,1539.0,2740.0,544.0,369.0,911.0,594.0
2025-07-03,6144.0,3395.0,985.0,2012.0,16087.0,2667.0,1906.0,3622.0,2869.0,7292.0,4838.0,1755.0,1047.0,1640.0,2443.0,552.0,370.0,883.0,534.0
2025-07-04,6264.0,2973.0,722.0,1913.0,14506.0,2350.0,2073.0,3786.0,2801.0,7834.0,4534.0,1639.0,1029.0,1708.0,2218.0,510.0,334.0,961.0,539.0
2025-07-05,10249.0,2815.0,664.0,2676.0,16117.0,4059.0,1985.0,3434.0,2786.0,7958.0,4604.0,1734.0,969.0,1631.0,2166.0,524.0,344.0,924.0,569.0
2025-07-06,9140.0,3090.0,960.0,2655.0,27606.0,4768.0,2206.0,4775.0,2813.0,9174.0,4860.0,1803.0,1127.0,1530.0,2228.0,572.0,408.0,1120.0,619.0
2025-07-07,7392.0,3152.0,994.0,2404.0,18983.0,4946.0,2136.0,3758.0,3219.0,9616.0,5023.0,1985.0,1237.0,1659.0,2496.0,495.0,393.0,1178.0,670.0
2025-07-08,7187.0,3237.0,824.0,2405.0,17199.0,3597.0,2241.0,3766.0,3054.0,11612.0,5321.0,1801.0,1198.0,1878.0,2543.0,480.0,390.0,1064.0,597.0
2025-07-09,8252.0,4397.0,831.0,2314.0,17985.0,3244.0,2040.0,3592.0,2915.0,10629.0,5006.0,1857.0,1254.0,1686.0,2488.0,450.0,445.0,930.0,582.0
2025-07-10,6670.0,3525.0,733.0,1977.0,34256.0,3503.0,2128.0,3660.0,2968.0,11912.0,5516.0,1791.0,1365.0,1838.0,2631.0,515.0,365.0,1304.0,571.0
2025-07-11,8607.0,3125.0,709.0,2134.0,17096.0,4229.0,2209.0,5365.0,2635.0,9267.0,5003.0,1704.0,1129.0,1584.0,2754.0,455.0,333.0,961.0,586.0
2025-07-12,6884.0,2985.0,696.0,2055.0,15514.0,3712.0,2188.0,3257.0,2723.0,8128.0,4710.0,1613.0,1071.0,1472.0,2327.0,495.0,397.0,1006.0,551.0
2025-07-13,6656.0,3232.0,865.0,2159.0,47773.0,4054.0,2320.0,3436.0,2959.0,8195.0,4954.0,1772.0,1269.0,1545.0,2356.0,520.0,466.0,1071.0,608.0
2025-07-14,6705.0,3147.0,689.0,2152.0,19377.0,3771.0,2279.0,3656.0,2957.0,8744.0,5005.0,1736.0,1215.0,1669.0,2514.0,542.0,388.0,1063.0,695.0
2025-07-15,6092.0,2890.0,869.0,2179.0,16070.0,3535.0,2274.0,4194.0,2780.0,8459.0,5016.0,1740.0,1252.0,1748.0,2756.0,599.0,386.0,1075.0,538.0
2025-07-16,6153.0,3193.0,766.0,2045.0,16111.0,3119.0,2163.0,4220.0,2971.0,8359.0,4947.0,1687.0,1275.0,1745.0,2698.0,610.0,597.0,1190.0,631.0
2025-07-17,5901.0,2948.0,681.0,2034.0,16936.0,2964.0,1911.0,3427.0,2766.0,8264.0,4856.0,1772.0,1299.0,1784.0,2624.0,431.0,363.0,957.0,583.0
2025-07-18,5805.0,2778.0,746.0,1945.0,13526.0,3598.0,1971.0,3217.0,2677.0,8498.0,4986.0,1706.0,1313.0,1687.0,2527.0,476.0,396.0,1134.0,541.0
2025-07-19,6949.0,2688.0,783.0,2021.0,13459.0,4988.0,1856.0,3291.0,2767.0,8555.0,4926.0,1522.0,1205.0,1519.0,2566.0,471.0,478.0,1000.0,511.0
2025-07-20,6039.0,3009.0,878.0,2082.0,33671.0,3689.0,2277.0,3258.0,3101.0,8003.0,5721.0,1682.0,1283.0,1589.0,3961.0,539.0,424.0,1148.0,708.0
2025-07-21,6045.0,3074.0,838.0,2128.0,18222.0,4394.0,2192.0,3667.0,2826.0,8361.0,5514.0,2031.0,1404.0,1734.0,3268.0,567.0,465.0,1151.0,729.0
2025-07-22,6043.0,3130.0,768.0,2123.0,16057.0,3798.0,2192.0,3550.0,2865.0,8214.0,5055.0,1840.0,1547.0,1645.0,2730.0,509.0,396.0,1018.0,633.0
2025-07-23,5777.0,2982.0,752.0,2157.0,15636.0,3300.0,1977.0,3464.0,2808.0,7898.0,4888.0,1716.0,1253.0,1625.0,2801.0,506.0,391.0,1206.0,599.0
2025-07-24,5804.0,3097.0,734.0,2148.0,14797.0,4753.0,2380.0,3582.0,2921.0,8019.0,5596.0,1743.0,1336.0,1768.0,2986.0,601.0,522.0,1006.0,575.0
2025-07-25,6168.0,2813.0,860.0,2122.0,14470.0,3332.0,2164.0,3528.0,2943.0,7838.0,5047.0,1827.0,1282.0,1606.0,3029.0,643.0,500.0,1015.0,561.0
2025-07-26,6139.0,2903.0,822.0,2188.0,16710.0,3438.0,1963.0,3255.0,2697.0,7341.0,4959.0,1701.0,1218.0,1575.0,2784.0,564.0,505.0,1051.0,625.0
2025-07-27,8287.0,3207.0,901.0,2282.0,16299.0,3921.0,2517.0,3586.0,3231.0,7743.0,5249.0,1896.0,1292.0,1526.0,2748.0,617.0,490.0,1248.0,785.0
2025-07-28,7843.0,3433.0,766.0,2372.0,25147.0,3878.0,2314.0,3566.0,3103.0,7780.0,5371.0,2039.0,1361.0,1630.0,2788.0,515.0,409.0,976.0,806.0
2025-07-29,6478.0,3424.0,814.0,2230.0,20568.0,3707.0,2191.0,3588.0,3099.0,8020.0,5361.0,1815.0,1254.0,1638.0,2892.0,600.0,441.0,1010.0,792.0
2025-07-30,6083.0,3309.0,790.0,2042.0,16040.0,3628.0,2345.0,4492.0,3767.0,8182.0,5322.0,2469.0,1328.0,1623.0,2935.0,639.0,477.0,964.0,741.0
2025-07-31,5897.0,3353.0,807.0,2105.0,18550.0,3388.0,2527.0,3802.0,3066.0,8232.0,4809.0,2172.0,1266.0,1778.0,2580.0,563.0,406.0,1093.0,730.0
2025-08-01,5867.0,2973.0,928.0,1943.0,14461.0,3610.0,2397.0,3579.0,3341.0,7488.0,4749.0,2090.0,1180.0,1460.0,2437.0,566.0,423.0,1121.0,725.0
2025-08-02,6213.0,3076.0,863.0,2089.0,14522.0,3433.0,2146.0,3691.0,2923.0,7489.0,5253.0,1935.0,1124.0,1451.0,2618.0,567.0,444.0,1085.0,880.0
2025-08-03,6572.0,3388.0,876.0,2076.0,16304.0,3382.0,2410.0,3801.0,3373.0,7867.0,5432.0,1990.0,1290.0,1625.0,2486.0,663.0,580.0,1388.0,829.0
2025-08-04,6796.0,3238.0,821.0,2184.0,14892.0,3098.0,2414.0,3996.0,3346.0,7986.0,5265.0,2034.0,1287.0,1634.0,2777.0,693.0,560.0,1701.0,666.0
2025-08-05,6001.0,3126.0,782.0,2186.0,14893.0,3411.0,2727.0,3678.0,3041.0,8590.0,5279.0,1869.0,1173.0,1815.0,2848.0,685.0,466.0,1289.0,632.0
2025-08-06,6346.0,3321.0,840.0,2123.0,14521.0,3294.0,2514.0,3476.0,3101.0,9312.0,5348.0,1963.0,1152.0,1689.0,3101.0,589.0,433.0,1084.0,707.0
2025-08-07,5903.0,2965.0,744.0,2167.0,16023.0,3145.0,2377.0,3376.0,2981.0,9589.0,5773.0,1867.0,1129.0,1588.0,3229.0,556.0,498.0,1125.0,721.0
2025-08-08,5982.0,3035.0,806.0,2203.0,14946.0,3284.0,2271.0,3270.0,2891.0,9044.0,5306.0,1776.0,1088.0,1542.0,3213.0,520.0,438.0,1012.0,742.0
2025-08-09,5673.0,2884.0,779.0,2126.0,14016.0,3014.0,2257.0,3185.0,3036.0,7811.0,5142.0,1676.0,1125.0,1374.0,2834.0,489.0,378.0,1001.0,608.0
2025-08-10,6250.0,3048.0,1065.0,2317.0,16368.0,3149.0,2578.0,3467.0,3259.0,8066.0,5128.0,1863.0,1234.0,1742.0,2869.0,624.0,475.0,1128.0,845.0
2025-08-11,6095.0,3208.0,870.0,2239.0,16941.0,3359.0,2316.0,3877.0,3139.0,8134.0,6619.0,1883.0,1123.0,1773.0,3586.0,706.0,465.0,963.0,1083.0
2025-08-12,5925.0,3218.0,793.0,2373.0,17437.0,3442.0,2357.0,3959.0,3137.0,7892.0,5943.0,1942.0,1130.0,1596.0,3149.0,652.0,369.0,952.0,1032.0
2025-08-13,6182.0,3212.0,799.0,2592.0,15430.0,3408.0,2169.0,3766.0,3155.0,7976.0,5478.0,1806.0,1298.0,1678.0,3115.0,593.0,830.0,1076.0,654.0
2025-08-14,5724.0,2966.0,913.0,2243.0,13689.0,3174.0,1972.0,3602.0,3097.0,7782.0,5914.0,1851.0,1161.0,1579.0,2882.0,620.0,801.0,1194.0,699.0
2025-08-15,5581.0,2706.0,1082.0,2211.0,13698.0,3044.0,2251.0,3312.0,2903.0,7513.0,5584.0,1557.0,1119.0,1426.0,2638.0,946.0,457.0,1023.0,1046.0
2025-08-16,6079.0,3034.0,936.0,2151.0,14251.0,2820.0,2176.0,3323.0,2999.0,6954.0,4737.0,1684.0,1096.0,1391.0,2372.0,573.0,455.0,902.0,654.0
2025-08-17,7103.0,3429.0,1735.0,2340.0,22286.0,3083.0,4115.0,3610.0,3219.0,8069.0,5268.0,1812.0,1177.0,1485.0,2536.0,782.0,627.0,1197.0,902.0
2025-08-18,6118.0,3554.0,1110.0,2407.0,16056.0,3364.0,2402.0,3797.0,3263.0,8072.0,5780.0,2050.0,1307.0,1663.0,2995.0,659.0,503.0,1035.0,649.0
2025-08-19,6081.0,3373.0,822.0,2371.0,15088.0,2979.0,2145.0,3675.0,3133.0,7690.0,5319.0,1868.0,1301.0,1679.0,2856.0,640.0,435.0,1068.0,669.0
2025-08-20,6317.0,3301.0,982.0,2384.0,14442.0,3120.0,2117.0,3572.0,3076.0,7608.0,5534.0,1912.0,1429.0,1976.0,2845.0,662.0,442.0,1126.0,726.0
2025-08-21,6449.0,3364.0,1049.0,2724.0,15108.0,3512.0,2130.0,3759.0,3209.0,8305.0,5902.0,2070.0,1260.0,2110.0,2633.0,699.0,383.0,1177.0,820.0
2025-08-22,6126.0,3308.0,1045.0,2483.0,13231.0,3264.0,2155.0,3650.0,3108.0,7888.0,6312.0,2103.0,1306.0,1688.0,3054.0,670.0,436.0,1235.0,1074.0
2025-08-23,6293.0,3200.0,1019.0,2343.0,16008.0,3331.0,2132.0,3397.0,2775.0,7263.0,5335.0,1770.0,1248.0,1592.0,2766.0,656.0,431.0,1064.0,889.0
2025-08-24,6222.0,3481.0,1040.0,2372.0,16590.0,3155.0,2482.0,3445.0,3157.0,7964.0,5497.0,1932.0,1317.0,1569.0,2732.0,589.0,528.0,1122.0,794.0
2025-08-25,6633.0,3464.0,1213.0,2368.0,13857.0,3174.0,2478.0,3443.0,4046.0,7959.0,5333.0,2152.0,1939.0,1761.0,2810.0,677.0,1970.0,1349.0,722.0
2025-08-26,6652.0,3303.0,836.0,2413.0,13547.0,3121.0,2225.0,3728.0,3595.0,8297.0,5810.0,2539.0,1485.0,1706.0,2727.0,626.0,452.0,1065.0,726.0
2025-08-27,6537.0,3399.0,944.0,2305.0,14475.0,3645.0,2061.0,3732.0,3204.0,7870.0,5486.0,2094.0,1376.0,1633.0,2795.0,574.0,471.0,1067.0,744.0
2025-08-28,7149.0,3248.0,1155.0,2289.0,29159.0,7746.0,2102.0,3547.0,2959.0,7649.0,5320.0,2000.0,1387.0,1690.0,2690.0,646.0,464.0,1868.0,811.0
2025-08-29,6606.0,3126.0,935.0,2286.0,17661.0,4844.0,1991.0,3568.0,2896.0,7796.0,5047.0,1889.0,1224.0,1528.0,2481.0,661.0,596.0,1554.0,718.0
2025-08-30,6670.0,2952.0,855.0,2188.0,16487.0,4049.0,2169.0,3251.0,2750.0,7189.0,4934.0,1773.0,1097.0,1447.0,2240.0,529.0,442.0,1183.0,689.0
2025-08-31,6077.0,3483.0,860.0,2210.0,17851.0,3383.0,2239.0,3358.0,2942.0,7802.0,5239.0,1816.0,1232.0,1494.0,2487.0,573.0,1373.0,1141.0,645.0
2025-09-01,6234.0,3281.0,857.0,2304.0,21798.0,3085.0,2329.0,3567.0,3057.0,7920.0,5277.0,2239.0,1195.0,1876.0,2834.0,634.0,535.0,1239.0,612.0
2025-09-02,6752.0,3169.0,911.0,2343.0,15118.0,3506.0,2222.0,4045.0,3138.0,8761.0,5549.0,2103.0,1159.0,1736.0,2738.0,700.0,530.0,1812.0,700.0
2025-09-03,7262.0,3153.0,1046.0,2393.0,13806.0,3361.0,2242.0,3879.0,3334.0,8867.0,5592.0,1975.0,1229.0,1692.0,2644.0,676.0,692.0,1466.0,831.0
2025-09-04,9680.0,3782.0,1098.0,2271.0,18164.0,3278.0,1985.0,3946.0,3180.0,9227.0,5718.0,1992.0,1530.0,1806.0,2860.0,926.0,516.0,1251.0,693.0
2025-09-05,9891.0,3539.0,1064.0,2597.0,84913.0,3484.0,1971.0,4083.0,3509.0,11273.0,5975.0,2113.0,1632.0,1878.0,2830.0,659.0,550.0,1106.0,702.0
2025-09-06,7225.0,2969.0,894.0,2543.0,36732.0,3032.0,2062.0,3398.0,3298.0,13847.0,5882.0,1736.0,1214.0,1557.0,2308.0,631.0,995.0,1163.0,687.0
2025-09-07,6962.0,3479.0,818.0,2490.0,26567.0,3418.0,2484.0,3701.0,3536.0,9428.0,5260.0,1979.0,1255.0,1907.0,2456.0,578.0,579.0,1196.0,769.0
2025-09-08,8118.0,5175.0,1144.0,3715.0,19699.0,9050.0,2615.0,3916.0,7683.0,9527.0,5910.0,2250.0,1519.0,1917.0,2799.0,667.0,660.0,1172.0,734.0
2025-09-09,7738.0,4117.0,931.0,2938.0,19651.0,6205.0,2229.0,3657.0,3920.0,9244.0,5811.0,2238.0,1342.0,1862.0,3062.0,640.0,565.0,1175.0,705.0
2025-09-10,7437.0,4041.0,937.0,2223.0,20865.0,5160.0,2463.0,3741.0,3081.0,8895.0,5458.0,2311.0,1387.0,1973.0,2908.0,728.0,594.0,1165.0,774.0
2025-09-11,6399.0,3189.0,754.0,2042.0,28642.0,9353.0,2743.0,3888.0,3038.0,8941.0,5086.0,2148.0,1231.0,1835.0,2579.0,671.0,433.0,1275.0,643.0
2025-09-12,6240.0,3068.0,895.0,2147.0,15733.0,4923.0,2279.0,3829.0,3001.0,11760.0,4979.0,1918.0,1271.0,1977.0,2374.0,628.0,481.0,2190.0,539.0
2025-09-13,6590.0,3060.0,835.0,2061.0,14149.0,4383.0,2011.0,3354.0,2775.0,8253.0,4528.0,1851.0,1073.0,1639.0,2350.0,498.0,471.0,1282.0,677.0
2025-09-14,6751.0,3250.0,878.0,2176.0,16218.0,3800.0,2287.0,3446.0,3772.0,8188.0,4884.0,1970.0,1307.0,1435.0,2491.0,622.0,497.0,1240.0,823.0
2025-09-15,6528.0,3308.0,802.0,2403.0,13967.0,3593.0,2221.0,3861.0,3751.0,8370.0,5252.0,2039.0,1252.0,1648.0,2627.0,645.0,521.0,1126.0,664.0
2025-09-16,7502.0,3474.0,835.0,2530.0,14405.0,3841.0,2337.0,4823.0,3462.0,8323.0,6059.0,1948.0,1330.0,1665.0,2494.0,764.0,483.0,1024.0,664.0
2025-09-17,6927.0,3489.0,796.0,2443.0,19995.0,3522.0,4265.0,5193.0,3452.0,8300.0,5620.0,2165.0,1420.0,1840.0,2641.0,824.0,418.0,1050.0,627.0
2025-09-18,7594.0,3342.0,704.0,2264.0,18795.0,3468.0,2465.0,11919.0,3294.0,8322.0,5879.0,2833.0,1250.0,1766.0,2548.0,710.0,408.0,1062.0,628.0
2025-09-19,6338.0,3222.0,664.0,2274.0,15242.0,2978.0,1977.0,15842.0,3309.0,7909.0,5288.0,2525.0,1173.0,1680.0,2436.0,622.0,466.0,915.0,550.0
2025-09-20,5923.0,3291.0,657.0,1995.0,14944.0,3263.0,1925.0,33480.0,3024.0,7052.0,4666.0,1940.0,1197.0,1520.0,2203.0,525.0,417.0,869.0,585.0
2025-09-21,9945.0,3524.0,1053.0,2408.0,27994.0,3784.0,3901.0,33945.0,3455.0,7480.0,4760.0,2162.0,1263.0,1583.0,2317.0,662.0,535.0,1099.0,691.0
2025-09-22,7579.0,3332.0,902.0,2314.0,24455.0,5484.0,2702.0,20645.0,3538.0,8196.0,5241.0,2143.0,1208.0,1757.0,2604.0,613.0,475.0,1455.0,652.0
2025-09-23,8145.0,3200.0,971.0,2338.0,24735.0,8692.0,2253.0,4088.0,3506.0,8709.0,5337.0,2065.0,1170.0,1735.0,2683.0,667.0,455.0,1208.0,711.0
2025-09-24,8044.0,3329.0,956.0,2375.0,18549.0,9675.0,2313.0,4645.0,3534.0,8318.0,6078.0,2164.0,1279.0,1937.0,2760.0,675.0,496.0,1092.0,870.0
2025-09-25,8308.0,3294.0,972.0,2352.0,36982.0,10677.0,2259.0,4184.0,3373.0,8291.0,7000.0,2004.0,1173.0,1923.0,2829.0,586.0,457.0,977.0,729.0
2025-09-26,7468.0,2907.0,817.0,2296.0,21965.0,8252.0,2262.0,3660.0,3327.0,7713.0,6540.0,1977.0,1160.0,1590.0,2751.0,562.0,390.0,1007.0,680.0
2025-09-27,6770.0,3037.0,819.0,2057.0,18897.0,5755.0,2114.0,3467.0,2901.0,6966.0,9614.0,1804.0,1115.0,1516.0,2319.0,541.0,417.0,960.0,858.0
2025-09-28,7834.0,3329.0,930.0,2483.0,17258.0,5547.0,2572.0,3622.0,3154.0,7308.0,7872.0,2073.0,1174.0,1576.0,2412.0,668.0,485.0,1408.0,725.0
2025-09-29,7044.0,3929.0,829.0,2421.0,15626.0,4886.0,2839.0,3904.0,3313.0,7464.0,6266.0,2005.0,1122.0,1783.0,2930.0,628.0,469.0,2044.0,759.0
2025-09-30,6942.0,3815.0,840.0,2362.0,15242.0,4622.0,2177.0,3729.0,3085.0,7417.0,6101.0,1906.0,1132.0,1609.0,2597.0,525.0,443.0,1075.0,753.0
2025-10-01,7043.0,3081.0,704.0,2371.0,17122.0,4391.0,2147.0,3969.0,3190.0,7106.0,6210.0,1859.0,1124.0,1679.0,2512.0,534.0,374.0,911.0,713.0
2025-10-02,6571.0,3105.0,702.0,2319.0,14733.0,5192.0,2261.0,3503.0,3020.0,6978.0,7964.0,1954.0,1181.0,1704.0,2563.0,556.0,360.0,900.0,778.0
2025-10-03,6654.0,3045.0,780.0,2138.0,13905.0,4285.0,2638.0,3868.0,3047.0,7065.0,7265.0,1996.0,1124.0,1536.0,2290.0,593.0,404.0,884.0,619.0
2025-10-04,6226.0,2658.0,779.0,2060.0,13911.0,5547.0,2356.0,3308.0,2740.0,6730.0,5616.0,1888.0,1020.0,1385.0,2219.0,582.0,429.0,905.0,662.0
2025-10-05,6349.0,3225.0,906.0,2184.0,19184.0,5667.0,2532.0,3526.0,2958.0,7617.0,5614.0,2029.0,1247.0,1628.0,2420.0,660.0,488.0,1007.0,705.0
2025-10-06,6870.0,3342.0,727.0,2356.0,15255.0,4919.0,2451.0,3810.0,3102.0,7747.0,5997.0,2270.0,1266.0,1914.0,2581.0,724.0,394.0,914.0,614.0
2025-10-07,6936.0,3411.0,747.0,2358.0,17061.0,6532.0,2565.0,5007.0,3016.0,7638.0,5390.0,2236.0,1233.0,1973.0,2723.0,584.0,417.0,1016.0,671.0
2025-10-08,7331.0,3860.0,811.0,2424.0,18113.0,11179.0,2328.0,4924.0,3117.0,7526.0,5638.0,2409.0,1396.0,2134.0,2726.0,615.0,481.0,950.0,842.0
2025-10-09,7484.0,3858.0,791.0,2347.0,16498.0,9120.0,2306.0,4913.0,3038.0,7849.0,5700.0,2165.0,1249.0,1865.0,2527.0,653.0,457.0,902.0,827.0
2025-10-10,8215.0,3465.0,1255.0,2342.0,14400.0,9663.0,2079.0,7632.0,3196.0,9064.0,5853.0,2141.0,1282.0,1745.0,2742.0,695.0,538.0,1144.0,975.0
2025-10-11,7290.0,3377.0,1478.0,2106.0,16897.0,6719.0,2296.0,7542.0,2917.0,7353.0,5052.0,2294.0,1116.0,1540.0,2665.0,798.0,586.0,980.0,791.0
2025-10-12,6927.0,3866.0,904.0,2319.0,32522.0,6121.0,2549.0,4479.0,3069.0,7819.0,5348.0,2313.0,1388.0,1839.0,2825.0,792.0,531.0,1167.0,847.0
2025-10-13,6871.0,3681.0,804.0,2175.0,18769.0,5659.0,2519.0,4101.0,3560.0,7969.0,5267.0,2441.0,1403.0,1869.0,2969.0,712.0,526.0,918.0,595.0
2025-10-14,11191.0,3791.0,923.0,2449.0,19495.0,16889.0,2453.0,3831.0,3345.0,10101.0,5482.0,2151.0,1359.0,2064.0,2955.0,667.0,572.0,1145.0,667.0
2025-10-15,12556.0,4305.0,969.0,2642.0,24778.0,20401.0,2362.0,3983.0,3941.0,9175.0,5812.0,2218.0,1399.0,1875.0,3044.0,856.0,593.0,1176.0,688.0
2025-10-16,9412.0,3819.0,846.0,2343.0,17888.0,12279.0,2339.0,4597.0,4459.0,8284.0,5472.0,2274.0,1585.0,1932.0,2776.0,607.0,634.0,1031.0,717.0
2025-10-17,7503.0,3355.0,771.0,2257.0,14977.0,7881.0,2222.0,3608.0,3617.0,7739.0,5087.0,1801.0,1410.0,1728.0,2552.0,590.0,451.0,903.0,658.0
2025-10-18,6685.0,3173.0,895.0,2180.0,16690.0,5857.0,2145.0,3564.0,3186.0,7504.0,4640.0,1809.0,1277.0,1417.0,2582.0,699.0,474.0,957.0,650.0
2025-10-19,7229.0,3532.0,938.0,2159.0,45748.0,5439.0,2723.0,3609.0,3280.0,8005.0,7953.0,2086.0,1355.0,1646.0,2881.0,906.0,518.0,1146.0,1091.0
2025-10-20,8717.0,3858.0,1040.0,2243.0,20078.0,6981.0,3550.0,4321.0,3500.0,8169.0,9459.0,2352.0,1428.0,1987.0,3066.0,866.0,640.0,1149.0,1153.0
2025-10-21,8838.0,3678.0,908.0,2268.0,17139.0,9402.0,2536.0,3982.0,3493.0,8468.0,7054.0,2207.0,1326.0,1919.0,2925.0,694.0,498.0,1135.0,861.0
2025-10-22,8546.0,3830.0,1224.0,2379.0,15552.0,9754.0,2582.0,3694.0,3272.0,8204.0,6367.0,2232.0,1377.0,2090.0,3047.0,627.0,588.0,1052.0,801.0
2025-10-23,8192.0,3739.0,1012.0,2323.0,27488.0,9210.0,2565.0,3790.0,3203.0,8206.0,6776.0,2051.0,1361.0,2132.0,2960.0,616.0,468.0,1037.0,792.0
2025-10-24,7509.0,3839.0,996.0,2244.0,23581.0,8043.0,2846.0,3677.0,2897.0,8550.0,6416.0,1896.0,1269.0,1977.0,2576.0,793.0,516.0,1114.0,774.0
2025-10-25,7148.0,3361.0,1685.0,2277.0,37101.0,8082.0,3198.0,3523.0,2579.0,7626.0,6087.0,1799.0,1206.0,1502.0,2410.0,722.0,541.0,1107.0,1363.0
2025-10-26,8495.0,5226.0,1640.0,2554.0,22747.0,10760.0,3460.0,3703.0,2932.0,8176.0,5581.0,1982.0,1163.0,1706.0,2542.0,802.0,589.0,1163.0,937.0
2025-10-27,17828.0,7611.0,5029.0,3789.0,23168.0,54661.0,3793.0,4158.0,3432.0,9028.0,6020.0,2068.0,1217.0,1950.0,2850.0,894.0,604.0,1449.0,979.0
2025-10-28,10351.0,4441.0,1955.0,2772.0,19566.0,21369.0,3064.0,4178.0,3135.0,8978.0,5538.0,1989.0,1275.0,1972.0,2829.0,812.0,579.0,1495.0,1142.0
2025-10-29,7985.0,4130.0,1353.0,2579.0,16541.0,11040.0,2590.0,4011.0,3130.0,9821.0,5266.0,1929.0,1222.0,3250.0,2455.0,734.0,481.0,1859.0,1336.0
2025-10-30,7806.0,3894.0,1167.0,2408.0,15615.0,7206.0,2506.0,3778.0,2977.0,9201.0,4899.0,1877.0,1179.0,3061.0,2365.0,719.0,485.0,1416.0,1336.0
2025-10-31,6586.0,3775.0,1012.0,2388.0,13363.0,6061.0,2354.0,3649.0,3018.0,8347.0,4927.0,2997.0,1115.0,2433.0,2280.0,757.0,443.0,1318.0,866.0
2025-11-01,6046.0,3085.0,1179.0,2187.0,14427.0,5334.0,2417.0,3712.0,2890.0,7719.0,4796.0,3031.0,1184.0,2122.0,2131.0,928.0,554.0,1198.0,1052.0
2025-11-02,6408.0,3686.0,1174.0,2416.0,21095.0,7782.0,2832.0,3829.0,2841.0,7795.0,4930.0,2917.0,1329.0,2009.0,2457.0,914.0,591.0,1324.0,1215.0
2025-11-03,6617.0,3997.0,989.0,2404.0,16041.0,7955.0,3036.0,4772.0,3041.0,8672.0,5494.0,3318.0,1285.0,2202.0,2931.0,987.0,495.0,1163.0,1129.0
2025-11-04,6416.0,3672.0,943.0,2330.0,17151.0,4386.0,2876.0,4562.0,2885.0,8347.0,5946.0,2101.0,1233.0,2023.0,2791.0,832.0,605.0,1181.0,1149.0
2025-11-05,6147.0,3470.0,839.0,2288.0,16413.0,4134.0,2482.0,3753.0,2793.0,8180.0,5209.0,2086.0,1312.0,2141.0,2664.0,697.0,442.0,1153.0,967.0
2025-11-06,6231.0,3223.0,1207.0,2168.0,16381.0,3871.0,2743.0,3813.0,2791.0,8454.0,5287.0,28706.0,1215.0,1859.0,4777.0,782.0,507.0,1574.0,1412.0
2025-11-07,5836.0,3160.0,1774.0,2243.0,15975.0,3637.0,2527.0,3873.0,2790.0,8309.0,4973.0,25015.0,1246.0,1909.0,4150.0,930.0,431.0,1672.0,898.0
2025-11-08,5875.0,3138.0,1263.0,2267.0,15876.0,3730.0,2754.0,3702.0,2810.0,8185.0,4760.0,24844.0,1276.0,1841.0,4025.0,877.0,532.0,1518.0,1058.0
2025-11-09,6372.0,6828.0,1376.0,2553.0,42763.0,4468.0,2902.0,3813.0,2882.0,8515.0,5066.0,26250.0,1412.0,1872.0,4506.0,1029.0,625.0,2315.0,1222.0
2025-11-10,6507.0,6294.0,1320.0,2467.0,26247.0,3770.0,2898.0,3978.0,2949.0,8732.0,5189.0,24367.0,1305.0,2244.0,4489.0,975.0,565.0,2069.0,950.0
2025-11-11,6293.0,6172.0,1196.0,2418.0,26266.0,4129.0,2754.0,4067.0,2861.0,8042.0,5220.0,21411.0,1319.0,2035.0,3986.0,889.0,483.0,1486.0,953.0
2025-11-12,6394.0,3723.0,1164.0,2490.0,22617.0,3900.0,2894.0,4406.0,2854.0,8068.0,5774.0,7962.0,1556.0,1889.0,3076.0,1084.0,570.0,2338.0,1242.0
2025-11-13,6146.0,3272.0,1083.0,2295.0,19654.0,3755.0,2765.0,3808.0,2991.0,8102.0,5556.0,2421.0,1305.0,1961.0,2754.0,979.0,491.0,1630.0,1185.0
2025-11-14,7295.0,3422.0,1385.0,2383.0,25747.0,3372.0,2816.0,3848.0,3011.0,8014.0,5416.0,2167.0,1210.0,1797.0,2385.0,853.0,552.0,1633.0,1044.0
2025-11-15,6682.0,3052.0,1134.0,2559.0,22136.0,3017.0,2918.0,3881.0,3207.0,8636.0,5337.0,2335.0,1251.0,1756.0,2353.0,1031.0,614.0,1480.0,1055.0
2025-11-16,6927.0,3256.0,1388.0,2730.0,20445.0,3767.0,3074.0,5689.0,3373.0,9161.0,5791.0,4230.0,1783.0,1931.0,2626.0,2091.0,806.0,1873.0,1333.0
2025-11-17,6871.0,3520.0,1108.0,2597.0,18838.0,4860.0,3187.0,8070.0,3359.0,8348.0,5469.0,4874.0,1409.0,2154.0,2746.0,1999.0,697.0,1442.0,1109.0
2025-11-18,6444.0,3157.0,1073.0,2506.0,16562.0,3296.0,2902.0,5246.0,4196.0,8690.0,5427.0,2978.0,1315.0,2146.0,2775.0,1236.0,632.0,1577.0,1023.0
2025-11-19,6234.0,3248.0,1037.0,2392.0,17011.0,2867.0,3468.0,4420.0,5077.0,8783.0,5336.0,2311.0,1578.0,1914.0,2924.0,1052.0,1395.0,2121.0,1151.0
2025-11-20,6218.0,3005.0,1096.0,2253.0,16682.0,3120.0,3034.0,4174.0,3384.0,8526.0,5529.0,2083.0,1262.0,1796.0,2404.0,867.0,1386.0,1814.0,918.0
2025-11-21,5797.0,3147.0,1226.0,2202.0,14812.0,3143.0,2991.0,4245.0,3087.0,8107.0,5260.0,2345.0,1202.0,1791.0,2785.0,825.0,950.0,1720.0,933.0
2025-11-22,5614.0,3067.0,996.0,2180.0,14813.0,3058.0,3036.0,3712.0,3405.0,7902.0,4819.0,1938.0,1335.0,1821.0,2378.0,734.0,786.0,1617.0,862.0
2025-11-23,6453.0,3287.0,1325.0,2492.0,18737.0,3001.0,3541.0,3789.0,3360.0,8204.0,5117.0,2207.0,1339.0,1956.0,2815.0,1987.0,813.0,1698.0,1042.0
2025-11-24,6187.0,3300.0,962.0,2374.0,36392.0,2911.0,3194.0,3966.0,3084.0,8297.0,5272.0,2140.0,1252.0,1993.0,2845.0,935.0,717.0,1480.0,966.0
2025-11-25,5935.0,3377.0,1308.0,2312.0,20380.0,2710.0,3162.0,3671.0,3024.0,8077.0,5476.0,2143.0,1211.0,1917.0,2674.0,1090.0,826.0,1547.0,1044.0
2025-11-26,6391.0,3008.0,896.0,2359.0,17021.0,2790.0,3147.0,3611.0,3115.0,7925.0,5183.0,2003.0,1305.0,1791.0,2583.0,831.0,724.0,1438.0,869.0
2025-11-27,5502.0,2952.0,787.0,2174.0,14902.0,2530.0,2880.0,3399.0,2683.0,7418.0,5201.0,2025.0,1217.0,1815.0,2655.0,812.0,674.0,1242.0,829.0
2025-11-28,5390.0,2813.0,766.0,2030.0,13849.0,2217.0,2993.0,3556.0,2924.0,7331.0,5036.0,1776.0,1160.0,1724.0,2450.0,730.0,881.0,1138.0,909.0
2025-11-29,5581.0,2857.0,893.0,2341.0,15721.0,2671.0,3203.0,3842.0,2672.0,7262.0,5193.0,1999.0,1217.0,1982.0,2160.0,807.0,741.0,1155.0,942.0
2025-11-30,6296.0,3137.0,1064.0,2418.0,44314.0,2787.0,3287.0,3892.0,3349.0,7820.0,5459.0,2223.0,1310.0,1995.0,2379.0,833.0,817.0,1362.0,1186.0
2025-12-01,6136.0,2901.0,869.0,2330.0,22017.0,3119.0,3028.0,3783.0,2976.0,8567.0,5438.0,1919.0,1210.0,1525.0,2346.0,717.0,556.0,1144.0,898.0
2025-12-02,6002.0,2965.0,960.0,2230.0,18073.0,3056.0,2769.0,3790.0,3080.0,8560.0,5633.0,1899.0,1044.0,1553.0,2271.0,683.0,727.0,1474.0,874.0
2025-12-03,5742.0,2990.0,876.0,2202.0,17037.0,2546.0,2653.0,3538.0,2915.0,7717.0,5518.0,1904.0,1070.0,1473.0,2372.0,664.0,703.0,1150.0,1002.0
2025-12-04,5834.0,3137.0,735.0,2299.0,16951.0,2655.0,3205.0,3759.0,3663.0,8118.0,5547.0,1771.0,1077.0,1461.0,2279.0,560.0,563.0,1012.0,914.0
2025-12-05,5740.0,2734.0,1039.0,2280.0,19585.0,2392.0,2799.0,3816.0,3554.0,7958.0,8554.0,1615.0,1461.0,1485.0,2214.0,585.0,732.0,1268.0,1014.0
2025-12-06,6100.0,2571.0,1045.0,2123.0,48722.0,2278.0,2731.0,3483.0,3414.0,7111.0,6012.0,1565.0,1187.0,1274.0,2064.0,696.0,676.0,1176.0,973.0
2025-12-07,6099.0,2856.0,1056.0,2314.0,68089.0,2658.0,2996.0,3375.0,3123.0,7282.0,5055.0,1726.0,1619.0,1388.0,2157.0,780.0,676.0,1367.0,857.0
2025-12-08,5916.0,3050.0,966.0,2212.0,30643.0,2625.0,3333.0,3567.0,3231.0,7838.0,5237.0,1853.0,1207.0,1399.0,2325.0,652.0,659.0,1190.0,807.0
2025-12-09,5710.0,2979.0,913.0,2306.0,26900.0,2541.0,3778.0,3645.0,3308.0,7773.0,5008.0,1777.0,1136.0,1401.0,2566.0,649.0,594.0,1306.0,799.0
2025-12-10,6321.0,3063.0,1043.0,2240.0,21774.0,2919.0,3394.0,3644.0,3298.0,8138.0,5226.0,1738.0,1353.0,1437.0,2299.0,692.0,665.0,1267.0,965.0
2025-12-11,6097.0,3031.0,938.0,2227.0,19094.0,3177.0,3198.0,3712.0,3264.0,7800.0,6427.0,1719.0,1221.0,1460.0,2382.0,745.0,618.0,1141.0,1036.0
2025-12-12,5723.0,2605.0,855.0,2082.0,19652.0,2471.0,3077.0,3698.0,2999.0,7228.0,5827.0,1743.0,959.0,1281.0,2114.0,719.0,594.0,1090.0,840.0
2025-12-13,8142.0,2628.0,858.0,2215.0,64929.0,2575.0,2906.0,3481.0,2872.0,6638.0,4875.0,1787.0,970.0,1212.0,2032.0,1029.0,513.0,919.0,701.0
2025-12-14,9181.0,3098.0,899.0,2507.0,60303.0,3418.0,3212.0,5332.0,3157.0,7022.0,4919.0,4319.0,1194.0,1371.0,2136.0,1376.0,646.0,1091.0,817.0
2025-12-15,9271.0,3087.0,1135.0,2436.0,53569.0,4841.0,3394.0,16849.0,3795.0,7768.0,5303.0,8806.0,1472.0,1437.0,2321.0,5631.0,890.0,1285.0,859.0
2025-12-16,8555.0,2761.0,907.0,2388.0,36474.0,3477.0,2955.0,9123.0,3377.0,7585.0,5102.0,3933.0,1170.0,1336.0,2291.0,2317.0,828.0,1168.0,825.0
2025-12-17,7355.0,2817.0,913.0,2385.0,31706.0,3481.0,11959.0,6441.0,3304.0,7691.0,5417.0,2675.0,1112.0,1384.0,2139.0,1312.0,796.0,1256.0,965.0
2025-12-18,6667.0,2494.0,994.0,2248.0,28219.0,3012.0,3988.0,5005.0,3056.0,7589.0,5469.0,2123.0,1121.0,1294.0,2217.0,1066.0,736.0,1325.0,918.0
2025-12-19,6157.0,2424.0,891.0,2029.0,19261.0,2474.0,3297.0,4203.0,3117.0,7001.0,4731.0,1820.0,1011.0,1099.0,1810.0,888.0,723.0,1070.0,665.0
2025-12-20,5815.0,2457.0,803.0,2036.0,16931.0,2402.0,3247.0,3906.0,2986.0,6628.0,4412.0,1754.0,1028.0,1163.0,1805.0,960.0,676.0,1081.0,778.0
2025-12-21,5874.0,2512.0,887.0,2199.0,17012.0,3111.0,3093.0,3908.0,3224.0,6614.0,4404.0,1821.0,987.0,1241.0,1719.0,879.0,682.0,1165.0,867.0
2025-12-22,5647.0,2448.0,817.0,2130.0,15358.0,2521.0,3483.0,3711.0,3031.0,6671.0,4648.0,1532.0,949.0,1172.0,1799.0,756.0,599.0,951.0,719.0
2025-12-23,5062.0,2530.0,784.0,2044.0,14641.0,2517.0,3077.0,3730.0,3206.0,6645.0,4808.0,1561.0,1120.0,1129.0,1717.0,650.0,583.0,1184.0,800.0
2025-12-24,5440.0,2428.0,796.0,2047.0,13869.0,2426.0,2952.0,3534.0,2706.0,6487.0,4335.0,1474.0,971.0,1125.0,1648.0,702.0,551.0,945.0,665.0
2025-12-25,4897.0,2639.0,906.0,2061.0,14616.0,2385.0,3457.0,3445.0,3037.0,6659.0,4110.0,1670.0,1138.0,1038.0,1599.0,782.0,681.0,1052.0,815.0
2025-12-26,5574.0,2570.0,923.0,2084.0,13729.0,2338.0,3547.0,3718.0,3281.0,6360.0,4375.0,1597.0,1317.0,1188.0,1819.0,794.0,715.0,1117.0,777.0
2025-12-27,6030.0,2570.0,1051.0,2271.0,14150.0,2570.0,3563.0,3650.0,3031.0,6823.0,4300.0,1540.0,1148.0,1196.0,1974.0,731.0,676.0,1062.0,714.0
2025-12-28,6109.0,2675.0,922.0,2337.0,14933.0,2284.0,3453.0,3868.0,3006.0,6832.0,4494.0,1738.0,1028.0,1187.0,1890.0,812.0,650.0,1126.0,687.0
2025-12-29,5743.0,2741.0,820.0,2451.0,16998.0,2488.0,3307.0,4074.0,3279.0,7033.0,4380.0,1699.0,1031.0,1160.0,1847.0,714.0,609.0,1091.0,769.0
2025-12-30,5365.0,2529.0,875.0,2164.0,14802.0,2302.0,3184.0,3939.0,2841.0,6710.0,4579.0,1541.0,1091.0,1152.0,1881.0,721.0,557.0,1070.0,758.0
2025-12-31,5342.0,2196.0,767.0,2011.0,12644.0,2203.0,3122.0,3228.0,2747.0,6444.0,4184.0,1537.0,962.0,1028.0,1716.0,746.0,493.0,927.0,699.0
2026-01-01,5275.0,2401.0,872.0,2137.0,12599.0,2360.0,3372.0,3321.0,2596.0,6681.0,4348.0,1533.0,977.0,1130.0,1708.0,833.0,558.0,1069.0,725.0
2026-01-02,5844.0,2620.0,916.0,2488.0,14671.0,2788.0,5768.0,3432.0,2977.0,6925.0,4983.0,1635.0,1224.0,1321.0,2115.0,698.0,849.0,1138.0,721.0
2026-01-03,10126.0,3374.0,3034.0,2842.0,13040.0,14914.0,3905.0,6873.0,5247.0,12596.0,23128.0,2395.0,1443.0,1735.0,5072.0,2282.0,1761.0,6531.0,7590.0
2026-01-04,11691.0,3319.0,2440.0,2885.0,13107.0,10851.0,4210.0,8225.0,5512.0,13717.0,27212.0,2645.0,1723.0,1911.0,4812.0,2072.0,1627.0,4365.0,5969.0
2026-01-05,9037.0,3150.0,1960.0,2904.0,11786.0,7118.0,3939.0,6918.0,4963.0,12174.0,41751.0,2309.0,1484.0,1859.0,5389.0,1586.0,1290.0,3072.0,10477.0
2026-01-06,8242.0,2993.0,1515.0,2603.0,13189.0,5212.0,3684.0,5591.0,4223.0,10483.0,25240.0,1928.0,1270.0,1545.0,3994.0,1213.0,1244.0,2254.0,4583.0
2026-01-07,6966.0,2767.0,1252.0,2440.0,14486.0,4016.0,5125.0,4945.0,3631.0,9211.0,14822.0,1784.0,1098.0,1438.0,3435.0,944.0,848.0,1890.0,2387.0
2026-01-08,6569.0,2970.0,1258.0,2382.0,14121.0,3817.0,3475.0,4595.0,3472.0,8714.0,11833.0,1836.0,1168.0,1600.0,4242.0,1036.0,844.0,1795.0,2536.0
2026-01-09,6739.0,2986.0,2070.0,2320.0,12946.0,3855.0,4109.0,4493.0,3912.0,8706.0,9677.0,1783.0,1313.0,1533.0,3286.0,1253.0,1786.0,2341.0,1850.0
2026-01-10,6336.0,2854.0,1507.0,2324.0,12803.0,4569.0,5359.0,4358.0,3994.0,7841.0,7364.0,1690.0,1323.0,1406.0,2832.0,1095.0,1149.0,1911.0,1505.0
2026-01-11,6471.0,3064.0,1470.0,2452.0,15353.0,6450.0,6761.0,4659.0,3720.0,7850.0,7819.0,1829.0,1389.0,1558.0,3297.0,1119.0,1044.0,1876.0,1509.0
2026-01-12,7258.0,3160.0,1402.0,2626.0,15120.0,10234.0,6848.0,4501.0,3994.0,8606.0,7562.0,1904.0,1221.0,1683.0,3464.0,995.0,962.0,1738.0,1240.0
2026-01-13,6567.0,2905.0,1057.0,2895.0,14124.0,8383.0,5284.0,5583.0,3403.0,8118.0,6521.0,1824.0,1199.0,1567.0,3217.0,887.0,714.0,1418.0,1089.0
2026-01-14,6403.0,2845.0,960.0,2463.0,13596.0,5704.0,4296.0,5204.0,3538.0,8114.0,6557.0,1793.0,1326.0,1596.0,3002.0,835.0,713.0,1454.0,1111.0
2026-01-15,6432.0,3117.0,968.0,2400.0,13040.0,4549.0,4376.0,4238.0,4078.0,7888.0,5921.0,1764.0,1279.0,1440.0,3192.0,862.0,706.0,1439.0,953.0
2026-01-16,6135.0,2846.0,1032.0,2325.0,13992.0,4274.0,4140.0,4090.0,3906.0,7888.0,6067.0,1701.0,1197.0,1456.0,2610.0,865.0,725.0,1553.0,955.0
2026-01-17,6479.0,3196.0,1930.0,2319.0,14222.0,4031.0,4296.0,3772.0,3406.0,7109.0,5570.0,1812.0,1419.0,1550.0,2544.0,1043.0,1675.0,2341.0,1145.0
2026-01-18,5991.0,3130.0,1365.0,2479.0,14050.0,4078.0,4535.0,4248.0,3468.0,7656.0,5769.0,1875.0,1350.0,1512.0,2833.0,1057.0,1123.0,1876.0,1145.0
2026-01-19,5827.0,3082.0,1139.0,2332.0,12831.0,3569.0,3863.0,4573.0,3306.0,7502.0,5571.0,1962.0,1180.0,1468.0,2829.0,1080.0,772.0,1495.0,1088.0
2026-01-20,6012.0,2795.0,975.0,2187.0,13433.0,3284.0,3438.0,4241.0,2983.0,7772.0,5522.0,1951.0,1069.0,1664.0,2951.0,856.0,900.0,1347.0,926.0
2026-01-21,6804.0,2840.0,967.0,2146.0,13822.0,3904.0,3307.0,4013.0,3394.0,7890.0,5306.0,1855.0,1123.0,1512.0,2722.0,777.0,740.0,1278.0,911.0
2026-01-22,6631.0,2733.0,1164.0,2208.0,13247.0,6995.0,3600.0,3946.0,3102.0,7727.0,5069.0,1740.0,1049.0,1464.0,2726.0,819.0,727.0,1376.0,887.0
2026-01-23,6153.0,2729.0,1099.0,2322.0,12381.0,5760.0,4130.0,3869.0,2937.0,7322.0,5123.0,1579.0,1067.0,1468.0,2553.0,722.0,772.0,1289.0,861.0
2026-01-24,5862.0,2683.0,975.0,2165.0,12882.0,4371.0,4447.0,4108.0,3473.0,6903.0,5068.0,1551.0,1135.0,1243.0,2044.0,786.0,644.0,1119.0,784.0
2026-01-25,5633.0,2760.0,1056.0,2375.0,12793.0,3489.0,5353.0,4109.0,3250.0,7298.0,5577.0,1710.0,1199.0,1410.0,2561.0,915.0,762.0,1458.0,1021.0
2026-01-26,5623.0,2774.0,965.0,2201.0,11972.0,3453.0,4133.0,3902.0,3292.0,7696.0,5442.0,1747.0,1134.0,1513.0,2935.0,784.0,625.0,1246.0,811.0
2026-01-27,5541.0,2709.0,901.0,2224.0,11626.0,3342.0,3923.0,4067.0,3403.0,7459.0,5375.0,1772.0,1197.0,1494.0,3068.0,720.0,682.0,1343.0,812.0
2026-01-28,5656.0,2725.0,813.0,2216.0,12022.0,4653.0,6043.0,3823.0,3001.0,7624.0,5324.0,1762.0,1104.0,1395.0,2458.0,638.0,801.0,1325.0,827.0
2026-01-29,5627.0,2593.0,946.0,2245.0,11843.0,6100.0,3964.0,3746.0,3109.0,13005.0,5845.0,1638.0,1157.0,1582.0,2610.0,698.0,569.0,1289.0,848.0
2026-01-30,6103.0,2729.0,871.0,2355.0,12061.0,4234.0,4456.0,3788.0,3012.0,12126.0,5156.0,1586.0,974.0,1363.0,2211.0,614.0,559.0,1067.0,791.0
2026-01-31,5570.0,2540.0,903.0,2378.0,12725.0,3282.0,3527.0,3493.0,2912.0,9879.0,4719.0,1601.0,1085.0,1298.0,2149.0,625.0,551.0,955.0,827.0
2026-02-01,5547.0,2726.0,949.0,2360.0,13795.0,2722.0,3953.0,3457.0,3340.0,9086.0,5037.0,1701.0,1085.0,1256.0,2224.0,739.0,698.0,1173.0,925.0
2026-02-02,5595.0,2596.0,1235.0,2547.0,13624.0,2620.0,3436.0,3719.0,3134.0,8188.0,5632.0,1759.0,1068.0,1360.0,2885.0,658.0,582.0,1095.0,778.0
2026-02-03,5845.0,2663.0,1126.0,2578.0,13845.0,2829.0,3448.0,5381.0,3947.0,7446.0,6290.0,1808.0,1176.0,1313.0,2825.0,699.0,599.0,1130.0,813.0
2026-02-04,5730.0,2845.0,826.0,2238.0,13786.0,2572.0,3469.0,4835.0,3662.0,7145.0,5700.0,1584.0,1084.0,1365.0,2624.0,629.0,504.0,1105.0,902.0
2026-02-05,5633.0,2780.0,886.0,2387.0,15054.0,2318.0,13841.0,4601.0,3096.0,7266.0,5411.0,1651.0,1020.0,1788.0,2520.0,669.0,508.0,1024.0,782.0
2026-02-06,5777.0,2370.0,1002.0,2243.0,13204.0,2654.0,5242.0,4658.0,3264.0,7425.0,5283.0,1531.0,1006.0,1198.0,2292.0,987.0,760.0,1193.0,897.0
2026-02-07,5438.0,2246.0,866.0,2195.0,12446.0,2676.0,3916.0,4401.0,3380.0,6712.0,5014.0,1371.0,964.0,1177.0,2047.0,662.0,500.0,931.0,659.0
2026-02-08,5369.0,2458.0,894.0,2237.0,14663.0,2587.0,3709.0,3567.0,2808.0,6891.0,5140.0,1604.0,990.0,1223.0,2230.0,671.0,575.0,1081.0,726.0
2026-02-09,6306.0,2468.0,1125.0,2383.0,12292.0,2485.0,3525.0,4352.0,3309.0,7776.0,6031.0,1630.0,1081.0,1334.0,2743.0,735.0,597.0,1333.0,825.0
2026-02-10,5950.0,2468.0,915.0,2402.0,11707.0,2343.0,8021.0,4064.0,3554.0,7815.0,5787.0,1635.0,1124.0,1419.0,2556.0,667.0,627.0,1360.0,812.0
2026-02-11,5734.0,2441.0,954.0,2296.0,14520.0,2277.0,4769.0,4141.0,3563.0,7775.0,5381.0,1602.0,1000.0,1341.0,2362.0,638.0,578.0,1292.0,1103.0
2026-02-12,5709.0,2609.0,809.0,2289.0,13149.0,2554.0,3590.0,3884.0,3369.0,7528.0,5200.0,1738.0,1097.0,1332.0,2366.0,656.0,533.0,1047.0,948.0
2026-02-13,5675.0,2424.0,830.0,2149.0,11181.0,2884.0,3859.0,3786.0,3165.0,6830.0,4784.0,1484.0,1058.0,1236.0,2215.0,627.0,522.0,943.0,742.0
2026-02-14,6196.0,2336.0,870.0,2217.0,11868.0,2892.0,3517.0,4072.0,2950.0,7858.0,4413.0,1436.0,972.0,1138.0,1847.0,614.0,527.0,2286.0,720.0
2026-02-15,5962.0,2528.0,903.0,2421.0,12503.0,3795.0,3840.0,5645.0,3067.0,8280.0,4848.0,1512.0,1057.0,1211.0,2070.0,711.0,557.0,1472.0,781.0
2026-02-16,6188.0,2641.0,788.0,2451.0,11889.0,3098.0,3563.0,5136.0,3207.0,7612.0,4930.0,1548.0,1070.0,1407.0,2317.0,728.0,523.0,1340.0,711.0
2026-02-17,6641.0,2793.0,1129.0,2697.0,12260.0,3344.0,3319.0,7925.0,3283.0,8093.0,4979.0,1602.0,1101.0,1473.0,2450.0,764.0,570.0,1353.0,733.0
2026-02-18,7127.0,2755.0,977.0,2487.0,11945.0,3700.0,3120.0,5087.0,3159.0,7836.0,4878.0,1554.0,1287.0,1500.0,2510.0,678.0,512.0,1224.0,838.0
2026-02-19,6713.0,2672.0,1115.0,2455.0,11582.0,4397.0,2993.0,4169.0,3230.0,8015.0,4838.0,1556.0,1152.0,1481.0,2313.0,749.0,525.0,1156.0,717.0
2026-02-20,6446.0,2643.0,891.0,2276.0,11345.0,4193.0,2748.0,3957.0,3092.0,7716.0,4640.0,1491.0,994.0,1317.0,2109.0,586.0,486.0,1162.0,612.0
2026-02-21,5978.0,2507.0,910.0,2175.0,13522.0,2888.0,3095.0,3477.0,3070.0,8133.0,4404.0,1486.0,993.0,1250.0,2013.0,604.0,538.0,1019.0,642.0
2026-02-22,5669.0,2785.0,1498.0,2297.0,17528.0,2691.0,3136.0,3442.0,3294.0,7942.0,4958.0,1616.0,1085.0,1393.0,2242.0,809.0,642.0,1319.0,820.0
2026-02-23,5958.0,2744.0,1083.0,2436.0,13388.0,2565.0,3119.0,3886.0,3232.0,8364.0,6022.0,1753.0,1134.0,1463.0,2481.0,700.0,537.0,2220.0,906.0
2026-02-24,5728.0,2652.0,988.0,2283.0,12833.0,2675.0,2864.0,3724.0,3005.0,8094.0,5510.0,1671.0,1159.0,1403.0,2549.0,689.0,496.0,1349.0,702.0
2026-02-25,5640.0,2652.0,927.0,2633.0,13580.0,2477.0,2673.0,3898.0,2840.0,7786.0,5288.0,1848.0,1075.0,1525.0,2138.0,621.0,521.0,1153.0,656.0
2026-02-26,5797.0,2487.0,839.0,2305.0,13110.0,2744.0,3012.0,3660.0,3160.0,7758.0,5221.0,1657.0,1147.0,1497.0,2458.0,612.0,505.0,1221.0,649.0
2026-02-27,5791.0,2534.0,1056.0,2103.0,13369.0,2460.0,2975.0,3421.0,2819.0,7203.0,4831.0,1639.0,1037.0,1359.0,2272.0,612.0,662.0,1154.0,654.0
2026-02-28,5502.0,2569.0,873.0,1948.0,12314.0,2423.0,2908.0,3445.0,2597.0,6464.0,4345.0,1530.0,1050.0,1180.0,1845.0,542.0,455.0,924.0,612.0
2026-03-01,6104.0,2903.0,892.0,2765.0,12076.0,8272.0,3185.0,3497.0,3017.0,7544.0,4966.0,1705.0,1117.0,1318.0,2147.0,700.0,509.0,1110.0,596.0
2026-03-02,5458.0,2796.0,940.0,2155.0,27177.0,4164.0,3085.0,3537.0,2843.0,7387.0,4967.0,1657.0,1023.0,1429.0,2470.0,698.0,495.0,1086.0,640.0
2026-03-03,5628.0,2814.0,909.0,2232.0,14954.0,3440.0,2878.0,3734.0,2935.0,7462.0,5024.0,1664.0,1014.0,1471.0,2694.0,586.0,434.0,1244.0,595.0
2026-03-04,6250.0,2761.0,882.0,2970.0,12927.0,3550.0,2844.0,3818.0,3197.0,8948.0,5286.0,1603.0,1087.0,1449.0,2421.0,714.0,451.0,1201.0,585.0
2026-03-05,6108.0,2746.0,839.0,2666.0,16141.0,3475.0,2717.0,3855.0,3191.0,8277.0,5215.0,1534.0,1087.0,1435.0,2604.0,575.0,427.0,1010.0,606.0
2026-03-06,5466.0,2492.0,744.0,2003.0,21641.0,3347.0,2548.0,3444.0,2806.0,7468.0,4759.0,1441.0,1076.0,1248.0,2523.0,570.0,419.0,1027.0,640.0
2026-03-07,5694.0,2541.0,777.0,2156.0,18919.0,4380.0,2783.0,3718.0,2906.0,8246.0,4732.0,1622.0,944.0,1140.0,2230.0,565.0,408.0,964.0,641.0
2026-03-08,5726.0,2735.0,811.0,2208.0,22566.0,4140.0,3198.0,3977.0,2973.0,7725.0,4991.0,1900.0,1358.0,1351.0,2687.0,574.0,466.0,1057.0,734.0
2026-03-09,6057.0,2807.0,834.0,2134.0,15515.0,4747.0,2775.0,3759.0,3509.0,8219.0,5482.0,1754.0,1226.0,1479.0,3509.0,593.0,445.0,6438.0,741.0
2026-03-10,5603.0,2832.0,821.0,2331.0,13945.0,3925.0,2876.0,3906.0,4056.0,7937.0,4984.0,2004.0,2169.0,1498.0,3160.0,594.0,522.0,1385.0,654.0
2026-03-11,5517.0,2871.0,847.0,2302.0,12937.0,3400.0,2840.0,5481.0,4141.0,7654.0,4699.0,7517.0,1358.0,1457.0,2623.0,1359.0,590.0,1152.0,648.0
2026-03-12,5635.0,2763.0,874.0,2425.0,12312.0,3217.0,2710.0,5756.0,3710.0,7709.0,4934.0,3916.0,1163.0,1423.0,3026.0,1500.0,730.0,1162.0,689.0
2026-03-13,5905.0,2587.0,742.0,2411.0,10922.0,2812.0,2588.0,4626.0,3244.0,8634.0,4731.0,2420.0,1172.0,1391.0,2688.0,987.0,608.0,1035.0,606.0
2026-03-14,5629.0,2474.0,878.0,2042.0,11679.0,3176.0,2686.0,6937.0,3410.0,7270.0,4213.0,2108.0,1077.0,1227.0,2001.0,827.0,667.0,1438.0,718.0
2026-03-15,5712.0,2869.0,992.0,2386.0,14087.0,4687.0,2960.0,4695.0,3330.0,7743.0,4441.0,2204.0,1084.0,1212.0,2275.0,1418.0,646.0,1306.0,694.0
2026-03-16,6137.0,3039.0,922.0,2495.0,11230.0,15833.0,2766.0,4183.0,3262.0,7898.0,4645.0,1856.0,1048.0,1264.0,2503.0,780.0,539.0,1260.0,665.0
2026-03-17,6518.0,3034.0,843.0,2457.0,11783.0,7736.0,2541.0,4418.0,3173.0,7724.0,4622.0,1906.0,1162.0,1341.0,2690.0,1079.0,580.0,1289.0,729.0
2026-03-18,8919.0,2818.0,890.0,2583.0,14287.0,5180.0,2477.0,4299.0,3263.0,7983.0,5100.0,1738.0,1164.0,1420.0,2437.0,716.0,470.0,1137.0,647.0
2026-03-19,6333.0,2781.0,867.0,2188.0,24989.0,3998.0,2763.0,4174.0,3075.0,7351.0,4629.0,1726.0,1106.0,1324.0,2696.0,686.0,500.0,1101.0,620.0
2026-03-20,5374.0,2582.0,717.0,2156.0,13854.0,3709.0,2555.0,4122.0,2778.0,7691.0,4508.0,1602.0,1071.0,1348.0,2380.0,624.0,494.0,1078.0,578.0
2026-03-21,4932.0,2528.0,712.0,2045.0,11891.0,4280.0,2599.0,3538.0,2621.0,7066.0,4228.0,1469.0,1023.0,1333.0,2005.0,591.0,486.0,1029.0,613.0
2026-03-22,5090.0,2774.0,885.0,2178.0,15661.0,3397.0,3140.0,3800.0,3037.0,8849.0,4407.0,1613.0,1179.0,1371.0,2143.0,651.0,549.0,1382.0,663.0
2026-03-23,5564.0,2777.0,846.0,2220.0,15344.0,2876.0,2684.0,3787.0,2983.0,7423.0,5487.0,1647.0,1168.0,1470.0,2342.0,634.0,599.0,1150.0,732.0
2026-03-24,5794.0,3067.0,1262.0,2222.0,13900.0,3253.0,2458.0,4078.0,3015.0,7611.0,6287.0,1662.0,1103.0,1478.0,2654.0,855.0,577.0,1204.0,862.0
2026-03-25,5619.0,3085.0,917.0,2091.0,13263.0,3351.0,2573.0,3868.0,2923.0,7625.0,4751.0,1643.0,1179.0,1445.0,2370.0,584.0,499.0,1142.0,623.0
2026-03-26,6968.0,2931.0,877.0,2125.0,12988.0,4144.0,2507.0,3830.0,3108.0,9182.0,5330.0,1582.0,1227.0,1852.0,2867.0,594.0,462.0,1158.0,708.0
2026-03-27,7272.0,3316.0,762.0,2193.0,16855.0,4598.0,2493.0,3906.0,9184.0,8381.0,5181.0,1638.0,1327.0,1372.0,2909.0,566.0,693.0,992.0,653.0
2026-03-28,6890.0,3181.0,851.0,2093.0,14941.0,4171.0,2505.0,3328.0,4268.0,7329.0,4303.0,1420.0,1312.0,1160.0,1847.0,616.0,655.0,1018.0,657.0
2026-03-29,5712.0,2947.0,990.0,2475.0,12808.0,3800.0,2746.0,3503.0,3536.0,7147.0,5004.0,1562.0,1493.0,1341.0,2215.0,659.0,709.0,1161.0,701.0
2026-03-30,5771.0,2883.0,795.0,2688.0,12507.0,4042.0,2762.0,3729.0,3144.0,7497.0,4581.0,1654.0,1256.0,1380.0,2313.0,779.0,608.0,1072.0,787.0
2026-03-31,5738.0,2935.0,860.0,2279.0,14493.0,3312.0,2508.0,3705.0,3442.0,7551.0,4479.0,1550.0,1289.0,1312.0,2747.0,873.0,674.0,1095.0,716.0
2026-04-01,6632.0,3001.0,891.0,2134.0,25468.0,3681.0,2396.0,3510.0,3285.0,8083.0,4207.0,1616.0,1227.0,1287.0,2094.0,572.0,664.0,1149.0,663.0
2026-04-02,6032.0,2794.0,923.0,2106.0,16293.0,3564.0,2598.0,3228.0,3082.0,7849.0,4104.0,1681.0,1375.0,1230.0,2264.0,517.0,1677.0,1040.0,704.0
2026-04-03,5504.0,2952.0,969.0,2195.0,16150.0,3153.0,2685.0,3186.0,2926.0,7228.0,3955.0,1740.0,1376.0,1366.0,2362.0,847.0,829.0,1134.0,697.0
2026-04-04,6121.0,2952.0,828.0,2190.0,16643.0,3941.0,2899.0,3196.0,2904.0,7326.0,4167.0,1693.0,1301.0,1305.0,2054.0,601.0,650.0,1016.0,588.0
2026-04-05,5785.0,3220.0,986.0,2320.0,23580.0,4293.0,3075.0,3546.0,2903.0,7369.0,4042.0,1864.0,1387.0,1404.0,2204.0,685.0,646.0,1085.0,691.0
2026-04-06,5840.0,3010.0,913.0,2306.0,17490.0,4218.0,2846.0,3488.0,3212.0,7345.0,4348.0,1876.0,1378.0,1459.0,2443.0,703.0,659.0,1085.0,682.0
2026-04-07,5630.0,3273.0,787.0,2216.0,19577.0,4483.0,2722.0,3525.0,3222.0,7778.0,4439.0,1891.0,1306.0,1521.0,2992.0,539.0,614.0,979.0,685.0
2026-04-08,5642.0,3156.0,910.0,2107.0,18738.0,5545.0,2620.0,3318.0,2898.0,7313.0,4525.0,1989.0,1341.0,1619.0,2508.0,631.0,505.0,985.0,780.0
2026-04-09,5713.0,3360.0,956.0,2179.0,15432.0,4642.0,2636.0,3463.0,3029.0,7150.0,4383.0,1920.0,1413.0,1686.0,2793.0,580.0,506.0,1027.0,638.0
2026-04-10,6478.0,3103.0,887.0,2384.0,14113.0,4491.0,2696.0,3702.0,3129.0,7237.0,4277.0,1870.0,1349.0,1519.0,2475.0,552.0,518.0,1022.0,753.0
2026-04-11,5379.0,2955.0,1284.0,1978.0,13787.0,3523.0,2528.0,3285.0,3753.0,8184.0,4000.0,1955.0,1268.0,1395.0,2401.0,543.0,652.0,973.0,624.0
2026-04-12,5621.0,3485.0,1177.0,2197.0,14765.0,4795.0,2658.0,3433.0,3380.0,7387.0,4073.0,2143.0,1378.0,1604.0,2653.0,652.0,727.0,1201.0,667.0
2026-04-13,6087.0,3712.0,943.0,2149.0,12516.0,4941.0,2615.0,3659.0,3148.0,8020.0,5098.0,2325.0,1551.0,2102.0,3070.0,652.0,589.0,1110.0,903.0
2026-04-14,5764.0,4097.0,1054.0,2196.0,15516.0,7690.0,2574.0,3782.0,3132.0,7919.0,5997.0,2338.0,1660.0,2152.0,3001.0,520.0,640.0,1277.0,836.0
2026-04-15,5593.0,3829.0,734.0,2268.0,16082.0,4959.0,2537.0,3399.0,3221.0,8033.0,4609.0,2284.0,1709.0,2063.0,2876.0,527.0,631.0,1316.0,695.0
2026-04-16,5587.0,3724.0,782.0,2213.0,18366.0,3212.0,2858.0,3684.0,3216.0,8327.0,4565.0,2421.0,1642.0,1956.0,2830.0,495.0,555.0,1273.0,620.0
2026-04-17,5733.0,3211.0,767.0,2258.0,17988.0,4395.0,2763.0,3863.0,3733.0,7947.0,4469.0,2120.0,1443.0,1951.0,2615.0,525.0,591.0,1126.0,613.0
2026-04-18,6152.0,3021.0,791.0,2080.0,18361.0,6038.0,2915.0,4015.0,3652.0,7266.0,4087.0,1977.0,1462.0,1609.0,2336.0,517.0,576.0,1128.0,550.0
2026-04-19,7245.0,3332.0,1090.0,2409.0,25079.0,15285.0,3031.0,4023.0,3784.0,9409.0,4209.0,2568.0,1596.0,1613.0,2558.0,692.0,610.0,1561.0,691.0
2026-04-20,7410.0,3687.0,1111.0,2715.0,17012.0,17584.0,2704.0,3862.0,3771.0,9185.0,4714.0,2018.0,1549.0,1849.0,2902.0,691.0,568.0,3071.0,702.0
2026-04-21,6595.0,3453.0,929.0,2377.0,15037.0,10317.0,2608.0,3606.0,3333.0,8316.0,4686.0,1943.0,1572.0,1757.0,2603.0,578.0,515.0,1636.0,611.0
2026-04-22,6555.0,3334.0,879.0,2204.0,14915.0,13204.0,2601.0,3524.0,3193.0,9675.0,4688.0,2042.0,1509.0,1792.0,2613.0,631.0,498.0,1274.0,677.0
2026-04-23,5777.0,3361.0,795.0,2141.0,17630.0,6727.0,2554.0,4294.0,3350.0,16148.0,5117.0,2040.0,1382.0,1787.0,2478.0,592.0,493.0,1144.0,590.0
2026-04-24,7227.0,3180.0,853.0,2250.0,13349.0,6860.0,2686.0,3376.0,3259.0,12050.0,5000.0,1847.0,1423.0,1587.0,2385.0,518.0,471.0,1051.0,646.0
2026-04-25,8235.0,2943.0,910.0,2301.0,14250.0,6798.0,3681.0,3165.0,3052.0,10232.0,4312.0,1814.0,1354.0,1347.0,2123.0,548.0,448.0,933.0,760.0
2026-04-26,6692.0,3225.0,911.0,2366.0,13945.0,4531.0,3038.0,3266.0,3177.0,9320.0,5564.0,1965.0,1378.0,1449.0,2393.0,572.0,654.0,1090.0,987.0
2026-04-27,8044.0,3264.0,853.0,2753.0,13411.0,4425.0,3009.0,3570.0,3116.0,15680.0,5137.0,1958.0,1399.0,1537.0,2669.0,527.0,490.0,1045.0,688.0
2026-04-28,7258.0,3304.0,806.0,2270.0,14629.0,3899.0,2687.0,3665.0,3433.0,15542.0,4864.0,1972.0,1374.0,1578.0,2402.0,604.0,518.0,1012.0,681.0
2026-04-29,6021.0,3150.0,850.0,2265.0,15205.0,3871.0,2503.0,3477.0,3551.0,13597.0,4850.0,1885.0,1291.0,1555.0,2724.0,593.0,484.0,997.0,698.0
2026-04-30,5733.0,3043.0,691.0,2120.0,15166.0,3263.0,2758.0,3420.0,3264.0,9409.0,4685.0,1964.0,1321.0,1489.0,2476.0,502.0,498.0,982.0,660.0
2026-05-01,5585.0,2915.0,785.0,2251.0,13126.0,3171.0,2414.0,3934.0,3203.0,8594.0,4308.0,1904.0,1321.0,1442.0,2161.0,1724.0,625.0,1082.0,596.0
2026-05-02,5573.0,2910.0,706.0,2078.0,14368.0,3000.0,2711.0,3118.0,3193.0,8210.0,3930.0,1907.0,1342.0,1360.0,2103.0,629.0,446.0,959.0,551.0
2026-05-03,5517.0,3099.0,770.0,2169.0,20566.0,2902.0,2885.0,3378.0,3208.0,9069.0,4412.0,2070.0,1457.0,1663.0,2305.0,626.0,519.0,1294.0,887.0
2026-05-04,5865.0,3299.0,878.0,2171.0,14730.0,3004.0,3007.0,3571.0,3216.0,9072.0,4846.0,2003.0,1343.0,1614.0,2631.0,594.0,550.0,1195.0,626.0
2026-05-05,5880.0,3141.0,965.0,2084.0,14109.0,2847.0,2599.0,3462.0,2991.0,9030.0,4606.0,2038.0,1419.0,1711.0,2914.0,809.0,494.0,1153.0,618.0
2026-05-06,6071.0,3284.0,885.0,2108.0,16605.0,2859.0,2822.0,3386.0,2972.0,10197.0,4572.0,1877.0,1381.0,1641.0,2519.0,703.0,526.0,1169.0,606.0
2026-05-07,6197.0,3344.0,863.0,2252.0,15862.0,3099.0,3129.0,3798.0,3381.0,9486.0,4446.0,1987.0,1902.0,1586.0,2533.0,581.0,601.0,1108.0,591.0
2026-05-08,5990.0,3025.0,816.0,2154.0,15019.0,2895.0,3071.0,3664.0,3006.0,9209.0,4276.0,2102.0,1367.0,1460.0,2275.0,556.0,1259.0,1180.0,602.0
2026-05-09,5300.0,2666.0,781.0,1969.0,20756.0,2299.0,3324.0,3169.0,2846.0,7758.0,3856.0,1832.0,1337.0,1203.0,2159.0,551.0,680.0,908.0,585.0
2026-05-10,5853.0,2991.0,951.0,2071.0,24416.0,2404.0,3869.0,3281.0,2894.0,8618.0,3690.0,1791.0,1442.0,1321.0,2167.0,584.0,638.0,1042.0,627.0
2026-05-11,6631.0,3309.0,964.0,2352.0,20094.0,2671.0,5376.0,3780.0,3420.0,9255.0,4747.0,1968.0,1532.0,1588.0,2908.0,643.0,592.0,1114.0,647.0
2026-05-12,5804.0,3128.0,1004.0,2259.0,18737.0,2233.0,4547.0,3759.0,3078.0,9062.0,4713.0,2044.0,1510.0,1598.0,2813.0,611.0,556.0,1105.0,674.0
2026-05-13,5700.0,3209.0,844.0,2019.0,18707.0,2334.0,2805.0,3442.0,3202.0,9044.0,4672.0,2020.0,1445.0,1568.0,2684.0,563.0,634.0,1375.0,685.0
2026-05-14,5559.0,3170.0,839.0,1997.0,35174.0,2243.0,2611.0,3510.0,3083.0,8656.0,4435.0,2088.0,1389.0,1536.0,2566.0,698.0,859.0,1053.0,691.0
2026-05-15,5667.0,2910.0,699.0,2016.0,17950.0,2099.0,2515.0,3396.0,2921.0,10109.0,4551.0,1918.0,1366.0,1372.0,2246.0,605.0,557.0,949.0,593.0
2026-05-16,5379.0,2667.0,694.0,1927.0,18054.0,2164.0,2563.0,3154.0,2741.0,7887.0,3817.0,2068.0,1254.0,1194.0,2060.0,554.0,468.0,819.0,522.0
2026-05-17,5605.0,3054.0,766.0,1983.0,20090.0,2150.0,2897.0,3187.0,2756.0,8158.0,4176.0,2040.0,1339.0,1326.0,2078.0,642.0,576.0,954.0,673.0
2026-05-18,6425.0,3323.0,747.0,2162.0,29018.0,2153.0,2766.0,3884.0,2979.0,8893.0,4589.0,2227.0,2094.0,1522.0,2511.0,593.0,640.0,1007.0,707.0
2026-05-19,6109.0,3187.0,741.0,2101.0,24741.0,2370.0,2510.0,4378.0,3210.0,8985.0,4838.0,2191.0,1637.0,1750.0,2836.0,611.0,719.0,1182.0,698.0
2026-05-20,5806.0,3131.0,855.0,1987.0,19790.0,2408.0,2363.0,3602.0,3480.0,8869.0,5252.0,1957.0,1586.0,1603.0,2725.0,618.0,585.0,1083.0,674.0
2026-05-21,5746.0,3057.0,789.0,1900.0,23374.0,2553.0,2308.0,3753.0,6368.0,9096.0,4395.0,2210.0,1604.0,1498.0,2909.0,537.0,612.0,1008.0,609.0
2026-05-22,5801.0,2922.0,848.0,1934.0,26287.0,2284.0,3272.0,3700.0,3484.0,8931.0,4174.0,2062.0,1394.0,1535.0,2631.0,538.0,515.0,1082.0,685.0
2026-05-23,5878.0,2786.0,733.0,1946.0,21256.0,2455.0,2420.0,3125.0,3356.0,8580.0,4075.0,1762.0,1354.0,1323.0,2278.0,500.0,489.0,958.0,626.0
2026-05-24,5832.0,3177.0,749.0,2085.0,23495.0,2282.0,2685.0,3185.0,3449.0,8305.0,4207.0,1905.0,1405.0,1489.0,2512.0,545.0,502.0,918.0,601.0
2026-05-25,6094.0,3710.0,954.0,2127.0,28051.0,2371.0,2593.0,3321.0,3768.0,8757.0,4586.0,2009.0,1532.0,1549.0,2930.0,540.0,603.0,1052.0,580.0
2026-05-26,6064.0,3110.0,838.0,1903.0,22743.0,2304.0,2541.0,3753.0,3949.0,10180.0,4717.0,1918.0,1549.0,1608.0,2855.0,552.0,550.0,1115.0,629.0
2026-05-27,6016.0,3140.0,1027.0,2015.0,19814.0,2093.0,4868.0,3486.0,3464.0,10618.0,4642.0,2108.0,1655.0,1764.0,2723.0,542.0,536.0,1052.0,665.0
2026-05-28,7237.0,3100.0,1101.0,2419.0,20471.0,3322.0,8441.0,3765.0,3514.0,9750.0,5066.0,1843.0,1458.0,1686.0,3016.0,530.0,564.0,1057.0,710.0
2026-05-29,8457.0,2927.0,927.0,2582.0,25230.0,4434.0,7827.0,3762.0,4088.0,10127.0,5057.0,1777.0,1230.0,1408.0,2667.0,564.0,766.0,1077.0,696.0
2026-05-30,7267.0,2734.0,975.0,2330.0,28939.0,3176.0,5081.0,3367.0,3263.0,8843.0,4561.0,1730.0,1220.0,1337.0,3069.0,602.0,644.0,1028.0,744.0
2026-05-31,7336.0,2975.0,1248.0,2228.0,26079.0,3443.0,5525.0,3311.0,3517.0,10528.0,5967.0,1876.0,1640.0,1674.0,5355.0,613.0,781.0,1298.0,1328.0
2026-06-01,8083.0,3371.0,1064.0,2360.0,24733.0,3269.0,5133.0,3973.0,3828.0,11248.0,7912.0,2013.0,1852.0,1960.0,6301.0,619.0,635.0,1227.0,1191.0
2026-06-02,7889.0,3359.0,968.0,2197.0,24864.0,2635.0,4721.0,3830.0,3650.0,9935.0,5673.0,1866.0,1732.0,1735.0,3841.0,510.0,708.0,1275.0,854.0
2026-06-03,7025.0,3509.0,919.0,1989.0,24496.0,2507.0,3076.0,3319.0,5289.0,10488.0,4936.0,1858.0,1752.0,1815.0,3251.0,563.0,742.0,1141.0,810.0
2026-06-04,8053.0,3664.0,1113.0,2156.0,25628.0,2576.0,2841.0,3738.0,4270.0,10288.0,4868.0,1909.0,1863.0,2055.0,3410.0,628.0,761.0,1211.0,848.0
2026-06-05,7205.0,3549.0,927.0,2018.0,26229.0,2393.0,2726.0,3233.0,3773.0,10602.0,5014.0,1659.0,1700.0,1749.0,2861.0,590.0,659.0,1313.0,688.0
2026-06-06,8245.0,3444.0,972.0,2021.0,30646.0,2284.0,2635.0,3669.0,3653.0,11039.0,4513.0,1990.0,1599.0,1784.0,2451.0,631.0,671.0,1278.0,710.0
2026-06-07,9435.0,4068.0,1098.0,2188.0,34553.0,2410.0,2712.0,3576.0,3984.0,10872.0,5184.0,2064.0,1746.0,1782.0,3057.0,667.0,788.0,1468.0,873.0
2026-06-08,8276.0,3917.0,1083.0,2159.0,32446.0,2687.0,2624.0,3776.0,4667.0,10655.0,5535.0,2085.0,1898.0,2049.0,3554.0,610.0,876.0,1559.0,889.0
2026-06-09,9218.0,3920.0,1069.0,2082.0,33042.0,2425.0,2877.0,3638.0,5022.0,10904.0,5026.0,2014.0,2080.0,2160.0,3213.0,621.0,1004.0,1589.0,935.0
2026-06-10,10913.0,4314.0,1319.0,2388.0,61979.0,2781.0,6439.0,3598.0,5435.0,12164.0,5638.0,1871.0,2115.0,2259.0,3177.0,598.0,932.0,1526.0,955.0
2026-06-11,12377.0,4138.0,2169.0,2269.0,64036.0,3036.0,4076.0,3727.0,6720.0,14272.0,6793.0,1805.0,2194.0,2384.0,4137.0,1341.0,1481.0,2424.0,1819.0
2026-06-12,10788.0,3907.0,1553.0,2163.0,60457.0,2653.0,2520.0,3676.0,6936.0,13492.0,6655.0,1857.0,2216.0,2428.0,3260.0,742.0,1334.0,2116.0,1403.0
2026-06-13,12541.0,3696.0,1300.0,2976.0,80405.0,2733.0,2540.0,4058.0,11874.0,24500.0,5646.0,1748.0,2428.0,4313.0,2445.0,803.0,1555.0,3581.0,1248.0
2026-06-14,12330.0,9203.0,1695.0,3548.0,70117.0,2780.0,2508.0,3907.0,7549.0,18756.0,6281.0,2121.0,2434.0,3638.0,2852.0,840.0,1674.0,5122.0,8029.0
2026-06-15,14548.0,5306.0,1876.0,3198.0,65204.0,2764.0,2420.0,4307.0,36972.0,15576.0,6464.0,2208.0,7559.0,2809.0,3790.0,1072.0,8347.0,3635.0,2195.0
2026-06-16,15381.0,5804.0,1631.0,3003.0,85536.0,2737.0,2399.0,3853.0,18073.0,13271.0,5429.0,1904.0,3865.0,2496.0,3235.0,859.0,3595.0,2029.0,992.0
2026-06-17,45813.0,8933.0,3165.0,4903.0,707855.0,6208.0,2816.0,4288.0,9158.0,14739.0,7527.0,2084.0,2481.0,2477.0,4256.0,680.0,1791.0,1825.0,1054.0
2026-06-18,14480.0,4520.0,1682.0,2898.0,180755.0,3080.0,2228.0,4007.0,6625.0,12970.0,19494.0,2068.0,2097.0,2220.0,6994.0,612.0,1206.0,1679.0,1683.0
2026-06-19,11699.0,3583.0,1660.0,2679.0,122523.0,2948.0,2274.0,3694.0,6688.0,13603.0,6060.0,1750.0,2043.0,2420.0,3110.0,610.0,1196.0,1659.0,1084.0
2026-06-20,14370.0,3557.0,1780.0,2640.0,103250.0,2745.0,2241.0,3838.0,9812.0,20698.0,5971.0,1786.0,2214.0,3216.0,2932.0,712.0,1751.0,2576.0,1102.0
2026-06-21,15542.0,4115.0,2513.0,3107.0,99140.0,3287.0,2472.0,4488.0,51635.0,13313.0,8159.0,2106.0,9203.0,2044.0,6140.0,856.0,9015.0,2461.0,1612.0
2026-06-22,43976.0,8251.0,21194.0,4750.0,469930.0,6849.0,4176.0,5172.0,27976.0,14716.0,13641.0,1991.0,6471.0,2270.0,9278.0,1130.0,5504.0,2883.0,2498.0
2026-06-23,20180.0,4553.0,4234.0,3480.0,342187.0,4153.0,3653.0,4071.0,8902.0,14278.0,9296.0,2136.0,3089.0,2052.0,5132.0,706.0,1651.0,1730.0,1531.0
2026-06-24,13445.0,4116.0,2300.0,2858.0,194140.0,3294.0,2698.0,3875.0,6999.0,19126.0,17079.0,1735.0,2316.0,2998.0,6892.0,708.0,1721.0,1888.0,2162.0
2026-06-25,12694.0,3722.0,5169.0,2856.0,113471.0,3244.0,3040.0,4829.0,8718.0,16915.0,9767.0,1909.0,2354.0,2214.0,4544.0,2530.0,3098.0,10987.0,8201.0
2026-06-26,12117.0,3499.0,2223.0,2684.0,99650.0,3007.0,3066.0,4707.0,12724.0,13507.0,7676.0,1734.0,5728.0,1676.0,3370.0,1005.0,2121.0,3119.0,2260.0
2026-06-27,15110.0,4100.0,2297.0,3036.0,93501.0,3176.0,2915.0,4308.0,42758.0,12196.0,15599.0,1750.0,17514.0,1812.0,3752.0,875.0,4604.0,2616.0,3161.0
2026-06-28,29716.0,5535.0,2679.0,3852.0,225569.0,4950.0,3641.0,4291.0,12723.0,14338.0,18322.0,1769.0,4420.0,2025.0,4157.0,984.0,3193.0,2210.0,2961.0
2026-06-29,17694.0,4142.0,6144.0,3454.0,99104.0,3700.0,2735.0,4951.0,15226.0,30126.0,8250.0,2071.0,5279.0,4687.0,3181.0,2265.0,9778.0,11426.0,3580.0
2026-06-30,15906.0,3979.0,3445.0,3311.0,100978.0,3947.0,2361.0,4735.0,12723.0,17061.0,7354.0,1875.0,3747.0,2297.0,2980.0,1360.0,4595.0,4083.0,1806.0
2026-07-01,15081.0,4140.0,2037.0,3087.0,103573.0,3816.0,2448.0,4510.0,8357.0,14282.0,8520.0,1943.0,2297.0,2123.0,3639.0,891.0,1868.0,2404.0,1211.0
2026-07-02,12691.0,3824.0,1505.0,2589.0,103298.0,3443.0,2345.0,4020.0,6474.0,12519.0,6635.0,1866.0,2082.0,1985.0,2925.0,660.0,1106.0,1567.0,976.0
2026-07-03,43257.0,6573.0,3754.0,4382.0,268570.0,5525.0,2529.0,4311.0,6991.0,13356.0,8570.0,2009.0,2159.0,2027.0,3117.0,729.0,1348.0,1660.0,1563.0
2026-07-04,58755.0,6701.0,5459.0,5700.0,242157.0,7381.0,2947.0,5779.0,13757.0,15484.0,29464.0,2094.0,3981.0,2084.0,5126.0,1126.0,2557.0,2958.0,4169.0
2026-07-05,19696.0,4143.0,2676.0,3627.0,119605.0,4470.0,2636.0,4843.0,9401.0,30410.0,8128.0,1994.0,2238.0,5879.0,2737.0,918.0,1944.0,5427.0,1901.0
2026-07-06,20551.0,4108.0,2323.0,4308.0,199924.0,4871.0,2565.0,4696.0,8519.0,21606.0,9056.0,1828.0,1894.0,2967.0,3144.0,822.0,1466.0,3376.0,1502.0
2026-07-07,76337.0,12147.0,14470.0,6502.0,397614.0,12889.0,2909.0,5150.0,9546.0,16538.0,52387.0,1993.0,1753.0,2006.0,8190.0,1636.0,2419.0,5109.0,36292.0
2026-07-08,45668.0,5074.0,4774.0,5563.0,237184.0,16279.0,3195.0,4784.0,7438.0,14037.0,14196.0,1770.0,1684.0,1888.0,3228.0,1047.0,1181.0,1991.0,5696.0
2026-07-09,31407.0,5295.0,3393.0,4505.0,148405.0,13535.0,3442.0,4783.0,7047.0,13168.0,7483.0,1933.0,1791.0,1869.0,2846.0,693.0,1101.0,1818.0,4730.0
2026-07-10,23966.0,4651.0,2434.0,3653.0,126011.0,15535.0,8192.0,4367.0,5916.0,12085.0,6391.0,1724.0,1666.0,1765.0,2317.0,599.0,1040.0,1407.0,1287.0
2026-07-11,93856.0,4756.0,2615.0,3588.0,115292.0,10566.0,3263.0,4111.0,6017.0,11482.0,5838.0,1671.0,1632.0,1624.0,2197.0,683.0,982.0,1278.0,1111.0
2026-07-12,109555.0,8501.0,7116.0,10159.0,370656.0,19264.0,4960.0,5545.0,8051.0,13637.0,5921.0,2028.0,1751.0,1787.0,2402.0,702.0,1137.0,1520.0,976.0
2026-07-13,32757.0,5202.0,2881.0,4848.0,110739.0,10358.0,4611.0,4626.0,6755.0,13860.0,5816.0,1722.0,1646.0,1758.0,2334.0,585.0,906.0,1412.0,839.0
2026-07-14,35978.0,4921.0,4039.0,4879.0,124000.0,12571.0,4659.0,4839.0,6362.0,12131.0,5888.0,1635.0,1511.0,1668.0,2207.0,686.0,961.0,1551.0,821.0
2026-07-15,154889.0,14106.0,39765.0,12700.0,548341.0,28879.0,6789.0,5937.0,8882.0,14978.0,5871.0,1702.0,1747.0,1717.0,2085.0,1357.0,1770.0,3334.0,1276.0
2026-07-16,135707.0,10836.0,26018.0,14441.0,432207.0,31019.0,9052.0,6975.0,8852.0,13687.0,5722.0,1958.0,1711.0,1647.0,2134.0,1313.0,3190.0,2523.0,1085.0
2026-07-17,57922.0,7808.0,8564.0,7788.0,218694.0,21100.0,5547.0,5706.0,6603.0,11458.0,5666.0,1939.0,1699.0,1541.0,2158.0,822.0,1138.0,1459.0,815.0
2026-07-18,45742.0,7069.0,6426.0,6407.0,206605.0,15877.0,4547.0,5552.0,6221.0,10802.0,6003.0,1791.0,1655.0,1496.0,2031.0,844.0,1205.0,1477.0,833.0
2026-07-19,218272.0,19919.0,90274.0,14811.0,766741.0,46304.0,6005.0,6835.0,10891.0,17253.0,7458.0,1788.0,2137.0,1703.0,2303.0,2153.0,3152.0,5858.0,2066.0
2026-07-20,102728.0,11477.0,20341.0,15695.0,437797.0,34466.0,5189.0,6698.0,11150.0,14678.0,8172.0,1880.0,2167.0,1662.0,2943.0,1144.0,1938.0,2237.0,1232.0
2026-07-21,43581.0,8011.0,6690.0,8316.0,149832.0,16595.0,3809.0,5250.0,6951.0,11263.0,6756.0,2030.0,1934.0,1470.0,2763.0,964.0,1176.0,1472.0,1001.0
2026-07-22,24629.0,6581.0,3333.0,5499.0,85136.0,8917.0,3618.0,4683.0,5280.0,9895.0,6117.0,1750.0,1691.0,1449.0,2267.0,839.0,783.0,1130.0,816.0
2026-07-23,17564.0,6118.0,2480.0,4349.0,66565.0,6104.0,3101.0,4528.0,4708.0,9716.0,5525.0,1892.0,1579.0,1469.0,2291.0,862.0,685.0,1080.0,762.0
2026-07-24,13708.0,4962.0,1785.0,3610.0,50947.0,6163.0,2768.0,4196.0,3987.0,8858.0,5230.0,1727.0,1440.0,1332.0,2021.0,627.0,524.0,1022.0,740.0
2026-07-25,12098.0,4328.0,1665.0,3237.0,43199.0,5750.0,3138.0,4650.0,4076.0,8716.0,5192.0,1759.0,1427.0,1284.0,2073.0,735.0,529.0,1308.0,666.0
2026-07-26,11213.0,4054.0,1516.0,3316.0,40521.0,5604.0,3237.0,4326.0,3989.0,9745.0,4965.0,1962.0,1405.0,1395.0,1983.0,676.0,554.0,1177.0,701.0
2026-07-27,10241.0,4039.0,1882.0,2922.0,33544.0,7275.0,2874.0,4353.0,3750.0,8984.0,5958.0,1879.0,1583.0,1535.0,2325.0,698.0,548.0,1327.0,776.0
2026-07-28,9082.0,3712.0,1397.0,2625.0,29164.0,5630.0,2496.0,4244.0,3490.0,8367.0,5683.0,1836.0,1379.0,1528.0,2365.0,961.0,593.0,972.0,755.0
2026-07-29,8574.0,3764.0,1120.0,2465.0,27403.0,4568.0,2552.0,4073.0,3566.0,8064.0,4992.0,1829.0,1399.0,1445.0,2625.0,712.0,545.0,1010.0,669.0
2026-07-30,7940.0,3404.0,1113.0,2333.0,24615.0,3893.0,2226.0,3715.0,3278.0,8364.0,4742.0,1674.0,1292.0,1393.0,2126.0,643.0,485.0,1102.0,824.0
2026-07-31,7194.0,3240.0,1076.0,2339.0,23370.0,3846.0,2092.0,3747.0,3119.0,8402.0,4406.0,1732.0,1168.0,1225.0,2151.0,562.0,559.0,1032.0,612.0
2026-08-01,7018.0,3039.0,980.0,2286.0,21006.0,3194.0,2291.0,3644.0,2912.0,7773.0,4255.0,1719.0,1157.0,1137.0,2052.0,533.0,443.0,828.0,579.0
2026-08-02,6624.0,3254.0,1043.0,2338.0,25948.0,2955.0,2535.0,3550.0,3007.0,8820.0,4562.0,1883.0,1181.0,1288.0,2150.0,599.0,524.0,1055.0,710.0
2026-08-03,6309.0,3096.0,982.0,2236.0,20292.0,3085.0,2969.0,3857.0,2940.0,9502.0,4464.0,1701.0,1128.0,1276.0,2180.0,625.0,512.0,950.0,599.0
2026-08-04,6309.0,3080.0,913.0,2227.0,18793.0,2597.0,2579.0,3463.0,3162.0,8202.0,4663.0,1663.0,1134.0,1288.0,2241.0,523.0,490.0,900.0,663.0
2026-08-05,6094.0,3021.0,863.0,2178.0,19431.0,2887.0,2442.0,3719.0,2875.0,8169.0,4711.0,1555.0,1230.0,1448.0,2237.0,611.0,473.0,982.0,655.0
2026-08-06,6049.0,2906.0,911.0,2312.0,29803.0,2685.0,2560.0,3648.0,2888.0,8396.0,5144.0,1710.0,1075.0,1304.0,2447.0,485.0,527.0,893.0,708.0
2026-08-07,5721.0,2813.0,995.0,2064.0,19322.0,3396.0,2398.0,3304.0,2626.0,7369.0,7331.0,1631.0,1109.0,1208.0,7567.0,565.0,544.0,878.0,1573.0
2026-08-08,7288.0,2645.0,1114.0,2525.0,48933.0,3439.0,2654.0,3460.0,2733.0,8462.0,8623.0,1494.0,990.0,1233.0,6350.0,832.0,398.0,882.0,1353.0
2026-08-09,6352.0,2623.0,892.0,2282.0,37781.0,3068.0,2930.0,3384.0,2718.0,7777.0,6834.0,1633.0,1104.0,1195.0,3362.0,564.0,512.0,1054.0,986.0
2026-08-10,5956.0,2920.0,847.0,1969.0,24728.0,2952.0,2971.0,3523.0,2746.0,7625.0,23764.0,1834.0,1137.0,1275.0,15595.0,605.0,498.0,977.0,2483.0
2026-08-11,6506.0,2890.0,863.0,1996.0,21329.0,3437.0,2608.0,3630.0,2732.0,8284.0,31120.0,1931.0,1065.0,1431.0,11058.0,552.0,491.0,1084.0,4245.0
2026-08-12,5438.0,2647.0,916.0,2144.0,27329.0,3431.0,2485.0,3499.0,2683.0,7446.0,13595.0,1827.0,1047.0,1224.0,4886.0,569.0,424.0,813.0,1751.0
2026-08-13,5426.0,2640.0,779.0,1919.0,20959.0,2877.0,2447.0,3276.0,2633.0,7525.0,8344.0,1647.0,1044.0,1394.0,3705.0,561.0,406.0,824.0,1208.0
2026-08-14,4994.0,2540.0,784.0,1861.0,14971.0,2450.0,2646.0,3424.0,2563.0,6985.0,6459.0,1800.0,1055.0,1282.0,2882.0,443.0,388.0,880.0,908.0
2026-08-15,5638.0,2588.0,868.0,1795.0,13629.0,2215.0,2672.0,3216.0,2296.0,6970.0,5711.0,1839.0,979.0,1178.0,2725.0,449.0,502.0,850.0,695.0
2026-08-16,5218.0,2748.0,877.0,1915.0,17254.0,2102.0,2995.0,3757.0,2464.0,7544.0,5355.0,1709.0,1120.0,1416.0,2379.0,527.0,489.0,934.0,848.0
2026-08-17,5154.0,2957.0,822.0,1969.0,14697.0,2022.0,3000.0,6277.0,2606.0,7212.0,5080.0,1907.0,1061.0,1294.0,2403.0,661.0,401.0,914.0,699.0
2026-08-18,5054.0,2892.0,845.0,1882.0,13525.0,1906.0,3170.0,3908.0,2660.0,7311.0,5138.0,1855.0,1033.0,1374.0,2446.0,508.0,379.0,885.0,830.0
2026-08-19,4763.0,2875.0,724.0,1914.0,12580.0,1834.0,3006.0,3529.0,2676.0,7291.0,4806.0,1921.0,1099.0,1333.0,2324.0,473.0,404.0,850.0,642.0
2026-08-20,4830.0,2799.0,694.0,1838.0,16538.0,1921.0,2837.0,3498.0,2784.0,7530.0,4648.0,1793.0,1295.0,1377.0,2284.0,481.0,421.0,841.0,552.0
2026-08-21,5119.0,2594.0,771.0,1852.0,12983.0,1869.0,2621.0,3375.0,2680.0,7235.0,4895.0,1664.0,1124.0,1382.0,2176.0,564.0,623.0,1052.0,646.0
2026-08-22,4836.0,2420.0,808.0,1811.0,12769.0,1833.0,2624.0,2993.0,2479.0,7299.0,4107.0,1392.0,995.0,1164.0,1926.0,620.0,398.0,954.0,597.0
2026-08-23,5693.0,2653.0,734.0,2029.0,15832.0,2392.0,2953.0,3246.0,2517.0,7046.0,4134.0,1541.0,1073.0,1157.0,2062.0,567.0,400.0,1011.0,660.0
2026-08-24,5366.0,2568.0,668.0,2019.0,12121.0,2766.0,4554.0,3694.0,2978.0,8871.0,4376.0,1578.0,1137.0,1190.0,2183.0,511.0,400.0,974.0,584.0
2026-08-25,5126.0,2778.0,755.0,2122.0,11273.0,2707.0,2975.0,3434.0,3588.0,7542.0,4398.0,1538.0,1297.0,1243.0,2176.0,547.0,500.0,898.0,626.0
2026-08-26,5099.0,2510.0,607.0,2047.0,11886.0,2381.0,2671.0,3301.0,2720.0,7089.0,4567.0,1591.0,1169.0,1259.0,2275.0,457.0,385.0,796.0,595.0
2026-08-27,4915.0,2566.0,569.0,2194.0,11312.0,2712.0,2620.0,3052.0,2608.0,7082.0,4275.0,1712.0,1130.0,1166.0,2037.0,474.0,523.0,818.0,505.0
2026-08-28,4872.0,2498.0,670.0,1939.0,11388.0,2262.0,2430.0,3351.0,2570.0,7739.0,4156.0,1489.0,1042.0,1161.0,1807.0,480.0,377.0,725.0,540.0
2026-08-29,5317.0,2562.0,709.0,1886.0,11300.0,1962.0,2714.0,3070.0,2279.0,6633.0,3713.0,1405.0,933.0,1195.0,1773.0,494.0,410.0,831.0,548.0
2026-08-30,5236.0,2608.0,919.0,2003.0,43710.0,2750.0,2927.0,3287.0,2678.0,6963.0,4116.0,1666.0,1060.0,1179.0,1763.0,1020.0,450.0,866.0,641.0
2026-08-31,6023.0,2747.0,700.0,2297.0,86893.0,2469.0,2965.0,3435.0,2603.0,7243.0,4362.0,1483.0,964.0,1136.0,1968.0,570.0,398.0,833.0,601.0
2026-09-01,5816.0,2625.0,732.0,2079.0,58332.0,2695.0,2749.0,3258.0,2619.0,7392.0,4327.0,1751.0,1049.0,1083.0,1952.0,512.0,358.0,903.0,606.0
2026-09-02,5772.0,2703.0,665.0,2233.0,26199.0,2590.0,2628.0,4271.0,2502.0,7319.0,4406.0,1636.0,951.0,1229.0,1912.0,451.0,370.0,812.0,541.0
2026-09-03,5690.0,2477.0,785.0,2136.0,22695.0,3263.0,3230.0,3483.0,2599.0,10301.0,4409.0,1734.0,1028.0,1065.0,1941.0,500.0,595.0,1018.0,598.0
2026-09-04,13149.0,2687.0,1399.0,2640.0,18228.0,14257.0,3765.0,3595.0,2584.0,7427.0,4065.0,1555.0,1110.0,1235.0,1758.0,563.0,423.0,912.0,552.0
2026-09-05,9424.0,2348.0,913.0,2209.0,16642.0,8204.0,3539.0,3421.0,2470.0,7008.0,3597.0,1541.0,877.0,1234.0,1844.0,533.0,389.0,890.0,639.0
2026-09-06,7206.0,2605.0,798.0,2225.0,17641.0,4376.0,3471.0,3335.0,2436.0,7218.0,3607.0,1553.0,1034.0,1298.0,1802.0,510.0,405.0,916.0,509.0
2026-09-07,6556.0,2524.0,783.0,2211.0,13983.0,3512.0,3176.0,3419.0,2822.0,9823.0,3814.0,1607.0,1077.0,1673.0,2099.0,524.0,382.0,979.0,573.0
2026-09-08,7344.0,2601.0,778.0,2192.0,15830.0,5068.0,3264.0,3542.0,2711.0,8207.0,4135.0,1809.0,1043.0,1551.0,2154.0,528.0,378.0,1081.0,589.0
2026-09-09,6712.0,2810.0,641.0,2158.0,19198.0,2914.0,5755.0,3461.0,2672.0,9044.0,4391.0,1622.0,992.0,1396.0,2084.0,538.0,322.0,868.0,667.0
2026-09-10,6105.0,2487.0,784.0,2148.0,18286.0,2669.0,4056.0,3510.0,2705.0,7694.0,4452.0,1567.0,965.0,1272.0,1813.0,529.0,364.0,844.0,592.0
2026-09-11,5969.0,2870.0,563.0,1991.0,13736.0,2300.0,3047.0,3636.0,2660.0,10867.0,4393.0,1776.0,1014.0,1178.0,1965.0,635.0,400.0,1064.0,558.0
2026-09-12,5606.0,2533.0,579.0,1830.0,12763.0,2308.0,2810.0,3345.0,2344.0,7731.0,3555.0,1732.0,1038.0,1300.0,1693.0,565.0,331.0,951.0,453.0
2026-09-13,5310.0,2648.0,732.0,2058.0,18142.0,2145.0,3069.0,3566.0,2490.0,8124.0,3849.0,1702.0,1236.0,1275.0,1855.0,577.0,430.0,1026.0,558.0
2026-09-14,6000.0,2321.0,788.0,2069.0,13935.0,2055.0,2980.0,3599.0,2636.0,7801.0,4308.0,1687.0,1137.0,1302.0,1802.0,3655.0,360.0,941.0,505.0
2026-09-15,5826.0,2700.0,818.0,2162.0,15369.0,2044.0,3041.0,3916.0,3084.0,7538.0,4383.0,1760.0,1060.0,1365.0,1941.0,589.0,393.0,991.0,617.0
2026-09-16,6023.0,2535.0,722.0,2245.0,18393.0,1972.0,2878.0,3543.0,3307.0,9768.0,4493.0,1887.0,1127.0,1457.0,2082.0,578.0,346.0,1003.0,564.0
2026-09-17,5778.0,2367.0,672.0,2180.0,42388.0,1955.0,2698.0,3788.0,6147.0,7758.0,4629.0,1884.0,1117.0,1488.0,2303.0,529.0,493.0,952.0,536.0
2026-09-18,6138.0,2283.0,693.0,2058.0,19071.0,1724.0,2542.0,4472.0,3467.0,7394.0,4485.0,2341.0,1151.0,1359.0,1863.0,667.0,357.0,988.0,572.0
2026-09-19,4881.0,2208.0,708.0,1806.0,15082.0,1787.0,2567.0,3419.0,2423.0,6736.0,3643.0,2174.0,1053.0,1227.0,1726.0,538.0,341.0,938.0,603.0
2026-09-20,5069.0,2372.0,826.0,2195.0,14716.0,1806.0,3133.0,3620.0,3125.0,7120.0,4077.0,1961.0,1079.0,1265.0,1944.0,618.0,439.0,953.0,579.0
2026-09-21,5480.0,2322.0,760.0,2204.0,20175.0,2019.0,2811.0,3974.0,3037.0,17367.0,4232.0,1704.0,1060.0,1352.0,2143.0,662.0,348.0,1223.0,671.0
2026-09-22,5958.0,2509.0,747.0,2248.0,15470.0,2244.0,2877.0,4032.0,3568.0,7963.0,4989.0,1846.0,1086.0,1436.0,2109.0,494.0,405.0,1061.0,622.0
2026-09-23,7833.0,2327.0,744.0,2282.0,15690.0,5408.0,2898.0,4106.0,3239.0,8278.0,4859.0,1741.0,997.0,1552.0,2192.0,599.0,467.0,1018.0,680.0
2026-09-24,7208.0,2390.0,805.0,2299.0,16118.0,6855.0,2894.0,4435.0,3250.0,9365.0,4918.0,1641.0,1115.0,1437.0,2293.0,619.0,410.0,1007.0,616.0
2026-09-25,6671.0,2385.0,891.0,2039.0,14982.0,6697.0,2691.0,4663.0,2967.0,11959.0,4963.0,2045.0,1114.0,1578.0,2065.0,712.0,427.0,1022.0,747.0
2026-09-26,5507.0,2254.0,787.0,1881.0,12733.0,4005.0,2829.0,4011.0,2605.0,19426.0,4093.0,1666.0,1013.0,1331.0,2046.0,572.0,401.0,997.0,739.0
2026-09-27,6375.0,2402.0,906.0,2150.0,13822.0,3811.0,3033.0,3819.0,2834.0,22497.0,4435.0,1796.0,1176.0,1476.0,2139.0,683.0,499.0,1034.0,891.0
2026-09-28,5617.0,2329.0,758.0,2159.0,21515.0,3155.0,2858.0,3910.0,3303.0,10313.0,4555.0,1744.0,1213.0,1500.0,2205.0,617.0,597.0,1043.0,648.0
2026-09-29,6702.0,2384.0,820.0,2080.0,15023.0,3968.0,2971.0,3848.0,2942.0,21926.0,4444.0,1794.0,1084.0,1829.0,2089.0,855.0,465.0,1142.0,861.0
2026-09-30,5525.0,2307.0,651.0,1950.0,15646.0,2693.0,2646.0,3762.0,3145.0,9085.0,4355.0,1744.0,1036.0,1472.0,2048.0,547.0,402.0,1325.0,520.0
2026-10-01,6208.0,2508.0,768.0,2000.0,23097.0,2604.0,2616.0,3653.0,3087.0,8301.0,4483.0,1660.0,1073.0,1600.0,1902.0,550.0,516.0,1314.0,475.0
2026-10-02,5602.0,2294.0,661.0,2062.0,18797.0,2839.0,2609.0,3700.0,3281.0,19648.0,4130.0,1482.0,905.0,1923.0,1832.0,657.0,502.0,1406.0,446.0
