claim_id,modulo,etiqueta,afirmacion,valor,fuente,tipo_fuente,url,archivo_local,sha256,cita_textual,fecha_acceso
A01,A,DATO,Aporte no reembolsable al Tesoro del solicitante principal,USD 350.000,"Ministerio de Economía, anuncio del 02/10/2026",P,https://www.argentina.gob.ar/noticias/luis-caputo-anuncio-la-puesta-en-marcha-del-programa-de-ciudadania-por-inversion-de,data/raw/A_anuncio_mecon_2026-10-03.html,39ac10c332df177d,realizar un aporte directo y no reembolsable al Tesoro Nacional por USD 350.000,2026-10-03
A02,A,DATO,Alternativa: suscripción de un título público específico,USD 800.000,"Ministerio de Economía, anuncio del 02/10/2026",P,https://www.argentina.gob.ar/noticias/luis-caputo-anuncio-la-puesta-en-marcha-del-programa-de-ciudadania-por-inversion-de,data/raw/A_anuncio_mecon_2026-10-03.html,39ac10c332df177d,suscribir un título público de USD 800.000 creado específicamente para este Programa,2026-10-03
A03,A,DATO,Aporte por cónyuge e hijos de 18 a 25 años solteros y sin hijos,USD 100.000,"Ministerio de Economía, anuncio del 02/10/2026",P,https://www.argentina.gob.ar/noticias/luis-caputo-anuncio-la-puesta-en-marcha-del-programa-de-ciudadania-por-inversion-de,data/raw/A_anuncio_mecon_2026-10-03.html,39ac10c332df177d,podrán solicitar la ciudadanía mediante un aporte de USD 100.000 al Tesoro Nacional,2026-10-03
A04,A,DATO,Aporte por hijo menor de 18 años,USD 25.000,"Ministerio de Economía, anuncio del 02/10/2026",P,https://www.argentina.gob.ar/noticias/luis-caputo-anuncio-la-puesta-en-marcha-del-programa-de-ciudadania-por-inversion-de,data/raw/A_anuncio_mecon_2026-10-03.html,39ac10c332df177d,Los menores de 18 años podrán hacerlo mediante un aporte de USD 25.000,2026-10-03
A05,A,DATO,Total para familia tipo (principal + cónyuge + 2 menores),USD 500.000,"Ministerio de Economía, anuncio del 02/10/2026",P,https://www.argentina.gob.ar/noticias/luis-caputo-anuncio-la-puesta-en-marcha-del-programa-de-ciudadania-por-inversion-de,data/raw/A_anuncio_mecon_2026-10-03.html,39ac10c332df177d,podrá solicitar la ciudadanía argentina por un total de USD 500.000,2026-10-03
A06,A,DATO,Inicio de recepción de solicitudes,4.º trimestre de 2026,"Ministerio de Economía, anuncio del 02/10/2026",P,https://www.argentina.gob.ar/noticias/luis-caputo-anuncio-la-puesta-en-marcha-del-programa-de-ciudadania-por-inversion-de,data/raw/A_anuncio_mecon_2026-10-03.html,39ac10c332df177d,estará operativo para recibir solicitudes en el transcurso del cuarto trimestre de 2026,2026-10-03
A07,A,DATO,Organismos que intervienen en la evaluación,"SIDE, UIF, Seguridad, Interior","Ministerio de Economía, anuncio del 02/10/2026",P,https://www.argentina.gob.ar/noticias/luis-caputo-anuncio-la-puesta-en-marcha-del-programa-de-ciudadania-por-inversion-de,data/raw/A_anuncio_mecon_2026-10-03.html,39ac10c332df177d,"la Secretaría de Inteligencia del Estado (SIDE), la Unidad de Información Financiera (UIF) y el Ministerio de Seguridad y el de Interior",2026-10-03
A08,A,DATO,Destino de los fondos,Posición fiscal y financiera,"Ministerio de Economía, anuncio del 02/10/2026",P,https://www.argentina.gob.ar/noticias/luis-caputo-anuncio-la-puesta-en-marcha-del-programa-de-ciudadania-por-inversion-de,data/raw/A_anuncio_mecon_2026-10-03.html,39ac10c332df177d,Los recursos obtenidos se destinarán a continuar fortaleciendo la posición fiscal y financiera de la República Argentina,2026-10-03
A09,A,DATO,El DNU 366/2025 incorpora la naturalización por 'inversión relevante' sin requisito de residencia,Ley 346 art. 2 inc. 2,"Boletín Oficial, DNU 366/2025 (29/05/2025)",P,https://www.boletinoficial.gob.ar/detalleAviso/primera/326096/20250529,data/raw/A_bo_dnu366_2025_2026-10-03.html,3dfbedbe37df9ae0,"Los extranjeros que acrediten ante la DIRECCIÓN NACIONAL DE MIGRACIONES, cualquiera sea el tiempo de su residencia, haber realizado una inversión relevante en el país",2026-10-03
A10,A,DATO,El DNU no fija monto: delega en el Ministerio de Economía qué inversión es 'relevante',Ley 346 art. 2 bis,"Boletín Oficial, DNU 366/2025 (29/05/2025)",P,https://www.boletinoficial.gob.ar/detalleAviso/primera/326096/20250529,data/raw/A_bo_dnu366_2025_2026-10-03.html,3dfbedbe37df9ae0,"el MINISTERIO DE ECONOMÍA establecerá qué inversiones serán consideradas relevantes, pudiendo establecer proyectos específicos de inversión a tal efecto",2026-10-03
A11,A,DATO,Creación de la Agencia de Programas de Ciudadanía por Inversión,Ley 346 art. 6 bis,"Boletín Oficial, DNU 366/2025 (29/05/2025)",P,https://www.boletinoficial.gob.ar/detalleAviso/primera/326096/20250529,data/raw/A_bo_dnu366_2025_2026-10-03.html,3dfbedbe37df9ae0,Créase la AGENCIA DE PROGRAMAS DE CIUDADANÍA POR INVERSIÓN como organismo descentralizado actuante en el ámbito del MINISTERIO DE ECONOMÍA,2026-10-03
A12,A,DATO,La Agencia debe publicar anualmente las inversiones recibidas,Ley 346 art. 6 ter inc. 2,"Boletín Oficial, DNU 366/2025 (29/05/2025)",P,https://www.boletinoficial.gob.ar/detalleAviso/primera/326096/20250529,data/raw/A_bo_dnu366_2025_2026-10-03.html,3dfbedbe37df9ae0,Publicar anualmente las inversiones recibidas por los programas de ciudadanía por inversión,2026-10-03
A13,A,DATO,El 366/2025 es un DNU sujeto a la Comisión Bicameral Permanente (Ley 26.122),art. 48,"Boletín Oficial, DNU 366/2025 (29/05/2025)",P,https://www.boletinoficial.gob.ar/detalleAviso/primera/326096/20250529,data/raw/A_bo_dnu366_2025_2026-10-03.html,3dfbedbe37df9ae0,Dese cuenta a la COMISIÓN BICAMERAL PERMANENTE del H. CONGRESO DE LA NACIÓN,2026-10-03
A14,A,DATO,Decreto 524/2025: la DNM resuelve en 30 días hábiles tras el informe de la Agencia,30 días hábiles,"Boletín Oficial, Decreto 524/2025 (31/07/2025)",P,https://www.boletinoficial.gob.ar/detalleAviso/primera/329061/20250731,data/raw/A_bo_dec524_2025_2026-10-03.html,6dc1de20aeaa7ba5,"La DIRECCIÓN NACIONAL DE MIGRACIONES, en un plazo de TREINTA (30) días hábiles desde que hubiere recibido el informe elaborado por la Agencia",2026-10-03
A15,A,DATO,"Decreto 524/2025: informes de Seguridad, UIF, Reincidencia, RENAPER y SIDE sobre riesgo",Procedimiento,"Boletín Oficial, Decreto 524/2025 (31/07/2025)",P,https://www.boletinoficial.gob.ar/detalleAviso/primera/329061/20250731,data/raw/A_bo_dec524_2025_2026-10-03.html,6dc1de20aeaa7ba5,se expidan respecto de si el otorgamiento de la ciudadanía al solicitante podría representar un riesgo para la seguridad nacional o para los intereses nacionales,2026-10-03
A16,A,DATO,Decreto 285/2026: designación ad honorem de la directora ejecutiva de la Agencia desde el 22/04/2026,22/04/2026,"Boletín Oficial, Decreto 285/2026 (28/04/2026)",P,https://www.boletinoficial.gob.ar/pdf/aviso/primera/341227/20260428,data/raw/A_bo_dec285_2026_2026-10-03.pdf,32a86a8cc3544db8,"Desígnase, a partir del 22 de abril de 2026, con carácter “ad honorem” en el cargo de Directora Ejecutiva de la AGENCIA DE PROGRAMAS DE CIUDADANÍA POR INVERSIÓN",2026-10-03
A17,A,DATO,"Según InfoLEG (consulta 03/10/2026), el DNU 366/2025 solo es complementado por el Dec. 524/2025 y la Res. 1066/2026 (Salud): no figura norma que fije los montos",2 normas,"InfoLEG/argentina.gob.ar, normas que modifican o complementan el DNU 366/2025",P,https://www.argentina.gob.ar/normativa/nacional/norma-413297/normas-modifican,data/raw/A_infoleg_dnu366_modifican_2026-10-03.html,3025d5f493ba1ed4,Esta norma es complementada o modificada por las siguientes,2026-10-03
A18,A,DATO,La Cámara Nacional Electoral declaró nulo el DNU 366/2025 (art. 99 inc. 3 CN) en la causa 'Yang',30/06/2026,"Cámara Nacional Electoral, 'Yang, Liping s/nacionalidad y ciudadanía', Expte. CNE 8843/2023/CA1, 30/06/2026 (copia firmada digitalmente, difundida por Palabras del Derecho)",P,https://drive.google.com/uc?export=download&id=1xWgM2IK8QeBFwmNogXJqYmY9RNC7z6gn,data/raw/A_fallo_CNE_Yang_8843-2023_2026-10-03.pdf,ff74b2698ca1f79e,"Declarar nulo el decreto de necesidad y urgencia N° 366/2025, de conformidad con lo establecido por el art. 99, inc. 3°, párrafo segundo de la Constitución Nacional",2026-10-03
A19,A,DATO,La CNE ordenó comunicar la sentencia a todos los jueces federales con competencia electoral,30/06/2026,"Cámara Nacional Electoral, 'Yang, Liping s/nacionalidad y ciudadanía', Expte. CNE 8843/2023/CA1, 30/06/2026 (copia firmada digitalmente, difundida por Palabras del Derecho)",P,https://drive.google.com/uc?export=download&id=1xWgM2IK8QeBFwmNogXJqYmY9RNC7z6gn,data/raw/A_fallo_CNE_Yang_8843-2023_2026-10-03.pdf,ff74b2698ca1f79e,Poner en conocimiento de la presente a los señores jueces federales con competencia electoral de todo el país,2026-10-03
A20,A,DATO,"El Juzgado Federal de Esquel declaró inconstitucionales e inaplicables al caso los arts. 4, 37 y 39 del DNU 366/2025 (el art. 37 crea la vía por inversión)",12/08/2026,"Juzgado Federal de Esquel, Expte. 10640/2025, sentencia definitiva 12/08/2026 (copia difundida por Palabras del Derecho)",P,https://drive.google.com/uc?export=download&id=1m8JzZS80fcB-ENA-lI-0gr5Ii01sURig,data/raw/A_fallo_JFEsquel_DNU366_2026-10-03.pdf,66994d40f347599d,"DECLARAR la INCONSTITUCIONALIDAD e INAPLICABILIDAD a su respecto de los artículos 4, 37 y 39 del Decreto de Necesidad y Urgencia 366/2025",2026-10-03
B01,B,DATO,El SCF 2022 es el último relevamiento publicado; el SCF 2025 aún no está en la página del SCF (consulta 03/10/2026; scfp2025s.zip devuelve 404),SCF 2022,"Federal Reserve, Survey of Consumer Finances (página índice)",P,https://www.federalreserve.gov/econres/scfindex.htm,data/raw/B_scf_index_2026-10-03.htm,94dabcb4b0be311c,The 2022 Survey of Consumer Finances (SCF) is the most recent survey conducted,2026-10-03
B02,B,ESTIMACIÓN,Hogares de EE.UU. con patrimonio neto > USD 1 M (USD de 2022) y su participación en el total de hogares,"23,68 M hogares (18,04 %); rango entre réplicas 22,89–25,37 M","Federal Reserve, SCF 2022 summary extract (Stata, rscfp2022.dta)",P,https://www.federalreserve.gov/econres/files/scfp2022s.zip,data/raw/B_scf_scfp2022s_2026-10-03.zip,3bb4d890ae2463ff,rscfp2022.dta: por réplica (y1 % 10) suma de wgt×5 con networth > 1000000; promedio de las 5 réplicas; total de hogares = suma de wgt = 131.306.389,2026-10-03
B03,B,ESTIMACIÓN,Hogares de EE.UU. con patrimonio neto > USD 5 M (USD de 2022) y su participación en el total de hogares,"4,81 M hogares (3,67 %); rango entre réplicas 4,57–5,03 M","Federal Reserve, SCF 2022 summary extract (Stata, rscfp2022.dta)",P,https://www.federalreserve.gov/econres/files/scfp2022s.zip,data/raw/B_scf_scfp2022s_2026-10-03.zip,3bb4d890ae2463ff,rscfp2022.dta: por réplica (y1 % 10) suma de wgt×5 con networth > 5000000; promedio de las 5 réplicas; total de hogares = suma de wgt = 131.306.389,2026-10-03
B04,B,ESTIMACIÓN,Hogares de EE.UU. con patrimonio neto > USD 10 M (USD de 2022) y su participación en el total de hogares,"2,13 M hogares (1,62 %); rango entre réplicas 2,11–2,16 M","Federal Reserve, SCF 2022 summary extract (Stata, rscfp2022.dta)",P,https://www.federalreserve.gov/econres/files/scfp2022s.zip,data/raw/B_scf_scfp2022s_2026-10-03.zip,3bb4d890ae2463ff,rscfp2022.dta: por réplica (y1 % 10) suma de wgt×5 con networth > 10000000; promedio de las 5 réplicas; total de hogares = suma de wgt = 131.306.389,2026-10-03
B05,B,ESTIMACIÓN,Hogares de EE.UU. con patrimonio neto > USD 30 M (USD de 2022) y su participación en el total de hogares,"0,39 M hogares (0,30 %); rango entre réplicas 0,37–0,42 M","Federal Reserve, SCF 2022 summary extract (Stata, rscfp2022.dta)",P,https://www.federalreserve.gov/econres/files/scfp2022s.zip,data/raw/B_scf_scfp2022s_2026-10-03.zip,3bb4d890ae2463ff,rscfp2022.dta: por réplica (y1 % 10) suma de wgt×5 con networth > 30000000; promedio de las 5 réplicas; total de hogares = suma de wgt = 131.306.389,2026-10-03
B06,B,ESTIMACIÓN,Aporte como % del patrimonio en el tramo > USD 1 M: sobre el umbral y sobre la mediana ponderada del tramo,"USD 350k = 35,0 % del umbral y 16,2 % de la mediana (USD 2,16 M); USD 500k = 50,0 % / 23,2 %","Federal Reserve, SCF 2022 summary extract (Stata, rscfp2022.dta)",P,https://www.federalreserve.gov/econres/files/scfp2022s.zip,data/raw/B_scf_scfp2022s_2026-10-03.zip,3bb4d890ae2463ff,aporte (A01=350.000; A05=500.000) / umbral y / mediana ponderada de networth del tramo (promedio de 5 réplicas); insumos B02,2026-10-03
B07,B,ESTIMACIÓN,Aporte como % del patrimonio en el tramo > USD 5 M: sobre el umbral y sobre la mediana ponderada del tramo,"USD 350k = 7,0 % del umbral y 3,8 % de la mediana (USD 9,33 M); USD 500k = 10,0 % / 5,4 %","Federal Reserve, SCF 2022 summary extract (Stata, rscfp2022.dta)",P,https://www.federalreserve.gov/econres/files/scfp2022s.zip,data/raw/B_scf_scfp2022s_2026-10-03.zip,3bb4d890ae2463ff,aporte (A01=350.000; A05=500.000) / umbral y / mediana ponderada de networth del tramo (promedio de 5 réplicas); insumos B03,2026-10-03
B08,B,ESTIMACIÓN,Aporte como % del patrimonio en el tramo > USD 10 M: sobre el umbral y sobre la mediana ponderada del tramo,"USD 350k = 3,5 % del umbral y 2,3 % de la mediana (USD 15,17 M); USD 500k = 5,0 % / 3,3 %","Federal Reserve, SCF 2022 summary extract (Stata, rscfp2022.dta)",P,https://www.federalreserve.gov/econres/files/scfp2022s.zip,data/raw/B_scf_scfp2022s_2026-10-03.zip,3bb4d890ae2463ff,aporte (A01=350.000; A05=500.000) / umbral y / mediana ponderada de networth del tramo (promedio de 5 réplicas); insumos B04,2026-10-03
B09,B,ESTIMACIÓN,Hogares de EE.UU. para los que el aporte es ≤ 5 % del patrimonio neto (HIPÓTESIS de 'sin esfuerzo'): principal USD 350k (patrimonio ≥ USD 7 M) y familia tipo USD 500k (≥ USD 10 M),"3,37 M y 2,13 M hogares","Federal Reserve, SCF 2022 summary extract (Stata, rscfp2022.dta)",P,https://www.federalreserve.gov/econres/files/scfp2022s.zip,data/raw/B_scf_scfp2022s_2026-10-03.zip,3bb4d890ae2463ff,"suma ponderada (wgt×5, promedio de réplicas) de hogares con networth ≥ aporte/0,05; aporte de A01 y A05",2026-10-03
B10,B,ESTIMACIÓN,Hogares de EE.UU. para los que el aporte es ≤ 1 % del patrimonio neto: ≥ USD 35 M (350k) y ≥ USD 50 M (500k),329 mil y 185 mil hogares,"Federal Reserve, SCF 2022 summary extract (Stata, rscfp2022.dta)",P,https://www.federalreserve.gov/econres/files/scfp2022s.zip,data/raw/B_scf_scfp2022s_2026-10-03.zip,3bb4d890ae2463ff,"suma ponderada de hogares con networth ≥ aporte/0,01; aporte de A01 y A05",2026-10-03
B11,B,ESTIMACIÓN,Variante de liquidez: hogares con activos financieros (fin) ≥ 10 × aporte,"3,48 M (fin ≥ USD 3,5 M) y 2,35 M (fin ≥ USD 5 M)","Federal Reserve, SCF 2022 summary extract (Stata, rscfp2022.dta)",P,https://www.federalreserve.gov/econres/files/scfp2022s.zip,data/raw/B_scf_scfp2022s_2026-10-03.zip,3bb4d890ae2463ff,"suma ponderada de hogares con fin ≥ aporte/0,10; aporte de A01 y A05",2026-10-03
B12,B,DATO,"Patrimonio neto del top 0,1 % de los hogares de EE.UU. (2026:Q2)","USD 27,87 billones (millones de millones)","Federal Reserve, Distributional Financial Accounts (dfa.zip, archivos del 15/09/2026)",P,https://www.federalreserve.gov/releases/z1/dataviz/download/zips/dfa.zip,data/raw/B_fed_dfa_2026-10-03.zip,e7f35451dc4df139,dfa-networth-levels-detail.csv; Date=2026:Q2; Category=TopPt1; Net worth=27867091 (MUSD),2026-10-03
B13,B,DATO,"Hogares en el top 0,1 % (2026:Q2)",136.779,"Federal Reserve, Distributional Financial Accounts (dfa.zip, archivos del 15/09/2026)",P,https://www.federalreserve.gov/releases/z1/dataviz/download/zips/dfa.zip,data/raw/B_fed_dfa_2026-10-03.zip,e7f35451dc4df139,dfa-networth-levels-detail.csv; Date=2026:Q2; Category=TopPt1; Household count=136779,2026-10-03
B14,B,DATO,"Patrimonio neto del resto del top 1 % (percentiles 99–99,9) (2026:Q2)","USD 32,45 billones; 1.214.225 hogares","Federal Reserve, Distributional Financial Accounts (dfa.zip, archivos del 15/09/2026)",P,https://www.federalreserve.gov/releases/z1/dataviz/download/zips/dfa.zip,data/raw/B_fed_dfa_2026-10-03.zip,e7f35451dc4df139,dfa-networth-levels-detail.csv; Date=2026:Q2; Category=RemainingTop1; Net worth=32445932; Household count=1214225,2026-10-03
B15,B,ESTIMACIÓN,Patrimonio y participación del top 1 % (2026:Q2) = TopPt1 + RemainingTop1,"USD 60,31 billones; 32,5 % del total","Federal Reserve, Distributional Financial Accounts (dfa.zip, archivos del 15/09/2026)",P,https://www.federalreserve.gov/releases/z1/dataviz/download/zips/dfa.zip,data/raw/B_fed_dfa_2026-10-03.zip,e7f35451dc4df139,"B12 + B14; participación = 15.0 + 17.5 (dfa-networth-shares.csv, Date=2026:Q2)",2026-10-03
B16,B,DATO,"Participación del top 0,1 % en el patrimonio neto (2026:Q2)","15,0 %","Federal Reserve, Distributional Financial Accounts (dfa.zip, archivos del 15/09/2026)",P,https://www.federalreserve.gov/releases/z1/dataviz/download/zips/dfa.zip,data/raw/B_fed_dfa_2026-10-03.zip,e7f35451dc4df139,dfa-networth-shares.csv; Date=2026:Q2; Category=TopPt1; Net worth=15.0,2026-10-03
B17,B,DATO,"Patrimonio mínimo para entrar al top 0,1 % y al top 1 % (último dato con corte: 2022:Q3)","USD 45,8 M y USD 11,0 M","Federal Reserve, Distributional Financial Accounts (dfa.zip, archivos del 15/09/2026)",P,https://www.federalreserve.gov/releases/z1/dataviz/download/zips/dfa.zip,data/raw/B_fed_dfa_2026-10-03.zip,e7f35451dc4df139,dfa-networth-levels-detail.csv; Date=2022:Q3; Minimum Wealth Cutoff: TopPt1=45796944; RemainingTop1=11007198,2026-10-03
B18,B,ESTIMACIÓN,Patrimonio promedio por hogar y peso del aporte de USD 350k (2026:Q2),"Top 0,1 %: USD 204 M (aporte 0,17 %); resto top 1 %: USD 26,7 M (aporte 1,31 %)","Federal Reserve, Distributional Financial Accounts (dfa.zip, archivos del 15/09/2026)",P,https://www.federalreserve.gov/releases/z1/dataviz/download/zips/dfa.zip,data/raw/B_fed_dfa_2026-10-03.zip,e7f35451dc4df139,B12/B13 y B14 (patrimonio/hogares); A01/promedio,2026-10-03
B19,B,DATO,"Participación del top 0,1 % al inicio de la serie (1989:Q3)","8,6 %","Federal Reserve, Distributional Financial Accounts (dfa.zip, archivos del 15/09/2026)",P,https://www.federalreserve.gov/releases/z1/dataviz/download/zips/dfa.zip,data/raw/B_fed_dfa_2026-10-03.zip,e7f35451dc4df139,dfa-networth-shares.csv; Date=1989:Q3; Category=TopPt1; Net worth=8.6,2026-10-03
B20,B,DATO,"Millonarios en USD (adultos) en EE.UU., fin de 2025",23.627 mil,"UBS, Global Wealth Report 2026 (PDF)",R,https://www.ubs.com/global/en/wealthmanagement/insights/global-wealth-report/_jcr_content/root/contentarea/mainpar/gridcontrol_copy/col_1/inner/col_2/actionbutton.1527090767.file/PS9jb250ZW50L2RhbS9hc3NldHMvd20vc3RhdGljL25vaW5kZXgvZ3dyLTIwMjYtZGlnaXRhbC5wZGY=/gwr-2026-digital.pdf,data/raw/B_ubs_gwr2026_2026-10-03.pdf,ec21285f339ce509,"United States 23,627",2026-10-03
B21,B,DATO,Millonarios en USD en la muestra de UBS (56 mercados),"≈ 57,5 millones","UBS, Global Wealth Report 2026 (PDF)",R,https://www.ubs.com/global/en/wealthmanagement/insights/global-wealth-report/_jcr_content/root/contentarea/mainpar/gridcontrol_copy/col_1/inner/col_2/actionbutton.1527090767.file/PS9jb250ZW50L2RhbS9hc3NldHMvd20vc3RhdGljL25vaW5kZXgvZ3dyLTIwMjYtZGlnaXRhbC5wZGY=/gwr-2026-digital.pdf,data/raw/B_ubs_gwr2026_2026-10-03.pdf,ec21285f339ce509,people out of the roughly 57.5 million millionaires in our sample,2026-10-03
B22,B,DATO,UBS publica el número de millonarios de solo 34 de sus 56 mercados (tabla 'The UBS Millionaire Index'); Argentina no está en la muestra de 56,34 mercados; 'Argentina' aparece 0 veces en el PDF,"UBS, Global Wealth Report 2026 (PDF)",R,https://www.ubs.com/global/en/wealthmanagement/insights/global-wealth-report/_jcr_content/root/contentarea/mainpar/gridcontrol_copy/col_1/inner/col_2/actionbutton.1527090767.file/PS9jb250ZW50L2RhbS9hc3NldHMvd20vc3RhdGljL25vaW5kZXgvZ3dyLTIwMjYtZGlnaXRhbC5wZGY=/gwr-2026-digital.pdf,data/raw/B_ubs_gwr2026_2026-10-03.pdf,ec21285f339ce509,Overview of the markets covered in this year’s report,2026-10-03
B23,B,DATO,Adultos con patrimonio de USD 5–100 M en EE.UU. (UBS),4.122.000,"UBS, Global Wealth Report 2026 (PDF)",R,https://www.ubs.com/global/en/wealthmanagement/insights/global-wealth-report/_jcr_content/root/contentarea/mainpar/gridcontrol_copy/col_1/inner/col_2/actionbutton.1527090767.file/PS9jb250ZW50L2RhbS9hc3NldHMvd20vc3RhdGljL25vaW5kZXgvZ3dyLTIwMjYtZGlnaXRhbC5wZGY=/gwr-2026-digital.pdf,data/raw/B_ubs_gwr2026_2026-10-03.pdf,ec21285f339ce509,"United States 4,122,000",2026-10-03
B24,B,DATO,Millonarios en USD en China continental e India (UBS),5.305 mil y 944 mil,"UBS, Global Wealth Report 2026 (PDF)",R,https://www.ubs.com/global/en/wealthmanagement/insights/global-wealth-report/_jcr_content/root/contentarea/mainpar/gridcontrol_copy/col_1/inner/col_2/actionbutton.1527090767.file/PS9jb250ZW50L2RhbS9hc3NldHMvd20vc3RhdGljL25vaW5kZXgvZ3dyLTIwMjYtZGlnaXRhbC5wZGY=/gwr-2026-digital.pdf,data/raw/B_ubs_gwr2026_2026-10-03.pdf,ec21285f339ce509,"Mainland China 5,305 | India 944",2026-10-03
B25,B,DATO,"Individuos UHNW (patrimonio ≥ USD 30 M) en EE.UU., 2025, con patrimonio conjunto de USD 23,8 billones (Altrata)",206.880,"Altrata, World Ultra Wealth Report 2026 (PDF de descarga directa, sin registro)",R,https://altrata.com/wp-content/uploads/2026/06/Altrata_World-Ultra-Wealth-Report-2026_FINAL.pdf,data/raw/B_altrata_wuwr2026_2026-10-03.pdf,b7737ee5c4e5c581,"1 US 206,880 15.0% | This cohort of some 207,000 ultra wealthy individuals held a cumulative net worth of $23.8tn in 2025",2026-10-03
B26,B,DATO,Población UHNW mundial 2025 (Altrata),556.850,"Altrata, World Ultra Wealth Report 2026 (PDF de descarga directa, sin registro)",R,https://altrata.com/wp-content/uploads/2026/06/Altrata_World-Ultra-Wealth-Report-2026_FINAL.pdf,data/raw/B_altrata_wuwr2026_2026-10-03.pdf,b7737ee5c4e5c581,"The global UHNW population increased by 14.4% to an all-time high of 556,850 individuals",2026-10-03
B27,B,DATO,Knight Frank The Wealth Report 2026 exige formulario para descargar el informe: no se usa,Formulario de registro,"Knight Frank, página de The Wealth Report 2026 (solo para documentar el formulario de registro)",R,https://www.knightfrank.com/wealthreport,data/raw/B_knightfrank_wealthreport_page_2026-10-03.html,5f6b835b30957904,"To download the report, please complete the form below and a download link will be provided",2026-10-03
B28,B,DATO,Los términos de henleyglobal.com prohíben el acceso automatizado: no se usa la API del Henley Passport Index,Prohibido,"Henley & Partners, Terms of Use",R,https://www.henleyglobal.com/terms-of-use,data/raw/B_henley_terms_of_use_2026-10-03.html,e017c188d2ea2e3a,"Use any robot, spider, scraper, or other automated means to access the website for any purpose",2026-10-03
B29,B,DATO,El aviso legal de Henley prohíbe reproducir contenido sin permiso escrito,Prohibido,"Henley & Partners, Disclaimer",R,https://www.henleyglobal.com/disclaimer,data/raw/B_henley_disclaimer_2026-10-03.html,6aef8165d7ea45dd,No part of this site may be reproduced in any form or by any means without prior written permission,2026-10-03
B30,B,DATO,Versión consolidada vigente del Reglamento (UE) 2018/1806 usada,30/12/2025,"EUR-Lex, ficha del Reglamento (UE) 2018/1806 (versiones consolidadas)",P,https://eur-lex.europa.eu/legal-content/EN/ALL/?uri=CELEX:32018R1806,data/raw/B_eurlex_2018_1806_all_2026-10-03.html,6941610041f657bc,Current consolidated version: 30/12/2025,2026-10-03
B31,B,DATO,Mercados con datos UBS cuyos nacionales necesitan visa Schengen (Anexo I),"China (cont.), India, Arabia Saudita, Rusia, Sudáfrica, Turquía, Qatar","EUR-Lex, Reglamento (UE) 2018/1806, versión consolidada al 30/12/2025",P,https://eur-lex.europa.eu/legal-content/EN/TXT/HTML/?uri=CELEX:02018R1806-20251230,data/raw/B_eurlex_2018_1806_consol_20251230_2026-10-03.html,71f99d898bb07de1,ANNEX I LIST OF THIRD COUNTRIES WHOSE NATIONALS ARE REQUIRED TO BE IN POSSESSION OF A VISA WHEN CROSSING THE EXTERNAL BORDERS OF THE MEMBER STATES [pertenencia de cada nombre verificada en el segmento Anexo I–Anexo II del texto consolidado],2026-10-03
B32,B,DATO,Argentina está en el Anexo II (exenta de visa Schengen para estadías ≤ 90 días en 180),Anexo II,"EUR-Lex, Reglamento (UE) 2018/1806, versión consolidada al 30/12/2025",P,https://eur-lex.europa.eu/legal-content/EN/TXT/HTML/?uri=CELEX:02018R1806-20251230,data/raw/B_eurlex_2018_1806_consol_20251230_2026-10-03.html,71f99d898bb07de1,Albania (6) Argentina Australia,2026-10-03
B33,B,DATO,"Desde el Reg. (UE) 2025/2441, operar un programa de ciudadanía por inversión es causal para suspender la exención de visa de un país del Anexo II (Argentina incluida)",Art. 8 (causal e),"EUR-Lex, Reglamento (UE) 2018/1806, versión consolidada al 30/12/2025",P,https://eur-lex.europa.eu/legal-content/EN/TXT/HTML/?uri=CELEX:02018R1806-20251230,data/raw/B_eurlex_2018_1806_consol_20251230_2026-10-03.html,71f99d898bb07de1,"the operation, by a third country listed in Annex II, of an investor citizenship scheme under which citizenship is granted to a person, in exchange for pre-determined payments or investments, without that person having any genuine link to that third country",2026-10-03
B34,B,DATO,Caso Vanuatu: la UE constató que su CBI permitía a nacionales de países con visa obtener acceso sin visa a la Unión,"Reg. (UE) 2025/11, cons. 3","Reglamento (UE) 2025/11 (Vanuatu pasa al Anexo I), vía Oficina de Publicaciones (Cellar)",P,https://publications.europa.eu/resource/celex/32025R0011,data/raw/B_eu_reg2025_11_vanuatu_2026-10-03.html,db1e381d47386135,"third-country nationals who would otherwise be subject to the visa requirement are able to obtain Vanuatu citizenship in exchange for an investment, therefore obtaining visa-free access to the Union",2026-10-03
B35,B,DATO,"Caso Vanuatu: la mayoría de los solicitantes exitosos 2022–2023 venía de países con visa; en 2023, China 519 y Rusia 237",China 519; Rusia 237,"Reglamento (UE) 2025/11 (Vanuatu pasa al Anexo I), vía Oficina de Publicaciones (Cellar)",P,https://publications.europa.eu/resource/celex/32025R0011,data/raw/B_eu_reg2025_11_vanuatu_2026-10-03.html,db1e381d47386135,"The countries of origin of successful applicants in 2022 and 2023 include mostly countries whose nationals are subject to the visa requirement. In 2023, most applications were from nationals of China (519) and Russia (237)",2026-10-03
B36,B,ESTIMACIÓN,"Destinos sin visa previa del pasaporte argentino (estadía sin visa, visa a la llegada o ETA; definición análoga a Henley)",148 de 198,"Passport Index Data (imorte/passport-index-data, MIT, actualizado 17/02/2026; datos de passportindex.org)",R,https://raw.githubusercontent.com/imorte/passport-index-data/main/passport-index-tidy-iso3.csv,data/raw/B_passportindex_tidy_iso3_2026-10-03.csv,999f237085ad29ac,"passport-index-tidy-iso3.csv; Passport=ARG; Requirement ∈ {número de días, 'visa free', 'visa on arrival', 'eta'}; n=148. Definición del README: 'Visa issued upon arrival - effectively visa-free'",2026-10-03
B37,B,DATO,El pasaporte argentino requiere visa para EE.UU. y Canadá; ETA para el Reino Unido,USA=visa required; CAN=visa required; GBR=eta,"Passport Index Data (imorte/passport-index-data, MIT, actualizado 17/02/2026; datos de passportindex.org)",R,https://raw.githubusercontent.com/imorte/passport-index-data/main/passport-index-tidy-iso3.csv,data/raw/B_passportindex_tidy_iso3_2026-10-03.csv,999f237085ad29ac,passport-index-tidy-iso3.csv; Passport=ARG; Destination=USA/CAN/GBR; Requirement=visa required/visa required/eta,2026-10-03
B38,B,ESTIMACIÓN,Pasaportes (de 199) con igual o más destinos sin visa que el argentino: para ellos la brecha es ≤ 0,45 de 198,"Passport Index Data (imorte/passport-index-data, MIT, actualizado 17/02/2026; datos de passportindex.org)",R,https://raw.githubusercontent.com/imorte/passport-index-data/main/passport-index-tidy-iso3.csv,data/raw/B_passportindex_tidy_iso3_2026-10-03.csv,999f237085ad29ac,conteo de pasaportes con destinos_sin_visa ≥ 148 (B36); data/processed/B_pasaportes_destinos.csv,2026-10-03
B39,B,ESTIMACIÓN,Mercados con datos UBS para los que el pasaporte argentino no agrega destinos (brecha ≤ 0),"24 de 34; suman 44,7 M de los 53,3 M de millonarios de la tabla","Passport Index Data (imorte/passport-index-data, MIT, actualizado 17/02/2026; datos de passportindex.org)",R,https://raw.githubusercontent.com/imorte/passport-index-data/main/passport-index-tidy-iso3.csv,data/raw/B_passportindex_tidy_iso3_2026-10-03.csv,999f237085ad29ac,B36 vs destinos_sin_visa de cada país (B_pasaportes_destinos.csv) cruzado con B_ubs_millonarios.csv,2026-10-03
B40,B,ESTIMACIÓN,"HIPÓTESIS de comprador no estadounidense — índice base millonarios × max(0, destinos_ARG − destinos_país) × 1{visa Schengen}: mercados con valor positivo, en orden","China (cont.) (100,0); India (23,3); Arabia Saudita (5,7); Rusia (4,0); Sudáfrica (1,4); Turquía (0,9); Qatar (0,3)","Cálculo propio sobre UBS GWR 2026, Passport Index Data y Reg. (UE) 2018/1806",R,https://raw.githubusercontent.com/imorte/passport-index-data/main/passport-index-tidy-iso3.csv,data/raw/B_passportindex_tidy_iso3_2026-10-03.csv,999f237085ad29ac,"I1 = millonarios_miles(UBS, B20–B24) × delta_pos(B36) × necesita_visa_schengen(B31); normalizado a máx = 100; data/processed/B_indice_mercados.csv",2026-10-03
B41,B,ESTIMACIÓN,"Variante sin indicador Schengen: mercados con valor positivo (máx. 15), en orden","China (cont.) (100,0); India (23,3); Taiwán (7,2); Arabia Saudita (5,7); Rusia (4,0); Sudáfrica (1,4); México (1,1); Turquía (0,9); Israel (0,4); Qatar (0,3)",Cálculo propio,R,https://raw.githubusercontent.com/imorte/passport-index-data/main/passport-index-tidy-iso3.csv,data/raw/B_passportindex_tidy_iso3_2026-10-03.csv,999f237085ad29ac,I2 = millonarios_miles × delta_pos; normalizado a máx = 100,2026-10-03
B42,B,ESTIMACIÓN,Variante 'doble nacionalidad' (destinos que abre ARG y no el pasaporte propio): top 5,China (cont.) (+79 destinos); EE.UU. (+7 destinos); India (+97 destinos); Taiwán (+41 destinos); Arabia Saudita (+70 destinos),Cálculo propio,R,https://raw.githubusercontent.com/imorte/passport-index-data/main/passport-index-tidy-iso3.csv,data/raw/B_passportindex_tidy_iso3_2026-10-03.csv,999f237085ad29ac,I5 = millonarios_miles × |destinos_ARG \ destinos_país|,2026-10-03
B43,B,ESTIMACIÓN,"Para un ciudadano estadounidense, destinos que abre el pasaporte argentino y no el propio (ganancia de movilidad de la doble nacionalidad)","7: BLR, BRA, CHN, IRN, RUS, UZB, VEN","Passport Index Data (imorte/passport-index-data, MIT, actualizado 17/02/2026; datos de passportindex.org)",R,https://raw.githubusercontent.com/imorte/passport-index-data/main/passport-index-tidy-iso3.csv,data/raw/B_passportindex_tidy_iso3_2026-10-03.csv,999f237085ad29ac,"passport-index-tidy-iso3.csv: destinos sin visa (definición B36) de ARG menos los de USA, sin USA ni ARG",2026-10-03
D01,D,DATO,"Los términos de uso de henleyglobal.com prohíben el acceso automatizado al sitio (robots, scrapers)",Prohibido,"Henley & Partners, Website Terms of Use (henleyglobal.com; copia del Módulo B)",R,https://www.henleyglobal.com/terms-of-use,data/raw/B_henley_terms_of_use_2026-10-03.html,e017c188d2ea2e3a,"Use any robot, spider, scraper, or other automated means to access the website for any purpose",2026-10-03
D02,D,DATO,Los términos de uso de Henley exigen licencia para uso comercial del contenido,Requiere licencia,"Henley & Partners, Website Terms of Use (henleyglobal.com; copia del Módulo B)",R,https://www.henleyglobal.com/terms-of-use,data/raw/B_henley_terms_of_use_2026-10-03.html,e017c188d2ea2e3a,You must not use any part of the content on our website for commercial purposes without obtaining a license to do so from us or our licensors,2026-10-03
D03,D,DATO,"INA §217(c)(1): la designación es facultativa ('may') del Secretario de DHS, en consulta con el Secretario de Estado",Discrecional,"8 U.S.C. §1187 (INA §217), Visa Waiver Program — texto vía Cornell LII",P,https://www.law.cornell.edu/uscode/text/8/1187,data/raw/D_usc_8_1187_cornell_2026-10-03.html,2f64a857fd9d5eae,"The Secretary of Homeland Security , in consultation with the Secretary of State, may designate any country as a program country if it meets the requirements of paragraph (2)",2026-10-03
D04,D,DATO,"Umbral de rechazo (vía ii): tasa de rechazo de visas de visitante del año fiscal completo anterior < 3,0%","< 3,0%","8 U.S.C. §1187 (INA §217), Visa Waiver Program — texto vía Cornell LII",P,https://www.law.cornell.edu/uscode/text/8/1187,data/raw/D_usc_8_1187_cornell_2026-10-03.html,2f64a857fd9d5eae,such refusal rate for nationals of that country during the previous full fiscal year was less than 3.0 percent,2026-10-03
D05,D,DATO,"Umbral de rechazo (vía i): promedio de los dos años fiscales previos < 2,0% Y cada uno de esos años < 2,5%","< 2,0% promedio y < 2,5% cada año","8 U.S.C. §1187 (INA §217), Visa Waiver Program — texto vía Cornell LII",P,https://www.law.cornell.edu/uscode/text/8/1187,data/raw/D_usc_8_1187_cornell_2026-10-03.html,2f64a857fd9d5eae,the two previous full fiscal years was less than 2.0 percent of the total number of nonimmigrant visitor visas for nationals of that country which were granted or refused during those years; and (II) either of such two previous full fiscal years was less than 2.5 percent,2026-10-03
D06,D,DATO,Pasaporte electrónico obligatorio (desde 01/04/2016) con datos biográficos y biométricos,ePassport,"8 U.S.C. §1187 (INA §217), Visa Waiver Program — texto vía Cornell LII",P,https://www.law.cornell.edu/uscode/text/8/1187,data/raw/D_usc_8_1187_cornell_2026-10-03.html,2f64a857fd9d5eae,"the passport is an electronic passport that is fraud-resistant, contains relevant biographic and biometric information",2026-10-03
D07,D,DATO,Requisito de seguridad: DHS debe determinar que la designación no compromete la seguridad y el cumplimiento de la ley de EE.UU.,Evaluación DHS,"8 U.S.C. §1187 (INA §217), Visa Waiver Program — texto vía Cornell LII",P,https://www.law.cornell.edu/uscode/text/8/1187,data/raw/D_usc_8_1187_cornell_2026-10-03.html,2f64a857fd9d5eae,determines that such interests would not be compromised by the designation of the country,2026-10-03
D08,D,DATO,Requisito de intercambio de información sobre viajeros que representen amenaza,Acuerdo de intercambio,"8 U.S.C. §1187 (INA §217), Visa Waiver Program — texto vía Cornell LII",P,https://www.law.cornell.edu/uscode/text/8/1187,data/raw/D_usc_8_1187_cornell_2026-10-03.html,2f64a857fd9d5eae,"The government of the country enters into an agreement with the United States to share information regarding whether citizens and nationals of that country traveling to the United States represent a threat to the security or welfare of the United States or its citizens, and fully implements such agreement",2026-10-03
D09,D,DATO,Requisito de reporte de pasaportes perdidos o robados dentro de las 24 horas,24 horas,"8 U.S.C. §1187 (INA §217), Visa Waiver Program — texto vía Cornell LII",P,https://www.law.cornell.edu/uscode/text/8/1187,data/raw/D_usc_8_1187_cornell_2026-10-03.html,2f64a857fd9d5eae,information about the theft or loss of passports not later than 24 hours after becoming aware of the theft or loss,2026-10-03
D10,D,DATO,Requisito de repatriación de nacionales con orden de remoción en no más de tres semanas,3 semanas,"8 U.S.C. §1187 (INA §217), Visa Waiver Program — texto vía Cornell LII",P,https://www.law.cornell.edu/uscode/text/8/1187,data/raw/D_usc_8_1187_cornell_2026-10-03.html,2f64a857fd9d5eae,"accepts for repatriation any citizen, former citizen, or national of the country against whom a final executable order of removal is issued not later than three weeks after the issuance of the final order of removal",2026-10-03
D11,D,DATO,Excepción hasta 10% de rechazo o tope de overstay: solo tras certificar un sistema de salida aérea (97%); la facultad quedó suspendida desde el 01/07/2009 hasta esa notificación,≤10% / overstay máx.,"8 U.S.C. §1187 (INA §217), Visa Waiver Program — texto vía Cornell LII",P,https://www.law.cornell.edu/uscode/text/8/1187,data/raw/D_usc_8_1187_cornell_2026-10-03.html,2f64a857fd9d5eae,the rate of refusals for nonimmigrant visitor visas for nationals of the country during the previous full fiscal year was not more than ten percent; or (II) the visa overstay rate for the country for the previous full fiscal year does not exceed the maximum visa overstay rate,2026-10-03
D12,D,DATO,Suspensión de la facultad de dispensa del umbral de rechazo desde el 01/07/2009 (sin notificación biométrica de salida),Suspendida desde 01/07/2009,"8 U.S.C. §1187 (INA §217), Visa Waiver Program — texto vía Cornell LII",P,https://www.law.cornell.edu/uscode/text/8/1187,data/raw/D_usc_8_1187_cornell_2026-10-03.html,2f64a857fd9d5eae,"the Secretary’s waiver authority under subparagraph (B) shall be suspended beginning on July 1, 2009 , until such time as the Secretary makes such notification",2026-10-03
D13,D,DATO,Definición legal de 'visa overstay rate',Definición,"8 U.S.C. §1187 (INA §217), Visa Waiver Program — texto vía Cornell LII",P,https://www.law.cornell.edu/uscode/text/8/1187,data/raw/D_usc_8_1187_cornell_2026-10-03.html,2f64a857fd9d5eae,"the term “ visa overstay rate ” means, with respect to a country, the ratio of",2026-10-03
D14,D,DATO,DHS: requisito de tasa anual de rechazo de visas B menor al 3%,< 3%,"DHS, U.S. Visa Waiver Program (lista de países y requisitos)",P,https://www.dhs.gov/visa-waiver-program,data/raw/D_dhs_vwp_2026-10-03.html,1ca71c3f424a11ee,"Has an annual temporary visitor visa (i.e., B visa) refusal rate of less than three percent",2026-10-03
D15,D,DATO,"DHS: la designación inicial exige además una evaluación de inteligencia independiente (DHS I&A, por el DNI)",Evaluación de inteligencia,"DHS, U.S. Visa Waiver Program (lista de países y requisitos)",P,https://www.dhs.gov/visa-waiver-program,data/raw/D_dhs_vwp_2026-10-03.html,1ca71c3f424a11ee,an independent intelligence assessment produced by the DHS Office of Intelligence and Analysis (on behalf of the Director of National Intelligence),2026-10-03
D16,D,DATO,"DHS (2022): requisito de intercambio de información (EBSP) para países VWP actuales y aspirantes, con cotejo biométrico",EBSP,"DHS, U.S. Visa Waiver Program (lista de países y requisitos)",P,https://www.dhs.gov/visa-waiver-program,data/raw/D_dhs_vwp_2026-10-03.html,1ca71c3f424a11ee,"In 2022, the Secretary of Homeland Security announced an information sharing requirement for all current and aspiring VWP countries",2026-10-03
D17,D,DATO,DHS (2017): países VWP con overstay ≥2% deben lanzar campaña pública de información,2%,"DHS, U.S. Visa Waiver Program (lista de países y requisitos)",P,https://www.dhs.gov/visa-waiver-program,data/raw/D_dhs_vwp_2026-10-03.html,1ca71c3f424a11ee,VWP countries having a 2% or greater rate of business or tourism nonimmigrant visitors overstaying the terms of their admission into the United States must initiate a public information campaign,2026-10-03
D18,D,DATO,Chile: viaje VWP desde el 31/03/2014 (único país latinoamericano en la lista actual de DHS),31/03/2014,"DHS, U.S. Visa Waiver Program (lista de países y requisitos)",P,https://www.dhs.gov/visa-waiver-program,data/raw/D_dhs_vwp_2026-10-03.html,1ca71c3f424a11ee,"Chile Mar. 31, 2014",2026-10-03
D19,D,DATO,Argentina fue país VWP entre el 08/07/1996 y el 21/02/2002,1996–2002,"DHS, U.S. Visa Waiver Program (lista de países y requisitos)",P,https://www.dhs.gov/visa-waiver-program,data/raw/D_dhs_vwp_2026-10-03.html,1ca71c3f424a11ee,"Argentina July 8, 1996 Feb. 21, 2002",2026-10-03
D20,D,DATO,Uruguay fue país VWP entre el 09/08/1999 y el 15/04/2003,1999–2003,"DHS, U.S. Visa Waiver Program (lista de países y requisitos)",P,https://www.dhs.gov/visa-waiver-program,data/raw/D_dhs_vwp_2026-10-03.html,1ca71c3f424a11ee,"Uruguay Aug. 9, 1999 Apr. 15, 2003",2026-10-03
D21,D,DATO,Rumania fue designada el 09/01/2025 y la designación se rescindió el 02/05/2025 sin implementarse,Rescindida,"DHS, U.S. Visa Waiver Program (lista de países y requisitos)",P,https://www.dhs.gov/visa-waiver-program,data/raw/D_dhs_vwp_2026-10-03.html,1ca71c3f424a11ee,"Romania was designated on January 9, 2025 but that designation was not implemented before rescission on May 2, 2025",2026-10-03
D22,D,DATO,DHS justificó la rescisión de Rumania por su foco en seguridad fronteriza y migratoria (discrecionalidad),02/05/2025,"DHS, comunicado 02/05/2025, rescisión de la designación de Rumania en el VWP",P,https://www.dhs.gov/news/2025/05/02/dhs-announces-rescission-romanias-designation-visa-waiver-program,data/raw/D_dhs_romania_rescission_2025-05-02_2026-10-03.html,9e9209ec986bc23e,"given this Administration’s focus on border and immigration security, DHS decided that Romania’s designation should be rescinded",2026-10-03
D23,D,DATO,Chile fue designado país VWP el 28/02/2014,28/02/2014,"Federal Register 79 FR 17852 (31/03/2014), 'Designation of Chile for the Visa Waiver Program' (GPO/govinfo)",P,https://www.govinfo.gov/content/pkg/FR-2014-03-31/html/2014-07254.htm,data/raw/D_fr_2014-07254_chile_2026-10-03.html,a24c12a90f9e6899,"On February 28, 2014, the Secretary of Homeland Security, in consultation with the Secretary of State designated Chile as a country that is eligible to participate in the Visa Waiver Program",2026-10-03
D24,D,DATO,El Departamento de Estado nominó a Chile el 03/06/2013 (≈9 meses antes de la designación),03/06/2013,"Federal Register 79 FR 17852 (31/03/2014), 'Designation of Chile for the Visa Waiver Program' (GPO/govinfo)",P,https://www.govinfo.gov/content/pkg/FR-2014-03-31/html/2014-07254.htm,data/raw/D_fr_2014-07254_chile_2026-10-03.html,a24c12a90f9e6899,"The Secretary of State nominated Chile for participation in the VWP on June 3, 2013",2026-10-03
D25,D,DATO,La regla de designación de Chile rige desde el 31/03/2014,31/03/2014,"Federal Register 79 FR 17852 (31/03/2014), 'Designation of Chile for the Visa Waiver Program' (GPO/govinfo)",P,https://www.govinfo.gov/content/pkg/FR-2014-03-31/html/2014-07254.htm,data/raw/D_fr_2014-07254_chile_2026-10-03.html,a24c12a90f9e6899,"This final rule is effective on March 31, 2014.",2026-10-03
D26,D,DATO,Baja de Argentina (2002): crisis económica y aumento de argentinos que usaban el programa para vivir y trabajar ilegalmente,21/02/2002,"Federal Register 67 FR 7943 (21/02/2002), 'Termination of the Designation of Argentina' (GPO/govinfo)",P,https://www.govinfo.gov/content/pkg/FR-2002-02-21/html/02-4260.htm,data/raw/D_fr_02-4260_argentina_2026-10-03.html,9407a69b51b7046e,Due to the current economic crisis in Argentina and the increase in the number of Argentine nationals attempting to use the program to live and work illegally in the United States,2026-10-03
D27,D,DATO,En 2002 EE.UU. señaló falta de integridad en el proceso para obtener los documentos base del pasaporte argentino,Integridad documental,"Federal Register 67 FR 7943 (21/02/2002), 'Termination of the Designation of Argentina' (GPO/govinfo)",P,https://www.govinfo.gov/content/pkg/FR-2002-02-21/html/02-4260.htm,data/raw/D_fr_02-4260_argentina_2026-10-03.html,9407a69b51b7046e,"While the Argentine passport itself is a relatively secure document, the process for obtaining the documents to procure a passport lacks integrity, adding to the risk of successful organized smuggling of aliens into the United States",2026-10-03
D28,D,DATO,Declaración de intención DHS–Argentina para el reingreso al VWP (28/07/2025),28/07/2025,"DHS, comunicado 28/07/2025 'Secretary Noem Kickstarts Process for Argentina to Rejoin Visa Waiver Program'",P,https://www.dhs.gov/news/2025/07/28/secretary-noem-kickstarts-process-argentina-rejoin-visa-waiver-program,data/raw/D_dhs_argentina_vwp_2025-07-28_2026-10-03.html,fd5c067301de3499,signed a statement of intent to work toward Argentina’s reentry to the Visa Waiver Program (VWP),2026-10-03
D29,D,DATO,DHS (Sec. Noem) afirma que Argentina tiene la menor tasa de overstay de América Latina,Declaración DHS,"DHS, comunicado 28/07/2025 'Secretary Noem Kickstarts Process for Argentina to Rejoin Visa Waiver Program'",P,https://www.dhs.gov/news/2025/07/28/secretary-noem-kickstarts-process-argentina-rejoin-visa-waiver-program,data/raw/D_dhs_argentina_vwp_2025-07-28_2026-10-03.html,fd5c067301de3499,Argentina now has the lowest visa overstay rate in all of Latin America,2026-10-03
D30,D,DATO,DHS: la designación lleva tiempo; la declaración indica apoyo para que Argentina cumpla los criterios 'en los próximos años',Sin fecha,"DHS, comunicado 28/07/2025 'Secretary Noem Kickstarts Process for Argentina to Rejoin Visa Waiver Program'",P,https://www.dhs.gov/news/2025/07/28/secretary-noem-kickstarts-process-argentina-rejoin-visa-waiver-program,data/raw/D_dhs_argentina_vwp_2025-07-28_2026-10-03.html,fd5c067301de3499,"The Visa Waiver Program designation process takes time, as partners must meet strong security requirements, but the statement of intent indicates DHS’s support and commitment to working with Argentina as it works diligently to meet eligibility criteria in the coming years",2026-10-03
D31,D,DATO,Presidencia argentina: firma de la declaración de intención para el ingreso al Programa de Exención de Visas,28/07/2025,"Presidencia de la Nación, noticia 28/07/2025 (declaración de intención VWP)",P,https://www.argentina.gob.ar/noticias/argentina-y-estados-unidos-firmaron-una-declaracion-de-intencion-para-el-ingreso-al,data/raw/D_presidencia_declaracion_vwp_2025-07-28_2026-10-03.html,c5f7457d00013f7c,La República Argentina y los Estados Unidos de América firmaron una declaración de intención para el ingreso al Programa de Exención de Visas,2026-10-03
D32,D,DATO,"Overstay total FY2024, visitantes B1/B2, Argentina (países no VWP)","0,81%","DHS/CBP, Entry/Exit Overstay Report FY2024 (16/07/2025)",P,https://www.dhs.gov/sites/default/files/2025-08/25_0826_cbp_entry-exit-overstay-report-fiscal-year-2024.pdf,data/raw/D_dhs_overstay_report_FY2024_2026-10-03.pdf,86aa22068c6aafad,"ARGENTINA 594,000 221 4,580 4,801 0.81% 0.77%",2026-10-03
D33,D,DATO,"Overstay total FY2024, visitantes de negocios/turismo (VWP+B1/B2), Chile","2,32%","DHS/CBP, Entry/Exit Overstay Report FY2024 (16/07/2025)",P,https://www.dhs.gov/sites/default/files/2025-08/25_0826_cbp_entry-exit-overstay-report-fiscal-year-2024.pdf,data/raw/D_dhs_overstay_report_FY2024_2026-10-03.pdf,86aa22068c6aafad,"CHILE 438,861 1,109 9,088 10,197 2.32% 2.07%",2026-10-03
D34,D,DATO,"Overstay total FY2024, visitantes B1/B2, Uruguay","1,97%","DHS/CBP, Entry/Exit Overstay Report FY2024 (16/07/2025)",P,https://www.dhs.gov/sites/default/files/2025-08/25_0826_cbp_entry-exit-overstay-report-fiscal-year-2024.pdf,data/raw/D_dhs_overstay_report_FY2024_2026-10-03.pdf,86aa22068c6aafad,"URUGUAY 58,355 41 1,109 1,150 1.97% 1.90%",2026-10-03
D35,D,DATO,"Overstay total FY2024, visitantes B1/B2, Brasil","1,25%","DHS/CBP, Entry/Exit Overstay Report FY2024 (16/07/2025)",P,https://www.dhs.gov/sites/default/files/2025-08/25_0826_cbp_entry-exit-overstay-report-fiscal-year-2024.pdf,data/raw/D_dhs_overstay_report_FY2024_2026-10-03.pdf,86aa22068c6aafad,"BRAZIL 1,708,258 1,172 20,168 21,340 1.25% 1.18%",2026-10-03
D36,D,DATO,"Overstay total FY2023, visitantes B1/B2, Argentina","0,97%","DHS/CBP, Entry/Exit Overstay Report FY2023 (incluye FY2022 en anexo)",P,https://www.dhs.gov/sites/default/files/2024-10/24_1011_CBP-Entry-Exit-Overstay-Report-FY23-Data.pdf,data/raw/D_dhs_overstay_report_FY2023_2026-10-03.pdf,ddb8164021d1b642,"ARGENTINA 561,808 312 5,118 5,430 0.97% 0.91%",2026-10-03
D37,D,DATO,"Overstay total FY2023, visitantes de negocios/turismo, Chile","2,62%","DHS/CBP, Entry/Exit Overstay Report FY2023 (incluye FY2022 en anexo)",P,https://www.dhs.gov/sites/default/files/2024-10/24_1011_CBP-Entry-Exit-Overstay-Report-FY23-Data.pdf,data/raw/D_dhs_overstay_report_FY2023_2026-10-03.pdf,ddb8164021d1b642,"CHILE 466,799 1,347 10,886 12,233 2.62% 2.33%",2026-10-03
D38,D,DATO,"Overstay total FY2022, visitantes B1/B2, Argentina","1,38%","DHS/CBP, Entry/Exit Overstay Report FY2023 (incluye FY2022 en anexo)",P,https://www.dhs.gov/sites/default/files/2024-10/24_1011_CBP-Entry-Exit-Overstay-Report-FY23-Data.pdf,data/raw/D_dhs_overstay_report_FY2023_2026-10-03.pdf,ddb8164021d1b642,"ARGENTINA 354,225 315 4,560 4,875 1.38% 1.29%",2026-10-03
D39,D,DATO,"Overstay total FY2022, visitantes de negocios/turismo, Chile","2,97%","DHS/CBP, Entry/Exit Overstay Report FY2023 (incluye FY2022 en anexo)",P,https://www.dhs.gov/sites/default/files/2024-10/24_1011_CBP-Entry-Exit-Overstay-Report-FY23-Data.pdf,data/raw/D_dhs_overstay_report_FY2023_2026-10-03.pdf,ddb8164021d1b642,"CHILE 390,806 1,280 10,309 11,589 2.97% 2.64%",2026-10-03
D40,D,DATO,Overstay total de países VWP (visitantes de negocios/turismo) FY2024,"0,49%","DHS/CBP, Entry/Exit Overstay Report FY2024 (16/07/2025)",P,https://www.dhs.gov/sites/default/files/2025-08/25_0826_cbp_entry-exit-overstay-report-fiscal-year-2024.pdf,data/raw/D_dhs_overstay_report_FY2024_2026-10-03.pdf,86aa22068c6aafad,The Fiscal Year 2024 Visa Waiver Program countries’ total overstay rate is 0.49 percent,2026-10-03
D41,D,DATO,Canadá: Argentina es país con visa requerida; algunos ciudadanos pueden usar eTA si cumplen requisitos,Visa / eTA condicional,"IRCC (Gobierno de Canadá), Entry requirements by country/territory",P,https://www.canada.ca/en/immigration-refugees-citizenship/services/visit-canada/entry-requirements-country.html,data/raw/D_ircc_entry_requirements_2026-10-03.html,9fc178cbd8c8928d,Argentina (Some citizens of Argentina may be eligible for an eTA if they meet certain requirements .),2026-10-03
D42,D,DATO,Canadá: Chile figura entre los países que solo requieren eTA (sin visa),eTA (sin visa),"IRCC (Gobierno de Canadá), Entry requirements by country/territory",P,https://www.canada.ca/en/immigration-refugees-citizenship/services/visit-canada/entry-requirements-country.html,data/raw/D_ircc_entry_requirements_2026-10-03.html,9fc178cbd8c8928d,Brunei Darussalam Bulgaria Chile Croatia,2026-10-03
D43,D,DATO,"Canadá: lista de países con visa requerida elegibles para eTA (incluye AR, BR, MX, UY)",eTA condicional,"IRCC (Gobierno de Canadá), Entry requirements by country/territory",P,https://www.canada.ca/en/immigration-refugees-citizenship/services/visit-canada/entry-requirements-country.html,data/raw/D_ircc_entry_requirements_2026-10-03.html,9fc178cbd8c8928d,Eligible visa-required countries Antigua and Barbuda Argentina Brazil Costa Rica Indonesia Malaysia Mexico Morocco Panama Philippines St. Kitts and Nevis St. Lucia St. Vincent and the Grenadines Seychelles Thailand Trinidad and Tobago Uruguay,2026-10-03
D44,D,ESTIMACIÓN,Cantidad de países con designación VWP vigente según la lista DHS (Chile es el único de América Latina),42,"DHS, U.S. Visa Waiver Program (lista de países y requisitos)",P,https://www.dhs.gov/visa-waiver-program,data/raw/D_dhs_vwp_2026-10-03.html,1ca71c3f424a11ee,Conteo de fechas 'VWP Travel Began' entre 'Current Program Countries' y 'Former Program Countries' (incluye D18),2026-10-03
D60,D,ESTIMACIÓN,"Destinos sin visa previa del pasaporte de Argentina (definición del Módulo B, B36) y puesto entre 199 pasaportes",148 de 198; puesto 45,"Passport Index Data (imorte/passport-index-data, MIT, actualizado 17/02/2026; compilado a partir de passportindex.org; copia del Módulo B)",R,https://raw.githubusercontent.com/imorte/passport-index-data/main/passport-index-tidy-iso3.csv,data/raw/B_passportindex_tidy_iso3_2026-10-03.csv,999f237085ad29ac,"Passport=ARG; Requirement ∈ {número de días, 'visa free', 'visa on arrival', 'eta'}; count=148; puesto=1+#(pasaportes con count mayor)",2026-10-03
D61,D,ESTIMACIÓN,"Destinos sin visa previa del pasaporte de Chile (definición del Módulo B, B36) y puesto entre 199 pasaportes",148 de 198; puesto 45,"Passport Index Data (imorte/passport-index-data, MIT, actualizado 17/02/2026; compilado a partir de passportindex.org; copia del Módulo B)",R,https://raw.githubusercontent.com/imorte/passport-index-data/main/passport-index-tidy-iso3.csv,data/raw/B_passportindex_tidy_iso3_2026-10-03.csv,999f237085ad29ac,"Passport=CHL; Requirement ∈ {número de días, 'visa free', 'visa on arrival', 'eta'}; count=148; puesto=1+#(pasaportes con count mayor)",2026-10-03
D62,D,ESTIMACIÓN,"Destinos sin visa previa del pasaporte de Uruguay (definición del Módulo B, B36) y puesto entre 199 pasaportes",137 de 198; puesto 53,"Passport Index Data (imorte/passport-index-data, MIT, actualizado 17/02/2026; compilado a partir de passportindex.org; copia del Módulo B)",R,https://raw.githubusercontent.com/imorte/passport-index-data/main/passport-index-tidy-iso3.csv,data/raw/B_passportindex_tidy_iso3_2026-10-03.csv,999f237085ad29ac,"Passport=URY; Requirement ∈ {número de días, 'visa free', 'visa on arrival', 'eta'}; count=137; puesto=1+#(pasaportes con count mayor)",2026-10-03
D63,D,ESTIMACIÓN,"Destinos sin visa previa del pasaporte de Brasil (definición del Módulo B, B36) y puesto entre 199 pasaportes",149 de 198; puesto 44,"Passport Index Data (imorte/passport-index-data, MIT, actualizado 17/02/2026; compilado a partir de passportindex.org; copia del Módulo B)",R,https://raw.githubusercontent.com/imorte/passport-index-data/main/passport-index-tidy-iso3.csv,data/raw/B_passportindex_tidy_iso3_2026-10-03.csv,999f237085ad29ac,"Passport=BRA; Requirement ∈ {número de días, 'visa free', 'visa on arrival', 'eta'}; count=149; puesto=1+#(pasaportes con count mayor)",2026-10-03
D64,D,ESTIMACIÓN,"Destinos sin visa previa del pasaporte de México (definición del Módulo B, B36) y puesto entre 199 pasaportes",136 de 198; puesto 54,"Passport Index Data (imorte/passport-index-data, MIT, actualizado 17/02/2026; compilado a partir de passportindex.org; copia del Módulo B)",R,https://raw.githubusercontent.com/imorte/passport-index-data/main/passport-index-tidy-iso3.csv,data/raw/B_passportindex_tidy_iso3_2026-10-03.csv,999f237085ad29ac,"Passport=MEX; Requirement ∈ {número de días, 'visa free', 'visa on arrival', 'eta'}; count=136; puesto=1+#(pasaportes con count mayor)",2026-10-03
D65,D,DATO,Requisito de entrada a EE.UU. para el pasaporte de Argentina (Passport Index Data),visa required,"Passport Index Data (imorte/passport-index-data, MIT, actualizado 17/02/2026; compilado a partir de passportindex.org; copia del Módulo B)",R,https://raw.githubusercontent.com/imorte/passport-index-data/main/passport-index-tidy-iso3.csv,data/raw/B_passportindex_tidy_iso3_2026-10-03.csv,999f237085ad29ac,Passport=ARG; Destination=USA; Requirement=visa required,2026-10-03
D66,D,DATO,Requisito de entrada a EE.UU. para el pasaporte de Chile (Passport Index Data),eta,"Passport Index Data (imorte/passport-index-data, MIT, actualizado 17/02/2026; compilado a partir de passportindex.org; copia del Módulo B)",R,https://raw.githubusercontent.com/imorte/passport-index-data/main/passport-index-tidy-iso3.csv,data/raw/B_passportindex_tidy_iso3_2026-10-03.csv,999f237085ad29ac,Passport=CHL; Destination=USA; Requirement=eta,2026-10-03
D67,D,DATO,Requisito de entrada a Canadá para el pasaporte de Argentina (Passport Index Data),visa required,"Passport Index Data (imorte/passport-index-data, MIT, actualizado 17/02/2026; compilado a partir de passportindex.org; copia del Módulo B)",R,https://raw.githubusercontent.com/imorte/passport-index-data/main/passport-index-tidy-iso3.csv,data/raw/B_passportindex_tidy_iso3_2026-10-03.csv,999f237085ad29ac,Passport=ARG; Destination=CAN; Requirement=visa required,2026-10-03
D68,D,DATO,Requisito de entrada a Canadá para el pasaporte de Chile (Passport Index Data),eta,"Passport Index Data (imorte/passport-index-data, MIT, actualizado 17/02/2026; compilado a partir de passportindex.org; copia del Módulo B)",R,https://raw.githubusercontent.com/imorte/passport-index-data/main/passport-index-tidy-iso3.csv,data/raw/B_passportindex_tidy_iso3_2026-10-03.csv,999f237085ad29ac,Passport=CHL; Destination=CAN; Requirement=eta,2026-10-03
D70,D,DATO,FinCEN (2014): el CBI de St. Kitts y Nevis atraía a actores ilícitos por controles laxos sobre quién recibía la ciudadanía,20/05/2014,"FinCEN (Tesoro de EE.UU.), Advisory FIN-2014-A004 sobre el CBI de St. Kitts y Nevis (20/05/2014; rescindido 24/02/2026)",P,https://www.fincen.gov/resources/advisories/fincen-advisory-fin-2014-a004,data/raw/D_fincen_FIN-2014-A004_2026-10-03.html,d8ebdd3a81239c44,"the SKN program is attractive to illicit actors because the program, as administered, maintains lax controls as to who may be granted citizenship",2026-10-03
D71,D,DATO,FinCEN (2014): pasaportes CBI usados para ocultar identidad y origen geográfico y evadir sanciones,20/05/2014,"FinCEN (Tesoro de EE.UU.), Advisory FIN-2014-A004 sobre el CBI de St. Kitts y Nevis (20/05/2014; rescindido 24/02/2026)",P,https://www.fincen.gov/resources/advisories/fincen-advisory-fin-2014-a004,data/raw/D_fincen_FIN-2014-A004_2026-10-03.html,d8ebdd3a81239c44,illicit actors are abusing this program to acquire SKN citizenship in order to mask their identity and geographic background for the purpose of evading U.S. or international sanctions,2026-10-03
D72,D,DATO,Contrapeso: FinCEN rescindió ese advisory el 24/02/2026,24/02/2026,"FinCEN (Tesoro de EE.UU.), Advisory FIN-2014-A004 sobre el CBI de St. Kitts y Nevis (20/05/2014; rescindido 24/02/2026)",P,https://www.fincen.gov/resources/advisories/fincen-advisory-fin-2014-a004,data/raw/D_fincen_FIN-2014-A004_2026-10-03.html,d8ebdd3a81239c44,UPDATE [2/24/2026]: This Advisory has been rescinded.,2026-10-03
D73,D,DATO,Reino Unido (2023) impuso visa a Dominica y Vanuatu por abuso de sus programas CBI,19/07/2023,"UK Home Office, Explanatory Memorandum to the Statement of Changes in Immigration Rules HC 1715 (19/07/2023)",P,https://assets.publishing.service.gov.uk/government/uploads/system/uploads/attachment_data/file/1184544/E02946704_-__HC_1715__-_EXPLANATORY_MEMORANDUM__Web_Accessible_.pdf,data/raw/D_uk_hc1715_explanatory_memorandum_2026-10-03.pdf,43f1500e0bdd40b0,"Careful consideration of Dominica’s and Vanuatu’s operation of a citizenship by investment scheme has shown clear and evident abuse of the scheme, including the granting of citizenship to individuals known to pose a risk to the UK",2026-10-03
E01,E,DATO,Pico diario de vistas del artículo 'Argentina' (Wikipedia en inglés): día de la final de Qatar,564.280,"Wikimedia Pageviews API, agent=user, all-access, diaria",P,https://wikimedia.org/api/rest_v1/metrics/pageviews/per-article/en.wikipedia/all-access/user/Argentina/daily/20150701/20261002,data/raw/E_wikimedia_pv_en_Argentina_2026-10-03.json,c0d8bb13584a443c,items[timestamp=2022121800].views; valor=564280,2026-10-03
E02,E,DATO,"Vistas del artículo 'Argentina' (en) el 19/07/2026, día de la final del Mundial 2026 (2.º mayor registro diario de la serie)",218.272,"Wikimedia Pageviews API, agent=user, all-access, diaria",P,https://wikimedia.org/api/rest_v1/metrics/pageviews/per-article/en.wikipedia/all-access/user/Argentina/daily/20150701/20261002,data/raw/E_wikimedia_pv_en_Argentina_2026-10-03.json,c0d8bb13584a443c,items[timestamp=2026071900].views; valor=218272,2026-10-03
E03,E,ESTIMACIÓN,"Vistas diarias del artículo 'Argentina' (en), media geométrica sin días de torneo, frente a ene–oct 2022","2023 +27,1%; 2025 -11,2%; ago–sep 2026 -25,1%","Wikimedia Pageviews API, agent=user, all-access, diaria",P,https://wikimedia.org/api/rest_v1/metrics/pageviews/per-article/en.wikipedia/all-access/user/Argentina/daily/20150701/20261002,data/processed/E_atencion_ventanas.csv,125e979ca571f854,exp(mean(log(vistas))) por ventana / misma métrica en ene–oct 2022 − 1; insumo E01 (misma serie); ventanas en E_atencion_ventanas.csv,2026-10-03
E04,E,ESTIMACIÓN,"Los artículos de control (Chile, Uruguay, Brazil, Colombia, en) también caen: promedio simple de sus variaciones 2025 vs ene–oct 2022","-15,2%","Wikimedia Pageviews API, agent=user, all-access, diaria",P,https://wikimedia.org/api/rest_v1/metrics/pageviews/per-article/en.wikipedia/all-access/user/Chile/daily/20150701/20261002,data/processed/E_atencion_ventanas.csv,125e979ca571f854,"promedio de gm_{cl,uy,br,co}_en_vs_base_pct, fila 2025",2026-10-03
E05,E,ESTIMACIÓN,"Atención relativa a 'Argentina' (en) vs controles, índice ene–oct 2022 = 100","2023 +19,2%; 2024 +10,6%; 2025 +4,7%; ago–sep 2026 -1,7%","Wikimedia Pageviews API, agent=user, all-access, diaria",P,https://wikimedia.org/api/rest_v1/metrics/pageviews/per-article/en.wikipedia/all-access/user/Argentina/daily/20150701/20261002,data/processed/E_atencion_ventanas.csv,125e979ca571f854,"exp(mean(D_en)) por ventana / base − 1, con D_en = log(vistas Argentina) − media(log vistas controles); sin días de torneo",2026-10-03
E06,E,ESTIMACIÓN,Atención relativa 2025 vs ene–oct 2022 en otros idiomas (es: vs Chile/Uruguay/Brasil/Colombia; de: ídem),"es -11,7%; de +13,6%","Wikimedia Pageviews API, agent=user, all-access, diaria",P,https://wikimedia.org/api/rest_v1/metrics/pageviews/per-article/es.wikipedia/all-access/user/Argentina/daily/20150701/20261002,data/processed/E_atencion_ventanas.csv,125e979ca571f854,Ídem E05 con D_es y D_de,2026-10-03
E07,E,ESTIMACIÓN,ITS segmentada (D_en): salto de nivel tras la final de Qatar y cambio de pendiente posterior; fecha en que el efecto se anula,"nivel +22,4% [IC95 +9,8%; +36,4%]; pendiente -8,3 pp log/año (p=0.000/0.000); efecto neto ≈ 0 hacia 05/2025","Regresión propia sobre Wikimedia Pageviews API, agent=user, all-access, diaria",P,https://wikimedia.org/api/rest_v1/metrics/pageviews/per-article/en.wikipedia/all-access/user/Argentina/daily/20150701/20261002,data/processed/E_its_resultados.csv,6b89ded257ba8d79,OLS D_en ~ tendencia + nivel_qatar + pendiente_qatar + pulsos de torneos + dummies mes y día; HAC Newey-West 30 rezagos; fecha cero = 18/12/2022 + (−nivel/pendiente) años,2026-10-03
E08,E,ESTIMACIÓN,ITS multievento (D_en): cambios de nivel acumulativos por evento,"qatar +22,6% (p=0.02); messi -9,6% (p=0.23); balotaje -2,8% (p=0.46); cepo -10,3% (p=0.00)","Regresión propia sobre Wikimedia Pageviews API, agent=user, all-access, diaria",P,https://wikimedia.org/api/rest_v1/metrics/pageviews/per-article/en.wikipedia/all-access/user/Argentina/daily/20150701/20261002,data/processed/E_its_resultados.csv,6b89ded257ba8d79,"OLS D_en ~ tendencia + escalones (qatar 18/12/22, messi 15/07/23, balotaje 19/11/23, cepo 14/04/25) + pulsos + mes + día; HAC 30",2026-10-03
E09,E,ESTIMACIÓN,Robustez por idioma (M2): escalón Qatar y escalón post-cepo en en/es/de,"D_en qatar +22,6%; D_en cepo -10,3%; D_es qatar +10,0%; D_es cepo -8,1%; D_de qatar +28,3%; D_de cepo -9,8%","Regresión propia sobre Wikimedia Pageviews API, agent=user, all-access, diaria",P,https://wikimedia.org/api/rest_v1/metrics/pageviews/per-article/de.wikipedia/all-access/user/Argentinien/daily/20150701/20261002,data/processed/E_its_resultados.csv,6b89ded257ba8d79,Ídem E08 para D_es y D_de,2026-10-03
E10,E,ESTIMACIÓN,"Quiebres estructurales sin fecha a priori (Binseg l2 + BIC, semanal, D_en sin semanas de torneo)","2021-05-23 (+26,2%, evento más cercano: qatar a -574 d); 2021-09-26 (-16,9%, evento más cercano: qatar a -448 d); 2022-11-20 (+23,6%, evento más cercano: qatar a -28 d); 2024-01-07 (-11,5%, evento más cercano: asuncion a 28 d); 2025-01-12 (-6,8%, evento más cercano: cepo a -92 d)","Cálculo propio sobre Wikimedia Pageviews API, agent=user, all-access, diaria",P,https://wikimedia.org/api/rest_v1/metrics/pageviews/per-article/en.wikipedia/all-access/user/Argentina/daily/20150701/20261002,data/processed/E_quiebres.csv,85a4e28ee0a20705,"ruptures.Binseg(model='l2', min_size=12); K = argmin n·ln(RSS/n) + (2K+1)·ln(n), K≤10",2026-10-03
E11,E,DATO,Google Trends EE.UU.: interés en 'Argentina' (índice 0–100 relativo al máximo del período 2004–2026),dic-2022 = 49; jul-2026 = 100; sep-2026 = 7,"Google Trends vía pytrends (geo=US, date=all)",R,"https://trends.google.com/trends/explore?date=all&geo=US&q=Argentina,Buenos%20Aires,Chile,Uruguay,Colombia",data/raw/E_gtrends_us_2026-10-03.csv,76423e07a5756a5b,date=2022-12-01/2026-07-01/2026-09-01; Argentina=49/100/7,2026-10-03
E12,E,ESTIMACIÓN,"Google Trends EE.UU.: cociente Argentina / promedio(Chile, Uruguay, Colombia) sin meses de torneo, vs ene–oct 2022","2023 (sin dic-22) +20,9%; 2024 (sin Copa América) +13,5%; 2025 +26,9%; 2026 ago–sep (post-Mundial) +14,8%",Cálculo propio sobre Google Trends,R,"https://trends.google.com/trends/explore?date=all&geo=US&q=Argentina,Buenos%20Aires,Chile,Uruguay,Colombia",data/processed/E_google_trends_ventanas.csv,370a9c3dc5158966,"media mensual de Argentina/mean(Chile,Uruguay,Colombia) por ventana / base − 1; insumo E11",2026-10-03
E13,E,ESTIMACIÓN,"Llegadas de turistas residentes en EE.UU. y Canadá, total país (DNM, todas las vías), suma anual","2019 533.228; 2023 614.034; 2024 624.168; 2025 562.219 (-9,9% vs 2024)",datos.yvera.gob.ar — Turismo internacional total país (DNM),P,https://datos.yvera.gob.ar/dataset/4cbf7d4a-702a-4911-8c1e-717a45214902/resource/fdfe0ae4-4acc-4421-aa48-6149a02bc615/download/turistas-no-residentes-serie.csv,data/raw/E_yvera_dnm_turistas_no_residentes_2026-10-03.csv,1030249c3eb8ff3f,"suma de viajes_de_turistas_no_residentes con pais_origen='EE.UU. y Canadá' (3 medios), por año calendario",2026-10-03
E14,E,ESTIMACIÓN,Llegadas EE.UU.+Canadá ene–ago 2026 vs ene–ago 2025 (2025–26 = dato provisorio),"439.068 vs 374.714 (+17,2%); ene–ago 2019: 362.994",datos.yvera.gob.ar — DNM,P,https://datos.yvera.gob.ar/dataset/4cbf7d4a-702a-4911-8c1e-717a45214902/resource/fdfe0ae4-4acc-4421-aa48-6149a02bc615/download/turistas-no-residentes-serie.csv,data/raw/E_yvera_dnm_turistas_no_residentes_2026-10-03.csv,1030249c3eb8ff3f,suma ene–ago por año; insumo E13,2026-10-03
E15,E,ESTIMACIÓN,Recuperación vs 2019: llegadas EE.UU.+Canadá a Argentina vs salidas aéreas de ciudadanos de EE.UU. a Sudamérica (NTTO),"Argentina 2023 +15,2%, 2025 +5,4%; EE.UU.→Sudamérica 2023 +29,9%, 2025 +40,8%",DNM (yvera) y NTTO trade.gov,P,https://www.trade.gov/sites/default/files/2024-02/US-Outbound-to-World-Regions.xlsx,data/raw/E_ntto_us_outbound_regiones_2026-10-03.xlsx,013259113aa4d66b,suma anual / suma 2019 − 1 para cada serie; NTTO: primera fila 'South America' de cada hoja anual; insumo E13,2026-10-03
E16,E,DATO,"Llegadas por vía aérea de residentes en EE.UU. y Canadá, agosto 2026, total país (dato provisorio)",26.996,datos.yvera.gob.ar — DNM,P,https://datos.yvera.gob.ar/dataset/4cbf7d4a-702a-4911-8c1e-717a45214902/resource/fdfe0ae4-4acc-4421-aa48-6149a02bc615/download/turistas-no-residentes-serie.csv,data/raw/E_yvera_dnm_turistas_no_residentes_2026-10-03.csv,1030249c3eb8ff3f,indice_tiempo=2026-08-01; medio_de_transporte=Aérea; pais_origen=EE.UU. y Canadá; viajes_de_turistas_no_residentes=26996,2026-10-03
E17,E,DATO,"INDEC ETI 2025T1, Ezeiza y Aeroparque, turismo receptivo de residentes en EE.UU. y Canadá: turistas (miles), var. i.a., estadía, gasto diario, gasto total","123,9 mil (-11,6%); estadía 12,1 n; gasto diario USD 102,0; gasto total USD 153,4 M (+0,1%)","INDEC, Estadísticas de turismo internacional (2025T1)",P,https://www.indec.gob.ar/uploads/informesdeprensa/eti_04_257F79FE4B90.pdf,data/raw/E_indec_eti_2025T1_2026-10-03.pdf,08856315fbb3bc58,"Estados Unidos y Canadá 123,9 -11,6 12,1 -17,6 102,0 37,4 153.356,9 0,1",2026-10-03
E18,E,DATO,"INDEC ETI 2025T3, Ezeiza y Aeroparque, turismo receptivo de residentes en EE.UU. y Canadá: turistas (miles), var. i.a., estadía, gasto diario, gasto total","53,0 mil (-3,9%); estadía 13,6 n; gasto diario USD 88,0; gasto total USD 63,6 M (-6,8%)","INDEC, Estadísticas de turismo internacional (2025T3)",P,https://www.indec.gob.ar/uploads/informesdeprensa/eti_10_250B9725FF40.pdf,data/raw/E_indec_eti_2025T3_2026-10-03.pdf,e5ae79d7a08b44fe,"Estados Unidos y Canadá 53,0 -3,9 13,6 -18,1 88,0 18,2 63.572,2 -6,8",2026-10-03
E19,E,DATO,"INDEC ETI 2026T1, Ezeiza y Aeroparque, turismo receptivo de residentes en EE.UU. y Canadá: turistas (miles), var. i.a., estadía, gasto diario, gasto total","159,8 mil (+28,9%); estadía 12,9 n; gasto diario USD 113,1; gasto total USD 233,7 M (+52,4%)","INDEC, Estadísticas de turismo internacional (2026T1)",P,https://www.indec.gob.ar/uploads/informesdeprensa/eti_04_261D31E891A2.pdf,data/raw/E_indec_eti_2026T1_2026-10-03.pdf,eb77c441c6c44923,"Estados Unidos y Canadá 159,8 28,9 12,9 6,5 113,1 10,9 233,7 52,4",2026-10-03
E20,E,DATO,"INDEC ETI 2026T2, Ezeiza y Aeroparque, turismo receptivo de residentes en EE.UU. y Canadá: turistas (miles), var. i.a., estadía, gasto diario, gasto total","77,0 mil (+33,8%); estadía 14,8 n; gasto diario USD 97,9; gasto total USD 111,8 M (+31,6%)","INDEC, Estadísticas de turismo internacional (2026T2)",P,https://www.indec.gob.ar/uploads/informesdeprensa/eti_07_2611F2D28020.pdf,data/raw/E_indec_eti_2026T2_2026-10-03.pdf,88ff8d0849c53ada,"Estados Unidos y Canadá 77,0 33,8 14,8 6,5 97,9 -8,5 111,8 31,6",2026-10-03
E21,E,DATO,Ente de Turismo CABA: llegadas de turistas estadounidenses a la Ciudad en 2025 (puesto #3) y variación interanual,284.609 (−11% i.a.),"Ente de Turismo de la Ciudad de Buenos Aires, Perfil de mercado EE.UU. 2025",P,https://turismo.buenosaires.gob.ar/sites/turismo/files/eeuu_perfiles_internacionales_2025.pdf,data/raw/E_caba_perfil_eeuu_2025_2026-10-03.pdf,9da3ac5a16aab753,284.609 | (-11% i.a.) | LLEGADAS DE TURISTAS ESTADOUNIDENSE EN 2025,2026-10-03
E22,E,DATO,"Tipo de cambio real bilateral con EE.UU. (BCRA, prom. mensual, base 17-12-15=100; más alto = Argentina más barata)","dic-2022 104,8; ene-2024 146,6; abr-2025 95,4; sep-2026 93,2","BCRA, ITCRMSerie.xlsx, hoja 'ITCRM y bilaterales prom. mens.'",P,https://www.bcra.gob.ar/archivos/Pdfs/PublicacionesEstadisticas/ITCRMSerie.xlsx,data/raw/E_bcra_itcrm_serie_2026-10-03.xlsx,a68e2faf596daee3,hoja 'ITCRM y bilaterales prom. mens.'; columna 'ITCRB Estados Unidos'; período 2024-01-31; valor=146.57639667337043; período 2026-09-30 -> 93.21492261539778,2026-10-03
E23,E,ESTIMACIÓN,Modelo de turismo: elasticidad de llegadas EE.UU.+Canadá al ITCR bilateral (t−1) y escalón post-Qatar,"elasticidad 0,38 [IC95 0,17; 0,59]; post-Qatar +17,3% (p=0.07); con control de demanda NTTO: +9,2% (p=0.35)","Regresión propia (DNM, BCRA, NTTO)",P,https://datos.yvera.gob.ar/dataset/4cbf7d4a-702a-4911-8c1e-717a45214902/resource/fdfe0ae4-4acc-4421-aa48-6149a02bc615/download/turistas-no-residentes-serie.csv,data/processed/E_turismo_modelo.csv,2de9c3c39556635a,"OLS log(llegadas) ~ log(ITCRB_EEUU t−1) + tendencia + post_qatar(2023-01) + post_milei(2023-12) + post_cepo(2025-04) + mundial26 + mes; 2014-01..2026-08 sin 2020-03..2022-03; HAC 12; insumos E13, E22",2026-10-03
E24,E,DATO,"Población nacida en Argentina residente en EE.UU. (ACS 1 año, B05006), estimación ± MOE 90%",2010 171.534 ± 10.446; 2019 210.767 ± 12.502; 2024 210.909 ± 10.712,"U.S. Census Bureau, ACS 1-year Summary File, tabla B05006",P,https://www2.census.gov/programs-surveys/acs/summary_file/2024/table-based-SF/data/1YRData/acsdt1y2024-b05006.dat,data/raw/E_acs_2024_1yr_b05006_2026-10-03.dat,46e87dd6372a784d,"data/raw/E_acs_2024_1yr_b05006_2026-10-03.dat :: GEO_ID=0100000US; columna B05006_E165; valor=210909; 2019: data/raw/E_acs_2019_1yr_us_seq0011_2026-10-03.zip :: B05006_155 (col 160, LOGRECNO 0000001); valor=210767",2026-10-03
E25,E,ESTIMACIÓN,Cambio de la población nacida en Argentina 2022→2024 (ACS) y su significancia,"+7,4% (z = 1.50; |z|<1,96: no significativo)",Cálculo propio sobre ACS B05006,P,https://www2.census.gov/programs-surveys/acs/summary_file/2024/table-based-SF/data/1YRData/acsdt1y2024-b05006.dat,data/processed/E_diaspora_acs_b05006.csv,21866e205430cca3,"z = (est2024 − est2022) / sqrt(SE2024² + SE2022²), SE = MOE/1,645; insumo E24",2026-10-03
E26,E,DATO,"Residencias permanentes (LPR) otorgadas a nacidos en Argentina, por año fiscal (DHS, Tabla 3)",FY2019 3.930; FY2022 4.130; FY2023 5.050; FY2024 5.710,"DHS OHSS, Yearbook of Immigration Statistics FY2024, LPR Tabla 3",P,https://ohss.dhs.gov/system/files/2026-06/2026_0604_ohss_yearbook_lawful_permanent_residents_fy2024.xlsx,data/raw/E_ohss_lpr_fy2024_2026-10-03.xlsx,19c500a6e6445e73,hoja 'Table 3'; fila 'Argentina'; columnas 2019/2022/2023/2024 -> 3930/4130/5050/5710; valor=5710,2026-10-03
E27,E,DATO,"Naturalizaciones de nacidos en Argentina, por año fiscal (DHS, Tabla 22)",FY2019 3.960; FY2024 3.330,"DHS OHSS, Yearbook FY2024, Naturalizations Tabla 22",P,https://ohss.dhs.gov/system/files/2026-06/2026_0604_ohss_yearbook_naturalizations_fy2024.xlsx,data/raw/E_ohss_natz_fy2024_2026-10-03.xlsx,84e28f282ac7f6e3,hoja 'Table 22'; fila 'Argentina'; columnas 2019/2024 -> 3960/3330; valor=3330,2026-10-03
E28,E,DATO,"Salida (parcial) del cepo: la Com. BCRA ""A"" 8226 del 11/04/2025 rige desde el 14/04/2025 y habilita a personas humanas a comprar moneda extranjera sin conformidad previa",14/04/2025,"BCRA, Comunicación ""A"" 8226",P,https://www.bcra.gob.ar/archivos/Pdfs/comytexord/A8226.pdf,data/raw/E_bcra_com_A8226_2026-10-03.pdf,5eb40c2773eeb805,"COMUNICACIÓN “A” 8226 11/04/2025 | con vigencia a partir del 14/04/25 | las entidades podrán dar acceso al mercado de cambios a las personas humanas residentes, sin conformidad previa",2026-10-03
E29,E,DATO,NTTO: el detalle I-92/APIS por país de destino es de pago (no hay serie pública EE.UU.→Argentina),USD 150 a USD 5.795,"NTTO / trade.gov, página del programa I-92",P,https://www.trade.gov/us-international-air-travel-statistics-i-92-data,data/raw/E_ntto_i92_pagina_2026-10-03.html,a6b8a0e2e2156946,"The prices range from $150, for a single monthly print-file issue to $5,795 for an annual subscription",2026-10-03
E30,E,ESTIMACIÓN,Estadía media de residentes de EE.UU. y Canadá en Ezeiza+Aeroparque (promedio simple de los 12 meses),"2019 12,9 noches; 2025 13,2 noches",datos.yvera.gob.ar — INDEC ETI mensual,P,https://datos.yvera.gob.ar/dataset/78b880c1-50d5-4a0c-9c87-7350e70548c2/resource/32cd65c4-7558-48cf-a8ac-bbb07147b5a1/download/turistas_pernoctes_estadia_media_turistas_no_residentes_por_residencia_ezeiza_aeroparque_mensual.csv,data/raw/E_yvera_eti_no_residentes_mensual_2026-10-03.csv,0962005c7ed7612e,"promedio de estadia_media_no_residentes, pais_de_residencia='EE.UU y Canadá', ene–dic de cada año",2026-10-03
E31,E,ESTIMACIÓN,Parte de la caída 2025 de llegadas EE.UU.+Canadá atribuible a la apreciación real del peso (elasticidad del modelo T1),"Δlog ITCRB EE.UU. (t−1) 2025 vs 2024 = -0,093 → efecto -3,5% vs caída observada -9,9%","Cálculo propio (BCRA, DNM)",P,https://www.bcra.gob.ar/archivos/Pdfs/PublicacionesEstadisticas/ITCRMSerie.xlsx,data/processed/E_turismo_modelo.csv,2de9c3c39556635a,"exp(elasticidad_T1 × (media 2025 − media 2024 de log ITCRB_EEUU t−1)) − 1; insumos E22, E23, E13",2026-10-03
E32,E,HIPÓTESIS,Veredicto sobre la tesis 'Argentina es más popular desde Qatar 2022',"SE SOSTIENE PARCIALMENTE. A favor: escalón post-Qatar en la atención relativa (E07–E09) e interés relativo en Google EE.UU. todavía +27% sobre la base en 2025 (E12). En contra: en Wikipedia (en) la atención relativa volvió a la base (-1,7% en ago–sep 2026, E05) y en valores absolutos está por debajo de 2022 (E03); el turismo EE.UU.+Canadá creció +5% vs 2019 contra +41% del viaje de EE.UU. a Sudamérica (E15) y cayó en 2025 (E13, E21)",Síntesis de E03–E31,—,,,,"Síntesis de E03, E05, E07, E08, E09, E10, E12, E13, E15, E21, E23, E31, E33; ver docs/modulos/E_popularidad.md, sección Veredicto",2026-10-03
E33,E,ESTIMACIÓN,"Participación de EE.UU.+Canadá en el total de turistas no residentes (DNM, total país) — el mercado norteamericano resistió mejor que el total, que cayó por Brasil/Chile/limítrofes","2019 7,2%; 2023 8,4%; 2025 9,9% (total no residentes 2025 -23,2% vs 2019)",datos.yvera.gob.ar — DNM,P,https://datos.yvera.gob.ar/dataset/4cbf7d4a-702a-4911-8c1e-717a45214902/resource/fdfe0ae4-4acc-4421-aa48-6149a02bc615/download/turistas-no-residentes-serie.csv,data/raw/E_yvera_dnm_turistas_no_residentes_2026-10-03.csv,1030249c3eb8ff3f,suma anual EE.UU. y Canadá / suma anual de todos los orígenes; insumo E13,2026-10-03
F001,F,DATO,"WGI Rule of Law: estimación de Argentina (escala aprox. −2,5 a +2,5)",-0.10 (2025),"Banco Mundial, Worldwide Governance Indicators (API Data360), Rule of Law",P,"https://data360api.worldbank.org/data360/data?DATABASE_ID=WB_WGI&INDICATOR=GOV_WGI_RL&REF_AREA=ARG,NZL,URY,CHL,PRT,CAN&COMP_BREAKDOWN_1=WGI_EST,WGI_SC",data/raw/F_wb360_wgi_rl_2026-10-03.json,b1e1a9cf21c94f3b,archivo JSON Data360; INDICATOR=GOV_WGI_RL; REF_AREA=ARG; COMP_BREAKDOWN_1=WGI_EST; TIME_PERIOD=2025; OBS_VALUE=-0.102398,2026-10-03
F002,F,DATO,"WGI Rule of Law: estimación de Nueva Zelanda (escala aprox. −2,5 a +2,5)",1.66 (2025),"Banco Mundial, Worldwide Governance Indicators (API Data360), Rule of Law",P,"https://data360api.worldbank.org/data360/data?DATABASE_ID=WB_WGI&INDICATOR=GOV_WGI_RL&REF_AREA=ARG,NZL,URY,CHL,PRT,CAN&COMP_BREAKDOWN_1=WGI_EST,WGI_SC",data/raw/F_wb360_wgi_rl_2026-10-03.json,b1e1a9cf21c94f3b,archivo JSON Data360; INDICATOR=GOV_WGI_RL; REF_AREA=NZL; COMP_BREAKDOWN_1=WGI_EST; TIME_PERIOD=2025; OBS_VALUE=1.656025,2026-10-03
F003,F,DATO,"WGI Rule of Law: estimación de Uruguay (escala aprox. −2,5 a +2,5)",0.94 (2025),"Banco Mundial, Worldwide Governance Indicators (API Data360), Rule of Law",P,"https://data360api.worldbank.org/data360/data?DATABASE_ID=WB_WGI&INDICATOR=GOV_WGI_RL&REF_AREA=ARG,NZL,URY,CHL,PRT,CAN&COMP_BREAKDOWN_1=WGI_EST,WGI_SC",data/raw/F_wb360_wgi_rl_2026-10-03.json,b1e1a9cf21c94f3b,archivo JSON Data360; INDICATOR=GOV_WGI_RL; REF_AREA=URY; COMP_BREAKDOWN_1=WGI_EST; TIME_PERIOD=2025; OBS_VALUE=0.939498,2026-10-03
F004,F,DATO,"WGI Rule of Law: estimación de Chile (escala aprox. −2,5 a +2,5)",0.68 (2025),"Banco Mundial, Worldwide Governance Indicators (API Data360), Rule of Law",P,"https://data360api.worldbank.org/data360/data?DATABASE_ID=WB_WGI&INDICATOR=GOV_WGI_RL&REF_AREA=ARG,NZL,URY,CHL,PRT,CAN&COMP_BREAKDOWN_1=WGI_EST,WGI_SC",data/raw/F_wb360_wgi_rl_2026-10-03.json,b1e1a9cf21c94f3b,archivo JSON Data360; INDICATOR=GOV_WGI_RL; REF_AREA=CHL; COMP_BREAKDOWN_1=WGI_EST; TIME_PERIOD=2025; OBS_VALUE=0.680463,2026-10-03
F005,F,DATO,"WGI Rule of Law: estimación de Portugal (escala aprox. −2,5 a +2,5)",1.05 (2025),"Banco Mundial, Worldwide Governance Indicators (API Data360), Rule of Law",P,"https://data360api.worldbank.org/data360/data?DATABASE_ID=WB_WGI&INDICATOR=GOV_WGI_RL&REF_AREA=ARG,NZL,URY,CHL,PRT,CAN&COMP_BREAKDOWN_1=WGI_EST,WGI_SC",data/raw/F_wb360_wgi_rl_2026-10-03.json,b1e1a9cf21c94f3b,archivo JSON Data360; INDICATOR=GOV_WGI_RL; REF_AREA=PRT; COMP_BREAKDOWN_1=WGI_EST; TIME_PERIOD=2025; OBS_VALUE=1.046472,2026-10-03
F006,F,DATO,"WGI Rule of Law: estimación de Canadá (escala aprox. −2,5 a +2,5)",1.48 (2025),"Banco Mundial, Worldwide Governance Indicators (API Data360), Rule of Law",P,"https://data360api.worldbank.org/data360/data?DATABASE_ID=WB_WGI&INDICATOR=GOV_WGI_RL&REF_AREA=ARG,NZL,URY,CHL,PRT,CAN&COMP_BREAKDOWN_1=WGI_EST,WGI_SC",data/raw/F_wb360_wgi_rl_2026-10-03.json,b1e1a9cf21c94f3b,archivo JSON Data360; INDICATOR=GOV_WGI_RL; REF_AREA=CAN; COMP_BREAKDOWN_1=WGI_EST; TIME_PERIOD=2025; OBS_VALUE=1.476916,2026-10-03
F007,F,DATO,"WGI Political Stability and Absence of Violence: estimación de Argentina (escala aprox. −2,5 a +2,5)",0.16 (2025),"Banco Mundial, Worldwide Governance Indicators (API Data360), Political Stability and Absence of Violence",P,"https://data360api.worldbank.org/data360/data?DATABASE_ID=WB_WGI&INDICATOR=GOV_WGI_PV&REF_AREA=ARG,NZL,URY,CHL,PRT,CAN&COMP_BREAKDOWN_1=WGI_EST,WGI_SC",data/raw/F_wb360_wgi_pv_2026-10-03.json,e8fedcbcddd0fa96,archivo JSON Data360; INDICATOR=GOV_WGI_PV; REF_AREA=ARG; COMP_BREAKDOWN_1=WGI_EST; TIME_PERIOD=2025; OBS_VALUE=0.162061,2026-10-03
F008,F,DATO,"WGI Political Stability and Absence of Violence: estimación de Nueva Zelanda (escala aprox. −2,5 a +2,5)",1.18 (2025),"Banco Mundial, Worldwide Governance Indicators (API Data360), Political Stability and Absence of Violence",P,"https://data360api.worldbank.org/data360/data?DATABASE_ID=WB_WGI&INDICATOR=GOV_WGI_PV&REF_AREA=ARG,NZL,URY,CHL,PRT,CAN&COMP_BREAKDOWN_1=WGI_EST,WGI_SC",data/raw/F_wb360_wgi_pv_2026-10-03.json,e8fedcbcddd0fa96,archivo JSON Data360; INDICATOR=GOV_WGI_PV; REF_AREA=NZL; COMP_BREAKDOWN_1=WGI_EST; TIME_PERIOD=2025; OBS_VALUE=1.181526,2026-10-03
F009,F,DATO,"WGI Political Stability and Absence of Violence: estimación de Uruguay (escala aprox. −2,5 a +2,5)",1.30 (2025),"Banco Mundial, Worldwide Governance Indicators (API Data360), Political Stability and Absence of Violence",P,"https://data360api.worldbank.org/data360/data?DATABASE_ID=WB_WGI&INDICATOR=GOV_WGI_PV&REF_AREA=ARG,NZL,URY,CHL,PRT,CAN&COMP_BREAKDOWN_1=WGI_EST,WGI_SC",data/raw/F_wb360_wgi_pv_2026-10-03.json,e8fedcbcddd0fa96,archivo JSON Data360; INDICATOR=GOV_WGI_PV; REF_AREA=URY; COMP_BREAKDOWN_1=WGI_EST; TIME_PERIOD=2025; OBS_VALUE=1.300343,2026-10-03
F010,F,DATO,"WGI Political Stability and Absence of Violence: estimación de Chile (escala aprox. −2,5 a +2,5)",0.17 (2025),"Banco Mundial, Worldwide Governance Indicators (API Data360), Political Stability and Absence of Violence",P,"https://data360api.worldbank.org/data360/data?DATABASE_ID=WB_WGI&INDICATOR=GOV_WGI_PV&REF_AREA=ARG,NZL,URY,CHL,PRT,CAN&COMP_BREAKDOWN_1=WGI_EST,WGI_SC",data/raw/F_wb360_wgi_pv_2026-10-03.json,e8fedcbcddd0fa96,archivo JSON Data360; INDICATOR=GOV_WGI_PV; REF_AREA=CHL; COMP_BREAKDOWN_1=WGI_EST; TIME_PERIOD=2025; OBS_VALUE=0.170603,2026-10-03
F011,F,DATO,"WGI Political Stability and Absence of Violence: estimación de Portugal (escala aprox. −2,5 a +2,5)",0.70 (2025),"Banco Mundial, Worldwide Governance Indicators (API Data360), Political Stability and Absence of Violence",P,"https://data360api.worldbank.org/data360/data?DATABASE_ID=WB_WGI&INDICATOR=GOV_WGI_PV&REF_AREA=ARG,NZL,URY,CHL,PRT,CAN&COMP_BREAKDOWN_1=WGI_EST,WGI_SC",data/raw/F_wb360_wgi_pv_2026-10-03.json,e8fedcbcddd0fa96,archivo JSON Data360; INDICATOR=GOV_WGI_PV; REF_AREA=PRT; COMP_BREAKDOWN_1=WGI_EST; TIME_PERIOD=2025; OBS_VALUE=0.702011,2026-10-03
F012,F,DATO,"WGI Political Stability and Absence of Violence: estimación de Canadá (escala aprox. −2,5 a +2,5)",0.81 (2025),"Banco Mundial, Worldwide Governance Indicators (API Data360), Political Stability and Absence of Violence",P,"https://data360api.worldbank.org/data360/data?DATABASE_ID=WB_WGI&INDICATOR=GOV_WGI_PV&REF_AREA=ARG,NZL,URY,CHL,PRT,CAN&COMP_BREAKDOWN_1=WGI_EST,WGI_SC",data/raw/F_wb360_wgi_pv_2026-10-03.json,e8fedcbcddd0fa96,archivo JSON Data360; INDICATOR=GOV_WGI_PV; REF_AREA=CAN; COMP_BREAKDOWN_1=WGI_EST; TIME_PERIOD=2025; OBS_VALUE=0.809649,2026-10-03
F013,F,DATO,"WGI Government Effectiveness: estimación de Argentina (escala aprox. −2,5 a +2,5)",0.28 (2025),"Banco Mundial, Worldwide Governance Indicators (API Data360), Government Effectiveness",P,"https://data360api.worldbank.org/data360/data?DATABASE_ID=WB_WGI&INDICATOR=GOV_WGI_GE&REF_AREA=ARG,NZL,URY,CHL,PRT,CAN&COMP_BREAKDOWN_1=WGI_EST,WGI_SC",data/raw/F_wb360_wgi_ge_2026-10-03.json,b0c27722a5e5be9a,archivo JSON Data360; INDICATOR=GOV_WGI_GE; REF_AREA=ARG; COMP_BREAKDOWN_1=WGI_EST; TIME_PERIOD=2025; OBS_VALUE=0.275785,2026-10-03
F014,F,DATO,"WGI Government Effectiveness: estimación de Nueva Zelanda (escala aprox. −2,5 a +2,5)",1.87 (2025),"Banco Mundial, Worldwide Governance Indicators (API Data360), Government Effectiveness",P,"https://data360api.worldbank.org/data360/data?DATABASE_ID=WB_WGI&INDICATOR=GOV_WGI_GE&REF_AREA=ARG,NZL,URY,CHL,PRT,CAN&COMP_BREAKDOWN_1=WGI_EST,WGI_SC",data/raw/F_wb360_wgi_ge_2026-10-03.json,b0c27722a5e5be9a,archivo JSON Data360; INDICATOR=GOV_WGI_GE; REF_AREA=NZL; COMP_BREAKDOWN_1=WGI_EST; TIME_PERIOD=2025; OBS_VALUE=1.872764,2026-10-03
F015,F,DATO,"WGI Government Effectiveness: estimación de Uruguay (escala aprox. −2,5 a +2,5)",0.86 (2025),"Banco Mundial, Worldwide Governance Indicators (API Data360), Government Effectiveness",P,"https://data360api.worldbank.org/data360/data?DATABASE_ID=WB_WGI&INDICATOR=GOV_WGI_GE&REF_AREA=ARG,NZL,URY,CHL,PRT,CAN&COMP_BREAKDOWN_1=WGI_EST,WGI_SC",data/raw/F_wb360_wgi_ge_2026-10-03.json,b0c27722a5e5be9a,archivo JSON Data360; INDICATOR=GOV_WGI_GE; REF_AREA=URY; COMP_BREAKDOWN_1=WGI_EST; TIME_PERIOD=2025; OBS_VALUE=0.862518,2026-10-03
F016,F,DATO,"WGI Government Effectiveness: estimación de Chile (escala aprox. −2,5 a +2,5)",1.04 (2025),"Banco Mundial, Worldwide Governance Indicators (API Data360), Government Effectiveness",P,"https://data360api.worldbank.org/data360/data?DATABASE_ID=WB_WGI&INDICATOR=GOV_WGI_GE&REF_AREA=ARG,NZL,URY,CHL,PRT,CAN&COMP_BREAKDOWN_1=WGI_EST,WGI_SC",data/raw/F_wb360_wgi_ge_2026-10-03.json,b0c27722a5e5be9a,archivo JSON Data360; INDICATOR=GOV_WGI_GE; REF_AREA=CHL; COMP_BREAKDOWN_1=WGI_EST; TIME_PERIOD=2025; OBS_VALUE=1.042473,2026-10-03
F017,F,DATO,"WGI Government Effectiveness: estimación de Portugal (escala aprox. −2,5 a +2,5)",1.02 (2025),"Banco Mundial, Worldwide Governance Indicators (API Data360), Government Effectiveness",P,"https://data360api.worldbank.org/data360/data?DATABASE_ID=WB_WGI&INDICATOR=GOV_WGI_GE&REF_AREA=ARG,NZL,URY,CHL,PRT,CAN&COMP_BREAKDOWN_1=WGI_EST,WGI_SC",data/raw/F_wb360_wgi_ge_2026-10-03.json,b0c27722a5e5be9a,archivo JSON Data360; INDICATOR=GOV_WGI_GE; REF_AREA=PRT; COMP_BREAKDOWN_1=WGI_EST; TIME_PERIOD=2025; OBS_VALUE=1.021937,2026-10-03
F018,F,DATO,"WGI Government Effectiveness: estimación de Canadá (escala aprox. −2,5 a +2,5)",1.76 (2025),"Banco Mundial, Worldwide Governance Indicators (API Data360), Government Effectiveness",P,"https://data360api.worldbank.org/data360/data?DATABASE_ID=WB_WGI&INDICATOR=GOV_WGI_GE&REF_AREA=ARG,NZL,URY,CHL,PRT,CAN&COMP_BREAKDOWN_1=WGI_EST,WGI_SC",data/raw/F_wb360_wgi_ge_2026-10-03.json,b0c27722a5e5be9a,archivo JSON Data360; INDICATOR=GOV_WGI_GE; REF_AREA=CAN; COMP_BREAKDOWN_1=WGI_EST; TIME_PERIOD=2025; OBS_VALUE=1.757082,2026-10-03
F019,F,DATO,"WGI Control of Corruption: estimación de Argentina (escala aprox. −2,5 a +2,5)",-0.39 (2025),"Banco Mundial, Worldwide Governance Indicators (API Data360), Control of Corruption",P,"https://data360api.worldbank.org/data360/data?DATABASE_ID=WB_WGI&INDICATOR=GOV_WGI_CC&REF_AREA=ARG,NZL,URY,CHL,PRT,CAN&COMP_BREAKDOWN_1=WGI_EST,WGI_SC",data/raw/F_wb360_wgi_cc_2026-10-03.json,a7efb4bcc07d76aa,archivo JSON Data360; INDICATOR=GOV_WGI_CC; REF_AREA=ARG; COMP_BREAKDOWN_1=WGI_EST; TIME_PERIOD=2025; OBS_VALUE=-0.386063,2026-10-03
F020,F,DATO,"WGI Control of Corruption: estimación de Nueva Zelanda (escala aprox. −2,5 a +2,5)",1.89 (2025),"Banco Mundial, Worldwide Governance Indicators (API Data360), Control of Corruption",P,"https://data360api.worldbank.org/data360/data?DATABASE_ID=WB_WGI&INDICATOR=GOV_WGI_CC&REF_AREA=ARG,NZL,URY,CHL,PRT,CAN&COMP_BREAKDOWN_1=WGI_EST,WGI_SC",data/raw/F_wb360_wgi_cc_2026-10-03.json,a7efb4bcc07d76aa,archivo JSON Data360; INDICATOR=GOV_WGI_CC; REF_AREA=NZL; COMP_BREAKDOWN_1=WGI_EST; TIME_PERIOD=2025; OBS_VALUE=1.886501,2026-10-03
F021,F,DATO,"WGI Control of Corruption: estimación de Uruguay (escala aprox. −2,5 a +2,5)",1.56 (2025),"Banco Mundial, Worldwide Governance Indicators (API Data360), Control of Corruption",P,"https://data360api.worldbank.org/data360/data?DATABASE_ID=WB_WGI&INDICATOR=GOV_WGI_CC&REF_AREA=ARG,NZL,URY,CHL,PRT,CAN&COMP_BREAKDOWN_1=WGI_EST,WGI_SC",data/raw/F_wb360_wgi_cc_2026-10-03.json,a7efb4bcc07d76aa,archivo JSON Data360; INDICATOR=GOV_WGI_CC; REF_AREA=URY; COMP_BREAKDOWN_1=WGI_EST; TIME_PERIOD=2025; OBS_VALUE=1.556233,2026-10-03
F022,F,DATO,"WGI Control of Corruption: estimación de Chile (escala aprox. −2,5 a +2,5)",1.10 (2025),"Banco Mundial, Worldwide Governance Indicators (API Data360), Control of Corruption",P,"https://data360api.worldbank.org/data360/data?DATABASE_ID=WB_WGI&INDICATOR=GOV_WGI_CC&REF_AREA=ARG,NZL,URY,CHL,PRT,CAN&COMP_BREAKDOWN_1=WGI_EST,WGI_SC",data/raw/F_wb360_wgi_cc_2026-10-03.json,a7efb4bcc07d76aa,archivo JSON Data360; INDICATOR=GOV_WGI_CC; REF_AREA=CHL; COMP_BREAKDOWN_1=WGI_EST; TIME_PERIOD=2025; OBS_VALUE=1.099287,2026-10-03
F023,F,DATO,"WGI Control of Corruption: estimación de Portugal (escala aprox. −2,5 a +2,5)",0.77 (2025),"Banco Mundial, Worldwide Governance Indicators (API Data360), Control of Corruption",P,"https://data360api.worldbank.org/data360/data?DATABASE_ID=WB_WGI&INDICATOR=GOV_WGI_CC&REF_AREA=ARG,NZL,URY,CHL,PRT,CAN&COMP_BREAKDOWN_1=WGI_EST,WGI_SC",data/raw/F_wb360_wgi_cc_2026-10-03.json,a7efb4bcc07d76aa,archivo JSON Data360; INDICATOR=GOV_WGI_CC; REF_AREA=PRT; COMP_BREAKDOWN_1=WGI_EST; TIME_PERIOD=2025; OBS_VALUE=0.772487,2026-10-03
F024,F,DATO,"WGI Control of Corruption: estimación de Canadá (escala aprox. −2,5 a +2,5)",1.59 (2025),"Banco Mundial, Worldwide Governance Indicators (API Data360), Control of Corruption",P,"https://data360api.worldbank.org/data360/data?DATABASE_ID=WB_WGI&INDICATOR=GOV_WGI_CC&REF_AREA=ARG,NZL,URY,CHL,PRT,CAN&COMP_BREAKDOWN_1=WGI_EST,WGI_SC",data/raw/F_wb360_wgi_cc_2026-10-03.json,a7efb4bcc07d76aa,archivo JSON Data360; INDICATOR=GOV_WGI_CC; REF_AREA=CAN; COMP_BREAKDOWN_1=WGI_EST; TIME_PERIOD=2025; OBS_VALUE=1.594896,2026-10-03
F025,F,DATO,Global Peace Index 2026: puesto y puntaje de Argentina (1 = más pacífico; 163 países),"puesto 72, puntaje 1.922","Institute for Economics & Peace, Global Peace Index 2026 (informe)",R,https://www.visionofhumanity.org/wp-content/uploads/2026/06/Global-Peace-Index-2026-Report.pdf,data/raw/F_iep_gpi2026_report_2026-10-03.pdf,879c371e8d27e345,72 Argentina 1.922,2026-10-03
F026,F,DATO,Global Peace Index 2026: puesto y puntaje de Nueva Zelanda (1 = más pacífico; 163 países),"puesto 2, puntaje 1.343","Institute for Economics & Peace, Global Peace Index 2026 (informe)",R,https://www.visionofhumanity.org/wp-content/uploads/2026/06/Global-Peace-Index-2026-Report.pdf,data/raw/F_iep_gpi2026_report_2026-10-03.pdf,879c371e8d27e345,2 New Zealand 1.343,2026-10-03
F027,F,DATO,Global Peace Index 2026: puesto y puntaje de Uruguay (1 = más pacífico; 163 países),"puesto 43, puntaje 1.754","Institute for Economics & Peace, Global Peace Index 2026 (informe)",R,https://www.visionofhumanity.org/wp-content/uploads/2026/06/Global-Peace-Index-2026-Report.pdf,data/raw/F_iep_gpi2026_report_2026-10-03.pdf,879c371e8d27e345,43 Uruguay 1.754,2026-10-03
F028,F,DATO,Global Peace Index 2026: puesto y puntaje de Chile (1 = más pacífico; 163 países),"puesto 52, puntaje 1.826","Institute for Economics & Peace, Global Peace Index 2026 (informe)",R,https://www.visionofhumanity.org/wp-content/uploads/2026/06/Global-Peace-Index-2026-Report.pdf,data/raw/F_iep_gpi2026_report_2026-10-03.pdf,879c371e8d27e345,52 Chile 1.826,2026-10-03
F029,F,DATO,Global Peace Index 2026: puesto y puntaje de Portugal (1 = más pacífico; 163 países),"puesto 7, puntaje 1.427","Institute for Economics & Peace, Global Peace Index 2026 (informe)",R,https://www.visionofhumanity.org/wp-content/uploads/2026/06/Global-Peace-Index-2026-Report.pdf,data/raw/F_iep_gpi2026_report_2026-10-03.pdf,879c371e8d27e345,7 Portugal 1.427,2026-10-03
F030,F,DATO,Global Peace Index 2026: puesto y puntaje de Canadá (1 = más pacífico; 163 países),"puesto 14, puntaje 1.525","Institute for Economics & Peace, Global Peace Index 2026 (informe)",R,https://www.visionofhumanity.org/wp-content/uploads/2026/06/Global-Peace-Index-2026-Report.pdf,data/raw/F_iep_gpi2026_report_2026-10-03.pdf,879c371e8d27e345,14 Canada 1.525,2026-10-03
F031,F,DATO,El GPI 2026 cubre 163 países,163,"Institute for Economics & Peace, Global Peace Index 2026 (informe)",R,https://www.visionofhumanity.org/wp-content/uploads/2026/06/Global-Peace-Index-2026-Report.pdf,data/raw/F_iep_gpi2026_report_2026-10-03.pdf,879c371e8d27e345,Of the 163 countries on the Index,2026-10-03
F032,F,DATO,"Argentina tuvo el mayor deterioro porcentual de la región en el GPI 2026 (−6,1%), por el dominio de conflicto en curso","6,1%","Institute for Economics & Peace, Global Peace Index 2026 (informe)",R,https://www.visionofhumanity.org/wp-content/uploads/2026/06/Global-Peace-Index-2026-Report.pdf,data/raw/F_iep_gpi2026_report_2026-10-03.pdf,879c371e8d27e345,Argentina recorded the largest percentage deterioration in the,2026-10-03
F033,F,DATO,"Detalle: el puntaje de Argentina empeoró 6,1% en el GPI 2026","6,1%","Institute for Economics & Peace, Global Peace Index 2026 (informe)",R,https://www.visionofhumanity.org/wp-content/uploads/2026/06/Global-Peace-Index-2026-Report.pdf,data/raw/F_iep_gpi2026_report_2026-10-03.pdf,879c371e8d27e345,"region on the 2026 GPI, with its overall score deteriorating by 6.1 per cent",2026-10-03
F034,F,DATO,"FAOSTAT: producción de cereales (excl. cerveza) de Argentina, 2023","62,554 miles de t","FAOSTAT, Food Balance Sheets (2010-), descarga masiva normalizada",P,https://bulks-faostat.fao.org/production/FoodBalanceSheets_E_All_Data_(Normalized).zip,data/raw/F_faostat_fbs_normalized_2026-10-03.zip,26200855ed5da3d0,Area=Argentina; Item Code=2905; Element Code=5511; Year=2023; Value=62554.0,2026-10-03
F035,F,DATO,"FAOSTAT: suministro interno de cereales de Argentina, 2023","29,265 miles de t","FAOSTAT, Food Balance Sheets (2010-), descarga masiva normalizada",P,https://bulks-faostat.fao.org/production/FoodBalanceSheets_E_All_Data_(Normalized).zip,data/raw/F_faostat_fbs_normalized_2026-10-03.zip,26200855ed5da3d0,Area=Argentina; Item Code=2905; Element Code=5301; Year=2023; Value=29265.0,2026-10-03
F036,F,ESTIMACIÓN,"Autosuficiencia en cereales de Argentina: producción / suministro interno, suma 2019–2023",267%,"FAOSTAT, Food Balance Sheets (2010-), descarga masiva normalizada",P,https://bulks-faostat.fao.org/production/FoodBalanceSheets_E_All_Data_(Normalized).zip,data/raw/F_faostat_fbs_normalized_2026-10-03.zip,26200855ed5da3d0,"SSR = Σ Producción(5511) / Σ Suministro interno(5301), Item 2905, Area=Argentina, años 2019–2023 = 413307/154735; insumos 2023: F034, F035",2026-10-03
F037,F,ESTIMACIÓN,"Cobertura calórica doméstica de Argentina: Σ_g kcal_g × min(SSR_g,100%) / Σ kcal_g sobre 15 grupos FAOSTAT, 2019–2023",100%,"FAOSTAT, Food Balance Sheets (2010-), descarga masiva normalizada",P,https://bulks-faostat.fao.org/production/FoodBalanceSheets_E_All_Data_(Normalized).zip,data/raw/F_faostat_fbs_normalized_2026-10-03.zip,26200855ed5da3d0,"kcal_g = promedio 2019–2023 de Food supply (kcal/capita/day, Element 664) por grupo; SSR_g = Σ Producción(5511)/Σ Suministro interno(5301) 2019–2023; grupos Item Code 2905,2907,2909,2911,2912,2913,2914,2918,2919,2943,2945,2946,2948,2949,2960; Area=Argentina",2026-10-03
F038,F,ESTIMACIÓN,"Autosuficiencia en cereales de Nueva Zelanda: producción / suministro interno, suma 2019–2023",53%,"FAOSTAT, Food Balance Sheets (2010-), descarga masiva normalizada",P,https://bulks-faostat.fao.org/production/FoodBalanceSheets_E_All_Data_(Normalized).zip,data/raw/F_faostat_fbs_normalized_2026-10-03.zip,26200855ed5da3d0,"SSR = Σ Producción(5511) / Σ Suministro interno(5301), Item 2905, Area=New Zealand, años 2019–2023 = 4969/9456",2026-10-03
F039,F,ESTIMACIÓN,"Cobertura calórica doméstica de Nueva Zelanda: Σ_g kcal_g × min(SSR_g,100%) / Σ kcal_g sobre 15 grupos FAOSTAT, 2019–2023",59%,"FAOSTAT, Food Balance Sheets (2010-), descarga masiva normalizada",P,https://bulks-faostat.fao.org/production/FoodBalanceSheets_E_All_Data_(Normalized).zip,data/raw/F_faostat_fbs_normalized_2026-10-03.zip,26200855ed5da3d0,"kcal_g = promedio 2019–2023 de Food supply (kcal/capita/day, Element 664) por grupo; SSR_g = Σ Producción(5511)/Σ Suministro interno(5301) 2019–2023; grupos Item Code 2905,2907,2909,2911,2912,2913,2914,2918,2919,2943,2945,2946,2948,2949,2960; Area=New Zealand",2026-10-03
F040,F,ESTIMACIÓN,"Autosuficiencia en cereales de Uruguay: producción / suministro interno, suma 2019–2023",169%,"FAOSTAT, Food Balance Sheets (2010-), descarga masiva normalizada",P,https://bulks-faostat.fao.org/production/FoodBalanceSheets_E_All_Data_(Normalized).zip,data/raw/F_faostat_fbs_normalized_2026-10-03.zip,26200855ed5da3d0,"SSR = Σ Producción(5511) / Σ Suministro interno(5301), Item 2905, Area=Uruguay, años 2019–2023 = 19652/11619",2026-10-03
F041,F,ESTIMACIÓN,"Cobertura calórica doméstica de Uruguay: Σ_g kcal_g × min(SSR_g,100%) / Σ kcal_g sobre 15 grupos FAOSTAT, 2019–2023",81%,"FAOSTAT, Food Balance Sheets (2010-), descarga masiva normalizada",P,https://bulks-faostat.fao.org/production/FoodBalanceSheets_E_All_Data_(Normalized).zip,data/raw/F_faostat_fbs_normalized_2026-10-03.zip,26200855ed5da3d0,"kcal_g = promedio 2019–2023 de Food supply (kcal/capita/day, Element 664) por grupo; SSR_g = Σ Producción(5511)/Σ Suministro interno(5301) 2019–2023; grupos Item Code 2905,2907,2909,2911,2912,2913,2914,2918,2919,2943,2945,2946,2948,2949,2960; Area=Uruguay",2026-10-03
F042,F,ESTIMACIÓN,"Autosuficiencia en cereales de Chile: producción / suministro interno, suma 2019–2023",40%,"FAOSTAT, Food Balance Sheets (2010-), descarga masiva normalizada",P,https://bulks-faostat.fao.org/production/FoodBalanceSheets_E_All_Data_(Normalized).zip,data/raw/F_faostat_fbs_normalized_2026-10-03.zip,26200855ed5da3d0,"SSR = Σ Producción(5511) / Σ Suministro interno(5301), Item 2905, Area=Chile, años 2019–2023 = 14179/35225",2026-10-03
F043,F,ESTIMACIÓN,"Cobertura calórica doméstica de Chile: Σ_g kcal_g × min(SSR_g,100%) / Σ kcal_g sobre 15 grupos FAOSTAT, 2019–2023",54%,"FAOSTAT, Food Balance Sheets (2010-), descarga masiva normalizada",P,https://bulks-faostat.fao.org/production/FoodBalanceSheets_E_All_Data_(Normalized).zip,data/raw/F_faostat_fbs_normalized_2026-10-03.zip,26200855ed5da3d0,"kcal_g = promedio 2019–2023 de Food supply (kcal/capita/day, Element 664) por grupo; SSR_g = Σ Producción(5511)/Σ Suministro interno(5301) 2019–2023; grupos Item Code 2905,2907,2909,2911,2912,2913,2914,2918,2919,2943,2945,2946,2948,2949,2960; Area=Chile",2026-10-03
F044,F,ESTIMACIÓN,"Autosuficiencia en cereales de Portugal: producción / suministro interno, suma 2019–2023",19%,"FAOSTAT, Food Balance Sheets (2010-), descarga masiva normalizada",P,https://bulks-faostat.fao.org/production/FoodBalanceSheets_E_All_Data_(Normalized).zip,data/raw/F_faostat_fbs_normalized_2026-10-03.zip,26200855ed5da3d0,"SSR = Σ Producción(5511) / Σ Suministro interno(5301), Item 2905, Area=Portugal, años 2019–2023 = 5405/29068",2026-10-03
F045,F,ESTIMACIÓN,"Cobertura calórica doméstica de Portugal: Σ_g kcal_g × min(SSR_g,100%) / Σ kcal_g sobre 15 grupos FAOSTAT, 2019–2023",57%,"FAOSTAT, Food Balance Sheets (2010-), descarga masiva normalizada",P,https://bulks-faostat.fao.org/production/FoodBalanceSheets_E_All_Data_(Normalized).zip,data/raw/F_faostat_fbs_normalized_2026-10-03.zip,26200855ed5da3d0,"kcal_g = promedio 2019–2023 de Food supply (kcal/capita/day, Element 664) por grupo; SSR_g = Σ Producción(5511)/Σ Suministro interno(5301) 2019–2023; grupos Item Code 2905,2907,2909,2911,2912,2913,2914,2918,2919,2943,2945,2946,2948,2949,2960; Area=Portugal",2026-10-03
F046,F,ESTIMACIÓN,"Autosuficiencia en cereales de Canadá: producción / suministro interno, suma 2019–2023",185%,"FAOSTAT, Food Balance Sheets (2010-), descarga masiva normalizada",P,https://bulks-faostat.fao.org/production/FoodBalanceSheets_E_All_Data_(Normalized).zip,data/raw/F_faostat_fbs_normalized_2026-10-03.zip,26200855ed5da3d0,"SSR = Σ Producción(5511) / Σ Suministro interno(5301), Item 2905, Area=Canada, años 2019–2023 = 298671/161317",2026-10-03
F047,F,ESTIMACIÓN,"Cobertura calórica doméstica de Canadá: Σ_g kcal_g × min(SSR_g,100%) / Σ kcal_g sobre 15 grupos FAOSTAT, 2019–2023",82%,"FAOSTAT, Food Balance Sheets (2010-), descarga masiva normalizada",P,https://bulks-faostat.fao.org/production/FoodBalanceSheets_E_All_Data_(Normalized).zip,data/raw/F_faostat_fbs_normalized_2026-10-03.zip,26200855ed5da3d0,"kcal_g = promedio 2019–2023 de Food supply (kcal/capita/day, Element 664) por grupo; SSR_g = Σ Producción(5511)/Σ Suministro interno(5301) 2019–2023; grupos Item Code 2905,2907,2909,2911,2912,2913,2914,2918,2919,2943,2945,2946,2948,2949,2960; Area=Canada",2026-10-03
F048,F,DATO,Importaciones netas de energía de Argentina (% del uso de energía; negativo = exportador neto),0.4% (2023),"Banco Mundial, WDI EG.IMP.CONS.ZS (importaciones netas de energía, % del uso)",P,"https://data360api.worldbank.org/data360/data?DATABASE_ID=WB_WDI&INDICATOR=WB_WDI_EG_IMP_CONS_ZS&REF_AREA=ARG,NZL,URY,CHL,PRT,CAN",data/raw/F_wb360_wdi_eg_imp_cons_zs_2026-10-03.json,9aafa58ca2a3fdb0,INDICATOR=WB_WDI_EG_IMP_CONS_ZS; REF_AREA=ARG; TIME_PERIOD=2023; OBS_VALUE=0.415715,2026-10-03
F049,F,DATO,Importaciones netas de energía de Nueva Zelanda (% del uso de energía; negativo = exportador neto),31.6% (2023),"Banco Mundial, WDI EG.IMP.CONS.ZS (importaciones netas de energía, % del uso)",P,"https://data360api.worldbank.org/data360/data?DATABASE_ID=WB_WDI&INDICATOR=WB_WDI_EG_IMP_CONS_ZS&REF_AREA=ARG,NZL,URY,CHL,PRT,CAN",data/raw/F_wb360_wdi_eg_imp_cons_zs_2026-10-03.json,9aafa58ca2a3fdb0,INDICATOR=WB_WDI_EG_IMP_CONS_ZS; REF_AREA=NZL; TIME_PERIOD=2023; OBS_VALUE=31.632962,2026-10-03
F050,F,DATO,Importaciones netas de energía de Uruguay (% del uso de energía; negativo = exportador neto),46.2% (2022),"Banco Mundial, WDI EG.IMP.CONS.ZS (importaciones netas de energía, % del uso)",P,"https://data360api.worldbank.org/data360/data?DATABASE_ID=WB_WDI&INDICATOR=WB_WDI_EG_IMP_CONS_ZS&REF_AREA=ARG,NZL,URY,CHL,PRT,CAN",data/raw/F_wb360_wdi_eg_imp_cons_zs_2026-10-03.json,9aafa58ca2a3fdb0,INDICATOR=WB_WDI_EG_IMP_CONS_ZS; REF_AREA=URY; TIME_PERIOD=2022; OBS_VALUE=46.206894,2026-10-03
F051,F,DATO,Importaciones netas de energía de Chile (% del uso de energía; negativo = exportador neto),62.3% (2023),"Banco Mundial, WDI EG.IMP.CONS.ZS (importaciones netas de energía, % del uso)",P,"https://data360api.worldbank.org/data360/data?DATABASE_ID=WB_WDI&INDICATOR=WB_WDI_EG_IMP_CONS_ZS&REF_AREA=ARG,NZL,URY,CHL,PRT,CAN",data/raw/F_wb360_wdi_eg_imp_cons_zs_2026-10-03.json,9aafa58ca2a3fdb0,INDICATOR=WB_WDI_EG_IMP_CONS_ZS; REF_AREA=CHL; TIME_PERIOD=2023; OBS_VALUE=62.276204,2026-10-03
F052,F,DATO,Importaciones netas de energía de Portugal (% del uso de energía; negativo = exportador neto),77.2% (2023),"Banco Mundial, WDI EG.IMP.CONS.ZS (importaciones netas de energía, % del uso)",P,"https://data360api.worldbank.org/data360/data?DATABASE_ID=WB_WDI&INDICATOR=WB_WDI_EG_IMP_CONS_ZS&REF_AREA=ARG,NZL,URY,CHL,PRT,CAN",data/raw/F_wb360_wdi_eg_imp_cons_zs_2026-10-03.json,9aafa58ca2a3fdb0,INDICATOR=WB_WDI_EG_IMP_CONS_ZS; REF_AREA=PRT; TIME_PERIOD=2023; OBS_VALUE=77.244898,2026-10-03
F053,F,DATO,Importaciones netas de energía de Canadá (% del uso de energía; negativo = exportador neto),-89.6% (2023),"Banco Mundial, WDI EG.IMP.CONS.ZS (importaciones netas de energía, % del uso)",P,"https://data360api.worldbank.org/data360/data?DATABASE_ID=WB_WDI&INDICATOR=WB_WDI_EG_IMP_CONS_ZS&REF_AREA=ARG,NZL,URY,CHL,PRT,CAN",data/raw/F_wb360_wdi_eg_imp_cons_zs_2026-10-03.json,9aafa58ca2a3fdb0,INDICATOR=WB_WDI_EG_IMP_CONS_ZS; REF_AREA=CAN; TIME_PERIOD=2023; OBS_VALUE=-89.626081,2026-10-03
F054,F,DATO,BEN 2025 (provisorio): producción de energía primaria,"95,387 ktep","Secretaría de Energía, Balance Energético Nacional 2025 (revisión 0, provisorio)",P,http://www.energia.gob.ar/contenidos/archivos/Reorganizacion/informacion_del_mercado/publicaciones/energia_en_gral/balances_2025/balance_2025_v0_h.xlsx,data/raw/F_energia_ben2025_2026-10-03.xlsx,b3267af6e796e162,hoja FINAL HOR; fila 'TOTAL I'; columna PRODUCCIÓN; valor=95386.83234436161,2026-10-03
F055,F,DATO,BEN 2025 (provisorio): oferta interna de energía primaria,"84,237 ktep","Secretaría de Energía, Balance Energético Nacional 2025 (revisión 0, provisorio)",P,http://www.energia.gob.ar/contenidos/archivos/Reorganizacion/informacion_del_mercado/publicaciones/energia_en_gral/balances_2025/balance_2025_v0_h.xlsx,data/raw/F_energia_ben2025_2026-10-03.xlsx,b3267af6e796e162,hoja FINAL HOR; fila 'TOTAL I'; columna OFERTA INTERNA; valor=84237.29976139872,2026-10-03
F056,F,DATO,BEN 2025 (provisorio): exportación y búnker de energía primaria,"12,060 ktep","Secretaría de Energía, Balance Energético Nacional 2025 (revisión 0, provisorio)",P,http://www.energia.gob.ar/contenidos/archivos/Reorganizacion/informacion_del_mercado/publicaciones/energia_en_gral/balances_2025/balance_2025_v0_h.xlsx,data/raw/F_energia_ben2025_2026-10-03.xlsx,b3267af6e796e162,hoja FINAL HOR; fila 'TOTAL I'; columna EXPORTACIÓN Y BUNKER; valor=-12059.80998,2026-10-03
F057,F,ESTIMACIÓN,"Argentina 2025: importaciones netas de energía primaria, % de la oferta interna (definición análoga a EG.IMP.CONS.ZS)",-13.2%,"Secretaría de Energía, Balance Energético Nacional 2025 (revisión 0, provisorio)",P,http://www.energia.gob.ar/contenidos/archivos/Reorganizacion/informacion_del_mercado/publicaciones/energia_en_gral/balances_2025/balance_2025_v0_h.xlsx,data/raw/F_energia_ben2025_2026-10-03.xlsx,b3267af6e796e162,"(oferta interna − producción)/oferta interna = (84237 − 95387)/84237; insumos F054, F055",2026-10-03
F058,F,DATO,"Producción de petróleo de la formación Vaca Muerta, 2026-08 (DDJJ pozo a pozo, provisoria)","3,301,192 m³","Secretaría de Energía, producción por pozo no convencional (Capítulo IV); copia comprimida con gzip",P,https://datos.energia.gob.ar/dataset/c846e79c-026c-4040-897f-1ad3543b407c/resource/b5b58cdc-9e07-41f9-b392-fb9ec68b0725/download/produccin-de-pozos-de-gas-y-petrleo-no-convencional.csv,data/raw/F_energia_pozos_no_convencional_2026-10-03.csv.gz,f69db13994de75a5,formacion='vaca muerta'; anio=2026; mes=8; Σ prod_pet = 3301191.718,2026-10-03
F059,F,DATO,"Producción de gas de la formación Vaca Muerta, 2026-08","2,955,973 miles de m³","Secretaría de Energía, producción por pozo no convencional (Capítulo IV); copia comprimida con gzip",P,https://datos.energia.gob.ar/dataset/c846e79c-026c-4040-897f-1ad3543b407c/resource/b5b58cdc-9e07-41f9-b392-fb9ec68b0725/download/produccin-de-pozos-de-gas-y-petrleo-no-convencional.csv,data/raw/F_energia_pozos_no_convencional_2026-10-03.csv.gz,f69db13994de75a5,formacion='vaca muerta'; anio=2026; mes=8; Σ prod_gas = 2955972.543,2026-10-03
F060,F,DATO,"Producción total de petróleo de Argentina, 2026-08",928 mil bbl/d,"Secretaría de Energía, producción de petróleo por cuenca y subtipo de recurso (Capítulo IV)",P,https://datos.energia.gob.ar/dataset/c846e79c-026c-4040-897f-1ad3543b407c/resource/af8c50bb-fde0-43b7-98eb-7cd14daf586c/download/serie-histrica-de-produccin-de-petrleo-por-cuenca-y-sub-tipo-de-recurso-captulo-iv-.csv,data/raw/F_energia_serie_petroleo_cuenca_subtipo_2026-10-03.csv,c5a97e6b65cb0a16,indice_tiempo=2026-08; total=4574551.3699; kbbl_diario=928.1633,2026-10-03
F061,F,DATO,"Producción total de gas de Argentina, 2026-08",153.0 MMm³/d,"Secretaría de Energía, producción de gas natural por cuenca y subtipo de recurso (Capítulo IV)",P,https://datos.energia.gob.ar/dataset/c846e79c-026c-4040-897f-1ad3543b407c/resource/a3244ddd-38bc-4800-a700-360b649d2f3a/download/serie-histrica-de-produccin-de-gas-natural-por-cuenca-y-sub-tipo-de-recurso-captulo-iv-.csv,data/raw/F_energia_serie_gas_cuenca_subtipo_2026-10-03.csv,f18a34f2906be974,indice_tiempo=2026-08; produccion_gas_natural_total=4743830.5074; produccion_gas_natural_total_diario=153.0268,2026-10-03
F062,F,ESTIMACIÓN,"Vaca Muerta: 670 mil bbl/d de petróleo (72% del total) y 95 MMm³/d de gas (62% del total), 2026-08",72% / 62%,Cálculo propio (Colossus Lab),,,,,"kbbl/d = m³ × 6,28981 / días / 1000; participación = VM / total; insumos F058, F059, F060, F061",2026-10-03
F063,F,ESTIMACIÓN,Crecimiento interanual del petróleo de Vaca Muerta (2026-08 vs. 2025-08),27%,"Secretaría de Energía, producción por pozo no convencional (Capítulo IV); copia comprimida con gzip",P,https://datos.energia.gob.ar/dataset/c846e79c-026c-4040-897f-1ad3543b407c/resource/b5b58cdc-9e07-41f9-b392-fb9ec68b0725/download/produccin-de-pozos-de-gas-y-petrleo-no-convencional.csv,data/raw/F_energia_pozos_no_convencional_2026-10-03.csv.gz,f69db13994de75a5,3301192 / 2595176 − 1 (formacion='vaca muerta'),2026-10-03
F064,F,DATO,USGS: producción minera de litio de Argentina 2024 / 2025e y reservas (t de litio contenido; el '5' inicial en ARG/CHL es la nota 'Reported'),"13,800 / 23,000 t; reservas 4,400,000 t","USGS, Mineral Commodity Summaries 2026: Lithium",P,https://pubs.usgs.gov/periodicals/mcs2026/mcs2026-lithium.pdf,data/raw/F_usgs_mcs2026_lithium_2026-10-03.pdf,53f92ea45c367c36,"Argentina 513,800 23,000 4,400,000",2026-10-03
F065,F,DATO,USGS: producción minera de litio de Chile 2024 / 2025e y reservas (t de litio contenido; el '5' inicial en ARG/CHL es la nota 'Reported'),"48,900 / 56,000 t; reservas 9,200,000 t","USGS, Mineral Commodity Summaries 2026: Lithium",P,https://pubs.usgs.gov/periodicals/mcs2026/mcs2026-lithium.pdf,data/raw/F_usgs_mcs2026_lithium_2026-10-03.pdf,53f92ea45c367c36,"Chile 548,900 56,000 9,200,000",2026-10-03
F066,F,DATO,USGS: producción minera de litio de Canadá 2024 / 2025e y reservas (t de litio contenido; el '5' inicial en ARG/CHL es la nota 'Reported'),"4,820 / 5,600 t; reservas 1,600,000 t","USGS, Mineral Commodity Summaries 2026: Lithium",P,https://pubs.usgs.gov/periodicals/mcs2026/mcs2026-lithium.pdf,data/raw/F_usgs_mcs2026_lithium_2026-10-03.pdf,53f92ea45c367c36,"Canada 4,820 5,600 1,600,000",2026-10-03
F067,F,DATO,USGS: producción minera de litio de Portugal 2024 / 2025e y reservas (t de litio contenido; el '5' inicial en ARG/CHL es la nota 'Reported'),"380 / 380 t; reservas 60,000 t","USGS, Mineral Commodity Summaries 2026: Lithium",P,https://pubs.usgs.gov/periodicals/mcs2026/mcs2026-lithium.pdf,data/raw/F_usgs_mcs2026_lithium_2026-10-03.pdf,53f92ea45c367c36,"Portugal 380 380 60,000",2026-10-03
F068,F,DATO,Nueva Zelanda no figura en la tabla de producción y reservas de litio del USGS MCS 2026,no figura,"USGS, Mineral Commodity Summaries 2026: Lithium",P,https://pubs.usgs.gov/periodicals/mcs2026/mcs2026-lithium.pdf,data/raw/F_usgs_mcs2026_lithium_2026-10-03.pdf,53f92ea45c367c36,"Other countries7 — — 2,400,000",2026-10-03
F069,F,DATO,Uruguay no figura en la tabla de producción y reservas de litio del USGS MCS 2026,no figura,"USGS, Mineral Commodity Summaries 2026: Lithium",P,https://pubs.usgs.gov/periodicals/mcs2026/mcs2026-lithium.pdf,data/raw/F_usgs_mcs2026_lithium_2026-10-03.pdf,53f92ea45c367c36,"Other countries7 — — 2,400,000",2026-10-03
F070,F,DATO,USGS: total mundial de producción minera de litio 2024 / 2025e (excl. EE.UU.) y reservas,222.000 / 290.000 t; reservas 37.000.000 t,"USGS, Mineral Commodity Summaries 2026: Lithium",P,https://pubs.usgs.gov/periodicals/mcs2026/mcs2026-lithium.pdf,data/raw/F_usgs_mcs2026_lithium_2026-10-03.pdf,53f92ea45c367c36,"World total (rounded) 8222,000 8290,000 37,000,000",2026-10-03
F071,F,DATO,USGS: recursos medidos e indicados de litio de Argentina (los mayores del listado),28 millones de t,"USGS, Mineral Commodity Summaries 2026: Lithium",P,https://pubs.usgs.gov/periodicals/mcs2026/mcs2026-lithium.pdf,data/raw/F_usgs_mcs2026_lithium_2026-10-03.pdf,53f92ea45c367c36,"Argentina, 28 million tons; Bolivia, 23 million tons; Chile, 13 million tons",2026-10-03
F072,F,ESTIMACIÓN,Participación de Argentina en reservas y producción mundial de litio (2025e),11.9% de reservas; 7.9% de producción,"USGS, Mineral Commodity Summaries 2026: Lithium",P,https://pubs.usgs.gov/periodicals/mcs2026/mcs2026-lithium.pdf,data/raw/F_usgs_mcs2026_lithium_2026-10-03.pdf,53f92ea45c367c36,"4.400.000/37.000.000 y 23.000/290.000; insumos F064, F070",2026-10-03
F073,F,DATO,Sitios del Patrimonio Mundial de Argentina (total; naturales + mixtos),12; 5,"UNESCO Open Data, World Heritage List (dataset whc001)",P,"https://data.unesco.org/api/explore/v2.1/catalog/datasets/whc001/exports/csv?select=id_no,name_en,category,states_names,iso_codes,date_inscribed,danger,transboundary&delimiter=%3B",data/raw/F_unesco_whc001_2026-10-03.csv,812c5387a6052b10,"filas con 'ar' en iso_codes = 12; de ellas category in (Natural, Mixed) = 5; dataset modificado 2026-10-02",2026-10-03
F074,F,DATO,Sitios del Patrimonio Mundial de Nueva Zelanda (total; naturales + mixtos),3; 3,"UNESCO Open Data, World Heritage List (dataset whc001)",P,"https://data.unesco.org/api/explore/v2.1/catalog/datasets/whc001/exports/csv?select=id_no,name_en,category,states_names,iso_codes,date_inscribed,danger,transboundary&delimiter=%3B",data/raw/F_unesco_whc001_2026-10-03.csv,812c5387a6052b10,"filas con 'nz' en iso_codes = 3; de ellas category in (Natural, Mixed) = 3; dataset modificado 2026-10-02",2026-10-03
F075,F,DATO,Sitios del Patrimonio Mundial de Uruguay (total; naturales + mixtos),3; 0,"UNESCO Open Data, World Heritage List (dataset whc001)",P,"https://data.unesco.org/api/explore/v2.1/catalog/datasets/whc001/exports/csv?select=id_no,name_en,category,states_names,iso_codes,date_inscribed,danger,transboundary&delimiter=%3B",data/raw/F_unesco_whc001_2026-10-03.csv,812c5387a6052b10,"filas con 'uy' en iso_codes = 3; de ellas category in (Natural, Mixed) = 0; dataset modificado 2026-10-02",2026-10-03
F076,F,DATO,Sitios del Patrimonio Mundial de Chile (total; naturales + mixtos),7; 0,"UNESCO Open Data, World Heritage List (dataset whc001)",P,"https://data.unesco.org/api/explore/v2.1/catalog/datasets/whc001/exports/csv?select=id_no,name_en,category,states_names,iso_codes,date_inscribed,danger,transboundary&delimiter=%3B",data/raw/F_unesco_whc001_2026-10-03.csv,812c5387a6052b10,"filas con 'cl' en iso_codes = 7; de ellas category in (Natural, Mixed) = 0; dataset modificado 2026-10-02",2026-10-03
F077,F,DATO,Sitios del Patrimonio Mundial de Portugal (total; naturales + mixtos),17; 1,"UNESCO Open Data, World Heritage List (dataset whc001)",P,"https://data.unesco.org/api/explore/v2.1/catalog/datasets/whc001/exports/csv?select=id_no,name_en,category,states_names,iso_codes,date_inscribed,danger,transboundary&delimiter=%3B",data/raw/F_unesco_whc001_2026-10-03.csv,812c5387a6052b10,"filas con 'pt' en iso_codes = 17; de ellas category in (Natural, Mixed) = 1; dataset modificado 2026-10-02",2026-10-03
F078,F,DATO,Sitios del Patrimonio Mundial de Canadá (total; naturales + mixtos),22; 12,"UNESCO Open Data, World Heritage List (dataset whc001)",P,"https://data.unesco.org/api/explore/v2.1/catalog/datasets/whc001/exports/csv?select=id_no,name_en,category,states_names,iso_codes,date_inscribed,danger,transboundary&delimiter=%3B",data/raw/F_unesco_whc001_2026-10-03.csv,812c5387a6052b10,"filas con 'ca' en iso_codes = 22; de ellas category in (Natural, Mixed) = 12; dataset modificado 2026-10-02",2026-10-03
F079,F,ESTIMACIÓN,Años 1960–2024 en que Argentina registra deuda soberana en default (DEBT_TOTAL > 0) según BoC–BoE,47 de 65,"Bank of Canada–Bank of England, Sovereign Default Database 2025 (datos 1960–2024)",P,https://www.bankofcanada.ca/wp-content/uploads/2025/10/BoC-BoE-Database-2025.xlsx,data/raw/F_boc_boe_sovereign_default_db2025_2026-10-03.xlsx,5ed273650bed7d5c,"hoja Debt_2025; DEBT_COUNTRY=Argentina; conteo de DEBT_YEAR 1960–2024 con DEBT_TOTAL_2025>0; años=1960,1961,1962,1963,1965,1976,1982,1983,1984,1985,1986,1987,1988,1989,1990,1991,1992,1993,1994,1995,1996,1997,2000,2001,2002,2003,2004,2005,2006,2007,2008,2009,2010,2011,2012,2013,2014,2015,2016,2017,2018,2019,2020,2021,2022,2023,2024",2026-10-03
F080,F,HIPÓTESIS,Nueva Zelanda no figura entre los 166 soberanos/territorios de la base BoC–BoE: se interpreta como sin defaults registrados 1960–2024,0 (no figura),"Bank of Canada–Bank of England, Sovereign Default Database 2025 (datos 1960–2024)",P,https://www.bankofcanada.ca/wp-content/uploads/2025/10/BoC-BoE-Database-2025.xlsx,data/raw/F_boc_boe_sovereign_default_db2025_2026-10-03.xlsx,5ed273650bed7d5c,hoja Debt_2025: ningún registro con DEBT_COUNTRY=New Zealand,2026-10-03
F081,F,ESTIMACIÓN,Años 1960–2024 en que Uruguay registra deuda soberana en default (DEBT_TOTAL > 0) según BoC–BoE,9 de 65,"Bank of Canada–Bank of England, Sovereign Default Database 2025 (datos 1960–2024)",P,https://www.bankofcanada.ca/wp-content/uploads/2025/10/BoC-BoE-Database-2025.xlsx,data/raw/F_boc_boe_sovereign_default_db2025_2026-10-03.xlsx,5ed273650bed7d5c,"hoja Debt_2025; DEBT_COUNTRY=Uruguay; conteo de DEBT_YEAR 1960–2024 con DEBT_TOTAL_2025>0; años=1965,1983,1984,1985,1986,1988,1990,1991,2003",2026-10-03
F082,F,ESTIMACIÓN,Años 1960–2024 en que Chile registra deuda soberana en default (DEBT_TOTAL > 0) según BoC–BoE,18 de 65,"Bank of Canada–Bank of England, Sovereign Default Database 2025 (datos 1960–2024)",P,https://www.bankofcanada.ca/wp-content/uploads/2025/10/BoC-BoE-Database-2025.xlsx,data/raw/F_boc_boe_sovereign_default_db2025_2026-10-03.xlsx,5ed273650bed7d5c,"hoja Debt_2025; DEBT_COUNTRY=Chile; conteo de DEBT_YEAR 1960–2024 con DEBT_TOTAL_2025>0; años=1961,1963,1964,1965,1966,1971,1972,1973,1974,1975,1983,1984,1985,1986,1987,1988,1989,1990",2026-10-03
F083,F,ESTIMACIÓN,Años 1960–2024 en que Portugal registra deuda soberana en default (DEBT_TOTAL > 0) según BoC–BoE,1 de 65,"Bank of Canada–Bank of England, Sovereign Default Database 2025 (datos 1960–2024)",P,https://www.bankofcanada.ca/wp-content/uploads/2025/10/BoC-BoE-Database-2025.xlsx,data/raw/F_boc_boe_sovereign_default_db2025_2026-10-03.xlsx,5ed273650bed7d5c,hoja Debt_2025; DEBT_COUNTRY=Portugal; conteo de DEBT_YEAR 1960–2024 con DEBT_TOTAL_2025>0; años=2013,2026-10-03
F084,F,HIPÓTESIS,Canadá no figura entre los 166 soberanos/territorios de la base BoC–BoE: se interpreta como sin defaults registrados 1960–2024,0 (no figura),"Bank of Canada–Bank of England, Sovereign Default Database 2025 (datos 1960–2024)",P,https://www.bankofcanada.ca/wp-content/uploads/2025/10/BoC-BoE-Database-2025.xlsx,data/raw/F_boc_boe_sovereign_default_db2025_2026-10-03.xlsx,5ed273650bed7d5c,hoja Debt_2025: ningún registro con DEBT_COUNTRY=Canada,2026-10-03
F085,F,DATO,"BoC–BoE: deuda de Argentina en default en 2001, bonos en moneda extranjera","USD 84,830 millones","Bank of Canada–Bank of England, Sovereign Default Database 2025 (datos 1960–2024)",P,https://www.bankofcanada.ca/wp-content/uploads/2025/10/BoC-BoE-Database-2025.xlsx,data/raw/F_boc_boe_sovereign_default_db2025_2026-10-03.xlsx,5ed273650bed7d5c,hoja Debt_2025; k=ARG_2001; DEBT_FC_BONDS_2025=84830.0; DEBT_TOTAL_2025=84830.0,2026-10-03
F086,F,DATO,"BoC–BoE: deuda de Argentina en default en 2020, bonos en moneda extranjera","USD 70,503 millones","Bank of Canada–Bank of England, Sovereign Default Database 2025 (datos 1960–2024)",P,https://www.bankofcanada.ca/wp-content/uploads/2025/10/BoC-BoE-Database-2025.xlsx,data/raw/F_boc_boe_sovereign_default_db2025_2026-10-03.xlsx,5ed273650bed7d5c,hoja Debt_2025; k=ARG_2020; DEBT_FC_BONDS_2025=70503.0; DEBT_TOTAL_2025=70956.56,2026-10-03
F087,F,DATO,BoC–BoE: deuda de Argentina todavía clasificada en default en 2024,"USD 2,687 millones","Bank of Canada–Bank of England, Sovereign Default Database 2025 (datos 1960–2024)",P,https://www.bankofcanada.ca/wp-content/uploads/2025/10/BoC-BoE-Database-2025.xlsx,data/raw/F_boc_boe_sovereign_default_db2025_2026-10-03.xlsx,5ed273650bed7d5c,hoja Debt_2025; k=ARG_2024; DEBT_TOTAL_2025=2687.0,2026-10-03
F088,F,DATO,"Metodología BoC–BoE: las reestructuraciones de préstamos oficiales de la UE a Grecia, Irlanda y Portugal (2013, 2018) cuentan como default por pérdida en valor presente (explica el registro de Portugal 2013)",Portugal 2013,"Bank of Canada, Staff Analytical Note 2025-24 (metodología de la base de defaults)",P,https://www.bankofcanada.ca/wp-content/uploads/2025/10/san2025-24.pdf,data/raw/F_boc_boe_san2025-24_2026-10-03.pdf,6a4277ad0f4d0a9c,These official debt restructurings are consistent with our definition of sovereign defaults because they result in creditor losses in present-value terms,2026-10-03
F089,F,DATO,"Inflación (IPC, % anual promedio) de Argentina, 2024 — Banco Mundial",219.9%,"Banco Mundial, WDI FP.CPI.TOTL.ZG (inflación, IPC, % anual)",P,"https://data360api.worldbank.org/data360/data?DATABASE_ID=WB_WDI&INDICATOR=WB_WDI_FP_CPI_TOTL_ZG&REF_AREA=ARG,NZL,URY,CHL,PRT,CAN",data/raw/F_wb360_wdi_fp_cpi_totl_zg_2026-10-03.json,5bd0713af456037c,INDICATOR=WB_WDI_FP_CPI_TOTL_ZG; REF_AREA=ARG; TIME_PERIOD=2024; OBS_VALUE=219.883929,2026-10-03
F090,F,DATO,"Inflación (IPC, % anual promedio) de Nueva Zelanda, 2024 — Banco Mundial",2.9%,"Banco Mundial, WDI FP.CPI.TOTL.ZG (inflación, IPC, % anual)",P,"https://data360api.worldbank.org/data360/data?DATABASE_ID=WB_WDI&INDICATOR=WB_WDI_FP_CPI_TOTL_ZG&REF_AREA=ARG,NZL,URY,CHL,PRT,CAN",data/raw/F_wb360_wdi_fp_cpi_totl_zg_2026-10-03.json,5bd0713af456037c,INDICATOR=WB_WDI_FP_CPI_TOTL_ZG; REF_AREA=NZL; TIME_PERIOD=2024; OBS_VALUE=2.922798,2026-10-03
F091,F,DATO,"Inflación (IPC, % anual promedio) de Nueva Zelanda, 2025 — Banco Mundial",2.8%,"Banco Mundial, WDI FP.CPI.TOTL.ZG (inflación, IPC, % anual)",P,"https://data360api.worldbank.org/data360/data?DATABASE_ID=WB_WDI&INDICATOR=WB_WDI_FP_CPI_TOTL_ZG&REF_AREA=ARG,NZL,URY,CHL,PRT,CAN",data/raw/F_wb360_wdi_fp_cpi_totl_zg_2026-10-03.json,5bd0713af456037c,INDICATOR=WB_WDI_FP_CPI_TOTL_ZG; REF_AREA=NZL; TIME_PERIOD=2025; OBS_VALUE=2.839796,2026-10-03
F092,F,DATO,"Inflación (IPC, % anual promedio) de Uruguay, 2024 — Banco Mundial",4.8%,"Banco Mundial, WDI FP.CPI.TOTL.ZG (inflación, IPC, % anual)",P,"https://data360api.worldbank.org/data360/data?DATABASE_ID=WB_WDI&INDICATOR=WB_WDI_FP_CPI_TOTL_ZG&REF_AREA=ARG,NZL,URY,CHL,PRT,CAN",data/raw/F_wb360_wdi_fp_cpi_totl_zg_2026-10-03.json,5bd0713af456037c,INDICATOR=WB_WDI_FP_CPI_TOTL_ZG; REF_AREA=URY; TIME_PERIOD=2024; OBS_VALUE=4.849144,2026-10-03
F093,F,DATO,"Inflación (IPC, % anual promedio) de Uruguay, 2025 — Banco Mundial",4.7%,"Banco Mundial, WDI FP.CPI.TOTL.ZG (inflación, IPC, % anual)",P,"https://data360api.worldbank.org/data360/data?DATABASE_ID=WB_WDI&INDICATOR=WB_WDI_FP_CPI_TOTL_ZG&REF_AREA=ARG,NZL,URY,CHL,PRT,CAN",data/raw/F_wb360_wdi_fp_cpi_totl_zg_2026-10-03.json,5bd0713af456037c,INDICATOR=WB_WDI_FP_CPI_TOTL_ZG; REF_AREA=URY; TIME_PERIOD=2025; OBS_VALUE=4.650327,2026-10-03
F094,F,DATO,"Inflación (IPC, % anual promedio) de Chile, 2024 — Banco Mundial",4.3%,"Banco Mundial, WDI FP.CPI.TOTL.ZG (inflación, IPC, % anual)",P,"https://data360api.worldbank.org/data360/data?DATABASE_ID=WB_WDI&INDICATOR=WB_WDI_FP_CPI_TOTL_ZG&REF_AREA=ARG,NZL,URY,CHL,PRT,CAN",data/raw/F_wb360_wdi_fp_cpi_totl_zg_2026-10-03.json,5bd0713af456037c,INDICATOR=WB_WDI_FP_CPI_TOTL_ZG; REF_AREA=CHL; TIME_PERIOD=2024; OBS_VALUE=4.297639,2026-10-03
F095,F,DATO,"Inflación (IPC, % anual promedio) de Chile, 2025 — Banco Mundial",4.2%,"Banco Mundial, WDI FP.CPI.TOTL.ZG (inflación, IPC, % anual)",P,"https://data360api.worldbank.org/data360/data?DATABASE_ID=WB_WDI&INDICATOR=WB_WDI_FP_CPI_TOTL_ZG&REF_AREA=ARG,NZL,URY,CHL,PRT,CAN",data/raw/F_wb360_wdi_fp_cpi_totl_zg_2026-10-03.json,5bd0713af456037c,INDICATOR=WB_WDI_FP_CPI_TOTL_ZG; REF_AREA=CHL; TIME_PERIOD=2025; OBS_VALUE=4.212936,2026-10-03
F096,F,DATO,"Inflación (IPC, % anual promedio) de Portugal, 2024 — Banco Mundial",2.4%,"Banco Mundial, WDI FP.CPI.TOTL.ZG (inflación, IPC, % anual)",P,"https://data360api.worldbank.org/data360/data?DATABASE_ID=WB_WDI&INDICATOR=WB_WDI_FP_CPI_TOTL_ZG&REF_AREA=ARG,NZL,URY,CHL,PRT,CAN",data/raw/F_wb360_wdi_fp_cpi_totl_zg_2026-10-03.json,5bd0713af456037c,INDICATOR=WB_WDI_FP_CPI_TOTL_ZG; REF_AREA=PRT; TIME_PERIOD=2024; OBS_VALUE=2.416132,2026-10-03
F097,F,DATO,"Inflación (IPC, % anual promedio) de Portugal, 2025 — Banco Mundial",2.3%,"Banco Mundial, WDI FP.CPI.TOTL.ZG (inflación, IPC, % anual)",P,"https://data360api.worldbank.org/data360/data?DATABASE_ID=WB_WDI&INDICATOR=WB_WDI_FP_CPI_TOTL_ZG&REF_AREA=ARG,NZL,URY,CHL,PRT,CAN",data/raw/F_wb360_wdi_fp_cpi_totl_zg_2026-10-03.json,5bd0713af456037c,INDICATOR=WB_WDI_FP_CPI_TOTL_ZG; REF_AREA=PRT; TIME_PERIOD=2025; OBS_VALUE=2.336016,2026-10-03
F098,F,DATO,"Inflación (IPC, % anual promedio) de Canadá, 2024 — Banco Mundial",2.4%,"Banco Mundial, WDI FP.CPI.TOTL.ZG (inflación, IPC, % anual)",P,"https://data360api.worldbank.org/data360/data?DATABASE_ID=WB_WDI&INDICATOR=WB_WDI_FP_CPI_TOTL_ZG&REF_AREA=ARG,NZL,URY,CHL,PRT,CAN",data/raw/F_wb360_wdi_fp_cpi_totl_zg_2026-10-03.json,5bd0713af456037c,INDICATOR=WB_WDI_FP_CPI_TOTL_ZG; REF_AREA=CAN; TIME_PERIOD=2024; OBS_VALUE=2.381584,2026-10-03
F099,F,DATO,"Inflación (IPC, % anual promedio) de Canadá, 2025 — Banco Mundial",2.1%,"Banco Mundial, WDI FP.CPI.TOTL.ZG (inflación, IPC, % anual)",P,"https://data360api.worldbank.org/data360/data?DATABASE_ID=WB_WDI&INDICATOR=WB_WDI_FP_CPI_TOTL_ZG&REF_AREA=ARG,NZL,URY,CHL,PRT,CAN",data/raw/F_wb360_wdi_fp_cpi_totl_zg_2026-10-03.json,5bd0713af456037c,INDICATOR=WB_WDI_FP_CPI_TOTL_ZG; REF_AREA=CAN; TIME_PERIOD=2025; OBS_VALUE=2.072324,2026-10-03
F100,F,DATO,"IPC Nacional INDEC: variación mensual y interanual, 2026-08",1.7% m/m; 33.5% i.a.,INDEC IPC Nacional (base dic-2016) vía API de Series de Tiempo de datos.gob.ar,P,"https://apis.datos.gob.ar/series/api/series/?ids=148.3_INIVELNAL_DICI_M_26,148.3_INIVELNAL_DICI_M_26:percent_change,148.3_INIVELNAL_DICI_M_26:percent_change_a_year_ago&format=csv&limit=1000",data/raw/F_datosgob_ipc_nacional_2026-10-03.csv,343c9fc872f93aa1,indice_tiempo=2026-08-01; var_pct=0.0165920642352028; var_pct_ia=0.3354117291414028,2026-10-03
F101,F,DATO,IPC Nacional INDEC: inflación diciembre 2025 / diciembre 2024,31.5%,INDEC IPC Nacional (base dic-2016) vía API de Series de Tiempo de datos.gob.ar,P,"https://apis.datos.gob.ar/series/api/series/?ids=148.3_INIVELNAL_DICI_M_26,148.3_INIVELNAL_DICI_M_26:percent_change,148.3_INIVELNAL_DICI_M_26:percent_change_a_year_ago&format=csv&limit=1000",data/raw/F_datosgob_ipc_nacional_2026-10-03.csv,343c9fc872f93aa1,indice_tiempo=2025-12-01; var_pct_ia=0.3154876051264571,2026-10-03
F102,F,ESTIMACIÓN,Argentina 2025: inflación promedio anual (misma definición que FP.CPI.TOTL.ZG) a partir del IPC INDEC (el Banco Mundial aún no publica 2025 para Argentina),41.9%,INDEC IPC Nacional (base dic-2016) vía API de Series de Tiempo de datos.gob.ar,P,"https://apis.datos.gob.ar/series/api/series/?ids=148.3_INIVELNAL_DICI_M_26,148.3_INIVELNAL_DICI_M_26:percent_change,148.3_INIVELNAL_DICI_M_26:percent_change_a_year_ago&format=csv&limit=1000",data/raw/F_datosgob_ipc_nacional_2026-10-03.csv,343c9fc872f93aa1,promedio(IPC 2025)/promedio(IPC 2024) − 1 = 8966.17/6317.74 − 1,2026-10-03
F103,F,DATO,Corralito: el Decreto 1570/2001 limitó los retiros en efectivo a $250 o USD 250 por semana,01/12/2001,"InfoLEG, Decreto 1570/2001 (01/12/2001, ""corralito"")",P,https://servicios.infoleg.gob.ar/infolegInternet/anexos/70000-74999/70355/norma.htm,data/raw/F_infoleg_dec1570_2001_2026-10-03.html,795af59d28c5cc4f,Los retiros en efectivo que superen los PESOS DOSCIENTOS CINCUENTA ($ 250) o DOLARES ESTADOUNIDENSES DOSCIENTOS CINCUENTA (U$S 250) por semana,2026-10-03
F104,F,DATO,Corralito: el Decreto 1570/2001 prohibió las transferencias al exterior (salvo excepciones),01/12/2001,"InfoLEG, Decreto 1570/2001 (01/12/2001, ""corralito"")",P,https://servicios.infoleg.gob.ar/infolegInternet/anexos/70000-74999/70355/norma.htm,data/raw/F_infoleg_dec1570_2001_2026-10-03.html,795af59d28c5cc4f,"b) Las transferencias al exterior, con excepción de las que correspondan a operaciones de comercio exterior",2026-10-03
F105,F,DATO,"Cepo 2011: validación fiscal (AFIP) obligatoria para comprar moneda extranjera, vigente desde el 11/11/2011",11/11/2011,"BCRA, Comunicación ""A"" 5245 (10/11/2011)",P,https://www.bcra.gob.ar/archivos/Pdfs/comytexord/A5245.pdf,data/raw/F_bcra_comA5245_2026-10-03.pdf,ba1ada09bab9c49e,se ha dispuesto con vigencia a partir del 11.11.2011 inclusive,2026-10-03
F106,F,DATO,"Salida del cepo 2015: la Com. A 5850 deja sin efecto la consulta AFIP, con vigencia desde el 17/12/2015",17/12/2015,"BCRA, Comunicación ""A"" 5850 (17/12/2015)",P,https://www.bcra.gob.ar/archivos/Pdfs/comytexord/A5850.pdf,data/raw/F_bcra_comA5850_2026-10-03.pdf,76cdc301ba062a4c,"con vigencia a partir del 17.12.2015 inclusive, se ha dispuesto lo siguiente: 1. Dejar sin efecto la consulta y registro de las operaciones cambiarias",2026-10-03
F107,F,DATO,Cepo 2019: el DNU 609/2019 faculta al BCRA a exigir autorización previa para comprar divisas,01/09/2019,"InfoLEG, Decreto DNU 609/2019 (01/09/2019)",P,https://servicios.infoleg.gob.ar/infolegInternet/anexos/325000-329999/327566/norma.htm,data/raw/F_infoleg_dnu609_2019_2026-10-03.html,40cf6f8bbc8449ae,"Decreto 609/2019 DNU-2019-609-APN-PTE Ciudad de Buenos Aires, 01/09/2019",2026-10-03
F108,F,DATO,Cepo 2019: la Com. A 6770 exige conformidad previa del BCRA a personas humanas por encima de USD 10.000 mensuales,01/09/2019,"BCRA, Comunicación ""A"" 6770 (01/09/2019)",P,https://www.bcra.gob.ar/archivos/Pdfs/comytexord/A6770.pdf,data/raw/F_bcra_comA6770_2026-10-03.pdf,09ca2446991a3ca3,cuando supere el equivalente de US$ 10.000 mensuales,2026-10-03
F109,F,DATO,Cepo 2019: la Com. A 6815 limita a USD 200 mensuales la compra de personas humanas sin conformidad previa,28/10/2019,"BCRA, Comunicación ""A"" 6815 (28/10/2019)",P,https://www.bcra.gob.ar/archivos/Pdfs/comytexord/A6815.pdf,data/raw/F_bcra_comA6815_2026-10-03.pdf,f30926c2ae33d74b,cuando su- pere el equivalente de US$ 200 mensuales,2026-10-03
F110,F,DATO,Salida del cepo 2025 (personas humanas): la Com. A 8226 rige desde el 14/04/2025 y habilita la compra sin conformidad previa del BCRA,14/04/2025,"BCRA, Comunicación ""A"" 8226 (11/04/2025)",P,https://www.bcra.gob.ar/archivos/Pdfs/comytexord/A8226.pdf,data/raw/F_bcra_comA8226_2026-10-03.pdf,5eb40c2773eeb805,"adoptó la siguiente resolución con vigencia a partir del 14/04/25: 1. Establecer que las entidades podrán dar acceso al mercado de cambios a las personas humanas residentes, sin conformidad previa del Banco Central",2026-10-03
F111,F,DATO,La Com. A 8226 mantiene restricciones para empresas: solo habilita girar dividendos de ejercicios iniciados desde el 01/01/2025,01/01/2025,"BCRA, Comunicación ""A"" 8226 (11/04/2025)",P,https://www.bcra.gob.ar/archivos/Pdfs/comytexord/A8226.pdf,data/raw/F_bcra_comA8226_2026-10-03.pdf,5eb40c2773eeb805,realizadas en estados contables anuales regulares y auditados de ejercicios iniciados a partir del 01/01/25,2026-10-03
F112,F,ESTIMACIÓN,Años con cepo cambiario para personas humanas entre 11/2011 y 04/2025,9.7 años,Cálculo propio (Colossus Lab),,,,,"(17/12/2015 − 11/11/2011) + (14/04/2025 − 01/09/2019); insumos F105, F106, F107, F110",2026-10-03
F113,F,DATO,"WJP Rule of Law Index 2025: puntaje (0–1), variación, puesto (de 143) y cambio de puesto de Argentina",0.54 / puesto 65,"World Justice Project, Rule of Law Index 2025 (informe)",R,https://worldjusticeproject.org/rule-of-law-index/downloads/WJPIndex2025.pdf,data/raw/F_wjp_index2025_2026-10-03.pdf,8f631ea0e8a34852,Argentina 0.54 -1.0% 65 -1,2026-10-03
F114,F,DATO,"WJP Rule of Law Index 2025: puntaje (0–1), variación, puesto (de 143) y cambio de puesto de Nueva Zelanda",0.83 / puesto 5,"World Justice Project, Rule of Law Index 2025 (informe)",R,https://worldjusticeproject.org/rule-of-law-index/downloads/WJPIndex2025.pdf,data/raw/F_wjp_index2025_2026-10-03.pdf,8f631ea0e8a34852,New Zealand 0.83 0.0% 5 1,2026-10-03
F115,F,DATO,"WJP Rule of Law Index 2025: puntaje (0–1), variación, puesto (de 143) y cambio de puesto de Uruguay",0.72 / puesto 23,"World Justice Project, Rule of Law Index 2025 (informe)",R,https://worldjusticeproject.org/rule-of-law-index/downloads/WJPIndex2025.pdf,data/raw/F_wjp_index2025_2026-10-03.pdf,8f631ea0e8a34852,Uruguay 0.72 -0.2% 23 1,2026-10-03
F116,F,DATO,"WJP Rule of Law Index 2025: puntaje (0–1), variación, puesto (de 143) y cambio de puesto de Chile",0.66 / puesto 35,"World Justice Project, Rule of Law Index 2025 (informe)",R,https://worldjusticeproject.org/rule-of-law-index/downloads/WJPIndex2025.pdf,data/raw/F_wjp_index2025_2026-10-03.pdf,8f631ea0e8a34852,Chile 0.66 -0.3% 35 1,2026-10-03
F117,F,DATO,"WJP Rule of Law Index 2025: puntaje (0–1), variación, puesto (de 143) y cambio de puesto de Portugal",0.67 / puesto 29,"World Justice Project, Rule of Law Index 2025 (informe)",R,https://worldjusticeproject.org/rule-of-law-index/downloads/WJPIndex2025.pdf,data/raw/F_wjp_index2025_2026-10-03.pdf,8f631ea0e8a34852,Portugal 0.67 -0.5% 29 -1,2026-10-03
F118,F,DATO,"WJP Rule of Law Index 2025: puntaje (0–1), variación, puesto (de 143) y cambio de puesto de Canadá",0.79 / puesto 13,"World Justice Project, Rule of Law Index 2025 (informe)",R,https://worldjusticeproject.org/rule-of-law-index/downloads/WJPIndex2025.pdf,data/raw/F_wjp_index2025_2026-10-03.pdf,8f631ea0e8a34852,Canada 0.79 -0.4% 13 -1,2026-10-03
F119,F,DATO,El WJP Rule of Law Index 2025 cubre 143 países y jurisdicciones,143,"World Justice Project, Rule of Law Index 2025 (informe)",R,https://worldjusticeproject.org/rule-of-law-index/downloads/WJPIndex2025.pdf,data/raw/F_wjp_index2025_2026-10-03.pdf,8f631ea0e8a34852,scholars across 143 countries and jurisdictions,2026-10-03
F120,F,DATO,Argentina y EE.UU. suscribieron el Acuerdo sobre Comercio e Inversiones Recíprocos (05/02/2026),05/02/2026,"Cancillería argentina, nota del 05/02/2026 sobre el Acuerdo de Comercio e Inversiones Recíprocos",P,https://www.cancilleria.gob.ar/es/actualidad/noticias/argentina-y-estados-unidos-firmaron-un-acuerdo-sobre-comercio-e-inversiones,data/raw/F_cancilleria_acuerdo_eeuu_2026-10-03.html,b4014aafdd480e75,La República Argentina y los Estados Unidos suscribieron el Acuerdo sobre Comercio e Inversiones Recíprocos,2026-10-03
F121,F,DATO,El Tesoro de EE.UU. (ESF) firmó un acuerdo de estabilización cambiaria por USD 20.000 millones con el BCRA y en octubre de 2025 ejecutó un swap por USD 2.500 millones,USD 20.000 M / 2.500 M,"U.S. Treasury, Exchange Stabilization Fund, estados de octubre de 2025",P,https://home.treasury.gov/system/files/206/ESF-October-2025-FS_Trunc_Notes.pdf,data/raw/F_treasury_esf_oct2025_2026-10-03.pdf,3b0167d7bdbcca78,The ESF also has an exchange stabilization agreement (ESA) with the Central Bank of Argentina (BCRA) for $20 billion,2026-10-03
F122,F,DATO,Detalle del swap ESF–BCRA de octubre de 2025,USD 2.500 M,"U.S. Treasury, Exchange Stabilization Fund, estados de octubre de 2025",P,https://home.treasury.gov/system/files/206/ESF-October-2025-FS_Trunc_Notes.pdf,data/raw/F_treasury_esf_oct2025_2026-10-03.pdf,3b0167d7bdbcca78,the BCRA exchanged pesos for $2.5 billion,2026-10-03
G01,G,DATO,Reservas internacionales brutas del BCRA (último dato),"USD 46,092 M","BCRA, API Estadísticas v4.0, variable 1",P,https://api.bcra.gob.ar/estadisticas/v4.0/monetarias/1?desde=2016-01-01&hasta=2026-10-03&limit=3000,data/raw/G_bcra_reservas_v4_2026-10-03.json,bcfd5ce5a64bcbaa,idVariable=1; fecha=2026-09-30; valor=46092.0,2026-10-03
G02,G,DATO,Vencimientos de capital de la deuda bruta externa de la Administración Central en 2027,"USD 12,125 M","Secretaría de Finanzas, Deuda pública al 30/06/2026, hoja A.4.6",P,https://www.argentina.gob.ar/sites/default/files/deuda_publica_30-06-2026_0.xlsx,data/raw/G_finanzas_deuda_publica_trimestral_2026-06-30_2026-10-03.xlsx,e481f24585ef40b8,hoja=A.4.6; fila=TOTAL; columna=2027; valor=12125,2026-10-03
G03,G,DATO,Servicios de capital e interés de la deuda bruta (todas las monedas) jul-2026 a jun-2027,"USD 147,930 M","Secretaría de Finanzas, Deuda pública al 30/06/2026, hoja A.3.1",P,https://www.argentina.gob.ar/sites/default/files/deuda_publica_30-06-2026_0.xlsx,data/raw/G_finanzas_deuda_publica_trimestral_2026-06-30_2026-10-03.xlsx,e481f24585ef40b8,hoja=A.3.1; fila=TOTAL; columna=Total; valor_miles=147929693.6,2026-10-03
G04,G,ESCENARIO,"Con 1.000 solicitantes/año (70% aporte, 30% bono) los aportes suman",USD 345 M (2.85% de venc. capital externo 2027; 0.75% de reservas),Cálculo propio,,,data/processed/G_escenarios.csv,,"ingreso = N·(1−b)·350k + N·(0,8·100k + 0,8·25k); N=1000, b=0,3; insumos A01–A04, G01, G02",2026-10-03
G05,G,ESCENARIO,"Techo del rango: 3.000 solicitantes/año, todos por aporte","USD 1,350 M (11.13% de venc. capital externo 2027)",Cálculo propio,,,data/processed/G_escenarios.csv,,"ingreso = 3000·350k + 3000·100k; insumos A01–A04, G02",2026-10-03
