GEO_ID|B05006_E001|B05006_M001|B05006_E002|B05006_M002|B05006_E003|B05006_M003|B05006_E004|B05006_M004|B05006_E005|B05006_M005|B05006_E006|B05006_M006|B05006_E007|B05006_M007|B05006_E008|B05006_M008|B05006_E009|B05006_M009|B05006_E010|B05006_M010|B05006_E011|B05006_M011|B05006_E012|B05006_M012|B05006_E013|B05006_M013|B05006_E014|B05006_M014|B05006_E015|B05006_M015|B05006_E016|B05006_M016|B05006_E017|B05006_M017|B05006_E018|B05006_M018|B05006_E019|B05006_M019|B05006_E020|B05006_M020|B05006_E021|B05006_M021|B05006_E022|B05006_M022|B05006_E023|B05006_M023|B05006_E024|B05006_M024|B05006_E025|B05006_M025|B05006_E026|B05006_M026|B05006_E027|B05006_M027|B05006_E028|B05006_M028|B05006_E029|B05006_M029|B05006_E030|B05006_M030|B05006_E031|B05006_M031|B05006_E032|B05006_M032|B05006_E033|B05006_M033|B05006_E034|B05006_M034|B05006_E035|B05006_M035|B05006_E036|B05006_M036|B05006_E037|B05006_M037|B05006_E038|B05006_M038|B05006_E039|B05006_M039|B05006_E040|B05006_M040|B05006_E041|B05006_M041|B05006_E042|B05006_M042|B05006_E043|B05006_M043|B05006_E044|B05006_M044|B05006_E045|B05006_M045|B05006_E046|B05006_M046|B05006_E047|B05006_M047|B05006_E048|B05006_M048|B05006_E049|B05006_M049|B05006_E050|B05006_M050|B05006_E051|B05006_M051|B05006_E052|B05006_M052|B05006_E053|B05006_M053|B05006_E054|B05006_M054|B05006_E055|B05006_M055|B05006_E056|B05006_M056|B05006_E057|B05006_M057|B05006_E058|B05006_M058|B05006_E059|B05006_M059|B05006_E060|B05006_M060|B05006_E061|B05006_M061|B05006_E062|B05006_M062|B05006_E063|B05006_M063|B05006_E064|B05006_M064|B05006_E065|B05006_M065|B05006_E066|B05006_M066|B05006_E067|B05006_M067|B05006_E068|B05006_M068|B05006_E069|B05006_M069|B05006_E070|B05006_M070|B05006_E071|B05006_M071|B05006_E072|B05006_M072|B05006_E073|B05006_M073|B05006_E074|B05006_M074|B05006_E075|B05006_M075|B05006_E076|B05006_M076|B05006_E077|B05006_M077|B05006_E078|B05006_M078|B05006_E079|B05006_M079|B05006_E080|B05006_M080|B05006_E081|B05006_M081|B05006_E082|B05006_M082|B05006_E083|B05006_M083|B05006_E084|B05006_M084|B05006_E085|B05006_M085|B05006_E086|B05006_M086|B05006_E087|B05006_M087|B05006_E088|B05006_M088|B05006_E089|B05006_M089|B05006_E090|B05006_M090|B05006_E091|B05006_M091|B05006_E092|B05006_M092|B05006_E093|B05006_M093|B05006_E094|B05006_M094|B05006_E095|B05006_M095|B05006_E096|B05006_M096|B05006_E097|B05006_M097|B05006_E098|B05006_M098|B05006_E099|B05006_M099|B05006_E100|B05006_M100|B05006_E101|B05006_M101|B05006_E102|B05006_M102|B05006_E103|B05006_M103|B05006_E104|B05006_M104|B05006_E105|B05006_M105|B05006_E106|B05006_M106|B05006_E107|B05006_M107|B05006_E108|B05006_M108|B05006_E109|B05006_M109|B05006_E110|B05006_M110|B05006_E111|B05006_M111|B05006_E112|B05006_M112|B05006_E113|B05006_M113|B05006_E114|B05006_M114|B05006_E115|B05006_M115|B05006_E116|B05006_M116|B05006_E117|B05006_M117|B05006_E118|B05006_M118|B05006_E119|B05006_M119|B05006_E120|B05006_M120|B05006_E121|B05006_M121|B05006_E122|B05006_M122|B05006_E123|B05006_M123|B05006_E124|B05006_M124|B05006_E125|B05006_M125|B05006_E126|B05006_M126|B05006_E127|B05006_M127|B05006_E128|B05006_M128|B05006_E129|B05006_M129|B05006_E130|B05006_M130|B05006_E131|B05006_M131|B05006_E132|B05006_M132|B05006_E133|B05006_M133|B05006_E134|B05006_M134|B05006_E135|B05006_M135|B05006_E136|B05006_M136|B05006_E137|B05006_M137|B05006_E138|B05006_M138|B05006_E139|B05006_M139|B05006_E140|B05006_M140|B05006_E141|B05006_M141|B05006_E142|B05006_M142|B05006_E143|B05006_M143|B05006_E144|B05006_M144|B05006_E145|B05006_M145|B05006_E146|B05006_M146|B05006_E147|B05006_M147|B05006_E148|B05006_M148|B05006_E149|B05006_M149|B05006_E150|B05006_M150|B05006_E151|B05006_M151|B05006_E152|B05006_M152|B05006_E153|B05006_M153|B05006_E154|B05006_M154|B05006_E155|B05006_M155|B05006_E156|B05006_M156|B05006_E157|B05006_M157|B05006_E158|B05006_M158|B05006_E159|B05006_M159|B05006_E160|B05006_M160|B05006_E161|B05006_M161|B05006_E162|B05006_M162|B05006_E163|B05006_M163|B05006_E164|B05006_M164|B05006_E165|B05006_M165|B05006_E166|B05006_M166|B05006_E167|B05006_M167|B05006_E168|B05006_M168|B05006_E169|B05006_M169|B05006_E170|B05006_M170|B05006_E171|B05006_M171|B05006_E172|B05006_M172|B05006_E173|B05006_M173|B05006_E174|B05006_M174|B05006_E175|B05006_M175|B05006_E176|B05006_M176|B05006_E177|B05006_M177|B05006_E178|B05006_M178
0100000US|46182089|149839|4728948|53076|901202|20516|26182|2927|112251|7433|21599|4248|42382|3876|676652|17599|308610|12590|314728|9620|53314|3890|22136|2261|909430|16245|35349|2981|33979|4037|182467|9111|537484|12307|78585|5578|38992|3641|2574|1036|702497|16361|115893|7782|294936|10395|159626|8874|20864|3101|125676|7570|6366|1686|2198504|40473|106435|9287|78694|7867|100014|8493|69572|5435|37144|3274|61523|5097|60131|5127|24472|3333|30430|3687|55977|5361|26854|4889|374056|12653|157973|9479|398123|15802|45702|5363|427163|19243|144241|12741|17315|2582|14349080|61130|4226498|41201|2832972|37107|2217894|36320|237129|9641|377949|12896|330096|11854|1045100|23525|18330|3427|4572569|55226|194742|14479|294277|16902|44104|6248|2839618|40348|407283|17146|46325|5500|191213|12665|399086|16601|54595|6406|71226|6949|30100|3990|4278888|44553|159254|10271|158899|9713|101975|6761|168284|9389|77805|5646|1982333|33193|34615|3309|263120|12009|1331192|26349|1411|604|1216159|27538|96195|7821|25925|4150|31723|5807|222806|15666|142605|9298|79799|6692|42923|5362|130733|8904|62795|6441|109604|9167|151451|10516|24587|3935|70228|8600|24785|2919|54966|5506|2752965|46807|812047|27300|49218|7140|293083|16821|168915|11111|100105|11122|34469|5483|45516|6023|30886|4182|89855|10392|215943|16255|89151|9624|42148|7689|60116|7979|24528|4582|442197|19320|37007|4464|229204|14982|89881|6754|56262|7980|29843|5378|144072|11930|139332|11809|4740|1375|1048272|29627|45876|6879|215333|14232|35135|5866|92897|9360|448405|20195|36117|7676|47366|5584|28352|5507|98791|9601|90434|10684|288560|12941|126236|7307|95670|6172|30566|3291|38714|4278|26853|4517|38756|7362|58001|4100|24062536|119163|23233834|117472|4627494|54729|37644|4974|44920|5117|1312510|28446|31842|4580|1279900|35664|28552|3802|730780|27342|804775|20571|23410|4036|19160|3400|235705|14706|18755|3541|59541|6098|14635414|96673|48946|6024|97092|7639|1407622|31551|1148543|33740|843774|31504|10678502|80063|295280|16172|107301|6905|8354|2799|3970926|55676|196427|11753|85851|8042|618525|21171|110645|8096|928053|21814|518287|18296|286951|15299|471988|18210|53343|6020|667664|24851|33192|4265|828702|18898|821322|18846|7380|1457
01000A0US|45633078|146202|4653912|53316|881573|20563|25244|2889|110573|7392|21083|4246|41272|3818|661600|17657|301713|12560|307556|9692|52331|3730|21801|2266|882369|16025|34643|3012|33144|3976|180141|9135|517617|12060|76056|5507|38194|3566|2574|1036|695585|16246|114334|7766|291817|10411|159120|8912|20843|3105|124017|7542|6297|1705|2177237|40709|106111|9307|78386|7904|99654|8449|68762|5401|36603|3315|60385|5060|59563|5111|24350|3345|30125|3636|55298|5324|26593|4859|369797|12575|156476|9473|394985|15730|44635|5269|422645|19026|142869|12765|17148|2580|14271219|60852|4206594|40522|2822681|36876|2209620|36043|236368|9648|376693|12823|326442|11713|1039517|23279|17954|3437|4559723|55342|194507|14519|293521|16832|43906|6241|2831800|40225|405843|17092|46226|5504|190538|12621|398257|16620|54269|6411|70987|6965|29869|3979|4238838|44577|156800|10161|157825|9708|101326|6702|165795|9365|77133|5579|1960011|32901|34511|3306|260193|11886|1323901|26262|1343|578|1211630|27359|96081|7823|25912|4148|31673|5801|222464|15688|142052|9333|79447|6734|42869|5371|130306|8863|62602|6416|109400|9193|150259|10440|24585|3933|69239|8574|24741|2921|54434|5468|2733167|46977|805871|27207|49109|7143|292035|16765|167281|11084|98295|10964|34044|5444|45261|6026|30701|4169|89145|10388|214918|16286|88892|9601|42048|7674|59450|8047|24528|4582|438724|19165|36930|4454|228463|14985|89224|6741|54859|7883|29248|5396|139404|11864|134861|11743|4543|1405|1044564|29493|45876|6879|214243|14241|35135|5866|92629|9282|447179|20340|36092|7674|47245|5571|27999|5534|98166|9508|89686|10593|279224|12584|122358|7102|92598|5833|29760|3238|38578|4279|26011|4497|36716|7345|55561|4045|23695556|116358|22891551|114441|4605426|54679|37235|4994|44610|5037|1305162|28185|31699|4599|1277133|35797|28495|3787|728334|27395|797649|20410|23410|4036|19111|3389|234739|14642|18693|3537|59156|6071|14337005|94309|47892|5870|95980|7588|1392031|31694|1125813|33365|831720|31461|10435943|78130|292956|16141|106316|6904|8354|2799|3949120|55539|195776|11718|85072|7918|615560|21298|108368|8008|923357|21719|516249|18322|286172|15326|468168|18022|53169|5966|664955|24743|32274|4250|804005|18804|796964|18701|7041|1441
01000C0US|44380257|141939|4517542|53147|845175|20173|24419|2808|108531|7406|20120|4241|39331|3897|632003|17436|290445|12200|291869|9673|49689|3729|20771|2265|837577|15501|33215|2926|32182|3920|175516|9186|486459|11363|71508|5299|36341|3568|2356|1020|682185|16233|112495|7626|285767|10474|156090|8768|20753|3106|121542|7563|6291|1704|2135860|40605|104360|9454|78045|7936|98872|8413|67861|5290|35691|3298|59030|5037|58420|5082|23493|3272|29279|3558|54922|5251|25403|4638|363951|12500|152420|9483|386289|15428|43816|5300|414310|18968|139698|12665|16745|2571|14034578|58848|4143961|39590|2786828|35082|2179365|34561|234282|9769|373181|12661|316706|11523|1022868|23223|17559|3391|4509589|54274|192820|14504|290125|16894|43112|6178|2805283|39427|400988|17086|45802|5503|185884|12652|392069|16424|53753|6354|70370|6919|29383|3937|4129545|42613|149671|9904|154851|9225|98894|6695|159445|9286|76039|5709|1904368|32058|33768|3282|247963|11220|1303373|25783|1173|541|1198077|26981|95984|7814|25799|4129|31292|5794|220763|15653|141143|9228|79036|6729|41835|5360|129298|8843|60577|5659|108954|9130|148397|10562|24476|3954|66172|8364|24351|2887|53406|5384|2681751|46466|787903|26448|48516|7174|288621|16626|160666|10882|94204|10808|33381|5310|44965|6001|29592|4088|87958|10286|211251|15943|86776|9748|41694|7665|58426|7941|24355|4551|432580|18890|36816|4473|224493|14513|88432|6727|54040|7835|28799|5427|132537|11938|128358|11779|4179|1316|1029418|29506|45762|6887|211829|14333|34807|5821|91089|9290|440267|20004|35755|7664|46845|5525|27508|5402|95556|9611|88062|10557|264189|12035|115716|7134|88401|5747|27315|3280|38578|4279|23600|4228|33387|7090|52908|4041|22882197|113726|22118633|111271|4550297|54620|36518|5014|44325|5027|1279740|27991|31493|4587|1268295|35772|28251|3764|718843|27353|790331|20650|23240|4016|18655|3327|233366|14695|18641|3531|58599|6114|13676781|90604|46816|5899|94391|7571|1369101|30804|1072711|33896|804573|30580|9892531|75838|285433|15981|103823|6856|7402|2593|3891555|55501|190393|11887|83257|7783|604512|21292|106176|7805|909598|21543|511291|18389|285242|15271|460982|18190|52630|5985|655945|24733|31529|4247|763564|18666|756669|18574|6895|1413
01000C1US|20241529|105326|1850136|29862|344841|12753|9865|1783|41707|5177|11212|4006|18879|2601|253637|9898|129252|7364|107907|5459|16478|2153|9541|1680|361777|8817|14732|2101|13608|2370|98837|7286|186460|7335|27677|3196|19855|2813|608|427|246528|9310|47561|4311|103722|7064|31376|3490|3085|1250|60739|5564|3130|1210|889531|24630|46806|6166|36966|4505|41278|4780|28645|3795|17159|2553|25915|3137|22476|2964|7918|1636|8806|2142|19609|3872|5776|2149|112644|7383|61744|6435|185048|10525|19577|3653|184126|11682|65038|7089|7459|1891|6590641|53850|2077099|28692|1459432|25700|1172099|24320|114942|7179|172391|8930|164566|8438|444777|14639|8324|2740|1971733|43061|88858|12366|177338|11362|17905|3993|1120929|25985|224445|12681|24870|5131|85993|8274|144858|10601|22879|3756|46445|6246|17213|3018|1927101|31734|96996|8319|69743|5575|48062|5056|75945|6818|42133|4071|857197|20314|17369|2532|123618|8518|595185|20522|853|512|590891|18974|80344|6901|14353|2936|18219|4166|92127|9367|71465|6221|30608|3954|18611|3563|60998|6099|28340|3752|50872|7253|62074|4853|10490|1772|42579|6979|9811|1960|23817|3909|1307997|34378|410974|19660|26222|5085|140655|13543|78279|8095|62545|7769|19575|4790|20516|4428|11987|2633|51195|7331|108697|11945|27597|4884|30482|6914|36379|5975|14239|3901|201615|14074|17584|3276|101708|11060|33331|4305|33524|6484|15468|4959|53546|5783|51853|5682|1693|840|479971|21052|15848|4515|102139|10941|21148|5078|40666|6693|187860|13780|19729|4201|16550|3507|17635|4608|58396|9103|53194|7701|132852|9313|59375|5259|47038|4685|12337|2041|14520|2650|15239|3569|19694|5124|24024|3599|10359903|85076|10054143|82406|1940967|39293|14304|3051|28371|3591|348286|16064|17496|4253|709377|29190|20441|3471|262626|15439|352183|15194|14836|3429|12375|2899|120675|9552|11394|2549|28603|3868|6484166|69105|25617|4096|34227|4357|579362|18608|551660|28681|402389|22053|4728703|55705|115521|11497|43681|4692|3006|1358|1629010|38786|76379|6195|30103|4875|236204|14410|42343|4621|347729|14766|246539|12553|179659|11305|159264|10643|16596|3579|279215|18825|14979|3580|305760|13678|303415|13678|2345|957
01000C2US|24138728|91179|2667406|39281|500334|15373|14554|2280|66824|5184|8908|1376|20452|3031|378366|13831|161193|9449|183962|8106|33211|3186|11230|1922|475800|12593|18483|2332|18574|3101|76679|5738|299999|9488|43831|4132|16486|2317|1748|969|435657|13550|64934|6267|182045|7194|124714|8487|17668|2908|60803|5180|3161|1114|1246329|30729|57554|7114|41079|5175|57594|6716|39216|4765|18532|2551|33115|3805|35944|4015|15575|2574|20473|2835|35313|4372|19627|3808|251307|11052|90676|7363|201241|11143|24239|4224|230184|15450|74660|8359|9286|1770|7443937|47785|2066862|28809|1327396|24202|1007266|22210|119340|6517|200790|8458|152140|8279|578091|17666|9235|2160|2537856|40206|103962|10236|112787|10629|25207|5280|1684354|35113|176543|10777|20932|3202|99891|10106|247211|12429|30874|5253|23925|3453|12170|2414|2202444|32230|52675|5993|85108|7357|50832|4498|83500|6763|33906|3719|1047171|22755|16399|2203|124345|8363|708188|21336|320|201|607186|21083|15640|2694|11446|2695|13073|3423|128636|12563|69678|5912|48428|5453|23224|4386|68300|5757|32237|4938|58082|6647|86323|9517|13986|3259|23593|5250|14540|2245|29589|3733|1373754|32495|376929|17836|22294|4993|147966|11454|82387|8811|31659|7848|13806|2789|24449|4575|17605|3446|36763|6529|102554|12154|59179|8370|11212|3424|22047|5562|10116|2747|230965|13675|19232|3093|122785|10708|55101|5589|20516|5105|13331|2451|78991|10010|76505|9932|2486|896|549447|21291|29914|4934|109690|9055|13659|3187|50423|6867|252407|13953|16026|5857|30295|5030|9873|2759|37160|5182|34868|5939|131337|9211|56341|4614|41363|3538|14978|2624|24058|3956|8361|3604|13693|5168|28884|3321|12522294|82904|12064490|83259|2609330|44659|22214|3827|15954|3385|931454|23926|13997|3079|558918|21359|7810|2227|456217|23422|438148|17324|8404|2124|6280|1742|112691|9383|7247|2385|29996|4826|7192615|72392|21199|3554|60164|6007|789739|26455|521051|20028|402184|24033|5163828|59269|169912|13669|60142|5103|4396|1906|2262545|44256|114014|8947|53154|6202|368308|16206|63833|6088|561869|20395|264752|13444|105583|9435|301718|14184|36034|5160|376730|21401|16550|2812|457804|12638|453254|12517|4550|993
01000E0US|1252821|18627|136370|6477|36398|3028|825|325|2042|700|963|395|1941|722|29597|2750|11268|2069|15687|1528|2642|674|1030|619|44792|3354|1428|642|962|441|4625|1080|31158|2612|4548|1049|1853|933|218|332|13400|2121|1839|900|6050|1243|3030|1120|90|62|2475|868|6|10|41377|4212|1751|1180|341|237|782|439|901|646|912|482|1355|688|1143|415|857|460|846|595|376|276|1190|1120|5846|1521|4056|1173|8696|1673|819|280|8335|2005|3171|1076|403|270|236641|10277|62633|4944|35853|4398|30255|4123|2086|708|3512|1102|9736|1744|16649|2625|395|332|50134|4680|1687|1136|3396|1209|794|520|26517|3226|4855|1334|424|303|4654|1646|6188|2225|516|528|617|383|486|463|109293|7357|7129|1958|2974|1872|2432|890|6350|1405|1094|549|55643|4025|743|466|12230|2382|20528|3863|170|181|13553|3504|97|144|113|163|381|380|1701|1267|909|491|411|230|1034|591|1008|555|2025|1662|446|289|1862|947|109|142|3067|1736|390|269|1028|389|51416|5038|17968|3402|593|364|3414|1178|6615|2694|4091|1538|663|591|296|190|1109|552|1187|771|3667|1395|2116|1045|354|372|1024|627|173|160|6144|1983|114|115|3970|1890|792|438|819|560|449|279|6867|2256|6503|2212|364|357|15146|2889|114|193|2414|1037|328|346|1540|839|6912|2555|337|305|400|410|491|687|2610|1463|1624|686|15035|2162|6642|1429|4197|1123|2445|926|0|210|2411|1332|3329|1156|2653|999|813359|16168|772918|15521|55129|4901|717|395|285|261|25422|4014|206|251|8838|2167|244|303|9491|2301|7318|1670|170|208|456|554|1373|478|52|83|557|447|660224|15713|1076|876|1589|753|22930|4020|53102|5278|27147|3934|543412|14828|7523|2324|2493|923|952|880|57565|6355|5383|1845|1815|889|11048|3952|2192|996|13759|2873|4958|1686|930|462|7186|1671|539|346|9010|3018|745|403|40441|3327|40295|3320|146|150
01000E1US|589071|19616|42841|3667|11013|2098|248|213|405|340|334|270|596|437|9102|1954|4125|1339|4438|1162|539|424|328|322|14082|2010|418|417|149|197|1377|496|9936|1534|1314|642|677|477|211|332|5306|1331|766|501|2162|957|1008|622|0|210|1370|613|0|210|12440|2143|149|167|184|183|291|249|149|179|418|378|573|593|307|186|66|76|98|165|142|196|182|274|1462|672|1103|568|3170|960|339|155|2790|1275|1017|808|0|210|126925|8523|31926|3556|18670|2893|15671|2623|986|470|2013|739|4676|1232|8312|2172|268|279|30170|3770|1381|1077|2810|1164|5|3|16840|2652|1907|923|127|134|2969|1441|3265|1694|338|466|309|298|219|330|56157|4947|6279|1929|2338|1807|923|521|2664|959|462|355|25220|3477|528|424|8195|2075|9548|1902|0|210|8168|2822|78|138|0|210|304|362|819|884|121|148|170|140|731|521|78|95|1793|1632|122|213|1324|695|109|142|2333|1648|186|206|504|269|33330|4327|13703|3281|343|215|2526|1026|4741|2540|3835|1556|572|576|219|174|707|495|760|504|2908|1345|1716|1046|263|363|876|596|53|106|3081|1143|0|210|1904|1110|241|213|731|554|205|197|1362|639|1314|640|48|83|11249|2493|0|210|1512|864|262|330|1386|862|5875|2445|337|305|328|391|0|210|1549|1273|1027|538|5146|1312|2081|813|1602|773|479|287|0|210|588|363|1544|690|933|484|380829|15887|368121|15464|26024|3742|386|225|114|138|11630|3250|157|245|2649|1159|195|303|6025|1788|3500|1536|64|115|27|48|1058|477|0|210|219|358|318410|14503|866|862|842|607|15000|3356|31034|4549|15360|3146|250961|12698|2943|1784|749|475|655|783|23687|2954|2120|1118|882|731|4688|1781|1114|703|4819|1601|2558|1300|217|233|2705|1042|198|199|4209|1287|177|206|12708|2246|12665|2235|43|73
01000E2US|663750|14200|93529|5218|25385|2609|577|290|1637|564|629|327|1345|540|20495|2376|7143|1657|11249|1548|2103|614|702|516|30710|2821|1010|469|813|401|3248|966|21222|2141|3234|751|1176|738|7|2|8094|1638|1073|682|3888|942|2022|805|90|62|1105|647|6|10|28937|3631|1602|1177|157|147|491|365|752|626|494|281|782|358|836|393|791|449|748|558|234|179|1008|1097|4384|1448|2953|1063|5526|1343|480|248|5545|1572|2154|849|403|270|109716|7707|30707|3888|17183|3431|14584|3334|1100|575|1499|779|5060|1165|8337|1437|127|163|19964|3386|306|275|586|322|789|520|9677|2086|2948|1119|297|285|1685|731|2923|1764|178|241|308|237|267|311|53136|5460|850|565|636|441|1509|647|3686|925|632|432|30423|3554|215|199|4035|1091|10980|3302|170|181|5385|1605|19|34|113|163|77|95|882|925|788|466|241|177|303|235|930|559|232|290|324|196|538|570|0|210|734|581|204|214|524|317|18086|3206|4265|1354|250|270|888|507|1874|1025|256|297|91|130|77|89|402|296|427|549|759|319|400|255|91|95|148|132|120|118|3063|1607|114|115|2066|1549|551|375|88|88|244|250|5505|2162|5189|2123|316|351|3897|1679|114|193|902|581|66|108|154|213|1037|466|0|210|72|111|491|687|1061|857|597|418|9889|2148|4561|1297|2595|897|1966|904|0|210|1823|1291|1785|972|1720|857|432530|12475|404797|12399|29105|3524|331|339|171|206|13792|2486|49|95|6189|1769|49|3|3466|1547|3818|879|106|162|429|549|315|189|52|83|338|257|341814|11597|210|279|747|451|7930|1942|22068|3814|11787|2497|292451|10416|4580|1643|1744|755|297|391|33878|5174|3263|1320|933|547|6360|3242|1078|606|8940|2454|2400|1184|713|404|4481|1415|341|271|4801|2421|568|373|27733|2416|27630|2418|103|132
01000G0US|549011|14143|75036|4541|19629|1904|938|538|1678|805|516|240|1110|623|15052|1609|6897|1023|7172|1338|983|498|335|197|27061|2921|706|322|835|494|2326|622|19867|2614|2529|757|798|386|0|210|6912|1264|1559|686|3119|886|506|320|21|41|1659|590|69|80|21267|2493|324|267|308|242|360|242|810|577|541|464|1138|562|568|270|122|110|305|213|679|334|261|227|4259|1073|1497|705|3138|954|1067|557|4518|1170|1372|570|167|176|77861|4811|19904|2642|10291|2032|8274|1835|761|402|1256|496|3654|866|5583|1115|376|154|12846|2401|235|238|756|374|198|153|7818|1900|1440|635|99|102|675|508|829|404|326|255|239|219|231|273|40050|3127|2454|1252|1074|552|649|392|2489|537|672|311|22322|2560|104|64|2927|744|7291|1536|68|113|4529|1168|114|104|13|22|50|71|342|192|553|333|352|277|54|63|427|300|193|230|204|224|1192|399|2|5|989|633|44|79|532|637|19798|2561|6176|1443|109|40|1048|734|1634|813|1810|861|425|314|255|301|185|130|710|424|1025|656|259|232|100|100|666|596|0|210|3473|1280|77|64|741|521|657|436|1403|845|595|637|4668|1018|4471|1007|197|261|3708|1211|0|210|1090|645|0|210|268|303|1226|556|25|22|121|119|353|351|625|681|748|525|9336|1920|3878|1332|3072|1318|806|341|136|159|842|394|2040|441|2440|1263|366980|11249|342283|11057|22068|3659|409|286|310|524|7348|3167|143|202|2767|893|57|115|2446|1052|7126|1556|0|210|49|85|966|453|62|69|385|400|298409|10226|1054|861|1112|748|15591|2913|22730|3422|12054|2766|242559|9621|2324|876|985|488|0|210|21806|2389|651|340|779|509|2965|875|2277|926|4696|1233|2038|853|779|509|3820|1106|174|192|2709|1059|918|572|24697|2091|24358|2065|339|339
01000H0US|1801832|22565|211406|8169|56027|3652|1763|609|3720|1086|1479|477|3051|864|44649|3139|18165|2091|22859|2076|3625|847|1365|640|71853|4694|2134|706|1797|711|6951|1193|51025|3980|7077|1171|2651|1042|218|332|20312|2522|3398|1044|9169|1575|3536|1085|111|75|4134|1070|75|80|62644|4936|2075|1171|649|380|1142|513|1711|866|1453|637|2493|912|1711|529|979|477|1151|607|1055|468|1451|1143|10105|1730|5553|1386|11834|1890|1886|586|12853|2338|4543|1210|570|330|314502|11948|82537|5558|46144|4659|38529|4480|2847|851|4768|1215|13390|1882|22232|2936|771|364|62980|5681|1922|1133|4152|1309|992|549|34335|3980|6295|1529|523|309|5329|1699|7017|2212|842|599|856|442|717|544|149343|7990|9583|2389|4048|1983|3081|976|8839|1541|1766|638|77965|4869|847|467|15157|2568|27819|4298|238|233|18082|3695|211|175|126|174|431|388|2043|1278|1462|544|763|368|1088|590|1435|652|2218|1679|650|370|3054|1087|111|141|4056|1856|434|283|1560|740|71214|5774|24144|3871|702|375|4462|1433|8249|2897|5901|1798|1088|652|551|340|1294|560|1897|860|4692|1506|2375|1051|454|392|1690|856|173|160|9617|2474|191|131|4711|2007|1449|652|2222|991|1044|660|11535|2539|10974|2467|561|449|18854|3047|114|193|3504|1258|328|346|1808|906|8138|2441|362|307|521|424|844|744|3235|1513|2372|879|24371|3074|10520|2083|7269|1843|3251|1011|136|159|3253|1396|5369|1241|5093|1613|1180339|19340|1115201|18879|77197|5193|1126|523|595|583|32770|4528|349|270|11605|2212|301|320|11937|2451|14444|2208|170|208|505|563|2339|630|114|111|942|571|958633|18679|2130|1338|2701|1138|38521|4564|75832|6049|39201|4717|785971|16377|9847|2560|3478|1003|952|880|79371|6607|6034|1935|2594|1075|14013|3989|4469|1336|18455|3216|6996|2107|1709|707|11006|1961|713|392|11719|3164|1663|680|65138|4056|64653|4066|485|405
010C201US|43560653|152102|4313591|50491|792556|19007|22761|2798|102490|6894|19789|4257|37735|3645|590164|16380|272962|12592|272339|8981|44863|3586|19617|2052|785400|15186|31732|2973|29214|3795|167256|8755|455023|11896|65319|5509|34318|3209|2538|1033|655978|15634|111020|7600|273100|10438|146085|8023|17367|2688|119851|7506|5922|1696|2063257|39222|103105|9404|73679|7396|96114|8528|67018|5348|35187|3212|56604|4837|55002|4670|21999|3352|28586|3492|52884|5384|25742|4783|349289|12707|146598|9081|371759|15267|43467|5332|401990|18129|134234|12028|16400|2534|13870867|62912|4081578|39003|2755579|35423|2155832|34584|232937|9775|366810|12314|312561|11536|995653|22873|17785|3438|4458587|53922|192146|14342|288805|16759|42182|6121|2766341|39733|395717|17197|44420|5431|186858|12449|391535|16380|51849|6422|69449|7026|29285|3992|4097145|44221|154420|10122|153728|9491|97626|6613|152787|9188|74636|5675|1892249|33314|33184|3338|243590|11001|1293775|25994|1150|536|1180304|27124|93863|7665|25644|4127|30873|5577|216876|14980|137501|9298|77387|6345|41738|5256|125977|8926|60638|6266|107216|9302|147064|10577|23901|3927|67424|8637|24202|2872|53253|5342|2657648|48602|786911|27064|48399|7075|287307|16746|162190|11603|97678|10997|32388|5315|44017|6023|27500|4108|87432|10348|209019|15837|86406|9809|39878|7322|59515|8071|23220|4504|427300|18926|35774|4440|221955|14753|86139|6793|54962|7974|28470|5413|126023|12246|121972|12147|4051|1280|1020065|30479|45471|6815|209213|14294|34797|5847|90621|9462|435751|20521|35868|7656|45233|5584|27971|5444|95140|9607|88330|10525|258328|12404|109271|6686|83782|5309|25489|3131|36890|4251|24903|4483|34909|7325|52355|3941|22460219|116619|21742246|115744|4503230|54285|34698|4802|44043|5051|1269073|27785|31486|4634|1259181|35159|28214|3813|718435|27353|771945|20268|22826|3858|18598|3356|229120|14550|18608|3531|57003|6072|13413410|94707|46399|5758|91685|7198|1358081|30969|1081221|33875|802865|30639|9639964|77729|284925|16053|99916|6861|8354|2799|3825606|54334|184987|11162|80826|7710|597800|21257|104712|7827|892910|21478|503264|17748|279472|14719|455030|17757|50315|5916|645272|24943|31018|4178|717973|17284|711455|17307|6518|1386
010C243US|2621436|44532|415357|12237|108646|5759|3421|863|9761|1839|1810|530|4647|1131|86488|5189|35648|3648|42389|3426|8451|1371|2519|743|124030|5956|3617|745|4765|1248|15211|2110|82461|4424|13266|1732|4674|1431|36|34|46519|4455|4873|1142|21836|2482|13541|2425|3497|1292|5825|1404|444|264|135247|7333|3330|1394|5015|1547|3900|1263|2554|1076|1957|714|4919|1279|5129|1547|2473|750|1844|726|3093|1340|1112|861|24767|2708|11375|1973|26364|2827|2235|648|25173|3328|10007|2456|915|476|478213|16128|144920|8276|77393|6259|62062|5276|4192|1062|11139|2606|17535|2212|49447|5255|545|205|113982|8298|2596|1109|5472|1905|1922|1134|73277|7001|11566|2116|1905|753|4355|1209|7551|1589|2746|1040|1777|934|815|454|181743|9085|4834|1535|5171|1536|4349|1018|15497|2789|3169|760|90084|7204|1431|572|19530|2764|37417|4776|261|236|35855|5184|2332|925|281|311|850|572|5930|3328|5104|1347|2412|1272|1185|647|4756|1730|2157|1240|2388|1012|4387|1202|686|747|2804|1675|583|326|1713|738|95317|7803|25136|3500|819|504|5776|1846|6725|1806|2427|906|2081|1140|1499|953|3386|1394|2423|930|6924|2476|2745|1173|2270|1953|601|414|1308|874|14897|2800|1233|816|7249|2306|3742|1318|1300|556|1373|688|18049|2639|17360|2722|689|475|28207|5134|405|331|6120|1804|338|236|2276|1421|12654|3037|249|279|2133|1653|381|646|3651|1391|2104|641|30232|3778|16965|2726|11888|2572|5077|1179|1824|1108|1950|786|3847|781|5646|1487|1602317|35105|1491588|35589|124264|9692|2946|1220|877|607|43437|6366|356|308|20719|3012|338|256|12345|2601|32830|4375|584|517|562|373|6585|1649|147|119|2538|946|1222004|34071|2547|1124|5407|1643|49541|6291|67322|6400|40909|5740|1038538|31255|10355|1993|7385|1750|0|210|145320|9607|11440|2404|5025|1665|20725|3276|5933|1483|35143|4178|15023|4378|7479|2214|16958|2939|3028|1029|22392|4445|2174|813|110729|6852|109867|6826|862|486
0200000US1|9775407|59157|1496519|29031|221528|8083|5050|1333|54070|5672|5178|2427|8875|1410|144812|5897|70008|4706|62301|4685|12503|1824|3543|913|193055|7530|9888|1664|10481|2183|46796|4506|100636|5875|13996|2078|10572|2100|686|381|362193|14287|54680|5488|155927|8353|112154|8124|11245|2109|37059|4570|2373|1110|713778|20643|57702|7026|28707|4414|19409|3900|16550|2690|9563|1888|15948|2409|17874|2705|7738|2263|8382|2158|12375|3027|8776|2388|139016|7863|31202|3800|127045|7669|10720|2595|146546|8735|56225|7319|5965|2126|2998899|25388|1116433|19505|842504|19104|712230|17887|64143|4720|66131|4758|58824|4796|213617|9181|1488|822|1108584|23981|20171|4184|154955|12164|13222|2925|640846|16284|36657|4129|13215|3330|44911|5391|114598|9392|16677|3172|41773|6319|11559|2611|489532|14988|21751|3690|38256|4681|16148|2679|12928|2794|16820|2914|221970|10301|9060|1619|31447|3887|120638|8590|514|386|271406|13374|8831|2695|8660|2620|22267|5336|15793|4021|56593|6582|13357|2631|7511|2390|26430|4670|8382|1798|25797|4485|51447|5575|4241|1209|15016|4777|7081|1306|12944|2891|649886|22245|99305|10571|4191|1792|21323|4132|28118|4621|7224|3781|5584|2204|11124|3162|5172|1766|16569|3447|32353|5551|8013|2540|5087|2811|7990|2356|11263|3437|139378|11798|12062|2730|77159|7622|33935|4679|7668|3238|8554|4433|22364|3104|21942|3071|422|330|329932|15135|43981|6852|88682|9897|10454|3648|29673|5278|87645|9302|12308|3089|11627|3382|8247|3387|37315|6065|26554|4773|25716|3985|22527|3499|18616|3144|3911|1049|318|212|82|134|108|104|2681|1707|4604387|49355|4446522|48744|1967688|41302|4372|1295|28662|3639|75240|7202|17542|3915|1009022|31291|22466|3586|255374|16811|366977|16681|13623|3184|13530|2855|126297|10640|10499|2769|24084|3875|1077322|26859|8447|2338|35712|5202|213967|14552|208326|15038|127992|11579|432812|18641|24740|5110|23532|3288|1794|1218|1401512|32770|42489|4096|9816|2544|244720|13675|26614|3691|293051|12984|341415|15408|205832|12731|145599|11203|20571|3955|59122|6573|12283|3099|157865|6688|156104|6731|1761|760
0200000US2|5162800|44011|801051|17493|98432|6196|3914|910|10613|1445|3703|2602|4849|1212|72945|5298|31261|3421|35040|3215|6644|1164|2408|803|130142|5998|5513|1204|5244|1328|14614|2511|89020|5148|11787|1532|3878|1156|86|126|73807|5721|21268|3173|38497|3847|2426|874|298|211|10663|2224|953|518|495916|14256|27700|4486|10628|2218|36375|4903|19822|3528|9756|1694|9655|1861|8101|1583|5184|1066|11806|2277|14289|2857|10522|2494|143682|7771|34975|3678|48969|4314|14861|3577|66689|6646|22902|3222|2754|976|1871671|22550|409066|11304|251650|9789|210491|9425|14330|2206|26829|3232|40681|3698|113129|6433|3606|1229|693401|19683|17572|4840|41067|5802|20989|4402|466213|13525|27489|3907|3876|1086|31130|4557|64570|5379|8719|2551|6423|2274|5353|1863|502793|14389|54804|6565|18570|3235|8919|1983|53244|5119|12780|2379|190762|10699|3358|963|55297|5589|104889|6705|170|211|252406|14199|1334|1133|2123|1136|1122|687|80912|8891|10225|2363|19694|3679|8589|1965|36849|3985|15623|3155|22296|4163|14121|2557|2981|1317|32481|6355|4056|1393|14005|2498|546022|23917|222887|15347|9915|2417|51620|6860|45849|5664|67632|7436|9617|3141|8246|3212|5632|1787|24376|6652|53960|8440|20217|5098|12255|3718|18455|5240|3033|1524|64889|7803|8084|2586|26343|4064|10011|2622|13215|3348|7236|2982|17706|3049|16778|2997|928|614|168977|13040|0|210|25749|4235|7299|2736|24637|4988|75556|8612|7749|2764|5006|1806|5611|1649|17370|4303|17603|4657|30142|4331|13827|2491|10669|2368|3158|1032|577|378|2058|978|8948|3139|4732|1719|1913914|26539|1804139|26008|118806|8264|2082|705|1412|918|30436|3696|165|215|22515|4860|0|210|24536|4725|27311|4153|1356|899|630|522|5453|1126|757|592|2153|786|1468630|25810|8820|2345|5238|1400|58790|5848|103875|9352|61873|7216|1202781|21176|16917|3567|8338|2585|1998|1713|216703|13400|10974|1817|4248|1286|38476|4394|7437|1964|50534|6541|32521|5233|5564|1251|21170|3005|2263|850|41028|6174|2488|802|109775|6300|109328|6247|447|257
0200000US3|16134346|86581|1257260|25162|312175|11365|7586|1810|24322|3927|6399|1397|13452|2176|251048|9887|114875|7201|115670|6044|20503|2675|9368|2053|317436|10850|9960|1896|9600|2381|59254|4923|201985|9018|24382|3316|10961|2154|1294|804|151816|7864|25095|3338|57231|4889|17282|2150|632|395|50536|5253|1672|916|470670|18402|17271|3606|15842|2837|25540|4270|17021|2617|6795|1608|16487|2601|18802|2823|6549|1623|4386|1364|12131|2438|4733|2152|49771|4633|47471|4873|100645|8423|10257|1923|82602|7446|34367|4831|5163|1483|3678391|26583|846402|21097|500377|15190|399975|13446|29187|3763|71215|5562|69241|6259|272891|12020|3893|1743|1444782|29089|79045|10348|67549|7827|5127|1699|924063|25800|90833|6760|14290|3671|75555|8843|155922|11353|14762|3043|11503|2636|6133|1802|1065133|24866|40018|4799|30886|4546|26991|3262|35605|4812|23845|3785|394449|15553|7624|1512|73298|7516|432073|15313|344|257|304455|15304|3709|1296|5197|1462|3270|1129|47526|7792|32817|3891|24904|4273|16858|3708|30917|4534|26681|4665|24353|5103|55140|9091|11896|2897|12973|4253|8214|2079|17619|3469|1125969|32714|317791|18636|21253|5669|147762|12720|56447|7298|10811|3289|15580|4152|17360|4263|13172|3009|35406|5404|108531|11451|55764|8446|19462|5169|25996|5174|7309|2457|156316|12601|10195|2136|76190|10197|33846|4262|27705|6571|8380|2209|66910|9760|64170|9759|2740|1113|442533|20388|1615|838|80836|7365|13532|3917|29285|4729|234415|13525|13323|5639|26729|4520|10689|3512|32109|5411|33888|6261|59626|5512|33904|3894|24174|3319|9730|2163|1711|835|9407|2152|8510|2741|6094|1428|10013100|68879|9733248|68323|2374749|34290|29780|4674|12859|2705|1126106|24336|13071|3352|231234|14817|5918|1616|433684|23090|381361|13939|7641|2559|4599|1519|92435|8273|6187|2038|29874|5049|5513067|58079|14298|3604|35825|4855|641495|24463|455390|21349|541850|27029|3591006|52133|171836|10219|58818|5239|2549|1236|1845432|36945|96890|7842|58319|6449|241084|14875|46350|5144|481120|16958|107776|7936|71393|6595|194653|13394|23900|4151|510194|22685|13753|2729|279852|11465|275419|11404|4433|1280
0200000US4|15109536|72509|1174118|24776|269067|11524|9632|1690|23246|3313|6319|1446|15206|2984|207847|9503|92466|6579|101717|5726|13664|1563|6817|1333|268797|8897|9988|1462|8654|1630|61803|6105|145843|6412|28420|3479|13581|1911|508|315|114681|5640|14850|2246|43281|3900|27764|3322|8689|2430|27418|3419|1368|549|518140|17860|3762|1229|23517|4234|18690|3460|16179|2684|11030|2045|19433|2504|15354|2108|5001|1228|5856|1721|17182|3422|2823|1377|41587|5476|44325|4396|121464|8935|9864|2210|131326|11326|30747|3332|3433|1337|5800119|37270|1854597|26807|1238441|22637|895198|21177|129469|6133|213774|9712|161350|8456|445463|15680|9343|2605|1325802|29565|77954|8661|30706|4834|4766|2053|808496|23681|252304|13647|14944|3095|39617|6741|63996|6043|14437|3192|11527|2437|7055|1652|2221430|32604|42681|4790|71187|6310|49917|5173|66507|5050|24360|2242|1175152|25211|14573|2066|103078|6723|673592|19453|383|287|387892|18623|82321|6901|9945|3065|5064|1518|78575|10617|42970|4684|21844|3644|9965|2892|36537|4499|12109|2802|37158|5527|30743|3094|5469|1440|9758|3210|5434|1320|10398|2172|431088|15740|172064|11515|13859|3405|72378|9596|38501|4526|14438|4092|3688|1563|8786|2829|6910|2034|13504|3038|21099|3969|5157|1534|5344|1821|7675|2965|2923|1334|81614|7639|6666|2080|49512|5541|12089|2753|7674|3917|5673|1428|37092|4106|36442|4050|650|470|106830|9168|280|262|20066|4401|3850|1517|9302|2594|50789|6703|2737|1206|4004|1423|3805|2194|11997|3928|12389|3605|173076|9470|55978|4248|42211|3211|13767|2108|36108|4413|15306|4165|21190|5590|44494|4360|7531135|51525|7249925|48868|166251|11005|1410|462|1987|1111|80728|6439|1064|950|17129|2890|168|146|17186|4731|29126|4333|790|535|401|518|11520|2628|1312|822|3430|1680|6576395|47360|17381|2809|20317|2946|493370|19017|380952|17908|112059|12175|5451903|44661|81787|9540|16613|2797|2013|827|507279|18192|46074|4789|13468|2328|94245|8337|30244|3281|103348|9102|36575|4196|4162|1203|110566|7968|6609|1516|57320|7330|4668|1057|281210|9894|280471|9854|739|338
02000A0US1|9730994|59106|1479802|29493|217670|8129|5036|1322|53394|5641|5013|2429|8694|1413|142032|5901|68308|4729|61296|4660|12428|1822|3501|909|188191|7473|9500|1672|10378|2170|46087|4575|97566|5780|13625|2059|10349|2027|686|381|360260|14302|54219|5507|154885|8369|111961|8154|11245|2109|36891|4588|2304|1113|707716|20876|57442|7031|28707|4414|19387|3895|16085|2671|9247|1890|15625|2412|17768|2714|7738|2263|8352|2152|12303|3034|8776|2388|137202|7570|31169|3801|126392|7761|10166|2586|145741|8745|55616|7293|5965|2126|2991513|25378|1112954|19384|839961|19068|710506|17868|63709|4698|65746|4789|58678|4763|212827|9141|1488|822|1106826|23938|20134|4183|154595|12153|13158|2930|639911|16276|36560|4131|13213|3330|44666|5348|114580|9391|16677|3172|41773|6319|11559|2611|487768|15006|21751|3690|38237|4684|16043|2681|12886|2786|16697|2921|221203|10285|9048|1620|31149|3864|120240|8590|514|386|271021|13354|8803|2696|8647|2620|22267|5336|15793|4021|56470|6596|13243|2605|7511|2390|26383|4665|8382|1798|25797|4485|51387|5580|4241|1209|15016|4777|7081|1306|12944|2891|648240|22109|98925|10570|4191|1792|21268|4140|28018|4609|7224|3781|5573|2205|11110|3159|5096|1758|16445|3459|32301|5536|7998|2540|5064|2804|7976|2356|11263|3437|139276|11812|12062|2730|77090|7621|33935|4679|7635|3239|8554|4433|21990|3092|21568|3065|422|330|329211|14944|43981|6852|88485|9841|10454|3648|29673|5278|87564|9304|12308|3089|11616|3379|8247|3387|36883|5924|26537|4773|25357|3963|22196|3474|18354|3115|3842|1048|318|212|82|134|80|98|2681|1707|4586082|49124|4435163|48544|1964773|41483|4372|1295|28662|3639|74646|7166|17542|3915|1008323|31348|22466|3586|255192|16804|365850|16718|13623|3184|13481|2848|126076|10631|10481|2769|24059|3873|1072834|26767|8447|2338|35571|5196|212890|14431|207689|15006|127727|11574|430570|18593|24679|5110|23467|3295|1794|1218|1397556|32463|42452|4095|9769|2550|244010|13648|25765|3657|292364|13018|340442|15459|205739|12749|145463|11192|20571|3955|58698|6540|12283|3099|150919|6355|149239|6393|1680|761
02000A0US2|5032751|43720|780144|17603|94390|6177|3697|897|10425|1472|3586|2616|4672|1189|69802|5215|30099|3383|33345|3202|6358|1145|2208|766|121070|5810|5437|1214|4927|1364|14361|2512|81524|4906|11003|1444|3732|1120|86|126|72151|5604|20916|3223|37755|3768|2405|864|277|205|10122|2135|953|518|489859|14337|27686|4488|10512|2247|36356|4901|19732|3522|9711|1692|9205|1790|7872|1577|5152|1063|11668|2263|14105|2868|10426|2500|142286|7803|34047|3683|48162|4291|14712|3551|65616|6648|22611|3208|2674|969|1850953|22377|404657|11130|249905|9702|209136|9341|14318|2203|26451|3210|39647|3680|111540|6354|3565|1218|690816|19661|17544|4845|40944|5816|20989|4402|464642|13477|27311|3903|3813|1090|31130|4557|64281|5381|8486|2564|6323|2263|5353|1863|490264|14557|54057|6518|18451|3252|8608|1947|51290|5144|12363|2352|184509|10734|3292|956|54177|5573|103415|6673|102|171|251224|14061|1334|1133|2123|1136|1115|683|80610|8907|10178|2365|19662|3674|8535|1964|36734|3970|15430|3154|22288|4164|13911|2569|2979|1314|32269|6397|4056|1393|13992|2496|538421|23903|221012|15405|9915|2417|51446|6867|45722|5651|66601|7388|9325|3077|8131|3226|5604|1785|24268|6664|53195|8525|20109|5078|12250|3717|17803|5269|3033|1524|63395|7667|8020|2585|26290|4070|9799|2582|12297|3249|6989|2938|15378|2978|14468|2916|910|613|168003|13018|0|210|25544|4266|7299|2736|24634|4989|75163|8624|7749|2764|5006|1806|5431|1639|17177|4321|17438|4657|27469|4260|13388|2500|10401|2371|2987|1001|577|378|1924|938|7041|3012|4539|1723|1835764|26685|1732410|25964|115528|8255|2079|706|1412|918|29721|3600|40|79|21744|4854|0|210|24481|4716|26150|4070|1356|899|630|522|5264|1156|757|592|1894|752|1403853|25629|8696|2347|5160|1389|53548|5694|96086|8935|58583|7059|1155724|21269|16286|3496|7772|2599|1998|1713|213029|13429|10871|1832|4204|1281|37792|4353|7183|1970|50036|6556|32353|5228|5455|1249|20287|2956|2227|851|40476|6162|2145|708|103354|6169|102923|6115|431|257
02000A0US3|15865282|85393|1234810|24903|304060|11256|7251|1722|23917|3954|6341|1414|12892|2100|244355|9761|111973|7132|112195|5842|20187|2629|9304|2051|309591|10749|9817|1902|9330|2336|58589|4937|196069|8909|23691|3274|10801|2158|1294|804|149950|7825|24477|3244|56818|4866|16990|2143|632|395|49993|5216|1672|916|466133|18420|17221|3602|15724|2853|25318|4229|16917|2618|6615|1570|16342|2596|18696|2810|6509|1624|4320|1358|11947|2440|4733|2152|49386|4586|47171|4852|99502|8397|9958|1920|81717|7431|34057|4833|5076|1460|3647148|26674|838445|20852|495921|15080|395937|13268|28937|3790|71047|5570|67971|6157|270715|11970|3838|1747|1438381|29139|78990|10362|67354|7802|4993|1681|920198|25731|89923|6734|14264|3681|75125|8812|155435|11305|14716|3035|11442|2631|5941|1835|1051043|24603|38485|4689|30030|4650|26815|3257|35298|4735|23817|3788|388247|15312|7598|1512|72330|7452|428079|14997|344|257|302179|15244|3709|1296|5197|1462|3227|1117|47526|7792|32570|3908|24698|4309|16858|3708|30725|4551|26681|4665|24212|5092|54514|9040|11896|2897|12196|4184|8170|2080|17100|3385|1118425|32885|315287|18444|21144|5675|147191|12640|55464|7289|10291|3160|15458|4163|17360|4263|13172|3009|35207|5380|108444|11453|55749|8445|19390|5159|25996|5174|7309|2457|154908|12685|10195|2136|75782|10180|33443|4331|27456|6562|8032|2214|65648|9771|62926|9771|2722|1110|440790|20258|1615|838|80168|7279|13532|3917|29020|4649|233812|13559|13306|5638|26712|4520|10516|3481|32109|5411|33348|6227|56272|5327|31934|3659|22533|2979|9401|2141|1711|835|8699|2080|8463|2738|5465|1356|9808627|67410|9534335|66797|2361808|33681|29374|4682|12859|2705|1120234|24024|13053|3359|230131|14796|5861|1613|431916|23137|378299|13935|7641|2559|4599|1519|91925|8241|6143|2036|29773|5042|5337800|56695|13402|3462|34958|4769|633572|24319|441878|21534|533691|26893|3448922|50793|170341|10246|58487|5232|2549|1236|1834727|36693|96573|7843|57631|6369|240088|14906|45638|5067|478476|16832|106980|7907|70816|6597|192425|13260|23762|4111|509058|22673|13280|2694|274292|11528|270101|11434|4191|1265
02000A0US4|15004051|70326|1159156|24967|265453|11568|9260|1698|22837|3283|6143|1433|15014|2986|205411|9657|91333|6509|100720|5772|13358|1507|6788|1328|263517|8788|9889|1459|8509|1631|61104|6121|142458|6011|27737|3478|13312|1911|508|315|113224|5532|14722|2258|42359|3857|27764|3322|8689|2430|27011|3404|1368|549|513529|17952|3762|1229|23443|4213|18593|3440|16028|2682|11030|2045|19213|2523|15227|2107|4951|1221|5785|1720|16943|3380|2658|1357|40923|5499|44089|4413|120929|8976|9799|2229|129571|11226|30585|3302|3433|1337|5781605|37469|1850538|26855|1236894|22633|894041|21107|129404|6130|213449|9712|160146|8518|444435|15715|9063|2601|1323700|29450|77839|8698|30628|4809|4766|2053|807049|23546|252049|13628|14936|3096|39617|6741|63961|6051|14390|3194|11449|2428|7016|1662|2209763|32516|42507|4763|71107|6324|49860|5167|66321|5011|24256|2224|1166052|25132|14573|2066|102537|6722|672167|19532|383|287|387206|18599|82235|6904|9945|3065|5064|1518|78535|10620|42834|4766|21844|3644|9965|2892|36464|4514|12109|2802|37103|5528|30447|3083|5469|1440|9758|3210|5434|1320|10398|2172|428081|15660|170647|11418|13859|3405|72130|9591|38077|4563|14179|4082|3688|1563|8660|2817|6829|2025|13225|3007|20978|3946|5036|1489|5344|1821|7675|2965|2923|1334|81145|7679|6653|2079|49301|5567|12047|2755|7471|3920|5673|1428|36388|4096|35899|4031|489|382|106560|9244|280|262|20046|4406|3850|1517|9302|2594|50640|6752|2729|1205|3911|1418|3805|2194|11997|3928|12363|3605|170126|9249|54840|4295|41310|3244|13530|2104|35972|4417|15306|4165|21132|5587|42876|4164|7465083|50828|7189643|48181|163317|10716|1410|462|1677|933|80561|6402|1064|950|16935|2872|168|146|16745|4615|27350|4332|790|535|401|518|11474|2631|1312|822|3430|1680|6522518|46775|17347|2815|20291|2929|492021|19080|380160|17890|111719|12138|5400727|43618|81650|9535|16590|2798|2013|827|503808|18185|45880|4765|13468|2328|93670|8308|29782|3322|102481|9023|36474|4182|4162|1203|109993|7974|6609|1516|56723|7281|4566|1028|275440|9890|274701|9853|739|338
02000C0US1|9627977|59431|1451067|29005|210858|7993|4800|1280|52925|5544|4958|2427|8347|1339|136503|5852|65585|4758|59078|4604|11840|1828|3325|915|180215|7533|8956|1521|9793|2208|45009|4511|92727|5781|12862|2077|10182|2012|686|381|355889|14285|53582|5377|152845|8448|110614|7948|11193|2101|36550|4630|2298|1113|698216|20645|56385|6998|28654|4413|19224|3886|15524|2579|9108|1897|15439|2401|17505|2700|7629|2277|8237|2147|12245|3033|8366|2385|135524|7517|30809|3821|124914|7677|9829|2549|144635|8796|54189|7164|5889|2099|2963410|25250|1104646|19329|834490|19177|705833|17949|63610|4712|65047|4894|57918|4737|210844|9206|1394|811|1098824|23538|19842|4199|154291|12130|13065|2946|636313|16259|36052|4125|13025|3295|44364|5318|112047|9041|16677|3172|41763|6317|11385|2599|478202|14575|21286|3698|37562|4576|15457|2666|11935|2879|16368|2946|216733|9785|8978|1623|30293|3808|119076|8682|514|386|268962|13272|8803|2696|8592|2637|22253|5333|15753|4008|56255|6563|13194|2612|7393|2368|25747|4624|8382|1798|25632|4478|50762|5543|4241|1209|14975|4782|6980|1294|12776|2870|642229|22155|97450|10377|4191|1792|21100|4142|27086|4451|7056|3787|5573|2205|11110|3159|5092|1757|16242|3447|32003|5563|7865|2531|5052|2805|7823|2357|11263|3437|137907|11646|12020|2731|75928|7410|33770|4660|7635|3239|8554|4433|21453|3047|21042|3022|411|329|326938|14877|43867|6864|88225|9821|10454|3648|29534|5286|87127|9240|12308|3089|11362|3304|8247|3387|35814|5969|26478|4783|23839|3907|20992|3440|17439|3041|3553|1078|318|212|82|134|80|98|2367|1700|4547432|49135|4406911|48420|1954934|41494|4273|1248|28662|3639|73646|7273|17385|3884|1004273|31297|22417|3585|253393|16926|363735|16671|13531|3161|13393|2844|125741|10653|10481|2769|24004|3882|1065394|26793|8447|2338|35053|5159|212016|14385|205399|14829|127326|11591|427685|18527|24435|5083|23239|3299|1794|1218|1386583|32825|41522|4032|9709|2555|239792|13814|25554|3599|290367|12815|339598|15461|205469|12711|144550|11137|20548|3951|57364|6298|12110|3065|140521|6043|138841|6117|1680|761
02000C0US2|4754648|40841|752919|17336|89008|6201|3626|862|10228|1463|3327|2597|4062|1120|65658|5241|28684|3424|30882|2984|6092|1144|2107|762|111671|5741|5298|1201|4778|1350|13860|2526|74292|4702|9967|1415|3390|1090|86|126|70199|5396|20673|3191|37093|3696|2061|820|277|205|9419|2145|953|518|479525|14198|27618|4489|10445|2244|36037|4914|19392|3532|9581|1685|8979|1793|7532|1580|5004|1016|10950|2142|13975|2855|9646|2316|141373|7857|32884|3614|46455|4277|14656|3543|62813|6343|22185|3176|2516|920|1784489|20904|388377|10966|241471|9718|201819|9279|13931|2175|25721|3125|37116|3648|106482|6118|3308|1198|676680|19180|17544|4845|39299|5866|20288|4348|457126|13268|26998|3878|3750|1100|28813|4438|63241|5437|8050|2582|6311|2266|5260|1875|459192|13772|48182|6331|17814|3156|8105|1950|48210|4947|12234|2352|174784|10244|3114|918|48098|5050|98549|6293|102|171|246741|13574|1315|1133|2123|1136|1106|684|80368|8931|10013|2349|19479|3658|8153|1919|36513|3985|14049|2752|22080|4159|13822|2552|2918|1310|30873|6019|3929|1364|13499|2483|517933|23123|210695|14939|9496|2420|50075|6737|42606|5390|62760|7333|8788|2941|8059|3218|5071|1539|23840|6626|51042|8360|18987|5103|12140|3717|16987|5136|2928|1507|61300|7478|7988|2588|25198|3954|9751|2585|11566|3120|6797|2935|14301|2761|13428|2725|873|607|163782|13041|0|210|25038|4260|7299|2736|23233|4927|73899|8672|7656|2794|4906|1791|5314|1652|16437|4351|16813|4632|23421|4090|11870|2211|9633|2288|2237|758|577|378|1312|851|5300|3066|4362|1727|1675886|25745|1581214|25182|103083|7993|1831|697|1249|892|22843|2935|40|79|20812|4806|0|210|22657|4506|24569|3942|1292|886|630|522|4725|1132|757|592|1678|725|1276303|24339|8571|2367|4806|1235|46037|5452|83965|8464|52825|6779|1058919|20290|12583|3126|7254|2507|1343|1497|201828|13468|10502|1785|3836|1180|35565|4203|6655|1959|48384|6545|31111|5208|5427|1254|18915|2942|2068|836|37415|6341|1950|688|94672|5601|94241|5565|431|257
02000C0US3|15356659|84933|1196478|24898|293740|10744|7022|1699|23355|3912|6040|1443|12698|2067|235610|9269|108752|6915|107620|5673|19238|2524|9015|2049|296340|10526|9562|1856|9102|2280|57413|4912|185525|8711|22925|3256|10730|2172|1083|746|145948|7676|23834|3123|55212|4737|16438|2105|607|394|48792|5122|1672|916|455518|18586|16595|3588|15691|2847|25018|4237|16917|2618|6423|1585|16260|2604|18489|2835|6249|1610|4307|1360|11940|2440|4733|2152|47735|4537|45848|4869|96146|8243|9754|1934|79903|7485|33510|4787|4932|1473|3573478|25663|821035|20531|486486|15107|388402|13152|28374|3796|69710|5628|65792|6040|264930|11753|3827|1749|1419957|28691|77828|10360|66134|7643|4993|1681|909317|25437|88338|6560|14091|3665|74585|8780|153344|11336|14701|3034|10847|2594|5779|1851|1017802|23994|37865|4706|28502|4201|26237|3256|33531|4678|23259|3825|375027|15202|7485|1518|69097|7596|416625|14784|174|177|297810|15296|3631|1273|5197|1462|3035|1133|46678|7798|32409|3892|24519|4286|16485|3671|30598|4552|26358|4611|24160|5088|53886|9010|11896|2897|10788|4009|8170|2080|16874|3337|1100770|32735|310525|18207|20973|5670|145693|12560|53156|7138|10291|3160|15332|4180|17178|4255|12983|3004|34919|5346|107558|11381|54931|8336|19390|5159|25996|5174|7241|2460|152756|12346|10155|2143|74307|9949|33151|4317|27368|6551|7775|2199|62502|9733|59860|9670|2642|1086|434619|20372|1615|838|79815|7326|13348|3830|29020|4649|228993|13579|13194|5640|26712|4520|10142|3418|31780|5413|32810|6201|54123|5259|30711|3713|21733|2976|8978|2139|1711|835|8524|2086|8029|2654|5148|1281|9431810|68976|9167142|67942|2331132|33579|29092|4659|12737|2697|1103535|24083|13004|3388|226458|14713|5666|1554|426398|22985|375175|14041|7627|2562|4231|1406|91426|8300|6111|2028|29672|5064|5022148|56269|12451|3395|34486|4762|624242|24491|412274|21374|515438|26523|3195967|50265|167730|10486|57308|5244|2252|1185|1813862|36819|94373|7804|56539|6431|238076|14738|45101|4997|470812|17006|105517|7846|70298|6544|190075|13339|23603|4110|506395|22761|13073|2679|264668|11630|260562|11541|4106|1251
02000C0US4|14640973|70975|1117078|23894|251569|11369|8971|1692|22023|3344|5795|1349|14224|2971|194232|9379|87424|6218|94289|5730|12519|1431|6324|1199|249351|8671|9399|1457|8509|1631|59234|6214|133915|5836|25754|3281|12039|1854|501|315|110149|5642|14406|2255|40617|3831|26977|3293|8676|2428|26781|3408|1368|549|502601|17570|3762|1229|23255|4240|18593|3440|16028|2682|10579|1975|18352|2440|14894|2087|4611|1163|5785|1720|16762|3341|2658|1357|39319|5370|42879|4322|118774|8955|9577|2233|126959|11094|29814|3312|3408|1330|5713201|36488|1829903|26309|1224381|21553|883311|19976|128367|6252|212703|9715|155880|8237|440612|15722|9030|2601|1314128|29176|77606|8634|30401|4812|4766|2053|802527|23237|249600|13634|14936|3096|38122|6826|63437|5998|14325|3188|11449|2428|6959|1645|2174349|32045|42338|4757|70973|6291|49095|5040|65769|5070|24178|2230|1137824|24549|14191|2019|100475|6666|669123|19490|383|287|384564|18463|82235|6904|9887|3028|4898|1507|77964|10476|42466|4692|21844|3644|9804|2852|36440|4513|11788|2770|37082|5528|29927|3126|5421|1452|9536|3204|5272|1336|10257|2175|420819|15773|169233|11449|13856|3404|71753|9582|37818|4586|14097|4080|3688|1563|8618|2809|6446|1951|12957|2954|20648|3935|4993|1488|5112|1771|7620|2967|2923|1334|80617|7698|6653|2079|49060|5565|11760|2748|7471|3920|5673|1428|34281|4157|34028|4156|253|196|104079|9505|280|262|18751|4371|3706|1485|9302|2594|50248|6753|2597|1193|3865|1421|3805|2194|11525|3906|11961|3509|162806|8990|52143|4292|39596|3209|12547|2022|35972|4417|13682|3870|19978|5472|41031|4239|7227069|51327|6963366|48466|161148|10597|1322|430|1677|933|79716|6377|1064|950|16752|2806|168|146|16395|4551|26852|4267|790|535|401|518|11474|2631|1292|816|3245|1691|6312936|47091|17347|2815|20046|2925|486806|18435|371073|17827|108984|12085|5209960|44561|80685|9555|16022|2844|2013|827|489282|17983|43996|4704|13173|2302|91079|8409|28866|3216|100035|8970|35065|4157|4048|1192|107442|7911|6411|1509|54771|7090|4396|1014|263703|10142|263025|10119|678|301
02000C1US1|4659252|45531|586121|16633|73070|6065|2580|1042|17441|3955|2970|2438|3881|1027|44424|3672|25708|3222|16731|2256|1985|630|1774|784|71545|5077|3810|1148|3542|1216|26041|3801|27942|3486|5210|1480|4866|1321|134|209|110813|7238|23133|3411|53195|5422|15242|2389|280|299|17993|3882|1250|923|327186|12943|30148|5407|17281|3036|7858|1964|6577|1388|4487|1455|5283|1374|7271|2077|2058|879|2599|1227|5843|2071|1802|1324|42452|5253|11599|2800|62984|6038|4432|1557|82170|7765|32342|5090|3507|1633|1366622|22106|612016|14593|511946|14723|447789|13483|36964|3388|27193|3251|24868|3367|74129|6599|1073|778|418188|16198|9898|3536|116028|9198|3108|1110|152093|9209|11602|2611|9023|3012|21273|4155|46558|5860|6234|1986|34004|5924|8367|2423|209414|9286|14352|3611|13446|2941|10116|2461|3157|1514|9882|2300|82507|6349|4937|1311|14516|2294|56081|5286|420|377|120044|11056|5671|2486|4474|1724|13699|3745|4623|1755|27534|4528|4031|1179|2904|1739|9943|3012|3373|1130|11906|3756|15450|2834|1466|548|12360|4446|2610|795|6960|2932|327757|15786|48222|7263|2927|1682|12566|3449|11657|2788|3727|1592|2218|1478|3409|1803|1723|873|9995|2941|20058|4966|3134|1550|4772|2862|5125|2099|7027|3317|56256|7968|6050|1866|29376|4907|11760|2585|4026|2393|5044|4092|7434|2030|7312|2039|122|208|179716|12114|14742|4453|52049|7561|9141|3545|14613|4046|41026|5483|10332|2900|4012|1667|7006|3175|26795|5474|16071|3450|12909|3196|10975|2749|9667|2574|1308|662|101|130|0|210|0|210|1833|1467|2365843|35999|2316850|35951|1176335|34524|2148|976|21862|2968|21355|3625|10975|3283|620777|27271|18589|3377|121493|9554|222382|12345|10304|3139|11654|2871|90350|8791|7290|2082|17156|3219|486004|18928|7063|2066|11348|3124|51398|6679|97330|11726|52002|8086|240775|15043|10674|3287|14241|2342|1173|1052|654511|24219|14442|2375|3038|1234|80092|9478|10537|2384|118611|10099|174002|11157|161072|10896|51542|6195|5155|1842|28502|4426|7518|2610|48993|4348|48691|4409|302|275
02000C1US2|2248613|35040|244880|10742|34731|3664|1524|591|3986|917|2039|2554|1269|651|25413|2738|13030|2252|10328|1838|2055|655|500|283|40466|4129|1727|689|1411|536|7404|2212|24346|2845|3610|947|1968|916|0|210|23110|3076|6558|1597|10484|2209|1249|707|44|76|4372|1304|447|339|145788|9219|8110|2698|2565|1002|15181|3177|6903|2330|2393|991|2829|1165|1869|595|1573|731|2053|927|2498|1212|1341|548|38792|3870|13205|2730|17181|3293|5152|1910|17123|2935|7020|2747|785|565|825999|18652|188739|8662|125854|7366|107212|6795|7029|1539|11613|2231|18428|2691|43428|3878|1029|682|289651|14015|9718|4124|21332|4691|8588|2965|187911|10220|12235|2749|1999|987|15755|3043|24628|4158|4051|1922|1614|990|1820|973|234357|10149|37965|4829|8174|2132|3900|1360|22346|3889|8811|2150|72858|7462|1546|699|27552|4243|51103|5134|102|171|109165|8737|893|1031|539|375|52|86|28622|5302|3602|1119|6524|2156|3393|1519|18350|2687|6853|2075|10427|3235|7139|1735|1224|644|19698|4377|1849|1080|4087|1474|304893|17229|132953|11292|3857|1425|29103|4829|23936|4139|47804|7138|6631|2716|4623|2495|2381|1076|14618|4584|28756|6174|9277|3628|9270|3305|9404|3548|805|507|31604|5862|3692|1788|13583|3197|2721|947|9005|3017|2603|2076|7961|2395|7560|2348|401|396|93574|9759|0|210|15203|2916|4655|2545|11334|3643|41458|6702|4954|2447|3233|1591|3096|1419|9641|3922|10045|2826|14406|3521|6521|1797|5130|1797|1391|656|220|270|1163|843|3984|2943|2518|1206|858435|25628|824387|25559|61499|6350|858|429|917|854|11777|2101|40|79|13302|4113|0|210|15160|3700|14085|2920|621|587|178|208|2735|970|582|544|1244|636|657051|22511|4116|1566|2275|972|29888|4838|50361|7606|31526|5443|529761|17297|6368|2645|2626|1545|130|173|105837|10051|4845|1491|1597|938|16885|3019|3077|1458|26751|5111|17521|3786|1645|707|8090|1935|950|734|23902|5777|574|411|34048|3815|33710|3805|338|235
02000C1US3|5880066|51521|435603|13501|103010|5927|2570|980|7062|1572|3150|1082|5654|1490|81452|5166|42452|4303|32679|3158|6321|1416|3122|1213|118973|5568|4269|1345|3334|1236|29241|3429|68247|5197|7714|1527|6019|1882|149|188|54705|4349|9952|2111|18075|2037|4564|1291|168|280|21292|3487|822|536|156538|10299|7004|2478|6695|1788|10672|3072|6144|1515|3215|1050|7554|1903|6319|1735|1462|768|1132|657|3306|1146|1446|1066|14548|2263|13890|2882|33459|4457|4129|1570|24132|4055|11431|2226|2377|1014|1336599|24095|309860|11579|194890|9548|153891|9105|11460|1766|29539|2959|28018|4312|83912|6460|3040|1683|508695|15612|40133|8799|22962|4219|3059|1282|317491|13339|36020|4140|4861|2903|30193|4797|43353|6644|4797|1362|2972|1189|2854|1276|389287|15673|21406|3637|7375|1805|11854|2604|12302|2740|10172|2233|149558|10725|3020|1205|29611|5062|143916|10077|73|113|121597|8312|1348|897|1728|734|930|585|21782|5610|11384|2604|10248|2457|6009|1814|13010|2943|11257|2704|10858|3435|20108|3376|4541|1369|6135|3309|2259|903|7160|1789|435117|20801|129237|12878|8818|3242|54323|8432|22417|4086|3695|1617|8741|3569|8156|3107|5260|1891|17827|4321|45724|7920|12240|3278|12846|4673|16384|4385|4254|2179|67965|8718|4969|1743|31179|7525|13097|3189|14315|4217|4405|1738|19563|3027|18469|3031|1094|712|152863|11858|936|593|24359|5319|5478|2040|10458|2612|82601|8192|3320|1749|7436|2749|4248|2327|14027|3335|19765|5763|28908|4269|13141|2390|9111|1786|4030|1374|952|641|7175|2005|4964|2169|2676|998|3643839|48978|3552980|47634|622496|19465|10275|2669|5141|1794|276230|13500|5539|2532|67119|7606|1684|761|117266|11807|102045|8880|3458|1926|430|415|23367|3160|2338|1330|7604|2366|2307380|40929|3831|1951|10898|2424|219796|13889|175681|17090|255765|19381|1555685|33699|65473|8491|19510|3007|741|688|623104|23293|35117|5082|16943|3808|90794|9894|15263|2782|144564|9024|38269|5256|15285|2429|53489|5575|7914|2378|201165|18339|4301|1799|90859|7619|89530|7480|1329|894
02000C1US4|7453598|48038|583532|14806|134030|8139|3191|1041|13218|2641|3053|1132|8075|1845|102348|6676|48062|4010|48169|4215|6117|1098|4145|1017|130793|6005|4926|1148|5321|1342|36151|5154|65925|3206|11143|1837|7002|1418|325|263|57900|4416|7918|1661|21968|2820|10321|2291|2593|1175|17082|2685|611|354|260019|11069|1544|876|10425|2592|7567|1800|9021|2244|7064|1647|10249|1903|7017|1490|2825|957|3022|1291|7962|2669|1187|829|16852|2474|23050|3250|71424|6632|5864|1675|60701|6339|14245|2312|790|429|3061421|30769|966484|18942|626742|14740|463207|14277|59489|4937|104046|6822|93252|6189|243308|11463|3182|1710|755199|24499|29109|4858|17016|3551|3150|1762|463434|16662|164588|10255|8987|2453|18772|5298|30319|4866|7797|2157|7855|2041|4172|1394|1094043|22861|23273|3344|40748|4637|22192|3548|38140|4410|13268|2167|552274|16949|7866|1385|51939|5544|344085|14594|258|271|240085|11776|72432|6181|7612|2679|3538|1491|37100|6249|28945|3641|9805|2254|6305|2588|19695|3531|6857|2016|17681|3482|19377|2870|3259|1106|4386|1918|3093|1009|5610|1901|240230|11181|100562|9994|10620|3291|44663|8232|20269|3471|7319|2723|1985|959|4328|1947|2623|1208|8755|2181|14159|3474|2946|1174|3594|1547|5466|2643|2153|1213|45790|6061|2873|1165|27570|4074|5753|1628|6178|3961|3416|1324|18588|2957|18512|2943|76|136|53818|6611|170|200|10528|3815|1874|746|4261|1599|22775|3905|1123|865|1869|1029|3285|2210|7933|3737|7313|3369|76629|6422|28738|3125|23130|2914|5608|1076|13247|2641|6901|3040|10746|3258|16997|3121|3491786|39841|3359926|39146|80637|6896|1023|424|451|296|38924|5208|942|942|8179|1889|168|146|8707|2809|13671|2803|453|422|113|187|4223|1237|1184|814|2599|1686|3033731|35800|10607|2397|9706|2118|278280|13939|228288|15574|63096|9389|2402482|31825|33006|4478|7304|2131|962|542|245558|12596|21975|2641|8525|2022|48433|6081|13466|2085|57803|6225|16747|2750|1657|867|46143|5382|2577|975|25646|4601|2586|884|131860|7836|131484|7792|376|280
02000C2US1|4968725|40389|864946|23535|137788|6259|2220|720|35484|3746|1988|644|4466|1054|92079|4794|39877|3483|42347|3871|9855|1769|1551|567|108670|5438|5146|1183|6251|1571|18968|2431|64785|3970|7652|1388|5316|1314|552|365|245076|11338|30449|4057|99650|6019|95372|7354|10913|2079|18557|2930|1048|616|371030|16005|26237|4536|11373|2497|11366|3253|8947|2318|4621|1348|10156|2065|10234|1984|5571|2011|5638|1780|6402|2087|6564|1934|93072|7190|19210|3376|61930|5715|5397|2163|62465|6198|21847|3764|2382|971|1596788|18115|492630|12328|322544|11559|258044|11322|26646|3465|37854|3797|33050|4045|136715|7306|321|176|680636|15792|9944|2402|38263|5708|9957|2828|484220|13638|24450|3458|4002|1080|23091|4404|65489|6705|10443|2855|7759|2223|3018|1111|268788|11640|6934|1913|24116|3681|5341|1252|8778|2644|6486|1612|134226|7334|4041|962|15777|3337|62995|6141|94|99|148918|9607|3132|1157|4118|1873|8554|3279|11130|4055|28721|4273|9163|2335|4489|1817|15804|3207|5009|1481|13726|3039|35312|4720|2775|1001|2615|1484|4370|1113|5816|1427|314472|15606|49228|6499|1264|725|8534|2469|15429|3690|3329|3448|3355|1247|7701|2612|3369|1659|6247|1703|11945|2746|4731|1918|280|247|2698|1066|4236|1703|81651|7262|5970|1629|46552|5789|22010|3515|3609|1663|3510|1420|14019|2522|13730|2517|289|259|147222|11811|29125|4856|36176|6685|1313|679|14921|3292|46101|6069|1976|1102|7350|2597|1241|902|9019|2462|10407|2827|10930|1883|10017|1803|7772|1575|2245|812|217|163|82|134|80|98|534|399|2181589|32433|2090061|31957|778599|24141|2125|787|6800|2163|52291|6272|6410|2476|383496|16787|3828|1894|131900|11612|141353|10857|3227|1135|1739|726|35391|5029|3191|1807|6848|1954|579390|21213|1384|709|23705|4401|160618|12656|108069|8113|75324|9216|186910|12166|13761|3872|8998|2035|621|588|732072|24889|27080|3181|6671|2365|159700|10894|15017|2800|171756|10321|165596|10892|44397|6507|93008|8585|15393|3209|28862|4257|4592|1616|91528|5058|90150|5102|1378|660
02000C2US2|2506035|31272|508039|15452|54277|4548|2102|724|6242|1352|1288|432|2793|907|40245|4218|15654|2274|20554|2621|4037|986|1607|720|71205|4937|3571|961|3367|1377|6456|1156|49946|4572|6357|1210|1422|583|86|126|47089|4125|14115|2535|26609|3042|812|396|233|198|5047|1613|506|393|333737|12689|19508|4415|7880|2057|20856|3626|12489|2601|7188|1420|6150|1427|5663|1533|3431|850|8897|1924|11477|2838|8305|2231|102581|7107|19679|3180|29274|3376|9504|2809|45690|5423|15165|2454|1731|666|958490|17734|199638|7519|115617|6562|94607|6438|6902|1589|14108|2317|18688|2187|63054|4441|2279|1106|387029|13829|7826|2601|17967|3412|11700|3584|269215|12150|14763|3002|1751|612|13058|3053|38613|4022|3999|1456|4697|2035|3440|1664|224835|9703|10217|3251|9640|2542|4205|1301|25864|3753|3423|967|101926|7086|1568|590|20546|2825|47446|5083|0|210|137576|10425|422|267|1584|1040|1054|653|51746|6401|6411|1936|12955|2824|4760|1285|18163|2941|7196|2128|11653|2969|6683|1713|1694|1157|11175|3561|2080|821|9412|2090|213040|14753|77742|9284|5639|1932|20972|4610|18670|3858|14956|3508|2157|1020|3436|2278|2690|1030|9222|4174|22286|5989|9710|3304|2870|1824|7583|4060|2123|1507|29696|5099|4296|1667|11615|3082|7030|2312|2561|1331|4194|2015|6340|1707|5868|1668|472|391|70208|7813|0|210|9835|2587|2644|1330|11899|3232|32441|5668|2702|1512|1673|878|2218|1130|6796|1879|6768|3430|9015|1813|5349|1409|4503|1414|846|427|357|254|149|145|1316|764|1844|1048|817451|16045|756827|15642|41584|5009|973|500|332|249|11066|2031|0|210|7510|2179|0|210|7497|2348|10484|2435|671|713|452|510|1990|794|175|247|434|295|619252|15628|4455|1672|2531|796|16149|2561|33604|5135|21299|4022|529158|14923|6215|2033|4628|1831|1213|1474|95991|6901|5657|1352|2239|853|18680|2931|3578|1219|21633|3426|13590|2969|3782|1134|10825|2309|1118|490|13513|2736|1376|590|60624|3656|60531|3652|93|110
02000C2US3|9476593|66466|760875|19345|190730|8928|4452|1414|16293|3265|2890|873|7044|1391|154158|7999|66300|5979|74941|5650|12917|2056|5893|1537|177367|8157|5293|1330|5768|1863|28172|3322|117278|6580|15211|2823|4711|1138|934|721|91243|6648|13882|2698|37137|4127|11874|1898|439|278|27500|4188|850|715|298980|14507|9591|2979|8996|2018|14346|3321|10773|2471|3208|1055|8706|1792|12170|2388|4787|1294|3175|1130|8634|2324|3287|1904|33187|4007|31958|4162|62687|6738|5625|1358|55771|6532|22079|4448|2555|1099|2236879|26670|511175|18295|291596|12227|234511|10416|16914|3545|40171|4216|37774|4943|181018|9467|787|485|911262|26020|37695|5570|43172|6177|1934|1204|591826|22933|52318|5093|9230|2488|44392|7213|109991|9431|9904|2617|7875|2283|2925|1321|628515|20390|16459|3170|21127|3615|14383|2144|21229|3585|13087|2630|225469|11203|4465|1056|39486|5642|272709|13458|101|130|176213|13315|2283|891|3469|1191|2105|1020|24896|5052|21025|2733|14271|3411|10476|3182|17588|3108|15101|3978|13302|3774|33778|8254|7355|2514|4653|2278|5911|1830|9714|2683|665653|26692|181288|12236|12155|4435|91370|9688|30739|5738|6596|2638|6591|2042|9022|2964|7723|2417|17092|4780|61834|8966|42691|7506|6544|2360|9612|2899|2987|1373|84791|9684|5186|1490|43128|6601|20054|3292|13053|4602|3370|1297|42939|9311|41391|9274|1548|728|281756|17393|679|544|55456|4963|7870|3192|18562|3913|146392|11484|9874|5251|19276|4139|5894|2300|17753|4026|13045|3234|25215|3615|17570|2702|12622|2281|4948|1654|759|495|1349|755|3065|1590|2472|989|5787971|57761|5614162|57302|1708636|34105|18817|3629|7596|2065|827305|21272|7465|2244|159339|11817|3982|1219|309132|20633|273130|13839|4169|1602|3801|1299|68059|7537|3773|1447|22068|4464|2714768|48074|8620|2503|23588|3568|404446|20353|236593|15447|259673|19359|1640282|37761|102257|7544|37798|4621|1511|898|1190758|30780|59256|5528|39596|5288|147282|11224|29838|4420|326248|14804|67248|6609|55013|6165|136586|11751|15689|3494|305230|18447|8772|2134|173809|8713|171032|8680|2777|805
02000C2US4|7187375|53333|533546|16897|117539|7359|5780|1590|8805|1661|2742|722|6149|2318|91884|6111|39362|4249|46120|3587|6402|917|2179|730|118558|6114|4473|1076|3188|851|23083|3520|67990|4611|14611|2430|5037|1261|176|180|52249|4087|6488|1650|18649|2375|16656|2620|6083|1959|9699|1742|757|351|242582|14326|2218|932|12830|3264|11026|3045|7007|1941|3515|1121|8103|1640|7877|1646|1786|640|2763|1007|8800|1953|1471|997|22467|4478|19829|2989|47350|5651|3713|1409|66258|8839|15569|2678|2618|1270|2651780|28259|863419|19149|597639|17130|420104|14939|68878|4656|108657|6906|62628|4475|197304|10485|5848|1809|558929|17035|48497|7615|13385|3381|1616|1392|339093|16817|85012|7712|5949|2097|19350|4642|33118|5094|6528|2020|3594|1193|2787|1073|1080306|24563|19065|3205|30225|4295|26903|3554|27629|3391|10910|1695|585550|17001|6325|1542|48536|4452|325038|15468|125|120|144479|11879|9803|2209|2275|1131|1360|636|40864|7190|13521|2409|12039|2922|3499|1212|16745|2757|4931|1692|19401|4904|10550|1794|2162|960|5150|2519|2179|888|4647|1235|180589|11715|68671|7081|3236|1137|27090|4265|17549|3787|6778|3829|1703|1106|4290|1914|3823|1644|4202|1547|6489|1847|2047|1085|1518|932|2154|933|770|454|34827|4788|3780|1585|21490|3288|6007|2133|1293|805|2257|721|15693|2806|15516|2801|177|150|50261|6390|110|166|8223|2250|1832|1252|5041|2127|27473|5250|1474|693|1996|1136|520|541|3592|1542|4648|2248|86177|8610|23405|3476|16466|2460|6939|1701|22725|3977|6781|3478|9232|4856|24034|3290|3735283|41533|3603440|40879|80511|8048|299|93|1226|891|40792|5006|122|196|8573|2065|0|210|7688|3704|13181|3367|337|317|288|485|7251|2138|108|72|646|521|3279205|42500|6740|1827|10340|1887|208526|11461|142785|9252|45888|7460|2807478|39418|47679|9276|8718|1943|1051|582|243724|13379|22021|3809|4648|1244|42646|5976|15400|2591|42232|5650|18318|3028|2391|853|61299|5836|3834|1196|29125|5953|1810|684|131843|5492|131541|5495|302|234
02000E0US2|278103|9176|27225|2755|5382|900|71|119|197|191|259|214|610|450|4144|837|1415|461|2463|720|266|142|101|86|9399|1406|139|105|149|162|501|251|7232|1199|1036|440|342|361|0|210|1952|711|243|247|662|395|344|267|0|210|703|470|0|210|10334|2027|68|7|67|92|319|168|340|262|130|133|226|139|340|242|148|144|718|580|130|113|780|971|913|380|1163|527|1707|653|56|97|2803|1162|426|279|158|204|66464|5729|16280|2191|8434|1382|7317|1352|387|233|730|366|2531|783|5058|1370|257|281|14136|2284|0|210|1645|787|701|499|7516|1632|313|249|63|106|2317|1241|1040|753|436|493|12|34|93|168|31072|4209|5875|1902|637|685|503|327|3080|1047|129|70|9725|1762|178|196|6079|1679|4866|1863|0|210|4483|2396|19|34|0|210|9|16|242|232|165|176|183|185|382|327|221|203|1381|1511|208|248|89|113|61|108|1396|1527|127|167|493|287|20488|3511|10317|2905|419|274|1371|732|3116|2225|3841|1554|537|575|72|83|533|566|428|564|2153|1009|1122|740|110|107|816|588|105|122|2095|804|32|55|1092|642|48|85|731|554|192|235|1077|558|1040|557|37|79|4221|1086|0|210|506|328|0|210|1401|857|1264|401|93|114|100|126|117|267|740|532|625|374|4048|1348|1518|974|768|603|750|538|0|210|612|376|1741|928|177|173|159878|6591|151196|6345|12445|1971|248|144|163|187|6878|1978|0|210|932|590|0|210|1824|952|1581|980|64|115|0|210|539|351|0|210|216|353|127550|5938|125|175|354|332|7511|1888|12121|2516|5758|1755|96805|5642|3703|1633|518|438|655|783|11201|1969|369|243|368|308|2227|1317|528|541|1652|674|1242|624|28|54|1372|536|159|193|3061|1009|195|209|8682|1748|8682|1748|0|210
02000E0US3|508623|13087|38332|3304|10320|1729|229|199|562|301|301|232|194|175|8745|1648|3221|1150|4575|876|949|501|289|307|13251|1939|255|203|228|252|1176|619|10544|1602|766|376|71|81|211|332|4002|1338|643|548|1606|648|552|449|25|40|1201|678|0|210|10615|2378|626|709|33|57|300|348|0|210|192|189|82|115|207|162|260|220|13|22|7|15|0|210|1651|985|1323|737|3356|1232|204|105|1814|789|547|462|144|148|73670|5769|17410|2338|9435|1702|7535|1489|563|309|1337|711|2179|854|5785|1554|11|23|18424|2966|1162|1071|1220|965|0|210|10881|2161|1585|784|173|207|540|317|2091|1216|15|7|595|379|162|258|33241|4163|620|357|1528|1473|578|365|1767|597|558|412|13220|1893|113|150|3233|1213|11454|3471|170|181|4369|1509|78|138|0|210|192|265|848|917|161|153|179|144|373|311|127|165|323|400|52|71|628|367|0|210|1408|968|0|210|226|245|17655|3611|4762|1435|171|230|1498|737|2308|1307|0|210|126|142|182|155|189|198|288|229|886|859|818|864|0|210|0|210|68|100|2152|1166|40|71|1475|1104|292|210|88|88|257|205|3146|1744|3066|1732|80|127|6171|2701|0|210|353|308|184|313|0|210|4819|2397|112|183|0|210|374|645|329|519|538|348|2149|704|1223|468|800|425|423|297|0|210|175|149|434|313|317|309|376817|10199|367193|9907|30676|3720|282|297|122|172|16699|2821|49|95|3673|1201|195|303|5518|1853|3124|1109|14|26|368|538|499|290|32|70|101|125|315652|8896|951|861|472|364|9330|2313|29604|4125|18253|3067|252955|8664|2611|1341|1179|563|297|391|20865|3159|2200|1322|1092|749|2012|927|537|354|7664|2276|1463|812|518|408|2350|972|159|177|2663|1171|207|263|9624|1606|9539|1588|85|111
02000E0US4|363078|11354|42078|4421|13884|2104|289|183|814|452|348|272|790|428|11179|1960|3909|1356|6431|1319|839|425|464|453|14166|2388|490|412|0|210|1870|804|8543|1509|1983|799|1273|816|7|2|3075|873|316|282|1742|682|787|519|13|16|230|172|0|210|10928|2392|0|210|188|194|0|210|0|210|451|372|861|633|333|261|340|381|0|210|181|208|0|210|1604|829|1210|804|2155|786|222|132|2612|1290|771|510|25|49|68404|5004|20635|3693|12513|3575|10730|3476|1037|583|746|402|4266|1137|3823|1132|33|6|9572|1876|233|269|227|304|0|210|4522|1502|2449|958|0|210|1495|874|524|376|65|112|0|210|57|161|35414|3454|169|208|134|118|765|513|552|388|78|80|28228|2888|382|381|2062|760|3044|1056|0|210|2642|1539|0|210|58|137|166|262|571|856|368|358|0|210|161|257|24|41|321|441|21|40|520|586|48|85|222|338|162|197|141|142|7262|1818|1414|638|3|7|377|407|259|177|82|86|0|210|42|74|383|295|268|267|330|359|43|53|232|358|55|95|0|210|528|362|0|210|241|189|287|309|0|210|0|210|2107|1528|1871|1524|236|321|2481|946|0|210|1295|860|144|149|0|210|392|287|132|210|46|72|0|210|472|484|402|400|7320|1789|2697|934|1714|619|983|639|0|210|1624|1286|1154|744|1845|976|238014|9441|226277|9231|2169|810|88|149|0|210|845|528|0|210|183|219|0|210|350|360|498|291|0|210|0|210|0|210|20|39|185|199|209582|9613|0|210|245|225|5215|2379|9087|2304|2735|1470|190767|9221|965|635|568|394|0|210|14526|2907|1884|1041|295|355|2591|1320|916|597|2446|900|1409|937|114|145|2551|1137|198|226|1952|1030|170|177|11737|1711|11676|1718|61|105
02000G0US2|130049|5728|20907|2483|4042|701|217|210|188|156|117|77|177|163|3143|617|1162|422|1695|463|286|198|200|164|9072|1747|76|55|317|219|253|137|7496|1629|784|362|146|169|0|210|1656|505|352|254|742|311|21|41|21|41|541|321|0|210|6057|1241|14|26|116|142|19|32|90|92|45|49|450|308|229|172|32|34|138|146|184|173|96|108|1396|430|928|585|807|365|149|166|1073|608|291|191|80|112|20718|1902|4409|793|1745|547|1355|488|12|20|378|194|1034|395|1589|428|41|61|2585|606|28|52|123|139|0|210|1571|478|178|128|63|84|0|210|289|209|233|219|100|174|0|210|12529|1494|747|386|119|131|311|326|1954|480|417|238|6253|1119|66|63|1120|473|1474|508|68|113|1182|447|0|210|0|210|7|13|302|169|47|21|32|34|54|63|115|91|193|230|8|14|210|227|2|5|212|195|0|210|13|24|7601|1698|1875|531|0|210|174|123|127|102|1031|348|292|286|115|249|28|38|108|159|765|613|108|169|5|2|652|595|0|210|1494|880|64|60|53|62|212|246|918|776|247|411|2328|922|2310|921|18|32|974|481|0|210|205|232|0|210|3|4|393|288|0|210|0|210|180|216|193|241|165|141|2673|580|439|177|268|109|171|161|0|210|134|220|1907|442|193|248|78150|4310|71729|4262|3278|1004|3|4|0|210|715|413|125|199|771|550|0|210|55|80|1161|537|0|210|0|210|189|245|0|210|259|385|64777|4076|124|140|78|86|5242|1381|7789|1750|3290|1174|47057|3042|631|408|566|429|0|210|3674|1013|103|116|44|47|684|299|254|246|498|226|168|148|109|97|883|468|36|45|552|500|343|287|6421|1012|6405|1018|16|30
02000G0US3|269064|9018|22450|2409|8115|1506|335|328|405|272|58|99|560|491|6693|1286|2902|744|3475|1024|316|324|64|76|7845|1388|143|132|270|371|665|362|5916|1147|691|434|160|176|0|210|1866|658|618|405|413|225|292|261|0|210|543|315|0|210|4537|1020|50|70|118|113|222|189|104|110|180|271|145|123|106|117|40|55|66|96|184|166|0|210|385|257|300|230|1143|487|299|52|885|594|310|265|87|133|31243|3311|7957|1717|4456|1530|4038|1507|250|201|168|116|1270|615|2176|761|55|82|6401|1802|55|100|195|203|134|111|3865|1582|910|547|26|42|430|425|487|374|46|78|61|106|192|257|14090|2164|1533|1148|856|530|176|220|307|226|28|48|6202|1536|26|9|968|404|3994|1326|0|210|2276|856|0|210|0|210|43|70|0|210|247|238|206|196|0|210|192|240|0|210|141|191|626|191|0|210|777|645|44|79|519|638|7544|1879|2504|1261|109|40|571|673|983|637|520|716|122|149|0|210|0|210|199|152|87|114|15|30|72|113|0|210|0|210|1408|789|0|210|408|407|403|370|249|326|348|492|1262|590|1244|596|18|36|1743|842|0|210|668|583|0|210|265|303|603|432|17|3|17|2|173|269|0|210|540|515|3354|1350|1970|1121|1641|1134|329|282|0|210|708|362|47|59|629|628|204473|7721|198913|7748|12941|3414|406|285|0|210|5872|3168|18|48|1103|598|57|115|1768|929|3062|879|0|210|0|210|510|364|44|69|101|107|175267|7027|896|851|867|713|7923|2195|13512|2609|8159|2229|142084|7286|1495|752|331|201|0|210|10705|1808|317|221|688|512|996|480|712|543|2644|1016|796|405|577|448|2228|964|138|194|1136|703|473|429|5560|1109|5318|1024|242|345
02000H0US1|147430|6388|45452|2914|10670|1668|250|168|1145|576|220|187|528|353|8309|1378|4423|921|3223|829|663|390|218|264|12840|1269|932|570|688|366|1787|533|7909|936|1134|481|390|290|0|210|6304|1403|1098|569|3082|859|1540|763|52|51|509|325|75|80|15562|2382|1317|1002|53|61|185|194|1026|774|455|423|509|342|369|205|109|113|145|183|130|113|410|572|3492|1114|393|289|2131|851|891|568|1911|648|2036|889|76|109|35489|3490|11787|1736|8014|1321|6397|1159|533|321|1084|557|906|475|2773|917|94|163|9760|2328|329|282|664|379|157|166|4533|1014|605|538|190|215|547|382|2551|1859|0|210|10|30|174|293|11330|2806|465|450|694|759|691|404|993|664|452|388|5237|1853|82|86|1154|566|1562|572|0|210|2444|822|28|53|68|90|14|24|40|64|338|268|163|195|118|181|683|505|0|210|165|148|685|539|0|210|41|67|101|140|168|154|7657|2264|1855|971|0|210|223|171|1032|751|168|281|11|15|14|27|80|95|327|370|350|185|148|117|35|53|167|146|0|210|1471|1476|42|80|1231|1433|165|204|33|61|0|210|911|448|900|449|11|23|2994|1627|114|193|457|434|0|210|139|212|518|398|0|210|265|379|0|210|1501|1305|76|90|1877|659|1535|647|1177|633|358|260|0|210|0|210|28|39|314|223|56955|5019|39611|4729|12754|1980|99|148|0|210|1594|709|157|245|4749|1500|49|3|1981|1055|3242|855|92|160|137|127|556|196|18|4|80|141|11928|2471|0|210|659|566|1951|955|2927|1821|666|379|5127|1277|305|335|293|282|0|210|14929|4449|967|728|107|101|4928|3268|1060|609|2684|1145|1817|927|363|237|1049|584|23|47|1758|1868|173|182|17344|1789|17263|1776|81|107
02000H0US2|408152|11535|48132|4063|9424|1189|288|223|385|240|376|223|787|460|7287|1070|2577|631|4158|812|552|230|301|178|18471|2398|215|110|466|277|754|276|14728|2172|1820|537|488|404|0|210|3608|845|595|315|1404|502|365|272|21|41|1244|561|0|210|16391|2434|82|26|183|163|338|170|430|271|175|140|676|332|569|297|180|147|856|606|314|188|876|984|2309|582|2091|851|2514|748|205|195|3876|1359|717|355|238|240|87182|6101|20689|2483|10179|1542|8672|1477|399|233|1108|392|3565|875|6647|1465|298|285|16721|2520|28|52|1768|815|701|499|9087|1621|491|275|126|135|2317|1241|1329|806|669|556|112|177|93|168|43601|4384|6622|1887|756|704|814|471|5034|1172|546|243|15978|2295|244|205|7199|1733|6340|1939|68|113|5665|2458|19|34|0|210|16|20|544|292|212|181|215|189|436|336|336|225|1574|1537|216|249|299|246|63|108|1608|1529|127|167|506|283|28089|4218|12192|2906|419|274|1545|741|3243|2214|4872|1573|829|620|187|258|561|565|536|520|2918|1135|1230|770|115|106|1468|826|105|122|3589|1043|96|84|1145|647|260|263|1649|927|439|473|3405|1074|3350|1067|55|85|5195|1207|0|210|711|401|0|210|1404|858|1657|525|93|114|100|126|297|286|933|551|790|385|6721|1414|1957|947|1036|602|921|565|0|210|746|428|3648|1038|370|304|238028|8077|222925|8010|15723|2177|251|144|163|187|7593|2078|125|199|1703|776|0|210|1879|970|2742|1158|64|115|0|210|728|418|0|210|475|517|192327|7349|249|222|432|348|12753|2267|19910|3328|9048|2396|143862|6302|4334|1731|1084|618|655|783|14875|2227|472|266|412|312|2911|1392|782|579|2150|703|1410|615|137|114|2255|687|195|200|3613|1127|538|347|15103|2187|15087|2189|16|30
02000H0US3|777687|16660|60782|4074|18435|2328|564|411|967|417|359|233|754|501|15438|1958|6123|1158|8050|1435|1265|634|353|322|21096|2477|398|248|498|472|1841|720|16460|1944|1457|448|231|188|211|332|5868|1446|1261|696|2019|672|844|497|25|40|1744|767|0|210|15152|2557|676|697|151|126|522|399|104|110|372|322|227|172|313|197|300|242|79|98|191|167|0|210|2036|995|1623|780|4499|1363|503|117|2699|909|857|549|231|217|104913|6907|25367|2900|13891|2154|11573|2071|813|379|1505|732|3449|1067|7961|1538|66|87|24825|3730|1217|1080|1415|1020|134|111|14746|2780|2495|957|199|197|970|515|2578|1275|61|77|656|381|354|366|47331|4828|2153|1206|2384|1588|754|408|2074|671|586|411|19422|2306|139|150|4201|1191|15448|3976|170|181|6645|1742|78|138|0|210|235|273|848|917|408|295|385|258|373|311|319|289|323|400|193|220|1254|405|0|210|2185|1177|44|79|745|604|25199|4195|7266|2071|280|236|2069|1036|3291|1459|520|716|248|227|182|155|189|198|487|267|973|819|833|862|72|113|0|210|68|100|3560|1394|40|71|1883|1205|695|439|337|342|605|506|4408|1991|4310|1983|98|134|7914|2779|0|210|1021|661|184|313|265|303|5422|2339|129|183|17|2|547|687|329|519|1078|612|5503|1585|3193|1251|2441|1191|752|430|0|210|883|381|481|321|946|701|581290|12305|566106|12079|43617|4688|688|456|122|172|22571|4091|67|108|4776|1310|252|320|7286|2061|6186|1289|14|26|368|538|1009|440|76|100|202|172|490919|11097|1847|1270|1339|808|17253|2875|43116|4677|26412|3776|395039|10510|4106|1591|1510|588|297|391|31570|3554|2517|1326|1780|938|3008|1016|1249|706|10308|2451|2259|904|1095|614|4578|1340|297|238|3799|1361|680|498|15184|1990|14857|1930|327|361
02000H0US4|468563|13073|57040|4771|17498|2311|661|398|1223|621|524|320|982|450|13615|2089|5042|1476|7428|1440|1145|495|493|463|19446|2955|589|424|145|132|2569|895|11928|2405|2666|867|1542|870|7|2|4532|1167|444|315|2664|899|787|519|13|16|637|440|0|210|15539|2676|0|210|262|231|97|129|151|232|451|372|1081|741|460|284|390|398|71|89|420|324|165|204|2268|893|1446|803|2690|899|287|175|4367|1528|933|538|25|49|86918|5671|24694|3786|14060|3633|11887|3550|1102|595|1071|556|5470|1166|4851|1298|313|135|11674|2076|348|250|305|353|0|210|5969|1673|2704|1002|8|15|1495|874|559|382|112|167|78|115|96|181|47081|4063|343|280|214|162|822|535|738|428|182|181|37328|3575|382|381|2603|901|4469|1374|0|210|3328|1640|86|82|58|137|166|262|611|857|504|408|0|210|161|257|97|131|321|441|76|108|816|724|48|85|222|338|162|197|141|142|10269|2027|2831|980|3|7|625|455|683|405|341|317|0|210|168|179|464|309|547|441|451|405|164|170|232|358|55|95|0|210|997|462|13|22|452|336|329|314|203|104|0|210|2811|1598|2414|1578|397|424|2751|1057|0|210|1315|864|144|149|0|210|541|368|140|211|139|134|0|210|472|484|428|409|10270|2316|3835|1180|2615|859|1220|648|136|159|1624|1286|1212|749|3463|1320|304066|10924|286559|10654|5103|1524|88|149|310|524|1012|559|0|210|377|293|0|210|791|699|2274|1094|0|210|0|210|46|65|20|39|185|199|263459|10890|34|60|271|228|6564|2619|9879|2418|3075|1519|241943|10146|1102|678|591|397|0|210|17997|3054|2078|1105|295|355|3166|1377|1378|675|3313|947|1510|976|114|145|3124|1166|198|226|2549|1069|272|242|17507|2015|17446|2025|61|105
020C201US1|9431389|59896|1380792|26792|193454|7135|4681|1268|49745|5379|4869|2417|7925|1366|123220|5333|60009|4386|53189|4358|10022|1732|3014|890|166800|7324|8716|1674|8414|1843|42465|4561|85345|5376|11928|1961|9261|1965|671|378|342001|13899|53341|5460|145440|7926|105497|7815|10654|2164|35573|4602|2150|1100|672725|19455|56024|6959|27990|4220|18109|3909|15230|2476|8727|1795|14668|2299|16412|2653|7350|2242|7929|2099|11462|2903|8776|2388|128199|7252|29005|3655|118387|7254|9756|2601|141793|8683|52908|7114|5812|2095|2914609|26444|1085893|18747|822370|18550|695940|17334|62906|4607|63524|4787|55750|4711|206346|9057|1427|829|1081883|24148|19244|4165|153140|12236|12155|2877|624425|16622|35103|4042|13127|3331|44040|5362|112338|9399|15807|3213|41022|6339|11482|2610|470065|14307|21315|3740|37127|4724|15315|2684|11973|2747|16084|2931|211347|10055|8847|1602|29774|3803|117792|8680|491|379|264043|13497|8488|2744|8647|2620|21904|5276|15104|3827|55345|6635|12857|2579|7377|2372|24515|4420|8131|1748|25441|4498|50292|5582|4157|1188|14975|4782|6810|1289|12725|2886|630944|22018|95139|10303|4008|1839|20116|3999|27290|4565|7001|3784|5441|2212|10319|2926|4924|1750|16040|3430|31623|5531|7831|2523|4984|2844|7927|2353|10881|3400|135388|11668|11517|2703|75456|7660|32817|4590|7296|3164|8302|4398|19627|3015|19238|2997|389|329|322830|15104|43686|6812|87392|9826|10367|3640|29555|5273|85248|9252|12264|3091|9692|3117|8247|3387|36379|6043|26337|4722|22715|3902|19703|3385|16434|2994|3269|1079|299|207|82|134|32|56|2599|1701|4482329|48833|4353487|48286|1940613|41120|3573|1137|28367|3630|72479|7191|17488|3913|1000620|31229|22417|3585|253300|16804|357118|16640|13466|3147|13212|2857|124236|10761|10475|2771|23862|3863|1041707|27027|8147|2291|34407|5160|209939|14547|201939|14892|126368|11624|412155|18532|24315|5065|22643|3303|1794|1218|1371167|31991|39339|3962|9298|2427|238460|13701|25461|3665|287642|13035|335118|15428|204108|12624|143420|11171|19009|3814|57481|6545|11831|3012|128842|6352|127194|6389|1648|761
020C201US2|4830620|46362|730644|17536|86089|6137|3397|865|9994|1386|3267|2611|4103|1107|63417|5146|27952|3359|30043|3057|5422|1112|1911|737|107495|5703|4676|1188|4476|1346|13541|2508|72416|4581|8724|1316|3590|1159|72|124|68123|5431|20598|3175|34742|3692|2068|867|121|144|9777|2069|938|513|466611|14286|26825|4575|9565|2076|35844|4933|19513|3526|9250|1736|8448|1744|6827|1480|4432|1105|11006|2143|13738|2896|10073|2434|137186|7763|32078|3414|44591|4181|14637|3563|61308|6210|21290|3124|2326|866|1792613|23537|386848|11261|241112|9587|201479|9121|13812|2191|25821|3187|38396|3665|103846|6424|3494|1204|676446|19451|17491|4879|39244|5453|20229|4327|454854|13900|26851|3859|3585|1063|30258|4505|64024|5410|8390|2569|6360|2276|5160|1861|467840|14145|53679|6505|17923|3220|8283|1919|47939|4996|11890|2364|174727|10312|3128|935|50091|5295|100078|6610|102|171|247842|14028|1155|1124|2123|1136|1106|684|79359|8654|9904|2361|19639|3673|8486|1961|36155|4025|15215|3147|21835|4182|13735|2581|2979|1314|32182|6404|3969|1374|13637|2430|528667|23439|216096|15117|9812|2417|49767|6636|43969|5820|66464|7372|9017|3012|8067|3214|5286|1801|23714|6628|51790|8377|19755|5039|11365|3459|18115|5305|2555|1412|63297|7562|7991|2581|25648|3998|9853|2608|12947|3387|6858|2912|13172|2813|12370|2795|802|596|166977|13110|0|210|25572|4233|7275|2732|24225|5036|74816|8627|7692|2766|5006|1806|5604|1648|16787|4352|17335|4678|24869|4099|11794|2210|9532|2289|2262|783|577|378|1676|909|6375|2980|4447|1708|1753827|27653|1662570|26941|111952|8179|1875|667|1325|913|28326|3619|40|79|21138|4893|0|210|23814|4721|25642|3900|1356|899|622|521|5181|1147|757|592|1876|785|1348617|26107|8386|2316|4877|1335|54561|5797|91407|8936|58132|6846|1108143|21803|14047|3407|7066|2440|1998|1713|202001|13424|9552|1741|3950|1259|34465|4191|6936|1943|47570|6334|31574|5230|5106|1229|19250|3015|1856|833|39848|6090|1894|755|91257|6061|90826|6029|431|257
020C201US3|14884341|84897|1119289|23371|269463|10599|6247|1679|21118|3486|6003|1408|11486|1995|216228|9375|100537|7125|98186|5561|17505|2391|8381|1868|271902|9928|9340|1853|8079|2380|54340|4734|168757|8409|20101|3143|9991|2144|1294|804|141209|7642|22903|3099|52629|4868|15885|2154|471|368|48120|5161|1672|916|431787|17844|16494|3603|14381|2684|23859|4151|16318|2521|6462|1587|15332|2465|17525|2721|5492|1505|4265|1353|10888|2435|4733|2152|45883|4598|43320|4865|92576|8349|9451|1913|73906|6985|30902|4442|4928|1459|3488037|28471|794146|20450|472904|14755|376876|13164|27907|3799|68121|5442|63247|6046|254157|11819|3838|1747|1400385|28257|78483|10272|66110|7823|5032|1681|895632|25353|86120|6688|12966|3684|73408|8791|152539|11163|13787|2999|10681|2546|5627|1845|988451|24342|37299|4651|27963|4232|25591|3252|28925|4185|22932|3755|362236|14966|7075|1444|64395|7361|411861|14346|174|177|288380|15016|3079|1104|5084|1496|2937|1025|44581|7305|30660|3808|23606|4166|15910|3600|29265|4366|26065|4608|23408|5028|53377|9105|11296|2892|10972|3890|8140|2078|16675|3348|1082786|33606|309179|18325|21063|5667|145995|12508|53368|7157|10172|3168|15180|4142|17055|4261|11589|2816|34757|5377|105217|11407|54203|8575|18185|5131|25798|5141|7031|2501|149231|12307|10062|2149|72525|9808|31583|4480|27295|6549|7766|2209|59886|10109|57235|10041|2651|1085|426803|20175|1615|838|77239|7030|13329|3900|27539|4770|226262|13504|13183|5608|26651|4535|10315|3453|30670|5368|32470|6201|51040|5376|27924|3365|19683|2564|8241|2103|1548|812|8463|2065|8313|2740|4792|1328|9143189|67263|8898771|66868|2292392|32595|27840|4462|12674|2688|1089579|23571|12894|3394|220747|14366|5629|1641|425151|22858|363761|13001|7214|2451|4363|1514|88555|8087|6084|2025|27901|5114|4842476|52753|12896|3387|32896|4541|607730|23450|415273|21509|509132|25960|3041799|45434|166090|10223|54111|5302|2549|1236|1763903|36282|91431|7530|54283|6176|232683|14865|43619|4835|457364|17062|101644|7741|66463|6264|186215|13057|23287|4110|494061|22967|12853|2761|244418|10631|240718|10601|3700|1245
020C201US4|14414303|72599|1082866|23347|243550|11020|8436|1644|21633|3156|5650|1396|14221|2912|187299|9107|84464|6359|90921|5563|11914|1504|6311|1304|239203|8938|9000|1444|8245|1623|56910|6093|128505|6211|24566|3324|11476|1755|501|315|104645|5475|14178|2228|40289|3808|22635|2939|6121|1886|26381|3351|1162|512|492134|16906|3762|1229|21743|3774|18302|3496|15957|2676|10748|2031|18156|2420|14238|1837|4725|1216|5386|1674|16796|3398|2160|1129|38021|5215|42195|4193|116205|8681|9623|2233|124983|11243|29134|3255|3334|1332|5675608|37141|1814691|27120|1219193|22804|881537|20792|128312|6186|209344|9415|155168|8331|431304|14979|9026|2601|1299873|29009|76928|8737|30311|4871|4766|2053|791430|23093|247643|13739|14742|3090|39152|6716|62634|5959|13865|3225|11386|2402|7016|1662|2170789|33227|42127|4670|70715|6345|48437|5057|63950|5184|23730|2231|1143939|25463|14134|2096|99330|6700|664044|19511|383|287|380039|18480|81141|6791|9790|3012|4926|1501|77832|10669|41592|4668|21285|3499|9965|2892|36042|4457|11227|2483|36532|5500|29660|3113|5469|1440|9295|3150|5283|1311|10216|2183|415251|15988|166497|11497|13516|3291|71429|9555|37563|4596|14041|4073|2750|1111|8576|2819|5701|1811|12921|3091|20389|3865|4617|1354|5344|1821|7675|2965|2753|1304|79384|7924|6204|1983|48326|5560|11886|2740|7424|3920|5544|1442|33338|4095|33129|4094|209|177|103455|9172|170|200|19010|4403|3826|1519|9302|2594|49425|6662|2729|1205|3884|1420|3805|2194|11304|3882|12188|3587|159704|9058|49850|3949|38133|3048|11717|1779|34466|4376|14682|4082|20189|5490|40517|4009|7080874|52043|6827418|50286|158273|10273|1410|462|1677|933|78689|6453|1064|950|16676|2813|168|146|16170|4497|25424|4332|790|535|401|518|11148|2596|1292|816|3364|1685|6180610|48309|16970|2759|19505|2913|485851|18636|372602|18163|109233|12210|5077867|45631|80473|9569|16096|2778|2013|827|488535|18219|44665|4757|13295|2318|92192|8509|28696|3260|100334|9040|34928|4017|3795|1155|106145|7788|6163|1503|53882|7186|4440|1096|253456|10002|252717|9963|739|338
020C243US1|344018|11668|115727|5974|28074|2595|369|204|4325|1084|309|208|950|507|21592|2093|9999|1539|9112|1437|2481|737|529|303|26255|2512|1172|439|2067|931|4331|1092|15291|1769|2068|713|1311|662|15|23|20192|2361|1339|537|10487|1590|6657|1547|591|369|1486|674|223|193|41053|3598|1678|887|717|530|1300|550|1320|847|836|470|1280|599|1462|660|388|251|453|356|913|1022|0|210|10817|1996|2197|794|8658|2176|964|472|4753|1400|3317|1088|153|247|84290|5758|30540|3200|20134|2432|16290|2166|1237|520|2607|873|3074|936|7271|1677|61|112|26701|3631|927|598|1815|1013|1067|883|16421|3218|1554|559|88|77|871|410|2260|1028|870|716|751|438|77|97|19467|2600|436|319|1129|782|833|378|955|858|736|437|10623|2038|213|184|1673|611|2846|772|23|39|7363|1719|343|414|13|22|363|346|689|516|1248|571|500|347|134|183|1915|1265|251|278|356|248|1155|471|84|129|41|67|271|231|219|182|18942|3547|4166|1313|183|177|1207|679|828|454|223|303|143|136|805|849|248|203|529|356|730|365|182|150|103|131|63|79|382|267|3990|1560|545|539|1703|1230|1118|692|372|460|252|270|2737|686|2704|682|33|30|7102|2468|295|281|1290|731|87|113|118|151|2397|1227|44|75|1935|1613|0|210|936|701|217|268|3001|1034|2824|1034|2182|956|642|364|19|32|0|210|76|92|82|105|122058|7222|93035|7407|27075|3424|799|675|295|200|2761|877|54|86|8402|1940|49|3|2074|887|9859|2443|157|233|318|333|2061|828|24|10|222|215|35615|4223|300|357|1305|1043|4028|1689|6387|1470|1624|596|20657|3261|425|355|889|453|0|210|30345|4788|3150|1113|518|485|6260|1428|1153|599|5409|1262|6297|3635|1724|760|2179|749|1562|922|1641|631|452|300|29023|2484|28910|2492|113|107
020C243US2|332180|12957|70407|5151|12343|1401|517|266|619|317|436|225|746|407|9528|1314|3309|866|4997|725|1222|441|497|257|22647|2061|837|321|768|385|1073|383|16604|1835|3063|759|288|139|14|23|5684|1031|670|317|3755|931|358|201|177|150|886|366|15|25|29305|3560|875|841|1063|660|531|376|309|219|506|309|1207|461|1274|556|752|440|800|540|551|285|449|344|6496|1667|2897|956|4378|1122|224|113|5381|1563|1612|611|428|363|79058|5175|22218|2470|10538|2051|9012|1942|518|339|1008|385|2285|621|9283|1493|112|113|16955|3188|81|104|1823|1556|760|511|11359|2644|638|312|291|240|872|475|546|343|329|196|63|83|193|206|34953|3077|1125|571|647|402|636|451|5305|1131|890|426|16035|2235|230|223|5206|1288|4811|1147|68|113|4564|1381|179|165|0|210|16|20|1553|1038|321|182|55|45|103|78|694|344|408|291|461|299|386|247|2|5|299|216|87|101|368|285|17355|2736|6791|1846|103|159|1853|1098|1880|1288|1168|331|600|364|179|262|346|263|662|567|2170|1548|462|328|890|1196|340|354|478|599|1592|605|93|74|695|536|158|119|268|209|378|447|4534|1178|4408|1164|126|144|2000|750|0|210|177|158|24|46|412|482|740|294|57|109|0|210|7|12|583|554|268|175|5273|1138|2033|918|1137|478|896|557|0|210|382|267|2573|623|285|278|160087|7506|141569|6961|6854|1489|207|151|87|99|2110|699|125|199|1377|689|0|210|722|489|1669|982|0|210|8|13|272|265|0|210|277|315|120013|6648|434|427|361|244|4229|982|12468|2182|3741|1077|94638|5922|2870|1100|1272|723|0|210|14702|2205|1422|580|298|205|4011|1737|501|316|2964|1019|947|509|458|305|1920|659|407|280|1180|592|594|354|18518|1996|18502|2001|16|30
020C243US3|1250005|29801|137971|6908|42712|4262|1339|641|3204|1509|396|246|1966|839|34820|3471|14338|2300|17484|2332|2998|906|987|637|45534|3795|620|284|1521|706|4914|1229|33228|2992|4281|1114|970|432|0|210|10607|1987|2192|951|4602|995|1397|577|161|147|2416|1012|0|210|38883|4304|777|708|1461|837|1681|983|703|514|333|318|1155|776|1277|669|1057|551|121|115|1243|701|0|210|3888|957|4151|1183|8069|1557|806|381|8696|2173|3465|1628|235|218|190354|10346|52256|5261|27473|3745|23099|3366|1280|628|3094|1361|5994|1348|18734|2788|55|82|44397|4636|562|387|1439|1005|95|110|28431|3586|4713|1363|1324|635|2147|1025|3383|983|975|629|822|835|506|413|76682|6154|2719|1365|2923|1293|1400|462|6680|1800|913|457|32213|3846|549|324|8903|2282|20212|4209|170|181|16075|3955|630|576|113|144|333|400|2945|2704|2157|793|1298|1215|948|622|1652|984|616|599|945|767|1763|823|600|748|2001|1641|74|91|944|586|43183|5988|8612|1983|190|235|1767|801|3079|1142|639|732|400|304|305|324|1583|840|649|303|3314|1779|1561|880|1277|1406|198|228|278|301|7085|2325|133|170|3665|1822|2263|1194|410|341|614|416|7024|2227|6935|2223|89|110|15730|3940|0|210|3597|1520|203|205|1746|1330|8153|2570|140|206|78|83|374|645|1439|823|1418|636|8586|2155|5980|1806|4491|1819|1489|640|163|217|944|415|197|144|1302|891|869911|23751|834477|23692|82357|8675|1940|1013|185|261|36527|6259|177|175|10487|2583|289|256|8533|2400|17600|3430|427|460|236|192|3880|1373|103|111|1973|872|670591|23205|1402|969|2929|1179|33765|5601|40117|5104|32718|5364|549207|20100|5746|1535|4707|1532|0|210|81529|7398|5459|1741|4036|1563|8401|1896|2731|1178|23756|3672|6132|1683|4930|1871|8438|2542|613|430|16133|3717|900|563|35434|4836|34701|4803|733|490
020C243US4|695233|21522|91252|6647|25517|2427|1196|493|1613|675|669|343|985|507|20548|2290|8002|1378|10796|1708|1750|568|506|232|29594|3380|988|520|409|226|4893|1510|17338|2522|3854|891|2105|980|7|2|10036|2349|672|351|2992|1054|5129|1656|2568|1288|1037|461|206|189|26006|4052|0|210|1774|1080|388|376|222|248|282|192|1277|547|1116|859|276|220|470|353|386|244|663|801|3566|1070|2130|969|5259|1362|241|208|6343|2100|1613|673|99|55|124511|8332|39906|4809|19248|2967|13661|2425|1157|483|4430|1820|6182|1397|14159|3732|317|132|25929|4489|1026|1072|395|366|0|210|17066|3615|4661|1278|202|243|465|337|1362|782|572|393|141|134|39|63|50641|4229|554|443|472|255|1480|645|2557|1157|630|410|31213|3580|439|361|3748|946|9548|2329|0|210|7853|2244|1180|633|155|268|138|224|743|432|1378|910|559|410|0|210|495|407|882|1115|626|550|1083|721|0|210|463|382|151|183|182|201|15837|3059|5567|1640|343|400|949|603|938|463|397|345|938|982|210|160|1209|887|583|481|710|697|540|671|0|210|0|210|170|241|2230|978|462|685|1186|686|203|198|250|111|129|162|3754|1732|3313|1729|441|430|3375|1273|110|166|1056|672|24|45|0|210|1364|1141|8|22|120|115|0|210|693|650|201|158|13372|2407|6128|1426|4078|1072|2050|972|1642|1096|624|589|1001|569|3977|1273|450261|18122|422507|18019|7978|1787|0|210|310|524|2039|700|0|210|453|310|0|210|1016|696|3702|1348|0|210|0|210|372|211|20|39|66|106|395785|17660|411|444|812|551|7519|1735|8350|1999|2826|1201|374036|17866|1314|546|517|368|0|210|18744|2963|1409|604|173|176|2053|764|1548|676|3014|989|1647|807|367|362|4421|1468|446|268|3438|1831|228|215|27754|2647|27754|2647|0|210
0300000US1|2156400|27000|396509|14146|68318|4737|1494|614|15434|2058|713|342|2805|817|46698|4151|20926|2589|21357|2929|4415|1254|1174|563|50879|3792|1867|808|2764|803|10386|1967|27269|2863|4603|1019|3905|1048|85|147|126516|7485|13955|2831|34766|4215|70504|6120|10986|2104|7189|1890|102|78|150027|9952|21096|4252|3473|1142|7016|2703|5211|1629|1478|858|3808|1070|2349|743|1698|809|2207|1053|2902|1563|1853|1000|29672|3737|6514|2172|30412|5048|3142|1965|19987|3955|7209|1747|769|551|597690|10914|214910|9969|167039|9290|138959|8689|12206|2502|15874|2811|12661|2628|34701|4273|509|494|192736|10656|6661|2416|7356|2764|1916|1621|130394|7306|10075|2630|1502|951|12657|2475|16840|4799|3169|1310|1071|680|1095|509|132445|8163|3114|1083|23067|3782|3203|1044|9851|2420|2774|1016|27799|3311|2567|946|12622|2797|47448|5544|0|210|57002|6381|2618|1699|2941|2020|1262|1582|6979|2604|11452|2766|2662|1106|1738|1620|9443|2708|1726|913|4897|1386|9165|2112|620|380|519|521|980|593|597|403|192861|10910|41652|5780|1260|887|7065|1968|12140|3038|3632|3541|1876|1065|7753|2654|1491|761|6435|2015|13164|2963|3240|1425|556|622|2729|1244|6639|2444|29109|4783|2285|972|9342|2650|13460|2989|1713|1266|2309|1063|6063|1685|6052|1678|11|23|96528|8877|43195|6754|22927|4178|644|450|6310|2571|14142|3230|909|872|2023|1166|1329|901|5049|1708|6345|2019|6395|1666|6048|1663|4523|1417|1525|739|114|131|0|210|0|210|233|267|962945|21065|901590|20646|365660|15204|611|665|4035|1262|6038|1506|4169|3009|179887|11104|893|674|75896|8698|74695|7405|1950|898|536|420|12463|3453|1059|950|3428|1204|221853|13483|58|97|7172|2431|52805|7352|77626|8518|28513|6547|48499|6014|3413|1769|2509|859|1258|808|314077|16715|8907|1989|1886|1060|147939|12277|9221|2354|61307|6799|41807|5488|5225|1273|21732|3807|3790|1520|11221|2730|1042|506|61355|3882|60242|3830|1113|574
0300000US2|7619007|53031|1100010|24615|153210|6443|3556|1183|38636|4830|4465|2407|6070|1213|98114|5095|49082|3927|40944|3541|8088|1463|2369|805|142176|6401|8021|1408|7717|2017|36410|4050|73367|5143|9393|1832|6667|1631|601|349|235677|11829|40725|4785|121161|7437|41650|4436|259|189|29870|4520|2271|1119|563751|18676|36606|5561|25234|4351|12393|2617|11339|2080|8085|1803|12140|2212|15525|2574|6040|2117|6175|1720|9473|2578|6923|2230|109344|6881|24688|3300|96633|7382|7578|1808|126559|8552|49016|6535|5196|2020|2401209|22322|901523|17271|675465|17441|573271|15677|51937|4077|50257|4267|46163|4438|178916|8296|979|652|915848|21106|13510|3579|147599|11633|11306|2345|510452|14744|26582|3623|11713|3202|32254|4838|97758|8368|13508|2925|40702|6184|10464|2566|357087|13158|18637|3772|15189|2972|12945|2616|3077|1199|14046|2816|194171|9474|6493|1472|18825|2524|73190|7195|514|386|214404|12584|6213|2157|5719|1861|21005|5160|8814|2648|45141|5658|10695|2519|5773|1978|16987|3708|6656|1596|20900|4290|42282|5162|3621|1130|14497|4799|6101|1289|12347|2915|457025|19488|57653|8374|2931|1660|14258|3790|15978|3177|3592|1502|3708|1879|3371|1658|3681|1724|10134|2691|19189|4725|4773|1971|4531|2795|5261|1820|4624|2894|110269|10069|9777|2425|67817|6894|20475|3167|5955|2856|6245|4232|16301|2808|15890|2759|411|329|233404|14430|786|690|65755|8671|9810|3532|23363|4562|73503|8548|11399|2931|9604|3394|6918|3316|32266|5923|20209|4426|19321|3345|16479|2848|14093|2706|2386|706|204|156|82|134|108|104|2448|1680|3641442|43392|3544932|43188|1602028|36582|3761|1118|24627|3712|69202|6984|13373|3095|829135|27693|21573|3640|179478|14869|292282|15367|11673|3119|12994|2899|113834|9415|9440|2696|20656|3651|855469|22369|8389|2329|28540|4813|161162|10867|130700|11481|99479|9768|384313|16783|21327|4736|21023|3126|536|854|1087435|29882|33582|3586|7930|2147|96781|9430|17393|2956|231744|10845|299608|14180|200607|12694|123867|10168|16781|3699|47901|5884|11241|3031|96510|5156|95862|5180|648|408
0300000US3|3800508|37662|660197|16075|74165|5479|2267|775|8730|1331|2972|2588|3497|977|54678|4444|23969|2909|25607|2661|5102|1122|2021|752|93884|5052|4584|1052|4070|1331|11588|2216|62076|4031|8840|1431|2712|1000|14|23|64161|5028|20345|3110|34821|3731|1749|873|210|198|6382|1587|864|494|425830|13735|25600|4141|8253|1893|21055|4000|16881|2818|8783|1700|7326|1593|6198|1208|3506|973|11279|2218|10189|2782|10425|2512|140651|7777|30657|3523|35794|4138|14318|3614|53997|6135|20918|3176|2157|791|1408383|19593|318108|10221|200356|9235|167025|8827|11419|1982|21912|3129|32366|3402|81958|5756|3428|1196|552918|17342|9079|3721|34613|5363|18354|4156|377878|13852|19669|3194|3076|1047|19475|3230|56319|5296|4914|2098|5358|2226|4183|1717|303306|11145|30030|4589|8920|2746|7100|1867|20849|3002|8483|2125|149187|9031|2391|757|25699|3421|50545|5082|102|171|220698|12571|1153|1123|1903|1088|566|395|70245|7306|8285|2125|16803|3323|6656|1508|33838|3795|12920|2807|19884|4071|10785|2243|2769|1271|31693|6270|3198|1283|13353|2471|295574|18271|90546|11513|6272|1921|18290|4549|17777|3045|18576|4058|5478|2559|5586|3083|3608|1344|14959|5821|34189|7417|11675|4526|6528|2425|13242|5040|2744|1477|41010|5597|6723|2414|17039|3159|8183|2447|3367|1543|5698|2886|11128|2613|10697|2581|431|403|109097|11616|0|210|19632|3749|6050|2741|5139|2084|55831|7892|7061|2723|3109|1608|1518|812|10757|3579|9604|2526|13159|2434|9232|2034|7011|1799|2221|886|398|312|226|193|825|730|2478|1333|1423195|22909|1341667|22674|88069|7471|1113|464|1161|876|16717|2940|40|79|18924|4606|0|210|21493|4504|21997|3897|943|674|339|251|4265|1033|436|373|641|434|1094408|20934|8440|2308|4298|1251|29264|4236|57557|6907|39285|5771|933474|17809|14034|3388|6843|2548|1213|1474|159190|12333|8308|1519|3207|1019|27750|4157|5081|1522|39250|5854|20607|4321|2995|1077|16136|2814|1391|605|33440|6035|1025|472|81528|5179|81224|5132|304|234
0300000US4|1362292|22770|140854|7000|24267|2412|1647|637|1883|638|731|261|1352|601|18267|2318|7292|1418|9433|1601|1542|491|387|276|36258|3673|929|464|1174|553|3026|951|26944|3590|2947|732|1166|518|72|124|9646|1737|923|451|3676|934|677|420|88|91|4281|1277|89|146|70086|5163|2100|1295|2375|997|15320|2801|2941|1475|973|432|2329|1130|1903|915|1678|667|527|406|4100|1308|97|229|3031|936|4318|1152|13175|1803|543|359|12692|3018|1984|704|597|437|463288|10080|90958|5512|51294|4386|43466|4135|2911|1012|4917|1154|8315|1573|31171|2970|178|246|140483|7796|8493|3209|6454|1865|2635|971|88335|5930|7820|3093|800|375|11655|3005|8251|1624|3805|1200|1065|818|1170|668|199487|8577|24774|4281|9650|2203|1819|716|32395|3473|4297|1074|41575|4399|967|582|29598|3969|54344|4714|68|113|31708|4722|181|196|220|221|556|538|10667|3897|1940|731|2891|1383|1933|1162|3011|1027|2703|1296|2412|1189|3336|1079|212|158|788|743|858|536|652|310|250448|11340|132341|10392|3643|1568|33330|5156|28072|4730|49056|6509|4139|1775|2660|1016|2024|1096|9417|3420|19771|4196|8542|2724|5727|2749|5213|1684|289|257|23879|5515|1361|896|9304|3083|1828|936|9848|3026|1538|788|6578|1909|6081|1861|497|407|59880|6431|0|210|6117|1726|1249|841|19498|4286|19725|4128|688|590|1897|965|4093|1585|6613|2288|7999|3630|16983|3840|4595|1429|3658|1462|937|440|179|200|1832|989|8123|3032|2254|1115|490719|13988|462472|13092|30737|3697|969|522|251|220|13719|2984|125|199|3591|1118|0|210|3043|1251|5314|1710|413|627|291|472|1188|566|321|481|1512|686|374222|12535|380|304|940|517|29526|4521|46318|6113|22588|4233|269307|11036|2883|1074|1495|597|785|780|57513|4690|2666|836|1041|600|10726|1952|2356|896|11284|1886|11914|3188|2569|850|5034|1142|872|649|7588|1849|1463|596|28247|3309|28104|3299|143|113
0300000US5|9543464|59607|901150|23341|217191|8782|5303|1655|17488|2500|3943|887|10379|1893|172676|8422|78109|6384|80844|5109|13723|2115|7402|1786|211301|10443|6921|1578|7558|2221|42005|4774|130117|8152|15045|2202|8579|2116|1076|768|118921|6909|19825|3118|48240|4324|14793|2085|553|382|34745|4318|1318|885|350454|16072|14309|3230|13300|2685|15785|3199|13727|2397|4994|1337|12943|2382|14857|2432|4802|1339|3341|1259|9833|2320|2191|1066|36683|3842|37024|4467|70758|6635|6880|1523|62199|5834|26828|4347|3283|1123|2051313|20203|503289|16194|288038|11354|234730|10481|15616|2062|37692|3586|38072|4753|174577|8952|2602|1562|791965|20681|44461|5847|43150|6577|2192|1244|502791|18401|57201|4789|10138|3075|36638|6933|75643|7617|7647|2279|8786|2441|3318|1341|571156|18621|18519|3355|15009|3056|15533|3057|16946|3061|9656|1913|245143|11418|3564|888|43750|6757|202765|11777|271|224|175584|11507|2386|1085|2935|1003|2226|881|20262|4227|26696|3788|12660|3640|9827|3387|19081|3837|16637|4312|15974|3551|31774|3982|5155|1577|5219|1926|4752|1327|9319|2289|703835|25605|210771|16469|14551|4791|116096|11560|28446|4855|7754|2851|7690|3148|9259|3153|10631|2805|16344|4339|59740|8257|36657|6385|7052|2750|12847|3901|3184|1641|95377|9602|5179|1385|44557|6185|23750|3317|18146|5498|3745|1085|39292|5215|37404|5107|1888|949|275625|17127|1421|813|61403|6143|8446|3206|22759|4280|124337|10808|7204|1887|23583|4480|7696|2656|18776|4310|23030|5559|26688|3522|18312|2568|12844|2035|5468|1517|855|602|701|454|3261|1519|3559|1185|5860478|47489|5668215|47333|2174572|31659|26155|4474|11473|2467|1025497|21777|8295|2258|207036|14016|5551|1611|422902|22361|349297|12881|5963|2302|4225|1446|79743|7850|4997|1759|23438|4337|1983341|33677|7789|2522|27945|4364|364223|15810|279035|18913|273270|17844|844823|22613|140877|8860|44357|4950|1022|641|1510302|34782|77941|7345|51598|5975|199608|13665|36443|4421|401687|16006|88223|8021|66149|6445|166856|11922|21240|4042|389593|21482|10964|2509|192263|8892|188740|8829|3523|1187
0300000US6|830034|18995|88289|6174|20787|2764|437|318|1594|1306|121|120|340|238|17730|2361|7045|1574|9399|1784|1286|622|565|420|31191|2979|585|395|832|526|2664|939|24521|2574|2151|823|438|313|0|210|6208|1350|1203|695|1760|640|995|504|24|40|2162|1167|88|153|30014|3812|498|700|612|534|6553|2036|650|457|509|431|747|535|997|628|303|265|557|512|341|289|358|467|2722|1215|2734|1006|5589|1324|568|508|4881|1338|1395|721|89|101|247775|8125|66916|4977|32138|3403|28654|3233|858|449|2626|891|9910|2256|24440|3111|428|512|76925|6706|5461|3204|4190|1626|1887|1070|49183|5018|4049|1349|421|299|5731|1983|3690|1360|412|242|1415|1018|486|426|74661|5692|7607|2483|1842|766|1734|703|4745|1381|2883|818|26124|2998|388|301|7224|1650|22114|3915|0|210|27885|5493|516|464|256|281|138|242|8087|3111|798|420|2445|994|1823|916|916|603|2038|1132|2664|2073|2092|911|137|193|5542|3560|433|453|1388|771|91343|10562|25340|4729|1128|854|8264|2764|4621|1834|1386|979|4166|2485|1205|1017|358|293|4212|1839|14069|5168|2272|1893|5991|3464|4788|2071|1018|1126|24240|6675|528|607|15857|6199|3486|1877|2321|1385|2048|1529|4453|1405|3991|1509|462|440|21280|4852|0|210|2029|824|1143|1029|1484|680|10196|3606|1588|1214|0|210|1447|1910|3393|1752|1961|1140|6640|2059|4140|1498|2992|1286|1148|720|0|210|517|547|1611|1276|372|278|395987|14134|374893|13760|48779|5604|967|548|104|183|22454|3048|241|306|6977|2464|0|210|4215|2012|11133|3260|168|291|374|357|1581|874|0|210|565|419|276498|11074|613|422|1742|827|15143|3033|50933|5698|37014|7020|166408|8694|1951|864|2694|1028|0|210|49616|6974|2647|950|1185|763|9455|3552|2147|888|11228|2445|1701|651|1436|930|5337|1778|167|192|13929|4487|384|312|21094|3121|20906|3069|188|163
0300000US7|5760848|61756|267821|10598|74197|5976|1846|739|5240|2175|2335|1009|2733|965|60642|5180|29721|3729|25427|2985|5494|1533|1401|726|74944|5481|2454|1057|1210|613|14585|2646|47347|4182|7186|2131|1944|757|218|259|26687|3507|4067|1164|7231|1841|1494|627|55|93|13629|2712|266|243|90202|8044|2464|1108|1930|985|3202|1250|2644|1102|1292|705|2797|1094|2948|1056|1444|615|488|299|1957|1031|2184|1694|10366|2092|7713|1916|24298|4862|2809|1026|15522|3477|6144|1873|1791|985|1379303|17979|276197|10729|180201|10053|136591|9072|12713|3082|30897|4027|21259|3462|73874|6342|863|677|575892|18815|29123|7825|20209|4096|1048|785|372089|14986|29583|3861|3731|1574|33186|6106|76589|9679|6703|1953|1302|642|2329|1129|419316|12952|13892|2319|14035|3405|9724|2280|13914|2972|11306|2714|123182|8635|3672|1121|22324|2864|207194|10984|73|113|100986|10553|807|576|2006|1090|906|704|19177|5099|5323|1523|9799|2626|5208|1558|10920|2082|8006|2467|5715|2289|21274|8048|6604|2448|2212|1516|3029|1491|6912|2078|330791|17224|81680|8365|5574|2543|23402|4768|23380|4543|1671|1203|3724|1255|6896|2718|2183|1299|14850|3872|34722|6667|16835|4846|6419|2481|8361|3807|3107|1531|36699|5479|4488|1511|15776|3749|6610|1908|7238|2895|2587|1253|23165|8171|22775|8184|390|327|145628|11534|194|322|17404|3494|3943|1631|5042|1922|99882|9313|4531|5181|3146|1344|1546|749|9940|3049|8897|2708|26298|3597|11452|2398|8338|1986|3114|1310|856|546|8189|2002|3638|1877|2163|921|3756635|47585|3690140|46262|151398|12717|2658|1582|1282|643|78155|9674|4535|2705|17221|2811|367|314|6567|2237|20931|4010|1510|1021|0|210|11111|3970|1190|899|5871|1824|3253228|44113|5896|2259|6138|1679|262129|18481|125422|11513|231566|19312|2579775|42519|29008|4586|11767|2135|1527|964|285514|18073|16302|2712|5536|2054|32021|4815|7760|1853|68205|7813|17852|3514|3808|1306|22460|4245|2493|979|106672|12819|2405|1164|66495|6120|65773|6108|722|437
0300000US8|2770461|34968|265964|11389|62101|4682|1769|711|4185|1191|1328|540|2613|706|50531|4193|19052|2512|28531|3105|2948|789|1675|738|72377|3935|3076|737|2079|664|12858|2059|43813|2827|6058|1322|4352|994|141|141|21590|2612|2353|858|8822|1558|2381|847|404|410|7884|1745|150|155|108553|8668|841|700|3994|1603|8212|2466|4997|1452|3536|1347|6313|1369|4058|1307|1141|620|2476|1155|1867|1047|566|394|12760|2295|10092|2250|20837|3507|2424|1111|16286|3618|8153|2282|1343|906|662146|13981|169858|7901|94461|5730|70988|5567|7559|1646|15914|2650|22518|3111|50947|4594|1932|792|156046|9504|10532|3363|4433|1892|3425|2003|90794|7393|20539|3452|1966|1008|10296|2742|7152|1859|2674|881|2480|1066|1755|1029|276425|10421|7999|2350|5433|1454|6513|1609|7355|2037|3682|1094|163742|9861|1548|608|17534|2500|62619|6761|0|210|58024|5514|2362|1250|493|433|363|340|22028|3973|5051|1407|3542|1125|1243|597|5296|1560|4531|2113|4941|1841|5639|1586|1003|677|408|425|1124|688|1793|793|124422|10512|53683|7557|2942|1403|28616|6354|7148|2126|3353|2340|1577|1230|2325|1292|1986|1408|5736|1801|10561|2564|1053|749|3671|1469|4492|2000|1345|862|17236|4427|999|690|5587|2129|4153|1648|5206|3705|1291|727|8041|1793|7568|1731|473|449|29627|5543|0|210|6646|3197|1529|737|3552|1917|9382|2503|932|937|1134|711|2471|1933|3981|1759|5274|3025|30043|2794|12515|2129|9235|1693|3280|913|1307|811|2365|1206|1357|710|12499|2418|1687886|28065|1604534|27723|74804|6984|191|226|374|354|50201|6248|76|124|6970|1666|102|122|5237|2200|6699|2305|0|210|288|485|3327|1574|232|226|1107|941|1384644|26678|2347|1096|4856|1150|55881|7942|51068|6729|21607|4797|1229635|23521|15009|7790|4133|1200|108|181|145086|10080|12040|2552|2970|841|23449|3474|11691|2681|30585|5499|8150|2190|956|442|25675|4256|1521|744|26957|5502|1092|517|83352|4985|83154|4981|198|171
0300000US9|12339075|62237|908154|22251|206966|10218|7863|1600|19061|2943|4991|1428|12593|2890|157316|8025|73414|5737|73186|4771|10716|1466|5142|999|196420|8638|6912|1267|6575|1667|48945|5748|102030|5859|22362|3127|9229|1629|367|267|93091|5378|12497|2130|34459|3611|25383|3098|8285|2367|19534|3024|1218|504|409587|15033|2921|1036|19523|3758|10478|2548|11182|2099|7494|1583|13120|2141|11296|1755|3860|1085|3380|1127|15315|3259|2257|1243|28827|4673|34233|3891|100627|7536|7440|2067|115040|10955|22594|2689|2090|1009|5137973|34729|1684739|27731|1143980|22774|824210|20831|121910|6401|197860|9426|138832|7952|394516|15316|7411|2339|1169756|28489|67422|7775|26273|4384|1341|748|717702|23302|231765|13097|12978|2778|29321|6335|56844|6160|11763|2954|9047|2503|5300|1254|1945005|29907|34682|4715|65754|6136|43404|4873|59152|4809|20678|2259|1011410|23874|13025|1938|85544|6349|610973|17711|383|287|329868|17175|79959|6578|9452|2996|4701|1490|56547|8878|37919|4396|18302|3649|8722|2839|31241|3830|7578|1991|32217|5699|25104|3004|4466|1298|9350|3139|4310|1185|8605|2139|306666|14585|118381|8003|10917|3122|43762|5693|31353|4301|11085|3485|2111|940|6461|2244|4924|1599|7768|2205|10538|2686|4104|1263|1673|1090|3183|1927|1578|916|64378|6469|5667|1965|43925|5234|7936|2337|2468|1130|4382|1309|29051|3600|28874|3603|177|150|77203|7864|280|262|13420|3187|2321|1308|5750|1866|41407|5903|1805|812|2870|1234|1334|1255|8016|3496|7115|2565|143033|8708|43463|3567|32976|2785|10487|1873|34801|4318|12941|3861|19833|5644|31995|3676|5843249|43096|5645391|39922|91447|8040|1219|445|1613|1028|30527|3310|988|941|10159|2602|66|83|11949|4240|22427|3746|790|535|113|187|8193|2137|1080|772|2323|1336|5191751|40040|15034|2702|15461|2586|437489|16304|329884|15901|90452|10677|4222268|39586|66778|6611|12480|2504|1905|817|362193|15662|34034|4155|10498|2206|70796|7175|18553|2694|72763|7337|28425|3696|3206|1125|84891|7465|5088|1513|30363|5419|3576|871|197858|7697|197317|7662|541|320
03000A0US1|2136458|27101|389894|14265|66046|4732|1494|614|15193|2016|583|273|2683|827|44961|4108|19814|2566|20782|2965|4365|1243|1132|559|49219|3747|1711|775|2661|787|10246|1957|26186|2820|4456|1030|3874|1050|85|147|125952|7502|13955|2831|34573|4253|70336|6131|10986|2104|7021|1885|67|85|147908|9792|21096|4252|3473|1142|7002|2700|4894|1507|1332|774|3567|1016|2325|739|1698|809|2207|1053|2864|1570|1853|1000|29418|3713|6489|2171|30014|5025|2738|1901|19787|3953|7151|1748|769|551|594177|10868|212762|9782|165414|9123|137863|8610|11930|2484|15621|2816|12564|2618|34275|4277|509|494|192493|10664|6661|2416|7325|2769|1906|1620|130240|7301|10040|2635|1500|951|12646|2474|16840|4799|3169|1310|1071|680|1095|509|131600|8144|3114|1083|23067|3782|3147|1034|9809|2414|2774|1016|27458|3262|2555|947|12525|2810|47151|5512|0|210|56725|6419|2590|1699|2941|2020|1262|1582|6979|2604|11424|2766|2548|1100|1738|1620|9396|2713|1726|913|4897|1386|9105|2124|620|380|519|521|980|593|597|403|191957|10871|41334|5789|1260|887|7065|1968|12040|3030|3632|3541|1872|1064|7739|2651|1415|748|6311|2014|13126|2942|3225|1426|533|604|2729|1244|6639|2444|29067|4789|2285|972|9333|2649|13460|2989|1680|1268|2309|1063|5874|1677|5863|1670|11|23|96228|8848|43195|6754|22730|4157|644|450|6310|2571|14061|3209|909|872|2012|1169|1329|901|5038|1707|6328|2019|6207|1673|5860|1669|4360|1414|1500|740|114|131|0|210|0|210|233|267|954223|20904|898810|20709|364676|15260|611|665|4035|1262|5728|1569|4169|3009|179881|11105|893|674|75896|8698|74154|7364|1950|898|536|420|12361|3445|1059|950|3403|1203|221340|13459|58|97|7172|2431|52805|7352|77523|8510|28513|6547|48129|6001|3413|1769|2469|851|1258|808|312794|16656|8907|1989|1855|1066|147606|12236|8946|2316|61199|6777|41559|5495|5225|1273|21659|3798|3790|1520|11006|2717|1042|506|55413|3644|54300|3577|1113|574
03000A0US2|7594536|52924|1089908|24719|151624|6468|3542|1171|38201|4849|4430|2405|6011|1205|97071|5085|48494|3894|40514|3515|8063|1467|2369|805|138972|6457|7789|1405|7717|2017|35841|4102|71380|5150|9169|1817|6475|1551|601|349|234308|11736|40264|4794|120312|7399|41625|4438|259|189|29870|4520|2237|1120|559808|18647|36346|5577|25234|4351|12385|2616|11191|2075|7915|1805|12058|2218|15443|2580|6040|2117|6145|1714|9439|2577|6923|2230|107784|6664|24680|3303|96378|7423|7428|1793|125954|8535|48465|6488|5196|2020|2397336|22383|900192|17302|674547|17485|572643|15707|51779|4066|50125|4266|46114|4430|178552|8299|979|652|914333|21080|13473|3585|147270|11628|11252|2350|509671|14734|26520|3619|11713|3202|32020|4802|97740|8366|13508|2925|40702|6184|10464|2566|356168|13187|18637|3772|15170|2975|12896|2610|3077|1199|13923|2829|193745|9516|6493|1472|18624|2484|73089|7198|514|386|214296|12586|6213|2157|5706|1860|21005|5160|8814|2648|45046|5652|10695|2519|5773|1978|16987|3708|6656|1596|20900|4290|42282|5162|3621|1130|14497|4799|6101|1289|12347|2915|456283|19393|57591|8375|2931|1660|14203|3793|15978|3177|3592|1502|3701|1879|3371|1658|3681|1724|10134|2691|19175|4726|4773|1971|4531|2795|5247|1818|4624|2894|110209|10074|9777|2425|67757|6897|20475|3167|5955|2856|6245|4232|16116|2791|15705|2748|411|329|232983|14295|786|690|65755|8671|9810|3532|23363|4562|73503|8548|11399|2931|9604|3394|6918|3316|31845|5786|20209|4426|19150|3341|16336|2840|13994|2700|2342|704|204|156|82|134|80|98|2448|1680|3631859|43270|3536353|43040|1600097|36689|3761|1118|24627|3712|68918|6964|13373|3095|828442|27756|21573|3640|179296|14868|291696|15394|11673|3119|12945|2891|113715|9397|9422|2696|20656|3651|851494|22371|8389|2329|28399|4806|160085|10694|130166|11464|99214|9735|382441|16762|21266|4736|20998|3122|536|854|1084762|29581|33545|3581|7914|2146|96404|9317|16819|2914|231165|10875|298883|14205|200514|12714|123804|10161|16781|3699|47692|5897|11241|3031|95506|5058|94939|5090|567|392
03000A0US3|3752146|38072|650073|16032|71737|5577|2230|773|8585|1338|2958|2588|3442|969|52577|4491|23190|2878|24537|2742|4850|1097|1945|734|90599|4989|4540|1055|3926|1335|11498|2212|59555|3981|8387|1361|2679|997|14|23|63414|5004|20090|3139|34435|3691|1728|863|189|192|6297|1592|864|494|422166|13669|25586|4144|8137|1926|21055|4000|16791|2810|8761|1696|7199|1568|6015|1209|3490|973|11141|2201|10169|2785|10329|2518|139504|7806|30239|3519|35411|4120|14169|3590|53416|6087|20754|3163|2157|791|1399538|19500|315787|10203|199585|9195|166457|8813|11419|1982|21709|3113|31850|3392|80965|5687|3387|1184|551922|17367|9051|3731|34490|5385|18354|4156|377479|13844|19623|3205|3027|1048|19475|3230|56184|5291|4698|2115|5358|2226|4183|1717|298576|11099|29677|4574|8920|2746|6879|1846|20600|2992|8385|2130|146310|9049|2373|761|25317|3398|50013|5016|102|171|219913|12503|1153|1123|1903|1088|566|395|70035|7298|8238|2126|16771|3318|6645|1507|33777|3782|12744|2806|19876|4071|10757|2240|2769|1271|31481|6314|3198|1283|13340|2468|292960|18274|89183|11530|6272|1921|18172|4551|17759|3045|17749|4057|5242|2538|5471|3090|3580|1341|14938|5814|33704|7435|11675|4526|6523|2425|12762|4996|2744|1477|40879|5595|6675|2419|17021|3162|8118|2430|3367|1543|5698|2886|11000|2613|10569|2577|431|403|108676|11575|0|210|19460|3786|6050|2741|5139|2084|55675|7899|7061|2723|3109|1608|1425|782|10757|3579|9518|2517|12940|2460|9091|2044|6949|1799|2142|867|398|312|226|193|747|770|2478|1333|1396635|23142|1318598|22821|86643|7487|1110|464|1161|876|16371|2902|40|79|18819|4602|0|210|21445|4497|21073|3827|943|674|339|251|4265|1033|436|373|641|434|1073978|21036|8345|2317|4227|1238|28216|4266|55642|6815|38011|5674|918264|17776|13666|3314|6394|2599|1213|1474|157977|12397|8295|1522|3201|1019|27537|4148|4939|1546|38968|5888|20546|4314|2974|1076|15790|2791|1391|605|33336|6043|1000|470|78037|5025|77749|4974|288|233
03000A0US4|1280605|21776|130071|6993|22653|2370|1467|618|1840|628|628|253|1230|569|17225|2165|6909|1384|8808|1525|1508|489|263|231|30471|3630|897|459|1001|507|2863|964|21969|3318|2616|676|1053|483|72|124|8737|1669|826|439|3320|888|677|420|88|91|3825|1250|89|146|67693|5247|2100|1295|2375|997|15301|2799|2941|1475|950|431|2006|1069|1857|906|1662|665|527|406|3936|1284|97|229|2782|882|3808|1023|12751|1825|543|359|12200|3014|1857|700|517|411|451415|9990|88870|5430|50320|4357|42679|4121|2899|1012|4742|1098|7797|1541|30575|2896|178|246|138894|7795|8493|3209|6454|1865|2635|971|87163|5943|7688|3075|786|374|11655|3005|8097|1626|3788|1201|965|798|1170|668|191688|8665|24380|4289|9531|2212|1729|711|30690|3526|3978|1040|38199|4377|919|582|28860|3959|53402|4723|0|210|31311|4693|181|196|220|221|549|533|10575|3891|1940|731|2891|1383|1890|1163|2957|1031|2686|1294|2412|1189|3154|1040|210|156|788|743|858|536|652|310|245461|11177|131829|10365|3643|1568|33274|5156|27963|4723|48852|6420|4083|1786|2660|1016|2024|1096|9330|3447|19491|4187|8434|2726|5727|2749|5041|1614|289|257|22516|5330|1345|895|9269|3085|1681|920|8930|2893|1291|673|4378|1638|3899|1582|479|406|59327|6394|0|210|6084|1732|1249|841|19495|4287|19488|4091|688|590|1897|965|4006|1598|6420|2291|7920|3620|14529|3738|4297|1442|3452|1473|845|433|179|200|1698|937|6294|2912|2061|1108|439129|13147|413812|12357|28885|3614|969|522|251|220|13350|2879|0|210|2925|972|0|210|3036|1252|5077|1711|413|627|291|472|999|529|321|481|1253|642|329875|11820|351|301|933|515|25332|4285|40444|5848|20572|4284|237460|10956|2620|994|1378|566|785|780|55052|4636|2576|835|1003|593|10255|1919|2244|896|11068|1886|11807|3202|2481|838|4497|1102|836|647|7140|1798|1145|500|25317|3255|25174|3251|143|113
03000A0US5|9440637|59634|889176|23224|212342|8843|5105|1503|17211|2504|3943|887|9974|1818|168771|8511|76575|6436|78658|4987|13538|2081|7338|1785|207554|10407|6778|1583|7540|2219|41704|4755|127098|8106|14831|2207|8527|2125|1076|768|117890|6836|19575|3030|48005|4298|14596|2080|553|382|34396|4287|1318|885|348194|16104|14259|3225|13220|2708|15637|3165|13672|2399|4814|1297|12875|2365|14793|2428|4802|1339|3275|1259|9725|2316|2191|1066|36417|3804|36791|4435|70086|6646|6880|1523|62052|5819|26705|4332|3196|1101|2039141|20296|499877|16226|286303|11376|233140|10400|15481|2057|37682|3587|37401|4742|173591|8969|2582|1564|789399|20680|44406|5851|43019|6554|2058|1239|501415|18394|57124|4783|10112|3084|36353|6935|75373|7601|7647|2279|8725|2431|3167|1391|565898|18496|18267|3347|14882|3061|15533|3057|16900|3053|9656|1913|242515|11270|3538|887|43450|6712|200886|11567|271|224|174697|11572|2386|1085|2935|1003|2183|875|20262|4227|26612|3788|12600|3644|9827|3387|19047|3836|16637|4312|15871|3534|31774|3982|5155|1577|4700|1777|4708|1339|9270|2288|700494|25494|209253|16143|14532|4791|115573|11507|28072|4774|7234|2710|7615|3163|9259|3153|10631|2805|16337|4336|59676|8273|36657|6385|6988|2756|12847|3901|3184|1641|95133|9612|5179|1385|44433|6178|23686|3315|18146|5498|3689|1084|39066|5243|37178|5141|1888|949|274875|17041|1421|813|61054|6101|8446|3206|22685|4276|124217|10805|7187|1887|23566|4480|7523|2621|18776|4310|22491|5544|26196|3506|17942|2590|12491|2034|5451|1515|855|602|701|454|3261|1519|3437|1155|5785630|47616|5596179|47462|2163373|31139|25912|4460|11473|2467|1020345|21328|8277|2266|206055|13973|5494|1607|421167|22407|346758|12910|5963|2302|4225|1446|79313|7817|4953|1759|23438|4337|1928371|34402|7664|2524|27230|4243|360173|15788|271641|19218|268673|17638|807349|22691|140487|8851|44132|4933|1022|641|1504435|34423|77708|7370|51325|5966|198904|13632|35906|4413|400237|15945|87826|8026|65572|6438|166046|11931|21143|4031|389000|21425|10768|2484|189451|8897|185933|8830|3518|1187
03000A0US6|796629|18651|84129|5986|19658|2786|348|276|1594|1306|121|120|264|203|16766|2304|6550|1507|8934|1750|1282|621|565|420|28946|2725|585|395|580|328|2413|905|22915|2452|2015|789|438|313|0|210|5914|1338|1151|696|1618|629|915|497|24|40|2142|1167|88|153|29522|3835|498|700|612|534|6529|2037|638|456|509|431|670|538|955|626|303|265|557|512|341|289|358|467|2603|1191|2734|1006|5466|1321|568|508|4786|1334|1395|721|89|101|240062|8141|64415|4787|30509|3177|27064|2983|858|449|2587|881|9695|2204|23783|3053|428|512|75975|6659|5461|3204|4190|1626|1887|1070|48425|4911|4049|1349|421|299|5672|1981|3644|1360|366|240|1415|1018|445|415|71184|5567|6613|2357|1427|713|1609|678|4745|1381|2883|818|24491|2827|388|301|7133|1633|21895|3954|0|210|27570|5465|516|464|256|281|138|242|8087|3111|741|406|2327|994|1823|916|916|603|2038|1132|2626|2069|2059|924|137|193|5473|3565|433|453|918|466|89624|10551|25147|4754|1128|854|8216|2764|4561|1802|1386|979|4166|2485|1205|1017|358|293|4127|1843|14061|5168|2272|1893|5983|3465|4788|2071|1018|1126|23242|6693|528|607|15608|6180|3278|1834|2072|1367|1756|1462|4201|1378|3757|1476|444|438|21012|4895|0|210|1916|807|1143|1029|1484|680|10041|3691|1588|1214|0|210|1447|1910|3393|1752|1961|1140|5548|1591|3076|1116|2067|880|1009|656|0|210|517|547|1611|1276|344|275|377266|13739|357242|13405|48006|5632|864|522|104|183|22100|3027|241|306|6952|2459|0|210|4215|2012|10842|3280|168|291|374|357|1581|874|0|210|565|419|261385|10631|583|425|1678|801|14732|3003|47333|5435|35197|6820|157217|8385|1951|864|2694|1028|0|210|47851|6862|2647|950|1124|752|9354|3536|2130|886|10904|2406|1522|658|1436|930|4564|1636|126|178|13660|4486|384|312|20024|3029|19836|2977|188|163
03000A0US7|5628016|60034|261505|10461|72060|5863|1798|735|5112|2177|2277|1026|2654|959|58818|5078|28848|3623|24603|2931|5367|1499|1401|726|73091|5409|2454|1057|1210|613|14472|2649|46056|4164|6845|2062|1836|756|218|259|26146|3479|3751|1135|7195|1838|1479|624|55|93|13455|2718|266|243|88417|8016|2464|1108|1892|991|3152|1248|2607|1097|1292|705|2797|1094|2948|1056|1404|614|488|299|1881|1020|2184|1694|10366|2092|7646|1904|23950|4864|2510|1016|14879|3485|5957|1855|1791|985|1367945|17992|274153|10794|179109|10124|135733|9077|12598|3111|30778|4037|20875|3418|73341|6330|828|679|573007|18838|29123|7825|20145|4112|1048|785|370358|14872|28750|3889|3731|1574|33100|6094|76418|9714|6703|1953|1302|642|2329|1129|413961|12783|13605|2340|13721|3406|9673|2263|13653|2933|11278|2717|121241|8541|3672|1121|21747|2842|205298|10696|73|113|99912|10535|807|576|2006|1090|906|704|19177|5099|5217|1511|9771|2631|5208|1558|10762|2043|8006|2467|5715|2289|20681|8014|6604|2448|2023|1506|3029|1491|6912|2078|328307|17437|80887|8457|5484|2544|23402|4768|22831|4579|1671|1203|3677|1248|6896|2718|2183|1299|14743|3872|34707|6671|16820|4846|6419|2481|8361|3807|3107|1531|36533|5480|4488|1511|15741|3748|6479|1944|7238|2895|2587|1253|22381|8167|21991|8179|390|327|144903|11515|194|322|17198|3449|3943|1631|4851|1868|99554|9321|4531|5181|3146|1344|1546|749|9940|3049|8896|2708|24528|3488|10916|2342|7975|1973|2941|1299|856|546|7481|1926|3591|1872|1684|774|3645731|46459|3580914|45282|150429|12626|2598|1569|1282|643|77789|9673|4535|2705|17124|2810|367|314|6534|2244|20699|3979|1510|1021|0|210|11031|3968|1190|899|5770|1817|3148044|42785|5155|2088|6050|1658|258667|18300|122904|11471|229821|19288|2484356|41422|27903|4610|11661|2126|1527|964|282441|18268|16218|2700|5182|1961|31830|4806|7602|1856|67335|7837|17632|3516|3808|1306|21815|4233|2493|979|106398|12823|2128|1125|64817|6126|64332|6131|485|312
03000A0US8|2729079|34594|259840|11151|61011|4635|1447|633|4185|1191|1239|526|2531|690|49963|4162|18756|2424|28321|3099|2886|786|1646|736|69817|3939|3068|737|1970|651|12402|2053|42287|2771|5831|1303|4118|961|141|141|20459|2326|2300|855|8143|1415|2381|847|404|410|7485|1589|150|155|107210|8667|841|700|3940|1599|8212|2466|4864|1474|3536|1347|6146|1350|4049|1308|1091|616|2476|1155|1867|1047|530|391|12371|2331|9947|2243|20794|3505|2424|1111|15994|3551|8128|2268|1343|906|656257|14023|168154|7858|93781|5663|70665|5534|7527|1633|15589|2613|22185|3075|50441|4574|1747|792|154875|9525|10532|3363|4433|1892|3425|2003|89799|7271|20539|3452|1966|1008|10296|2742|7117|1848|2627|886|2425|1062|1716|1035|273594|10544|7946|2343|5421|1456|6513|1609|7329|2035|3682|1094|161461|9932|1548|608|17204|2472|62490|6734|0|210|57841|5508|2276|1244|493|433|363|340|21988|3980|5051|1407|3542|1125|1243|597|5296|1560|4531|2113|4941|1841|5582|1585|1003|677|408|425|1124|688|1793|793|123006|10540|53108|7516|2942|1403|28454|6348|6978|2138|3259|2338|1577|1230|2199|1279|1971|1408|5728|1797|10487|2549|979|728|3671|1469|4492|2000|1345|862|17236|4427|999|690|5587|2129|4153|1648|5206|3705|1291|727|7473|1697|7161|1635|312|351|29428|5539|0|210|6626|3197|1529|737|3552|1917|9233|2511|932|937|1104|713|2471|1933|3981|1759|5274|3025|29418|2763|12337|2127|9139|1705|3198|913|1171|818|2365|1206|1337|714|12208|2329|1660558|27938|1580293|27449|74697|6965|191|226|374|354|50201|6248|76|124|6961|1666|102|122|5192|2202|6692|2305|0|210|288|485|3281|1575|232|226|1107|941|1363007|26520|2347|1096|4856|1150|55763|7934|50534|6753|21607|4797|1208736|23018|14946|7789|4110|1197|108|181|142589|9802|11862|2545|2970|841|23051|3498|11418|2665|30002|5366|8049|2159|956|442|25287|4224|1521|744|26444|5388|1029|503|80265|5043|80067|5038|198|171
03000A0US9|12274972|61163|899316|22216|204442|10248|7813|1610|18652|2925|4904|1427|12483|2894|155448|8187|72577|5704|72399|4812|10472|1399|5142|999|193700|8513|6821|1273|6539|1664|48702|5769|100171|5455|21906|3104|9194|1634|367|267|92765|5358|12422|2135|34216|3624|25383|3098|8285|2367|19526|3027|1218|504|406319|15067|2921|1036|19503|3750|10381|2535|11164|2100|7494|1583|13067|2144|11178|1735|3860|1085|3309|1123|15076|3210|2128|1226|28552|4664|34142|3914|100135|7606|7375|2073|113577|10913|22457|2692|2090|1009|5125348|34784|1682384|27713|1143113|22727|823376|20784|121877|6391|197860|9426|137961|7976|393994|15351|7316|2327|1168825|28412|67307|7801|26195|4361|1341|748|717250|23236|231510|13074|12970|2780|29321|6335|56844|6160|11763|2954|9024|2496|5300|1254|1936169|29722|34561|4686|65686|6149|43347|4855|58992|4784|20574|2249|1004591|23659|13025|1938|85333|6348|609677|17809|383|287|329365|17168|79959|6578|9452|2996|4701|1490|56547|8878|37783|4466|18302|3649|8722|2839|31168|3846|7578|1991|32162|5709|24865|3016|4466|1298|9350|3139|4310|1185|8605|2139|305075|14557|117539|7994|10917|3122|43676|5710|31099|4277|10920|3489|2111|940|6461|2244|4858|1593|7497|2191|10491|2686|4057|1260|1673|1090|3183|1927|1578|916|63909|6493|5654|1965|43714|5240|7894|2340|2265|1145|4382|1309|28915|3611|28738|3613|177|150|77132|7869|280|262|13420|3187|2321|1308|5750|1866|41407|5903|1797|815|2807|1226|1334|1255|8016|3496|7089|2566|140708|8558|42503|3536|32171|2734|10332|1849|34801|4318|12941|3861|19795|5644|30668|3521|5804525|42952|5609350|39717|88620|7949|1219|445|1303|867|30360|3297|988|941|9974|2591|66|83|11553|4105|20658|3736|790|535|113|187|8193|2137|1080|772|2323|1336|5159511|39620|15000|2706|15435|2569|436258|16392|329626|15901|90112|10650|4191991|39045|66704|6586|12480|2504|1905|817|361219|15661|34018|4157|10498|2206|70619|7161|18364|2713|72479|7303|28425|3696|3206|1125|84706|7487|5088|1513|30279|5423|3537|884|195175|7743|194634|7706|541|320
03000C0US1|2082181|26122|373201|14124|61674|4603|1417|593|14814|1929|555|264|2352|767|41573|4030|18154|2428|19418|2980|4001|1251|963|526|45229|3759|1256|575|2528|780|9759|1972|24075|2730|3791|902|3735|1036|85|147|123702|7540|13938|2838|33448|4214|69395|6050|10956|2096|6854|1892|67|85|141827|9581|20123|4328|3420|1132|6839|2685|4475|1373|1332|774|3409|993|2100|738|1618|804|2101|1058|2806|1558|1470|860|28418|3820|6262|2186|29018|4957|2738|1901|19324|3957|6374|1693|769|551|578475|10310|208933|9741|163254|9193|135901|8631|11930|2484|15423|2802|12138|2592|33126|4248|415|463|187640|10355|6661|2416|7325|2769|1906|1620|128399|7364|9769|2567|1500|951|12442|2450|14487|3926|3169|1310|1061|681|921|425|125679|7663|2835|1106|22392|3720|2733|962|8947|2487|2458|961|25054|2871|2520|952|12004|2731|46736|5541|0|210|55674|6294|2590|1699|2941|2020|1262|1582|6969|2596|11288|2745|2548|1100|1738|1620|8974|2598|1726|913|4871|1381|8689|2064|620|380|478|509|980|593|549|393|188699|10613|40635|5743|1260|887|7065|1968|11542|2945|3632|3541|1872|1064|7739|2651|1415|748|6110|1910|12917|2951|3181|1425|521|604|2576|1246|6639|2444|28902|4756|2285|972|9333|2649|13295|2947|1680|1268|2309|1063|5586|1598|5586|1598|0|210|94331|8593|43081|6766|22489|4107|644|450|6171|2574|13981|3200|909|872|1758|1113|1329|901|3969|1362|6328|2019|5673|1616|5326|1579|3826|1295|1500|740|114|131|0|210|0|210|233|267|936133|20206|885614|20186|361748|15079|512|647|4035|1262|5576|1561|4169|3009|178674|11101|893|674|75423|8734|73298|7326|1858|874|536|420|12312|3456|1059|950|3403|1203|218515|13591|58|97|6795|2370|52668|7355|76332|8373|28445|6548|47222|5876|3373|1760|2364|823|1258|808|305351|16447|8789|1959|1823|1063|143768|12070|8817|2254|60148|6537|41201|5498|5225|1273|21080|3713|3790|1520|9776|2170|934|492|50519|3404|49406|3357|1113|574
03000C0US2|7545796|53083|1077866|24561|149184|6502|3383|1153|38111|4852|4403|2404|5995|1202|94930|5040|47431|3870|39660|3516|7839|1431|2362|806|134986|6561|7700|1399|7265|2054|35250|4079|68652|5142|9071|1823|6447|1551|601|349|232187|11681|39644|4634|119397|7452|41219|4353|237|182|29696|4534|2231|1120|556389|18612|36262|5576|25234|4351|12385|2616|11049|2073|7776|1812|12030|2225|15405|2582|6011|2135|6136|1711|9439|2577|6896|2227|107106|6638|24547|3289|95896|7398|7091|1735|125311|8576|47815|6441|5120|1989|2384935|22484|895713|17336|671236|17445|569932|15600|51680|4083|49624|4371|45780|4414|177718|8275|979|652|911184|20990|13181|3614|146966|11600|11159|2372|507914|14636|26283|3623|11525|3166|31922|4805|97560|8342|13508|2925|40702|6184|10464|2566|352523|13113|18451|3768|15170|2975|12724|2588|2988|1166|13910|2825|191679|9363|6458|1464|18289|2503|72340|7217|514|386|213288|12517|6213|2157|5651|1877|20991|5157|8784|2643|44967|5642|10646|2520|5655|1983|16773|3679|6656|1596|20761|4291|42073|5108|3621|1130|14497|4799|6000|1265|12227|2912|453530|19373|56815|8233|2931|1660|14035|3793|15544|3107|3424|1504|3701|1879|3371|1658|3677|1723|10132|2691|19086|4740|4684|1960|4531|2795|5247|1818|4624|2894|109005|9939|9735|2424|66595|6745|20475|3167|5955|2856|6245|4232|15867|2819|15456|2778|411|329|232607|14241|786|690|65736|8675|9810|3532|23363|4562|73146|8506|11399|2931|9604|3394|6918|3316|31845|5786|20150|4441|18166|3280|15666|2818|13613|2663|2053|679|204|156|82|134|80|98|2134|1678|3611299|43466|3521297|43071|1593186|36615|3761|1118|24627|3712|68070|7073|13216|3068|825599|27696|21524|3640|177970|14940|290437|15403|11673|3119|12857|2888|113429|9411|9422|2696|20601|3660|846879|22520|8389|2329|28258|4784|159348|10641|129067|11379|98881|9743|380463|16829|21062|4701|20875|3126|536|854|1081232|29684|32733|3583|7886|2151|96024|9282|16737|2904|230219|10777|298397|14262|200244|12677|123470|10151|16758|3694|47588|5906|11176|3029|90002|4932|89435|4975|567|392
03000C0US3|3631220|36899|633285|15997|68270|5597|2230|773|8394|1338|2864|2586|3170|949|49754|4536|22082|2897|23064|2670|4608|1107|1858|725|84798|5099|4475|1052|3783|1323|11141|2236|55278|4045|7514|1338|2593|987|14|23|62197|4911|19933|3111|33923|3650|1452|823|189|192|6025|1585|864|494|415877|13514|25518|4145|8070|1924|20900|4011|16451|2823|8631|1688|7006|1581|5675|1219|3377|939|10643|2131|10138|2791|9646|2316|138834|7808|29367|3459|34267|4134|14113|3581|52677|5986|20564|3131|2143|791|1368722|18310|306327|10151|194076|9180|161689|8736|11065|1973|21322|3056|30372|3361|78749|5523|3130|1165|544001|17156|9051|3731|33615|5511|17653|4104|372252|13583|19514|3184|3027|1048|18815|3190|55948|5297|4585|2146|5358|2226|4183|1717|289464|10872|29632|4572|8559|2652|6520|1843|19246|2951|8312|2130|141435|8769|2373|761|23989|3247|49296|5032|102|171|215855|12098|1134|1124|1903|1088|566|395|69803|7323|8082|2126|16588|3295|6471|1480|33556|3797|11363|2553|19790|4068|10668|2228|2769|1271|30085|5937|3077|1256|13075|2450|289807|18287|88194|11526|6185|1925|17956|4544|17372|3009|17749|4057|5242|2538|5406|3083|3533|1342|14751|5828|33508|7446|11574|4525|6444|2440|12746|4997|2744|1477|40385|5614|6643|2422|16773|3169|8070|2429|3367|1543|5532|2886|10690|2608|10259|2573|431|403|107592|11503|0|210|19133|3747|6050|2741|5124|2089|55340|7877|7061|2723|3009|1596|1418|782|10457|3564|9438|2506|11874|2214|8148|1753|6528|1702|1620|665|398|312|103|153|747|770|2478|1333|1327532|22589|1255315|22247|82901|7286|1004|451|998|854|15459|2643|40|79|18370|4615|0|210|20150|4386|20582|3783|879|655|339|251|4003|1020|436|373|641|434|1019878|20576|8220|2338|3873|1061|26468|4202|52402|6630|35374|5364|875535|17825|10631|2935|6162|2535|1213|1474|152536|12416|7960|1442|3078|999|25768|3924|4665|1508|37852|5898|20407|4295|2974|1076|15259|2776|1391|605|32182|6199|1000|470|72217|4799|71929|4750|288|233
03000C0US4|1123428|19494|119634|6527|20738|2392|1396|603|1834|626|463|232|892|478|15904|2083|6602|1395|7818|1250|1484|489|249|229|26873|3507|823|439|995|507|2719|952|19014|3186|2453|670|797|442|72|124|8002|1553|740|389|3170|848|609|361|88|91|3394|1174|89|146|63648|4866|2100|1295|2375|997|15137|2782|2941|1475|950|431|1973|1069|1857|906|1627|649|307|280|3837|1273|0|210|2539|832|3517|1044|12188|1836|543|359|10136|2703|1621|671|373|355|415767|9151|82050|5060|47395|4144|40130|3947|2866|1012|4399|1030|6744|1421|27733|2778|178|246|132679|7810|8493|3209|5684|1634|2635|971|84874|5861|7484|3062|723|372|9998|2887|7293|1546|3465|1220|953|797|1077|654|169728|7703|18550|3838|9255|2213|1585|682|28964|3482|3922|1039|33349|4078|741|525|24109|3401|49253|4271|0|210|30886|4677|181|196|220|221|540|533|10565|3891|1931|730|2891|1383|1682|1146|2957|1031|2686|1294|2290|1134|3154|1040|149|120|788|743|852|537|424|300|228126|10517|122501|10057|3311|1539|32119|5053|25234|4356|45011|6313|3546|1622|2653|1014|1538|896|9089|3407|17534|3911|7413|2608|5696|2744|4241|1503|184|217|20915|5126|1345|895|8425|2934|1681|920|8199|2771|1265|675|3611|1450|3169|1443|442|398|56190|6394|0|210|5905|1727|1249|841|18109|4171|18559|4184|595|574|1897|965|3896|1615|5980|2301|7375|3573|11547|3674|3722|1401|3105|1436|617|390|179|200|1209|874|4553|2958|1884|1107|348354|12154|325899|11532|20182|3025|827|518|251|220|7384|1983|0|210|2442|871|0|210|2507|1144|3987|1496|413|627|291|472|722|425|321|481|1037|538|256425|11022|351|301|933|515|19569|3991|31563|5502|17451|4120|183384|9773|1952|898|1092|508|130|173|49292|4467|2542|821|758|517|9797|1913|1990|885|10532|1859|10704|3087|2453|836|3656|1006|677|633|5233|1429|950|477|22455|2731|22312|2729|143|113
03000C0US5|9256095|59010|870977|23342|206785|8465|4876|1488|16713|2484|3762|944|9892|1820|164204|8147|75316|6300|76139|4869|12749|1971|7338|1785|202445|10355|6694|1579|7540|2219|41043|4717|123278|8084|14569|2188|8456|2143|865|710|115779|6776|19430|3012|47074|4246|14088|2062|528|381|33869|4369|1318|885|342790|16126|13822|3174|13220|2708|15585|3171|13672|2399|4684|1295|12811|2369|14700|2440|4708|1341|3275|1259|9725|2316|2191|1066|35374|3767|35859|4451|68885|6598|6880|1523|61044|5812|26355|4302|3178|1102|2012696|19782|492766|16161|283111|11472|230712|10317|15481|2057|36918|3625|36307|4682|170766|9007|2582|1564|785282|20874|44406|5851|42662|6595|2058|1239|498904|18351|56521|4756|10048|3101|36353|6935|75104|7655|7632|2278|8427|2355|3167|1391|552499|18041|18030|3344|14847|3056|15294|3020|15801|3046|9405|1878|236963|11166|3497|880|42656|6694|195905|11132|101|130|172893|11562|2386|1085|2935|1003|2129|881|20262|4227|26527|3791|12551|3638|9716|3375|19002|3810|16637|4312|15819|3526|31210|3928|5155|1577|3856|1728|4708|1339|9256|2292|693469|25532|207472|15883|14532|4791|114763|11399|27505|4690|7234|2710|7615|3163|9117|3156|10537|2794|16169|4325|59558|8282|36602|6392|6988|2756|12847|3901|3121|1642|93917|9469|5139|1387|43532|6100|23515|3299|18146|5498|3585|1067|37664|5229|35856|5098|1808|921|272686|17156|1421|813|60843|6112|8446|3206|22685|4276|123008|10900|7075|1904|23566|4480|7149|2545|18493|4311|22172|5563|25715|3414|17570|2496|12195|1972|5375|1509|855|602|691|454|3261|1519|3338|1118|5653238|46996|5468750|46750|2138171|30960|25703|4466|11351|2461|1005154|21530|8277|2266|203798|13961|5299|1556|416412|22383|345084|12858|5949|2303|3857|1325|79029|7851|4921|1748|23337|4356|1836827|34852|7664|2524|27197|4243|356085|15731|262124|18723|258796|17280|741862|21041|138382|9112|43695|4907|1022|641|1493752|34482|77112|7356|50233|6052|198025|13571|35841|4422|396060|15955|87244|7986|65095|6383|164916|11989|21040|4015|387557|21396|10629|2461|184488|8841|181012|8787|3476|1176
03000C0US6|704291|17313|72014|5366|17120|2617|348|276|1559|1301|121|120|246|201|14510|2082|5610|1429|7736|1597|1164|587|336|325|23243|2448|585|395|370|250|2006|820|18130|2153|1714|757|438|313|0|210|4892|1249|827|500|1253|540|871|495|24|40|1853|983|88|153|26697|3686|498|700|612|534|6281|2082|638|456|447|413|670|538|930|628|271|259|557|512|334|287|358|467|2315|1190|2419|943|4209|1203|568|508|4260|1299|1330|721|62|90|221223|7868|58938|4590|27176|3087|23938|2932|785|447|2453|875|9291|2202|22054|2867|417|518|70174|6401|5461|3204|3376|1309|1887|1070|44449|4725|4019|1341|312|238|5626|1971|3277|1327|366|240|1118|991|283|245|65303|5725|6521|2338|1149|639|1470|697|4464|1351|2852|813|21429|2834|388|301|6303|1696|20727|3938|0|210|26031|5391|438|455|256|281|0|210|7859|3093|665|359|2239|995|1823|916|916|603|1715|1072|2626|2069|2015|918|137|193|4909|3419|433|453|777|400|86596|10488|24563|4855|1128|854|8116|2740|4122|1695|1386|979|4161|2483|1165|1016|358|293|4127|1843|13457|5022|1673|1604|5983|3465|4788|2071|1013|1128|22614|6710|528|607|15154|6213|3192|1835|1984|1364|1756|1462|3625|1224|3181|1319|444|438|20376|4928|0|210|1780|802|1143|1029|1484|680|9587|3640|1588|1214|0|210|1447|1910|3347|1750|1961|1140|5019|1570|2680|1109|1844|833|836|636|0|210|431|511|1611|1276|297|270|319439|12069|301385|11761|45133|5613|864|522|104|183|21194|2895|241|306|6234|2389|0|210|3452|1934|10386|3235|168|291|374|357|1551|869|0|210|565|419|213158|8896|427|346|1388|750|14110|2996|32407|4750|30400|6378|130447|8001|1728|827|2251|1035|0|210|43094|6809|2330|903|1124|752|8693|3625|2024|861|9205|2347|1522|658|1407|922|3580|1276|126|178|12767|4467|316|286|18054|2870|17866|2821|188|163
03000C0US7|5396273|60146|253487|10496|69835|5777|1798|735|5083|2172|2157|1006|2560|898|56896|5041|27826|3604|23745|2927|5325|1502|1341|709|70652|5362|2283|1009|1192|610|14364|2637|44117|4119|6642|2052|1836|756|218|259|25277|3415|3577|1129|6885|1816|1479|624|55|93|13070|2608|266|243|86031|8046|2275|1154|1859|987|3152|1248|2607|1097|1292|705|2779|1096|2859|1046|1270|560|475|297|1881|1020|2184|1694|10046|2064|7570|1894|23052|4761|2306|1006|14599|3447|5825|1851|1692|989|1339559|17198|269331|10864|176199|10038|133752|9000|12108|3126|30339|4009|20194|3359|72110|6396|828|679|564501|18353|27961|7794|20096|4095|1048|785|365964|14508|27798|3802|3731|1574|32606|6052|74963|9558|6703|1953|1302|642|2329|1129|400000|12846|13314|2359|12506|2800|9473|2277|13266|2928|11002|2751|116635|8451|3600|1113|20138|2789|199993|10827|73|113|98886|10500|807|576|2006|1090|906|704|18557|5068|5217|1511|9729|2627|4946|1524|10680|2038|8006|2467|5715|2289|20661|8013|6604|2448|2023|1506|3029|1491|6841|2081|320705|17145|78490|8296|5313|2529|22814|4763|21529|4458|1671|1203|3556|1265|6896|2718|2088|1301|14623|3868|34543|6659|16656|4845|6419|2481|8361|3807|3107|1531|36225|5485|4488|1511|15621|3763|6444|1944|7238|2895|2434|1220|21213|8171|20823|8172|390|327|141557|11258|194|322|17192|3448|3759|1578|4851|1868|96398|9333|4531|5181|3146|1344|1546|749|9940|3049|8677|2709|23389|3440|10461|2346|7694|1976|2767|1310|856|546|7402|1928|3157|1782|1513|704|3459133|47956|3397007|46737|147828|12414|2525|1582|1282|643|77187|9604|4486|2746|16426|2667|367|314|6534|2244|19705|3822|1510|1021|0|210|10846|3947|1190|899|5770|1817|2972163|43331|4360|1899|5901|1627|254047|18349|117743|11286|226242|19252|2323658|41915|27620|4594|11362|2132|1230|917|277016|18058|14931|2581|5182|1961|31358|4809|7236|1820|65547|7624|16751|3395|3796|1302|21579|4192|2437|976|106071|12860|2128|1125|62126|5943|61684|5956|442|298
03000C0US8|2535885|34039|240865|10825|55049|4368|1359|619|3992|1173|1080|497|2227|627|44776|3877|16847|2280|25329|2969|2600|708|1615|729|63808|3838|2719|671|1970|651|11849|2052|38514|2732|5450|1244|3172|899|134|140|18852|2284|2085|836|7306|1391|1948|791|391|409|7363|1579|150|155|101838|8300|841|700|3816|1590|8212|2466|4864|1474|3110|1291|5447|1267|3756|1269|853|482|2476|1155|1783|1027|530|391|11766|2293|9594|2146|19994|3413|2263|1106|14673|3432|7860|2268|1318|902|632666|13665|161212|7931|89986|5780|67535|5527|7281|1630|15170|2612|20759|2888|48753|4500|1714|792|150089|9393|10478|3357|4213|1874|3425|2003|88081|7228|19486|3394|1966|1008|9124|2544|6593|1759|2627|886|2425|1062|1671|1024|263541|10324|7946|2343|5421|1456|6022|1522|7329|2035|3658|1100|154357|9619|1249|572|16234|2544|61325|6662|0|210|56172|5442|2276|1244|435|415|197|216|21930|3989|4714|1359|3542|1125|1082|537|5296|1560|4210|2057|4941|1841|5062|1485|955|671|408|425|1124|688|1652|751|119596|10463|52277|7438|2939|1403|28314|6339|6772|2142|3259|2338|1577|1230|2157|1277|1792|1388|5467|1759|10169|2554|948|728|3439|1407|4437|2007|1345|862|16828|4364|999|690|5439|2114|3893|1601|5206|3705|1291|727|6771|1684|6695|1669|76|136|28349|5566|0|210|6171|3165|1385|708|3552|1917|8920|2503|800|917|1069|709|2471|1933|3981|1759|5202|3022|27987|2813|11350|2008|8219|1594|3131|893|1171|818|2365|1206|1313|714|11788|2344|1514771|27107|1439663|27207|73494|6811|191|226|374|354|49569|6181|76|124|6868|1668|102|122|5011|2109|6481|2290|0|210|288|485|3281|1575|212|223|1041|927|1233642|26224|2347|1096|4753|1112|52138|7443|47044|6711|19744|4567|1089391|22401|14217|7762|3900|1200|108|181|132527|9512|10415|2189|2893|830|21058|3562|11237|2586|28355|5416|7117|2116|893|432|23216|4243|1323|707|25161|5537|859|494|75108|4995|74910|4992|198|171
03000C0US9|12105088|61074|876213|21887|196520|10239|7612|1614|18031|2988|4715|1371|11997|2875|149456|8109|70577|5505|68960|4774|9919|1360|4709|898|185543|8394|6680|1286|6539|1664|47385|5772|95401|5198|20304|2971|8867|1539|367|267|91297|5486|12321|2152|33311|3699|25029|3066|8285|2367|19418|3022|1218|504|400763|14954|2921|1036|19439|3770|10381|2535|11164|2100|7469|1584|12905|2140|11138|1724|3758|1059|3309|1123|14979|3207|2128|1226|27553|4531|33285|3931|98780|7652|7314|2078|112286|10876|21954|2647|2090|1009|5080535|34101|1668691|27095|1134395|21778|815776|19933|121086|6499|197533|9417|135121|7737|391859|15385|7316|2327|1164039|28239|67128|7739|26188|4362|1341|748|714446|22944|230114|13092|12970|2780|28998|6375|56844|6160|11698|2950|9024|2496|5288|1251|1910808|29292|34392|4666|65552|6114|43073|4761|58440|4820|20520|2251|983467|23239|12942|1929|84241|6279|607798|17775|383|287|328392|17077|79959|6578|9452|2996|4701|1490|56034|8732|37752|4460|18302|3649|8722|2839|31144|3844|7578|1991|32141|5710|24865|3016|4466|1298|9128|3132|4148|1197|8605|2139|301223|14536|116956|8087|10917|3122|43439|5711|31046|4278|10838|3490|2111|940|6461|2244|4654|1585|7490|2191|10479|2685|4045|1260|1673|1090|3183|1927|1578|916|63789|6510|5654|1965|43621|5256|7867|2337|2265|1145|4382|1309|27510|3651|27333|3654|177|150|75730|7993|280|262|12580|3181|2321|1308|5750|1866|41328|5898|1797|815|2796|1226|1334|1255|7544|3472|6759|2540|134819|8269|40793|3559|31377|2740|9416|1746|34801|4318|11317|3587|18665|5511|29243|3514|5712298|42792|5523703|39431|87654|7975|1131|418|1303|867|30147|3325|988|941|9884|2565|66|83|11384|4089|20371|3726|790|535|113|187|8193|2137|1080|772|2204|1341|5079294|39628|15000|2706|15293|2575|434668|16278|324029|15662|89240|10736|4120569|39633|66468|6587|12122|2547|1905|817|356755|15644|33581|4147|10280|2192|70021|7117|17629|2607|71680|7204|27948|3734|3155|1118|84226|7509|5088|1513|29610|5314|3537|884|188595|7738|188115|7700|480|298
03000C1US1|715978|19673|83619|5833|15016|2006|598|355|3259|1098|90|146|1240|596|9477|1470|4987|1266|4015|1030|475|369|352|391|11615|1775|430|282|851|426|3336|1047|5023|1285|842|480|1133|462|0|210|20741|3598|2809|972|9221|2472|5386|1678|280|299|3325|1573|0|210|35876|4785|7197|2394|1042|721|2675|1297|1318|716|620|566|1254|795|504|366|379|376|194|176|460|386|149|224|4306|1535|1601|883|7297|2198|653|530|4604|1442|1623|639|371|342|170821|8550|66054|6149|51722|5586|44046|4820|3543|908|4133|1589|4151|1471|9886|2128|295|442|46702|4889|3132|1526|4164|2352|0|210|27002|3300|3297|1115|539|636|4257|1672|3235|1511|734|529|98|164|244|184|38584|4424|776|538|4175|1743|1074|675|2065|1142|1016|562|6887|1709|1327|688|2755|944|18509|3221|0|210|19335|3728|1279|1407|798|800|150|259|2353|1299|4677|1580|1018|665|1431|1588|2517|1615|1001|725|1547|1023|2148|845|140|137|0|210|276|268|146|165|73822|7891|18900|3728|742|731|5014|1685|5450|2129|726|900|227|197|2941|1786|650|577|3150|1516|7031|2430|336|312|484|604|1427|1072|4784|2374|6872|2095|634|472|2347|1279|2438|1168|399|384|1054|813|1804|879|1804|879|0|210|35594|5636|14174|4405|11491|3167|55|101|1800|1561|4602|1650|350|549|344|451|1287|902|1491|927|3621|1601|1621|591|1464|543|1198|508|266|217|62|108|0|210|0|210|95|154|386095|16245|374256|16284|166580|10947|411|634|2823|1039|2260|1108|3150|2904|79404|8033|474|506|25365|4770|42594|5478|464|411|314|329|6598|2957|686|934|2037|978|97746|8778|0|210|2926|1707|14944|3916|41432|6710|12872|4009|22043|3930|2086|1771|797|546|646|521|109930|12132|2109|873|158|142|41004|7083|3152|1548|26105|5102|20240|4451|1998|885|10767|2578|630|491|3452|1133|315|243|11839|1985|11744|1999|95|131
03000C1US2|3943274|39908|502502|15698|58054|5413|1982|1020|14182|3436|2880|2430|2641|794|34947|3341|20721|2962|12716|1931|1510|562|1422|700|59930|4657|3380|1105|2691|1155|22705|3646|22919|3309|4368|1492|3733|1290|134|209|90072|6491|20324|3403|43974|4970|9856|2103|0|210|14668|3491|1250|923|291310|12146|22951|4601|16239|2981|5183|1523|5259|1199|3867|1300|4029|1224|6767|2047|1679|806|2405|1237|5383|2139|1653|1306|38146|4714|9998|2557|55687|5992|3779|1434|77566|7747|30719|4997|3136|1579|1195801|19018|545962|13077|460224|13824|403743|12759|33421|3398|23060|2930|20717|3014|64243|6453|778|630|371486|16136|6766|3162|111864|8509|3108|1110|125091|9028|8305|2410|8484|2884|17016|3685|43323|5729|5500|1898|33906|5959|8123|2400|170830|9436|13576|3543|9271|2418|9042|2409|1092|873|8866|2301|75620|6282|3610|1151|11761|2171|37572|4575|420|377|100709|10022|4392|2043|3676|1520|13549|3781|2270|1325|22857|4129|3013|954|1473|838|7426|2321|2372|881|10359|3530|13302|2679|1326|561|12360|4446|2334|831|6814|2950|253935|13625|29322|6002|2185|1530|7552|2809|6207|2203|3001|1430|1991|1547|468|321|1073|748|6845|2385|13027|4351|2798|1526|4288|2846|3698|1696|2243|2500|49384|7589|5416|1739|27029|4762|9322|2195|3627|2348|3990|4031|5630|1869|5508|1870|122|208|144122|10846|568|618|40558|6756|9086|3537|12813|3767|36424|5287|9982|2898|3668|1712|5719|3087|25304|5346|12450|3062|11288|2993|9511|2575|8469|2431|1042|596|39|73|0|210|0|210|1738|1458|1979748|30201|1942594|30087|1009755|31044|1737|756|19039|3005|19095|3272|7825|1743|541373|25023|18115|3457|96128|9376|179788|12415|9840|3082|11340|2911|83752|7706|6604|1966|15119|3200|388258|16861|7063|2066|8422|2571|36454|4799|55898|8590|39130|6488|218732|13848|8588|2735|13444|2275|527|855|544581|20438|12333|2142|2880|1250|39088|6335|7385|2084|92506|8169|153762|10206|159074|11044|40775|5692|4525|1774|25050|4488|7203|2626|37154|3527|36947|3539|207|248
03000C1US3|1630739|31353|194929|10248|24682|3268|912|511|2984|778|1738|2544|976|572|17628|2097|9630|1816|6762|1264|1236|533|444|271|28109|3269|1505|662|704|336|5710|1919|16303|2298|2419|865|1468|839|0|210|19010|2909|6150|1532|8812|2157|928|714|0|210|2762|963|358|306|122546|8224|6867|2354|2076|877|9913|2630|5721|1890|2218|975|2355|1119|1377|501|736|517|2053|927|1739|1014|1341|548|37635|3796|12230|2646|11616|2789|4768|1903|13562|2702|6339|2693|582|511|608092|15044|149787|7850|102871|6805|87935|6410|5413|1342|9523|2128|14656|2416|31267|3700|993|674|223946|12318|6323|3595|18110|4469|6705|2813|149459|9580|7181|1734|1635|962|9309|2297|21034|3971|1896|1601|916|679|1378|920|137039|7614|23689|3919|3141|1635|3136|1419|9157|2266|6080|1942|55994|6535|1000|503|13517|2633|21223|3417|102|171|93448|7977|813|1021|458|314|52|86|23745|4858|2798|986|5189|1882|2267|1033|15976|2370|5281|1877|9712|3105|5348|1617|1177|632|19561|4399|1071|988|3872|1480|171027|13215|53917|8491|2876|1231|9639|2889|10666|2555|15054|3950|4098|2512|2598|2313|1411|795|7575|3609|20479|5497|7775|3634|4377|1913|7697|3323|630|463|16971|3747|3055|1571|7309|1990|2357|938|2305|1267|1945|2012|6004|2488|5879|2464|125|205|67219|9047|0|210|12319|2799|3800|2462|4093|1981|33494|6247|4729|2380|2335|1481|314|461|6135|3027|6437|2262|5582|1532|3855|1340|2993|1162|862|504|118|192|103|153|288|479|1218|648|651109|23328|628185|23652|49107|6244|620|380|776|825|6854|1625|40|79|11533|3974|0|210|13615|3737|11912|2680|594|587|178|208|2306|889|261|257|418|363|498557|20033|3977|1587|1983|876|15341|3518|29550|5526|20541|4486|419386|15908|5437|2589|2342|1522|0|210|80521|9677|3436|1200|1057|791|11814|2959|1985|1111|21417|4919|12129|3424|1220|625|6513|1831|568|412|20273|5791|109|131|22924|3014|22729|2980|195|206
03000C1US4|617874|17040|49951|4656|10049|1733|612|335|1002|479|301|193|293|262|7785|1575|3400|1074|3566|1058|819|385|56|92|12357|2152|222|179|707|434|1694|836|8043|1812|1191|544|500|427|0|210|4100|1089|408|231|1672|692|321|291|44|76|1610|724|89|146|23242|3829|1243|1060|489|504|5268|1862|1182|912|175|152|474|303|492|371|837|531|0|210|759|648|0|210|1157|580|975|537|5565|1385|384|328|3561|1515|681|448|203|237|217907|9654|38952|3582|22983|2736|19277|2540|1616|765|2090|704|3772|1188|12161|2081|36|57|65705|6247|3395|2145|3222|1250|1883|817|38452|4365|5054|2496|364|261|6446|2087|3594|1102|2155|1016|698|774|442|374|97318|6266|14276|2967|5033|1533|764|382|13189|2356|2731|872|16864|2661|546|511|14035|2921|29880|3785|0|210|15717|3525|80|146|81|135|0|210|4877|1815|804|435|1335|969|1126|1082|2374|992|1572|946|715|574|1791|763|47|90|137|230|778|522|215|208|133866|9318|79036|8244|981|658|19464|4077|13270|3165|32750|5973|2533|1469|2025|903|970|784|7043|3168|8277|2817|1502|1014|4893|2534|1707|895|175|214|14633|4720|637|645|6274|2676|364|327|6700|2733|658|468|1957|1181|1681|1159|276|334|26355|4632|0|210|2884|1108|855|678|7241|2884|7964|2841|225|188|898|723|2782|1346|3506|1963|3608|1778|8824|3426|2666|1336|2137|1390|529|378|102|172|1060|868|3696|2898|1300|1050|207326|10612|196202|10230|12392|2574|238|204|141|183|4923|1821|0|210|1769|742|0|210|1545|814|2173|1049|27|45|0|210|429|312|321|481|826|476|158494|9141|139|193|292|355|14547|3627|20811|5210|10985|3558|110375|8054|931|636|284|205|130|173|25316|3289|1409|602|540|430|5071|1481|1092|703|5334|1178|5392|1891|425|333|1577|568|382|598|3629|1337|465|392|11124|2009|10981|2008|143|113
03000C1US5|2583565|31971|276030|12567|61378|5163|1632|840|3477|906|1484|623|4355|1402|47871|4559|24883|3682|19188|2543|3800|1063|2559|1093|73092|4956|2483|954|2530|1083|19238|3121|39222|4287|4929|1350|4651|1817|39|65|36799|3574|7676|2026|13755|1779|3766|1184|168|280|10972|2254|630|488|103577|8547|5607|1896|5530|1741|5559|1968|4624|1403|1995|845|5672|1673|4029|1474|756|587|925|611|1928|893|291|306|10059|1896|9381|2670|21192|3833|2456|1016|16124|3343|7449|1659|1184|745|569578|14142|134898|7688|84345|5921|68107|5295|5192|1230|11046|2308|11722|2657|36862|4261|1969|1539|200143|10740|9009|2759|9633|2553|252|224|136972|9973|16100|2289|3233|2152|7402|2102|13242|2417|1432|559|1756|739|1112|829|172254|11427|7289|2235|2702|1008|6304|2443|4254|1764|2127|737|83154|7494|1194|618|15971|4326|49259|6436|0|210|58857|6370|996|812|1004|581|836|551|7516|3453|8091|2364|3437|1395|2660|1227|7448|2544|6206|2404|6595|2725|10462|2357|1630|905|1145|738|831|462|3426|1391|197065|12027|60714|9504|4151|2202|34132|6807|6461|2072|1009|800|3126|2552|2469|1710|3596|1627|5770|2175|15466|3849|4624|1940|3171|2446|6643|2104|1028|1056|30958|5421|1866|914|11122|3487|7940|2419|8000|3229|2030|851|10449|2182|9671|2065|778|608|66864|7844|742|562|14196|3886|1308|796|7174|2236|27312|4623|2135|1291|5718|2535|1860|1036|6419|2167|12614|5375|10376|2176|6313|1644|4372|1316|1941|858|460|484|348|262|1281|1041|1974|860|1530516|29175|1474472|28951|516262|15485|8373|2204|4469|1683|222005|11777|2799|1498|54012|6433|1574|779|110419|11262|85533|7582|2604|1813|246|221|18770|2739|1245|768|4213|1824|502774|21266|1787|1193|7865|2005|82165|9120|69765|10859|94078|10997|187781|10972|46868|7264|12465|2498|0|210|455436|19337|26251|4615|13139|3083|70575|8055|10988|2294|109546|8860|28440|4568|12326|2461|39011|4106|6396|2354|136210|13911|2554|1359|56044|4971|54984|4875|1060|853
03000C1US6|398545|17391|31994|3565|6997|1503|111|134|560|410|102|125|129|150|5759|1408|2577|943|3000|1169|182|195|336|325|9152|1670|111|184|66|109|803|582|7407|1529|602|427|163|195|0|210|3148|1033|504|373|758|366|500|415|0|210|1298|825|88|153|12644|2699|430|687|457|476|3705|1799|401|352|113|134|94|154|693|667|271|259|120|205|205|238|358|467|466|344|1016|636|2070|837|286|426|1399|798|560|555|53|90|122232|7452|29994|3256|14965|2508|13463|2381|351|299|1151|635|3565|1293|11112|2231|352|506|40516|5203|4948|3141|2943|1261|1759|1048|20315|3505|2112|979|312|238|4548|1787|2208|1101|284|222|909|962|178|183|33461|4399|5174|2271|867|612|816|513|1807|934|2195|870|9059|2008|255|278|3355|1167|9933|2239|0|210|17832|4705|0|210|44|74|0|210|5581|2591|203|202|1112|692|1391|814|649|545|891|866|2062|2107|1477|847|105|179|4082|3313|235|314|429|265|61823|10120|18506|4428|1099|854|5829|2139|2206|1244|1184|952|3570|2308|1059|1006|186|206|3373|1733|10403|4326|690|880|5150|3257|3638|1797|925|1112|17419|6292|442|582|12698|5905|1278|1341|1708|1323|1293|1408|2632|1265|2338|1279|294|330|12109|4195|0|210|1062|594|1099|1026|1408|688|5737|3281|787|818|0|210|1268|1912|748|581|754|568|2862|1310|1093|626|805|572|288|282|0|210|0|210|1584|1275|185|280|179634|10777|173045|10672|35297|5287|414|341|104|183|16789|2811|177|296|5593|2437|0|210|2953|1927|7396|3206|140|289|184|303|1155|796|0|210|392|331|113151|7182|0|210|955|698|7704|1909|18743|4145|19870|5300|64133|6066|582|415|1164|801|0|210|24597|6024|1019|640|995|708|4743|3596|1199|711|3975|1484|697|418|1067|783|2018|949|0|210|8703|3976|181|227|6589|1770|6524|1722|65|101
03000C1US7|2897956|45532|127579|7454|34635|4195|827|556|3025|1021|1564|796|1170|487|27822|3846|14992|3111|10491|2028|2339|807|227|227|36729|4116|1675|917|738|550|9200|2087|21618|3061|2183|795|1205|720|110|177|14758|2853|1772|669|3562|1094|298|239|0|210|9022|2476|104|130|40317|4586|967|845|708|435|1408|744|1119|524|1107|670|1788|949|1597|749|435|386|87|150|1173|783|797|842|4023|1072|3493|1178|10197|2167|1387|899|6609|2028|3422|1306|1140|671|644789|17414|144968|7511|95580|6397|72321|6050|5917|1378|17342|2445|12731|3096|35938|4307|719|628|268036|12943|26176|7640|10386|2809|1048|785|160204|9763|17808|3391|1316|1184|18243|4258|27903|5644|3081|1247|307|236|1564|985|183572|9892|8943|2040|3806|1436|4734|1841|6241|1770|5850|1728|57345|6517|1571|881|10285|2175|84724|6669|73|113|44908|5623|352|417|680|555|94|163|8685|2523|3090|1076|5699|2029|1958|920|4913|1361|4160|1657|2201|981|8169|2936|2806|1074|908|725|1193|687|3305|1308|176229|13078|50017|6722|3568|2032|14362|3760|13750|3421|1502|1164|2045|1067|4628|2491|1478|1211|8684|3551|19855|5460|6926|2252|4525|2473|6103|3292|2301|1469|19588|4016|2661|1192|7359|2078|3879|1490|4607|2583|1082|720|6482|1851|6460|1849|22|9|73890|7499|194|322|9101|2844|3071|1505|1876|1068|49552|5726|398|417|1718|1070|1120|578|6860|2683|6397|2289|15670|2867|5735|1495|3934|1107|1801|1023|492|394|6827|1950|2099|1352|517|382|1933689|38895|1905463|38259|70937|8262|1488|1481|568|412|37436|6134|2563|2226|7514|1941|110|181|3894|1432|9116|2591|714|670|0|210|3442|1384|1093|889|2999|1341|1691455|35865|2044|1500|2078|683|129927|12635|87173|11473|141817|14990|1303771|30569|18023|4339|5881|1718|741|688|143071|12022|7847|1957|2809|1808|15476|3438|3076|1095|31043|5480|9132|2413|1892|838|12460|3483|1518|767|56252|9429|1566|1044|28226|4379|28022|4382|204|217
03000C1US8|1384256|27782|122358|6694|28453|2965|751|444|2548|869|287|204|1363|472|22612|2657|9386|1537|11788|2145|1438|521|892|618|32747|2953|1140|446|1209|589|5103|1265|20980|2500|2506|839|1714|602|95|124|9632|1690|1303|695|3574|866|583|468|0|210|4062|1306|110|142|51389|5166|690|678|1074|784|3770|1287|3490|1547|2348|1158|2975|1033|1824|741|497|326|974|817|930|845|158|155|6644|1647|4387|1517|10500|2195|1598|885|6894|1901|2636|1310|137|132|341214|13883|86464|6356|49295|5022|37237|4601|3548|1409|8510|2362|11805|2529|24773|3083|591|510|91206|9164|5816|2488|3576|1818|2056|1681|56547|7095|9251|2117|489|360|5936|2030|3565|1256|1462|670|1315|681|1193|872|127394|7403|6584|1951|2788|1156|3282|1115|2979|1209|2284|812|67111|6770|691|373|7928|2055|33747|4688|0|210|35060|4148|1023|911|160|277|83|103|12879|3086|3469|1192|2609|1156|667|371|3272|1397|2910|1662|3194|1484|3152|1204|550|352|348|413|744|611|1090|646|80648|8951|34389|6573|2636|1378|18938|5887|4760|1742|1902|1268|817|733|1447|1190|339|270|3550|1283|8169|2291|905|716|2676|1304|3320|1626|1268|831|11524|4337|663|645|3682|2017|2042|1059|4104|3766|1033|714|3181|1155|3105|1135|76|136|20085|4740|0|210|4245|2889|1258|633|1439|946|6908|2235|578|750|287|344|2294|1922|3076|1656|3300|2831|13117|2506|5953|1440|4557|1155|1396|588|628|633|787|898|1011|668|4738|1967|826919|23146|788892|22557|38686|5307|191|226|155|153|25458|4851|76|124|3373|1205|102|122|3818|1920|3193|1568|0|210|0|210|1340|681|171|213|809|1004|687097|20423|1075|779|2609|976|27855|5563|30166|5741|14704|4128|605277|17882|3855|1433|1556|795|0|210|63109|6347|4793|1291|2034|735|10194|2624|5229|1545|16440|3751|4301|1776|495|289|11428|3078|273|203|7253|2981|669|404|38027|3768|37948|3767|79|119
03000C1US9|6069342|40880|461174|14501|105577|7375|2440|945|10670|2357|2766|1087|6712|1788|79736|5969|38676|3578|36381|3644|4679|994|3253|810|98046|6436|3786|980|4112|1278|31048|5113|44945|2849|8637|1657|5288|1236|230|231|48268|4415|6615|1558|18394|2607|9738|2116|2593|1175|13020|2448|501|326|208630|9769|854|534|9351|2446|3797|1338|5531|1468|4716|1257|7274|1513|5193|1331|2328|908|2048|957|7032|2523|1029|816|10208|1651|18663|2814|60924|5962|4266|1542|53807|6180|11609|2043|653|423|2720207|28979|880020|18713|577447|14905|425970|14312|55941|4851|95536|6890|81447|5891|218535|10962|2591|1535|663993|21991|23293|4223|13440|3078|1094|680|406887|15635|155337|10509|8498|2446|12836|5057|26754|4715|6335|1965|6540|2091|2979|952|966649|22370|16689|3279|37960|4639|18910|3197|35161|4244|10984|2104|485163|17049|7175|1332|44011|4883|310338|13324|258|271|205025|10532|71409|5972|7452|2664|3455|1486|24221|5350|25476|3448|7196|2108|5638|2545|16423|3129|3947|1243|14487|3224|16225|2607|2709|1030|4038|1887|2349|880|4520|1790|159582|8997|66173|6829|7984|3090|25725|4301|15509|3257|5417|2471|1168|655|2881|1246|2284|1213|5205|1890|5990|2354|2041|856|918|839|2146|1838|885|768|34266|4059|2210|974|23888|3772|3711|1296|2074|1085|2383|1140|15407|2602|15407|2602|0|210|33733|5525|170|200|6283|2523|616|425|2822|1299|15867|3113|545|445|1582|949|991|1165|4857|3296|4013|1892|63512|6064|22785|2656|18573|2589|4212|1067|12619|2627|6114|2930|9735|3250|12259|2552|2664867|31665|2571034|31258|41951|4346|832|412|296|234|13466|2044|866|933|4806|1474|66|83|4889|1982|10478|2481|453|422|113|187|2883|1099|1013|773|1790|1266|2346634|28444|9532|2287|7097|1845|250425|12574|198122|13582|48392|8126|1797205|27925|29151|4395|5748|1964|962|542|182449|10953|17182|2130|6491|1958|38239|5231|8237|1553|41363|4981|12446|2558|1162|808|34715|4624|2304|995|18393|3832|1917|795|93833|5885|93536|5850|297|294
03000C2US1|1366203|23411|289582|12649|46658|4006|819|462|11555|1793|465|224|1112|569|32096|3554|13167|1906|15403|2698|3526|1182|611|349|33614|2960|826|477|1677|668|6423|1523|19052|2218|2949|787|2602|900|85|147|102961|7373|11129|2843|24227|3823|64009|5738|10676|2074|3529|995|67|85|105951|8039|12926|3472|2378|813|4164|2306|3157|1251|712|473|2155|649|1596|652|1239|734|1907|1034|2346|1476|1321|832|24112|3374|4661|2076|21721|4211|2085|1826|14720|3563|4751|1517|398|437|407654|9910|142879|8081|111532|7936|91855|7515|8387|2233|11290|2275|7987|1969|23240|3323|120|122|140938|9739|3529|1998|3161|1079|1906|1620|101397|7400|6472|1937|961|562|8185|2018|11252|3527|2435|1299|963|671|677|426|87095|6571|2059|917|18217|3221|1659|637|6882|2311|1442|786|18167|2741|1193|588|9249|2710|28227|4021|0|210|36339|5539|1311|935|2143|1877|1112|1546|4616|2934|6611|2172|1530|873|307|307|6457|1990|725|577|3324|1275|6541|1799|480|376|478|509|704|471|403|355|114877|9267|21735|4762|518|536|2051|1020|6092|2252|2906|3414|1645|1029|4798|2051|765|486|2960|1257|5886|1579|2845|1409|37|61|1149|702|1855|761|22030|4058|1651|774|6986|2390|10857|2594|1281|1184|1255|834|3782|1208|3782|1208|0|210|58737|6835|28907|4822|10998|2693|589|460|4371|1856|9379|2693|559|700|1414|1063|42|78|2478|1106|2707|1358|4052|1419|3862|1409|2628|1200|1234|689|52|70|0|210|0|210|138|221|550038|18371|511358|18250|195168|12437|101|125|1212|720|3316|1073|1019|657|99270|8808|419|438|50058|6797|30704|5068|1394|745|222|261|5714|1946|373|427|1366|709|120769|10472|58|97|3869|1396|37724|6517|34900|5339|15573|5069|25179|4380|1287|619|1567|675|612|588|195421|12000|6680|1763|1665|1056|102764|9562|5665|1703|34043|4268|20961|4414|3227|1113|10313|2330|3160|1396|6324|1999|619|394|38680|3049|37662|2994|1018|562
03000C2US2|3602522|34526|575364|18757|91130|4772|1401|502|23929|3095|1523|623|3354|930|59983|4029|26710|2533|26944|2964|6329|1389|940|466|75056|4267|4320|1100|4574|1403|12545|2015|45733|3418|4703|1028|2714|873|467|323|142115|8228|19320|2906|75423|5145|31363|3820|237|182|15028|2902|981|610|265079|14777|13311|3305|8995|2443|7202|2218|5790|1724|3909|1299|8001|1951|8638|1868|4332|1919|3731|1364|4056|1385|5243|1770|68960|6551|14549|2831|40209|4673|3312|1079|47745|5829|17096|3138|1984|873|1189134|14445|349751|10040|211012|8875|166189|8782|18259|2320|26564|3045|25063|3703|113475|6228|201|164|539698|12142|6415|1414|35102|5776|8051|2247|382823|11368|17978|2871|3041|1035|14906|3541|54237|6367|8008|2585|6796|2158|2341|1048|181693|10285|4875|1685|5899|1929|3682|1051|1896|838|5044|1473|116059|6968|2848|814|6528|1556|34768|4772|94|99|112579|8344|1821|826|1975|939|7442|2904|6514|2218|22110|3934|7633|2236|4182|1769|9347|2599|4284|1327|10402|2943|28771|4304|2295|874|2137|1364|3666|1021|5413|1405|199595|11805|27493|4727|746|820|6483|2145|9337|2732|423|438|1710|751|2903|1549|2604|1596|3287|1213|6059|2231|1886|1276|243|243|1549|755|2381|1494|59621|5938|4319|1385|39566|5372|11153|2206|2328|1170|2255|1137|10237|2281|9948|2263|289|259|88485|9584|218|253|25178|5931|724|450|10550|2540|36722|5390|1417|848|5936|2595|1199|869|6541|2257|7700|2684|6878|1251|6155|1231|5144|1135|1011|456|165|141|82|134|80|98|396|337|1631551|26665|1578703|26675|583431|19253|2024|791|5588|1942|48975|6154|5391|2493|284226|13186|3409|1798|81842|9457|110649|9234|1833|812|1517|692|29677|4340|2818|1756|5482|1702|458621|16888|1326|709|19836|4107|122894|9648|73169|7583|59751|7900|161731|10856|12474|3772|7431|1914|9|15|536651|23326|20400|2746|5006|1856|56936|7386|9352|2157|137713|9567|144635|10543|41170|6172|82695|8137|12233|3055|22538|3655|3973|1545|52848|3926|52488|3959|360|305
03000C2US3|2000481|29793|438356|14442|43588|3980|1318|590|5410|1264|1126|407|2194|805|32126|3711|12452|2030|16302|2442|3372|965|1414|695|56689|4176|2970|839|3079|1313|5431|1169|38975|3540|5095|1044|1125|543|14|23|43187|3742|13783|2497|25111|2935|524|355|189|192|3263|1316|506|393|293331|11602|18651|4197|5994|1820|10987|2800|10730|2283|6413|1390|4651|1173|4298|1091|2641|828|8590|1906|8399|2650|8305|2231|101199|7114|17137|3059|22651|3166|9345|2812|39115|5131|14225|2470|1561|638|760630|14833|156540|7309|91205|6285|73754|6113|5652|1535|11799|2078|15716|1987|47482|3585|2137|1069|320055|12581|2728|1169|15505|3214|10948|3383|222793|11825|12333|2879|1392|580|9506|2460|34914|3775|2689|1373|4442|2062|2805|1525|152425|8659|5943|1825|5418|2261|3384|1096|10089|2411|2232|747|85441|6084|1373|563|10472|2140|28073|3895|0|210|122407|9304|321|237|1445|1022|514|387|46058|5015|5284|1838|11399|2568|4204|1208|17580|2920|6082|2009|10078|2815|5320|1466|1592|1118|10524|3421|2006|786|9203|2074|118780|11583|34277|6429|3309|1693|8317|3187|6706|1714|2695|1152|1144|609|2808|2212|2122|929|7176|4151|13029|5002|3799|2002|2067|1553|5049|3970|2114|1506|23414|4597|3588|1626|9464|2827|5713|2166|1062|958|3587|1999|4686|1338|4380|1275|306|342|40373|5947|0|210|6814|2190|2250|1419|1031|579|21846|4789|2332|1455|674|418|1104|629|4322|1721|3001|1609|6292|1716|4293|1267|3535|1280|758|422|280|236|0|210|459|593|1260|1047|676423|16131|627130|15635|33794|4356|384|230|222|193|8605|1852|0|210|6837|2152|0|210|6535|2140|8670|2292|285|351|161|187|1697|722|175|247|223|220|521321|14362|4243|1614|1890|692|11127|1808|22852|4342|14833|3204|456149|14279|5194|1824|3820|1807|1213|1474|72015|6044|4524|1150|2021|831|13954|2743|2680|1042|16435|3022|8278|2096|1754|802|8746|2234|823|447|11909|2482|891|464|49293|3366|49200|3369|93|110
03000C2US4|505554|14985|69683|5172|10689|1622|784|524|832|405|162|113|599|367|8119|1396|3202|874|4252|820|665|326|193|208|14516|2770|601|374|288|286|1025|413|10971|2626|1262|451|297|172|72|124|3902|999|332|254|1498|444|288|237|44|50|1784|809|0|210|40406|4356|857|872|1886|928|9869|2273|1759|1158|775|420|1499|977|1365|922|790|479|307|280|3078|1086|0|210|1382|585|2542|914|6623|1471|159|149|6575|2279|940|526|170|262|197860|9682|43098|4027|24412|3223|20853|3097|1250|604|2309|837|2972|972|15572|2358|142|238|66974|5656|5098|2350|2462|1045|752|641|46422|5264|2430|1229|359|246|3552|1937|3699|1381|1310|621|255|211|635|508|72410|5770|4274|2884|4222|1603|821|540|15775|2774|1191|644|16485|2722|195|155|10074|1809|19373|3058|0|210|15169|4275|101|129|139|182|540|533|5688|3604|1127|594|1556|938|556|398|583|346|1114|794|1575|954|1363|638|102|82|651|763|74|101|209|207|94260|8098|43465|6232|2330|1309|12655|2986|11964|3402|12261|3439|1013|829|628|478|568|494|2046|1275|9257|3224|5911|2582|803|911|2534|1300|9|23|6282|1997|708|666|2151|1392|1317|851|1499|894|607|446|1654|848|1488|848|166|196|29835|4565|0|210|3021|1282|394|385|10868|3056|10595|3068|370|531|999|687|1114|976|2474|1158|3767|3211|2723|790|1056|419|968|414|88|102|77|103|149|145|857|522|584|324|141028|6979|129697|6759|7790|1842|589|479|110|127|2461|1063|0|210|673|441|0|210|962|779|1814|1089|386|626|291|472|293|301|0|210|211|224|97931|6610|212|212|641|409|5022|1956|10752|2400|6466|2388|73009|5498|1021|603|808|496|0|210|23976|3218|1133|658|218|292|4726|1329|898|588|5198|1664|5312|1904|2028|842|2079|861|295|309|1604|770|485|349|11331|1597|11331|1597|0|210
03000C2US5|6672530|52530|594947|18591|145407|7798|3244|1312|13236|2189|2278|678|5537|1065|116333|7457|50433|5440|56951|4665|8949|1579|4779|1348|129353|8315|4211|1162|5010|1832|21805|3305|84056|6444|9640|1595|3805|944|826|709|78980|5879|11754|2563|33319|3683|10322|1858|360|259|22897|3695|688|700|239213|12795|8215|2867|7690|1845|10026|2712|9048|2234|2689|906|7139|1543|10671|2153|3952|1167|2350|1018|7797|2228|1900|1182|25315|3425|26478|4016|47693|5239|4424|1254|44920|5046|18906|4163|1994|818|1443118|18371|357868|15012|198766|9842|162605|9231|10289|1549|25872|2908|24585|3655|133904|8098|613|457|585139|17924|35397|5538|33029|5549|1806|1189|361932|15490|40421|4328|6815|2118|28951|6379|61862|7355|6200|2229|6671|2214|2055|1096|380245|15102|10741|2515|12145|2761|8990|1987|11547|2238|7278|1647|153809|8818|2303|735|26685|4674|146646|10466|101|130|114036|10340|1390|727|1931|840|1293|724|12746|3341|18436|2598|9114|3216|7056|3115|11554|2446|10431|3622|9224|2652|20748|3359|3525|1447|2711|1641|3877|1233|5830|1757|496404|23242|146758|11834|10381|4261|80631|9473|21044|4378|6225|2605|4489|1751|6648|2704|6941|2296|10399|3198|44092|6699|31978|5871|3817|1544|6204|2883|2093|1197|62959|8133|3273|1105|32410|5374|15575|2543|10146|4313|1555|656|27215|4547|26185|4455|1030|629|205822|15537|679|544|46647|4657|7138|3182|15511|3785|95696|9645|4940|1635|17848|4031|5289|2415|12074|3639|9558|2549|15339|2750|11257|1896|7823|1505|3434|1252|395|355|343|386|1980|1074|1364|812|4122722|40040|3994278|39506|1621909|31995|17330|3509|6882|1899|783149|20566|5478|1787|149786|11647|3725|1215|305993|20103|259551|12602|3345|1373|3611|1282|60259|7098|3676|1424|19124|4388|1334053|27743|5877|2136|19332|3321|273920|15105|192359|14644|164718|14873|554081|17523|91514|6928|31230|4557|1022|641|1038316|28864|50861|5100|37094|5236|127450|10232|24853|3942|286514|14120|58804|6547|52769|5995|125905|11186|14644|3458|251347|16865|8075|2072|128444|7289|126028|7166|2416|798
03000C2US6|305746|11380|40020|3751|10123|2308|237|240|999|1225|19|31|117|124|8751|1912|3033|1038|4736|1369|982|566|0|210|14091|2004|474|339|304|227|1203|586|10723|1693|1112|551|275|237|0|210|1744|701|323|304|495|345|371|271|24|40|555|465|0|210|14053|2429|68|111|155|264|2576|1056|237|239|334|396|576|504|237|321|0|210|437|463|129|168|0|210|1849|1141|1403|667|2139|928|282|283|2861|1031|770|464|9|15|98991|5550|28944|3494|12211|2230|10475|2181|434|364|1302|579|5726|1735|10942|2089|65|104|29658|3752|513|554|433|325|128|217|24134|3434|1907|932|0|210|1078|578|1069|513|82|105|209|244|105|183|31842|4220|1347|1277|282|205|654|484|2657|1322|657|358|12370|2434|133|169|2948|1352|10794|2969|0|210|8199|2664|438|455|212|272|0|210|2278|1550|462|303|1127|697|432|340|267|217|824|618|564|333|538|346|32|59|827|959|198|317|348|341|24773|4898|6057|1724|29|46|2287|1248|1916|911|202|269|591|910|106|171|172|221|754|529|3054|1978|983|1272|833|1135|1150|835|88|157|5195|2394|86|153|2456|1792|1914|1239|276|337|463|474|993|586|843|519|150|255|8267|2459|0|210|718|572|44|71|76|137|3850|1629|801|862|0|210|179|176|2599|1656|1207|1021|2157|981|1587|848|1039|552|548|558|0|210|431|511|27|47|112|150|139805|8623|128340|8003|9836|2115|450|379|0|210|4405|1096|64|76|641|363|0|210|499|485|2990|1567|28|41|190|216|396|429|0|210|173|263|100007|6965|427|346|433|305|6406|2289|13664|3355|10530|3682|66314|5369|1146|747|1087|580|0|210|18497|3197|1311|679|129|200|3950|1372|825|503|5230|1808|825|493|340|482|1562|758|126|178|4064|1435|135|154|11465|2247|11342|2227|123|126
03000C2US7|2498317|38065|125908|8312|35200|4187|971|475|2058|1847|593|525|1390|642|29074|3611|12834|2167|13254|2481|2986|1340|1114|681|33923|3133|608|401|454|326|5164|1393|22499|2586|4459|1831|631|368|108|180|10519|2626|1805|949|3323|1475|1181|599|55|93|4048|1827|162|204|45714|6774|1308|792|1151|932|1744|1048|1488|921|185|176|991|577|1262|749|835|448|388|250|708|717|1387|1431|6023|1883|4077|1317|12855|4452|919|495|7990|2622|2403|1285|552|740|694770|17412|124363|9758|80619|8271|61431|6849|6191|2865|12997|2958|7463|2054|36172|4398|109|143|296465|16849|1785|1060|9710|2980|0|210|205760|13644|9990|2295|2415|1223|14363|3978|47060|7211|3622|1628|995|557|765|633|216428|11029|4371|1600|8700|2136|4739|1507|7025|2189|5152|1704|59290|5698|2029|794|9853|2469|115269|9485|0|210|53978|9190|455|386|1326|791|812|687|9872|4002|2127|927|4030|1846|2988|1185|5767|1654|3846|1870|3514|1957|12492|7291|3798|2041|1115|1297|1836|1297|3536|1699|144476|14212|28473|5204|1745|1090|8452|2661|7779|2705|169|276|1511|842|2268|1134|610|384|5939|3508|14688|5474|9730|4438|1894|1339|2258|1773|806|633|16637|4068|1827|979|8262|3281|2565|1335|2631|1378|1352|1112|14731|8071|14363|8069|368|325|67667|9799|0|210|8091|2470|688|459|2975|1497|46846|8188|4133|5041|1428|796|426|569|3080|1540|2280|1581|7719|2062|4726|1529|3760|1321|966|809|364|351|575|442|1058|1083|996|607|1525444|34546|1491544|33764|76891|9219|1037|800|714|514|39751|7616|1923|1565|8912|2234|257|245|2640|1631|10589|3141|796|808|0|210|7404|3335|97|166|2771|1213|1280708|32110|2316|1246|3823|1507|124120|13421|30570|5002|84425|12526|1019887|30722|9597|2132|5481|1436|489|604|133945|11509|7084|1758|2373|1037|15882|3256|4160|1518|34504|5492|7619|2603|1904|883|9119|2229|919|587|49819|8459|562|437|33900|4636|33662|4667|238|198
03000C2US8|1151629|25945|118507|7429|26596|2911|608|379|1444|657|793|470|864|404|22164|2823|7461|1749|13541|2148|1162|510|723|396|31061|2649|1579|593|761|338|6746|1668|17534|2026|2944|873|1458|705|39|64|9220|1788|782|393|3732|1155|1365|719|391|409|3301|1027|40|64|50449|6434|151|185|2742|1440|4442|1984|1374|621|762|479|2472|887|1932|977|356|371|1502|816|853|571|372|360|5122|1659|5207|1450|9494|2162|665|618|7779|3039|5224|1870|1181|894|291452|11683|74748|6086|40691|4160|30298|3581|3733|1115|6660|1472|8954|1888|23980|3364|1123|648|58883|6505|4662|2295|637|483|1369|1358|31534|4858|10235|2887|1477|900|3188|1386|3028|1406|1165|541|1110|817|478|503|136147|8642|1362|1096|2633|1002|2740|964|4350|1530|1374|754|87246|7241|558|442|8306|1648|27578|4598|0|210|21112|4415|1253|678|275|235|114|189|9051|3165|1245|559|933|515|415|396|2024|807|1300|1146|1747|1182|1910|827|405|572|60|97|380|299|562|379|38948|5521|17888|3988|303|310|9376|2691|2012|1124|1357|1731|760|932|710|586|1453|1384|1917|973|2000|985|43|80|763|574|1117|764|77|130|5304|1631|336|272|1757|671|1851|1252|1102|781|258|229|3590|1128|3590|1128|0|210|8264|2593|0|210|1926|1454|127|211|2113|1605|2012|918|222|305|782|650|177|286|905|667|1902|1425|14870|2824|5397|1639|3662|1274|1735|757|543|539|1578|1441|302|315|7050|1933|687852|20947|650771|20716|34808|5065|0|210|219|315|24111|4809|0|210|3495|1382|0|210|1193|628|3288|1584|0|210|288|485|1941|1245|41|68|232|287|546545|20503|1272|732|2144|896|24283|4009|16878|3428|5040|2240|484114|18270|10362|7617|2344|942|108|181|69418|8036|5622|1804|859|425|10864|2565|6008|1989|11915|3546|2816|978|398|331|11788|2617|1050|660|17908|4782|190|281|37081|3125|36962|3106|119|138
03000C2US9|6035746|47102|415039|14257|90943|6592|5172|1500|7361|1584|1949|644|5285|2213|69720|5269|31901|3795|32579|2849|5240|886|1456|571|87497|5430|2894|985|2427|807|16337|2860|50456|4071|11667|2349|3579|942|137|168|43029|3909|5706|1555|14917|2257|15291|2520|5692|1881|6398|1500|717|348|192133|12375|2067|915|10088|2834|6584|2334|5633|1759|2753|1013|5631|1441|5945|1383|1430|569|1261|501|7947|1961|1099|912|17345|3947|14622|2516|37856|5196|3048|1296|58479|8290|10345|1799|1437|914|2360328|25072|788671|18887|556948|16662|389806|14542|65145|4689|101997|6719|53674|4010|173324|9452|4725|1616|500046|17334|43835|7174|12748|3280|247|308|307559|16113|74777|7096|4472|1914|16162|4495|30090|4972|5363|1872|2484|1114|2309|953|944159|21961|17703|3053|27592|4192|24163|3530|23279|3210|9536|1491|498304|15503|5767|1512|40230|3894|297460|14077|125|120|123367|10872|8550|2096|2000|1118|1246|637|31813|6538|12276|2471|11106|2762|3084|1194|14721|2582|3631|1414|17654|4860|8640|1760|1757|765|5090|2507|1799|872|4085|1139|141641|10544|50783|5748|2933|1082|17714|3587|15537|3536|5421|3359|943|641|3580|1824|2370|941|2285|1179|4489|1500|2004|1079|755|776|1037|559|693|438|29523|4468|3444|1571|19733|3189|4156|1731|191|238|1999|705|12103|2444|11926|2440|177|150|41997|5565|110|166|6297|2017|1705|1208|2928|1271|25461|4961|1252|667|1214|944|343|451|2687|1293|2746|1683|71307|7574|18008|2700|12804|1820|5204|1483|22182|3898|5203|2918|8930|4794|16984|2538|3047431|34522|2952669|33604|45703|6365|299|93|1007|829|16681|2373|122|196|5078|2062|0|210|6495|3695|9893|2988|337|317|0|210|5310|1746|67|20|414|445|2732660|34332|5468|1605|8196|1787|184243|10401|125907|8376|40848|7100|2323364|32136|37317|5642|6374|1525|943|582|174306|10981|16399|3293|3789|1232|31782|5266|9392|2242|30317|4279|15502|2719|1993|823|49511|5463|2784|1141|11217|3502|1620|617|94762|4589|94579|4613|183|183
03000H0US3|169288|6964|26912|2437|5895|805|37|47|336|236|108|107|327|242|4924|759|1887|508|2543|547|494|229|163|104|9086|1329|109|87|287|238|447|222|6798|1131|1326|478|119|117|0|210|1964|577|412|246|898|427|297|243|21|41|357|357|0|210|9953|1891|82|26|183|163|155|119|430|271|152|138|320|164|523|293|129|122|636|479|51|40|779|968|1817|481|1290|492|1527|615|205|195|1320|855|354|287|14|24|39661|4064|11781|1718|6280|1170|5336|1103|354|232|590|310|1994|694|3209|860|298|285|8917|1874|28|52|998|663|701|499|5626|1422|155|105|49|69|660|379|371|250|329|297|0|210|0|210|13842|1986|398|270|361|566|580|456|1603|468|171|112|7752|1600|18|28|1710|833|1249|452|0|210|4843|2413|19|34|0|210|0|210|442|261|203|179|215|189|185|251|282|221|1557|1536|94|111|117|121|0|210|1608|1529|121|167|278|218|5767|1270|2352|566|87|163|334|253|405|326|827|268|236|272|180|258|75|76|208|279|681|511|101|80|84|93|496|493|0|210|625|414|80|85|266|306|113|117|0|210|166|232|438|235|438|235|0|210|1505|659|0|210|499|338|0|210|15|21|491|385|0|210|100|126|100|182|300|325|166|138|1285|887|1084|892|483|399|601|542|0|210|123|124|78|108|0|210|95663|4789|86352|4614|5168|1056|109|133|163|187|1258|641|0|210|554|402|0|210|1343|817|1415|637|64|115|0|210|262|192|0|210|0|210|74530|4379|220|225|425|348|2796|928|5155|1516|3911|1709|57939|4170|3403|1683|681|505|0|210|6654|1691|348|241|129|145|1982|1310|416|308|1398|617|200|181|21|33|877|453|0|210|1258|620|25|35|9311|1421|9295|1422|16|30
03000H0US4|238864|9724|21220|2794|3529|958|251|221|49|44|268|193|460|362|2363|878|690|384|1615|738|58|53|138|149|9385|1702|106|77|179|170|307|214|7930|1630|494|281|369|375|0|210|1644|495|183|193|506|269|68|118|0|210|887|357|0|210|6438|1489|0|210|0|210|183|120|0|210|23|31|356|306|46|38|51|52|220|340|263|186|97|229|492|309|801|657|987|385|0|210|2556|1148|363|216|224|239|47521|4151|8908|1852|3899|1029|3336|1039|45|69|518|306|1571|531|3438|1291|0|210|7804|1928|0|210|770|588|0|210|3461|918|336|276|77|109|1657|1190|958|733|340|462|112|177|93|168|29759|3707|6224|1875|395|375|234|122|3431|1124|375|221|8226|1575|226|204|5489|1508|5091|1908|68|113|822|456|0|210|0|210|16|20|102|134|9|22|0|210|251|246|54|59|17|30|122|213|182|208|63|108|0|210|6|11|228|188|22322|3917|9840|2789|332|206|1211|644|2838|2206|4045|1556|593|559|7|11|486|554|328|311|2237|1061|1129|773|31|56|972|646|105|122|2964|1077|16|28|879|709|147|234|1649|927|273|414|2967|1037|2912|1030|55|85|3690|1073|0|210|212|182|0|210|1389|862|1166|431|93|114|0|210|197|300|633|453|624|373|5436|1051|873|431|553|423|320|239|0|210|623|409|3570|1020|370|304|142365|6844|136573|6507|10555|1979|142|44|0|210|6335|2012|125|199|1149|715|0|210|536|470|1327|980|0|210|0|210|466|375|0|210|475|517|117797|5620|29|35|7|17|9957|2136|14755|2809|5137|1489|85923|4729|931|515|403|300|655|783|8221|1525|124|134|283|263|929|369|366|454|752|468|1210|620|116|111|1378|536|195|200|2355|990|513|348|5792|1623|5792|1623|0|210
03000H0US5|287369|10220|30173|2928|10406|1874|427|392|775|352|181|187|487|472|8472|1568|2793|965|4705|1132|974|582|64|76|8856|1345|227|152|18|23|962|475|6839|1161|476|348|123|123|211|332|3142|1087|395|401|1166|533|705|494|25|40|876|446|0|210|7664|1787|487|611|80|96|200|201|55|68|310|311|132|146|157|125|94|130|66|96|108|139|0|210|1309|924|1165|690|1873|736|0|210|1155|734|473|455|105|133|38617|3777|10523|1850|4927|1481|4018|1340|135|147|774|687|1765|665|3811|1019|20|55|6683|1745|55|100|488|354|134|111|3887|1158|680|458|90|103|285|406|539|403|15|7|359|314|151|249|18657|3040|489|361|162|179|239|305|1145|482|251|264|8180|1723|67|99|1094|689|6860|2393|170|181|2691|1116|0|210|0|210|97|121|0|210|169|147|109|115|111|132|79|99|0|210|155|206|564|375|0|210|1363|981|44|79|63|81|10366|2291|3299|1625|19|39|1333|1018|941|753|520|716|75|138|142|142|94|125|175|222|182|168|55|95|64|113|0|210|63|99|1460|957|40|71|1025|889|235|226|0|210|160|162|1628|1073|1548|1056|80|127|2939|1513|0|210|560|453|0|210|74|72|1329|697|129|183|17|2|547|687|283|517|858|543|973|472|742|402|649|378|93|148|0|210|10|17|0|210|221|263|207240|7990|199465|7793|36401|4646|452|313|122|172|20343|4029|18|48|3238|1082|252|320|6490|1949|4213|1092|14|26|368|538|714|407|76|100|101|125|146514|7628|125|162|748|713|8138|1916|16911|3406|14474|3041|102961|6539|2495|1305|662|409|0|210|16550|2730|829|480|1365|790|1583|733|602|494|5627|1741|979|541|1054|610|1940|840|200|195|2036|1009|335|307|7775|1398|7728|1389|47|80
030C201US1|2034556|27781|351029|13725|55857|4199|1405|611|14426|1962|511|263|2306|773|36495|3722|16470|2466|16959|2793|3066|1079|714|493|41845|3508|1575|715|2305|770|8563|1678|22272|2597|3965|964|3080|941|85|147|117188|7626|13431|2791|31559|4071|65458|5976|10417|2160|6673|1923|67|85|135370|9501|20419|4091|3428|1138|6493|2639|4458|1447|1393|853|3350|1008|2044|731|1611|793|1998|1051|2852|1572|1853|1000|26270|3579|6087|2126|26031|4781|3025|1967|18029|3813|6029|1645|769|551|567362|11542|201542|9319|157264|8581|131025|7998|11656|2420|14583|2743|11655|2494|32114|4315|509|494|186392|10642|6661|2416|7037|2739|1906|1620|126210|7373|9266|2519|1473|951|12348|2452|16166|4647|3169|1310|1061|681|1095|509|124273|7980|2918|1027|22063|3759|2706|987|8982|2316|2511|970|24600|3385|2526|951|11907|2823|46060|5641|0|210|54558|6395|2504|1691|2941|2020|1262|1582|6923|2590|10881|2826|2548|1100|1722|1620|8596|2681|1726|913|4762|1394|8851|2082|536|348|478|509|828|555|597|403|185639|10491|39878|5648|1260|887|6630|1853|11937|3028|3632|3541|1740|1052|7119|2427|1282|750|6278|2014|12859|2951|3109|1425|521|604|2725|1244|6504|2414|28227|4647|2231|970|9240|2635|12831|2851|1616|1267|2309|1063|4896|1504|4885|1497|11|23|93564|8978|42900|6715|22148|4182|557|437|6310|2571|13279|3193|909|872|1301|923|1329|901|4831|1710|6215|1983|5166|1515|4838|1478|3572|1238|1266|695|95|125|0|210|0|210|233|267|925360|21307|880429|21230|358773|15196|512|647|3946|1249|5480|1489|4166|3008|177950|10960|893|674|75183|8672|71665|7274|1858|874|536|420|12122|3431|1059|950|3403|1203|216636|13478|0|210|7125|2429|51917|7290|76015|8463|28350|6569|46671|5906|3307|1745|1993|765|1258|808|305020|16634|8221|1924|1823|1063|144859|12187|8936|2293|59477|6844|40817|5505|4968|1199|21020|3745|3146|1388|10819|2732|934|492|44931|3398|43850|3330|1081|573
030C201US2|7396833|52672|1029763|22958|137597|6064|3276|1134|35319|4679|4358|2402|5619|1164|86725|4760|43539|3718|36230|3317|6956|1405|2300|813|124955|6363|7141|1431|6109|1658|33902|4177|63073|4878|7963|1692|6181|1539|586|347|224813|11670|39910|4741|113881|7204|40039|4372|237|182|28900|4499|2083|1106|537355|17693|35605|5553|24562|4120|11616|2602|10772|2047|7334|1661|11318|2120|14368|2515|5739|2125|5931|1676|8610|2381|6923|2230|101929|6697|22918|3133|92356|7294|6731|1776|123764|8635|46879|6436|5043|1987|2347247|22902|884351|16942|665106|17251|564915|15372|51250|3998|48941|4273|44095|4364|174232|8157|918|656|895491|20979|12583|3540|146103|11634|10249|2281|498215|15000|25837|3568|11654|3205|31692|4783|96172|8334|12638|2956|39961|6206|10387|2566|345792|12983|18397|3782|15064|2977|12609|2604|2991|1205|13573|2812|186747|9348|6321|1453|17867|2437|71732|7222|491|379|209485|12633|5984|2206|5706|1860|20642|5101|8181|2428|44464|5672|10309|2520|5655|1983|15919|3557|6405|1561|20679|4314|41441|5158|3621|1130|14497|4799|5982|1293|12128|2912|445305|19117|55261|8247|2748|1701|13486|3704|15353|3148|3369|1498|3701|1879|3200|1636|3642|1721|9762|2652|18764|4737|4722|1965|4463|2834|5202|1817|4377|2882|107161|9989|9286|2380|66216|6935|19986|3161|5680|2778|5993|4199|14731|2787|14353|2751|378|329|229266|14065|786|690|65244|8661|9810|3532|23245|4558|71969|8444|11355|2933|8391|3012|6918|3316|31548|5873|20122|4395|17549|3262|14865|2763|12862|2581|2003|717|204|156|82|134|32|56|2366|1675|3556969|43332|3473058|42930|1581840|36635|3061|925|24421|3704|66999|6970|13322|3094|822670|27816|21524|3640|178117|14873|285453|15472|11608|3102|12676|2902|112114|9497|9416|2698|20459|3644|825071|22747|8147|2291|27282|4794|158022|10812|125924|11580|98018|9772|365484|16747|21008|4697|20650|3157|536|854|1066147|29134|31118|3428|7475|1995|93601|9464|16525|2926|228165|10782|294301|14415|199140|12633|122400|10221|15863|3587|46662|5858|10897|2978|83911|5103|83344|5138|567|392
030C201US3|3603973|39555|611646|16335|65870|5495|2051|773|8328|1314|2749|2583|3225|943|47911|4474|21480|2905|22352|2582|4079|1032|1606|681|78855|4843|3856|1009|3475|1312|10824|2207|51691|3682|6436|1252|2573|993|0|210|59975|4877|19775|3129|31811|3585|1435|832|77|122|6105|1582|849|489|404984|13860|24725|4241|7722|1921|20984|3997|16659|2800|8309|1730|6556|1518|5129|1129|3104|973|10775|2149|10076|2815|9976|2453|134651|7776|28668|3329|32856|4173|14110|3602|51056|5892|19628|3095|1962|776|1359986|19795|303286|10485|192310|9165|160125|8667|10963|1994|21222|3068|30921|3328|76739|5768|3316|1170|540520|16856|8998|3764|32970|5020|17594|4082|369904|13860|19180|3159|2824|1021|18774|3202|56131|5316|4615|2113|5347|2226|4183|1717|285792|10614|29696|4573|8763|2776|6671|1821|18802|2933|8199|2123|140036|8781|2267|763|22990|3185|48266|5102|102|171|217244|12471|1075|1115|1903|1088|566|395|69232|7093|7992|2131|16755|3320|6596|1507|33261|3833|12563|2792|19423|4092|10524|2250|2769|1271|31394|6322|3191|1283|13144|2435|287799|18145|87620|11507|6196|1926|17382|4429|17681|3048|17712|4060|5205|2546|5471|3090|3262|1294|14711|5830|32623|7255|11535|4520|5669|2033|13101|5041|2318|1367|40226|5633|6646|2420|16709|3160|8025|2438|3269|1509|5577|2877|9598|2533|9244|2521|354|380|108312|11565|0|210|19597|3742|6026|2736|5132|2085|55496|7885|7004|2723|3109|1608|1511|812|10437|3588|9420|2529|11581|2207|7902|1729|6293|1695|1609|673|398|312|106|150|697|766|2478|1333|1332961|23986|1264245|23799|83759|7410|906|433|1136|875|15236|2793|40|79|18581|4608|0|210|20993|4534|20544|3651|943|674|339|251|4194|1024|436|373|411|310|1030932|20982|8104|2285|3988|1188|27903|4216|52579|6592|37324|5534|882378|18117|11622|3232|5821|2461|1213|1474|149554|12595|7230|1425|2973|1000|25075|4087|4733|1515|36758|5667|19945|4296|2959|1073|15072|2771|1229|591|32795|6035|785|419|68716|5005|68428|4970|288|233
030C201US4|1226647|23229|118998|6770|20219|2238|1346|600|1666|573|518|259|878|499|15506|2158|6472|1425|7691|1458|1343|480|305|264|28640|3593|820|455|1001|507|2717|950|20725|3424|2288|659|1017|517|72|124|8148|1686|823|397|2931|828|633|408|44|76|3672|1226|89|146|61627|4958|2100|1295|1843|800|14860|2854|2854|1474|941|432|1892|1060|1698|884|1328|634|231|229|3662|1206|97|229|2535|875|3410|963|11735|1692|527|357|10252|2660|1662|691|364|354|432627|10616|83562|5480|48802|4440|41354|4201|2849|1011|4599|1136|7475|1554|27107|2740|178|246|135926|7981|8493|3209|6274|1852|2635|971|84950|6274|7671|3095|761|374|11484|2981|7893|1571|3775|1196|1013|812|977|639|182048|8647|23983|4304|9160|2196|1612|697|29137|3396|3691|997|34691|4033|861|560|27101|3794|51812|4598|0|210|30598|4611|80|146|220|221|540|533|10127|3807|1912|730|2884|1384|1890|1163|2894|998|2652|1292|2412|1189|3211|1054|210|156|788|743|778|522|493|258|240868|11024|128476|10084|3616|1569|32385|5060|26288|4801|48752|6401|3812|1773|2596|989|2024|1096|9003|3411|19167|4150|8220|2689|5696|2744|5014|1615|237|247|23071|5195|1345|895|8939|2903|1828|936|9678|3041|1281|675|3574|1530|3126|1510|448|405|58665|6536|0|210|5975|1734|1249|841|19093|4351|19320|4160|688|590|1897|965|4093|1585|6350|2320|7915|3620|13288|3671|3892|1424|3239|1456|653|404|179|200|1570|931|5678|2857|1969|1092|420866|13933|398325|13170|28193|3676|969|522|189|201|13090|2908|0|210|2557|916|0|210|2821|1220|5098|1716|413|627|283|472|987|528|321|481|1465|687|317685|12586|282|283|889|503|26658|4418|38828|6166|20808|4177|225765|10913|2425|1072|1245|544|785|780|52447|4507|2322|817|977|584|9390|1843|2203|887|10812|1896|11629|3162|2147|822|4178|1117|627|630|7053|1721|1109|588|22541|3116|22398|3115|143|113
030C201US5|8944720|58519|817812|21231|191196|8510|4471|1426|15899|2483|3722|876|8612|1658|151703|8230|69470|6419|70398|4721|11835|1883|6789|1712|186775|9741|6620|1588|6887|2264|38904|4572|112184|7653|13095|2237|8009|2122|1076|768|111375|6732|18261|2937|44584|4269|13713|2104|447|367|33499|4268|1318|885|325364|15522|13721|3180|12115|2590|15190|3099|13177|2297|4661|1294|11950|2183|13849|2361|4403|1301|3233|1252|8775|2303|2191|1066|34669|3788|34091|4480|65566|6493|6414|1496|56490|5363|24869|4119|3102|1099|1952593|20577|473597|15862|272024|11237|221011|10411|14974|2031|36039|3690|34939|4473|164052|8901|2582|1564|766194|20339|43899|5828|42047|6683|2097|1239|487286|18331|54112|4726|8878|3076|35732|6937|74097|7502|7034|2165|7998|2315|3014|1381|536154|18276|17337|3343|13706|2702|14822|3059|13963|2866|9128|1890|229871|11475|3215|879|39644|6554|194367|10825|101|130|167710|11294|1996|903|2893|1029|2091|862|20032|4217|25550|3735|11565|3506|9068|3299|18075|3717|16479|4321|15625|3549|30820|3905|4587|1501|4251|1827|4678|1336|8938|2215|678586|25120|205757|16014|14532|4791|114999|11432|27344|4812|7234|2710|7461|3150|9022|3148|9092|2566|16073|4323|57725|8591|35445|6666|6544|2662|12649|3878|3087|1635|91623|9347|5046|1390|42805|6012|22218|3223|18073|5498|3481|1026|35069|5319|33252|5171|1817|932|266612|16430|1421|813|60113|5884|8298|3185|21344|4154|119929|10714|7064|1860|23505|4494|7322|2584|17616|4242|21800|5568|23760|3423|15532|2475|11089|1893|4443|1452|855|602|701|454|3212|1523|3460|1148|5471969|48159|5298201|47767|2104873|30946|24654|4239|11427|2480|995644|20996|8167|2267|197477|13619|5262|1632|415272|22273|333987|12025|5558|2196|4096|1446|76318|7665|4894|1745|22117|4388|1741418|32728|7460|2499|25415|4055|345022|14666|254662|18882|255142|16851|673690|21292|137191|8862|41814|4929|1022|641|1451910|33907|74205|6966|48462|5786|194135|13516|34252|4129|385413|16019|83656|7790|61479|6146|161124|11717|20873|4029|378108|21565|10203|2488|173768|8761|170594|8727|3174|1197
030C201US6|691799|19319|64728|5024|13866|1925|318|275|575|411|102|125|226|193|12139|1898|4761|1229|6388|1591|990|598|506|405|20825|2550|585|395|386|271|1675|810|16785|2444|1174|561|220|219|0|210|4618|1209|760|494|1092|487|871|495|24|40|1807|993|88|153|25330|3401|498|700|612|534|6039|2141|556|435|509|431|670|538|955|626|271|259|557|512|303|278|358|467|2177|1108|2385|965|4244|1186|568|508|3340|1069|1288|720|89|101|214833|8336|54393|4698|26718|3098|23712|2989|841|449|2165|814|8174|2185|19073|2609|428|512|71636|6596|5461|3204|4106|1631|1887|1070|45631|4730|3395|1308|387|308|5508|1934|3188|1300|408|240|1381|1017|284|250|61428|5282|6395|2314|1266|690|1419|700|4247|1298|2724|856|19210|2687|388|301|6012|1642|19767|3672|0|210|26364|5346|328|365|256|281|138|242|7954|3102|451|334|2338|998|1764|901|876|589|1712|1022|2612|2069|1950|880|105|179|5447|3568|433|453|1012|702|84891|10346|24639|4740|1128|854|8097|2728|4421|1790|1339|984|4118|2491|1205|1017|358|293|3973|1828|13063|4980|2040|1893|5222|3269|4788|2071|1013|1128|22189|6322|528|607|14351|5887|3278|1834|1984|1364|2048|1529|3453|1231|3009|1314|444|438|19586|4798|0|210|1587|665|1143|1029|1408|688|9233|3657|1588|1214|0|210|1447|1910|3180|1748|1961|1140|4774|1503|2473|960|1446|681|1027|707|0|210|440|542|1611|1276|250|238|322573|13645|306599|13205|44678|5699|745|496|104|183|20707|2942|241|306|6633|2373|0|210|3742|1946|10119|3199|146|289|267|327|1574|874|0|210|400|331|220280|10660|427|346|1581|783|14011|2842|41547|5443|32439|6645|126539|8493|1506|755|2230|964|0|210|41641|6822|2057|804|1109|749|8397|3588|1844|857|8883|2376|1422|622|1376|905|3692|1336|84|148|12514|4278|263|261|15974|2393|15909|2356|65|101
030C201US7|5247822|58184|236749|10344|64401|5530|1458|674|4644|2108|2179|1011|2648|960|52386|4560|26306|3470|21400|2673|4680|1448|1086|601|64302|5333|2135|974|806|554|13761|2594|39788|4004|5832|1964|1762|756|218|259|25216|3474|3882|1159|6953|1800|1301|614|0|210|12814|2713|266|243|81093|7800|2275|1154|1654|881|2630|1110|2585|1095|1292|705|2712|1087|2721|1035|818|442|475|297|1810|1016|2184|1694|9037|2089|6844|1866|22766|4857|2469|1030|14076|3465|4745|1398|1737|982|1320611|18886|266156|10889|174162|10082|132153|9108|12092|3037|29917|3713|20134|3522|71032|6215|828|679|562555|18542|29123|7825|19957|4064|1048|785|362715|14759|28613|3826|3701|1570|32168|6008|75254|9587|6345|1940|1302|642|2329|1129|390869|13111|13567|2347|12991|3346|9350|2294|10715|2652|11080|2677|113155|8504|3472|1080|18739|2826|197727|10811|73|113|94306|10419|755|571|1935|1121|708|614|16595|4082|4659|1411|9703|2625|5078|1541|10314|2042|7874|2479|5171|2120|20607|8065|6604|2448|1274|828|3029|1491|6725|2078|319309|17698|78783|8337|5403|2527|22899|4769|21603|4430|1599|1208|3601|1207|6828|2718|2139|1295|14711|3873|34429|6588|16718|4850|6419|2481|8361|3807|2931|1613|35419|5457|4488|1511|15369|3786|6087|1947|7238|2895|2237|1182|21364|8192|20974|8195|390|327|140605|11305|194|322|15539|3262|3888|1629|4787|1847|97100|9142|4531|5181|3146|1344|1546|749|9874|3020|8709|2702|22506|3459|9919|2008|7148|1544|2771|1324|693|513|7322|1928|3490|1878|1082|559|3348647|45748|3293971|45219|142841|12183|2441|1558|1143|595|73228|9195|4486|2746|16637|2798|367|314|6137|2214|19655|3898|1510|1021|0|210|10663|3975|1190|899|5384|1847|2880778|41366|5009|2083|5900|1629|248697|17734|119064|11583|221551|18542|2241570|36874|27393|4617|10067|2009|1527|964|270352|17671|15169|2711|4712|1834|30151|4778|7523|1852|63068|7794|16566|3380|3608|1279|21399|4165|2330|1013|103439|12546|2387|1165|54676|5097|54215|5116|461|298
030C201US8|2558576|34768|235517|10816|53941|4156|1234|594|3935|1178|1120|504|2390|684|43911|3725|16680|2283|24575|2769|2656|753|1351|725|59918|3715|2475|666|1869|659|10708|1851|36738|2725|4684|1149|3310|920|134|140|18422|2288|2134|850|7279|1307|1713|669|105|124|7186|1633|110|142|101918|8423|841|700|3644|1545|8212|2466|4830|1467|3402|1343|5776|1349|3302|842|1141|620|2303|1105|1867|1047|530|391|11598|2398|9435|2167|19561|3345|2417|1110|15252|3593|7807|2279|1318|902|634045|14091|159877|7917|89632|5863|68902|5593|7225|1596|13505|1961|21494|3064|47041|4323|1710|793|151153|9469|10525|3363|4427|1892|3425|2003|87699|7125|19633|3424|1966|1008|9916|2729|6984|1851|2437|889|2425|1062|1716|1035|266092|10468|7784|2321|5358|1456|5885|1499|7275|2034|3527|1103|156636|9931|1494|600|16640|2338|61493|6714|0|210|55137|5441|2051|1197|435|415|363|340|21575|4022|4970|1394|3512|1129|1243|597|5133|1523|3749|1784|4679|1826|5043|1461|1003|677|408|425|973|653|1786|793|118785|10566|51175|7563|2939|1403|28298|6319|6782|2131|3259|2338|853|734|2199|1279|1167|1067|5678|1804|10456|2555|948|728|3671|1469|4492|2000|1345|862|16712|4481|999|690|5105|2094|4153|1648|5206|3705|1249|723|6598|1701|6522|1687|76|136|28659|5491|0|210|6314|3191|1529|737|3552|1917|8882|2422|932|937|1104|713|2471|1933|3875|1761|5185|3029|27326|2813|11062|1896|8330|1645|2732|774|1210|809|2265|1195|1281|715|11508|2305|1542903|28440|1469675|27773|73387|6882|191|226|374|354|49876|6251|76|124|6872|1668|102|122|4816|2097|6391|2361|0|210|288|485|3148|1490|212|223|1041|927|1260025|26655|2196|1036|4826|1155|54247|8039|48804|6731|20973|4761|1110479|23388|14575|7775|3817|1159|108|181|136263|9835|11573|2506|2943|837|22321|3550|11066|2623|29305|5490|7772|2150|731|352|23112|4149|1323|707|25057|5573|1060|519|73228|4911|73030|4911|198|171
030C201US9|11855727|63375|847349|21432|189609|9952|7202|1631|17698|2771|4530|1442|11831|2779|143388|7881|67784|5574|66346|4677|9258|1417|4960|1001|179285|8296|6525|1265|6376|1643|46202|5691|91767|5427|19882|2954|8166|1450|367|267|86223|5169|12044|2130|33010|3579|20922|2695|6016|1857|19195|2976|1052|467|390216|14277|2921|1036|18099|3357|10090|2533|11127|2108|7346|1567|12380|2106|10936|1686|3584|1071|3083|1156|14929|3230|1630|984|26423|4397|32760|3753|96644|7472|7206|2066|109731|10846|21327|2626|2016|1009|5041563|34861|1654814|27669|1129561|22609|812635|20552|121087|6462|195839|9208|133674|7851|384263|14761|7316|2327|1148720|28213|66403|7836|25884|4415|1341|748|703731|22960|228010|13155|12776|2776|29236|6326|55650|6090|11428|2949|8961|2475|5300|1254|1904697|30377|34343|4676|65357|6168|42552|4795|56675|4938|20203|2255|987303|24027|12640|1969|82690|6353|602551|17759|383|287|324902|17104|79090|6507|9355|2980|4563|1471|56257|8826|36622|4355|17773|3492|8722|2839|30909|3804|7478|1959|31853|5724|24617|3016|4466|1298|8887|3077|4310|1185|8430|2125|296466|14681|115322|8007|10577|3006|43131|5709|30781|4306|10782|3482|1897|817|6377|2244|4534|1585|7243|2253|9933|2623|3669|1139|1673|1090|3183|1927|1408|884|62672|6534|5205|1855|43221|5247|7733|2318|2218|1146|4295|1316|26740|3621|26607|3624|133|133|74796|7759|170|200|12696|3181|2297|1307|5750|1866|40543|5905|1797|815|2780|1227|1334|1255|7429|3443|7003|2561|132378|8582|38788|3486|29803|2725|8985|1697|33256|4302|12417|3768|18908|5555|29009|3391|5537971|44309|5357743|42296|84886|7713|1219|445|1303|867|28813|3356|988|941|9804|2562|66|83|11354|4093|19033|3683|790|535|113|187|8000|2143|1080|772|2323|1336|4920585|41551|14774|2713|14679|2568|431604|15967|323798|15950|88260|10720|3967388|40759|65898|6614|12279|2502|1905|817|352272|15469|33092|4143|10352|2200|69871|7263|17630|2741|71029|7316|27156|3603|3064|1090|83033|7424|4840|1508|28825|5171|3380|913|180228|7496|179687|7448|541|320
030C243US1|121844|6223|45480|3984|12461|1693|89|71|1008|566|202|179|499|310|10203|1457|4456|1006|4398|995|1349|640|460|298|9034|1392|292|262|459|332|1823|799|4997|895|638|301|825|545|0|210|9328|1939|524|378|3207|1125|5046|1301|569|368|516|376|35|59|14657|2371|677|484|45|56|523|474|753|753|85|72|458|307|305|177|87|142|209|221|50|69|0|210|3402|1107|427|342|4381|1419|117|220|1958|958|1180|694|0|210|30328|3514|13368|2096|9775|1787|7934|1595|550|395|1291|642|1006|639|2587|874|0|210|6344|1469|0|210|319|389|10|20|4184|1272|809|453|29|39|309|255|674|628|0|210|10|30|0|210|8172|1934|196|277|1004|755|497|298|869|863|263|334|3199|1105|41|64|715|425|1388|657|0|210|2444|894|114|155|0|210|0|210|56|84|571|522|114|173|16|29|847|578|0|210|135|123|314|243|84|129|41|67|152|204|0|210|7222|1792|1774|926|0|210|435|505|203|176|0|210|136|135|634|817|209|197|157|186|305|255|131|146|35|53|4|10|135|178|882|667|54|92|102|115|629|634|97|125|0|210|1167|427|1167|427|0|210|2964|1286|295|281|779|504|87|113|0|210|863|665|0|210|722|804|0|210|218|242|130|231|1229|711|1210|714|951|669|259|252|19|32|0|210|0|210|0|210|37585|3479|21161|2961|6887|1855|99|148|89|106|558|431|3|7|1937|1181|0|210|713|426|3030|1346|92|160|0|210|341|300|0|210|25|47|5217|1330|58|97|47|68|888|829|1611|674|163|130|1828|680|106|138|516|317|0|210|9057|1900|686|411|63|78|3080|962|285|258|1830|797|990|653|257|419|712|373|644|680|402|293|108|135|16424|1948|16392|1948|32|5
030C243US2|222174|9900|70247|4575|15613|2031|280|200|3317|913|107|121|451|399|11389|1636|5543|1187|4714|1016|1132|383|69|76|17221|2156|880|363|1608|870|2508|886|10294|1409|1430|609|486|354|15|23|10864|1652|815|404|7280|1322|1611|749|22|37|970|579|188|183|26396|2982|1001|740|672|528|777|365|567|363|751|453|822|493|1157|629|301|217|244|275|863|1025|0|210|7415|1761|1770|675|4277|1742|847|423|2795|844|2137|906|153|247|53962|4400|17172|2245|10359|1698|8356|1599|687|412|1316|562|2068|718|4684|1387|61|112|20357|3585|927|598|1496|935|1057|880|12237|3174|745|364|59|71|562|337|1586|780|870|716|741|437|77|97|11295|1818|240|170|125|216|336|232|86|91|473|271|7424|1552|172|179|958|392|1458|532|23|39|4919|1318|229|388|13|22|363|346|633|506|677|279|386|294|118|181|1068|880|251|278|221|212|841|427|0|210|0|210|119|116|219|182|11720|3069|2392|927|183|177|772|475|625|425|223|303|7|3|171|217|39|59|372|308|425|244|51|57|68|121|59|79|247|195|3108|1433|491|528|1601|1227|489|352|275|440|252|270|1570|468|1537|465|33|30|4138|2118|0|210|511|412|0|210|118|151|1534|1058|44|75|1213|1369|0|210|718|659|87|143|1772|709|1614|695|1231|665|383|250|0|210|0|210|76|92|82|105|84473|6244|71874|6365|20188|2756|700|585|206|167|2203|752|51|86|6465|1575|49|3|1361|763|6829|2184|65|108|318|333|1720|778|24|10|197|202|30398|3944|242|342|1258|1044|3140|1338|4776|1329|1461|568|18829|3235|319|326|373|336|0|210|21288|3941|2464|1009|455|471|3180|1059|868|547|3579|1009|5307|3544|1467|610|1467|617|918|646|1239|576|344|279|12599|1505|12518|1499|81|107
030C243US3|196535|9441|48551|3934|8295|1111|216|151|402|241|223|180|272|233|6767|1089|2489|786|3255|609|1023|416|415|245|15029|1787|728|326|595|371|764|361|10385|1563|2404|715|139|115|14|23|4186|985|570|301|3010|898|314|195|133|141|277|202|15|25|20846|2951|875|841|531|368|71|61|222|195|474|314|770|351|1069|546|402|244|504|427|113|86|449|344|6000|1686|1989|682|2938|866|208|107|2941|1121|1290|578|195|263|48397|4150|14822|2143|8046|1941|6900|1820|456|341|690|349|1445|516|5219|1222|112|113|12398|2972|81|104|1643|1547|760|511|7974|2288|489|287|252|234|701|424|188|164|299|196|11|19|0|210|17514|2382|334|296|157|192|429|421|2047|700|284|157|9151|1635|124|192|2709|1141|2279|751|0|210|3454|1149|78|100|0|210|0|210|1013|847|293|184|48|43|60|83|577|321|357|291|461|299|261|213|0|210|299|216|7|3|209|199|7775|1725|2926|868|76|152|908|558|96|82|864|269|273|283|115|249|346|263|248|293|1566|1462|140|157|859|1195|141|196|426|594|784|417|77|75|330|294|158|119|98|174|121|184|1530|834|1453|803|77|129|785|468|0|210|35|37|24|46|7|14|335|236|57|109|0|210|7|12|320|359|184|150|1578|904|1330|907|718|461|612|530|0|210|120|125|128|138|0|210|90234|6260|77422|5934|4310|1295|207|151|25|38|1481|648|0|210|343|242|0|210|500|465|1453|971|0|210|0|210|71|88|0|210|230|313|63476|5290|336|422|310|242|1361|597|4978|1277|1961|922|51096|4731|2412|1108|1022|693|0|210|9636|2085|1078|527|234|200|2675|1553|348|281|2492|993|662|422|36|57|1064|572|162|161|645|371|240|260|12812|1595|12796|1598|16|30
030C243US4|135645|7220|21856|2500|4048|876|301|234|217|200|213|138|474|329|2761|674|820|385|1742|541|199|158|82|63|7618|998|109|69|173|169|309|161|6219|964|659|293|149|79|0|210|1498|535|100|124|745|417|44|50|44|50|609|296|0|210|8459|1853|0|210|532|598|460|366|87|103|32|36|437|320|205|156|350|373|296|309|438|269|0|210|496|270|908|639|1440|586|16|35|2440|1123|322|190|233|239|30661|2674|7396|1194|2492|775|2112|718|62|76|318|181|840|340|4064|930|0|210|4557|1470|0|210|180|175|0|210|3385|1399|149|108|39|39|171|260|358|282|30|38|52|79|193|206|17439|2097|791|420|490|307|207|146|3258|945|606|393|6884|1427|106|124|2497|810|2532|872|68|113|1110|522|101|129|0|210|16|20|540|445|28|46|7|12|43|60|117|111|51|54|0|210|125|147|2|5|0|210|80|101|159|193|9580|2066|3865|1481|27|41|945|808|1784|1290|304|224|327|283|64|104|0|210|414|354|604|439|322|277|31|56|199|301|52|66|808|599|16|28|365|428|0|210|170|133|257|413|3004|968|2955|983|49|63|1215|594|0|210|142|152|0|210|405|482|405|243|0|210|0|210|0|210|263|322|84|100|3695|746|703|270|419|172|284|218|0|210|262|240|2445|597|285|278|69853|4625|64147|4433|2544|821|0|210|62|91|629|401|125|199|1034|652|0|210|222|154|216|130|0|210|8|13|201|246|0|210|47|51|56537|4087|98|113|51|58|2868|844|7490|1658|1780|556|43542|3967|458|192|250|177|0|210|5066|1155|344|247|64|61|1336|757|153|166|472|202|285|292|422|302|856|358|245|234|535|518|354|257|5706|994|5706|994|0|210
030C243US5|598744|19013|83338|6058|25995|3105|832|604|1589|525|221|195|1767|818|20973|2733|8639|1825|10446|1663|1888|738|613|463|24526|3075|301|175|671|447|3101|1119|17933|2589|1950|655|570|337|0|210|7546|1581|1564|827|3656|953|1080|561|106|114|1246|544|0|210|25090|3853|588|624|1185|813|595|397|550|514|333|318|993|796|1008|599|399|273|108|119|1058|678|0|210|2014|772|2933|958|5192|1205|466|372|5709|1921|1959|997|181|156|98720|6751|29692|3768|16014|2803|13719|2689|642|406|1653|763|3133|1064|10525|1783|20|55|25771|3180|562|387|1103|840|95|110|15505|2521|3089|1064|1260|635|906|737|1546|595|613|557|788|835|304|317|35002|3832|1182|740|1303|900|711|431|2983|1100|528|386|15272|2484|349|268|4106|1124|8398|2384|170|181|7874|2162|390|489|42|70|135|173|230|255|1146|515|1095|1217|759|599|1006|889|158|264|349|292|954|720|568|744|968|715|74|91|381|399|25249|4432|5014|1530|19|39|1097|597|1102|565|520|716|229|237|237|288|1539|840|271|205|2015|1179|1212|837|508|767|198|228|97|124|3754|1329|133|170|1752|952|1532|902|73|10|264|234|4223|1498|4152|1484|71|102|9013|3139|0|210|1290|699|148|174|1415|1286|4408|1789|140|206|78|83|374|645|1160|790|1230|609|2928|933|2780|911|1755|828|1025|576|0|210|0|210|49|45|99|164|388509|14408|370014|14350|69699|7881|1501|960|46|65|29853|5444|128|144|9559|2532|289|256|7630|2231|15310|3242|405|456|129|115|3425|1328|103|111|1321|727|241923|11096|329|262|2530|1151|19201|4278|24373|4355|18128|3338|171133|8963|3686|1199|2543|810|0|210|58392|6489|3736|1648|3136|1382|5473|1631|2191|1138|16274|3280|4567|1494|4670|1829|5732|1960|367|317|11485|2912|761|533|18495|2079|18146|2098|349|328
030C243US7|513026|19655|31072|3361|9796|2152|388|276|596|430|156|125|85|77|8256|1970|3415|1069|4027|1184|814|510|315|409|10642|1512|319|228|404|313|824|417|7559|1323|1354|582|182|195|0|210|1471|665|185|167|278|250|193|109|55|93|815|575|0|210|9109|2002|189|309|276|398|572|672|59|87|0|210|85|84|227|225|626|483|13|22|147|191|0|210|1329|566|869|551|1532|626|340|57|1446|681|1399|1118|54|104|58692|7321|10041|2175|6039|2073|4438|1311|621|487|980|1037|1125|476|2842|765|35|62|13337|2694|0|210|252|284|0|210|9374|2440|970|697|30|37|1018|708|1335|681|358|349|0|210|0|210|28447|4790|325|289|1044|808|374|247|3199|1320|226|162|10027|2091|200|194|3585|1828|9467|3423|0|210|6680|3367|52|91|71|126|198|356|2582|2719|664|528|96|94|130|98|606|387|132|150|544|710|667|368|0|210|938|1266|0|210|187|192|11482|2452|2897|1127|171|230|503|498|1777|999|72|121|123|168|68|144|44|74|139|11|293|308|117|176|0|210|0|210|176|267|1280|713|0|210|407|306|523|495|0|210|350|341|1801|966|1801|966|0|210|5023|1907|0|210|1865|1116|55|106|255|304|2782|1550|0|210|0|210|0|210|66|120|188|190|3792|1375|1533|1026|1190|985|343|237|163|217|867|383|148|138|1081|814|407988|18893|396169|18810|8557|2775|217|204|139|244|4927|2480|49|95|584|308|0|210|430|696|1276|575|0|210|0|210|448|269|0|210|487|422|372450|17885|887|883|238|243|13432|3528|6358|1840|10015|2881|338205|17036|1615|802|1700|1256|0|210|15162|3337|1133|682|824|721|1870|810|237|251|5137|1491|1286|658|200|250|1061|440|163|287|3233|2121|18|26|11819|3982|11558|3944|261|348
030C243US9|483348|18402|60805|5200|17357|1810|661|332|1363|656|461|266|762|496|13928|1589|5630|1136|6840|1163|1458|545|182|120|17135|2517|387|283|199|138|2743|908|10263|2193|2480|691|1063|579|0|210|6868|1753|453|288|1449|516|4461|1506|2269|1232|339|202|166|185|19371|3614|0|210|1424|1013|388|376|55|58|148|139|740|413|360|263|276|220|297|183|386|244|627|800|2404|951|1473|832|3983|1271|234|208|5309|1910|1267|630|74|28|96410|7304|29925|3983|14419|2607|11575|2371|823|472|2021|800|5158|1294|10253|2790|95|127|21036|4131|1019|1072|389|367|0|210|13971|3145|3755|1173|202|243|85|142|1194|765|335|299|86|80|0|210|40308|4265|339|337|397|246|852|523|2477|1142|475|383|24107|3190|385|352|2854|847|8422|2516|0|210|4966|1556|869|628|97|164|138|224|290|243|1297|919|529|407|0|210|332|353|100|161|364|416|487|274|0|210|463|382|0|210|175|201|10200|2555|3059|1023|340|398|631|569|572|347|303|299|214|341|84|101|390|306|525|471|605|693|435|665|0|210|0|210|170|241|1706|884|462|685|704|472|203|198|250|111|87|147|2311|1659|2267|1655|44|83|2407|1077|110|166|724|601|24|45|0|210|864|975|8|22|90|114|0|210|587|612|112|120|10655|2182|4675|1269|3173|991|1502|744|1545|1127|524|602|925|569|2986|1172|305278|15359|287648|15244|6561|1653|0|210|310|524|1714|666|0|210|355|269|0|210|595|626|3394|1351|0|210|0|210|193|161|0|210|0|210|271166|15294|260|355|782|534|5885|1407|6086|1636|2192|1104|254880|15181|880|521|201|212|0|210|9921|1768|942|537|146|170|925|452|923|495|1734|644|1269|706|142|232|1858|836|248|181|1538|1203|196|208|17630|2207|17630|2207|0|210
0400000US04|962688|20864|77448|5978|17775|2398|383|349|1544|708|233|155|262|207|15142|2027|5906|1140|8150|1651|1086|459|211|216|21935|2661|538|264|732|358|4297|1276|13035|2132|1873|750|1365|678|95|124|5711|1231|771|375|2441|935|654|568|51|86|1805|715|40|64|31887|4482|757|683|698|636|3401|1399|1578|735|1659|907|2610|915|1233|499|96|112|707|853|362|429|480|387|4285|1298|4535|1507|4098|1554|1055|795|1396|560|2937|1397|140|135|211141|8314|48118|4647|26898|3577|18954|2694|2372|779|5572|2275|8391|1877|12705|2171|124|136|64070|6664|4051|2061|2017|1548|1174|1205|44226|5475|5178|1491|924|624|2052|1409|2384|1254|1012|580|556|437|496|480|70627|4969|2833|1540|2373|1138|1757|831|1410|856|966|507|33329|4467|651|443|3821|1298|23487|4059|0|228|27476|3595|248|207|0|228|27|45|13556|3076|1789|886|2058|942|183|175|2866|1117|2130|1317|1065|552|2225|981|293|278|408|425|628|555|850|510|39714|7448|10828|3496|95|154|3147|2823|3256|1575|928|760|504|670|548|379|189|189|2161|1087|4322|1809|101|169|1611|1117|2223|1379|387|556|7430|3737|45|74|1913|920|1652|1187|3372|3457|448|348|2494|869|2333|865|161|261|10385|3280|0|228|387|409|546|490|2030|1362|5510|2329|0|228|196|317|1253|1780|463|437|4255|3150|4823|1494|2595|1163|1889|1008|706|522|409|515|524|838|289|391|1006|591|629562|17321|593679|17287|22710|4554|0|228|236|321|11495|3141|76|124|2869|1075|53|88|2766|2080|3874|2179|0|228|0|228|1215|867|41|68|85|141|543799|16452|263|373|1614|775|9032|2671|17695|4895|4504|2100|502430|14585|6980|7149|1173|718|108|181|27170|4559|2914|1361|546|385|3361|1111|1735|786|7145|2485|2826|1514|363|266|5458|1639|217|183|2452|1189|153|191|35883|3774|35804|3773|79|119
0400000US06|10427985|57182|665148|19734|157550|9594|6162|1457|13837|2262|3410|1218|10692|2769|120109|7988|56520|5163|55509|4466|8080|1281|3340|862|145762|7581|5318|1129|5255|1352|40250|5560|71153|4764|16025|2234|7434|1391|327|277|82766|5341|11466|2085|29679|3514|24245|3088|8096|2359|16256|2792|1120|479|277612|12086|2191|929|12757|2742|5077|2084|7564|1631|6540|1574|10852|2123|9310|1454|2869|974|2591|1059|9659|2991|840|591|20563|4384|23879|2819|73087|5912|6108|1975|66103|6895|17622|2367|1458|687|4243771|30024|1385280|25347|963754|20355|684205|18857|105368|5785|174181|9250|95485|6822|320162|14804|5879|2331|981587|23849|60822|7784|23264|4215|282|279|579387|20047|216689|12296|9937|2535|22516|5680|49115|5765|10969|2913|4476|1565|4130|1111|1575647|27523|28752|3848|53404|6062|35651|3842|47714|4039|15793|2065|800706|22437|10515|1708|64784|4730|517945|17168|383|287|293308|15195|78648|6535|6835|2107|3789|1424|44927|7090|33151|4143|16222|3490|7543|2672|28989|3728|5622|1639|30752|5387|21120|2527|3993|1234|8403|3009|3314|1046|7949|2164|204269|13287|58990|6386|5759|2191|20657|3512|16812|3745|1551|970|1576|868|4277|1826|3516|1344|4842|1516|7304|2357|3621|1187|446|470|2012|1866|1225|818|54758|5991|4794|1854|38589|5106|6280|1959|1455|845|3640|1232|20950|2934|20917|2928|33|57|56665|6346|205|227|7465|1998|1769|1207|3191|1343|35868|5785|1369|739|2647|1184|798|1126|3353|1847|5602|2217|79732|5287|29632|2806|24587|2644|5045|1143|31449|4311|1373|1345|1435|918|15843|2804|5235065|40067|5105869|37978|68633|6217|813|290|1595|1031|25172|2839|736|923|6914|1966|66|83|7888|2880|14996|2794|611|453|113|187|6777|1895|1003|759|1949|1283|4728916|38548|14532|2683|12480|2258|422589|16095|306368|15282|76638|9060|3820641|37714|64437|6386|9723|2401|1508|564|308320|16502|29147|4113|9147|2091|55394|6382|15114|2496|64403|6982|25959|3430|3005|1102|75197|7355|4101|1340|23741|4259|3112|802|129196|6313|128811|6306|385|248
0400000US08|557528|15883|77800|6353|17334|2368|679|475|1180|593|454|358|1158|524|13191|2166|4896|1435|7613|1737|682|388|672|500|21968|2766|1356|536|490|378|3477|1287|14223|1906|1543|580|879|443|0|218|4631|1415|583|463|1955|824|303|227|0|218|1790|860|0|218|33768|5067|84|141|1799|1188|1020|451|1464|602|380|281|1995|671|1341|797|318|189|837|621|887|863|0|218|4981|1466|1832|945|7302|1959|149|197|7028|2260|2351|1346|99|170|129351|5677|42155|4053|19700|3196|16320|2967|901|503|2479|817|4382|1224|17121|2924|952|668|41259|4916|3003|1822|407|322|1166|929|24030|3524|4566|1535|358|417|5156|1811|1218|676|213|244|669|610|473|377|37079|3426|1332|727|1069|626|2020|897|2224|950|485|450|12555|2273|220|201|3421|954|13753|2367|0|218|8805|2037|192|242|99|127|0|218|2440|1380|1296|598|832|551|120|132|568|410|218|191|1245|810|1068|622|622|606|0|218|105|168|53|90|47999|5584|22434|5646|2702|1396|15330|4822|1319|639|555|774|0|218|780|650|15|28|1733|1072|3833|1418|909|713|1074|1043|892|720|958|629|4046|1585|582|661|861|878|1277|776|722|610|604|616|2889|1078|2577|1024|312|351|14078|4040|0|218|5388|3161|674|551|1210|1192|1420|877|764|912|339|356|838|801|3445|1872|719|650|5163|1147|4515|1172|3214|945|1301|687|0|218|0|218|239|241|409|385|297215|13794|281720|13362|5275|1361|83|136|0|218|1678|839|0|218|1009|513|49|89|558|420|647|384|0|218|288|485|801|587|48|81|114|119|243216|12747|327|379|755|475|11979|4299|8316|2641|8056|2905|211147|11128|1623|823|1013|569|0|218|33229|5326|3181|1492|216|214|5750|1607|2579|1323|7681|3398|1733|886|313|292|5388|1754|0|218|5990|3023|398|338|15495|2064|15430|2052|65|110
0400000US09|568311|14569|115853|6119|18547|2259|734|438|2590|874|112|101|794|381|14000|1913|6517|1349|6720|1357|763|431|317|310|13845|1828|371|318|883|485|1840|655|8148|1513|1592|676|1011|432|0|224|32918|3866|2983|1948|16770|2838|10429|2093|294|279|2716|1202|20|32|50314|4233|5937|2206|655|488|2680|1333|1461|894|704|641|863|536|851|397|423|405|493|327|211|220|1185|783|18544|2712|1652|1109|6718|1814|377|359|5700|2326|1860|940|229|266|132776|5182|43315|4251|33106|3787|28557|3773|1569|568|2980|919|2380|979|7431|1878|398|498|56448|5858|4108|1837|4546|2537|194|304|33704|3643|1791|873|231|304|2175|1158|8751|4211|866|646|56|93|26|44|23980|3820|171|188|1127|778|749|438|2230|1115|437|305|10518|2434|62|75|1940|918|6746|1944|0|224|9033|2309|0|224|0|224|314|325|777|620|1346|570|732|437|1043|1481|1445|731|203|205|744|538|1678|847|146|145|478|509|127|164|0|224|33937|5698|6401|3625|0|224|1042|765|245|202|2573|3409|165|153|731|906|580|580|1065|696|1025|786|154|199|283|400|299|499|289|367|6385|2478|253|271|2363|1738|1597|781|988|1136|1184|754|1798|853|1798|853|0|224|18092|4214|2815|1655|8255|2633|0|224|526|457|3799|1965|0|224|483|506|473|481|1741|1260|236|230|1804|799|1804|799|1182|672|622|479|0|224|0|224|0|224|0|224|283941|10605|271014|10441|102139|8959|411|634|1084|611|2279|1081|865|701|31227|5100|252|381|13400|4036|45683|5772|1632|869|140|161|3643|1278|685|915|838|671|67901|7759|0|224|2916|1546|6487|1901|21245|5286|9524|4490|25619|4489|1235|1004|875|474|0|224|100974|9290|3559|1428|214|213|26387|4784|3476|1495|17659|3994|27038|4629|3333|1159|12506|2871|1079|814|5134|2114|589|430|12927|2044|12600|2014|327|231
0400000US12|4817225|41962|433081|15006|99177|7018|1324|756|9710|2204|2086|739|4036|1016|78965|6631|35643|4682|37516|3693|5806|1267|3056|1168|94678|6414|3664|1140|4284|1993|21235|3470|54350|4343|6263|1311|4454|1775|428|573|66665|5834|9558|2658|28767|3747|7960|1786|400|361|19318|2852|1062|796|171085|10334|8409|2400|6174|1856|7131|2374|6793|1860|2839|966|7413|2179|9550|1862|1067|575|1793|827|5123|1583|1307|1061|21943|2728|15723|2642|30147|4256|4113|1228|30256|4179|11304|2329|1476|828|514532|13505|90001|6951|64448|6228|51545|5524|3945|1026|8958|2343|7544|1706|18009|2911|0|239|161533|10239|2897|2568|12485|3383|62|104|102838|8344|12843|2391|4308|2528|1457|740|18855|4507|2276|959|2591|910|921|625|188076|9786|3245|1455|4612|1391|2635|1147|4282|1441|2576|915|93985|6748|910|444|15504|3487|60210|7465|117|167|69892|7511|591|598|1309|739|1168|657|4788|2862|14734|2432|4640|1894|3780|1697|8827|2469|8615|2815|7787|3001|11155|1962|1165|704|228|375|1105|796|5030|1663|91262|10626|17399|3654|527|442|4420|2502|4066|1332|120|198|1697|729|783|474|2118|1179|3668|1428|4697|1586|2381|1233|768|669|491|405|1057|805|33230|5478|762|322|18996|3948|9486|1970|2495|2428|1491|794|14826|3777|14608|3777|218|224|17913|4349|766|648|3962|2493|767|521|753|528|8461|2575|932|762|887|714|258|433|1127|709|3197|1609|8514|1710|6280|1306|4687|1150|1593|684|89|146|400|447|490|463|1255|720|3769836|37348|3651743|36442|1837770|30502|19898|3846|5814|1653|984658|21586|4811|1624|152892|12500|2654|1140|372285|21197|226708|10728|4103|2135|1545|763|46934|6113|2052|999|13416|3443|707442|23856|4260|1804|18201|3633|61366|8864|114328|12511|114115|9771|250385|13862|118458|8955|25757|3781|572|493|1106531|32407|56996|6377|11111|2562|141390|12563|23621|3469|315275|15596|59491|6420|40169|5046|107645|10820|14558|3507|329111|19478|7164|2182|118093|7663|116521|7764|1572|749
0400000US13|1168022|23784|88427|5738|24730|3184|803|802|1620|749|185|185|684|379|20272|2760|9693|1815|8664|1850|1915|793|1166|623|22226|2543|851|462|415|279|4094|1008|15348|1990|1224|595|294|240|0|228|8395|1868|1628|815|2414|803|1440|1049|108|130|2831|922|82|131|32682|4228|438|497|489|380|4657|1863|540|420|630|465|821|434|774|502|436|598|251|350|502|415|365|353|3309|1085|7035|2301|4029|979|340|282|5455|1953|2611|1073|394|414|355907|9433|109232|7460|53497|6365|45539|5684|2152|998|5806|1627|7610|2089|47902|4800|223|207|139673|7309|3949|2468|5320|1253|620|513|106136|6526|6989|1786|1628|809|2242|1083|11450|2664|791|655|399|288|149|225|89420|5584|4557|1945|3111|1238|2143|840|3874|1329|1359|651|20513|3065|711|422|3882|1122|49270|5429|0|228|17328|5209|217|354|326|456|83|122|2741|1124|2663|1067|1295|1534|1954|2514|2176|983|1523|1010|913|666|2435|1189|805|503|0|228|197|176|254|194|136599|10878|44206|6543|1341|1089|23040|4573|7904|3107|2821|1578|1891|1342|1970|1435|1011|615|4228|1363|6852|2424|3186|1356|1069|933|2326|1560|271|294|8691|3972|1129|765|3842|2089|1536|1160|1837|2040|347|291|7487|2688|7160|2602|327|383|66379|7540|0|228|10724|2672|2580|2923|6091|2467|35831|5280|1819|1042|2006|1191|1710|1143|5618|2290|2984|1249|4865|1884|2801|1035|1692|710|1109|711|57|97|90|153|1479|1210|438|497|582224|16561|565246|16321|134088|12066|3037|1586|2338|1220|12512|3295|865|644|12615|3404|1015|651|26351|5469|57328|7920|824|562|1616|1047|10016|3010|496|412|5075|2801|331667|11276|1581|771|2631|1161|30278|4776|48103|6648|23511|4772|218893|10101|3585|1774|3085|865|0|228|99491|8811|1668|678|602|450|17117|4202|1855|857|22823|2963|6258|1956|9021|2321|10235|2496|3665|1890|25582|5781|665|529|16978|2465|16450|2405|528|468
0400000US17|1810100|22774|365357|13085|27573|2975|563|380|5465|943|760|381|1090|553|19123|2673|9165|2016|8628|1471|1330|763|572|458|30076|3177|2090|746|801|339|5143|1823|19611|2468|1380|491|1051|744|0|206|34997|3534|12463|2560|18660|2971|725|558|107|132|3149|1229|0|206|271358|11894|7059|2791|4777|1775|11071|2860|13464|2655|4809|1507|3373|1180|2248|851|2136|778|9879|2216|7703|2437|4680|1602|120473|7517|15452|2842|14930|3343|7682|2391|33575|5649|8047|3011|1353|688|561275|11822|137098|6610|86928|6081|72783|5577|5150|1257|8995|1999|9905|1804|37662|4123|2603|1032|231775|9714|2430|1526|5858|2324|257|308|173578|9936|8643|2100|1620|836|3860|1271|29823|4636|2065|1616|383|342|3258|1614|131684|8715|3613|1560|2452|1480|2084|1142|3237|1316|3002|1856|92569|7484|900|522|5268|1634|18559|3392|0|206|52352|6554|132|217|860|638|285|291|13341|3024|3937|1324|8240|2200|1949|786|3378|1421|4039|1682|8130|3053|5271|1482|1292|1033|1228|1051|270|186|8366|2295|75514|8260|17413|3542|721|516|5069|1955|4036|1461|1043|636|2729|1820|1073|509|706|623|2036|864|5556|2149|2371|1746|297|282|2325|1429|563|736|11924|3238|2634|1784|4801|1769|2970|1645|0|206|1519|1501|3980|1508|3937|1510|43|67|34273|6138|0|206|6018|2041|572|559|869|617|22648|4511|347|378|344|441|842|598|2633|2781|2368|1319|4211|1461|2278|882|1907|810|371|342|241|239|0|206|288|479|1404|1157|803743|14247|785968|13889|25258|3456|185|177|215|190|6955|1719|0|206|3835|1566|0|206|5265|1926|6873|1818|242|289|0|206|1467|772|221|268|0|206|683766|13954|7150|2182|722|377|12097|2901|22886|3635|13811|3145|621541|14025|3543|1414|2016|1468|0|206|76944|8531|2816|997|1576|820|9164|2328|2814|1141|22796|4692|14356|3591|778|534|6426|1545|603|521|15387|4651|228|202|17775|2632|17632|2632|143|134
0400000US18|414526|13957|38990|3642|7415|1435|406|509|551|366|167|175|332|437|5680|1227|2158|762|3036|837|486|249|279|368|9554|1521|125|148|403|327|945|544|5750|1248|1561|679|770|507|0|207|2733|987|631|342|896|455|404|496|21|41|802|521|0|207|19288|2966|144|170|258|296|1345|866|599|366|860|524|74|86|453|224|242|296|221|201|236|274|1079|606|3878|1402|1526|864|3088|904|2580|1587|2289|891|416|308|0|207|128796|5567|31057|3365|21022|2796|17075|2566|627|464|3320|1214|3860|1263|6175|1469|0|207|47277|4699|2248|1829|1411|727|0|207|36631|3944|1747|1269|6|12|542|446|4164|1799|458|407|0|207|70|119|41521|4504|15755|2893|414|406|1452|699|1329|831|1762|958|10642|2646|185|170|5196|1686|4786|1462|0|207|8731|1964|91|154|127|149|54|90|437|358|268|273|1229|935|1046|803|986|586|1590|845|707|587|1022|691|257|344|279|211|638|531|210|204|58700|8861|13492|4309|1174|899|3574|3044|1939|1198|440|712|845|888|1544|1823|861|530|3115|1853|10864|4950|1925|2160|2397|1459|6012|4210|530|453|4614|1973|891|651|2279|1435|312|367|948|1052|184|226|1876|955|1876|955|0|207|26402|5581|0|207|1643|922|115|215|1654|1383|17412|4903|2428|2021|264|257|153|165|2733|1351|1452|1109|2280|1273|1632|1180|1014|906|618|529|0|207|103|153|50|84|495|424|185760|9042|177075|9056|16588|4132|160|159|551|775|1456|791|0|207|4047|2800|0|207|8796|3081|723|489|416|527|87|149|346|386|0|207|6|14|140021|8295|298|483|828|530|6943|1759|12598|4226|10237|2750|104586|7177|1335|733|2004|1448|1192|1471|20466|3355|1098|552|746|775|3935|1296|59|104|5046|2039|1127|677|372|380|1715|958|12|22|6287|1870|69|87|8685|1960|8680|1958|5|11
0400000US24|1029710|21086|88999|5785|18509|2273|510|293|886|471|748|420|842|527|15069|2158|7725|1841|6154|1296|1190|583|454|401|19464|2523|585|271|897|498|3856|927|11754|2092|1126|520|1019|591|227|369|11654|1903|1772|609|4577|1159|1897|813|0|224|3371|1289|37|61|39154|4553|999|770|1824|1032|770|443|1907|1165|90|150|1847|747|1147|825|879|441|28|46|916|1382|192|276|3083|997|3557|1479|10571|2245|693|596|7446|1996|3205|1309|218|275|314579|7502|96888|6025|60075|4602|47695|4440|4287|1088|8093|1539|4685|1799|31991|3949|137|229|125656|8129|4356|2154|10457|3564|539|808|63884|6296|15414|2602|847|564|12202|4516|13867|3594|1955|895|1802|1368|333|298|72418|6330|3627|1337|1194|621|3984|2053|359|315|1357|713|39770|5162|561|445|4100|1410|17427|2897|39|66|19074|3522|611|602|762|475|241|316|1262|868|4080|1462|1800|1650|593|349|1589|1208|1005|617|1260|990|3808|1424|1031|860|105|183|927|735|543|404|214310|15159|65629|9840|5378|3333|40192|7337|7601|3064|41|69|3028|2385|3811|2521|2746|1799|2832|2780|27854|5709|24258|5480|192|231|3097|2079|307|239|9357|2624|501|436|4198|1446|1900|964|2344|1638|414|263|5815|1998|5144|1810|671|620|101649|11333|0|224|21077|4116|3481|1583|5422|2059|50786|7014|2741|1203|10074|3211|2762|1819|5306|2386|4006|1460|1867|852|1383|646|1242|594|141|170|89|105|0|224|0|224|395|471|409955|12903|401253|12461|75347|8075|777|568|853|621|3144|1149|188|243|13629|3576|1108|681|9219|2918|29229|5458|189|216|292|320|12600|2831|1905|1117|2214|1350|247220|10479|1120|1264|1237|526|121525|8881|43384|6809|34803|6707|36446|5047|5211|1763|3494|1536|0|224|78686|7932|4760|2210|9790|3282|14388|3849|2262|1043|10131|2601|6918|2916|7953|2401|15076|3330|185|165|6694|2944|529|353|8702|1741|8304|1648|398|369
0400000US25|1259871|21035|216562|10511|34703|3546|540|374|11031|1659|405|235|1099|521|20846|2975|9487|1779|9657|1911|1702|849|782|482|24671|2921|710|449|1418|617|6715|1586|11894|1848|1797|541|2137|853|0|222|75180|5740|9723|1907|15049|2682|46645|4328|8155|1706|3716|1375|47|79|81468|7255|14613|3480|1942|883|2397|1960|3217|1277|645|557|1964|779|1085|572|1232|706|1210|884|2338|1497|540|557|9240|2139|3020|1083|19366|4049|2520|1942|12329|2913|3810|1235|540|470|381154|8487|144154|8048|115807|8071|96468|7383|8632|1902|10707|2361|8119|1884|20117|3041|111|120|114041|6865|2426|1771|2779|949|688|696|82035|5923|6954|2080|535|311|7602|1738|7025|2175|2249|1223|853|660|895|427|84867|6560|2322|977|18501|3560|1716|826|4724|1928|1656|848|9003|1907|2004|773|7708|2576|37233|5267|0|222|37571|5286|2503|1692|1642|992|948|1533|4968|2458|8931|2787|1282|899|695|609|5596|1567|784|483|3129|1156|6002|1659|390|318|0|222|701|505|521|386|118511|8995|28676|4639|1125|873|5673|1671|9803|2862|1059|994|1505|990|6504|2433|614|419|2393|1393|5790|1627|3027|1441|0|222|861|443|1902|827|21006|3661|1844|836|6584|1972|11342|2826|401|406|835|712|2823|1047|2823|1047|0|222|57840|7017|31727|5736|13619|3493|310|305|1116|640|7490|2292|559|700|1529|1022|268|386|1222|742|2376|1272|3313|1236|2985|1195|2129|1052|856|580|95|125|0|222|0|222|233|267|540331|17638|514726|17802|208351|11850|101|125|2507|1099|3164|1000|3146|2859|103902|7177|641|571|60505|7677|23303|4157|200|195|396|374|7547|3054|374|348|2565|1075|116611|8968|0|222|3794|1753|42384|6858|36703|5368|14792|3913|15492|2598|1028|511|1160|652|1258|808|189764|12504|4349|1334|941|1042|113551|10776|5030|1605|36928|5068|13144|3342|1154|652|7263|2159|2485|1253|4557|1538|362|237|25605|2713|25019|2618|586|481
0400000US26|695203|16901|116296|7120|17566|3459|524|354|1536|719|1703|2570|763|451|12563|1810|5907|1342|5278|952|1378|522|477|262|21188|2473|1166|559|697|297|1797|514|13723|1880|3642|898|163|208|0|184|12622|1836|3308|849|7867|1481|131|111|20|31|655|346|661|397|64531|5922|13880|2811|1221|728|5255|2307|1169|549|541|334|1822|985|1196|593|340|246|441|285|281|220|3072|1314|8855|1566|6629|1672|5838|1385|459|364|6981|2120|6551|1443|389|407|373166|11709|68642|4764|37942|3836|32084|3760|2197|798|3661|910|10660|2106|19888|2669|152|235|123961|7251|938|686|22964|4088|1439|1118|80524|6193|4562|1203|365|503|1773|868|10438|2472|630|401|226|242|102|167|47116|4178|4552|1642|1951|959|1776|649|2357|950|1602|643|20871|2451|396|269|2052|733|11457|2521|102|171|131576|9537|740|914|675|782|0|184|53815|6612|986|443|4008|1460|786|503|26224|3422|2166|982|7792|2595|1915|996|1002|712|29925|6129|1542|1042|1871|874|39823|5826|12161|4521|568|564|1688|1163|2303|1047|1677|1695|111|99|572|594|328|274|4914|3983|5737|2485|1002|789|1769|1422|1904|1156|1062|1120|7935|2016|982|877|3015|1210|1634|1022|248|186|2056|1224|1435|723|1249|678|186|307|11705|2931|0|184|2121|1938|1630|1041|164|160|4944|2074|1535|1054|321|243|0|184|990|732|850|584|2458|896|2397|884|1743|811|654|402|0|184|0|184|0|184|61|115|163460|7297|130235|6966|14345|2785|0|184|107|132|5392|1934|0|184|1668|736|0|184|1060|680|4673|1606|130|217|91|148|1014|548|36|71|174|203|96191|6118|307|388|1246|753|1718|1056|10143|2877|6953|2472|74251|5327|735|530|838|554|0|184|19699|2838|1785|712|242|165|5118|1678|875|455|4629|1409|931|482|617|528|2126|888|228|203|2614|962|534|396|33225|2898|33164|2913|61|106
0400000US27|498826|12692|44651|3667|8835|1370|778|519|1018|411|449|214|516|333|5886|1194|2442|903|3009|700|435|302|188|162|9994|2056|436|284|393|314|1397|626|6441|1807|825|336|502|292|0|157|2703|913|286|276|460|239|198|178|23|37|1759|814|0|157|22949|2974|143|222|1271|721|1034|560|563|442|118|175|774|679|687|406|778|575|240|342|2482|1107|0|157|1301|539|891|493|6359|1367|97|127|5609|1803|602|464|170|262|181021|7478|28922|3193|15012|2339|11722|2219|1036|479|2254|758|1877|604|11855|1914|178|246|46044|4721|2261|2309|1377|623|752|641|30000|3898|3170|1490|258|214|3748|1886|1812|720|1620|686|576|727|470|479|97223|6001|11895|3173|7460|1984|494|385|23937|3006|1428|608|11006|1830|236|196|19370|3005|21397|2877|0|157|8662|3174|31|51|79|145|0|157|3502|3009|415|282|466|377|197|162|688|461|879|649|293|311|1189|698|72|89|651|763|200|240|170|198|146532|7868|94722|7766|2600|1349|24404|4561|17818|3691|44806|6022|1475|922|1092|619|401|662|2126|1204|6415|2537|5954|2480|107|137|354|281|0|157|7935|2586|90|122|4765|2351|1027|563|1822|945|231|199|733|367|569|326|164|135|32683|4869|0|157|2773|1153|624|634|12319|3388|10491|3161|257|182|1529|921|808|726|3882|1701|4044|3001|3233|1465|1641|1200|1523|1191|118|112|102|172|125|134|640|289|725|689|123389|6010|111049|5771|4667|1161|255|297|189|201|952|455|125|199|755|593|0|157|354|337|1120|572|0|157|0|157|147|178|0|157|770|558|80150|4992|221|236|340|268|7191|2200|5575|1342|3422|1207|62297|4690|647|521|457|334|0|157|26232|3375|1055|443|26|34|3106|1012|1135|621|4218|1231|9551|2869|2132|830|1355|592|577|607|2644|1182|433|337|12340|1950|12236|1958|104|121
0400000US29|252575|8893|41457|3781|6126|1228|394|277|325|234|9|15|215|206|5183|1154|1316|526|3426|972|441|240|0|195|9798|1837|216|186|273|296|539|305|7967|1667|641|384|162|269|0|195|2552|757|340|280|1400|656|128|158|0|195|684|403|0|195|22828|3253|1284|1085|732|654|6886|2016|1222|1099|640|387|584|482|123|158|53|88|184|214|721|534|0|195|799|497|2868|1012|2417|796|169|219|3355|1298|791|531|153|206|98385|5259|26982|2887|15469|2411|13863|2383|516|395|1090|472|2322|1056|9191|1694|0|195|33799|4045|920|878|1131|681|0|195|23056|3194|1522|895|193|110|1491|1059|4133|1322|1037|776|108|140|208|259|28273|3179|1585|794|1464|937|493|446|1017|909|1245|628|11622|2534|217|205|2409|796|8221|1921|0|195|9042|2994|70|119|0|195|91|150|2334|1506|860|642|665|620|1005|1071|123|155|1305|1027|1865|1081|645|370|79|101|0|195|0|195|289|200|27503|4546|10309|3153|96|114|2597|1091|5943|2562|824|861|0|195|403|389|193|323|253|256|3634|1867|289|282|1609|1599|1612|1036|124|186|3974|1645|0|195|854|651|675|720|1692|918|753|631|1449|882|1449|882|0|195|7344|1941|0|195|483|308|0|195|859|822|4391|1504|311|526|229|238|201|316|870|716|793|680|3469|766|917|503|562|370|355|307|77|103|0|195|1962|567|513|344|81761|5256|76881|5443|9011|2188|390|323|0|195|3153|1337|0|195|714|552|0|195|1194|905|2952|1400|0|195|0|195|535|393|0|195|73|121|59597|5023|106|116|460|404|5064|1974|9430|2476|7116|2540|36015|3452|762|467|624|368|20|46|8273|1902|476|600|539|466|2094|1017|375|383|2009|651|467|362|117|110|964|582|0|195|1047|620|185|226|4880|1161|4841|1162|39|27
0400000US32|600957|13754|40639|4089|10304|1927|256|219|774|385|321|271|614|413|8295|1716|3483|923|4446|1339|366|233|44|74|9035|1400|543|331|183|219|2254|859|4661|1062|650|556|744|455|0|228|3772|1037|429|466|2017|749|395|407|8|13|887|494|44|89|17195|3121|0|228|561|599|2104|1736|1492|980|716|531|313|270|624|366|533|451|293|255|282|238|50|85|1420|716|2182|1038|3772|1518|425|458|1288|708|1140|592|333|413|196672|6569|42740|4111|27142|3217|18407|2783|3067|898|5668|1342|4075|1237|11523|2201|0|228|22175|4265|1358|888|807|772|223|371|8686|2717|7036|2119|80|137|499|405|1626|933|744|627|492|439|624|777|122102|6944|78|94|1131|715|1513|739|1421|823|989|591|98740|6872|172|285|6953|1628|11105|2833|0|228|8906|2538|1443|980|160|277|170|210|1284|944|1301|765|464|385|245|190|1664|739|339|402|1021|1089|499|385|40|61|0|228|276|266|749|560|17189|3825|12260|3562|145|184|8599|2789|1332|1029|492|671|0|228|682|974|664|985|346|367|43|80|43|80|0|228|0|228|0|228|2590|1201|200|203|969|666|996|851|186|259|239|243|439|379|439|379|0|228|1833|1134|0|228|103|124|0|228|0|228|1043|776|0|228|307|498|380|603|0|228|24|52|3868|1203|1875|782|1588|751|287|218|288|275|0|228|291|314|1414|1215|342589|10179|330596|9870|36671|5556|0|228|83|99|30808|4986|0|228|1861|1020|0|228|947|828|818|567|0|228|0|228|1246|925|0|228|908|912|273482|11197|1448|898|1417|788|26037|4366|13611|3439|5946|2731|218508|10024|5889|2552|626|428|0|228|20443|4163|2398|1256|874|479|3451|1260|1218|619|5068|1985|609|455|190|164|4857|2092|101|121|1441|895|236|249|11993|2268|11993|2268|0|228
0400000US34|2181082|26200|281549|12857|34279|3737|453|348|8384|2822|690|476|1357|624|22794|2687|10818|1753|9516|1809|2460|854|601|381|31658|3552|2415|911|1452|791|4936|1510|19151|3298|2753|975|836|491|115|177|77489|5101|8348|1709|29303|3281|28822|3568|237|182|10928|2319|88|104|137536|10023|5904|2461|4233|1722|2472|1450|2141|980|1758|697|4667|1456|4497|1520|2317|1440|1892|1023|3166|1325|4633|1675|44146|5401|5601|1683|18412|3156|1339|536|23006|3778|7352|2314|587|366|703639|12169|187826|8069|107646|6089|80962|5296|9607|1688|17077|2664|12585|2743|67595|4604|0|225|335888|11167|2670|1086|16867|3459|24|42|270000|10372|5837|1696|1016|499|4928|1794|24265|3554|5176|2195|3523|1602|1582|902|112062|8292|1078|982|2486|1511|1670|870|120|115|2637|832|84196|7069|1443|645|1974|892|16458|3153|0|225|64649|6930|792|464|1103|770|3460|2099|1214|654|13670|3853|3905|1316|1325|785|5982|2179|2173|909|7033|2812|19460|3730|1415|766|989|995|2128|926|3214|1051|126173|10144|13161|3248|1123|1272|1835|1031|5315|2080|0|225|651|477|1338|682|363|276|2536|1462|3375|1432|969|1074|0|225|802|640|1604|837|41107|5953|2094|926|30926|4980|6992|2323|603|388|492|371|3760|1208|3680|1184|80|134|60575|6640|246|242|18488|4170|215|304|6236|2295|27229|5642|1500|996|2130|1716|728|722|3803|1861|4195|1763|2355|869|1884|725|1770|711|114|129|75|126|82|134|0|225|314|321|1067366|23160|1048059|22805|388456|16654|1353|625|3268|1464|44294|6342|3260|1604|213590|12425|2551|1355|48118|7832|45648|5702|366|323|1021|1004|20293|4297|975|642|3719|1401|275590|12768|723|465|17735|3828|49749|6640|50336|7219|35462|6589|108984|8242|8223|2567|3842|1587|536|854|384013|17146|10113|1937|3649|1530|50673|7249|5180|1770|96987|7867|105906|8628|29264|5743|57809|6766|8650|2963|14018|3220|1764|1120|19307|2688|19259|2679|48|79
0400000US36|4459752|38805|655816|16795|90967|5018|2825|1146|25432|3808|3250|2481|3638|952|54091|3988|28776|3405|21716|2921|3599|964|1731|707|85417|4719|4539|1043|4955|1873|26648|3817|38684|3068|5151|1565|5191|1627|249|267|134162|9190|27861|3864|78416|6658|9933|2459|0|217|16233|3465|1719|1062|341294|13268|24077|4813|17184|3104|7292|1889|6231|1303|5348|1499|5794|1416|9300|2059|3222|1615|3387|1402|5511|2149|2145|1280|53521|5322|13116|2898|63022|5753|4718|1630|83376|7656|34050|5376|3976|1809|1329268|19071|601341|14706|490116|14971|423118|13796|39570|3840|27428|2992|28399|3109|82663|6970|163|182|428935|17843|9852|3484|118181|8784|3315|1382|146955|10237|16126|2837|9103|3020|18762|3956|62851|8477|6610|1957|29310|4567|7870|2289|170261|8470|16367|3759|3539|1358|8985|2139|2064|1072|9851|2754|88656|5976|3447|1094|12490|2188|24548|3765|314|293|122503|10572|5119|2160|3746|1517|15141|4279|5019|2185|28309|4115|5639|1904|3794|1566|7427|2260|2812|1032|8563|2922|19046|3639|1821|729|12663|4539|3404|1045|6228|2321|241843|15895|28029|4765|1035|781|6849|2115|4618|1308|3342|1444|1747|1098|1476|1384|3049|1710|5913|2038|10582|3531|2252|1089|4318|2804|3473|1698|539|340|51435|7991|2995|1327|29575|5147|10100|1822|3854|2424|4911|4155|9458|2052|9293|1995|165|206|133528|11112|540|624|40774|6894|8869|3325|3990|1666|36563|4999|9517|2779|3337|1654|4537|2763|25401|5516|8811|2591|13705|2975|12075|2702|10505|2566|1570|632|90|149|0|217|0|217|1540|1395|2219120|29033|2160446|28350|1048454|26017|1572|787|20440|2897|18197|2720|7922|2592|502381|22391|18697|3412|119938|10755|224376|13177|10799|3097|11265|2631|88108|7453|8465|2621|16294|3245|483495|15721|7048|2091|6836|1897|101743|8578|67719|8163|56028|6830|219146|14121|9224|3025|15751|2537|0|217|628497|17311|20088|3042|3706|1492|30665|3975|9821|2381|122494|7399|177976|11363|165926|10047|57740|6473|7343|2534|23659|3457|9079|2775|58674|4489|58274|4473|400|293
0400000US37|916787|18841|110081|7080|30629|3069|1148|643|1603|585|313|254|2457|1288|24075|2626|10503|1712|11744|1856|1828|932|1033|884|25985|3437|801|498|638|365|4565|1848|16638|3001|2616|980|306|215|421|402|10155|2174|2057|836|3371|1008|1012|517|25|40|3643|1580|72|140|42561|6150|578|583|1846|1065|1791|1380|1050|708|454|348|1042|488|1704|1102|1156|632|605|465|1001|596|0|221|3409|1173|3283|1326|11367|2467|675|592|8332|2929|4268|2213|751|618|256255|6852|55317|5095|34008|4098|28387|3666|1799|980|3822|1241|5274|1460|16015|3576|20|55|110422|7074|5251|2924|1289|835|357|473|85412|6192|4666|1763|890|611|6062|2036|5528|2016|191|231|354|373|422|456|73348|6510|5587|1988|816|529|1400|811|5797|2123|1119|563|20531|3842|587|384|9317|3916|28194|5080|0|221|16111|3641|289|228|168|164|474|403|590|411|1337|669|1001|593|945|755|2092|1561|779|559|1723|1318|2793|1139|490|388|3060|1617|370|262|1057|699|76063|9158|14536|3280|2648|1633|3736|1719|2034|1161|1609|1160|134|172|664|448|2099|1292|1612|908|9637|3594|625|455|3771|2517|4572|2150|669|880|12473|3171|1500|978|5142|2008|3277|1571|2187|1648|367|352|3861|1110|3570|1046|291|297|29428|6088|138|220|4361|2232|853|594|5307|2360|11495|3720|859|954|1783|1210|1215|902|3417|2120|6128|4868|4032|1184|2704|1010|1131|456|1573|972|52|87|20|35|400|439|856|425|470356|12974|450443|12047|55702|6160|1225|1122|1748|1492|11922|3643|2070|1601|12410|2771|159|200|5926|2054|14500|2889|305|305|196|268|4027|1834|178|219|1036|634|324137|11690|164|211|2435|876|33933|5236|27069|4351|49350|6877|204449|11376|3922|2063|2815|1018|0|221|70604|6526|3844|1234|1283|1122|10035|2398|3103|1455|21429|3981|7081|2301|3163|1344|5292|1583|1269|707|13035|3730|1070|976|19913|3285|19780|3284|133|222
0400000US39|585938|13157|94864|6504|14975|2223|369|277|637|331|173|157|921|526|12435|2209|4882|1257|6205|1751|1348|571|440|321|19866|2637|735|316|1512|1239|2296|950|13432|1858|1496|715|395|306|0|208|10367|1834|3074|1031|5682|1341|405|289|62|98|1186|718|20|33|49332|4901|2845|1693|1235|570|2851|1176|1190|636|2126|737|1029|472|1613|706|180|187|363|274|1918|1396|832|532|3367|1048|5325|1513|8853|1949|2974|1382|8649|2028|3982|1198|324|269|242534|6866|54518|4745|35761|4192|30229|3874|2396|1007|3136|1070|6058|1522|12219|2154|480|380|119541|7487|2503|2473|2305|1146|16658|4062|64494|5598|3737|1361|815|367|12635|2728|9550|2632|1600|1212|4598|2188|646|511|42094|4481|1301|867|3692|1983|1281|750|3266|1650|1436|774|15825|2491|828|422|3030|1118|11435|3127|0|208|24297|4045|190|175|153|228|227|273|2310|1030|2716|1424|3059|1553|1820|1002|3250|1132|4731|2057|2885|1074|2122|888|218|185|95|151|521|514|2084|1149|100683|9597|38965|6088|3285|1459|6998|1869|7437|2009|12206|3066|1375|1602|2338|2164|1047|689|4279|2816|7827|3155|4375|2528|971|748|2318|1531|163|188|14169|3560|1877|1043|6386|2770|2098|983|1869|1036|1939|2058|1682|774|1557|740|125|205|33739|5735|0|208|9114|2429|3409|2633|2283|1415|9549|2906|2693|1396|2142|1445|523|513|4026|1589|4301|1791|3365|1347|2256|1217|1929|1122|327|279|157|188|123|124|350|575|479|426|144492|8419|129086|7535|26107|4317|443|269|195|234|2583|1022|40|79|6859|2830|0|208|5442|2175|8151|2565|155|276|161|187|1438|721|179|219|461|369|74794|6301|564|409|1049|595|6218|1748|9014|3155|5976|3014|49063|5988|1328|942|1561|1031|21|39|28185|5045|1313|576|324|260|7529|2487|824|623|4925|1652|2827|2141|1228|565|2571|1000|404|203|6240|2428|0|208|15406|2376|15311|2372|95|157
0400000US40|242754|6490|17713|1969|4800|1051|162|199|32|53|124|161|244|187|3992|958|1832|867|1804|505|356|311|246|249|6068|1090|94|117|0|165|377|310|5162|1124|298|171|137|141|0|165|2229|804|202|183|416|305|365|301|0|165|1246|648|0|165|4581|1054|116|197|33|57|40|66|166|170|0|165|185|142|17|30|188|179|13|22|71|117|0|165|835|515|225|176|1406|613|185|125|995|423|106|117|35|57|67093|3639|14978|1888|10140|1745|8022|1514|1264|670|854|469|876|371|3905|858|57|101|18237|3056|1928|1226|1674|1308|0|165|9057|1866|2215|978|780|1106|687|465|1495|956|285|325|0|165|116|136|29591|2487|3029|1113|557|334|599|460|2740|958|1255|644|5365|1192|204|193|2566|739|13276|2418|0|165|4202|1292|85|143|0|165|0|165|431|464|139|120|125|120|415|399|1041|697|472|338|525|453|734|478|181|169|54|93|0|165|85|137|12388|2682|4280|1510|474|444|739|233|923|439|72|121|0|165|489|580|968|978|615|816|427|414|251|313|0|165|0|165|176|267|1476|1002|0|165|321|276|1058|867|97|166|0|165|416|300|191|141|225|259|5321|1525|0|165|1613|866|184|313|255|304|2787|1273|0|165|0|165|192|219|290|272|468|675|2318|723|595|271|507|252|88|96|0|165|835|659|713|262|175|144|143242|5945|139986|5950|3122|716|148|220|0|165|838|382|0|165|898|520|0|165|0|165|1017|431|0|165|0|165|199|164|0|165|22|38|125505|5041|119|142|153|156|3587|2004|10789|2304|4398|1486|105577|5124|346|286|432|289|104|177|11359|2043|726|410|194|198|1876|900|926|710|1720|668|1049|499|333|400|1838|889|34|54|2645|1082|18|26|3256|906|3256|906|0|165
0400000US41|420943|10840|59809|5083|15488|2219|618|668|1462|607|233|245|202|165|12438|1818|5007|1334|6444|1156|987|439|535|480|14888|1959|345|276|359|278|2771|997|8674|1440|2239|610|500|414|0|214|2150|777|146|199|911|390|543|547|44|73|550|412|0|214|26862|3880|0|214|1304|943|1187|817|795|867|360|282|686|338|1015|569|71|91|197|159|1453|1017|82|133|1231|595|3215|1126|3983|1031|650|484|9175|2644|1458|828|421|688|136821|5098|41863|4092|27516|3557|20938|3406|3040|1094|3538|990|5564|1361|8783|1717|0|214|34731|3884|1923|1076|592|479|685|614|20712|3233|3353|1117|933|519|3967|2512|833|568|159|191|1054|795|520|579|48917|4226|822|592|2123|1434|1073|529|3195|1211|1181|689|15664|2711|1215|655|2387|869|21257|3493|0|214|11115|2871|194|323|809|1101|286|396|2387|1379|1608|821|697|974|836|898|1059|719|552|496|773|800|1600|1327|212|325|102|21|0|214|195|202|15870|3026|7482|1939|609|827|3257|1525|1537|848|1055|979|284|284|0|214|601|577|139|231|791|939|0|214|518|870|46|80|227|365|1476|830|378|434|559|472|352|379|0|214|187|195|1207|569|1163|556|44|83|4914|2059|0|214|2216|1852|246|282|886|687|1068|682|105|181|18|6|244|378|131|159|0|214|8921|1478|3343|837|2573|753|770|376|676|555|1660|972|2584|1168|658|475|199522|7873|184258|7377|6404|1969|144|15|18|32|2542|1106|130|178|1481|1127|0|214|918|676|541|460|0|214|0|214|630|778|0|214|0|214|162824|7440|172|170|1515|970|4217|1483|9532|2963|2407|1683|143225|6920|1491|1288|265|243|0|214|15030|2947|1916|941|111|180|1677|787|1008|552|1702|837|1698|1063|78|131|3803|1324|400|385|2585|1983|52|92|15264|2468|15264|2468|0|214
0400000US42|978173|20568|162645|7666|27964|2999|278|191|4820|1214|525|331|1075|564|21229|2610|9488|1664|9712|1661|2029|820|37|60|25101|2635|1067|500|1310|673|4826|1060|15532|2157|1489|514|640|373|237|219|24026|2764|4516|1369|13442|2089|2895|1042|22|37|2709|1145|464|388|84921|6848|6625|2063|3817|1631|2629|1146|2967|1097|979|472|1679|1177|1728|682|501|341|896|591|796|528|145|179|11677|1868|5971|1846|15199|2519|1521|649|20177|3751|7614|2056|633|529|368302|7665|112356|7145|77703|6035|69191|5731|2760|908|5752|1432|5179|1360|28658|3729|816|624|151025|8426|988|529|12551|3945|7967|2264|93497|6746|4619|1291|1594|750|8564|2425|10642|2770|1722|965|7869|3860|1012|637|74764|6692|1192|507|9164|2353|2290|1086|893|647|1558|623|21319|3148|1603|624|4361|1303|32184|4699|200|275|27252|3903|302|233|870|566|2404|1566|2581|1655|3162|1411|1151|673|654|554|3578|1470|1671|799|5304|2329|3776|1172|385|266|845|1138|569|357|2905|1836|89009|8454|16463|4238|773|848|5574|2713|6045|2645|250|323|1310|974|557|313|269|197|1685|854|5232|3306|1552|1279|213|234|986|756|2481|2796|17727|4074|4688|1640|7316|3005|3383|1158|1498|1265|842|636|3083|1533|2917|1518|166|221|39301|6614|0|190|6493|2919|726|538|13137|4319|9711|2803|382|253|4137|2125|1653|1504|3062|1609|7203|2877|3261|914|2520|877|1818|784|702|410|39|73|0|190|108|104|594|468|354956|16027|336427|15781|165118|14215|836|549|919|760|6711|1936|2191|1193|113164|11763|325|290|11422|3237|22258|3375|508|331|708|494|5433|1802|0|190|643|338|96384|9724|618|493|3969|1750|9670|2653|12645|3967|7989|3227|56183|6649|3880|1921|1430|758|0|190|74925|8404|3381|1179|575|406|15443|4163|2392|1066|12263|2688|15726|4251|5417|2462|8318|2639|788|507|10224|4157|398|370|18529|2240|18329|2224|200|261
0400000US45|273375|10013|51071|4833|11012|2045|231|244|1298|633|169|179|334|248|8724|1715|3134|1249|4508|1244|1082|490|256|242|15804|2540|390|252|398|368|1523|609|11699|2332|1235|638|559|275|0|222|4553|1353|1473|777|1864|930|814|598|0|222|402|323|0|222|19491|3462|724|884|406|377|277|293|583|484|351|315|450|312|630|478|392|391|84|143|1358|626|147|181|1471|913|2936|1759|2739|920|334|343|5699|1872|910|687|211|207|67865|4243|14953|2395|8341|1977|6672|1800|691|558|978|686|2176|853|4436|1438|0|222|30423|3937|70|117|842|695|0|222|24297|3038|1569|827|614|526|0|222|830|577|154|258|1851|1403|196|265|17728|2496|296|307|558|402|283|231|1103|549|0|222|10863|1996|147|189|1756|807|2722|1129|0|222|4733|2133|0|222|42|70|41|66|112|138|548|523|842|511|301|517|206|207|241|248|199|254|1289|1397|677|801|100|165|135|224|28|49|12510|3109|839|616|0|222|0|222|116|172|0|222|335|490|86|140|106|128|196|253|479|539|415|525|64|113|0|222|0|222|1237|569|200|198|243|230|616|536|178|179|0|222|2298|996|2105|935|193|300|6824|2640|0|222|1616|1294|185|314|173|218|2651|1495|408|439|0|222|374|645|1417|1083|833|663|1509|1071|995|673|668|559|327|347|0|222|0|222|435|530|79|144|140420|6864|131319|6818|19016|3752|675|323|32|55|4494|1428|90|173|4693|1639|139|195|872|523|6637|2545|327|461|0|222|806|665|0|222|251|300|84206|6210|93|122|1254|677|4245|1566|8284|2331|11851|3955|57036|5223|686|507|589|341|168|240|28097|3857|1561|883|662|426|5400|1989|853|700|11980|2761|1488|624|563|728|1273|579|272|259|3885|1375|160|201|9101|1620|9028|1622|73|78
0400000US47|392453|15350|38287|4567|10166|2028|230|237|181|122|0|225|208|190|9430|2070|3342|1153|5771|1622|317|269|117|148|12047|1852|495|354|400|432|1215|724|8908|1579|778|449|251|212|0|225|3449|988|708|462|829|372|539|402|0|225|1285|860|88|153|12598|2434|498|700|334|433|2111|1205|382|318|283|378|241|300|663|478|32|50|96|175|0|225|77|131|1536|1019|1880|871|1813|853|197|212|1474|750|981|681|27|47|107648|5642|26529|3061|14829|2109|13323|2081|462|322|1044|584|2249|1012|9078|1972|373|500|33507|4367|4702|3153|1337|929|410|582|22036|3159|2438|1083|137|166|656|538|731|505|0|225|753|832|307|380|33611|4144|4014|1878|356|338|625|436|3527|1307|1505|605|11506|2604|292|293|2497|1424|9289|2578|0|225|13309|3516|266|311|185|248|0|225|5144|2706|353|296|1742|944|1559|875|418|383|1239|896|911|918|1264|698|105|179|123|158|0|225|692|417|45898|8635|10331|2796|431|525|6653|2440|1447|915|155|261|4|11|656|987|149|172|836|735|4547|3728|763|894|2464|2900|1320|1242|0|225|18176|6180|196|244|14688|6042|810|677|1807|1304|675|762|1500|1007|1500|1007|0|225|10009|3448|0|225|1108|590|0|225|451|370|5164|2102|927|1026|0|225|1225|1912|1134|882|1335|951|4075|1637|2402|1241|2200|1194|202|218|0|225|440|542|1115|1059|118|274|196545|9427|184961|9138|16686|3601|374|360|104|183|4551|1638|177|296|3346|1558|0|225|2430|1875|4010|1674|168|291|83|141|926|727|0|225|517|417|140578|8104|85|85|883|606|9645|2728|24821|4565|25756|6310|77354|6616|1154|720|880|782|0|225|27697|6170|771|466|828|673|5484|3381|1067|605|5153|1349|648|483|627|528|2120|1016|125|168|10677|4225|197|183|11584|2665|11519|2632|65|101
0400000US48|5169126|59698|222731|9851|62131|5718|1509|691|5019|2180|2025|986|2177|882|50296|4951|24387|3586|21311|2840|4598|1445|1105|679|60800|4881|2229|1019|1119|605|12892|2689|36555|3683|6077|1967|1710|750|218|259|22092|3287|3046|1079|6120|1785|992|541|0|237|11707|2601|227|230|76103|7323|1870|1101|1897|981|3082|1202|2085|963|641|574|2467|1068|2650|1032|1098|562|258|204|1709|1011|2184|1694|8790|1943|6505|1821|20290|4662|2265|1010|13090|3388|5222|1784|1605|976|1218799|17081|241224|10147|156090|9293|116322|8321|11006|2852|28762|3867|18964|3360|65399|6438|771|675|529100|17713|26876|8046|16830|3585|1048|785|343210|14459|25105|3717|2868|1213|31230|5984|72331|9326|6087|1880|1302|642|2213|1091|352868|12122|10311|2106|12975|3469|8679|2153|7806|2583|9391|2575|105276|8043|3312|1139|17898|2761|177147|10021|73|113|90251|9951|670|506|1908|1064|906|704|18609|5059|4890|1495|8300|2327|4197|1501|9268|1858|7415|2456|4991|2187|18922|7998|6258|2449|933|783|2984|1483|5356|1738|302525|17082|74151|8015|4934|2461|21172|4644|21935|4492|1599|1208|3442|1263|6306|2659|775|423|13988|3876|33528|6537|15987|4770|6419|2481|8361|3807|2761|1621|32614|5232|4454|1512|14401|3713|4620|1493|6884|2870|2255|1218|20428|8118|20263|8120|165|211|135305|11429|194|322|15075|3495|3579|1569|4569|1828|94466|9050|4346|5180|3146|1344|1354|710|8576|2686|6499|2223|14772|3122|9352|2203|7085|1796|2267|1236|856|546|199|316|2604|1809|1761|884|3410299|46677|3352544|46032|134255|12180|2233|1592|1211|632|72993|9278|4415|2745|13174|2489|367|314|4476|2015|16778|3522|1471|1021|0|237|10538|3933|1126|832|5473|1843|2960324|44135|4774|2106|5616|1699|241650|17880|102238|10667|185261|17307|2386805|42853|23833|4638|9353|1806|794|699|257965|16956|14885|2546|4962|2083|25784|3966|6611|1718|63908|7680|14882|3290|3028|1166|19678|4264|2051|921|99836|12061|2340|1168|57755|5616|57057|5611|698|428
0400000US49|292299|10181|25987|3411|6217|1419|66|83|200|194|92|106|214|225|5180|1213|1554|552|3300|967|326|259|465|330|6110|1221|217|170|101|105|1384|624|3219|933|864|471|286|235|39|64|3799|1265|154|115|1285|673|230|229|0|204|2130|1093|0|204|9176|1993|0|204|120|128|1317|705|225|257|0|204|285|235|269|276|0|204|639|750|149|154|0|204|1046|943|448|270|1612|863|462|531|1490|651|1114|719|685|757|62294|4266|20800|3051|12426|2602|10521|2491|817|578|1088|635|2196|935|5322|1662|856|451|13530|2831|137|158|25|43|862|1220|6888|2301|2592|1346|497|595|858|838|1005|682|411|362|132|165|123|194|24131|3850|2952|1804|797|553|760|483|843|592|503|333|7514|2045|109|112|2135|879|8518|2683|0|204|3833|1499|479|439|176|215|0|204|1226|960|86|102|117|168|387|453|51|85|185|144|326|278|760|269|0|204|0|204|40|67|0|204|10247|3135|3538|2144|0|204|865|812|419|478|1263|1719|0|204|197|257|274|255|520|439|1783|1117|0|204|614|539|1169|892|0|204|2788|1905|172|187|1585|1668|193|162|838|801|0|204|1350|652|1350|652|0|204|788|532|0|204|304|282|165|324|49|5|154|214|36|62|7|3|0|204|73|124|0|204|13478|2297|2331|795|1591|597|740|451|513|528|1478|1430|320|308|8836|1961|180293|7436|172283|6980|2832|920|0|204|55|92|475|425|0|204|835|479|0|204|557|486|910|527|0|204|0|204|0|204|0|204|0|204|119932|5781|52|86|849|536|5120|2004|6149|1959|1596|936|105484|5714|281|268|401|442|0|204|49519|5947|3278|1038|937|448|8883|2788|5183|1800|6226|2536|1621|743|90|140|8189|2474|1019|652|13881|3751|212|208|8010|1633|8010|1633|0|204
0400000US51|1105028|19402|97728|6767|25450|2655|1180|679|1540|615|305|210|1557|700|19793|2515|9231|1884|8988|1741|1574|509|1075|598|24288|2748|425|290|891|506|4263|1121|15298|2066|1760|667|1651|774|0|214|12480|1877|2282|766|5691|1498|1269|599|0|214|3173|1278|65|108|35277|4568|3013|2225|2413|1061|1159|642|2140|854|488|421|1042|450|718|319|294|223|477|303|806|609|180|229|2283|648|3588|1190|8955|2123|615|451|4174|1172|2932|1251|233|184|478556|10371|117840|8260|54635|5039|44812|4603|1936|612|7887|2301|9349|2203|51634|4899|2222|1525|200475|11153|27829|4407|11811|3552|614|601|103542|6613|14652|2305|1782|818|14360|3774|21901|4083|1525|1578|1438|819|1021|843|116230|6989|932|563|4532|1716|3554|1446|1277|646|2973|1371|51831|4515|574|412|8324|2285|42118|4346|115|142|41604|5564|678|610|328|349|164|169|10393|3170|2975|1406|2835|1425|1395|593|3621|958|4165|2594|3873|1781|7356|2088|947|673|1666|1105|1208|630|2407|1036|130723|9944|47941|6928|3454|2037|29982|4403|4473|1504|3163|2291|484|567|1519|916|1887|866|2979|2184|8634|2848|4330|1825|1188|831|2361|1036|755|816|27028|5155|622|477|11149|3001|5961|1558|8559|3530|737|552|3856|1177|3712|1145|144|243|39516|5650|517|412|18003|3524|580|475|2560|1476|7841|2965|312|356|7259|2824|1044|867|1400|560|3748|2052|4863|1470|3111|962|2535|824|576|446|568|561|191|162|457|532|536|584|393158|12152|380431|11981|35519|3994|486|422|564|394|6817|1882|100|133|6885|1956|289|310|4328|1504|9889|1957|215|339|354|334|4084|1599|366|435|1142|613|239187|11357|492|594|895|556|103229|8899|27716|5641|36948|5781|54271|5642|7730|2864|7624|2603|282|341|105725|7271|7092|2198|26394|4408|8675|2587|3471|1295|15874|2891|4381|1621|2629|1266|25411|4403|894|470|9822|3436|1082|564|12727|2067|12678|2067|49|81
0400000US53|1188392|19178|161116|10274|28898|3169|956|428|3091|1462|1002|467|1468|589|21288|2791|10579|2032|9376|1698|1333|429|1093|570|28755|3293|1009|445|954|701|4725|1186|17402|2828|3675|1139|950|725|40|67|7414|1906|827|471|3330|1310|595|415|145|205|2564|1059|98|141|95838|8994|730|514|5365|2265|4149|1449|2375|1206|503|334|1059|553|949|534|855|408|362|322|3941|1449|648|786|6028|1658|6600|2178|21734|3769|508|339|37007|7975|3025|1005|211|226|543890|11816|189824|9391|121913|7465|96561|7097|8864|1520|16488|2363|15798|1976|50704|4882|1409|954|148902|9476|4393|1986|2276|1263|374|382|116306|8890|9990|2317|1963|794|2644|1266|6401|1854|572|648|3333|1568|650|362|180019|9249|5081|1942|9753|2271|5770|2506|5169|1686|2889|1016|73053|6173|1056|668|14883|3564|62365|6165|0|214|24786|5815|1117|816|1808|1495|626|474|9124|4701|3073|1482|1314|798|343|386|1193|589|1287|742|692|560|2269|760|236|189|845|915|859|702|359|268|80682|7400|50365|5801|4549|2358|19848|3869|12469|2906|8314|3193|251|263|2184|1248|595|475|2155|1385|2185|1311|351|387|709|749|1125|616|0|214|7571|2383|482|378|4467|1788|1304|1010|763|756|555|464|5315|1949|5215|1944|100|120|14511|4009|0|214|3113|1739|306|373|1673|1186|4180|1547|323|326|178|285|259|453|4479|3060|735|658|22591|3998|6746|1893|4037|1349|2709|1114|1731|883|3399|2132|5696|3283|5019|1681|380113|11980|334356|11507|13286|3989|262|324|0|214|2394|1053|122|196|344|273|0|214|3131|2928|5987|2237|179|270|0|214|627|458|77|132|163|267|289334|12600|53|89|1303|688|9684|2396|13535|4022|10728|4185|250934|11301|753|339|1947|847|397|582|31736|4258|2198|1171|1240|632|11471|2818|1968|672|5238|1650|704|389|0|214|4632|1737|587|570|3372|1978|326|266|45757|3700|45601|3695|156|153
0400000US55|294741|9162|44690|3498|6636|1072|405|212|541|390|169|157|391|278|4877|991|1857|607|2460|554|560|363|253|180|13200|1750|468|291|657|457|1407|666|9560|1490|761|383|333|222|14|23|3442|1034|869|462|1716|626|84|137|0|159|590|524|183|301|21321|2624|1672|1199|762|526|533|497|459|251|447|283|1028|594|688|398|608|332|375|392|51|64|762|963|4078|1074|1725|735|3085|883|623|336|2503|1026|1922|830|91|132|102612|4493|26793|3454|18703|3160|14854|2587|1049|607|2800|1164|1883|666|6014|1619|193|262|30364|4561|960|839|2075|1678|0|159|22651|3972|980|616|270|201|665|550|2344|952|161|146|151|175|107|182|40891|3859|4809|2415|411|310|507|385|10660|2094|681|505|9280|1788|82|113|10153|1752|4308|1538|0|159|3742|1153|0|159|88|145|0|159|342|279|378|230|267|213|1055|653|0|159|394|345|370|269|455|376|0|159|166|261|227|152|822|790|20854|4335|8515|2423|524|740|961|581|2062|1224|3210|1229|418|469|59|102|666|784|615|556|4205|2485|2002|2065|1094|900|683|607|426|594|2368|1162|339|241|558|452|1169|1002|302|479|0|159|2155|1632|2078|1610|77|129|2978|963|0|159|736|496|324|383|169|197|1278|573|58|93|38|65|0|159|375|494|633|689|845|374|669|340|418|293|251|236|0|159|0|159|137|144|39|48|125740|5792|119303|5840|5771|1644|325|384|93|136|331|236|0|159|2515|1149|0|159|930|793|1577|1010|0|159|0|159|0|159|0|159|0|159|99636|5545|121|200|453|347|2288|1187|2916|979|2308|1066|84033|4670|7093|2765|424|310|0|159|13896|2929|1296|663|319|312|2004|917|509|373|1854|580|1366|1015|0|159|3298|1981|144|140|2912|1461|194|247|6437|1232|6437|1232|0|159
04000A0US04|957801|20969|76956|5916|17775|2398|383|349|1544|708|233|155|262|207|15142|2027|5906|1140|8150|1651|1086|459|211|216|21868|2661|538|264|732|358|4297|1276|12968|2131|1873|750|1365|678|95|124|5286|1150|771|375|2024|757|654|568|51|86|1797|717|40|64|31887|4482|757|683|698|636|3401|1399|1578|735|1659|907|2610|915|1233|499|96|112|707|853|362|429|480|387|4285|1298|4535|1507|4098|1554|1055|795|1396|560|2937|1397|140|135|210457|8339|48064|4627|26898|3577|18954|2694|2372|779|5572|2275|8337|1863|12705|2171|124|136|63833|6674|4051|2061|2017|1548|1174|1205|43989|5480|5178|1491|924|624|2052|1409|2384|1254|1012|580|556|437|496|480|70234|4974|2833|1540|2373|1138|1757|831|1410|856|966|507|32936|4438|651|443|3821|1298|23487|4059|0|228|27476|3595|248|207|0|228|27|45|13556|3076|1789|886|2058|942|183|175|2866|1117|2130|1317|1065|552|2225|981|293|278|408|425|628|555|850|510|39553|7474|10828|3496|95|154|3147|2823|3256|1575|928|760|504|670|548|379|189|189|2161|1087|4322|1809|101|169|1611|1117|2223|1379|387|556|7430|3737|45|74|1913|920|1652|1187|3372|3457|448|348|2333|865|2333|865|0|228|10385|3280|0|228|387|409|546|490|2030|1362|5510|2329|0|228|196|317|1253|1780|463|437|4255|3150|4823|1494|2595|1163|1889|1008|706|522|409|515|524|838|289|391|1006|591|626012|17318|590268|17278|22701|4554|0|228|236|321|11495|3141|76|124|2860|1075|53|88|2766|2080|3874|2179|0|228|0|228|1215|867|41|68|85|141|540397|16448|263|373|1614|775|9032|2671|17695|4895|4504|2100|499028|14609|6980|7149|1173|718|108|181|27170|4559|2914|1361|546|385|3361|1111|1735|786|7145|2485|2826|1514|363|266|5458|1639|217|183|2452|1189|153|191|35744|3792|35665|3790|79|119
04000A0US06|10399624|56715|662127|19823|156282|9578|6136|1465|13454|2182|3410|1218|10597|2769|119345|8032|56241|5161|55094|4453|8010|1287|3340|862|144362|7554|5318|1129|5226|1349|40250|5560|69923|4622|15884|2220|7434|1391|327|277|82674|5343|11391|2089|29662|3515|24245|3088|8096|2359|16256|2792|1120|479|277351|12080|2191|929|12757|2742|5077|2084|7564|1631|6540|1574|10852|2123|9310|1454|2869|974|2571|1058|9556|2939|840|591|20541|4380|23879|2819|73029|5925|6108|1975|66059|6900|17608|2364|1458|687|4240488|29987|1384723|25323|963530|20353|683981|18858|105368|5785|174181|9250|95443|6815|319871|14821|5879|2331|981386|23837|60822|7784|23264|4215|282|279|579283|20042|216623|12282|9929|2536|22516|5680|49115|5765|10969|2913|4453|1558|4130|1111|1573177|27574|28631|3811|53404|6062|35594|3849|47603|4016|15793|2065|799350|22509|10515|1708|64762|4731|517142|17253|383|287|293253|15186|78648|6535|6835|2107|3789|1424|44927|7090|33151|4143|16222|3490|7543|2672|28989|3728|5622|1639|30697|5393|21120|2527|3993|1234|8403|3009|3314|1046|7949|2164|203895|13288|58858|6385|5759|2191|20571|3522|16777|3739|1551|970|1576|868|4277|1826|3505|1342|4842|1516|7304|2357|3621|1187|446|470|2012|1866|1225|818|54633|5995|4794|1854|38464|5098|6280|1959|1455|845|3640|1232|20896|2937|20863|2931|33|57|56602|6343|205|227|7465|1998|1769|1207|3191|1343|35868|5785|1369|739|2584|1177|798|1126|3353|1847|5602|2217|78563|5366|28949|2829|23904|2659|5045|1143|31449|4311|1373|1345|1435|918|15357|2867|5214551|40267|5086146|38114|68323|6216|813|290|1285|866|25172|2839|736|923|6914|1966|66|83|7888|2880|14996|2794|611|453|113|187|6777|1895|1003|759|1949|1283|4710055|38520|14532|2683|12480|2258|421675|16205|306244|15274|76441|9057|3803026|37600|64426|6384|9723|2401|1508|564|307768|16493|29131|4116|9147|2091|55307|6373|15014|2505|64219|6958|25959|3430|3005|1102|75032|7385|4101|1340|23741|4259|3112|802|128405|6360|128020|6354|385|248
04000A0US08|545010|15554|75950|6249|16731|2412|474|337|1180|593|415|351|1116|505|12874|2168|4666|1357|7574|1727|634|384|672|500|21380|2725|1356|536|395|325|3380|1288|13950|1859|1471|559|828|433|0|218|4413|1375|566|463|1754|771|303|227|0|218|1790|860|0|218|33327|5136|84|141|1799|1188|1020|451|1464|602|380|281|1995|671|1341|797|268|188|837|621|887|863|0|218|4760|1504|1719|944|7259|1958|149|197|7014|2253|2351|1346|99|170|127594|5673|41359|4025|19245|3177|16172|2971|901|503|2172|744|4337|1227|16825|2895|952|668|41215|4914|3003|1822|407|322|1166|929|23986|3525|4566|1535|358|417|5156|1811|1218|676|213|244|669|610|473|377|36162|3262|1327|725|1069|626|2020|897|2224|950|485|450|11729|1972|220|201|3335|938|13753|2367|0|218|8805|2037|192|242|99|127|0|218|2440|1380|1296|598|832|551|120|132|568|410|218|191|1245|810|1068|622|622|606|0|218|105|168|53|90|47818|5599|22369|5643|2702|1396|15330|4822|1319|639|555|774|0|218|730|635|0|218|1733|1072|3759|1388|835|692|1074|1043|892|720|958|629|4046|1585|582|661|861|878|1277|776|722|610|604|616|2877|1075|2565|1021|312|351|14048|4040|0|218|5388|3161|674|551|1210|1192|1420|877|764|912|309|356|838|801|3445|1872|719|650|5117|1143|4469|1168|3214|945|1255|685|0|218|0|218|239|241|409|385|288531|13478|273463|13053|5248|1362|83|136|0|218|1678|839|0|218|1009|513|49|89|558|420|647|384|0|218|288|485|774|588|48|81|114|119|235536|12361|327|379|755|475|11979|4299|8236|2643|8056|2905|203547|10572|1623|823|1013|569|0|218|32679|5291|3013|1460|216|214|5681|1598|2579|1323|7681|3398|1632|851|313|292|5262|1749|0|218|5904|3021|398|338|15068|2018|15003|2006|65|110
04000A0US09|568311|14569|115853|6119|18547|2259|734|438|2590|874|112|101|794|381|14000|1913|6517|1349|6720|1357|763|431|317|310|13845|1828|371|318|883|485|1840|655|8148|1513|1592|676|1011|432|0|224|32918|3866|2983|1948|16770|2838|10429|2093|294|279|2716|1202|20|32|50314|4233|5937|2206|655|488|2680|1333|1461|894|704|641|863|536|851|397|423|405|493|327|211|220|1185|783|18544|2712|1652|1109|6718|1814|377|359|5700|2326|1860|940|229|266|132776|5182|43315|4251|33106|3787|28557|3773|1569|568|2980|919|2380|979|7431|1878|398|498|56448|5858|4108|1837|4546|2537|194|304|33704|3643|1791|873|231|304|2175|1158|8751|4211|866|646|56|93|26|44|23980|3820|171|188|1127|778|749|438|2230|1115|437|305|10518|2434|62|75|1940|918|6746|1944|0|224|9033|2309|0|224|0|224|314|325|777|620|1346|570|732|437|1043|1481|1445|731|203|205|744|538|1678|847|146|145|478|509|127|164|0|224|33937|5698|6401|3625|0|224|1042|765|245|202|2573|3409|165|153|731|906|580|580|1065|696|1025|786|154|199|283|400|299|499|289|367|6385|2478|253|271|2363|1738|1597|781|988|1136|1184|754|1798|853|1798|853|0|224|18092|4214|2815|1655|8255|2633|0|224|526|457|3799|1965|0|224|483|506|473|481|1741|1260|236|230|1804|799|1804|799|1182|672|622|479|0|224|0|224|0|224|0|224|283941|10605|271014|10441|102139|8959|411|634|1084|611|2279|1081|865|701|31227|5100|252|381|13400|4036|45683|5772|1632|869|140|161|3643|1278|685|915|838|671|67901|7759|0|224|2916|1546|6487|1901|21245|5286|9524|4490|25619|4489|1235|1004|875|474|0|224|100974|9290|3559|1428|214|213|26387|4784|3476|1495|17659|3994|27038|4629|3333|1159|12506|2871|1079|814|5134|2114|589|430|12927|2044|12600|2014|327|231
04000A0US12|4806504|41969|431994|15072|98787|7014|1324|756|9710|2204|2086|739|4036|1016|78611|6631|35643|4682|37162|3632|5806|1267|3020|1169|94435|6385|3664|1140|4266|1992|21235|3470|54125|4312|6263|1311|4454|1775|428|573|66421|5795|9558|2658|28743|3748|7811|1781|400|361|19247|2847|1062|796|170875|10360|8397|2397|6149|1858|7131|2374|6793|1860|2839|966|7413|2179|9514|1857|1067|575|1793|827|5123|1583|1307|1061|21943|2728|15645|2644|30147|4256|4113|1228|30256|4179|11245|2318|1476|828|513841|13473|90001|6951|64448|6228|51545|5524|3945|1026|8958|2343|7544|1706|18009|2911|0|239|161225|10160|2897|2568|12485|3383|62|104|102568|8256|12811|2384|4302|2528|1457|740|18855|4507|2276|959|2591|910|921|625|187796|9796|3245|1455|4612|1391|2635|1147|4282|1441|2576|915|93847|6753|910|444|15504|3487|60068|7464|117|167|69789|7510|591|598|1309|739|1125|651|4788|2862|14734|2432|4580|1890|3780|1697|8827|2469|8615|2815|7787|3001|11155|1962|1165|704|228|375|1105|796|5030|1663|91136|10617|17380|3676|508|438|4420|2502|4066|1332|120|198|1697|729|783|474|2118|1179|3668|1428|4697|1586|2381|1233|768|669|491|405|1057|805|33230|5478|762|322|18996|3948|9486|1970|2495|2428|1491|794|14826|3777|14608|3777|218|224|17913|4349|766|648|3962|2493|767|521|753|528|8461|2575|932|762|887|714|258|433|1127|709|3090|1575|8312|1697|6078|1285|4485|1113|1593|684|89|146|400|447|490|463|1255|720|3761221|37295|3643689|36295|1834479|30410|19898|3846|5814|1653|982362|21485|4811|1624|152413|12483|2654|1140|371960|21197|226599|10702|4103|2135|1545|763|46896|6107|2008|997|13416|3443|704433|23836|4260|1804|18168|3630|61141|8778|114285|12512|113680|9713|248335|14014|118339|8945|25653|3782|572|493|1104777|32326|56894|6404|11111|2562|141113|12545|23571|3466|314649|15532|59337|6418|40169|5046|107522|10844|14558|3507|328725|19506|7128|2178|117532|7703|115965|7804|1567|748
04000A0US13|1139100|23761|85099|5655|23446|3124|803|802|1475|711|185|185|684|379|19133|2722|9294|1803|7924|1781|1915|793|1166|623|21169|2569|815|459|415|279|3986|995|14537|1980|1122|587|294|240|0|228|8032|1870|1591|813|2246|793|1440|1049|108|130|2673|895|82|131|32058|4176|438|497|489|380|4657|1863|540|420|630|465|763|438|774|502|436|598|251|350|502|415|365|353|3179|1070|6880|2281|3748|968|340|282|5455|1953|2611|1073|394|414|352800|9313|107631|7380|52609|6250|44651|5618|2152|998|5806|1627|7324|2061|47475|4800|223|207|139488|7321|3949|2468|5320|1253|620|513|105983|6541|6989|1786|1608|811|2242|1083|11450|2664|791|655|399|288|137|225|88110|5577|4527|1954|2984|1197|2143|840|3874|1329|1359|651|20121|3030|711|422|3831|1118|48560|5297|0|228|17317|5210|217|354|326|456|83|122|2741|1124|2652|1067|1295|1534|1954|2514|2176|983|1523|1010|913|666|2435|1189|805|503|0|228|197|176|254|194|136098|10842|44061|6566|1341|1089|23022|4570|7859|3104|2821|1578|1816|1344|1970|1435|1011|615|4221|1358|6852|2424|3186|1356|1069|933|2326|1560|271|294|8589|3951|1129|765|3740|2065|1536|1160|1837|2040|347|291|7478|2688|7151|2601|327|383|66134|7469|0|228|10724|2672|2580|2923|6072|2473|35778|5271|1819|1042|2006|1191|1537|1117|5618|2290|2984|1249|4698|1850|2756|1034|1647|708|1109|711|57|97|90|153|1479|1210|316|436|560405|16692|544595|16561|132987|11936|3037|1586|2338|1220|12186|3208|847|645|12381|3419|1015|651|26340|5471|56832|7935|824|562|1616|1047|10000|3009|496|412|5075|2801|313334|11859|1581|771|2117|895|29706|4874|46634|6585|23128|4780|203619|9999|3481|1756|3068|866|0|228|98274|8736|1567|641|602|450|17035|4200|1790|852|22529|2955|6219|1963|8709|2318|10013|2455|3665|1890|25480|5786|665|529|15810|2425|15282|2393|528|468
04000A0US17|1799902|22915|363817|13062|27130|2998|563|380|5352|940|760|381|1090|553|18793|2714|9129|2012|8381|1522|1283|753|572|458|29725|3158|2090|746|801|339|5143|1823|19269|2449|1380|491|1042|743|0|206|34701|3510|12433|2563|18405|2953|725|558|107|132|3138|1230|0|206|270908|11886|7045|2791|4777|1775|11071|2860|13464|2655|4809|1507|3373|1180|2248|851|2136|778|9820|2204|7703|2437|4680|1602|120335|7516|15404|2842|14842|3322|7682|2391|33472|5612|8047|3011|1353|688|559425|11721|136541|6584|86749|6074|72682|5577|5150|1257|8917|2005|9624|1802|37565|4116|2603|1032|231485|9732|2430|1526|5829|2330|257|308|173478|9928|8643|2100|1594|835|3860|1271|29688|4637|2065|1616|383|342|3258|1614|130767|8794|3455|1541|2452|1480|2084|1142|3226|1318|3002|1856|91953|7526|900|522|5264|1634|18431|3401|0|206|52279|6541|132|217|860|638|285|291|13341|3024|3890|1326|8225|2192|1938|783|3378|1421|4039|1682|8130|3053|5271|1482|1292|1033|1228|1051|270|186|8353|2295|74359|8165|17099|3582|721|516|5069|1955|4036|1461|1043|636|2530|1795|958|486|706|623|2036|864|5071|2167|2371|1746|292|282|1845|1457|563|736|11924|3238|2634|1784|4801|1769|2970|1645|0|206|1519|1501|3873|1506|3830|1508|43|67|34024|6135|0|206|6018|2041|572|559|869|617|22492|4495|347|378|344|441|749|569|2633|2781|2368|1319|4187|1451|2254|871|1883|799|371|342|241|239|0|206|288|479|1404|1157|798114|14296|780658|13974|25075|3439|182|177|215|190|6869|1707|0|206|3835|1566|0|206|5217|1933|6827|1811|242|289|0|206|1467|772|221|268|0|206|678896|13995|7055|2197|722|377|11707|2839|22425|3577|13598|3140|617932|14059|3441|1412|2016|1468|0|206|76687|8545|2803|1002|1570|822|9103|2337|2814|1141|22723|4700|14356|3591|757|531|6383|1560|603|521|15347|4650|228|202|17456|2559|17329|2566|127|132
04000A0US18|408486|13867|38320|3591|7382|1438|406|509|551|366|167|175|332|437|5647|1231|2149|762|3026|838|472|249|279|368|9216|1484|125|148|403|327|945|544|5554|1249|1419|639|770|507|0|207|2668|973|631|342|896|455|383|494|0|207|758|515|0|207|19054|2927|144|170|258|296|1345|866|599|366|860|524|74|86|453|224|242|296|221|201|236|274|1079|606|3781|1384|1389|823|3088|904|2580|1587|2289|891|416|308|0|207|127759|5508|30765|3371|20933|2805|17041|2578|627|464|3265|1212|3813|1250|6019|1449|0|207|47259|4703|2248|1829|1411|727|0|207|36613|3950|1747|1269|6|12|542|446|4164|1799|458|407|0|207|70|119|41182|4434|15755|2893|414|406|1452|699|1329|831|1762|958|10358|2605|185|170|5196|1686|4731|1466|0|207|8343|1974|91|154|127|149|54|90|437|358|268|273|1229|935|1046|803|986|586|1414|819|707|587|1022|691|257|344|67|91|638|531|210|204|58660|8863|13492|4309|1174|899|3574|3044|1939|1198|440|712|845|888|1544|1823|861|530|3115|1853|10864|4950|1925|2160|2397|1459|6012|4210|530|453|4614|1973|891|651|2279|1435|312|367|948|1052|184|226|1876|955|1876|955|0|207|26362|5594|0|207|1603|956|115|215|1654|1383|17412|4903|2428|2021|264|257|153|165|2733|1351|1452|1109|2280|1273|1632|1180|1014|906|618|529|0|207|103|153|50|84|495|424|181467|8965|173573|8930|16569|4125|160|159|551|775|1456|791|0|207|4047|2800|0|207|8796|3081|704|488|416|527|87|149|346|386|0|207|6|14|136558|8184|298|483|788|522|6421|1752|12224|4229|10109|2729|102205|7133|1335|733|1986|1451|1192|1471|20446|3350|1098|552|746|775|3915|1296|59|104|5046|2039|1127|677|372|380|1715|958|12|22|6287|1870|69|87|7894|1864|7889|1862|5|11
04000A0US24|1026725|21172|88121|5810|18097|2219|510|293|886|471|748|420|511|304|14988|2188|7725|1841|6094|1308|1169|580|454|401|19161|2444|506|239|897|498|3789|920|11597|2042|1126|520|1019|591|227|369|11654|1903|1772|609|4577|1159|1897|813|0|224|3371|1289|37|61|38991|4572|999|770|1824|1032|622|412|1907|1165|90|150|1847|747|1147|825|879|441|28|46|916|1382|192|276|3083|997|3557|1479|10556|2247|693|596|7446|1996|3205|1309|218|275|314316|7511|96872|6023|60059|4604|47679|4442|4287|1088|8093|1539|4685|1799|31991|3949|137|229|125409|8170|4356|2154|10326|3504|539|808|63768|6299|15414|2602|847|564|12202|4516|13867|3594|1955|895|1802|1368|333|298|72418|6330|3627|1337|1194|621|3984|2053|359|315|1357|713|39770|5162|561|445|4100|1410|17427|2897|39|66|19074|3522|611|602|762|475|241|316|1262|868|4080|1462|1800|1650|593|349|1589|1208|1005|617|1260|990|3808|1424|1031|860|105|183|927|735|543|404|214286|15152|65629|9840|5378|3333|40192|7337|7601|3064|41|69|3028|2385|3811|2521|2746|1799|2832|2780|27854|5709|24258|5480|192|231|3097|2079|307|239|9333|2623|501|436|4198|1446|1900|964|2344|1638|390|264|5815|1998|5144|1810|671|620|101649|11333|0|224|21077|4116|3481|1583|5422|2059|50786|7014|2741|1203|10074|3211|2762|1819|5306|2386|4006|1460|1867|852|1383|646|1242|594|141|170|89|105|0|224|0|224|395|471|408135|12889|399433|12439|75347|8075|777|568|853|621|3144|1149|188|243|13629|3576|1108|681|9219|2918|29229|5458|189|216|292|320|12600|2831|1905|1117|2214|1350|245521|10449|1120|1264|1237|526|121519|8884|42320|6837|34599|6689|36066|5005|5202|1763|3458|1534|0|224|78565|7941|4760|2210|9790|3282|14388|3849|2262|1043|10131|2601|6918|2916|7914|2405|14997|3341|185|165|6691|2944|529|353|8702|1741|8304|1648|398|369
04000A0US25|1258180|21146|215539|10352|34519|3511|540|374|10890|1611|405|235|1099|521|20803|2956|9487|1779|9614|1904|1702|849|782|482|24539|2913|611|389|1418|617|6715|1586|11894|1848|1764|546|2137|853|0|222|75180|5740|9723|1907|15049|2682|46645|4328|8155|1706|3716|1375|47|79|80761|7108|14613|3480|1942|883|2397|1960|2943|1134|499|425|1964|779|1085|572|1232|706|1210|884|2338|1497|540|557|9240|2139|3020|1083|19366|4049|2233|1871|12329|2913|3810|1235|540|470|380855|8502|143969|8012|115622|8041|96418|7371|8497|1904|10707|2361|8119|1884|20117|3041|111|120|114041|6865|2426|1771|2779|949|688|696|82035|5923|6954|2080|535|311|7602|1738|7025|2175|2249|1223|853|660|895|427|84753|6568|2322|977|18501|3560|1716|826|4724|1928|1656|848|9003|1907|1998|773|7708|2576|37125|5234|0|222|37571|5286|2503|1692|1642|992|948|1533|4968|2458|8931|2787|1282|899|695|609|5596|1567|784|483|3129|1156|6002|1659|390|318|0|222|701|505|521|386|118511|8995|28676|4639|1125|873|5673|1671|9803|2862|1059|994|1505|990|6504|2433|614|419|2393|1393|5790|1627|3027|1441|0|222|861|443|1902|827|21006|3661|1844|836|6584|1972|11342|2826|401|406|835|712|2823|1047|2823|1047|0|222|57840|7017|31727|5736|13619|3493|310|305|1116|640|7490|2292|559|700|1529|1022|268|386|1222|742|2376|1272|3313|1236|2985|1195|2129|1052|856|580|95|125|0|222|0|222|233|267|539962|17736|514357|17903|208140|11886|101|125|2507|1099|3164|1000|3146|2859|103902|7177|641|571|60505|7677|23092|4120|200|195|396|374|7547|3054|374|348|2565|1075|116611|8968|0|222|3794|1753|42384|6858|36703|5368|14792|3913|15492|2598|1028|511|1160|652|1258|808|189606|12525|4349|1334|941|1042|113393|10801|5030|1605|36928|5068|13144|3342|1154|652|7263|2159|2485|1253|4557|1538|362|237|25605|2713|25019|2618|586|481
04000A0US26|679745|16905|112588|7139|16770|3558|501|351|1512|718|1703|2570|747|450|11879|1830|5611|1355|4943|978|1325|515|428|254|19901|2368|1150|560|573|302|1773|519|12743|1779|3499|874|163|208|0|184|12318|1840|3137|858|7764|1478|131|111|20|31|625|336|661|397|63210|5886|13880|2811|1119|717|5255|2307|1129|545|541|334|1716|970|1195|592|340|246|371|282|281|220|3009|1322|8424|1559|6553|1658|5773|1389|459|364|6717|2066|6448|1408|389|407|370189|11645|67990|4804|37791|3841|31950|3766|2197|798|3644|908|10609|2099|19438|2671|152|235|123427|7266|938|686|22870|4090|1439|1118|80338|6190|4524|1210|365|503|1773|868|10438|2472|414|365|226|242|102|167|45613|4212|4465|1644|1951|959|1563|575|2357|950|1533|640|20039|2469|396|269|2035|736|11172|2468|102|171|131288|9514|740|914|675|782|0|184|53605|6608|986|443|3991|1460|786|503|26163|3404|2166|982|7792|2595|1915|996|1002|712|29925|6129|1542|1042|1871|874|39672|5828|12124|4519|568|564|1672|1167|2303|1047|1677|1695|111|99|572|594|328|274|4893|3974|5737|2485|1002|789|1769|1422|1904|1156|1062|1120|7907|2019|954|874|3015|1210|1634|1022|248|186|2056|1224|1435|723|1249|678|186|307|11705|2931|0|184|2121|1938|1630|1041|164|160|4944|2074|1535|1054|321|243|0|184|990|732|764|563|2348|896|2287|883|1705|808|582|377|0|184|0|184|0|184|61|115|154948|7077|123194|6854|13294|2744|0|184|107|132|5213|1906|0|184|1563|704|0|184|1060|680|3906|1496|130|217|91|148|1014|548|36|71|174|203|90458|6094|307|388|1246|753|1622|1046|9678|2797|6344|2393|69958|5314|735|530|568|407|0|184|19442|2841|1785|712|242|165|5061|1674|749|444|4597|1409|931|482|617|528|2126|888|228|203|2585|963|521|394|31754|2878|31693|2892|61|106
04000A0US27|484174|12487|43023|3650|8623|1389|743|519|1018|411|398|203|508|333|5870|1195|2433|902|3002|701|435|302|86|81|9318|2040|412|277|393|314|1391|625|5913|1795|810|339|399|244|0|157|2556|876|286|276|399|213|198|178|23|37|1673|790|0|157|22356|3011|143|222|1271|721|1015|552|563|442|118|175|759|677|652|403|769|574|240|342|2482|1107|0|157|1178|509|870|486|6157|1370|97|127|5530|1806|512|447|170|262|177873|7426|28541|3168|14910|2334|11632|2209|1024|479|2254|758|1811|579|11642|1907|178|246|45667|4736|2261|2309|1377|623|752|641|29846|3894|3038|1482|258|214|3748|1886|1721|708|1620|686|576|727|470|479|95012|5984|11891|3174|7423|1982|494|385|22847|3057|1282|584|10544|1853|205|181|19005|2989|21321|2883|0|157|8483|3180|31|51|79|145|0|157|3481|3010|415|282|466|377|197|162|656|464|862|647|293|311|1080|676|72|89|651|763|200|240|170|198|146001|7927|94555|7790|2600|1349|24400|4559|17755|3698|44762|6023|1419|932|1092|619|401|662|2126|1204|6415|2537|5954|2480|107|137|354|281|0|157|7919|2585|74|120|4765|2351|1027|563|1822|945|231|199|592|359|446|316|146|131|32476|4851|0|157|2773|1153|624|634|12319|3388|10430|3167|257|182|1529|921|808|726|3736|1670|4044|3001|2534|1392|1569|1203|1464|1194|105|109|102|172|125|134|13|28|725|689|114743|5840|103429|5597|4120|1034|255|297|189|201|937|452|0|157|469|406|0|157|354|337|999|557|0|157|0|157|147|178|0|157|770|558|73487|4756|192|231|340|268|6826|2232|4680|1296|3000|1190|57411|4383|581|465|457|334|0|157|25822|3374|1021|447|26|34|3063|1011|1135|621|4065|1214|9520|2866|2044|809|1355|592|541|607|2619|1184|433|337|11314|1886|11210|1896|104|121
04000A0US29|240275|9011|38956|3664|5677|1191|394|277|325|234|9|15|149|178|4800|1112|1295|535|3072|914|433|239|0|195|8269|1705|216|186|273|296|441|297|6563|1462|614|381|162|269|0|195|2552|757|340|280|1400|656|128|158|0|195|684|403|0|195|22314|3150|1284|1085|732|654|6886|2016|1222|1099|617|388|584|482|123|158|53|88|184|214|721|534|0|195|773|495|2429|856|2405|794|169|219|3355|1298|777|534|144|203|96444|5271|26225|2809|15029|2324|13423|2278|516|395|1090|472|2109|992|9087|1668|0|195|33676|4032|920|878|1131|681|0|195|22964|3181|1522|895|179|108|1491|1059|4133|1322|1020|772|108|140|208|259|27214|3173|1394|767|1453|937|493|446|975|898|1211|628|11275|2561|217|205|2188|744|8008|1941|0|195|9040|2994|70|119|0|195|91|150|2334|1506|860|642|665|620|1005|1071|123|155|1305|1027|1865|1081|645|370|77|101|0|195|0|195|289|200|26023|4484|10110|3137|96|114|2597|1091|5943|2562|704|808|0|195|403|389|193|323|174|195|3462|1820|289|282|1609|1599|1440|925|124|186|3556|1483|0|195|854|651|528|682|1668|917|506|467|758|619|758|619|0|195|7344|1941|0|195|483|308|0|195|859|822|4391|1504|311|526|229|238|201|316|870|716|793|680|2376|680|917|503|562|370|355|307|77|103|0|195|869|482|513|344|76476|5076|71896|5233|8930|2194|390|323|0|195|3153|1337|0|195|714|552|0|195|1194|905|2895|1410|0|195|0|195|511|392|0|195|73|121|55233|4726|106|116|453|400|4599|1980|8864|2439|6942|2513|32980|3341|762|467|507|347|20|46|7733|1725|476|600|539|466|2075|1013|348|383|1987|647|467|362|117|110|880|575|0|195|811|435|33|6|4580|1133|4541|1134|39|27
04000A0US32|600099|13658|40639|4089|10304|1927|256|219|774|385|321|271|614|413|8295|1716|3483|923|4446|1339|366|233|44|74|9035|1400|543|331|183|219|2254|859|4661|1062|650|556|744|455|0|228|3772|1037|429|466|2017|749|395|407|8|13|887|494|44|89|17195|3121|0|228|561|599|2104|1736|1492|980|716|531|313|270|624|366|533|451|293|255|282|238|50|85|1420|716|2182|1038|3772|1518|425|458|1288|708|1140|592|333|413|196387|6583|42740|4111|27142|3217|18407|2783|3067|898|5668|1342|4075|1237|11523|2201|0|228|22175|4265|1358|888|807|772|223|371|8686|2717|7036|2119|80|137|499|405|1626|933|744|627|492|439|624|777|121903|6982|78|94|1131|715|1513|739|1421|823|989|591|98541|6904|172|285|6953|1628|11105|2833|0|228|8820|2532|1357|979|160|277|170|210|1284|944|1301|765|464|385|245|190|1664|739|339|402|1021|1089|499|385|40|61|0|228|276|266|749|560|17095|3814|12166|3550|145|184|8599|2789|1332|1029|398|651|0|228|682|974|664|985|346|367|43|80|43|80|0|228|0|228|0|228|2590|1201|200|203|969|666|996|851|186|259|239|243|439|379|439|379|0|228|1833|1134|0|228|103|124|0|228|0|228|1043|776|0|228|307|498|380|603|0|228|24|52|3868|1203|1875|782|1588|751|287|218|288|275|0|228|291|314|1414|1215|342110|10114|330145|9805|36671|5556|0|228|83|99|30808|4986|0|228|1861|1020|0|228|947|828|818|567|0|228|0|228|1246|925|0|228|908|912|273050|11113|1448|898|1417|788|26019|4363|13594|3446|5946|2731|218111|9968|5889|2552|626|428|0|228|20424|4164|2398|1256|874|479|3451|1260|1218|619|5049|1986|609|455|190|164|4857|2092|101|121|1441|895|236|249|11965|2267|11965|2267|0|228
04000A0US34|2181082|26200|281549|12857|34279|3737|453|348|8384|2822|690|476|1357|624|22794|2687|10818|1753|9516|1809|2460|854|601|381|31658|3552|2415|911|1452|791|4936|1510|19151|3298|2753|975|836|491|115|177|77489|5101|8348|1709|29303|3281|28822|3568|237|182|10928|2319|88|104|137536|10023|5904|2461|4233|1722|2472|1450|2141|980|1758|697|4667|1456|4497|1520|2317|1440|1892|1023|3166|1325|4633|1675|44146|5401|5601|1683|18412|3156|1339|536|23006|3778|7352|2314|587|366|703639|12169|187826|8069|107646|6089|80962|5296|9607|1688|17077|2664|12585|2743|67595|4604|0|225|335888|11167|2670|1086|16867|3459|24|42|270000|10372|5837|1696|1016|499|4928|1794|24265|3554|5176|2195|3523|1602|1582|902|112062|8292|1078|982|2486|1511|1670|870|120|115|2637|832|84196|7069|1443|645|1974|892|16458|3153|0|225|64649|6930|792|464|1103|770|3460|2099|1214|654|13670|3853|3905|1316|1325|785|5982|2179|2173|909|7033|2812|19460|3730|1415|766|989|995|2128|926|3214|1051|126173|10144|13161|3248|1123|1272|1835|1031|5315|2080|0|225|651|477|1338|682|363|276|2536|1462|3375|1432|969|1074|0|225|802|640|1604|837|41107|5953|2094|926|30926|4980|6992|2323|603|388|492|371|3760|1208|3680|1184|80|134|60575|6640|246|242|18488|4170|215|304|6236|2295|27229|5642|1500|996|2130|1716|728|722|3803|1861|4195|1763|2355|869|1884|725|1770|711|114|129|75|126|82|134|0|225|314|321|1067366|23160|1048059|22805|388456|16654|1353|625|3268|1464|44294|6342|3260|1604|213590|12425|2551|1355|48118|7832|45648|5702|366|323|1021|1004|20293|4297|975|642|3719|1401|275590|12768|723|465|17735|3828|49749|6640|50336|7219|35462|6589|108984|8242|8223|2567|3842|1587|536|854|384013|17146|10113|1937|3649|1530|50673|7249|5180|1770|96987|7867|105906|8628|29264|5743|57809|6766|8650|2963|14018|3220|1764|1120|19307|2688|19259|2679|48|79
04000A0US36|4441273|38998|648306|16918|89597|5003|2811|1134|24997|3792|3215|2477|3579|950|53264|3992|28333|3392|21357|2887|3574|970|1731|707|83300|4830|4398|1055|4955|1873|26190|3851|37497|3085|5012|1537|4999|1564|249|267|133066|9120|27400|3870|77824|6628|9924|2459|0|217|16233|3465|1685|1061|338367|13218|23944|4834|17184|3104|7292|1889|6171|1302|5348|1499|5732|1428|9218|2080|3222|1615|3387|1402|5511|2149|2145|1280|52287|5159|13116|2898|62788|5782|4628|1619|82800|7613|33594|5319|3976|1809|1326379|19075|600336|14725|489408|15008|422617|13833|39464|3824|27327|3000|28368|3111|82397|6990|163|182|427767|17838|9815|3488|117852|8773|3315|1382|146289|10225|16064|2839|9103|3020|18700|3947|62839|8477|6610|1957|29310|4567|7870|2289|169640|8476|16367|3759|3520|1361|8952|2134|2064|1072|9741|2770|88422|6015|3447|1094|12343|2129|24470|3746|314|293|122408|10564|5119|2160|3746|1517|15141|4279|5019|2185|28214|4097|5639|1904|3794|1566|7427|2260|2812|1032|8563|2922|19046|3639|1821|729|12663|4539|3404|1045|6228|2321|241220|15839|28008|4763|1035|781|6828|2116|4618|1308|3342|1444|1747|1098|1476|1384|3049|1710|5913|2038|10568|3532|2252|1089|4318|2804|3459|1697|539|340|51400|7994|2995|1327|29540|5148|10100|1822|3854|2424|4911|4155|9326|2055|9161|1996|165|206|133107|11019|540|624|40774|6894|8869|3325|3990|1666|36563|4999|9517|2779|3337|1654|4537|2763|24980|5363|8811|2591|13578|2967|11948|2692|10422|2555|1526|638|90|149|0|217|0|217|1540|1395|2211790|29028|2154005|28302|1047088|26121|1572|787|20440|2897|17986|2686|7922|2592|502068|22406|18697|3412|119786|10748|223844|13202|10799|3097|11216|2625|88017|7442|8447|2621|16294|3245|480629|15877|7048|2091|6732|1875|101030|8399|67292|8229|55851|6814|217712|14133|9224|3025|15740|2535|0|217|626288|17155|20051|3042|3706|1492|30303|4003|9464|2334|121915|7463|177286|11362|165833|10070|57677|6458|7343|2534|23631|3457|9079|2775|57785|4425|57466|4413|319|271
04000A0US37|888096|18597|107765|7204|29469|3093|1083|623|1530|585|313|254|2398|1287|23112|2691|10033|1815|11251|1844|1828|932|1033|884|25320|3375|801|498|638|365|4565|1848|16085|2978|2504|963|306|215|421|402|10112|2168|2057|836|3328|987|1012|517|25|40|3643|1580|72|140|42159|6163|578|583|1846|1065|1791|1380|1028|710|274|216|1042|488|1676|1102|1156|632|605|465|1001|596|0|221|3339|1160|3283|1326|11327|2465|675|592|8270|2934|4268|2213|705|562|254315|6827|54670|5064|33719|4065|28170|3632|1727|955|3822|1241|5178|1461|15773|3595|0|221|110413|7076|5251|2924|1289|835|357|473|85403|6195|4666|1763|890|611|6062|2036|5528|2016|191|231|354|373|422|456|72064|6424|5365|2002|816|529|1400|811|5797|2123|1119|563|20241|3830|587|384|9253|3917|27486|4951|0|221|16111|3641|289|228|168|164|474|403|590|411|1337|669|1001|593|945|755|2092|1561|779|559|1723|1318|2793|1139|490|388|3060|1617|370|262|1057|699|75809|9118|14536|3280|2648|1633|3736|1719|2034|1161|1609|1160|134|172|664|448|2099|1292|1612|908|9637|3594|625|455|3771|2517|4572|2150|669|880|12473|3171|1500|978|5142|2008|3277|1571|2187|1648|367|352|3747|1113|3456|1046|291|297|29363|6053|138|220|4296|2239|853|594|5307|2360|11495|3720|859|954|1783|1210|1215|902|3417|2120|6053|4843|3989|1187|2661|1011|1088|455|1573|972|52|87|20|35|400|439|856|425|446218|12115|426859|11154|51318|5483|1172|1115|1748|1492|9621|2441|2070|1601|12204|2728|102|166|5346|2004|13387|2782|305|305|196|268|3953|1832|178|219|1036|634|305961|11392|164|211|2408|875|32715|5327|24368|4462|47038|6707|192620|11214|3833|2059|2815|1018|0|221|69580|6580|3817|1233|1283|1122|10008|2404|2885|1425|21192|4036|6982|2250|3104|1345|4949|1594|1269|707|13021|3731|1070|976|19359|3255|19226|3254|133|222
04000A0US39|583940|13114|94436|6487|14788|2164|369|277|637|331|173|157|898|521|12271|2159|4868|1247|6133|1747|1270|539|440|321|19750|2634|735|316|1512|1239|2296|950|13334|1857|1478|717|395|306|0|208|10367|1834|3074|1031|5682|1341|405|289|62|98|1186|718|20|33|49207|4905|2845|1693|1221|567|2851|1176|1190|636|2126|737|1029|472|1571|702|180|187|363|274|1918|1396|808|530|3367|1048|5325|1513|8853|1949|2974|1382|8604|2020|3982|1198|324|269|241972|6870|54295|4732|35619|4184|30087|3860|2396|1007|3136|1070|6016|1515|12180|2162|480|380|119525|7489|2503|2473|2305|1146|16658|4062|64478|5595|3737|1361|815|367|12635|2728|9550|2632|1600|1212|4598|2188|646|511|41771|4475|1267|857|3692|1983|1281|750|3266|1650|1436|774|15581|2484|828|422|3030|1118|11390|3094|0|208|24297|4045|190|175|153|228|227|273|2310|1030|2716|1424|3059|1553|1820|1002|3250|1132|4731|2057|2885|1074|2122|888|218|185|95|151|521|514|2084|1149|100683|9597|38965|6088|3285|1459|6998|1869|7437|2009|12206|3066|1375|1602|2338|2164|1047|689|4279|2816|7827|3155|4375|2528|971|748|2318|1531|163|188|14169|3560|1877|1043|6386|2770|2098|983|1869|1036|1939|2058|1682|774|1557|740|125|205|33739|5735|0|208|9114|2429|3409|2633|2283|1415|9549|2906|2693|1396|2142|1445|523|513|4026|1589|4301|1791|3358|1347|2249|1216|1929|1122|320|279|157|188|123|124|350|575|479|426|143491|8446|128258|7556|26058|4318|443|269|195|234|2583|1022|40|79|6859|2830|0|208|5442|2175|8102|2565|155|276|161|187|1438|721|179|219|461|369|74045|6300|564|409|1049|595|6218|1748|9014|3155|5969|3012|48321|6011|1328|942|1561|1031|21|39|28155|5038|1313|576|324|260|7522|2487|824|623|4925|1652|2827|2141|1228|565|2548|1000|404|203|6240|2428|0|208|15233|2381|15138|2377|95|157
04000A0US40|228943|6281|17163|2012|4625|1061|162|199|32|53|124|161|244|187|3817|956|1733|868|1728|499|356|311|246|249|5827|1084|94|117|0|165|361|312|4948|1112|298|171|126|140|0|165|2193|802|202|183|380|300|365|301|0|165|1246|648|0|165|4483|1064|116|197|33|57|40|66|166|170|0|165|185|142|17|30|188|179|13|22|71|117|0|165|835|515|218|175|1385|616|167|121|943|436|106|117|35|57|64548|3626|14363|1821|9715|1688|7597|1451|1264|670|854|469|849|373|3742|848|57|101|18026|3071|1928|1226|1674|1308|0|165|9053|1867|2008|925|780|1106|687|465|1495|956|285|325|0|165|116|136|27918|2467|3029|1113|498|329|581|458|2543|913|1255|644|5014|1165|204|193|2122|710|12672|2320|0|165|4156|1290|85|143|0|165|0|165|431|464|139|120|125|120|415|399|1041|697|472|338|525|453|688|473|181|169|54|93|0|165|85|137|12162|2705|4280|1510|474|444|739|233|923|439|72|121|0|165|489|580|968|978|615|816|427|414|251|313|0|165|0|165|176|267|1441|1001|0|165|286|267|1058|867|97|166|0|165|416|300|191|141|225|259|5130|1501|0|165|1613|866|184|313|64|114|2787|1273|0|165|0|165|192|219|290|272|468|675|2236|718|582|270|494|252|88|96|0|165|813|653|666|251|175|144|132834|5706|129929|5701|3058|717|148|220|0|165|818|381|0|165|898|520|0|165|0|165|973|424|0|165|0|165|199|164|0|165|22|38|115811|4735|108|140|153|156|3423|1982|10397|2271|4398|1486|96450|4829|346|286|432|289|104|177|11060|2037|642|387|194|198|1876|900|926|710|1587|660|1039|500|333|400|1784|898|34|54|2645|1082|0|165|2905|861|2905|861|0|165
04000A0US41|415903|11121|58978|5004|15352|2211|605|669|1462|607|233|245|202|165|12315|1825|4940|1320|6388|1168|987|439|535|480|14493|1932|345|276|359|278|2647|945|8482|1445|2173|601|487|412|0|214|1933|774|146|199|694|379|543|547|44|73|550|412|0|214|26779|3873|0|214|1304|943|1187|817|795|867|360|282|686|338|1015|569|71|91|197|159|1453|1017|82|133|1231|595|3215|1126|3983|1031|650|484|9092|2640|1458|828|421|688|136421|5108|41749|4066|27402|3547|20824|3388|3040|1094|3538|990|5564|1361|8783|1717|0|214|34667|3893|1923|1076|592|479|685|614|20648|3231|3353|1117|933|519|3967|2512|833|568|159|191|1054|795|520|579|48695|4238|822|592|2123|1434|1073|529|3195|1211|1181|689|15571|2722|1215|655|2258|837|21257|3493|0|214|11115|2871|194|323|809|1101|286|396|2387|1379|1608|821|697|974|836|898|1059|719|552|496|773|800|1600|1327|212|325|102|21|0|214|195|202|15842|3022|7482|1939|609|827|3257|1525|1537|848|1055|979|284|284|0|214|601|577|139|231|791|939|0|214|518|870|46|80|227|365|1476|830|378|434|559|472|352|379|0|214|187|195|1179|571|1135|555|44|83|4914|2059|0|214|2216|1852|246|282|886|687|1068|682|105|181|18|6|244|378|131|159|0|214|8921|1478|3343|837|2573|753|770|376|676|555|1660|972|2584|1168|658|475|195741|8103|180754|7529|5999|1798|144|15|18|32|2505|1117|130|178|1481|1127|0|214|550|395|541|460|0|214|0|214|630|778|0|214|0|214|159725|7568|172|170|1515|970|4136|1480|9532|2963|2407|1683|140207|6960|1491|1288|265|243|0|214|15030|2947|1916|941|111|180|1677|787|1008|552|1702|837|1698|1063|78|131|3803|1324|400|385|2585|1983|52|92|14987|2450|14987|2450|0|214
04000A0US42|972181|20641|160053|7628|27748|2994|278|191|4820|1214|525|331|1075|564|21013|2595|9343|1643|9641|1662|2029|820|37|60|24014|2723|976|492|1310|673|4715|1064|14732|2212|1404|520|640|373|237|219|23753|2761|4516|1369|13185|2115|2879|1041|22|37|2709|1145|464|388|83905|6835|6498|2098|3817|1631|2621|1146|2879|1103|809|440|1659|1178|1728|682|501|341|866|589|762|525|145|179|11351|1848|5963|1846|15178|2512|1461|640|20148|3745|7519|2066|633|529|367318|7663|112030|7127|77493|6060|69064|5746|2708|900|5721|1428|5161|1358|28560|3730|816|624|150678|8419|988|529|12551|3945|7913|2271|93382|6747|4619|1291|1594|750|8392|2433|10636|2771|1722|965|7869|3860|1012|637|74466|6689|1192|507|9164|2353|2274|1081|893|647|1545|621|21127|3102|1603|624|4307|1298|32161|4700|200|275|27239|3910|302|233|857|568|2404|1566|2581|1655|3162|1411|1151|673|654|554|3578|1470|1671|799|5304|2329|3776|1172|385|266|845|1138|569|357|2905|1836|88890|8453|16422|4240|773|848|5540|2714|6045|2645|250|323|1303|975|557|313|269|197|1685|854|5232|3306|1552|1279|213|234|986|756|2481|2796|17702|4075|4688|1640|7291|3009|3383|1158|1498|1265|842|636|3030|1526|2864|1513|166|221|39301|6614|0|190|6493|2919|726|538|13137|4319|9711|2803|382|253|4137|2125|1653|1504|3062|1609|7203|2877|3217|913|2504|875|1802|782|702|410|39|73|0|190|80|98|594|468|352703|16046|334289|15829|164553|14227|836|549|919|760|6638|1937|2191|1193|112784|11791|325|290|11392|3231|22204|3372|508|331|708|494|5405|1795|0|190|643|338|95275|9745|618|493|3932|1739|9306|2605|12538|3945|7901|3232|55745|6652|3819|1921|1416|759|0|190|74461|8393|3381|1179|559|405|15428|4164|2175|1042|12263|2688|15691|4239|5417|2462|8318|2639|788|507|10043|4159|398|370|18414|2228|18214|2213|200|261
04000A0US45|267645|9596|50205|4735|10643|2059|231|244|1239|630|169|179|319|246|8429|1734|3126|1248|4364|1247|939|464|256|242|15647|2540|390|252|398|368|1506|616|11559|2329|1235|638|559|275|0|222|4350|1308|1270|736|1864|930|814|598|0|222|402|323|0|222|19395|3449|724|884|406|377|277|293|583|484|351|315|440|315|630|478|392|391|84|143|1319|621|147|181|1471|913|2936|1759|2739|920|334|343|5652|1874|910|687|170|198|66442|4039|14757|2371|8165|1962|6506|1784|691|558|968|685|2176|853|4416|1434|0|222|30098|3892|70|117|842|695|0|222|24172|3056|1569|827|614|526|0|222|830|577|154|258|1790|1397|57|95|16826|2341|296|307|558|402|283|231|1103|549|0|222|10065|1856|147|189|1687|784|2687|1125|0|222|4733|2133|0|222|42|70|41|66|112|138|548|523|842|511|301|517|206|207|241|248|199|254|1289|1397|677|801|100|165|135|224|28|49|11775|3069|730|577|0|222|0|222|7|11|0|222|335|490|86|140|106|128|196|253|415|525|415|525|0|222|0|222|0|222|1215|570|200|198|221|230|616|536|178|179|0|222|2298|996|2105|935|193|300|6641|2631|0|222|1433|1237|185|314|173|218|2651|1495|408|439|0|222|374|645|1417|1083|476|475|1509|1071|995|673|668|559|327|347|0|222|0|222|435|530|79|144|137714|6919|128751|6879|18171|3672|542|309|32|55|4318|1370|90|173|4658|1642|139|195|772|490|6282|2498|327|461|0|222|760|657|0|222|251|300|82624|6228|93|122|1113|653|4245|1566|8284|2331|11740|3963|55706|5171|686|507|589|341|168|240|27956|3858|1561|883|662|426|5259|1982|853|700|11980|2761|1488|624|563|728|1273|579|272|259|3885|1375|160|201|8963|1624|8890|1627|73|78
04000A0US47|383722|14982|36280|4380|9671|1990|230|237|181|122|0|225|208|190|8935|2025|3209|1127|5409|1574|317|269|117|148|10920|1678|495|354|148|195|1010|664|8238|1469|778|449|251|212|0|225|3293|979|656|462|791|367|473|393|0|225|1285|860|88|153|12369|2427|498|700|334|433|2087|1203|382|318|283|378|226|297|663|478|32|50|96|175|0|225|77|131|1417|1004|1880|871|1785|859|197|212|1431|745|981|681|27|47|105731|5488|25342|3039|14097|1947|12611|1899|462|322|1024|580|2128|978|8744|1968|373|500|33341|4335|4702|3153|1337|929|410|582|21916|3136|2438|1083|137|166|656|538|685|502|0|225|753|832|307|380|33144|4132|4014|1878|356|338|625|436|3527|1307|1505|605|11109|2578|292|293|2485|1423|9231|2581|0|225|13276|3518|266|311|185|248|0|225|5144|2706|353|296|1742|944|1559|875|418|383|1239|896|911|918|1231|709|105|179|123|158|0|225|628|418|45730|8600|10265|2791|431|525|6653|2440|1387|903|155|261|4|11|656|987|149|172|830|735|4547|3728|763|894|2464|2900|1320|1242|0|225|18176|6180|196|244|14688|6042|810|677|1807|1304|675|762|1398|1007|1398|1007|0|225|10009|3448|0|225|1108|590|0|225|451|370|5164|2102|927|1026|0|225|1225|1912|1134|882|1335|951|3221|1302|1548|790|1380|724|168|210|0|225|440|542|1115|1059|118|274|192760|9333|181396|9032|16331|3617|374|360|104|183|4304|1654|177|296|3321|1560|0|225|2430|1875|3927|1666|168|291|83|141|926|727|0|225|517|417|137904|7995|55|99|883|606|9558|2720|24561|4452|25675|6308|75138|6545|1154|720|880|782|0|225|27161|6131|771|466|828|673|5447|3379|1050|607|5008|1353|477|382|627|528|2120|1016|84|148|10552|4218|197|183|11364|2649|11299|2615|65|101
04000A0US48|5072160|57850|219358|9816|60813|5672|1509|691|4891|2182|1967|1003|2177|882|49164|4881|23833|3522|20860|2811|4471|1413|1105|679|59799|4875|2229|1019|1119|605|12795|2692|35903|3654|5825|1898|1710|750|218|259|21970|3289|3007|1077|6120|1785|977|537|0|237|11639|2620|227|230|75171|7308|1870|1101|1859|987|3032|1199|2048|957|641|574|2467|1068|2650|1032|1058|562|258|204|1633|1000|2184|1694|8790|1943|6445|1806|20187|4671|1984|999|12843|3355|5222|1784|1605|976|1214011|16943|240254|10186|155712|9367|116166|8321|10891|2878|28655|3878|18607|3328|65164|6429|771|675|528083|17730|26876|8046|16830|3585|1048|785|342397|14466|24982|3762|2868|1213|31176|5989|72304|9326|6087|1880|1302|642|2213|1091|350423|11853|10207|2086|12726|3478|8646|2146|7742|2575|9391|2575|104228|7991|3312|1139|17898|2761|176200|9828|73|113|89895|9973|670|506|1908|1064|906|704|18609|5059|4784|1482|8272|2330|4197|1501|9110|1806|7415|2456|4991|2187|18858|8000|6258|2449|933|783|2984|1483|5356|1738|300550|17272|73546|8088|4934|2461|21172|4644|21484|4528|1599|1208|3395|1258|6306|2659|775|423|13881|3877|33528|6537|15987|4770|6419|2481|8361|3807|2761|1621|32483|5230|4454|1512|14401|3713|4489|1530|6884|2870|2255|1218|19688|8128|19523|8129|165|211|134807|11456|194|322|14869|3451|3579|1569|4569|1828|94174|9060|4346|5180|3146|1344|1354|710|8576|2686|6498|2223|14020|3095|9079|2187|6935|1815|2144|1225|856|546|199|316|2604|1809|1282|722|3324221|45342|3267259|44818|133788|12170|2173|1576|1211|632|72683|9264|4415|2745|13174|2489|367|314|4476|2015|16761|3526|1471|1021|0|237|10458|3931|1126|832|5473|1843|2877447|42720|4134|1887|5528|1678|238809|17679|100475|10663|183974|17410|2311007|41485|23451|4635|9275|1797|794|699|256024|17089|14885|2546|4608|1979|25680|3967|6453|1722|63604|7728|14762|3292|3028|1166|19310|4225|2051|921|99562|12065|2081|1128|56962|5627|56501|5637|461|298
04000A0US49|287748|10220|25388|3341|6151|1422|66|83|200|194|92|106|205|223|5123|1208|1554|552|3243|962|326|259|465|330|5857|1198|217|170|101|105|1344|636|3070|920|800|454|286|235|39|64|3799|1265|154|115|1285|673|230|229|0|204|2130|1093|0|204|8896|1929|0|204|66|82|1317|705|225|257|0|204|285|235|269|276|0|204|639|750|149|154|0|204|1046|943|448|270|1612|863|462|531|1289|581|1089|713|685|757|61437|4274|20489|3059|12376|2602|10471|2491|817|578|1088|635|2186|935|5256|1667|671|446|13391|2829|137|158|25|43|862|1220|6835|2297|2592|1346|497|595|858|838|1005|682|364|344|132|165|84|177|23781|3847|2952|1804|785|556|760|483|817|590|503|333|7399|2046|109|112|1945|856|8511|2682|0|204|3776|1499|479|439|176|215|0|204|1226|960|86|102|117|168|387|453|51|85|185|144|326|278|703|268|0|204|0|204|40|67|0|204|10223|3139|3538|2144|0|204|865|812|419|478|1263|1719|0|204|197|257|274|255|520|439|1783|1117|0|204|614|539|1169|892|0|204|2788|1905|172|187|1585|1668|193|162|838|801|0|204|1326|649|1326|649|0|204|788|532|0|204|304|282|165|324|49|5|154|214|36|62|7|3|0|204|73|124|0|204|13304|2290|2331|795|1591|597|740|451|474|520|1478|1430|320|308|8701|1955|177396|7407|169570|6944|2832|920|0|204|55|92|475|425|0|204|835|479|0|204|557|486|910|527|0|204|0|204|0|204|0|204|0|204|117646|5673|52|86|849|536|5035|2027|6097|1954|1596|936|103398|5613|218|229|401|442|0|204|49092|5899|3268|1036|937|448|8567|2789|5183|1800|6226|2536|1621|743|90|140|8160|2466|1019|652|13872|3749|149|170|7826|1625|7826|1625|0|204
04000A0US51|1081706|19014|94724|6678|24581|2644|1047|549|1540|615|305|210|1557|700|19085|2532|8805|1874|8727|1769|1553|502|1047|596|23023|2691|397|286|891|506|4173|1088|14203|1942|1760|667|1599|788|0|214|12375|1884|2282|766|5691|1498|1221|589|0|214|3116|1274|65|108|34512|4511|2975|2218|2358|1063|1159|642|2107|851|488|421|1042|450|718|319|294|223|411|291|737|589|180|229|2217|627|3588|1190|8619|2078|615|451|4136|1173|2868|1253|233|184|474295|10412|117018|8248|54276|4986|44516|4551|1873|603|7887|2301|9174|2190|51346|4887|2222|1525|199053|11176|27774|4425|11811|3552|480|592|102909|6618|14607|2304|1782|818|14075|3766|21631|4063|1525|1578|1438|819|1021|843|114962|7054|932|563|4532|1716|3554|1446|1271|646|2973|1371|50995|4535|548|409|8208|2241|41834|4330|115|142|40904|5632|678|610|328|349|164|169|10393|3170|2975|1406|2835|1425|1395|593|3587|954|4165|2594|3770|1767|7356|2088|947|673|1147|895|1164|635|2358|1027|129080|9641|46696|6574|3454|2037|29477|4311|4253|1467|2643|2101|484|567|1519|916|1887|866|2979|2184|8634|2848|4330|1825|1188|831|2361|1036|755|816|26932|5154|622|477|11149|3001|5897|1560|8559|3530|705|546|3753|1179|3609|1144|144|243|39317|5636|517|412|17960|3504|580|475|2505|1473|7774|2959|295|357|7242|2825|1044|867|1400|560|3748|2052|4783|1460|3031|958|2472|816|559|444|568|561|191|162|457|532|536|584|378824|12400|366488|12110|34117|3947|486|422|564|394|6764|1865|100|133|6858|1952|289|310|3609|1377|9542|1942|215|339|354|334|3828|1559|366|435|1142|613|228003|11623|367|560|895|556|101257|9085|26061|5548|35796|5759|48125|5823|7664|2872|7556|2609|282|341|104368|7306|7089|2198|26121|4399|8561|2553|3267|1273|15621|2906|4332|1624|2462|1266|25368|4398|797|427|9822|3436|928|509|12336|2064|12287|2063|49|81
04000A0US53|1172299|18833|159097|10266|27962|3089|956|428|3091|1462|915|457|1468|589|20439|2672|10088|2002|9067|1663|1284|425|1093|570|28205|3326|960|438|954|701|4672|1188|17149|2823|3480|1110|950|725|40|67|7405|1906|827|471|3321|1310|595|415|145|205|2564|1059|98|141|95314|9033|730|514|5345|2264|4117|1453|2357|1205|503|334|1038|546|831|512|855|408|311|306|3941|1449|648|786|5977|1670|6600|2178|21607|3794|508|339|37007|7975|2939|1003|211|226|541953|11687|189216|9418|121541|7445|96189|7099|8864|1520|16488|2363|15606|1992|50660|4877|1409|954|148561|9405|4393|1986|2276|1263|374|382|116022|8833|9933|2305|1963|794|2644|1266|6401|1854|572|648|3333|1568|650|362|179479|9260|5081|1942|9753|2271|5770|2506|5120|1683|2785|1005|72728|6192|1056|668|14883|3564|62303|6170|0|214|24338|5783|1117|816|1808|1495|626|474|9124|4701|2937|1471|1314|798|343|386|1120|576|1287|742|692|560|2030|740|236|189|845|915|859|702|359|268|80315|7360|50180|5829|4549|2358|19848|3869|12339|2883|8314|3193|251|263|2184|1248|540|473|2155|1385|2185|1311|351|387|709|749|1125|616|0|214|7443|2363|482|378|4381|1778|1262|1003|763|756|555|464|5261|1947|5161|1942|100|120|14511|4009|0|214|3113|1739|306|373|1673|1186|4180|1547|323|326|178|285|259|453|4479|3060|735|658|22483|3993|6656|1877|4002|1342|2654|1107|1731|883|3399|2132|5696|3283|5001|1681|368451|12057|323538|11533|11824|3974|262|324|0|214|2299|1034|122|196|344|273|0|214|3103|2932|4648|2239|179|270|0|214|627|458|77|132|163|267|280250|12521|53|89|1303|688|9684|2396|13503|4018|10643|4199|241988|11323|732|319|1947|847|397|582|31464|4234|2198|1171|1240|632|11417|2815|1879|664|5148|1656|704|389|0|214|4632|1737|587|570|3372|1978|287|274|44913|3717|44757|3714|156|153
04000A0US55|280073|9255|40912|3409|5667|1008|391|210|533|385|155|157|375|276|3987|960|1433|571|2054|542|500|354|226|170|12007|1738|440|294|637|461|1341|672|8655|1497|611|370|309|220|14|23|3360|1042|815|456|1688|631|84|137|0|159|590|524|183|301|19787|2592|1672|1199|762|526|533|497|409|244|425|282|1007|590|548|366|592|329|366|392|31|58|753|963|3597|1067|1568|742|2855|829|474|291|2334|1020|1861|838|91|132|100193|4453|26196|3410|18493|3156|14697|2580|1049|607|2747|1152|1788|639|5763|1601|152|256|30226|4566|932|837|2075|1678|0|159|22572|3974|972|615|247|199|665|550|2344|952|161|146|151|175|107|182|39243|3782|4735|2373|411|310|499|386|10422|2069|652|506|8379|1782|64|110|9792|1699|4289|1534|0|159|3706|1153|0|159|88|145|0|159|342|279|378|230|267|213|1055|653|0|159|394|345|362|268|427|372|0|159|166|261|227|152|822|790|19586|4395|7503|2462|524|740|859|563|2044|1226|2383|1263|381|465|59|102|638|783|615|556|4205|2485|2002|2065|1094|900|683|607|426|594|2265|1160|319|250|540|450|1104|995|302|479|0|159|2134|1633|2057|1611|77|129|2846|936|0|159|604|487|324|383|169|197|1278|573|58|93|38|65|0|159|375|494|633|689|767|361|669|340|418|293|251|236|0|159|0|159|59|101|39|48|118615|5742|112915|5730|5647|1618|325|384|93|136|250|231|0|159|2515|1149|0|159|930|793|1534|1005|0|159|0|159|0|159|0|159|0|159|94021|5537|121|200|422|346|2248|1186|2301|825|1991|1040|79848|4602|6827|2714|263|253|0|159|13247|2919|1296|663|319|312|1936|911|493|372|1677|568|1305|1004|0|159|3018|1947|144|140|2877|1460|182|246|5700|1180|5700|1180|0|159
04000C0US04|933114|21126|75898|5900|17483|2388|383|349|1544|708|233|155|262|207|14850|2024|5800|1155|7964|1625|1086|459|211|216|21294|2606|538|264|732|358|4161|1247|12816|2102|1731|732|1221|670|95|124|5286|1150|771|375|2024|757|654|568|51|86|1797|717|40|64|31695|4452|757|683|698|636|3401|1399|1578|735|1659|907|2610|915|1233|499|96|112|707|853|362|429|480|387|4285|1298|4535|1507|3961|1500|1026|783|1370|563|2937|1397|140|135|208815|8377|48064|4627|26898|3577|18954|2694|2372|779|5572|2275|8337|1863|12705|2171|124|136|63491|6702|4051|2061|2017|1548|1174|1205|43989|5480|5007|1485|924|624|2052|1409|2213|1251|1012|580|556|437|496|480|68964|4917|2833|1540|2373|1138|1431|763|1410|856|966|507|31992|4243|651|443|3821|1298|23487|4059|0|228|27446|3599|248|207|0|228|27|45|13556|3076|1789|886|2058|942|183|175|2866|1117|2100|1322|1065|552|2225|981|293|278|408|425|628|555|850|510|39375|7499|10809|3491|95|154|3128|2823|3256|1575|928|760|504|670|548|379|189|189|2161|1087|4322|1809|101|169|1611|1117|2223|1379|387|556|7430|3737|45|74|1913|920|1652|1187|3372|3457|448|348|2174|910|2174|910|0|228|10385|3280|0|228|387|409|546|490|2030|1362|5510|2329|0|228|196|317|1253|1780|463|437|4255|3150|4823|1494|2595|1163|1889|1008|706|522|409|515|524|838|289|391|1006|591|604203|17091|568875|17045|22701|4554|0|228|236|321|11495|3141|76|124|2860|1075|53|88|2766|2080|3874|2179|0|228|0|228|1215|867|41|68|85|141|519083|16069|263|373|1511|729|9032|2671|17373|4928|4504|2100|478216|14110|6903|7144|1173|718|108|181|27091|4553|2914|1361|532|386|3361|1111|1735|786|7145|2485|2826|1514|363|266|5393|1637|217|183|2452|1189|153|191|35328|3779|35249|3775|79|119
04000C0US06|10354544|56496|653366|19573|152539|9472|6019|1456|13299|2171|3356|1208|10467|2771|116386|7913|55260|5110|53289|4362|7837|1301|3012|752|141705|7602|5318|1129|5226|1349|39981|5587|68282|4611|15296|2211|7275|1329|327|277|81979|5410|11391|2089|29128|3593|24140|3093|8096|2359|16200|2796|1120|479|275685|12052|2191|929|12693|2741|5077|2084|7564|1631|6540|1574|10702|2125|9310|1454|2869|974|2571|1058|9556|2939|840|591|20241|4219|23455|2782|72436|6002|6108|1975|65936|6849|17596|2363|1458|687|4232719|29963|1381958|25341|961864|20171|682511|18739|105210|5857|174143|9253|95133|6830|319082|14765|5879|2331|979457|23962|60822|7784|23264|4215|282|279|578230|19971|215962|12340|9929|2536|22301|5679|49115|5765|10969|2913|4453|1558|4130|1111|1570412|27483|28594|3809|53366|6053|35594|3849|47109|4074|15793|2065|798181|22434|10447|1711|64251|4640|516694|17284|383|287|292943|15223|78648|6535|6835|2107|3789|1424|44927|7090|33151|4143|16222|3490|7543|2672|28989|3728|5622|1639|30697|5393|21120|2527|3993|1234|8190|3002|3217|1074|7949|2164|203205|13213|58798|6384|5759|2191|20571|3522|16724|3740|1551|970|1576|868|4277|1826|3505|1342|4835|1516|7292|2357|3609|1187|446|470|2012|1866|1225|818|54606|5996|4794|1854|38464|5098|6253|1955|1455|845|3640|1232|20896|2937|20863|2931|33|57|56011|6420|205|227|6874|1943|1769|1207|3191|1343|35868|5785|1369|739|2584|1177|798|1126|3353|1847|5602|2217|78267|5366|28894|2847|23849|2675|5045|1143|31449|4311|1373|1345|1331|899|15220|2898|5186987|40077|5060030|37823|68139|6250|813|290|1285|866|25034|2865|736|923|6914|1966|66|83|7888|2880|14950|2794|611|453|113|187|6777|1895|1003|759|1949|1283|4685697|38397|14532|2683|12480|2258|420660|16112|306022|15244|76377|9065|3780085|37678|64369|6385|9664|2397|1508|564|306194|16355|29068|4104|8929|2095|54963|6329|14920|2475|63775|6944|25720|3427|2954|1094|74911|7343|4101|1340|23741|4259|3112|802|126957|6435|126572|6428|385|248
04000C0US08|505491|14823|71935|6051|15328|2300|473|338|1118|563|415|351|1023|488|11627|2078|3988|1294|7035|1716|604|365|672|500|20381|2634|1238|518|395|325|3326|1289|13302|1816|1438|558|682|363|0|218|4100|1344|566|463|1576|760|242|237|0|218|1716|856|0|218|32027|5059|84|141|1799|1188|1020|451|1464|602|336|265|1782|617|1089|758|224|173|837|621|807|856|0|218|4726|1501|1623|937|7101|1923|149|197|6635|2221|2351|1346|99|170|125188|5650|40874|3946|19080|3150|16023|2943|885|503|2172|744|4311|1222|16531|2881|952|668|40488|4824|3003|1822|407|322|1166|929|23846|3524|4322|1507|358|417|4813|1681|1218|676|213|244|669|610|473|377|35072|3418|1327|725|1069|626|1933|890|2224|950|485|450|11046|2119|220|201|3093|888|13675|2374|0|218|8701|2051|192|242|99|127|0|218|2440|1380|1192|576|832|551|120|132|568|410|218|191|1245|810|1068|622|622|606|0|218|105|168|53|90|47042|5610|22279|5635|2699|1396|15243|4812|1319|639|555|774|0|218|730|635|0|218|1733|1072|3728|1390|804|691|1074|1043|892|720|958|629|3821|1554|582|661|861|878|1052|705|722|610|604|616|2447|1014|2371|991|76|136|14048|4040|0|218|5388|3161|674|551|1210|1192|1420|877|764|912|309|356|838|801|3445|1872|719|650|4597|1105|4093|1108|2838|868|1255|685|0|218|0|218|239|241|265|298|256729|12709|242504|12301|4892|1343|83|136|0|218|1458|796|0|218|1009|513|49|89|558|420|577|363|0|218|288|485|774|588|48|81|48|45|207614|11575|327|379|755|475|9829|3783|7573|2451|7531|2820|179529|10219|1057|541|1013|569|0|218|29998|4990|1972|1049|216|214|5496|1589|2486|1228|7566|3456|1561|835|313|292|4290|1611|0|218|5838|3006|260|310|14225|2014|14160|2002|65|110
04000C0US09|546500|14042|109371|6132|17406|2216|721|438|2276|840|84|88|734|374|13422|1915|6123|1285|6536|1367|763|431|169|171|12987|1762|217|187|811|459|1682|627|7784|1482|1521|646|972|424|0|224|31463|3914|2966|1948|15891|2803|9870|2026|277|278|2716|1202|20|32|47286|4320|5096|2123|629|482|2517|1314|1386|881|704|641|814|524|660|352|386|398|493|327|211|220|887|635|17921|2770|1652|1109|6191|1594|377|359|5580|2339|1782|957|229|266|126813|5114|42186|4161|32524|3800|27975|3795|1569|568|2980|919|2156|874|7202|1834|304|465|53625|5340|4108|1837|4546|2537|194|304|33363|3615|1532|751|231|304|2175|1158|6528|3228|866|646|56|93|26|44|22377|3544|171|188|1116|778|484|299|2131|1106|437|305|9377|2091|62|75|1940|918|6659|1923|0|224|8625|2276|0|224|0|224|314|325|777|620|1346|570|732|437|1043|1481|1037|537|203|205|744|538|1678|847|146|145|478|509|127|164|0|224|32259|5502|6401|3625|0|224|1042|765|245|202|2573|3409|165|153|731|906|580|580|1065|696|1025|786|154|199|283|400|299|499|289|367|6385|2478|253|271|2363|1738|1597|781|988|1136|1184|754|1798|853|1798|853|0|224|16414|3876|2701|1638|8014|2568|0|224|526|457|3799|1965|0|224|229|340|473|481|672|425|236|230|1443|621|1443|621|821|403|622|479|0|224|0|224|0|224|0|224|276614|10472|264363|10297|100436|8883|411|634|1084|611|2127|1071|865|701|30387|5127|252|381|13400|4036|45064|5754|1540|847|140|161|3643|1278|685|915|838|671|65846|7539|0|224|2617|1381|6487|1901|20250|5045|9524|4490|24858|4423|1235|1004|875|474|0|224|98081|9013|3453|1399|214|213|25973|4744|3476|1495|16967|3796|26729|4567|3333|1159|12402|2881|1079|814|3952|1519|503|400|12251|2036|11924|2005|327|231
04000C0US12|4754886|42351|427323|15232|98090|6968|1324|756|9670|2201|1999|772|4036|1016|78041|6604|35543|4664|36769|3568|5729|1270|3020|1169|93242|6375|3580|1137|4266|1992|21022|3482|53326|4339|6166|1291|4454|1775|428|573|65563|5683|9558|2658|28279|3730|7492|1764|400|361|19172|2846|1062|796|168952|10620|7960|2318|6149|1858|7131|2374|6793|1860|2839|966|7413|2179|9491|1857|1067|575|1793|827|5123|1583|1307|1061|21186|2756|15610|2648|29881|4253|4113|1228|29954|4150|11142|2351|1476|828|510924|13365|89528|6950|64357|6223|51454|5518|3945|1026|8958|2343|7433|1706|17738|2899|0|239|160402|10141|2897|2568|12312|3427|62|104|102568|8256|12450|2301|4282|2529|1457|740|18855|4507|2276|959|2322|833|921|625|186303|9718|3150|1437|4577|1387|2635|1147|4282|1441|2576|915|93006|6673|910|444|15073|3441|60032|7465|62|108|69661|7527|591|598|1309|739|1125|651|4788|2862|14714|2431|4580|1890|3717|1687|8782|2449|8615|2815|7787|3001|11155|1962|1165|704|228|375|1105|796|5030|1663|90502|10614|17151|3675|508|438|4191|2515|4066|1332|120|198|1697|729|783|474|2118|1179|3668|1428|4634|1576|2381|1233|768|669|491|405|994|790|33006|5464|722|318|18996|3948|9374|1955|2495|2428|1419|792|14778|3776|14560|3775|218|224|17913|4349|766|648|3962|2493|767|521|753|528|8461|2575|932|762|887|714|258|433|1127|709|3020|1578|8312|1697|6078|1285|4485|1113|1593|684|89|146|400|447|490|463|1255|720|3717825|37469|3601960|36541|1817196|30540|19898|3846|5746|1639|970626|21691|4811|1624|151427|12498|2654|1140|368081|21279|226261|10745|4103|2135|1545|763|46705|6136|1976|990|13363|3446|684485|23693|4260|1804|18168|3630|60875|8776|113088|12507|112338|9560|233165|13537|116366|9041|25653|3782|572|493|1100279|32352|56367|6479|10863|2522|140794|12468|23571|3466|312834|15515|59217|6453|39989|5033|107277|10938|14558|3507|327681|19480|7128|2178|115865|7482|114340|7578|1525|731
04000C0US13|1090047|23865|81434|5661|22671|3083|759|828|1475|711|185|185|684|379|18402|2670|9130|1800|7552|1780|1720|770|1166|623|19548|2525|815|459|415|279|3678|912|13224|1959|1122|587|294|240|0|228|7755|1862|1591|813|2106|746|1398|1052|108|130|2578|923|82|131|31066|3975|438|497|489|380|4657|1863|540|420|547|410|763|438|715|490|436|598|251|350|502|415|365|353|3073|1057|6504|2195|3665|963|340|282|5417|1949|2364|990|394|414|344522|9467|104461|7419|51577|6120|43798|5496|2152|998|5627|1595|6933|2074|45728|4789|223|207|138223|7356|3949|2468|5320|1253|620|513|105041|6562|6894|1769|1608|811|2242|1083|11237|2680|776|654|399|288|137|225|84466|5453|4527|1954|2984|1197|2078|824|3330|1224|1359|651|18048|2847|670|429|3749|1102|47721|5379|0|228|17132|5190|217|354|326|456|83|122|2741|1124|2638|1067|1295|1534|1954|2514|2176|983|1523|1010|913|666|2264|1126|805|503|0|228|197|176|240|190|133496|10784|43107|6421|1341|1089|22527|4532|7412|3049|2821|1578|1816|1344|1970|1435|999|610|4221|1358|6852|2424|3186|1356|1069|933|2326|1560|271|294|8555|3948|1129|765|3740|2065|1502|1156|1837|2040|347|291|6428|2331|6121|2227|307|383|65766|7466|0|228|10513|2628|2580|2923|6072|2473|35621|5259|1819|1042|2006|1191|1537|1117|5618|2290|2788|1232|4563|1835|2621|1023|1588|705|1033|693|57|97|90|153|1479|1210|316|436|526032|16672|511505|16523|129396|11541|2972|1546|2338|1220|10076|2705|847|645|12137|3377|1015|651|26087|5483|56323|7941|824|562|1248|918|10000|3009|496|412|5033|2809|286322|11702|1581|771|2117|895|28452|4802|42733|6350|20944|4452|184042|9560|3481|1756|2972|850|0|228|95787|8616|1567|641|602|450|16817|4237|1725|848|20919|2638|5973|1869|8511|2310|9889|2461|3665|1890|25454|5786|665|529|14527|2409|13999|2381|528|468
04000C0US17|1780932|23169|360871|13153|26715|2997|563|380|5235|924|760|381|1090|553|18495|2706|8963|2005|8249|1511|1283|753|572|458|28909|3150|2079|746|801|339|5057|1818|18608|2461|1322|482|1042|743|0|206|34299|3541|12433|2563|18167|2949|617|538|107|132|3082|1220|0|206|269595|11927|7045|2791|4727|1776|10955|2871|13392|2662|4755|1487|3373|1180|2248|851|2136|778|9820|2204|7703|2437|4680|1602|120035|7503|15265|2851|14565|3329|7638|2386|33331|5615|7927|3021|1353|688|554668|11685|134610|6581|85334|6067|71596|5608|4967|1259|8771|1966|9495|1779|37196|4133|2585|1026|230426|9750|2430|1526|5788|2341|257|308|172500|9958|8643|2100|1594|835|3860|1271|29648|4633|2065|1616|383|342|3258|1614|129347|8733|3455|1541|2394|1480|1964|1117|3226|1318|3002|1856|90931|7354|900|522|5103|1621|18372|3404|0|206|51932|6544|132|217|860|638|285|291|13158|3037|3890|1326|8163|2196|1902|786|3378|1421|4039|1682|8064|3052|5271|1482|1292|1033|1228|1051|270|186|8353|2295|74078|8160|17005|3568|721|516|5053|1950|3958|1443|1043|636|2530|1795|958|486|706|623|2036|864|5064|2167|2371|1746|285|282|1845|1457|563|736|11899|3240|2634|1784|4793|1770|2970|1645|0|206|1502|1500|3873|1506|3830|1508|43|67|33884|6111|0|206|5983|2040|572|559|862|617|22401|4471|347|378|344|441|742|568|2633|2781|2353|1322|4126|1453|2193|862|1822|785|371|342|241|239|0|206|288|479|1404|1157|787189|14464|770085|14127|24874|3444|182|177|215|190|6782|1695|0|206|3835|1566|0|206|5217|1933|6827|1811|178|261|0|206|1417|775|221|268|0|206|669229|14072|7055|2197|722|377|11551|2876|22290|3593|13493|3111|608670|14112|3432|1410|2016|1468|0|206|75982|8498|2759|1004|1501|826|9070|2340|2814|1141|22480|4668|14342|3584|757|531|6149|1548|603|521|15279|4646|228|202|17104|2569|16977|2575|127|132
04000C0US18|377418|13451|36533|3546|6979|1423|406|509|551|366|167|175|332|437|5244|1196|1935|726|2889|831|420|245|279|368|8164|1420|125|148|286|294|859|528|5004|1201|1165|571|725|504|0|207|2565|943|631|342|820|407|383|494|0|207|731|515|0|207|18825|2930|144|170|258|296|1345|866|599|366|860|524|74|86|453|224|242|296|146|163|236|274|1079|606|3781|1384|1389|823|3022|907|2580|1587|2201|865|416|308|0|207|122865|5323|28462|3321|19731|2849|15987|2563|627|464|3117|1185|3101|1143|5630|1458|0|207|45913|4604|2248|1829|916|570|0|207|35956|3886|1708|1267|6|12|542|446|4114|1799|353|355|0|207|70|119|40042|4429|15730|2889|407|407|1413|687|1274|833|1708|960|9673|2545|185|170|5196|1686|4456|1410|0|207|8314|1966|91|154|127|149|54|90|437|358|268|273|1229|935|1046|803|986|586|1414|819|707|587|1022|691|257|344|38|67|638|531|134|158|58037|8846|13399|4282|1087|874|3568|3044|1939|1198|440|712|845|888|1544|1823|861|530|3115|1853|10675|4955|1824|2134|2325|1483|5996|4212|530|453|4614|1973|891|651|2279|1435|312|367|948|1052|184|226|1876|955|1876|955|0|207|26021|5598|0|207|1603|956|115|215|1654|1383|17333|4893|2428|2021|264|257|153|165|2471|1328|1452|1109|1620|1000|972|824|762|810|210|183|0|207|103|153|50|84|495|424|158363|8417|151211|8338|14642|4043|54|89|491|776|971|515|0|207|3809|2786|0|207|7820|2958|642|499|416|527|87|149|346|386|0|207|6|14|117014|7808|298|483|788|522|5132|1540|11052|4088|8210|2169|87384|7123|972|659|1986|1451|1192|1471|19555|3371|1002|530|746|775|3773|1288|59|104|4544|2177|1081|664|372|380|1610|968|12|22|6287|1870|69|87|7152|1829|7147|1827|5|11
04000C0US24|1022465|21295|87247|5848|17638|2195|510|293|842|462|738|415|485|297|14609|2138|7648|1847|5834|1212|1127|575|454|401|19063|2429|506|239|897|498|3789|920|11516|2039|1109|519|1019|591|227|369|11507|1893|1772|609|4552|1162|1775|784|0|224|3371|1289|37|61|38821|4596|999|770|1824|1032|622|412|1907|1165|90|150|1847|747|1147|825|879|441|28|46|916|1382|192|276|3076|996|3557|1479|10503|2236|693|596|7336|1993|3205|1309|218|275|313853|7505|96830|6029|60059|4604|47679|4442|4287|1088|8093|1539|4685|1799|31949|3949|137|229|125303|8195|4356|2154|10326|3504|539|808|63768|6299|15308|2604|847|564|12202|4516|13867|3594|1955|895|1802|1368|333|298|72103|6312|3627|1337|1194|621|3984|2053|359|315|1357|713|39535|5103|561|445|4100|1410|17347|2877|39|66|19074|3522|611|602|762|475|241|316|1262|868|4080|1462|1800|1650|593|349|1589|1208|1005|617|1260|990|3808|1424|1031|860|105|183|927|735|543|404|214155|15182|65629|9840|5378|3333|40192|7337|7601|3064|41|69|3028|2385|3811|2521|2746|1799|2832|2780|27854|5709|24258|5480|192|231|3097|2079|307|239|9333|2623|501|436|4198|1446|1900|964|2344|1638|390|264|5815|1998|5144|1810|671|620|101518|11316|0|224|21077|4116|3481|1583|5422|2059|50655|7012|2741|1203|10074|3211|2762|1819|5306|2386|4006|1460|1745|808|1261|594|1120|565|141|170|89|105|0|224|0|224|395|471|405465|12735|396763|12273|75152|8060|777|568|853|621|3144|1149|188|243|13629|3576|913|625|9219|2918|29229|5458|189|216|292|320|12600|2831|1905|1117|2214|1350|243088|10374|1120|1264|1237|526|120512|8716|42285|6836|33743|6551|35576|5062|5157|1766|3458|1534|0|224|78523|7956|4760|2210|9790|3282|14388|3849|2262|1043|10110|2593|6918|2916|7914|2405|14976|3351|185|165|6691|2944|529|353|8702|1741|8304|1648|398|369
04000C0US25|1254338|20639|215157|10153|34481|3504|540|374|10890|1611|405|235|1099|521|20765|2950|9487|1779|9576|1895|1702|849|782|482|24539|2913|611|389|1418|617|6715|1586|11894|1848|1764|546|2137|853|0|222|75180|5740|9723|1907|15049|2682|46645|4328|8155|1706|3716|1375|47|79|80417|6885|14613|3480|1942|883|2397|1960|2599|964|499|425|1964|779|1085|572|1232|706|1210|884|2338|1497|540|557|9240|2139|3020|1083|19366|4049|2233|1871|12329|2913|3810|1235|540|470|380108|8415|143969|8012|115622|8041|96418|7371|8497|1904|10707|2361|8119|1884|20117|3041|111|120|114041|6865|2426|1771|2779|949|688|696|82035|5923|6954|2080|535|311|7602|1738|7025|2175|2249|1223|853|660|895|427|84054|6301|2322|977|18053|3430|1716|826|4724|1928|1656|848|9003|1907|1998|773|7457|2468|37125|5234|0|222|37571|5286|2503|1692|1642|992|948|1533|4968|2458|8931|2787|1282|899|695|609|5596|1567|784|483|3129|1156|6002|1659|390|318|0|222|701|505|473|376|118511|8995|28676|4639|1125|873|5673|1671|9803|2862|1059|994|1505|990|6504|2433|614|419|2393|1393|5790|1627|3027|1441|0|222|861|443|1902|827|21006|3661|1844|836|6584|1972|11342|2826|401|406|835|712|2823|1047|2823|1047|0|222|57840|7017|31727|5736|13619|3493|310|305|1116|640|7490|2292|559|700|1529|1022|268|386|1222|742|2376|1272|3313|1236|2985|1195|2129|1052|856|580|95|125|0|222|0|222|233|267|537249|17627|511677|17717|208115|11884|101|125|2507|1099|3164|1000|3146|2859|103902|7177|641|571|60505|7677|23067|4125|200|195|396|374|7547|3054|374|348|2565|1075|116611|8968|0|222|3794|1753|42384|6858|36703|5368|14792|3913|15492|2598|1028|511|1160|652|1258|808|186951|12523|4349|1334|941|1042|110738|10406|5030|1605|36928|5068|13144|3342|1154|652|7263|2159|2485|1253|4557|1538|362|237|25572|2717|24986|2624|586|481
04000C0US26|656641|16421|108269|7055|15984|3563|501|351|1451|717|1667|2568|747|450|11247|1824|5506|1342|4542|955|1199|510|371|238|18280|2214|1132|560|562|300|1665|534|11597|1595|3161|842|163|208|0|184|12205|1816|3046|847|7764|1478|131|111|20|31|603|334|661|397|61411|5804|13812|2812|1119|717|5216|2310|1092|546|541|334|1605|965|1112|622|302|238|273|241|250|215|3009|1322|8287|1547|6284|1611|5378|1404|459|364|6268|1997|6404|1417|389|407|363415|11312|66149|4720|36657|3807|30829|3730|2184|798|3644|908|10550|2099|18790|2616|152|235|121510|7156|938|686|22571|4080|1439|1118|78846|5918|4454|1195|365|503|1773|868|10382|2473|414|365|226|242|102|167|44306|4238|4465|1644|1951|959|1363|542|2265|941|1514|638|19178|2417|396|269|1926|735|11146|2467|102|171|129579|9306|740|914|675|782|0|184|53556|6620|883|426|3991|1460|786|503|26046|3405|2166|982|7772|2594|1862|990|1002|712|28558|5760|1542|1042|1871|874|38698|5923|11906|4512|568|564|1672|1167|2145|1002|1677|1695|111|99|572|594|298|269|4863|3978|5737|2485|1002|789|1769|1422|1904|1156|1062|1120|7599|1976|954|874|2856|1162|1634|1022|248|186|1907|1219|1227|688|1041|635|186|307|11478|2962|0|184|2104|1939|1630|1041|164|160|4844|2063|1535|1054|249|226|0|184|952|721|751|564|2177|885|2116|870|1648|812|468|327|0|184|0|184|0|184|61|115|144082|6831|114567|6502|12605|2689|0|184|107|132|4905|1889|0|184|1442|678|0|184|1060|680|3858|1498|130|217|91|148|802|537|36|71|174|203|84105|5707|210|349|1222|753|1465|1018|9303|2770|6294|2378|64540|5047|735|530|336|244|0|184|17857|2432|1710|705|242|165|4144|1182|562|330|4597|1409|887|464|617|528|2076|892|228|203|2273|927|521|394|29515|2771|29454|2780|61|106
04000C0US27|448144|11598|40378|3516|8238|1408|743|519|1018|411|233|158|448|325|5724|1202|2415|901|2898|698|411|301|72|77|8411|1988|372|272|393|314|1391|625|5095|1757|774|338|386|244|0|157|2317|833|286|276|313|186|198|178|23|37|1520|743|0|157|21242|2888|143|222|1271|721|984|548|563|442|118|175|747|675|652|403|734|554|20|34|2458|1108|0|157|1151|507|870|486|6048|1358|97|127|4985|1787|401|405|170|262|166990|6410|26949|3126|14333|2280|11180|2184|991|468|2162|737|1631|538|10807|1900|178|246|44773|4603|2261|2309|1377|623|752|641|29441|3887|3031|1483|258|214|3589|1874|1721|708|1297|615|576|727|470|479|86615|5207|8200|2697|7208|1966|494|385|22671|3099|1278|582|9855|1777|205|181|16216|2631|20488|2828|0|157|8483|3180|31|51|79|145|0|157|3481|3010|415|282|466|377|197|162|656|464|862|647|293|311|1080|676|72|89|651|763|200|240|170|198|137013|7609|87960|7647|2518|1345|24062|4465|15965|3216|40921|5932|882|730|1085|618|401|662|2126|1204|6144|2550|5683|2488|107|137|354|281|0|157|7426|2462|74|120|4765|2351|1027|563|1329|770|231|199|448|320|302|273|146|131|31322|4719|0|157|2716|1138|624|634|11670|3264|10102|3193|223|191|1529|921|808|726|3650|1668|3713|2975|2374|1393|1554|1203|1464|1194|90|107|102|172|80|106|0|157|638|675|101389|5677|90658|5342|3840|1007|255|297|189|201|894|449|0|157|469|406|0|157|335|334|989|554|0|157|0|157|147|178|0|157|562|425|62489|4367|192|231|340|268|5862|2200|3982|1187|2474|969|48803|4107|379|338|457|334|0|157|24329|3252|987|441|0|157|2943|1006|881|597|3948|1207|8979|2824|2016|805|1095|524|428|596|2619|1184|433|337|10731|1867|10627|1878|104|121
04000C0US29|221223|8434|35572|3339|5360|1171|323|253|325|234|9|15|149|178|4554|1112|1197|509|2924|916|433|239|0|195|7492|1669|182|173|273|296|385|283|5876|1380|614|381|162|269|0|195|2313|788|254|216|1392|656|128|158|0|195|539|374|0|195|20407|2760|1284|1085|732|654|6886|2016|1222|1099|617|388|584|482|123|158|53|88|184|214|646|520|0|195|773|495|2218|831|2347|821|169|219|1851|885|718|519|0|195|90025|4789|24566|2588|14350|2288|12836|2225|516|395|998|423|1859|1006|8357|1495|0|195|31012|3878|920|878|1122|681|0|195|21974|3192|1522|895|116|12|725|552|3390|1205|1020|772|108|140|115|196|25217|3001|1394|767|1430|936|453|440|975|898|1159|628|10066|2381|39|59|1777|678|7924|1933|0|195|9030|2998|70|119|0|195|91|150|2324|1508|860|642|665|620|1005|1071|123|155|1305|1027|1865|1081|645|370|77|101|0|195|0|195|200|195|23854|4438|8947|2997|96|114|2373|1124|5004|2486|704|808|0|195|403|389|193|323|174|195|3153|1767|289|282|1578|1594|1162|871|124|186|3484|1463|0|195|782|608|528|682|1668|917|506|467|748|621|748|621|0|195|6729|1899|0|195|483|308|0|195|859|822|4240|1493|311|526|229|238|91|156|516|690|793|680|1973|659|826|484|562|370|264|292|77|103|0|195|647|419|423|311|69799|5121|65557|5269|8073|2056|390|323|0|195|3153|1337|0|195|714|552|0|195|1194|905|2315|1315|0|195|0|195|234|263|0|195|73|121|50007|4949|106|116|453|400|3552|2011|8346|2463|6417|2476|30021|3338|724|474|368|301|20|46|7477|1730|476|600|539|466|2019|1008|348|383|1929|643|362|341|117|110|843|566|0|195|811|435|33|6|4242|1097|4203|1098|39|27
04000C0US32|580756|13978|38788|3986|9994|1898|256|219|774|385|174|217|594|415|8152|1704|3483|923|4303|1314|366|233|44|74|8186|1375|543|331|183|219|2176|836|3978|967|598|543|708|450|0|228|3490|1000|383|465|1789|676|387|407|0|228|887|494|44|89|16785|3037|0|228|479|585|2104|1736|1492|980|457|413|313|270|624|366|533|451|293|255|282|238|50|85|1420|716|2122|1036|3772|1518|425|458|1288|708|1131|589|333|413|192702|6635|41730|4092|26446|3199|17856|2753|3067|898|5523|1325|3956|1200|11328|2185|0|228|21609|4212|1358|888|807|772|223|371|8686|2717|6723|2115|80|137|339|381|1533|931|744|627|492|439|624|777|119946|6899|78|94|1131|715|1435|732|1421|823|989|591|97077|6810|172|285|6585|1580|11058|2827|0|228|8668|2500|1357|979|160|277|170|210|1284|944|1149|751|464|385|245|190|1664|739|339|402|1021|1089|499|385|40|61|0|228|276|266|749|560|16979|3816|12116|3553|145|184|8599|2789|1332|1029|398|651|0|228|682|974|664|985|296|351|43|80|43|80|0|228|0|228|0|228|2590|1201|200|203|969|666|996|851|186|259|239|243|439|379|439|379|0|228|1767|1128|0|228|37|62|0|228|0|228|1043|776|0|228|307|498|380|603|0|228|24|52|3868|1203|1875|782|1588|751|287|218|288|275|0|228|291|314|1414|1215|328419|10253|316899|10000|36607|5560|0|228|83|99|30808|4986|0|228|1861|1020|0|228|947|828|754|554|0|228|0|228|1246|925|0|228|908|912|260973|11091|1448|898|1417|788|25421|4256|13411|3491|5856|2727|206905|9804|5889|2552|626|428|0|228|19319|4080|2232|1245|874|479|3451|1260|1218|619|4878|1976|568|466|127|130|4193|2006|101|121|1441|895|236|249|11520|2245|11520|2245|0|228
04000C0US34|2181082|26200|281549|12857|34279|3737|453|348|8384|2822|690|476|1357|624|22794|2687|10818|1753|9516|1809|2460|854|601|381|31658|3552|2415|911|1452|791|4936|1510|19151|3298|2753|975|836|491|115|177|77489|5101|8348|1709|29303|3281|28822|3568|237|182|10928|2319|88|104|137536|10023|5904|2461|4233|1722|2472|1450|2141|980|1758|697|4667|1456|4497|1520|2317|1440|1892|1023|3166|1325|4633|1675|44146|5401|5601|1683|18412|3156|1339|536|23006|3778|7352|2314|587|366|703639|12169|187826|8069|107646|6089|80962|5296|9607|1688|17077|2664|12585|2743|67595|4604|0|225|335888|11167|2670|1086|16867|3459|24|42|270000|10372|5837|1696|1016|499|4928|1794|24265|3554|5176|2195|3523|1602|1582|902|112062|8292|1078|982|2486|1511|1670|870|120|115|2637|832|84196|7069|1443|645|1974|892|16458|3153|0|225|64649|6930|792|464|1103|770|3460|2099|1214|654|13670|3853|3905|1316|1325|785|5982|2179|2173|909|7033|2812|19460|3730|1415|766|989|995|2128|926|3214|1051|126173|10144|13161|3248|1123|1272|1835|1031|5315|2080|0|225|651|477|1338|682|363|276|2536|1462|3375|1432|969|1074|0|225|802|640|1604|837|41107|5953|2094|926|30926|4980|6992|2323|603|388|492|371|3760|1208|3680|1184|80|134|60575|6640|246|242|18488|4170|215|304|6236|2295|27229|5642|1500|996|2130|1716|728|722|3803|1861|4195|1763|2355|869|1884|725|1770|711|114|129|75|126|82|134|0|225|314|321|1067366|23160|1048059|22805|388456|16654|1353|625|3268|1464|44294|6342|3260|1604|213590|12425|2551|1355|48118|7832|45648|5702|366|323|1021|1004|20293|4297|975|642|3719|1401|275590|12768|723|465|17735|3828|49749|6640|50336|7219|35462|6589|108984|8242|8223|2567|3842|1587|536|854|384013|17146|10113|1937|3649|1530|50673|7249|5180|1770|96987|7867|105906|8628|29264|5743|57809|6766|8650|2963|14018|3220|1764|1120|19307|2688|19259|2679|48|79
04000C0US36|4408339|39152|639584|16808|87645|4893|2652|1113|24928|3801|3188|2476|3563|948|51590|3809|27540|3299|20654|2796|3396|891|1724|708|80830|4821|4309|1046|4639|1864|25771|3835|35886|3007|4990|1535|4986|1561|249|267|131593|9093|27095|3790|77119|6676|9565|2369|0|217|16135|3464|1679|1062|335616|13240|23860|4831|17184|3104|7292|1889|6083|1305|5209|1495|5732|1428|9180|2085|3222|1615|3387|1402|5511|2149|2118|1274|51717|5075|12998|2897|62355|5746|4390|1546|82292|7672|33086|5264|3900|1783|1318409|19112|597176|14719|486937|14915|420696|13686|39365|3838|26876|3106|28131|3060|81945|6946|163|182|425848|17781|9785|3489|117643|8746|3222|1363|145109|10184|15858|2843|9103|3020|18623|3941|62715|8442|6610|1957|29310|4567|7870|2289|167396|8573|16199|3753|3520|1361|8867|2111|1975|1040|9728|2766|87211|5963|3412|1089|12145|2155|24025|3722|314|293|121821|10534|5119|2160|3746|1517|15127|4277|4989|2180|28135|4105|5639|1904|3676|1563|7332|2227|2812|1032|8563|2922|18896|3590|1821|729|12663|4539|3303|1028|6168|2324|239881|15667|27469|4605|1035|781|6660|2118|4417|1266|3174|1450|1747|1098|1476|1384|3049|1710|5911|2039|10479|3548|2163|1087|4318|2804|3459|1697|539|340|51260|7978|2995|1327|29400|5130|10100|1822|3854|2424|4911|4155|9169|2046|9004|1991|165|206|132752|10951|540|624|40755|6896|8869|3325|3990|1666|36227|4945|9517|2779|3337|1654|4537|2763|24980|5363|8752|2617|13145|2984|11515|2719|10110|2540|1405|643|90|149|0|217|0|217|1540|1395|2197320|29090|2144146|28263|1042646|25986|1572|787|20440|2897|17457|2741|7765|2576|500999|22368|18648|3411|118547|10713|222813|13130|10799|3097|11189|2619|87731|7472|8447|2621|16239|3257|477745|15948|7048|2091|6620|1868|100743|8396|66439|8004|55605|6790|216439|14192|9224|3025|15627|2528|0|217|623755|17222|19460|3085|3706|1492|30019|3968|9415|2332|121367|7396|176800|11356|165563|10020|57499|6441|7320|2533|23527|3470|9079|2775|53174|4284|52855|4272|319|271
04000C0US37|829889|16733|102157|7048|27031|2979|953|607|1191|501|229|228|2398|1287|21227|2608|9359|1708|10400|1825|1468|819|1033|884|23797|3393|801|498|638|365|4487|1839|14987|2969|2416|951|258|201|210|217|9649|2164|1977|821|3236|974|987|517|0|221|3377|1561|72|140|40993|6118|578|583|1846|1065|1791|1380|1028|710|227|201|978|479|1676|1102|1062|603|605|465|1001|596|0|221|3339|1160|2991|1286|11000|2423|675|592|7928|2929|4268|2213|687|562|244238|6549|52365|5207|32361|3892|27312|3650|1727|955|3322|1119|4605|1335|15399|3632|0|221|109187|7078|5251|2924|1289|835|357|473|84206|6183|4666|1763|890|611|6062|2036|5528|2016|191|231|325|372|422|456|66568|6296|5223|1968|816|529|1285|778|5242|2113|868|507|19112|3781|587|384|9127|3918|24308|4691|0|221|15061|3673|289|228|168|164|420|395|590|411|1299|684|952|591|945|755|2092|1561|779|559|1671|1316|2559|1133|490|388|2437|1601|370|262|1057|699|73869|8903|14226|3264|2648|1633|3736|1719|2034|1161|1609|1160|134|172|522|368|2099|1292|1444|887|9637|3594|625|455|3771|2517|4572|2150|669|880|11759|3153|1500|978|4460|1924|3277|1571|2187|1648|335|351|3534|1093|3288|1050|246|229|28660|6030|138|220|4296|2239|853|594|5307|2360|10904|3686|747|937|1783|1210|1215|902|3417|2120|6053|4843|3775|1159|2546|980|973|423|1573|972|52|87|20|35|400|439|757|388|405850|11485|387649|10918|48240|5241|1172|1115|1694|1494|8389|2366|2070|1601|11777|2600|102|166|4723|1940|12744|2765|305|305|196|268|3860|1844|178|219|1030|636|271690|11248|164|211|2408|875|31795|5181|20822|4071|42766|6732|167461|10234|3746|2047|2528|971|0|221|67719|6565|3748|1216|1248|1120|9908|2422|2885|1425|20863|4018|6926|2266|3005|1304|4288|1439|1269|707|12648|3784|931|944|18201|3162|18068|3160|133|222
04000C0US39|559943|12966|91186|6474|13717|2171|369|277|637|331|161|155|716|463|11424|2173|4345|1244|5827|1731|1252|538|410|315|18697|2580|699|310|1510|1239|2294|950|12451|1771|1389|699|354|291|0|208|9917|1734|3074|1031|5567|1339|237|207|62|98|1019|605|20|33|48531|4865|2845|1693|1221|567|2851|1176|1190|636|2126|737|1029|472|1437|678|180|187|281|235|1918|1396|808|530|3264|1026|5195|1496|8677|1908|2974|1382|8553|2004|3982|1198|324|269|232550|6485|52396|4879|34581|4353|29098|4035|2381|1004|3102|1068|5597|1449|11825|2109|393|363|116620|7325|2503|2473|2305|1146|15957|4010|63023|5423|3737|1361|815|367|11975|2689|9469|2595|1592|1213|4598|2188|646|511|39204|4529|1267|857|3396|1927|1281|750|3085|1647|1436|774|14079|2426|828|422|2601|1036|11231|3085|0|208|22435|3778|171|171|153|228|227|273|2310|1030|2663|1421|3017|1546|1682|969|3146|1100|3350|1586|2885|1074|2086|887|218|185|95|151|432|496|1895|1133|99763|9595|38472|6081|3285|1459|6820|1887|7344|1977|12206|3066|1375|1602|2273|2149|1047|689|4122|2828|7827|3155|4375|2528|971|748|2318|1531|163|188|14008|3564|1845|1041|6305|2758|2050|982|1869|1036|1939|2058|1664|776|1539|743|125|205|33543|5741|0|208|8946|2420|3409|2633|2283|1415|9549|2906|2693|1396|2114|1444|523|513|4026|1589|4249|1791|3184|1336|2198|1219|1878|1126|320|279|157|188|0|208|350|575|479|426|133260|8532|119828|7737|25410|4347|443|269|101|161|2562|1019|40|79|6793|2816|0|208|5190|2154|7887|2539|155|276|161|187|1438|721|179|219|461|369|67930|6150|536|402|821|506|6145|1735|8255|3009|5647|2969|43616|5683|1328|942|1561|1031|21|39|26488|5153|1239|534|270|247|6896|2466|737|595|4683|1662|2792|2150|1228|565|2461|1017|404|203|5778|2521|0|208|13432|2202|13337|2193|95|157
04000C0US41|377424|10164|54000|4987|13879|2104|605|669|1302|603|233|245|202|165|11040|1758|4657|1301|5597|1091|786|371|497|478|12491|1716|345|276|359|278|2252|827|7365|1436|1790|565|380|350|0|214|1743|752|45|73|638|363|543|547|44|73|517|409|0|214|25466|3818|0|214|1304|943|1187|817|795|867|360|282|686|338|975|566|71|91|197|159|1453|1017|82|133|833|418|2909|1064|3826|1012|650|484|8680|2659|1458|828|421|688|131494|4738|39080|3870|25256|3338|18838|3211|2880|1032|3538|990|5452|1360|8372|1687|0|214|33714|3888|1767|1059|592|479|685|614|20016|3203|3305|1109|933|519|3927|2512|833|568|94|151|1054|795|508|575|47423|4199|822|592|2123|1434|1073|529|3137|1207|1181|689|14755|2734|1200|653|2160|815|20972|3446|0|214|11082|2882|194|323|809|1101|286|396|2387|1379|1608|821|697|974|836|898|1035|715|552|496|773|800|1600|1327|212|325|93|21|0|214|195|202|15421|3054|7140|1925|609|827|3041|1489|1537|848|1055|979|284|284|0|214|475|554|139|231|791|939|0|214|518|870|46|80|227|365|1476|830|378|434|559|472|352|379|0|214|187|195|1111|584|1067|569|44|83|4903|2059|0|214|2216|1852|246|282|886|687|1068|682|105|181|7|3|244|378|131|159|0|214|8614|1473|3036|856|2284|754|752|376|676|555|1660|972|2584|1168|658|475|167895|7113|154323|6512|5803|1780|144|15|18|32|2505|1117|130|178|1391|1098|0|214|444|373|541|460|0|214|0|214|630|778|0|214|0|214|134870|6609|172|170|1505|971|4136|1480|7374|2699|2407|1683|117610|6271|1418|1279|248|237|0|214|13650|2826|1648|887|111|180|1579|802|822|405|1702|837|1467|1016|78|131|3626|1312|400|385|2165|1915|52|92|13572|2375|13572|2375|0|214
04000C0US42|956375|21106|156733|7628|27260|2951|278|191|4799|1208|525|331|1075|564|20546|2530|9073|1586|9490|1660|1983|816|37|60|22498|2671|976|492|1174|661|4543|1076|13615|2083|1328|520|625|372|237|219|23105|2720|4201|1208|12975|2129|2832|1045|0|190|2633|1136|464|388|83237|6788|6498|2098|3817|1631|2621|1146|2825|1104|809|440|1631|1180|1728|682|472|348|857|589|762|525|145|179|11243|1831|5948|1845|15129|2513|1362|628|20013|3727|7377|2029|633|529|362887|7562|110711|6991|76653|5924|68274|5646|2708|900|5671|1417|5064|1352|28178|3695|816|624|149448|8376|726|447|12456|3931|7913|2271|92805|6751|4588|1296|1406|651|8371|2435|10580|2771|1722|965|7869|3860|1012|637|73065|6664|1174|506|9164|2353|2187|1070|893|647|1545|621|20272|3136|1603|624|4170|1296|31857|4709|200|275|26818|3851|302|233|802|566|2404|1566|2581|1655|3162|1411|1102|666|654|554|3459|1506|1671|799|5165|2312|3717|1168|385|266|845|1138|569|357|2845|1832|87476|8417|16185|4205|773|848|5540|2714|5812|2612|250|323|1303|975|557|313|265|197|1685|854|5232|3306|1552|1279|213|234|986|756|2481|2796|16638|3814|4646|1638|6269|2679|3383|1158|1498|1265|842|636|2938|1514|2772|1502|166|221|39280|6616|0|190|6493|2919|726|538|13137|4319|9690|2804|382|253|4137|2125|1653|1504|3062|1609|7203|2877|2666|894|2267|861|1733|779|534|334|39|73|0|190|80|98|280|461|346613|15934|329092|15698|162084|14000|836|549|919|760|6319|1919|2191|1193|111010|11747|325|290|11305|3237|21976|3352|508|331|647|480|5405|1795|0|190|643|338|93544|9760|618|493|3903|1739|8856|2545|12292|3960|7814|3234|55040|6637|3615|1913|1406|758|0|190|73464|8408|3160|1118|531|399|15332|4174|2142|1036|11865|2715|15691|4239|5417|2462|8162|2645|788|507|10043|4159|333|329|17521|2216|17321|2204|200|261
04000C0US45|255538|9208|48702|4621|10357|1991|231|244|1164|564|169|179|319|246|8218|1704|3096|1244|4183|1217|939|464|256|242|15127|2517|390|252|398|368|1444|591|11124|2286|1235|638|536|277|0|222|4285|1324|1205|758|1864|930|814|598|0|222|402|323|0|222|18763|3366|724|884|406|377|225|280|583|484|351|315|440|315|630|478|392|391|84|143|1319|621|147|181|1434|907|2707|1757|2641|896|334|343|5436|1863|910|687|170|198|64670|3918|14353|2326|7851|1973|6192|1789|691|558|968|685|2157|844|4345|1427|0|222|29899|3892|70|117|842|695|0|222|23973|3035|1569|827|614|526|0|222|830|577|154|258|1790|1397|57|95|15774|2097|296|307|558|402|224|207|1103|549|0|222|9451|1685|147|189|1532|752|2463|1055|0|222|4616|2133|0|222|42|70|41|66|112|138|535|523|842|511|301|517|206|207|241|248|199|254|1185|1390|677|801|100|165|135|224|28|49|10561|2751|730|577|0|222|0|222|7|11|0|222|335|490|86|140|106|128|196|253|360|510|360|510|0|222|0|222|0|222|1161|549|200|198|167|208|616|536|178|179|0|222|2233|997|2055|937|178|296|5654|2397|0|222|1433|1237|185|314|173|218|2321|1488|408|439|0|222|0|222|1134|971|423|467|1509|1071|995|673|668|559|327|347|0|222|0|222|435|530|79|144|130096|6611|121743|6497|17334|3600|398|232|32|55|4226|1389|90|173|4137|1582|139|195|772|490|6216|2508|313|458|0|222|760|657|0|222|251|300|77233|5910|93|122|1113|653|4165|1566|7605|2194|11337|3941|51477|4638|686|507|589|341|168|240|27176|3841|1561|883|303|313|5017|1939|853|700|11808|2747|1488|624|563|728|1273|579|265|259|3885|1375|160|201|8353|1651|8280|1648|73|78
04000C0US47|351827|13930|32373|4028|8909|1887|230|237|181|122|0|225|208|190|8232|1931|2951|1090|4964|1492|317|269|58|102|8985|1522|495|354|148|195|821|617|6656|1252|614|432|251|212|0|225|3003|1007|656|462|546|287|473|393|0|225|1240|835|88|153|11476|2345|498|700|334|433|2041|1201|382|318|283|378|226|297|663|478|0|225|96|175|0|225|77|131|1395|1003|1767|833|1233|714|197|212|1368|754|916|679|0|225|99946|5303|23675|2961|12847|1962|11529|1934|428|322|890|525|2125|978|8341|1844|362|506|31620|4361|4702|3153|1337|929|410|582|20563|3134|2438|1083|137|166|656|538|620|477|0|225|612|812|145|189|31218|4051|3943|1876|356|338|552|412|3498|1302|1505|605|10044|2430|292|293|2358|1445|8670|2516|0|225|12805|3529|188|290|185|248|0|225|5075|2686|353|296|1742|944|1559|875|418|383|1038|844|911|918|1231|709|105|179|0|225|0|225|628|418|44935|8671|10155|2794|431|525|6583|2425|1387|903|155|261|4|11|616|989|149|172|830|735|4474|3717|690|880|2464|2900|1320|1242|0|225|17797|6194|196|244|14309|6082|810|677|1807|1304|675|762|1398|1007|1398|1007|0|225|9776|3462|0|225|1108|590|0|225|451|370|4977|2090|927|1026|0|225|1225|1912|1088|877|1335|951|3053|1271|1463|766|1295|699|168|210|0|225|357|506|1115|1059|118|274|171520|8755|160852|8497|15986|3643|374|360|104|183|4067|1611|177|296|3213|1545|0|225|2430|1875|3927|1666|168|291|83|141|926|727|0|225|517|417|119836|7191|55|99|793|598|9396|2706|19054|3667|22562|6070|65989|6261|1107|708|880|782|0|225|25030|6053|645|423|828|673|4969|3541|1050|607|4225|1237|477|382|627|528|2067|988|84|148|9929|4177|129|137|10668|2551|10603|2517|65|101
04000C0US48|4896141|57158|215521|9878|60032|5687|1509|691|4891|2182|1859|984|2171|883|48497|4904|23504|3558|20564|2816|4429|1412|1105|679|58443|4842|2077|970|1101|602|12717|2694|34959|3584|5661|1896|1710|750|218|259|21510|3285|2833|1083|5834|1750|977|537|0|237|11639|2620|227|230|73976|7351|1870|1101|1859|987|3032|1199|2048|957|641|574|2467|1068|2650|1032|924|516|258|204|1633|1000|2184|1694|8542|1921|6409|1807|19619|4585|1921|998|12788|3348|5131|1786|1560|980|1197868|16350|238879|10244|154788|9295|115661|8245|10831|2875|28296|3860|18566|3327|64754|6455|771|675|524423|17533|26452|7978|16795|3570|1048|785|340938|14448|24767|3754|2868|1213|30844|5930|71109|9208|6087|1880|1302|642|2213|1091|340140|11854|9916|2086|11570|2845|8553|2162|7742|2575|9258|2596|101161|7899|3240|1129|16592|2723|172035|9833|73|113|89141|9914|670|506|1908|1064|906|704|17989|5030|4784|1482|8230|2330|4120|1485|9110|1806|7415|2456|4991|2187|18843|7999|6258|2449|933|783|2984|1483|5285|1740|295457|16811|71969|7931|4763|2442|21172|4644|20197|4417|1599|1208|3374|1261|6306|2659|775|423|13783|3877|33364|6523|15823|4766|6419|2481|8361|3807|2761|1621|32470|5231|4454|1512|14401|3713|4476|1531|6884|2870|2255|1218|19399|8144|19234|8144|165|211|131757|11173|194|322|14869|3451|3579|1569|4569|1828|91124|9042|4346|5180|3146|1344|1354|710|8576|2686|6498|2223|13604|3045|8872|2169|6846|1820|2026|1213|856|546|199|316|2566|1814|1111|642|3173691|46124|3118709|45561|132813|12062|2173|1576|1211|632|72505|9237|4415|2745|13054|2467|367|314|4476|2015|16161|3409|1471|1021|0|237|10381|3942|1126|832|5473|1843|2733529|42759|3339|1662|5445|1659|235567|17798|98379|10499|182592|17426|2175319|41379|23226|4627|9165|1797|497|591|252367|16980|13931|2445|4608|1979|25588|3937|6144|1662|61874|7470|14479|3313|3016|1162|19154|4202|1995|919|99497|12079|2081|1128|54982|5508|54564|5525|418|285
04000C0US49|274403|10467|23813|3247|5348|1264|66|83|140|189|92|106|157|195|4459|1071|1509|558|2669|825|281|251|434|319|5432|1132|217|170|101|105|1207|624|2842|887|740|443|286|235|39|64|3595|1236|154|115|1081|662|230|229|0|204|2130|1093|0|204|8753|1924|0|204|66|82|1317|705|225|257|0|204|215|206|269|276|0|204|639|750|149|154|0|204|1046|943|448|270|1571|861|462|531|1257|579|1089|713|685|757|59442|4266|19555|3044|11940|2568|10035|2420|817|578|1088|635|1888|822|5089|1678|638|445|13263|2837|137|158|25|43|862|1220|6835|2297|2509|1339|497|595|858|838|1005|682|364|344|132|165|39|94|22848|3803|2952|1804|785|556|760|483|817|590|503|333|6532|1958|109|112|1879|854|8511|2682|0|204|3776|1499|479|439|176|215|0|204|1226|960|86|102|117|168|387|453|51|85|185|144|326|278|703|268|0|204|0|204|40|67|0|204|9869|3020|3471|2148|0|204|865|812|366|469|1263|1719|0|204|197|257|260|254|520|439|1496|972|0|204|382|409|1114|917|0|204|2788|1905|172|187|1585|1668|193|162|838|801|0|204|1326|649|1326|649|0|204|788|532|0|204|304|282|165|324|49|5|154|214|36|62|7|3|0|204|73|124|0|204|12690|2246|1993|711|1253|520|740|451|474|520|1478|1430|320|308|8425|1893|168589|7517|161311|7088|2832|920|0|204|55|92|475|425|0|204|835|479|0|204|557|486|910|527|0|204|0|204|0|204|0|204|0|204|110406|5699|52|86|849|536|4958|2027|5759|1975|1481|922|96688|5700|218|229|401|442|0|204|48073|5924|3219|1016|937|448|8451|2805|5143|1798|5923|2592|1621|743|90|140|8102|2471|963|658|13507|3813|117|161|7278|1524|7278|1524|0|204
04000C0US51|1074744|19005|93528|6707|23966|2607|992|530|1540|615|305|210|1557|700|18525|2468|8591|1855|8381|1716|1553|502|1047|596|22929|2694|397|286|891|506|4173|1088|14169|1940|1700|660|1599|788|0|214|12284|1903|2282|766|5691|1498|1221|589|0|214|3025|1286|65|108|34116|4532|2975|2218|2358|1063|1159|642|2107|851|488|421|1042|450|707|324|294|223|411|291|737|589|180|229|2159|608|3588|1190|8292|2077|615|451|4136|1173|2868|1253|233|184|472434|10379|116611|8252|54128|4990|44453|4566|1873|603|7802|2302|9174|2190|51087|4889|2222|1525|198654|11216|27774|4425|11627|3581|480|592|102794|6631|14607|2304|1738|810|14075|3766|21575|4061|1525|1578|1438|819|1021|843|114176|6991|932|563|4532|1716|3554|1446|1271|646|2973|1371|50513|4519|548|409|8208|2241|41645|4320|0|214|40635|5616|678|610|328|349|164|169|10393|3170|2975|1406|2835|1425|1347|592|3587|954|4165|2594|3770|1767|7356|2088|947|673|926|733|1164|635|2358|1027|128744|9628|46576|6611|3454|2037|29477|4311|4133|1417|2643|2101|484|567|1519|916|1887|866|2979|2184|8634|2848|4330|1825|1188|831|2361|1036|755|816|26742|5143|622|477|10984|3002|5872|1556|8559|3530|705|546|3727|1180|3583|1146|144|243|39317|5636|517|412|17960|3504|580|475|2505|1473|7774|2959|295|357|7242|2825|1044|867|1400|560|3748|2052|4773|1461|3031|958|2472|816|559|444|568|561|181|160|457|532|536|584|375265|12372|362982|12070|33944|3933|486|422|564|394|6764|1865|100|133|6789|1942|289|310|3609|1377|9438|1942|215|339|354|334|3828|1559|366|435|1142|613|225606|11639|367|560|895|556|100715|9057|25902|5567|34976|5710|47303|5829|7664|2872|7502|2591|282|341|103432|7406|7089|2198|25671|4426|8561|2553|3267|1273|15391|2922|4172|1652|2462|1266|25368|4398|701|379|9822|3436|928|509|12283|2056|12234|2057|49|81
04000C0US53|1123980|18549|153923|10321|26074|3059|912|421|3024|1470|893|455|1137|494|19032|2626|9446|1875|8386|1691|1200|415|1076|569|26733|3272|960|438|954|701|4672|1188|15984|2741|3173|1099|950|725|40|67|6899|1835|827|471|3083|1249|346|257|145|205|2545|1052|98|141|94006|9007|730|514|5345|2264|4117|1453|2357|1205|503|334|1038|546|831|512|753|370|311|306|3896|1458|648|786|5774|1697|6600|2178|21177|3792|447|315|36682|7924|2797|968|211|226|532492|11719|186001|9229|119372|7284|94284|6972|8783|1531|16305|2354|15070|1946|50150|4902|1409|954|147288|9258|4386|1985|2276|1263|374|382|115177|8650|9580|2203|1963|794|2576|1320|6401|1854|572|648|3333|1568|650|362|175087|9309|4949|1935|9694|2267|5750|2508|5120|1683|2759|1010|69473|6121|1056|668|14699|3547|61587|6143|0|214|23757|5569|1117|816|1808|1495|626|474|8629|4385|2937|1471|1314|798|343|386|1120|576|1287|742|671|557|2030|740|236|189|845|915|794|687|359|268|79296|7259|50077|5832|4549|2358|19827|3866|12339|2883|8232|3193|251|263|2184|1248|540|473|2155|1385|2185|1311|351|387|709|749|1125|616|0|214|7350|2365|482|378|4288|1776|1262|1003|763|756|555|464|5061|1936|4961|1930|100|120|13933|4035|0|214|3086|1728|306|373|1673|1186|4101|1531|323|326|178|285|259|453|4007|3027|690|667|21904|3964|6144|1805|3865|1310|2279|1008|1731|883|3399|2132|5629|3279|5001|1681|336365|11767|294089|11154|11544|3906|174|289|0|214|2299|1034|122|196|344|273|0|214|3040|2925|4519|2238|179|270|0|214|627|458|77|132|163|267|251656|12170|53|89|1171|692|9202|2338|10384|3369|10274|4189|217884|10823|626|349|1665|747|397|582|30889|4062|2198|1171|1240|632|11296|2799|1764|653|5089|1648|697|386|0|214|4608|1740|587|570|3123|1904|287|274|42276|3696|42181|3686|95|112
04000C0US55|256286|8809|36426|3101|4875|925|391|210|520|389|109|151|285|265|3344|876|1333|577|1557|448|454|351|226|170|10748|1750|440|294|624|458|1266|664|7618|1495|477|327|309|220|14|23|3211|1038|749|454|1605|637|84|137|0|159|590|524|183|301|17515|2233|1672|1199|745|527|533|497|178|176|349|269|925|594|425|327|517|340|123|121|31|58|70|121|3467|1061|1234|705|2625|790|462|289|2324|1020|1835|842|77|129|95224|4387|24710|3396|17773|3149|14179|2593|906|578|2688|1152|1629|626|5308|1568|0|159|29532|4565|932|837|2035|1641|0|159|21927|4001|972|615|247|199|665|550|2335|952|161|146|151|175|107|182|36565|3585|4715|2381|411|310|499|386|9396|2038|652|506|7574|1735|64|110|9163|1643|4091|1537|0|159|3595|1116|0|159|88|145|0|159|342|279|378|230|188|169|1055|653|0|159|394|345|362|268|427|372|0|159|166|261|195|129|822|790|19231|4400|7412|2476|524|740|843|562|1986|1226|2383|1263|381|465|59|102|621|785|615|556|4205|2485|2002|2065|1094|900|683|607|426|594|2265|1160|319|250|540|450|1104|995|302|479|0|159|2050|1653|1973|1631|77|129|2666|908|0|159|497|436|324|383|161|197|1213|561|58|93|38|65|0|159|375|494|633|689|767|361|669|340|418|293|251|236|0|159|0|159|59|101|39|48|104638|5527|99624|5464|5370|1624|325|384|84|136|239|232|0|159|2491|1150|0|159|863|794|1368|955|0|159|0|159|0|159|0|159|0|159|81600|5231|121|200|320|303|2175|1185|1502|626|1730|1044|71325|4544|4164|2137|263|253|0|159|12654|2834|1250|659|319|312|1885|908|493|372|1548|547|1305|1004|0|159|2963|1953|144|140|2565|1432|182|246|5014|1091|5014|1091|0|159
04000C1US04|603821|17442|42463|3867|10010|1651|326|334|922|496|140|135|82|102|8383|1437|3056|854|4515|1244|812|409|157|196|11784|1829|265|181|388|235|2030|840|7658|1622|802|521|546|383|95|124|2535|833|366|264|839|523|188|220|0|228|1142|612|0|228|18089|2976|606|662|83|137|2442|1036|1278|682|1308|881|1324|636|638|376|49|79|586|785|139|169|108|129|2821|1009|1512|688|2309|943|704|566|533|329|1649|1111|45|74|139228|8638|32618|3978|19720|3161|13997|2295|1500|767|4223|1993|5383|1939|7455|1820|60|84|46028|6311|2914|1833|1475|1440|856|1375|33876|5334|2504|890|382|357|1769|1321|1084|767|536|398|355|276|277|352|42093|5012|2514|1499|1757|1003|1085|678|1197|845|897|478|16914|3321|399|318|2562|1210|14768|3400|0|228|18006|2744|78|128|0|228|27|45|7180|2223|1471|860|1838|991|183|175|2133|1089|2100|1322|775|517|1055|656|293|278|348|413|525|534|483|425|29699|6906|9235|3390|95|154|2917|2804|2294|1322|928|760|468|665|361|306|119|152|2053|1083|4011|1737|101|169|1532|1101|1991|1318|387|556|4903|3648|0|228|892|706|538|377|3076|3560|397|345|1309|831|1309|831|0|228|7632|2953|0|228|337|399|419|467|936|769|4354|2130|0|228|196|317|1076|1770|314|350|2609|2932|3436|1223|1610|754|1080|552|530|476|340|551|524|838|289|391|673|439|388995|15815|371831|15944|10697|2856|0|228|56|98|3985|1636|76|124|1530|841|53|88|2478|1941|1687|1417|0|228|0|228|832|555|0|228|0|228|344504|15458|263|373|1303|703|5077|2100|14372|4678|3986|2098|317432|14540|1219|702|852|699|0|228|16630|3488|1341|752|485|382|1631|905|1193|717|4525|1909|2374|1411|271|233|3552|1391|99|115|1006|775|153|191|17164|2492|17085|2480|79|119
04000C1US06|5207200|38612|354614|13597|84710|6476|2217|904|7472|1457|2091|1039|6110|1731|64476|5603|31679|3183|28896|3406|3901|878|2344|716|76325|6304|3070|852|3444|1083|26939|5084|31879|2684|6688|1420|4115|939|190|221|42930|4351|6042|1534|15800|2521|9455|2124|2460|1168|11212|2311|421|320|149996|8299|800|536|6340|2074|1419|557|4139|1330|4272|1240|5972|1400|4314|1042|1885|827|1659|882|5560|2503|239|254|6494|1290|13825|2453|46503|5267|3480|1419|33964|4662|9131|1765|653|423|2266736|26180|713877|16813|471041|13756|341719|13413|46931|4190|82391|6611|57440|5304|183251|11029|2145|1523|570180|19115|19205|3705|12380|3072|282|279|336488|13915|149637|10279|6828|2329|9730|4998|23667|4468|6069|1935|3193|1175|2701|903|794722|19716|13094|2908|31648|4312|15549|2740|27699|3553|8244|1808|401574|15677|5594|1127|33257|3631|257805|13155|258|271|183702|9213|70832|5940|5431|1805|2751|1441|16362|3802|23309|3404|6727|2030|4695|2351|15391|3007|2992|1137|13908|3276|13659|2018|2379|958|3236|1569|2030|928|4255|1800|109502|8324|36894|5260|4415|1958|15507|3193|7858|2565|1219|865|834|663|1847|927|2008|1196|3206|1012|4306|2079|1697|785|194|230|1530|1808|885|768|29304|3823|1880|892|21713|3641|2637|999|1264|827|1810|1074|13514|2366|13514|2366|0|218|22600|3820|95|154|2571|1199|422|286|1413|893|13097|3127|451|435|1397|898|747|1118|2407|1819|2884|1602|36919|3500|17988|2428|14950|2277|3038|928|10864|2557|385|606|907|878|6775|1885|2439429|29923|2375743|29531|34309|3958|652|282|296|234|10573|1690|736|923|3234|1167|66|83|4503|1986|8994|2295|296|326|113|187|2375|1041|936|760|1535|1200|2184866|26847|9291|2252|5235|1405|244152|12559|190781|12911|41166|6309|1659895|25693|28650|4374|4940|1868|756|432|156568|11006|14234|2068|5985|1867|31971|4916|6878|1493|36556|4897|11209|2376|1084|793|29368|4266|1610|774|16098|3616|1575|711|63686|4825|63436|4806|250|233
04000C1US08|299082|11573|36565|4111|7039|1331|128|116|568|421|34|56|709|400|5221|1038|2159|699|2701|865|361|283|379|437|10399|1725|586|354|146|132|1434|532|7128|1532|727|395|378|254|0|218|2421|950|465|454|618|312|129|194|0|218|1209|728|0|218|16706|3375|84|141|489|407|468|285|1038|625|186|190|1028|480|219|176|224|173|235|268|595|810|0|218|2795|1125|493|390|4209|1467|149|197|4286|1736|208|207|0|218|69271|5465|22704|3050|11054|2836|9746|2715|308|235|1000|520|2372|944|8747|1609|531|490|19815|3567|1102|1316|312|291|977|882|11440|2719|1812|885|0|218|2891|1261|572|393|213|244|158|159|338|274|20831|2745|1168|715|647|440|1074|561|274|305|394|433|6335|1580|220|201|1434|543|9285|2013|0|218|5921|2027|56|92|0|218|0|218|2157|1485|692|455|303|362|120|132|136|225|194|187|954|802|947|613|257|217|0|218|105|168|0|218|37194|5366|19427|5616|2484|1375|14064|4856|931|504|506|763|0|218|475|601|0|218|967|719|2871|1274|804|691|781|977|405|506|881|616|2892|1368|451|621|660|832|783|703|547|523|451|583|1271|727|1195|696|76|136|10042|3562|0|218|3699|2913|674|551|191|290|1250|816|578|750|50|88|838|801|2762|1782|691|650|2361|784|2096|799|1837|755|259|185|0|218|0|218|239|241|26|59|153691|10051|146106|9798|2791|972|83|136|0|218|913|712|0|218|792|513|49|89|270|249|330|266|0|218|0|218|258|256|48|81|48|45|124977|9389|108|152|505|389|8283|3841|4610|1956|5028|2244|105754|7886|533|396|156|196|0|218|18338|4446|790|536|164|192|2015|819|1802|1146|6145|3082|786|598|70|110|2757|1429|0|218|3739|2504|70|115|7585|1589|7585|1589|0|218
04000C1US12|1354535|24952|130271|8013|26055|3051|697|718|1965|738|788|529|1404|672|20561|2928|10427|2080|8756|1683|1378|635|640|505|31935|3995|1463|768|1390|930|8355|1902|16452|2881|1338|485|2937|1625|0|239|19268|2824|3561|1762|8169|1578|1680|836|168|280|5347|1459|511|487|52572|5531|4224|1821|1678|938|3816|1569|2289|1143|1400|788|3538|1471|2085|906|73|90|324|349|1080|654|126|144|5442|1516|4709|2090|7451|2127|1554|854|9321|2827|3462|1049|441|395|176418|8875|27344|3451|19218|2935|15266|2478|999|500|2953|1132|1771|724|6355|1660|0|239|52418|5067|786|509|2807|1478|62|104|35587|4337|4487|1095|1834|2038|348|264|5231|1481|386|301|621|376|269|257|66414|6334|1647|977|1779|823|990|927|1652|846|793|433|36450|4578|216|202|5841|1334|17046|4170|0|239|27731|5343|421|555|420|396|173|203|3482|2703|3820|1451|1556|983|1300|781|3892|1977|3545|1947|4476|2428|4409|1496|180|161|0|239|57|94|2511|1211|29959|5544|5942|1798|0|239|2022|1368|1435|827|0|239|691|528|51|85|731|468|1012|571|1681|852|670|518|411|459|442|397|158|261|8769|2970|79|114|5304|2249|1288|728|1002|872|1096|730|3733|1506|3655|1488|78|131|7690|2996|407|421|3328|2492|388|484|180|201|2605|946|95|161|152|260|0|239|535|503|2144|1494|3525|1111|2373|804|1844|709|529|369|89|146|182|286|116|142|765|596|1014362|22208|981363|22071|432905|16049|6727|2036|2489|949|209300|12215|969|796|37274|5225|979|675|100330|10519|58854|6419|2299|1787|151|185|10103|2385|878|661|2552|1515|202417|13381|1603|1183|4814|1663|17589|3375|33649|8468|40475|6063|56882|6562|40746|6798|6659|1526|0|239|346041|17257|19380|4053|3807|1567|55109|7401|5788|1702|86143|8151|15820|3606|6555|1924|28524|3699|4731|2148|118804|12783|1380|1056|32999|4005|32545|3985|454|378
04000C1US17|793784|20448|123735|8516|11116|1951|251|261|1937|606|309|260|384|270|8042|1710|5103|1544|2592|858|347|313|193|216|12027|2345|1094|618|263|220|3509|1622|6291|1386|265|258|605|630|0|206|11720|2313|4278|1471|5747|1832|373|490|0|206|1322|571|0|206|88474|7302|2873|1891|873|487|7299|2546|4995|1827|1830|939|756|635|534|306|426|409|1863|906|1594|980|584|404|32915|3549|8228|2563|6621|2233|4103|1780|9286|2416|3694|2581|398|423|253997|9782|75345|5410|55494|5086|48579|4786|3610|1146|3305|997|4196|1527|14900|3019|755|547|97990|7404|1622|1368|3607|2120|0|206|71695|6664|4071|1773|935|855|2171|1104|11215|2955|1676|1594|97|137|901|712|58171|6066|911|583|1346|1413|1374|1034|762|502|2567|1748|37881|5224|454|355|2577|1185|10299|2129|0|206|20365|3971|132|217|197|199|0|206|5446|2133|1857|905|2101|1168|551|337|821|629|1466|1037|3616|2306|2981|1113|268|214|857|988|72|87|2126|1286|41765|6355|11489|3156|382|355|4339|1900|2140|1157|996|638|1990|1753|350|341|124|149|1168|663|3647|2115|2048|1699|277|282|1226|1331|96|158|3730|1290|773|954|2212|1088|584|405|0|206|161|204|2605|1483|2605|1483|0|206|19408|4365|0|206|2931|1017|572|559|551|496|12435|3195|347|378|344|441|0|206|2228|2738|886|647|2065|908|1407|802|1138|709|269|283|118|192|0|206|288|479|252|335|372222|15221|366461|14903|14920|2807|171|175|100|135|3941|1223|0|206|1566|700|0|206|3070|1389|5001|1680|178|261|0|206|811|538|82|133|0|206|304601|13264|3506|1532|624|390|4974|2310|11642|2687|4543|1718|277322|12364|1665|940|325|254|0|206|46940|7182|1677|996|295|233|6495|2224|1441|1061|12910|4205|9476|2780|379|389|3146|1041|398|384|10662|4312|61|103|5761|1702|5722|1694|39|72
04000C1US24|182875|11591|21169|2938|3524|1135|189|164|60|100|0|224|87|102|3188|1107|2090|949|976|496|122|116|0|224|6799|1553|149|142|325|331|1830|795|3779|1288|314|247|402|369|0|224|2375|847|574|474|702|390|340|326|0|224|722|504|37|61|8320|1941|583|624|839|724|104|128|253|203|0|224|514|466|378|254|7|4|0|224|23|38|165|271|1177|674|1141|1164|1907|974|104|136|803|528|322|266|151|249|60325|6068|20073|3299|14355|2736|10705|2410|1397|725|2253|995|625|515|5093|1715|0|224|22986|4378|593|946|2756|1578|0|224|12914|3889|3693|1444|315|319|1542|1029|535|299|274|226|250|241|114|198|12069|2992|657|605|264|313|1947|1891|149|209|236|285|5904|1772|12|20|766|729|2134|842|0|224|5197|2038|412|539|365|335|180|300|313|282|986|783|215|374|42|69|910|1130|265|333|103|102|1248|709|53|62|105|183|0|224|0|224|28863|5582|8551|3495|978|1040|2130|869|1063|734|0|224|2127|2305|1260|1539|565|441|428|309|2382|1447|1455|1047|0|224|851|963|76|120|2707|1663|195|326|707|396|421|575|1108|1268|276|217|1939|895|1443|704|496|561|12065|3181|0|224|2955|1444|49|97|631|468|5111|2061|238|343|2296|1527|349|472|436|435|1219|866|430|390|247|212|247|212|0|224|0|224|0|224|0|224|183|316|72088|7802|70250|7736|15797|3426|212|225|97|166|949|651|0|224|2747|1544|283|307|2268|1504|5247|1878|0|224|39|66|3721|1493|189|313|45|78|35358|6193|0|224|238|257|17316|5416|4814|1799|6779|3365|5209|1960|371|354|631|436|0|224|19095|3907|1295|555|2623|1918|3561|1681|1018|713|1297|801|3248|2069|1328|1005|2345|893|108|138|2064|1396|208|266|1838|738|1764|741|74|125
04000C1US25|357320|13108|47655|4193|8555|1726|177|178|2830|1089|90|146|445|324|4707|1108|2759|978|1904|659|44|72|306|383|8492|1547|262|207|578|393|3105|1033|2965|993|573|289|1009|471|0|222|7608|2472|1229|685|3664|1922|1086|564|30|52|1629|1085|0|222|22677|3761|6751|2350|836|592|291|306|294|262|148|177|819|682|263|276|139|146|113|151|297|321|0|222|1910|901|992|717|5208|1778|643|529|2821|1164|1152|469|323|311|103810|5901|46241|4572|37422|4497|31345|3928|2589|911|3488|1529|2789|1098|6009|1566|21|42|22774|3164|135|156|488|355|0|222|15047|2383|2670|1041|61|88|1620|919|2100|1279|435|365|0|222|218|187|20669|3299|479|420|1359|888|907|665|0|222|422|397|1388|549|805|447|1022|492|14287|3064|0|222|13980|3013|1192|1402|798|800|0|222|1502|1172|3881|1525|491|520|532|558|1581|1116|433|312|1427|1008|1819|820|93|112|0|222|231|259|146|165|43717|6225|12553|3253|669|728|4088|1427|4008|1922|726|900|133|160|2229|1590|127|109|573|637|844|534|219|245|0|222|242|300|383|376|5200|1897|634|472|2167|1260|1611|889|152|247|636|717|616|347|616|347|0|222|23229|4522|12033|3968|8035|2498|0|222|102|144|1962|877|0|222|281|438|226|374|590|459|1275|979|1147|470|990|431|828|392|162|210|62|108|0|222|0|222|95|154|160991|10473|155678|10351|72740|7828|0|222|1899|995|893|677|2382|2764|29869|4622|474|506|15831|3664|14436|3230|96|160|174|279|5251|2839|140|232|1295|813|33199|5596|0|222|1005|960|10062|2990|11975|3878|3228|1375|5491|1870|201|174|591|494|646|521|49739|7145|958|523|71|86|23890|4968|1778|1215|13771|3435|4894|2117|531|455|2304|1391|0|222|1340|576|202|197|5313|1190|5290|1189|23|6
04000C1US26|265926|11013|29888|4293|4981|2595|135|158|217|192|1303|2557|38|63|3243|702|1664|564|1246|479|333|296|45|74|4942|1044|271|261|135|134|433|297|3270|996|670|275|163|208|0|184|2882|978|752|570|1367|583|48|78|0|184|357|263|358|306|16899|2843|3131|1227|366|312|2071|1206|216|220|184|189|781|891|182|155|68|112|0|184|0|184|470|310|2876|1003|1614|644|1830|834|154|146|1633|917|1323|628|184|298|162317|9000|30965|3215|17309|2255|14611|2249|968|429|1730|559|6180|1741|7324|1723|152|235|54994|5926|0|184|11240|3003|709|859|36441|4403|1329|528|309|494|1111|769|3781|2004|27|45|47|87|0|184|16502|3506|3585|1639|0|184|542|385|809|743|873|503|5479|1586|206|167|289|201|4617|1971|102|171|58875|6265|681|904|75|92|0|184|16213|4108|331|225|2018|1372|498|459|13177|2038|859|516|4463|1989|594|455|652|479|18666|4322|648|908|981|683|16369|3718|4418|2198|441|512|763|887|574|500|1598|1694|25|45|132|213|0|184|885|638|2152|1464|126|148|1376|1324|490|398|160|272|2919|1238|230|243|1378|816|715|767|150|61|446|458|36|57|36|57|0|184|6444|2536|0|184|1696|1934|484|585|0|184|2339|1354|1365|1015|48|80|0|184|512|639|400|350|740|415|679|390|485|336|194|201|0|184|0|184|0|184|61|115|56612|5172|48362|4872|4251|1282|0|184|0|184|1196|562|0|184|602|430|0|184|42|68|1951|936|0|184|91|148|369|485|0|184|0|184|39594|4329|0|184|375|551|1082|934|5518|2239|4789|2324|27465|3321|334|270|31|51|0|184|4517|1114|161|145|46|73|545|367|234|243|1433|724|458|387|211|224|230|188|45|90|1106|701|48|79|8250|1490|8189|1479|61|106
04000C1US36|3227082|32491|428155|14312|49912|4722|1928|1026|12088|2428|2694|2483|2151|720|29779|2970|17914|2820|10742|1677|1123|510|1272|655|49983|4191|2902|1001|2474|1183|20220|3476|17344|2250|3505|1411|3404|1228|134|209|72692|6012|18143|2989|39099|4905|2222|959|0|217|12019|3155|1209|919|252499|12032|18886|4662|14029|2618|4170|1385|4779|1174|3595|1302|3806|1177|5973|1902|1336|763|1931|1083|5159|2137|1583|1298|32813|4278|8840|2484|50008|5584|2749|1360|67255|7399|25587|4327|3069|1538|989837|17070|483238|11624|410626|12649|358914|11708|31960|3347|19752|2636|18699|2880|53795|5968|118|155|298222|14073|6570|3156|105024|8131|1730|1008|77542|7416|5970|1807|8142|2868|14377|3346|37691|5721|5042|1817|28695|4578|7439|2283|117852|7802|12693|3503|2586|976|7316|2133|1015|872|7678|2211|56073|4915|2778|984|10058|1970|17393|3570|262|282|85745|9079|4310|2041|3249|1435|12902|3756|1287|693|20079|3833|2209|820|1375|831|6207|2124|1410|606|7452|2843|10845|2636|1041|492|11438|4359|1941|713|4780|2340|188449|14045|18662|3821|810|755|4842|1884|2764|1080|3001|1430|1010|1009|297|250|830|731|5108|1990|9274|3586|1782|1106|4100|2856|3183|1646|209|211|38018|7059|2985|1329|21314|4449|7463|1833|2901|2199|3355|4006|5091|1801|5091|1801|0|217|109614|10075|353|581|34252|6396|8360|3360|3090|1560|24544|4118|8901|2824|2796|1435|4501|2728|22817|5258|7790|2517|10037|2859|8575|2547|7637|2415|938|568|0|217|0|217|0|217|1462|1397|1610604|23638|1580633|23306|838889|24431|1146|646|17817|2871|12561|2426|5471|1530|427976|20180|17080|3454|82401|8317|160562|11118|9750|3079|10616|2661|73517|6508|6604|1966|13388|3042|294819|12645|6533|2033|4748|1719|27597|4139|34547|6066|29116|4602|173773|11749|5782|2067|12723|2204|0|217|446925|14411|10367|2106|2100|1083|15357|2977|5872|1799|81685|7019|123620|9624|147842|9779|31353|4506|3786|1740|18076|3062|6867|2697|29971|3442|29764|3461|207|248
04000C1US37|465452|17430|51185|5242|12538|2339|131|130|432|304|229|228|1399|1124|9494|1730|4198|1122|4394|1080|902|526|853|851|12730|2376|570|470|271|185|3882|1790|6657|1520|1212|756|99|114|39|65|4979|1614|1591|780|1323|608|375|287|0|221|1690|1255|0|221|20611|3959|0|221|1110|935|1085|1241|587|570|46|77|505|363|1025|930|521|457|388|403|754|538|0|221|1651|724|1716|1051|5968|2085|499|515|3245|1458|1511|927|327|457|147698|6772|31478|3527|21014|2774|17410|2654|1064|731|2540|1020|2650|1064|7814|1957|0|221|64600|6287|2146|1202|1190|808|66|109|50677|5390|2136|952|471|395|4247|1711|3418|1693|167|226|46|75|36|61|41702|5460|3269|1441|305|287|1090|811|2013|1584|407|378|10203|2661|352|314|6416|3619|17647|4201|0|221|9174|2547|94|140|168|164|277|350|543|415|892|583|712|569|679|804|1130|680|668|529|1101|1209|1854|994|300|286|594|557|162|156|744|565|55606|8021|10823|2720|2391|1613|2928|1534|1563|1065|875|789|97|161|289|250|1585|1385|1095|732|6891|3319|484|392|2328|2398|3410|1809|669|880|8658|3023|858|695|2628|1661|2710|1544|2187|1648|275|337|1495|739|1335|650|160|190|22293|5723|138|220|3312|1877|705|557|4039|1989|8747|3640|747|937|614|704|641|725|3350|2124|5446|4807|1849|754|1058|571|373|264|685|480|52|87|0|221|122|201|617|351|209114|11486|200589|11166|30015|4365|903|1066|1476|1473|5588|1903|1446|1293|7333|2017|102|166|2703|1599|6819|1946|305|305|0|221|2870|1556|178|219|292|213|132448|9650|0|221|1094|750|18833|4285|11650|3888|30798|6332|67341|7289|1703|990|1029|489|0|221|38126|5533|1800|876|757|1054|4849|1947|1836|1226|10947|2965|4869|1884|1587|971|2145|875|1000|658|7722|2910|614|852|8525|2023|8525|2023|0|221
04000C1US39|211532|10124|15914|2012|2780|845|71|117|243|216|80|85|82|137|2160|737|1017|573|992|427|151|143|144|240|4092|1292|59|74|0|208|950|755|2499|910|584|537|0|208|0|208|1880|578|835|417|742|341|124|158|0|208|179|156|0|208|7162|1311|412|337|274|265|111|131|257|308|134|227|376|367|126|123|0|208|83|137|0|208|239|294|841|508|1181|711|1186|483|212|272|1115|557|615|372|0|208|72838|5420|14168|2418|9095|1824|8322|1808|133|164|640|378|1074|543|3913|1486|86|142|36656|4953|2209|2480|867|754|5996|2720|15686|3983|888|483|169|163|5812|1854|3956|1603|109|189|664|645|300|386|13097|2708|1008|825|1084|641|645|664|1224|949|626|471|3287|1460|340|339|987|534|3896|1696|0|208|8439|2187|0|208|0|208|52|86|1431|790|452|342|886|452|686|658|1322|684|1738|1185|959|792|859|598|0|208|0|208|54|88|478|590|62539|7784|25422|4951|1320|776|3344|1202|4732|1826|10451|3107|1375|1602|606|987|733|649|2861|2624|5973|3028|3345|2539|666|649|1799|1438|163|188|6698|2481|1255|962|2245|1152|712|477|1228|778|1258|1932|972|630|847|587|125|205|20198|4981|0|208|6226|2064|2305|2326|2080|1396|4736|2577|894|690|1905|1406|314|461|1738|898|3276|1776|1655|1118|1176|1040|994|938|182|229|0|208|0|208|0|208|479|426|58586|6276|55410|6117|14667|3318|114|137|101|161|713|535|40|79|3981|2420|0|208|4573|2063|3582|1430|0|208|0|208|972|614|179|219|412|363|29161|5029|350|368|468|453|3779|1504|3186|1338|3950|2601|16351|3586|473|564|604|813|0|208|11582|3846|361|321|48|81|2187|1527|147|177|2577|1393|1813|2068|581|367|599|356|125|130|3144|2157|0|208|3176|1400|3081|1400|95|157
04000C1US42|386039|17980|49134|4831|4439|1566|0|190|496|453|85|145|425|318|3433|1312|1702|807|1425|781|306|358|0|190|5862|1382|29|46|143|192|1733|789|3389|1029|326|285|242|253|0|190|7026|1864|1485|780|3427|1207|1063|720|0|190|1010|846|41|66|31740|4230|4002|1561|1862|1001|1013|629|423|425|247|211|154|182|342|206|279|226|474|519|173|319|0|190|2822|989|752|459|4583|1499|694|398|8903|2931|5017|1924|67|106|124638|6179|42582|4629|33090|4215|30626|4117|978|626|1486|690|1736|723|7096|2327|660|617|35105|5133|196|213|4276|2039|1378|747|17846|2922|1112|820|342|267|1925|1273|2106|1041|323|410|5211|3565|390|402|32986|4104|883|481|6593|2266|1680|990|77|105|370|350|5293|2114|430|345|1703|711|15799|3339|158|263|11931|3232|82|140|427|480|545|504|846|1274|2257|1321|766|580|98|117|398|310|897|584|2907|2070|1814|749|48|84|737|1133|109|179|2034|1798|33858|6683|6000|2838|346|426|2361|1880|1623|1579|0|190|924|870|8|3|79|146|659|773|3456|2825|1016|1004|188|231|515|463|1737|2557|3601|1695|1570|981|435|407|605|544|709|933|282|465|268|237|146|124|122|208|17973|4903|0|190|3395|2094|726|538|7371|3765|3172|1754|114|136|754|783|1154|1450|1287|1074|2560|1512|775|556|460|299|356|267|104|137|39|73|0|190|0|190|276|461|177634|13392|173239|13191|101591|12647|422|404|383|576|2548|1396|1927|1074|75222|10863|266|268|5535|2653|11825|3222|56|94|173|275|2911|1466|0|190|323|243|36009|6518|67|111|1704|1257|3604|1822|5787|3589|2755|2188|19774|4300|2014|1490|304|280|0|190|35639|7145|1545|848|0|190|10055|3904|410|425|6043|2296|4516|1572|2222|2018|4395|2063|303|304|6014|3667|136|231|4395|1234|4395|1234|0|190
04000C1US48|2600536|41331|108984|6975|29761|4037|759|544|2833|1040|1381|768|923|486|23824|3761|12628|2943|9251|2070|1945|670|41|67|31457|3961|1532|898|738|550|8191|2135|18078|2786|1636|707|1172|719|110|177|12720|2756|1385|632|2920|1008|121|144|0|237|8229|2475|65|110|34004|4051|642|752|708|435|1328|720|940|504|590|570|1739|947|1388|719|337|356|0|237|1062|765|797|842|3262|912|2914|1160|8402|1888|1151|870|5526|1945|3218|1311|1042|662|559102|16659|128463|6775|84324|5480|62658|5349|5223|1323|16443|2353|12016|3028|31404|4316|719|628|238372|13110|24763|7818|7570|2350|1048|785|140771|9938|15775|3218|602|466|17075|4145|25915|5403|2982|1223|307|236|1564|985|150341|9234|6721|1907|3268|1408|4112|1729|3585|1483|4905|1603|50112|6271|1447|868|8468|2085|67650|5849|73|113|39549|5248|267|333|680|555|94|163|8424|2498|2921|1059|4711|1734|1543|869|3937|1243|3637|1627|1594|865|7377|2852|2460|1086|756|726|1148|683|2377|1004|160610|12164|45418|6523|3284|2031|13387|3740|12587|3356|1430|1168|1946|1088|4572|2491|309|275|7903|3330|18852|5301|6093|1925|4525|2473|6103|3292|2131|1483|17448|3931|2627|1194|6902|2030|2397|1061|4440|2575|1082|720|5826|1824|5826|1824|0|237|67805|7174|194|322|8173|2810|2988|1497|1812|1066|45921|5525|398|417|1718|1070|928|520|5673|2225|5261|2092|6913|2096|4508|1341|3375|1045|1133|868|492|394|0|237|1571|1394|342|352|1764927|35867|1739142|35234|64649|8098|1332|1449|568|412|35897|6080|2492|2228|6774|1796|110|181|2577|1142|7211|2401|714|670|0|237|3181|1367|1029|821|2764|1295|1547576|33214|1986|1482|1844|643|118511|11718|72850|10374|122401|13998|1209822|29981|15405|4248|4646|1363|111|181|126917|11350|7194|1891|2552|1793|11771|2790|1984|765|29529|5362|7766|2295|1445|716|10757|3541|1076|709|51324|8905|1519|1046|25785|4233|25581|4237|204|217
04000C1US51|241333|8762|30576|3062|8141|1482|459|430|108|125|211|177|594|432|6365|1349|3132|1155|2446|848|787|429|404|435|7149|1495|73|90|441|404|1341|632|3933|1224|484|314|877|747|0|214|4071|992|727|347|2113|860|477|385|0|214|754|386|0|214|11215|1964|404|333|1366|803|307|292|1298|694|255|317|539|314|242|241|0|214|110|104|0|214|0|214|823|351|875|447|3223|1371|68|117|1045|639|660|448|0|214|90289|4946|24229|3115|12530|2264|11048|2279|155|133|1327|563|3179|1442|6774|1257|1746|1516|26159|3773|5305|2209|1377|982|46|95|13271|2978|2510|920|43|74|877|521|1584|910|111|128|342|354|693|766|30558|2661|247|254|154|153|1133|781|287|296|285|254|20520|2394|225|292|1611|692|6096|1512|0|214|9172|2628|69|93|51|86|81|100|2748|2065|925|542|288|286|347|306|952|457|558|375|604|434|1407|747|544|555|286|372|312|298|171|201|36664|4836|14829|3851|226|275|10892|2759|969|697|134|138|0|214|723|762|28|48|1857|2125|2713|1538|852|1089|432|336|1429|908|0|214|8050|3166|197|228|1820|991|2790|968|3243|2648|0|214|1120|673|1120|673|0|214|8255|2469|197|288|1442|821|166|229|947|1050|2836|1002|237|339|2001|1755|172|205|257|259|1697|1502|2017|1100|835|481|511|289|324|381|319|453|76|91|457|532|330|515|81787|5321|78326|5199|11227|2145|182|310|200|187|3309|1553|100|133|2320|1144|0|214|1077|787|3362|1115|0|214|56|103|514|462|0|214|107|136|48601|4530|0|214|348|326|16576|3377|4052|1848|9008|2392|13349|2635|2488|1721|2780|1778|0|214|18498|2643|1096|644|4351|1538|2308|1346|967|738|2937|924|1527|702|521|428|2776|1183|0|214|1812|976|203|172|3461|939|3461|939|0|214
04000C1US53|536615|12660|71615|6882|11288|2306|223|181|1865|1498|515|358|363|233|7577|1544|3718|854|3555|1205|304|226|745|506|12646|1957|494|330|470|491|2423|772|7249|1611|1309|573|661|698|40|67|3957|1267|528|334|1835|913|193|200|89|148|1321|746|80|135|43724|5958|54|89|2431|1297|2028|1163|1048|555|370|305|573|395|394|329|404|307|0|214|1268|781|150|198|2891|1117|2616|1187|11569|2592|172|202|16197|3873|1559|781|0|214|277525|10366|98788|6966|70011|6295|56331|5881|4252|1005|9428|1832|7605|1334|20754|3348|418|457|76708|6358|2243|1276|800|848|127|219|62254|5704|3262|1249|1163|751|1762|1052|2248|1102|203|251|2368|1303|278|266|88518|7254|2914|1520|4700|1588|2621|1399|2718|1044|1566|828|32609|3993|537|465|7432|2594|33421|5108|0|214|13332|4884|383|490|1212|1423|418|386|6055|3956|999|864|319|398|205|350|431|428|691|463|500|526|1058|632|93|126|786|905|182|217|179|175|38509|4849|24457|4424|2960|2211|8357|2743|6246|2067|3792|2019|201|249|1034|731|142|140|1725|1367|1035|605|259|346|206|238|570|385|0|214|4043|1634|330|337|1451|944|1026|992|763|756|473|419|1382|921|1382|921|0|214|6930|3124|0|214|1526|994|194|322|892|889|1727|896|94|157|178|285|0|214|2319|2666|662|663|8895|3020|1944|832|1513|778|431|395|774|502|2819|2197|2052|2056|1306|676|140071|8669|120240|8440|3871|1331|174|289|0|214|1378|765|0|214|63|102|0|214|245|295|1229|758|157|267|0|214|385|272|77|132|163|267|100774|8066|0|214|610|504|3455|1452|3404|1338|5063|3251|87226|8102|272|225|538|393|206|332|15595|3390|1435|799|395|471|4540|1726|889|503|2990|1560|367|283|0|214|2770|1280|429|507|1493|1218|287|274|19831|2449|19784|2447|47|80
04000C2US06|5147344|43385|298752|11777|67829|6099|3802|1310|5827|1421|1265|507|4357|2155|51910|4980|23581|3454|24393|2602|3936|837|668|342|65380|4438|2248|845|1782|681|13042|2593|36403|3370|8608|1711|3160|931|137|168|39049|3955|5349|1450|13328|2146|14685|2528|5636|1879|4988|1319|699|345|125689|9578|1391|856|6353|1979|3658|2113|3425|1272|2268|955|4730|1436|4996|1257|984|533|912|480|3996|1491|601|530|13747|3798|9630|1639|25933|3856|2628|1261|31972|4802|8465|1608|805|536|1965983|23283|668081|17759|490823|15256|340792|12923|58279|4445|91752|6404|37693|3710|135831|8957|3734|1625|409277|15541|41617|7363|10884|2886|0|218|241742|14140|66325|6496|3101|1610|12571|3935|25448|4523|4900|1774|1260|751|1429|726|775690|20397|15500|2658|21718|4058|20045|2810|19410|2764|7549|1420|396607|15054|4853|1349|30994|3259|258889|12362|125|120|109241|10188|7816|2018|1404|970|1038|589|28565|6288|9842|2174|9495|2631|2848|1154|13598|2501|2630|1082|16789|4646|7461|1679|1614|741|4954|2495|1187|567|3694|1190|93703|9400|21904|4180|1344|678|5064|1740|8866|2892|332|373|742|536|2430|1551|1497|580|1629|1130|2986|1084|1912|1070|252|405|482|322|340|247|25302|4152|2914|1516|16751|2940|3616|1648|191|238|1830|681|7382|1773|7349|1774|33|57|33411|5327|110|166|4303|1544|1347|1143|1778|900|22771|4890|918|585|1187|943|51|91|946|543|2718|1681|41348|4741|10906|1505|8899|1425|2007|725|20585|3958|988|1180|424|359|8445|1773|2747558|32050|2684287|31808|33830|4337|161|93|989|828|14461|2145|0|218|3680|1586|0|218|3385|2043|5956|1773|315|312|0|218|4402|1581|67|20|414|445|2500831|33138|5241|1619|7245|1768|176508|10668|115241|7888|35211|6221|2120190|30740|35719|5410|4724|1473|752|492|149626|9939|14834|3190|2944|1058|22992|4140|8042|2139|27219|4134|14511|2526|1870|791|45543|5338|2491|1119|7643|2693|1537|591|63271|4047|63136|4073|135|164
04000C2US09|310399|12615|82686|5515|13566|1981|300|281|1950|825|84|88|270|235|10839|1826|4770|1150|5383|1285|686|411|123|151|10929|1474|217|187|538|326|1529|631|6496|1324|1252|500|897|419|0|224|20824|3105|1839|1778|11267|2361|6426|1439|277|278|1272|629|20|32|37186|3881|4704|2118|423|308|935|625|628|735|232|198|379|277|585|315|146|178|493|327|48|78|781|613|15842|2532|1359|976|4475|1426|377|359|4400|2184|1379|822|181|256|88767|4342|31376|4017|23583|3542|19860|3348|1008|467|2715|928|1637|791|6126|1801|30|49|38174|4438|1238|987|870|528|194|304|26415|3153|1150|705|231|304|1609|908|5790|3087|621|526|56|93|0|224|13037|2751|41|68|873|684|371|259|1012|798|61|106|5876|1815|0|224|1019|582|3784|1399|0|224|6180|1599|0|224|0|224|164|199|456|461|900|519|476|391|144|186|898|536|133|174|722|544|1628|843|99|115|478|509|82|140|0|224|20494|4397|4024|3287|0|224|444|595|179|170|2573|3409|103|120|161|208|106|185|458|480|456|518|37|63|37|61|299|499|83|143|5524|2227|253|271|2313|1737|971|497|988|1136|999|784|1425|677|1425|677|0|224|8908|2730|1136|1313|4758|1801|0|224|61|107|2200|1385|0|224|166|346|0|224|587|405|157|190|1037|580|1037|580|519|364|518|461|0|224|0|224|0|224|0|224|117415|8384|108504|8329|43260|5368|0|224|160|147|932|633|255|299|14411|3082|252|381|4280|2381|19259|3996|1172|720|0|224|2304|1218|139|171|96|128|22763|5274|0|224|696|655|2597|1130|3239|1187|4009|3417|11278|3132|156|157|788|446|0|224|42481|5533|2398|1092|155|183|9886|2338|2102|1093|6180|1515|12142|3351|1866|914|4255|1469|569|573|2469|1291|459|378|8911|1504|8644|1458|267|195
04000C2US12|3400351|35005|297052|12738|72035|6330|627|418|7705|1941|1211|520|2632|857|57480|5983|25116|4176|28013|3344|4351|1048|2380|1050|61307|4914|2117|827|2876|1688|12667|2802|36874|3226|4828|1262|1517|528|428|573|46295|5010|5997|2223|20110|3292|5812|1547|232|232|13825|2376|551|625|116380|8537|3736|1298|4471|1471|3315|1755|4504|1546|1439|625|3875|1332|7406|1845|994|568|1469|735|4043|1417|1181|1105|15744|2688|10901|2046|22430|3294|2559|938|20633|3552|7680|2072|1035|698|334506|11575|62184|5768|45139|5222|36188|4956|2946|929|6005|2038|5662|1509|11383|2212|0|239|107984|9499|2111|2539|9505|2880|0|239|66981|7316|7963|1938|2448|1421|1109|696|13624|4276|1890|903|1701|739|652|571|119889|8173|1503|954|2798|1114|1645|809|2630|1335|1783|839|56556|5247|694|411|9232|3151|42986|6343|62|108|41930|4993|170|223|889|615|952|627|1306|978|10894|1865|3024|1636|2417|1454|4890|1432|5070|2312|3311|1593|6746|1529|985|692|228|375|1048|788|2519|1226|60543|8176|11209|2898|508|438|2169|1496|2631|1100|120|198|1006|586|732|463|1387|1103|2656|1272|2953|1483|1711|1203|357|493|49|68|836|731|24237|4862|643|298|13692|3545|8086|1977|1493|2410|323|253|11045|3393|10905|3409|140|177|10223|2776|359|466|634|587|379|377|573|508|5856|2225|837|747|735|674|258|433|592|486|876|541|4787|1277|3705|983|2641|862|1064|537|0|239|218|355|374|439|490|442|2703463|32726|2620597|32053|1384291|29082|13171|2897|3257|1328|761326|20440|3842|1378|114153|10383|1675|810|267751|19492|167407|9612|1804|1147|1394|739|36602|5713|1098|705|10811|3297|482068|18400|2657|1184|13354|3005|43286|7338|79439|9572|71863|8573|176283|11380|75620|6781|18994|3860|572|493|754238|26446|36987|4535|7056|2165|85685|8899|17783|3332|226691|14450|43397|5397|33434|4861|78753|10131|9827|2716|208877|14667|5748|1980|82866|6008|81795|6062|1071|648
04000C2US13|919506|22476|65309|4885|18086|2733|759|828|1368|633|109|136|429|302|14628|2447|6629|1562|6750|1719|1249|570|793|588|13274|1997|715|427|333|241|2451|846|8722|1474|759|482|294|240|0|228|6169|1678|1383|782|1787|714|1192|1038|108|130|1807|832|0|228|27651|3703|278|471|158|153|4416|1827|540|420|395|366|413|333|649|470|436|598|251|350|483|408|365|353|2602|933|6210|2181|2878|850|277|254|4936|1827|2364|990|129|218|289996|9342|85317|6817|42055|5645|35716|5235|1394|773|4945|1508|4524|1404|38738|4251|0|228|116296|6990|3949|2468|4740|1178|542|502|88267|6126|4673|1529|1336|828|1854|1049|9755|2551|718|654|325|269|137|225|74024|5232|3587|1730|2896|1187|1724|727|3232|1215|1121|620|14661|2467|489|372|2792|908|43522|5027|0|228|14119|4846|217|354|326|456|46|78|2442|1080|1697|873|1295|1534|1775|2494|2093|969|903|580|775|657|1851|1085|532|410|0|228|167|168|240|190|117388|10899|39022|6043|1341|1089|20610|4159|6343|3172|2821|1578|1605|1343|1957|1435|673|488|3672|1296|6159|2296|3004|1330|1069|933|1815|1483|271|294|7847|3950|1057|768|3339|2087|1473|1154|1631|2022|347|291|5287|2257|4980|2154|307|383|57207|7369|0|228|8618|2625|2580|2923|5233|2357|32257|4973|1134|729|1945|1213|1172|1024|4268|2124|1866|1078|3050|1428|1784|850|1080|556|704|575|57|97|0|228|893|876|316|436|443763|15123|432592|15203|114456|10550|2846|1471|2241|1217|8489|2683|734|603|9909|2543|805|629|23119|4937|50305|7254|824|562|1248|918|9541|2914|496|412|3899|2474|235310|9797|1432|780|1911|847|25210|4741|29275|4699|18964|4191|153180|7731|3295|1751|2043|699|0|228|82826|7903|1230|576|602|450|14112|4225|1569|789|18576|2657|5494|1756|7750|2217|8244|2395|3494|1864|21090|5214|665|529|11171|2213|10643|2147|528|468
04000C2US17|987148|21026|237136|11116|15599|2218|312|276|3298|876|451|255|706|561|10453|1870|3860|1058|5657|1183|936|675|379|442|16882|2301|985|501|538|289|1548|589|12317|1934|1057|417|437|384|0|206|22579|2580|8155|1992|12420|2071|244|204|107|132|1760|1062|0|206|181121|9757|4172|2028|3854|1749|3656|1354|8397|2077|2925|1025|2617|926|1714|781|1710|775|7957|1946|6109|2220|4096|1520|87120|6858|7037|1889|7944|2016|3535|1440|24045|4777|4233|1568|955|598|300671|10691|59265|4626|29840|3744|23017|3396|1357|642|5466|1641|5299|1014|22296|2966|1830|998|132436|8868|808|627|2181|973|257|308|100805|8447|4572|1574|659|498|1689|907|18433|3248|389|277|286|309|2357|1495|71176|6399|2544|1393|1048|618|590|401|2464|1236|435|342|53050|5164|446|403|2526|947|8073|2298|0|206|31567|5243|0|206|663|606|285|291|7712|2314|2033|1030|6062|1898|1351|710|2557|1208|2573|1293|4448|2244|2290|1092|1024|1022|371|415|198|162|6227|1801|32313|4563|5516|1520|339|369|714|598|1818|846|47|20|540|365|608|371|582|590|868|645|1417|1084|323|431|8|3|619|653|467|715|8169|2902|1861|1383|2581|1224|2386|1574|0|206|1341|1493|1268|651|1225|650|43|67|14476|3209|0|206|3052|1738|0|206|311|382|9966|2949|0|206|0|206|742|568|405|369|1467|1150|2061|1152|786|376|684|334|102|173|123|148|0|206|0|206|1152|1043|414967|11857|403624|11485|9954|2271|11|20|115|137|2841|1082|0|206|2269|1434|0|206|2147|1383|1826|679|0|206|0|206|606|513|139|231|0|206|364628|10692|3549|1496|98|127|6577|1673|10648|2532|8950|2964|331348|11046|1767|1090|1691|1448|0|206|29042|4349|1082|537|1206|794|2575|894|1373|653|9570|2262|4866|1745|378|283|3003|1337|205|350|4617|1548|167|171|11343|1741|11255|1752|88|110
04000C2US24|839590|22264|66078|5391|14114|1880|321|236|782|446|738|415|398|265|11421|1819|5558|1549|4858|1135|1005|557|454|401|12264|2035|357|199|572|401|1959|623|7737|1631|795|484|617|475|227|369|9132|1823|1198|485|3850|1101|1435|737|0|224|2649|1202|0|224|30501|4259|416|441|985|728|518|396|1654|1150|90|150|1333|567|769|794|872|441|28|46|893|1382|27|45|1899|763|2416|868|8596|2074|589|598|6533|1819|2883|1291|67|114|253528|8828|76757|5254|45704|3720|36974|3776|2890|817|5840|1192|4060|1737|26856|3641|137|229|102317|7343|3763|1936|7570|2822|539|808|50854|4794|11615|2420|532|527|10660|4479|13332|3633|1681|879|1552|1345|219|222|60034|6073|2970|1064|930|558|2037|932|210|227|1121|585|33631|4862|549|444|3334|1175|15213|2724|39|66|13877|3107|199|267|397|298|61|101|949|801|3094|1170|1585|1625|551|343|679|505|740|540|1157|982|2560|1156|978|864|0|224|927|735|543|404|185292|14528|57078|9181|4400|3152|38062|7061|6538|2880|41|69|901|524|2551|2060|2181|1751|2404|2744|25472|5561|22803|5278|192|231|2246|1782|231|209|6626|1979|306|373|3491|1490|1479|812|1236|998|114|148|3876|1612|3701|1596|175|247|89453|10872|0|224|18122|3896|3432|1582|4791|2127|45544|6725|2503|1168|7778|2883|2413|1810|4870|2353|2787|1182|1315|692|1014|553|873|524|141|170|89|105|0|224|0|224|212|355|333377|13339|326513|13102|59355|7737|565|522|756|600|2195|958|188|243|10882|3323|630|556|6951|2629|23982|5340|189|216|253|318|8879|2194|1716|1072|2169|1349|207730|11171|1120|1264|999|534|103196|8961|37471|6311|26964|6472|30367|4971|4786|1644|2827|1430|0|224|59428|6284|3465|2171|7167|2462|10827|3476|1244|562|8813|2436|3670|1943|6586|2154|12631|3237|77|93|4627|2548|321|257|6864|1666|6540|1588|324|351
04000C2US25|897018|18690|167502|9360|25926|3016|363|336|8060|1424|315|190|654|465|16058|2498|6728|1313|7672|1759|1658|854|476|293|16047|2217|349|327|840|502|3610|1123|8929|1532|1191|472|1128|607|0|222|67572|5675|8494|1797|11385|2403|45559|4270|8125|1710|2087|907|47|79|57740|5914|7862|2556|1106|570|2106|1902|2305|945|351|397|1145|502|822|513|1093|679|1097|872|2041|1425|540|557|7330|1997|2028|830|14158|3367|1590|1800|9508|2534|2658|1060|217|358|276298|8080|97728|6651|78200|6493|65073|6164|5908|1575|7219|1786|5330|1559|14108|2558|90|113|91267|6642|2291|1771|2291|927|688|696|66988|6038|4284|1511|474|299|5982|1775|4925|1738|1814|1174|853|660|677|426|63385|5783|1843|851|16694|3282|809|398|4724|1928|1234|738|7615|1818|1193|588|6435|2444|22838|3871|0|222|23591|4690|1311|935|844|581|948|1533|3466|2800|5050|2271|791|734|163|251|4015|1238|351|351|1702|829|4183|1426|297|295|0|222|470|401|327|336|74794|6704|16123|3352|456|526|1585|848|5795|2251|333|392|1372|974|4275|1997|487|403|1820|1090|4946|1523|2808|1406|0|222|619|316|1519|698|15806|3017|1210|619|4417|1466|9731|2635|249|321|199|208|2207|938|2207|938|0|222|34611|5165|19694|3889|5584|2049|310|305|1014|624|5528|2272|559|700|1248|983|42|78|632|597|1101|751|2166|1116|1995|1097|1301|1004|694|489|33|60|0|222|0|222|138|221|376258|15143|355999|15218|135375|8843|101|125|608|469|2271|757|764|550|74033|6212|167|225|44674|6173|8631|2336|104|122|222|261|2296|1126|234|395|1270|694|83412|7528|0|222|2789|1291|32322|6131|24728|4074|11564|3432|10001|2090|827|484|569|451|612|588|137212|10253|3391|1286|870|1037|86848|8557|3252|1279|23157|4384|8250|2967|623|455|4959|1562|2485|1253|3217|1366|160|127|20259|2490|19696|2392|563|482
04000C2US26|390715|13301|78381|5856|11003|1993|366|313|1234|702|364|263|709|468|8004|1619|3842|1123|3296|837|866|404|326|227|13338|1840|861|494|427|251|1232|470|8327|1358|2491|740|0|184|0|184|9323|1585|2294|703|6397|1345|83|78|20|31|246|253|303|249|44512|5118|10681|2680|753|556|3145|1896|876|533|357|284|824|382|930|566|234|208|273|241|250|215|2539|1232|5411|1234|4670|1512|3548|1143|305|333|4635|1697|5081|1299|205|270|201098|8049|35184|3581|19348|2892|16218|2809|1216|635|1914|772|4370|1101|11466|1917|0|184|66516|5174|938|686|11331|2559|730|704|42405|4861|3125|1067|56|68|662|405|6601|2070|387|361|179|228|102|167|27804|3079|880|748|1951|959|821|443|1456|660|641|384|13699|2189|190|216|1637|674|6529|1649|0|184|70704|6844|59|98|600|779|0|184|37343|4978|552|381|1973|874|288|203|12869|2600|1307|837|3309|1441|1268|894|350|520|9892|3338|894|517|890|614|22329|5337|7488|4135|127|220|909|605|1571|853|79|130|86|86|440|548|298|269|3978|3913|3585|1842|876|736|393|593|1414|1076|902|1097|4680|1607|724|841|1478|870|919|538|98|174|1461|1103|1191|681|1005|629|186|307|5034|1831|0|184|408|438|1146|807|164|160|2505|1694|170|277|201|209|0|184|440|433|351|370|1437|772|1437|772|1163|728|274|250|0|184|0|184|0|184|0|184|87470|5646|66205|5641|8354|2235|0|184|107|132|3709|1615|0|184|840|552|0|184|1018|678|1907|1167|130|217|0|184|433|265|36|71|174|203|44511|4890|210|349|847|524|383|403|3785|1288|1505|728|37075|4814|401|434|305|240|0|184|13340|1979|1549|670|196|150|3599|1066|328|227|3164|1211|429|315|406|467|1846|867|183|182|1167|646|473|388|21265|2260|21265|2260|0|184
04000C2US27|244264|11030|25691|3284|5048|1157|696|519|353|269|130|111|448|325|3349|961|1524|751|1705|541|120|141|72|77|4953|1776|230|230|83|135|430|248|3606|1729|404|209|200|160|0|157|1114|592|86|122|262|176|60|71|23|37|706|549|0|157|14406|2305|0|157|1179|704|795|430|277|241|118|175|564|650|403|414|334|312|20|34|2120|1051|0|157|686|391|764|470|3640|1233|97|127|3291|1360|118|175|170|262|93417|6698|15990|2736|9442|2146|7435|2034|667|408|1340|661|676|379|5730|1407|142|238|26116|4229|1467|2201|933|553|752|641|16652|3269|1316|1006|258|214|2555|1707|704|457|946|501|63|100|470|479|45109|4663|2022|1773|3513|1508|254|255|13003|2584|437|404|6659|1640|52|78|8380|1525|10789|2292|0|157|6116|3093|31|51|79|145|0|157|3037|2970|0|157|466|377|145|139|264|216|598|585|220|274|533|476|72|89|651|763|20|34|86|146|67689|6686|34080|5143|2281|1310|9311|2630|7536|2496|11908|3465|692|766|572|468|0|157|1780|1278|5279|2585|5098|2517|31|57|150|198|0|157|2497|1094|74|120|1222|1006|822|518|192|147|187|188|343|293|276|282|67|87|22335|4038|0|157|1862|915|394|385|10070|3099|7059|2732|59|83|860|656|145|218|1886|1091|3155|3022|486|248|340|219|298|208|42|69|0|157|80|106|0|157|66|86|56981|4244|51232|3967|1708|686|222|293|48|86|414|301|0|157|292|284|0|157|250|287|389|351|0|157|0|157|93|149|0|157|0|157|37243|3764|106|177|340|268|1985|1151|2135|767|1773|888|30312|3446|196|214|396|323|0|157|12281|2207|385|288|0|157|1762|663|643|523|1483|691|4586|1814|1688|795|511|383|46|79|804|622|373|331|5749|1101|5749|1101|0|157
04000C2US34|1850929|23616|256336|11654|30576|2910|399|333|6786|1209|589|459|1292|624|21059|2662|9713|1694|8967|1807|2379|845|451|322|27573|2706|1966|863|1378|775|4184|1329|16965|2437|2216|888|749|491|115|177|67135|4977|7652|1517|27855|3280|22251|3032|237|182|9289|2244|88|104|130465|9918|5841|2453|3885|1700|2472|1450|2084|976|1733|692|4598|1462|4045|1413|2253|1430|1892|1023|3115|1350|4563|1644|41635|5408|5195|1607|17316|3199|1003|484|21598|3772|7237|2309|587|366|622313|11829|167684|7877|91138|5852|66759|5119|9124|1644|15255|2508|12303|2709|64243|4531|0|225|297729|10606|2670|1086|14303|3211|24|42|240297|9615|4614|1323|1016|499|4214|1740|20739|3209|5041|2171|3523|1602|1288|731|92070|7568|1078|982|2394|1456|1624|864|120|115|1819|616|69942|6263|1041|447|1974|892|12078|2570|0|225|61616|6709|792|464|1103|770|3358|2097|1077|611|13149|3769|3867|1311|1325|785|5161|1987|2108|904|7033|2812|18817|3773|1178|687|804|937|1844|761|3214|1051|94545|8494|8501|2279|94|138|1486|912|3495|1505|0|225|594|469|1175|667|199|204|1458|884|3078|1433|969|1074|0|225|802|640|1307|752|33342|4866|1233|767|25646|4226|5738|1952|586|388|139|129|3489|1197|3409|1189|80|134|44040|6199|31|61|15577|3876|215|304|3884|1775|18521|4355|533|493|2012|1703|664|716|2603|1696|2095|1194|1879|713|1408|564|1294|538|114|129|75|126|82|134|0|225|314|321|875856|21796|859337|21566|319181|14304|1184|587|2429|1266|40308|5767|2833|1522|175415|10461|1782|1171|39926|6996|38247|4752|332|321|470|433|12969|2799|975|642|2311|1157|218160|12489|260|304|15765|3623|44496|6369|34772|5637|28203|5913|83799|7807|7431|2433|3425|1469|9|15|321996|17967|9692|1867|2869|1489|36997|6276|4077|1495|92209|7863|80280|8669|20254|5316|52782|6437|8214|2933|13058|3139|1564|1078|16519|2604|16471|2600|48|79
04000C2US36|1181257|21989|211429|10665|37733|3479|724|369|12840|2554|494|362|1412|617|21811|2750|9626|1569|9912|2027|2273|779|452|315|30847|2540|1407|605|2165|1076|5551|1430|18542|1929|1485|568|1582|796|115|167|58901|6197|8952|2433|38020|4220|7343|2160|0|217|4116|1478|470|479|83117|7290|4974|1667|3155|1214|3122|1352|1304|706|1614|749|1926|740|3207|929|1886|1329|1456|990|352|328|535|422|18904|3334|4158|1300|12347|2156|1641|810|15037|3260|7499|2092|831|541|328572|8485|113938|6913|76311|5942|61782|5996|7405|1586|7124|1743|9432|2002|28150|3394|45|81|127626|7730|3215|1001|12619|2941|1492|989|67567|5593|9888|2264|961|562|4246|1976|25024|5629|1568|858|615|376|431|404|49544|4567|3506|1405|934|982|1551|737|960|550|2050|1221|31138|3329|634|565|2087|867|6632|1688|52|86|36076|4449|809|714|497|443|2225|1110|3702|2012|8056|1743|3430|1604|2301|1289|1125|612|1402|855|1111|721|8051|2083|780|495|1225|974|1362|774|1388|824|51432|7252|8807|2281|225|180|1818|852|1653|787|173|288|737|480|1179|1339|2219|1582|803|617|1205|557|381|306|218|237|276|255|330|244|13242|3982|10|16|8086|3411|2637|1030|953|839|1556|1042|4078|1122|3913|1108|165|206|23138|5189|187|244|6503|3184|509|342|900|616|11683|2522|616|685|541|529|36|60|2163|1336|962|933|3108|861|2940|842|2473|769|467|278|90|149|0|217|0|217|78|128|586716|16077|563513|15663|203757|11341|426|484|2623|1094|4896|1412|2294|1880|73023|7599|1568|1409|36146|5431|62251|6952|1049|699|573|455|14214|2855|1843|1630|2851|1012|182926|9902|515|384|1872|814|73146|7190|31892|4712|26489|5402|42666|6208|3442|2026|2904|1067|0|217|176830|11629|9093|2087|1606|924|14662|3300|3543|1263|39682|4956|53180|6074|17721|3428|26146|4733|3534|1583|5451|1617|2212|1162|23203|2866|23091|2859|112|133
04000C2US37|364437|13211|50972|5802|14493|2346|822|642|759|407|0|221|999|489|11733|2090|5161|1388|6006|1589|566|433|180|221|11067|2449|231|219|367|329|605|325|8330|2374|1204|620|159|164|171|209|4670|1470|386|291|1913|678|612|426|0|221|1687|1000|72|140|20382|4249|578|583|736|561|706|644|441|455|181|185|473|377|651|587|541|506|217|239|247|238|0|221|1688|861|1275|704|5032|1481|176|289|4683|2506|2757|2214|360|306|96540|7348|20887|4178|11347|2672|9902|2512|663|565|782|455|1955|814|7585|2993|0|221|44587|5676|3105|2740|99|139|291|451|33529|4966|2530|1608|419|459|1815|1293|2110|1013|24|54|279|363|386|449|24866|3447|1954|1402|511|449|195|193|3229|1135|461|314|8909|2213|235|252|2711|1067|6661|2053|0|221|5887|2167|195|222|0|221|143|178|47|79|407|328|240|199|266|273|962|1254|111|190|570|554|705|511|190|236|1843|1487|208|221|313|371|18263|3546|3403|1505|257|305|808|588|471|386|734|844|37|61|233|272|514|577|349|456|2746|1754|141|229|1443|1129|1162|1172|0|221|3101|1265|642|741|1832|993|567|452|0|221|60|104|2039|1021|1953|1023|86|142|6367|2502|0|221|984|1173|148|174|1268|1264|2157|1376|0|221|1169|951|574|552|67|111|607|511|1926|921|1488|846|600|320|888|823|0|221|20|35|278|389|140|236|196736|8486|187060|8254|18225|2940|269|368|218|237|2801|957|624|943|4444|1504|0|221|2020|1130|5925|1857|0|221|196|268|990|557|0|221|738|575|139242|7220|164|211|1314|674|12962|3170|9172|2047|11968|3347|100120|6365|2043|1724|1499|972|0|221|29593|3949|1948|785|491|351|5059|1468|1049|691|9916|3094|2057|1047|1418|756|2143|1065|269|226|4926|2113|317|378|9676|2090|9543|2090|133|222
04000C2US39|348411|10933|75272|6342|10937|2097|298|254|394|296|81|131|634|448|9264|2107|3328|1088|4835|1743|1101|517|266|205|14605|2163|640|303|1510|1239|1344|542|9952|1653|805|407|354|291|0|208|8037|1637|2239|938|4825|1300|113|129|62|98|840|550|20|33|41369|4710|2433|1629|947|502|2740|1164|933|591|1992|701|653|324|1311|660|180|187|198|190|1918|1396|569|413|2423|897|4014|1333|7491|1846|2762|1348|7438|1927|3367|1140|324|269|159712|6233|38228|4099|25486|3814|20776|3374|2248|997|2462|886|4523|1361|7912|1497|307|319|79964|5852|294|250|1438|1110|9961|3072|47337|4437|2849|1257|646|348|6163|2075|5513|1691|1483|1185|3934|2022|346|334|26107|4054|259|217|2312|1818|636|425|1861|1272|810|575|10792|2025|488|286|1614|813|7335|2453|0|208|13996|3035|171|171|153|228|175|256|879|724|2211|1388|2131|1451|996|708|1824|736|1612|967|1926|808|1227|669|218|185|95|151|378|473|1417|901|37224|5868|13050|3620|1965|1404|3476|1682|2612|1217|1755|877|0|208|1667|1972|314|280|1261|1240|1854|1067|1030|724|305|434|519|462|0|208|7310|2670|590|490|4060|2430|1338|890|641|793|681|776|692|405|692|405|0|208|13345|3243|0|208|2720|1084|1104|1041|203|265|4813|1916|1799|1330|209|274|209|221|2288|1330|973|934|1529|890|1022|655|884|640|138|170|157|188|0|208|350|575|0|208|74674|6032|64418|5591|10743|2699|329|223|0|208|1849|755|0|208|2812|1363|0|208|617|675|4305|1958|155|276|161|187|466|437|0|208|49|83|38769|5090|186|169|353|254|2366|1008|5069|2739|1697|1065|27265|4901|855|782|957|543|21|39|14906|2768|878|438|222|234|4709|2102|590|574|2106|819|979|556|647|450|1862|936|279|149|2634|1263|0|208|10256|1804|10256|1804|0|208
04000C2US42|570336|14512|107599|6330|22821|2622|278|191|4303|1133|440|296|650|423|17113|2299|7371|1415|8065|1555|1677|729|37|60|16636|2059|947|489|1031|556|2810|882|10226|1668|1002|428|383|286|237|219|16079|2266|2716|965|9548|1796|1769|862|0|190|1623|763|423|382|51497|5665|2496|1343|1955|1018|1608|890|2402|1131|562|398|1477|1155|1386|669|193|272|383|280|589|412|145|179|8421|1703|5196|1820|10546|1966|668|493|11110|2754|2360|1055|566|517|238249|6883|68129|4599|43563|3573|37648|3367|1730|735|4185|1191|3328|1106|21082|3081|156|144|114343|7407|530|390|8180|3599|6535|2176|74959|6062|3476|1129|1064|600|6446|2141|8474|2624|1399|832|2658|1439|622|681|40079|4262|291|298|2571|947|507|350|816|643|1175|551|14979|2212|1173|532|2467|959|16058|3002|42|50|14887|2704|220|183|375|302|1859|1490|1735|1011|905|488|336|343|556|539|3061|1485|774|559|2258|1083|1903|964|337|252|108|191|460|307|811|632|53618|6404|10185|2764|427|733|3179|1609|4189|2229|250|323|379|335|549|313|186|143|1026|603|1776|1453|536|522|25|41|471|557|744|1050|13037|3599|3076|1378|5834|2762|2778|1043|789|740|560|386|2670|1489|2626|1486|44|82|21307|4258|0|190|3098|1846|0|190|5766|2159|6518|2061|268|234|3383|1932|499|466|1775|930|4643|2339|1891|782|1807|772|1377|710|430|306|0|190|0|190|80|98|4|7|168979|9362|155853|9402|60493|6057|414|329|536|447|3771|1494|264|348|35788|4243|59|101|5770|2062|10151|2390|452|319|474|396|2494|1007|0|190|320|266|57535|6260|551|484|2199|1281|5252|2221|6505|1968|5059|2329|35266|4478|1601|1215|1102|709|0|190|37825|5633|1615|712|531|399|5277|1368|1732|936|5822|1535|11175|3878|3195|1344|3767|1500|485|423|4029|1565|197|229|13126|1764|12926|1756|200|261
04000C2US48|2295605|36115|106537|7744|30271|3932|750|418|2058|1847|478|509|1248|661|24673|3231|10876|2015|11313|2267|2484|1293|1064|678|26986|2781|545|385|363|305|4526|1382|16881|2332|4025|1763|538|363|108|180|8790|2431|1448|887|2914|1443|856|540|0|237|3410|1664|162|204|39972|6442|1228|775|1151|932|1704|1015|1108|810|51|83|728|501|1262|749|587|368|258|204|571|702|1387|1431|5280|1750|3495|1228|11217|4329|770|528|7262|2659|1913|1214|518|737|638766|16342|110416|9075|70464|7677|53003|6237|5608|2724|11853|2861|6550|2003|33350|4286|52|106|286051|16641|1689|1037|9225|2993|0|237|200167|13407|8992|2265|2266|1240|13769|3884|45194|7242|3105|1541|995|557|649|632|189799|10034|3195|1317|8302|2157|4441|1530|4157|1946|4353|1637|51049|5420|1793|783|8124|2322|104385|8841|0|237|49592|9102|403|370|1228|763|812|687|9565|3981|1863|890|3519|1681|2577|1169|5173|1555|3778|1874|3397|1950|11466|7290|3798|2041|177|299|1836|1297|2908|1439|134847|13588|26551|4874|1479|1113|7785|2489|7610|2678|169|276|1428|818|1734|985|466|331|5880|3505|14512|5338|9730|4438|1894|1339|2258|1773|630|566|15022|3876|1827|979|7499|3231|2079|1255|2444|1316|1173|1073|13573|8063|13408|8061|165|211|63952|9593|0|237|6696|2357|591|429|2757|1450|45203|8126|3948|5040|1428|796|426|569|2903|1540|1237|644|6691|2007|4364|1508|3471|1304|893|807|364|351|199|316|995|1075|769|539|1408764|33287|1379567|32818|68164|8828|841|762|643|501|36608|7401|1923|1565|6280|2066|257|245|1899|1490|8950|2944|757|807|0|237|7200|3317|97|166|2709|1212|1185953|30857|1353|860|3601|1531|117056|13312|25529|4936|60191|10914|965497|29159|7821|2102|4519|1300|386|566|125450|11796|6737|1700|2056|1045|13817|2970|4160|1518|32345|5452|6713|2531|1571|849|8397|2210|919|587|48173|8531|562|437|29197|4037|28983|4068|214|182
04000C2US51|833411|16266|62952|5207|15825|2235|533|440|1432|592|94|111|963|518|12160|2013|5459|1471|5935|1441|766|379|643|420|15780|1910|324|252|450|349|2832|948|10236|1368|1216|588|722|482|0|214|8213|1736|1555|686|3578|1341|744|411|0|214|2271|1217|65|108|22901|3691|2571|2198|992|688|852|557|809|530|233|280|503|268|465|230|294|223|301|289|737|589|180|229|1336|507|2713|1089|5069|1415|547|438|3091|973|2208|1183|233|184|382145|9133|92382|7344|41598|4516|33405|4125|1718|569|6475|2251|5995|1626|44313|4623|476|391|172495|10173|22469|4039|10250|3319|434|584|89523|6683|12097|2098|1695|810|13198|3790|19991|4101|1414|1569|1096|738|328|369|83618|5723|685|528|4378|1750|2421|1209|984|632|2688|1303|29993|3660|323|297|6597|2112|35549|4237|0|214|31463|5612|609|603|277|338|83|135|7645|2761|2050|1221|2547|1411|1000|524|2635|909|3607|2616|3166|1751|5949|1823|403|302|640|647|852|556|2187|971|92080|8330|31747|4727|3228|1906|18585|3451|3164|1277|2509|2103|484|567|796|543|1859|868|1122|605|5921|2170|3478|1437|756|738|932|678|755|816|18692|4029|425|424|9164|2884|3082|1106|5316|2400|705|546|2607|1082|2463|1054|144|243|31062|5380|320|297|16518|3440|414|385|1558|1085|4938|2817|58|94|5241|2470|872|752|1143|465|2051|1227|2756|948|2196|875|1961|794|235|221|249|326|105|130|0|214|206|222|293478|11747|284656|11426|22717|3538|304|292|364|369|3455|1136|0|214|4469|1586|289|310|2532|1182|6076|1676|215|339|298|317|3314|1496|366|435|1035|605|177005|10629|367|560|547|411|84139|8573|21850|5033|25968|5592|33954|4803|5176|2581|4722|1712|282|341|84934|7452|5993|2221|21320|4319|6253|2335|2300|1008|12454|2826|2645|1398|1941|1178|22592|4399|701|379|8010|3266|725|471|8822|1776|8773|1774|49|81
04000C2US53|587365|15956|82308|7173|14786|2115|689|387|1159|526|378|233|774|442|11455|1976|5728|1542|4831|988|896|339|331|239|14087|2478|466|308|484|442|2249|862|8735|2000|1864|977|289|177|0|214|2942|996|299|335|1248|634|153|151|56|90|1224|626|18|38|50282|6824|676|507|2914|1703|2089|991|1309|974|133|167|465|385|437|328|349|235|311|306|2628|1234|498|765|2883|1310|3984|1840|9608|2558|275|249|20485|6147|1238|532|211|226|254967|9081|87213|5568|49361|4400|37953|4222|4531|1078|6877|1449|7465|1504|29396|3952|991|800|70580|6263|2143|1341|1476|1399|247|308|52923|5827|6318|2065|800|427|814|582|4153|1798|369|600|965|778|372|299|86569|7067|2035|1190|4994|1480|3129|2030|2402|1283|1193|612|36864|4841|519|489|7267|2233|28166|4896|0|214|10425|2596|734|654|596|479|208|270|2574|1610|1938|1166|995|627|138|170|689|407|596|571|171|193|972|570|143|174|59|99|612|630|180|212|40787|5434|25620|4598|1589|959|11470|3022|6093|2131|4440|3274|50|81|1150|994|398|453|430|311|1150|1044|92|157|503|708|555|467|0|214|3307|1498|152|178|2837|1447|236|207|0|214|82|144|3679|1736|3579|1728|100|120|7003|2227|0|214|1560|1257|112|178|781|831|2374|971|229|300|0|214|259|453|1688|1193|28|33|13009|3801|4200|1634|2352|1109|1848|920|957|720|580|596|3577|2963|3695|1606|196294|9452|173849|9366|7673|3919|0|214|0|214|921|701|122|196|281|266|0|214|2795|2987|3290|2136|22|43|0|214|242|376|0|214|0|214|150882|9420|53|89|561|355|5747|1855|6980|3050|5211|2746|130658|7149|354|288|1127|643|191|329|15294|3040|763|828|845|564|6756|2210|875|491|2099|741|330|266|0|214|1838|847|158|264|1630|1584|0|214|22445|2451|22397|2446|48|80
040C201US04|904000|20377|71239|5460|15920|2221|383|349|1503|705|233|155|262|207|13382|1842|5338|1060|7007|1491|1037|451|157|196|19465|2617|538|264|644|364|3976|1280|11578|1995|1363|592|1271|673|95|124|4960|1145|674|369|1955|764|616|564|51|86|1715|709|0|228|30754|4376|757|683|698|636|3401|1399|1578|735|1628|906|2373|868|1184|519|96|112|707|853|362|429|480|387|4018|1191|4398|1511|3930|1454|1055|795|1252|547|2837|1374|140|135|203469|7876|45453|3996|24741|2764|18712|2667|2312|781|3717|1348|8243|1876|12345|2143|124|136|62048|6482|4051|2061|2017|1548|1174|1205|42509|5354|5043|1474|924|624|2052|1409|2310|1251|916|575|556|437|496|480|68014|4875|2833|1540|2373|1138|1431|763|1410|856|897|478|31431|4385|651|443|3733|1269|23255|4020|0|228|27104|3650|159|161|0|228|27|45|13449|3089|1789|886|2058|942|183|175|2729|1089|2100|1322|1065|552|2216|981|293|278|408|425|628|555|850|510|38579|7489|10660|3490|95|154|3128|2823|3107|1567|928|760|504|670|548|379|189|189|2161|1087|4322|1809|101|169|1611|1117|2223|1379|387|556|7001|3781|45|74|1484|810|1652|1187|3372|3457|448|348|1993|913|1993|913|0|228|10385|3280|0|228|387|409|546|490|2030|1362|5510|2329|0|228|196|317|1253|1780|463|437|4218|3151|4249|1352|2268|1055|1815|966|453|322|409|515|524|838|289|391|759|430|586464|17615|552847|17596|22280|4474|0|228|236|321|11448|3143|76|124|2860|1075|53|88|2608|1988|3658|2217|0|228|0|228|1215|867|41|68|85|141|504362|16769|263|373|1584|777|8398|2569|17114|4880|4304|2048|464515|14533|6903|7144|1173|718|108|181|26205|4507|2843|1359|519|386|3102|1080|1625|778|7094|2488|2745|1511|363|266|5323|1639|217|183|2221|1166|153|191|33617|3654|33538|3649|79|119
040C201US06|10121725|57122|630992|19664|148263|9447|5763|1451|12789|2094|3155|1218|10175|2693|113092|7808|53283|5033|52364|4357|7445|1298|3289|860|135720|7438|5043|1122|5102|1328|38814|5642|64812|4574|15008|2195|6614|1189|327|277|76513|4995|11078|2064|28558|3423|19784|2668|5827|1842|16121|2748|972|462|269085|11975|2191|929|12028|2577|5077|2084|7527|1640|6528|1572|10253|2078|9140|1443|2705|970|2383|1077|9509|2938|840|591|18997|4125|23023|2736|70666|5837|6049|1969|65041|6881|17128|2352|1411|687|4186667|31075|1367642|25325|954349|20162|676236|18460|105042|5862|173071|9129|94230|6874|313184|14466|5879|2331|965483|23666|59934|7821|23137|4239|282|279|568889|19863|213693|12320|9874|2524|22431|5672|48024|5692|10699|2909|4390|1527|4130|1111|1556049|27707|28413|3784|53252|6046|35042|3834|45875|4241|15531|2062|790742|22390|10319|1732|62622|4736|513870|17419|383|287|289544|14969|78031|6460|6835|2107|3651|1406|44746|7067|32074|4044|15856|3376|7543|2672|28657|3690|5522|1599|30409|5406|20916|2534|3993|1234|7997|2950|3314|1046|7949|2164|199815|13398|57676|6349|5419|2033|20554|3527|16490|3753|1495|962|1362|713|4193|1828|3349|1368|4814|1517|6825|2289|3186|1061|446|470|2012|1866|1181|800|53468|5991|4345|1721|37996|5069|6119|1938|1455|845|3553|1239|20817|2911|20784|2905|33|57|55427|6291|95|154|7115|1969|1745|1207|3191|1343|35245|5727|1369|739|2584|1177|798|1126|3285|1844|5602|2217|76258|5321|27983|2857|23085|2635|4898|1142|30365|4175|1373|1345|1435|918|15102|2708|5027993|40152|4905892|38669|66234|6189|813|290|1285|866|24055|2882|736|923|6857|1968|66|83|7780|2869|14300|2698|611|453|113|187|6666|1903|1003|759|1949|1283|4537805|39082|14306|2692|11899|2236|417286|15805|302157|15268|75293|8986|3641878|37728|63778|6424|9700|2400|1508|564|301853|16171|28489|4091|9147|2091|54588|6458|14493|2501|63382|7024|25382|3433|2863|1074|74095|7317|3853|1316|22575|3976|2986|834|122101|6091|121716|6086|385|248
040C201US08|515644|15907|69544|6066|14768|2197|384|306|1135|587|415|351|1107|513|11186|1904|4047|1260|6511|1492|628|369|541|488|18824|2201|891|410|395|325|2514|677|13121|1881|1150|468|753|419|0|218|4349|1391|522|459|1748|800|303|227|0|218|1776|864|0|218|31504|4960|84|141|1757|1191|1020|451|1430|597|380|281|1765|609|725|362|318|189|664|543|887|863|0|218|4614|1518|1568|923|6927|1899|149|197|6865|2257|2351|1346|99|170|121586|6025|38285|3862|18395|3056|15472|2878|813|492|2110|794|4139|1209|14799|2299|952|668|40002|4971|3003|1822|407|322|1166|929|23404|3562|4309|1508|358|417|4841|1802|1159|659|213|244|669|610|473|377|34916|3251|1165|652|1069|626|1902|885|2170|949|485|450|11648|1985|220|201|3074|899|13183|2233|0|218|8330|1984|56|92|99|127|0|218|2423|1386|1296|598|832|551|120|132|568|410|218|191|983|741|1008|614|622|606|0|218|105|168|53|90|46862|5647|22330|5641|2699|1396|15294|4823|1319|639|555|774|0|218|730|635|0|218|1733|1072|3728|1390|804|691|1074|1043|892|720|958|629|4004|1582|582|661|861|878|1277|776|722|610|562|611|2276|994|2200|970|76|136|13833|4036|0|218|5344|3165|674|551|1210|1192|1355|835|764|912|309|356|838|801|3339|1874|691|650|4526|1117|4022|1121|2968|911|1054|590|0|218|0|218|239|241|265|298|273126|13477|259492|13012|4710|1271|83|136|0|218|1531|833|0|218|1009|513|49|89|351|284|616|385|0|218|288|485|687|566|48|81|48|45|223232|11885|327|379|755|475|11900|4298|7735|2533|7944|2911|192164|10200|1537|810|870|521|0|218|31550|5423|3021|1479|216|214|5310|1549|2335|1311|7464|3383|1619|854|151|150|5239|1741|0|218|5797|3058|398|338|13634|2013|13569|2005|65|110
040C201US09|536909|14645|102347|6195|15714|2134|721|438|2256|851|59|80|751|381|11887|1864|5476|1271|5956|1377|455|279|40|65|11300|1643|266|290|811|459|1398|516|6673|1349|1365|644|787|381|0|224|29972|3700|2919|1954|15135|2626|9409|1993|277|278|2489|1198|20|32|45132|4390|5745|2209|629|482|2464|1284|963|672|704|641|833|532|604|360|423|405|418|298|211|220|1185|783|16837|2612|1543|1089|4934|1442|377|359|5580|2339|1682|954|229|266|125549|5452|40533|3987|30872|3556|26649|3561|1527|568|2696|889|2088|882|7175|1819|398|498|54075|5862|4108|1837|4546|2537|194|304|32143|3657|1658|849|231|304|2040|1149|8207|4026|866|646|56|93|26|44|22300|3787|171|188|916|717|635|401|2230|1115|437|305|9818|2420|62|75|1888|908|6143|1952|0|224|8641|2322|0|224|0|224|314|325|777|620|1210|565|732|437|1043|1481|1326|714|203|205|653|531|1632|841|146|145|478|509|127|164|0|224|32228|5750|6262|3608|0|224|903|725|245|202|2573|3409|165|153|731|906|580|580|1065|696|1025|786|154|199|283|400|299|499|289|367|6209|2453|199|258|2363|1738|1539|778|924|1130|1184|754|1436|778|1436|778|0|224|17060|4173|2815|1655|8093|2640|0|224|526|457|3302|1857|0|224|317|436|473|481|1534|1269|236|230|1231|578|1231|578|821|403|410|407|0|224|0|224|0|224|0|224|275554|10509|264675|10374|99892|8834|411|634|1035|609|2146|1011|862|701|29714|4938|252|381|13364|4037|45262|5793|1540|847|140|161|3643|1278|685|915|838|671|66185|7931|0|224|2916|1546|6309|1885|20711|5286|9474|4495|24805|4461|1235|1004|735|416|0|224|98598|9235|3344|1406|214|213|25815|4807|3476|1495|17077|4029|26408|4585|3333|1159|12295|2842|1079|814|5054|2120|503|400|10879|1824|10552|1799|327|231
040C201US12|4672625|40673|416152|15248|93748|6872|1246|694|9384|2183|2010|741|3677|955|74411|6586|33372|4623|35448|3575|5591|1245|3020|1169|90299|6250|3629|1151|3929|1991|20451|3390|51495|4244|5913|1294|4454|1775|428|573|64800|5770|9251|2559|27953|3743|7586|1780|339|347|18948|2866|1062|796|165829|10240|7859|2306|6086|1872|6979|2362|6793|1860|2816|963|6967|2049|9082|1840|1067|575|1793|827|4571|1619|1307|1061|21792|2681|15221|2658|29657|4223|3946|1217|29258|4132|10635|2261|1476|828|499516|13041|87101|7085|62908|6199|50203|5449|3945|1026|8760|2317|6773|1633|17420|2933|0|239|159055|9948|2865|2566|12294|3430|62|104|101604|8246|12212|2344|4224|2529|1457|740|18549|4427|2276|959|2591|910|921|625|180265|9579|3162|1447|3833|1144|2588|1146|4048|1421|2327|827|90443|6776|910|444|14358|3459|58534|7206|62|108|68099|7486|591|598|1309|739|1125|651|4788|2862|14574|2444|4580|1890|3431|1511|8060|2332|8615|2815|7715|3011|11071|1972|1165|704|0|239|1075|794|4996|1660|88142|10497|16576|3659|508|438|4154|2538|3937|1313|120|198|1697|729|783|474|1821|1057|3556|1431|4447|1592|2240|1215|768|669|479|404|960|786|32364|5415|722|318|18618|3926|9038|1859|2495|2428|1491|794|14220|3733|14002|3737|218|224|17549|4234|766|648|3962|2493|767|521|753|528|8461|2575|932|762|838|739|258|433|812|561|2986|1576|7801|1655|5567|1264|4120|999|1447|662|89|146|400|447|490|463|1255|720|3661014|37542|3549427|36837|1801602|30475|19295|3679|5814|1653|962446|21346|4762|1622|148384|12409|2602|1135|370115|21224|221475|10647|3945|2076|1438|760|46051|6104|1949|990|13326|3439|665532|22963|4212|1793|17516|3594|57001|7522|109142|12236|110824|9638|224794|13995|116470|8839|25001|3804|572|493|1082293|31994|55315|6168|10858|2557|139670|12360|23132|3398|308062|15666|57393|6413|38370|4846|105974|10696|14558|3507|322119|19412|6842|2164|111587|7546|110210|7629|1377|707
040C201US13|1057943|24275|75520|5722|19760|2924|759|828|1431|702|76|128|637|366|15724|2514|8144|1799|6151|1695|1429|668|1133|614|17879|2612|775|471|350|264|3610|929|11882|1968|993|539|269|228|0|228|6653|1641|1183|686|1611|622|1205|1000|108|130|2572|923|82|131|30834|4203|438|497|489|380|4471|1826|540|420|547|410|763|438|715|490|436|598|251|350|502|415|365|353|2948|1087|6552|2352|3454|950|340|282|5455|1953|2568|1082|394|414|338030|9349|102421|7120|49593|5936|41730|5314|2152|998|5711|1614|6939|2083|45666|4627|223|207|135361|7490|3949|2468|5320|1253|620|513|103194|6614|6817|1767|1139|702|2242|1083|11089|2676|455|339|399|288|137|225|83119|5456|4257|1925|2941|1197|1991|825|2894|1175|1301|622|17953|2914|670|429|2935|1033|48177|5339|0|228|16889|5216|217|354|326|456|83|122|2613|1117|2571|1067|1295|1534|1954|2514|2176|983|1523|1010|913|666|2347|1160|674|540|0|228|197|176|240|190|132617|10775|43650|6620|1341|1089|22927|4580|7859|3104|2821|1578|1816|1344|1831|1429|834|556|4221|1358|6344|2222|3186|1356|656|545|2231|1554|271|294|7959|3875|1129|765|3260|1910|1386|1124|1837|2040|347|291|6329|2279|6022|2193|307|383|65596|7545|0|228|10622|2670|2580|2923|5971|2460|35270|5332|1819|1042|2006|1191|1710|1143|5618|2290|2739|1221|4450|1841|2435|969|1481|676|954|685|57|97|90|153|1430|1213|438|497|507326|15535|493232|15380|124423|11490|2960|1585|2306|1244|11192|3130|847|645|11230|3291|909|641|24671|5381|53349|7884|591|480|1616|1047|9565|3005|496|412|4691|2889|278164|11745|1581|771|1888|875|29177|4891|44615|6660|20580|4493|174204|8769|3342|1757|2777|849|0|228|90645|8601|1430|620|448|427|16102|4198|1591|776|20589|2676|5136|1566|8105|2200|8898|2288|3588|1883|24308|5819|450|435|14094|2309|13566|2284|528|468
040C201US17|1779699|23117|357798|13132|26312|3032|558|379|5261|935|760|381|1090|553|18071|2707|8872|1997|8023|1503|1176|730|572|458|28140|3128|2079|746|765|335|5094|1822|18100|2382|1060|457|1042|743|0|206|33955|3615|12375|2568|17907|2920|587|530|77|122|3086|1237|0|206|268044|12015|7045|2791|4719|1780|11059|2860|13464|2655|4744|1506|3308|1186|2030|749|2136|778|9820|2204|7703|2437|4524|1588|118776|7571|15344|2849|14593|3323|7682|2391|33160|5607|7937|3014|1347|689|554580|11699|133905|6561|84668|6087|70765|5546|5010|1260|8893|1992|9583|1795|37056|4139|2598|1032|230483|9712|2377|1523|5788|2341|257|308|172605|9878|8486|2064|1594|835|3860|1271|29810|4633|2065|1616|383|342|3258|1614|129697|8731|3613|1560|2452|1480|2043|1137|3196|1316|3002|1856|90906|7404|900|522|5139|1626|18446|3399|0|206|52142|6564|132|217|860|638|285|291|13341|3024|3890|1326|8225|2192|1938|783|3378|1421|4039|1682|8022|3053|5242|1479|1292|1033|1228|1051|270|186|8353|2295|74693|8209|16994|3580|721|516|5053|1950|4002|1462|996|638|2522|1795|958|486|706|623|2036|864|5551|2149|2371|1746|292|282|2325|1429|563|736|11848|3236|2634|1784|4742|1749|2970|1645|0|206|1502|1500|3809|1469|3766|1470|43|67|34138|6127|0|206|6008|2042|572|559|862|617|22537|4498|347|378|344|441|835|597|2633|2781|2353|1322|4132|1445|2199|863|1828|788|371|342|241|239|0|206|288|479|1404|1157|788496|14652|771633|14359|24886|3434|185|177|215|190|6869|1707|0|206|3791|1559|0|206|5217|1933|6679|1793|242|289|0|206|1467|772|221|268|0|206|670751|14149|6869|2171|722|377|12008|2905|22084|3666|13614|3136|610006|14054|3432|1410|2016|1468|0|206|75996|8549|2749|994|1501|826|9006|2319|2801|1139|22410|4656|14333|3586|778|534|6264|1555|603|521|15323|4652|228|202|16863|2552|16736|2559|127|132
040C201US18|383078|14180|32718|3285|6890|1485|406|509|513|365|149|185|332|437|5257|1252|1984|804|2886|821|387|235|233|362|7401|1395|81|128|111|127|788|506|4781|1237|870|519|770|507|0|207|2565|943|631|342|820|407|383|494|0|207|731|515|0|207|15862|2435|77|131|258|296|1345|866|599|366|860|524|32|51|396|218|242|296|146|163|236|274|1009|593|2316|770|1353|812|2365|807|2580|1587|1825|798|223|241|0|207|122991|5592|29576|3339|20282|2752|16390|2539|627|464|3265|1212|3752|1269|5542|1445|0|207|46381|4702|2248|1829|1316|724|0|207|35937|3949|1716|1270|6|12|516|440|4114|1799|458|407|0|207|70|119|38907|4509|15616|2871|407|407|1293|657|1312|831|1742|958|9592|2570|185|170|4577|1593|4183|1407|0|207|7993|2031|91|154|127|149|54|90|437|358|167|239|1229|935|1046|803|843|637|1414|819|707|587|945|685|257|344|38|67|638|531|134|158|57028|8869|13126|4185|1098|876|3284|2898|1939|1198|440|712|845|888|1544|1823|861|530|3115|1853|9994|4867|1925|2160|1543|825|5996|4212|530|453|4458|1961|891|651|2227|1431|312|367|948|1052|80|132|1720|981|1720|981|0|207|26323|5581|0|207|1643|922|115|215|1654|1383|17333|4893|2428|2021|264|257|153|165|2733|1351|1407|1112|1448|998|850|810|746|813|104|124|0|207|103|153|0|207|495|424|168893|9240|161422|9142|16234|4125|160|159|551|775|1384|774|0|207|4047|2800|0|207|8533|3098|704|488|416|527|87|149|346|386|0|207|6|14|126166|8221|298|483|788|522|6258|1735|11531|4135|9779|2715|93292|6921|1297|728|1731|1364|1192|1471|19022|3350|907|507|746|775|3489|1286|59|104|4434|2189|1012|650|372|380|1704|956|12|22|6287|1870|0|207|7471|1866|7466|1864|5|11
040C201US24|983961|20372|80496|5548|15752|2187|510|293|815|461|738|415|402|229|12864|2129|6920|1862|5006|1150|938|501|423|399|17920|2430|506|239|860|498|3626|937|10755|2047|955|505|991|590|227|369|10838|1863|1603|581|4175|1128|1716|770|0|224|3307|1272|37|61|35768|4291|999|770|1736|944|622|412|1617|1089|90|150|1682|705|1081|815|845|441|28|46|916|1382|192|276|2810|907|3021|1454|10163|2253|693|596|6349|1579|2924|1139|218|275|300985|7749|91816|5860|57746|4534|45611|4328|4287|1088|7848|1507|4525|1764|29408|3761|137|229|120308|8283|4356|2154|10457|3564|539|808|60401|6307|14130|2745|847|564|12202|4516|13620|3564|1807|860|1663|1375|286|289|69935|6223|3627|1337|1194|621|3913|2057|308|295|1225|674|38577|5225|485|428|3811|1394|16756|2775|39|66|18426|3493|611|602|762|475|241|316|1262|868|3775|1407|1800|1650|550|335|1523|1207|847|566|1184|984|3808|1424|1031|860|105|183|927|735|500|396|208464|14806|65291|9883|5378|3333|40057|7383|7477|3063|41|69|3016|2385|3811|2521|2709|1797|2802|2777|26874|5835|23278|5601|192|231|3097|2079|307|239|8496|2586|501|436|3894|1398|1448|855|2344|1638|309|224|5671|1989|5000|1800|671|620|98280|11073|0|224|20774|4099|3481|1583|5422|2059|48116|6877|2741|1203|10074|3211|2762|1819|4910|2349|3852|1402|1596|818|1112|603|971|576|141|170|89|105|0|224|0|224|395|471|392420|13343|384580|12880|71049|8303|503|384|853|621|2848|1150|188|243|12928|3592|1108|681|8427|2875|27563|5392|189|216|292|320|12156|2766|1905|1117|2089|1342|237548|10402|1120|1264|1190|527|119351|8829|40915|6804|33950|6486|32611|4986|5101|1757|3310|1523|0|224|75983|8089|4068|2151|9521|3255|14136|3845|2131|996|9798|2567|6478|2889|7735|2399|14711|3316|185|165|6691|2944|529|353|7840|1669|7548|1619|292|309
040C201US25|1224805|21881|203673|10177|31669|3519|540|374|10770|1678|349|226|1029|519|18307|2897|8647|1821|8155|1754|1505|809|674|474|22953|2847|710|449|1291|598|6345|1491|10690|1755|1797|541|2120|847|0|222|70564|5628|9442|1862|14134|2648|43225|4207|7683|1782|3716|1375|47|79|77947|7209|14440|3479|1942|883|2350|1953|3005|1278|645|557|1964|779|1085|572|1145|690|1182|879|2338|1497|540|557|8305|2065|2877|1107|18450|4111|2520|1942|11364|2732|3795|1235|540|470|371451|8803|140402|7882|113059|7875|94115|7229|8571|1910|10373|2309|7915|1903|19317|3098|111|120|111284|6858|2426|1771|2491|942|688|696|80237|5924|6456|1933|508|321|7456|1740|7025|2175|2249|1223|853|660|895|427|82507|6579|2293|975|18020|3548|1637|829|4145|1852|1646|849|8367|1817|1998|773|7589|2567|36812|5343|0|222|36737|5358|2417|1684|1642|992|948|1533|4922|2460|8824|2797|1282|899|679|606|5110|1507|784|483|3111|1157|5927|1643|390|318|0|222|701|505|521|386|115018|8770|27523|4539|1125|873|5399|1629|9709|2856|1059|994|1373|975|5884|2164|614|419|2360|1393|5613|1628|2955|1441|0|222|861|443|1797|809|20577|3574|1844|836|6506|1964|10991|2740|401|406|835|712|2365|916|2365|916|0|222|56564|6975|31586|5729|13275|3437|269|297|1116|640|7285|2280|559|700|984|815|268|386|1222|742|2376|1272|3116|1227|2788|1188|1932|1055|856|580|95|125|0|222|0|222|233|267|531547|17882|508413|17966|207096|11860|101|125|2467|1094|3162|999|3146|2859|103661|7239|641|571|60126|7656|22727|4162|200|195|396|374|7530|3053|374|348|2565|1075|114564|8884|0|222|3758|1741|41683|6746|36032|5323|14747|3920|15064|2606|962|497|1060|615|1258|808|186753|12582|4209|1319|941|1042|112072|10659|4944|1605|36409|5068|13144|3342|1129|643|7145|2149|1841|1103|4557|1538|362|237|23134|2572|22580|2479|554|481
040C201US26|639496|16466|101294|6663|14604|3225|501|351|1446|712|1656|2572|675|421|10157|1486|4993|1139|4149|838|1015|407|169|162|16245|2131|830|484|527|295|1582|489|10405|1618|2738|722|163|208|0|184|11502|1716|3118|806|7057|1374|82|97|0|184|599|336|646|392|58710|5531|13230|2723|1202|721|5216|2310|1092|546|475|308|1440|945|926|577|302|238|405|281|219|212|2898|1314|7855|1539|5441|1521|5433|1381|444|362|6018|1967|6114|1398|233|311|359919|11833|64050|4737|36127|3717|30578|3674|2076|783|3473|850|10165|2087|17606|2689|152|235|121679|7114|938|686|22875|4084|1439|1118|78863|6086|4467|1199|309|494|1773|868|10348|2472|339|349|226|242|102|167|42437|4262|4465|1644|1830|995|1555|575|1771|939|1479|631|19105|2415|290|213|1134|474|10706|2471|102|171|129882|9394|681|904|675|782|0|184|52802|6376|986|443|3991|1460|786|503|25937|3418|2166|982|7532|2600|1915|996|1002|712|29867|6127|1542|1042|1871|874|37863|5860|11393|4467|568|564|1271|980|2259|1047|1677|1695|82|82|572|594|141|177|4823|3973|5737|2485|1002|789|1769|1422|1904|1156|1062|1120|7625|2034|954|874|2856|1162|1609|1021|150|61|2056|1224|982|609|796|548|186|307|11400|2920|0|184|2121|1938|1606|1024|164|160|4944|2074|1535|1054|321|243|0|184|709|687|726|553|2115|855|2054|845|1477|787|577|355|0|184|0|184|0|184|61|115|138305|6877|110900|6672|11811|2501|0|184|91|122|4204|1808|0|184|1481|687|0|184|975|657|3646|1107|130|217|91|148|983|547|36|71|174|203|81585|5981|307|388|1095|712|1622|1046|8935|2726|6211|2402|62134|5152|735|530|546|404|0|184|17504|2911|1476|672|200|154|4834|1707|643|395|3880|1217|841|469|588|525|2007|864|228|203|2286|943|521|394|27405|2659|27344|2677|61|106
040C201US27|463810|13191|38760|3537|7527|1368|743|519|1018|411|311|188|161|144|5166|1151|2260|871|2495|675|411|301|128|155|8375|2044|335|270|393|314|1381|625|5076|1794|730|334|460|287|0|157|2358|871|200|176|337|227|175|174|0|157|1646|815|0|157|20339|2933|143|222|739|398|1003|556|517|433|109|174|685|668|612|394|763|575|0|157|2342|1092|0|157|1121|510|853|486|5686|1305|97|127|5268|1774|401|405|161|261|170837|7581|26757|3059|14253|2351|11046|2248|991|468|2216|749|1807|591|10519|1763|178|246|44746|4692|2261|2309|1348|625|752|641|29210|3852|3063|1495|245|213|3589|1874|1687|696|1607|685|576|727|408|464|90887|6010|11503|3178|7292|1992|478|383|21914|3068|1079|475|9569|1866|205|181|18057|2855|20790|2874|0|157|8363|3205|0|157|79|145|0|157|3359|3023|415|282|466|377|197|162|611|436|851|646|293|311|1189|698|72|89|651|763|180|223|84|134|143548|7997|92977|7848|2600|1349|23688|4466|17139|3787|44662|5990|1333|925|1028|605|401|662|2126|1204|6345|2515|5884|2459|107|137|354|281|0|157|7841|2585|74|120|4765|2351|1027|563|1744|951|231|199|394|333|279|287|115|123|31947|4909|0|157|2768|1153|624|634|11917|3455|10195|3185|257|182|1529|921|808|726|3849|1704|4044|3001|2289|1398|1396|1198|1306|1192|90|107|102|172|66|104|0|157|725|689|108376|6099|98191|5856|3897|1029|255|297|189|201|894|449|0|157|395|396|0|157|308|335|961|555|0|157|0|157|147|178|0|157|748|555|69613|4924|192|231|340|268|6702|2233|4682|1264|2774|1206|53819|4346|647|521|457|334|0|157|24681|3340|905|413|0|157|2992|1016|1135|621|3862|1207|9312|2839|2030|807|1032|546|428|596|2619|1184|366|331|10185|1898|10081|1913|104|121
040C201US29|226038|8253|34810|3580|5148|1143|323|253|251|211|9|15|207|208|4358|1094|1112|495|2929|922|317|204|0|195|7438|1670|216|186|273|296|423|295|5842|1499|522|360|162|269|0|195|2312|726|340|280|1173|581|128|158|0|195|671|403|0|195|19912|3081|1284|1085|732|654|6886|2016|1181|1095|617|388|584|482|49|85|53|88|184|214|600|512|0|195|761|495|2120|809|2022|725|169|219|1977|937|693|521|0|195|91596|5147|24861|2805|14830|2401|13373|2326|516|395|941|452|1932|995|8099|1653|0|195|32737|4180|920|878|1122|681|0|195|22260|3228|1480|891|167|107|1479|1058|4089|1309|1037|776|68|114|115|196|24817|2967|1394|767|1301|931|493|446|975|898|1127|628|9942|2314|159|167|1825|677|7601|1946|0|195|8892|2953|0|195|0|195|91|150|2324|1508|832|642|665|620|1005|1071|83|141|1305|1027|1865|1081|645|370|77|101|0|195|0|195|289|200|24694|4511|8956|3020|96|114|2493|1120|5004|2486|704|808|0|195|403|389|193|323|63|84|3404|1815|289|282|1578|1594|1413|936|124|186|3622|1498|0|195|782|637|675|720|1659|917|506|467|758|659|758|659|0|195|7161|1937|0|195|483|308|0|195|859|822|4391|1504|311|526|229|238|201|316|687|664|793|680|1787|566|826|484|562|370|264|292|77|103|0|195|450|342|434|307|73151|5083|68945|5210|8900|2181|390|323|0|195|3123|1335|0|195|714|552|0|195|1194|905|2895|1410|0|195|0|195|511|392|0|195|73|121|52233|4625|37|62|435|392|4599|1980|7979|2472|6902|2505|31107|3136|724|474|430|321|20|46|7812|1949|469|600|539|466|1955|1007|348|383|1943|642|457|361|117|110|776|552|0|195|1047|620|161|245|4206|1074|4167|1075|39|27
040C201US32|589761|13834|39182|4060|10021|1854|256|219|774|385|237|241|594|415|8116|1666|3483|923|4267|1268|366|233|44|74|8294|1384|543|331|183|219|2176|836|4050|990|598|543|744|455|0|228|3737|1029|429|466|1990|739|387|407|0|228|887|494|44|89|16797|3182|0|228|561|599|2104|1736|1492|980|680|527|313|270|624|366|533|451|293|255|282|238|50|85|1420|716|2122|1036|3479|1480|425|458|1288|708|1131|589|333|413|193101|6656|41847|4094|26589|3160|18019|2733|3017|901|5553|1338|4062|1236|11196|2259|0|228|22028|4256|1358|888|807|772|223|371|8655|2715|6985|2103|80|137|434|390|1626|933|744|627|492|439|624|777|119916|7113|78|94|1131|715|1488|738|1421|823|989|591|96719|7059|172|285|6908|1620|11010|2840|0|228|8561|2529|1357|979|160|277|170|210|1101|903|1301|765|464|385|245|190|1664|739|339|402|1021|1089|499|385|40|61|0|228|200|236|749|560|16647|3865|12116|3553|145|184|8599|2789|1332|1029|398|651|0|228|682|974|664|985|296|351|43|80|43|80|0|228|0|228|0|228|2590|1201|200|203|969|666|996|851|186|259|239|243|439|379|439|379|0|228|1459|966|0|228|103|124|0|228|0|228|669|521|0|228|307|498|380|603|0|228|0|228|3737|1197|1776|764|1489|734|287|218|288|275|0|228|259|306|1414|1215|337094|10264|325562|9943|36559|5544|0|228|83|99|30728|4977|0|228|1861|1020|0|228|947|828|786|558|0|228|0|228|1246|925|0|228|908|912|269111|11356|1448|898|1417|788|25963|4363|13512|3447|5824|2728|214432|10221|5889|2552|626|428|0|228|19892|4126|2398|1256|874|479|3410|1278|1218|619|4913|1975|568|466|127|130|4606|2039|101|121|1441|895|236|249|11532|2254|11532|2254|0|228
040C201US34|2137936|25695|267567|12581|31594|3541|379|298|7796|2779|690|476|1357|624|20771|2432|9726|1637|9040|1749|2005|734|601|381|29669|3434|2277|885|1279|715|4539|1494|18248|3201|2375|936|836|491|115|177|74006|5335|8170|1704|27571|3156|27655|3499|237|182|10522|2259|88|104|131711|10124|5733|2448|4233|1722|2472|1450|2076|961|1600|649|4464|1460|4328|1507|2258|1430|1729|985|2363|957|4633|1675|42464|5385|5386|1591|17447|3003|1062|495|22417|3800|7046|2312|587|366|689330|12349|184195|7784|105070|5764|78521|4941|9607|1688|16942|2665|12194|2800|66931|4622|0|225|328710|10989|2670|1086|16241|3400|0|225|264592|10305|5732|1624|1016|499|4890|1800|24035|3540|4652|2172|3300|1577|1582|902|109828|8320|1078|982|2463|1510|1657|870|120|115|2589|841|82694|7070|1443|645|1738|862|16046|3234|0|225|63430|6939|563|361|1103|770|3338|2093|1214|654|13436|3841|3683|1328|1325|785|5892|2181|2173|909|7001|2815|19244|3698|1415|766|989|995|2054|922|3167|1042|123733|10101|12696|3161|1123|1272|1783|1010|5119|2051|0|225|651|477|1304|677|363|276|2353|1408|3330|1433|969|1074|0|225|757|639|1604|837|40091|5878|2027|921|30098|5074|6871|2339|603|388|492|371|3457|1200|3377|1178|80|134|59964|6629|246|242|18396|4186|215|304|6146|2296|26800|5483|1500|996|2130|1716|728|722|3803|1861|4195|1763|2209|789|1738|657|1624|650|114|129|75|126|82|134|0|225|314|321|1055097|23164|1037040|22842|385745|16759|1169|571|3226|1467|43985|6303|3260|1604|212795|12389|2551|1355|48083|7836|44994|5645|366|323|1021|1004|19674|4283|969|644|3652|1401|271044|12618|723|465|16933|3872|49374|6690|49945|7261|35354|6602|106281|8250|8223|2567|3675|1641|536|854|380251|16887|9592|1872|3413|1481|49576|7271|5132|1772|95926|7863|105644|8664|29142|5741|57612|6759|8597|2955|13882|3196|1735|1116|18057|2675|18009|2666|48|79
040C201US36|4349242|38927|619322|16650|82761|4995|2673|1122|23464|3777|3223|2480|3263|890|48439|3804|26250|3212|18931|2660|3258|961|1699|720|76100|4756|4072|1033|3847|1410|25559|3830|33065|2814|4563|1502|4760|1542|234|266|129190|8857|27224|3869|74831|6493|9713|2480|0|217|15800|3460|1622|1054|327448|13282|23374|4781|16708|2904|6608|1864|5953|1266|4912|1405|5291|1340|8742|2079|3039|1606|3345|1405|5485|2146|2145|1280|49801|5178|12159|2828|60853|5809|4299|1548|81999|7690|32735|5301|3823|1780|1306734|19258|592468|14649|484972|15064|419380|13843|39024|3780|26568|3012|27317|3094|80016|6641|163|182|421811|17664|9225|3400|117311|8821|3315|1382|143590|10213|15700|2797|9093|3020|18613|3936|61879|8411|6437|1932|28855|4587|7793|2283|166105|8385|16201|3762|3437|1369|8765|2133|2020|1070|9563|2755|86110|5790|3380|1101|11948|2131|24367|3737|314|293|120169|10556|5119|2160|3746|1517|14922|4257|4555|1964|27910|4105|5572|1920|3676|1563|6989|2132|2593|1005|8563|2922|18681|3606|1821|729|12663|4539|3359|1049|6181|2318|236988|15423|26878|4677|852|758|6576|2137|4251|1298|3174|1450|1747|1098|1428|1378|3049|1710|5801|2025|10230|3550|2229|1091|4250|2844|3459|1697|292|268|50441|7899|2985|1329|28916|5140|10050|1820|3579|2328|4911|4155|8294|2032|8162|1975|132|203|132421|10926|540|624|40495|6866|8869|3325|3990|1666|35735|4986|9517|2779|3337|1654|4537|2763|25401|5516|8724|2573|12807|2971|11177|2685|9982|2515|1195|637|90|149|0|217|0|217|1540|1395|2173391|29085|2123210|28340|1036538|26210|1265|661|20361|2902|16883|2699|7922|2592|499397|22359|18648|3411|119144|10788|219322|13012|10734|3079|11157|2627|87094|7510|8447|2621|16164|3255|469271|15690|7048|2091|6530|1873|99654|8502|64074|8325|55119|6822|212004|13792|9201|3027|15641|2528|0|217|617401|16898|18658|2957|3516|1450|28992|3988|9248|2345|120728|7347|175957|11329|164963|10035|56722|6404|6744|2505|22995|3506|8878|2732|50181|4365|49862|4352|319|271
040C201US37|759371|19872|92086|6928|24522|2964|986|609|975|434|287|248|1977|1183|19350|2572|8626|1683|9294|1715|1430|814|947|870|21143|3154|801|498|583|350|4063|1806|13054|2709|1971|941|250|187|421|402|9122|2017|1930|813|2502|850|981|518|0|221|3637|1580|72|140|36688|5936|578|583|1723|1037|1791|1380|977|707|227|201|847|383|1420|1001|984|595|556|461|922|581|0|221|2846|1073|2490|1197|9762|2352|499|515|7090|2780|3976|2165|611|558|236071|6976|49386|4561|30236|3661|25586|3493|1544|896|3106|1075|4833|1407|14317|3540|0|221|106333|7331|4928|2915|1234|809|357|473|82842|6216|4370|1760|471|395|6062|2036|5202|2024|191|231|254|353|422|456|64602|6513|4836|1903|678|472|1175|820|4532|1840|1119|563|17790|3657|394|325|8491|3843|25587|4941|0|221|14902|3654|184|163|168|164|382|368|590|411|1072|612|813|584|783|705|2041|1556|779|559|1625|1310|2766|1139|490|388|2839|1582|370|262|848|584|71043|9070|13806|3108|2648|1633|3412|1619|1808|1088|1609|1160|134|172|566|409|2099|1292|1530|901|9515|3568|625|455|3740|2515|4481|2128|669|880|11775|3177|1407|987|4818|1973|3088|1555|2187|1648|275|337|2755|897|2500|818|255|290|27409|5827|138|220|4259|2244|705|557|4190|2023|10843|3695|859|954|1783|1210|1215|902|3417|2120|5783|4810|3211|1095|1982|930|871|390|1111|833|52|87|20|35|400|439|757|388|356960|13669|340245|12583|44442|5207|1012|1072|1748|1492|7760|2277|2009|1600|10952|2575|102|166|3989|1762|12099|2648|305|305|174|267|3414|1742|178|219|700|480|234333|11036|47|78|1845|780|28876|4905|19968|4590|42229|6205|135688|10292|3297|1904|2383|912|0|221|61470|6310|3315|1110|1091|1117|9014|2243|2609|1413|18857|3946|6685|2258|2343|1124|4047|1461|1184|689|11394|3376|931|944|16715|2946|16582|2935|133|222
040C201US39|552688|14102|85971|6487|13446|2223|328|270|588|340|173|157|753|481|11164|2208|4320|1256|5696|1691|1148|506|440|321|17751|2592|518|271|1512|1239|2137|937|11806|1811|1425|712|353|298|0|208|8991|1707|2922|987|4608|1127|299|267|0|208|1142|710|20|33|45492|4997|2701|1674|859|401|2851|1176|1095|612|1824|739|872|435|1270|650|94|110|281|235|1918|1396|808|530|2970|986|5078|1499|8318|1875|2921|1388|8000|1984|3632|1168|291|264|230981|6647|51291|4769|33484|4026|28354|3641|2201|1000|2929|1037|5926|1497|11467|2128|414|357|115221|7415|2503|2473|2305|1146|15898|3994|61873|5602|3634|1381|699|329|11960|2670|9524|2629|1592|1213|4587|2189|646|511|38898|4384|1267|857|3692|1983|1281|750|2795|1573|1364|761|13578|2348|828|422|2954|1107|11139|3045|0|208|23607|4069|171|171|153|228|227|273|2310|1030|2601|1430|3043|1556|1820|1002|3103|1098|4550|2060|2800|1051|1995|868|218|185|95|151|521|514|1964|1125|99918|9523|38694|6080|3285|1459|6998|1869|7437|2009|12206|3066|1375|1602|2338|2164|933|675|4122|2828|7562|3152|4235|2531|971|748|2193|1506|163|188|14147|3565|1877|1043|6380|2770|2082|984|1869|1036|1939|2058|1664|776|1539|743|125|205|33550|5767|0|208|9105|2428|3409|2633|2283|1415|9465|2955|2636|1392|2142|1445|523|513|3987|1584|4301|1791|3182|1322|2193|1199|1873|1105|320|279|157|188|3|13|350|575|479|426|132636|7924|120178|7258|25400|4375|280|248|195|234|2540|1022|40|79|6771|2815|0|208|5442|2175|8008|2540|155|276|161|187|1398|724|179|219|231|227|69507|6160|509|398|987|581|6059|1742|8469|3087|5729|2980|45290|5797|1178|915|1265|917|21|39|25271|4710|1151|576|216|211|5949|2059|737|595|4805|1652|2485|2058|1221|565|2248|909|351|176|6108|2431|0|208|12458|2013|12363|2004|95|157
040C201US41|378995|11166|51658|4443|12686|1948|503|654|1302|603|233|245|202|165|9949|1595|4272|1240|4869|915|808|389|497|478|12297|1769|345|276|320|269|2065|773|7639|1421|1525|533|403|405|0|214|1924|780|146|199|718|399|543|547|44|73|517|409|0|214|24330|3620|0|214|794|528|1187|817|795|867|315|271|639|318|906|537|71|91|159|146|1453|1017|82|133|803|415|2902|1076|3718|922|650|484|8656|2703|1200|787|421|688|129857|5207|40047|3949|26576|3597|20423|3409|2925|1043|3228|955|5061|1260|8410|1673|0|214|32652|3948|1923|1076|408|385|685|614|19229|3161|3006|1086|933|519|3967|2512|833|568|94|151|1054|795|520|579|46017|4054|822|592|2084|1432|984|508|3187|1214|1100|678|13902|2567|1026|575|2251|856|20661|3520|0|214|11014|2863|194|323|809|1101|286|396|2387|1379|1608|821|697|974|836|898|1059|719|552|496|773|800|1556|1325|212|325|45|22|0|214|127|169|14841|2997|6885|1913|609|827|2750|1455|1537|848|1055|979|284|284|0|214|511|551|139|231|791|939|0|214|518|870|46|80|227|365|1476|830|378|434|559|472|352|379|0|214|187|195|775|461|775|461|0|214|4914|2059|0|214|2216|1852|246|282|886|687|1068|682|105|181|18|6|244|378|131|159|0|214|8161|1560|2679|861|2128|760|551|329|676|555|1660|972|2584|1168|562|440|174478|7733|161958|7371|5531|1700|144|15|18|32|2272|1078|130|178|1481|1127|0|214|550|395|352|343|0|214|0|214|584|771|0|214|0|214|142713|7313|172|170|1380|966|4105|1474|9493|2966|2407|1683|123486|7010|1422|1305|248|237|0|214|13714|2953|1769|913|111|180|1594|780|843|503|1666|839|1141|879|78|131|3595|1301|400|385|2465|1999|52|92|12520|2258|12520|2258|0|214
040C201US42|909655|21700|142874|7125|23242|2586|224|178|4059|938|445|311|999|559|17515|2302|7563|1537|8259|1544|1693|778|0|190|19186|2352|792|470|983|572|3804|1035|11760|1735|1025|437|585|370|237|219|21617|2710|4516|1369|11479|2063|2671|1042|0|190|2578|1107|373|361|78196|6532|6498|2098|3621|1612|2536|1099|2743|1101|822|441|1563|1150|1298|555|442|343|857|589|762|525|145|179|9664|1737|5373|1833|14056|2516|1370|621|19348|3639|7098|2044|633|529|351183|8271|107688|7137|75064|6038|67014|5740|2619|870|5431|1413|4584|1327|27285|3715|755|630|144970|8093|688|443|12551|3945|6934|2110|90033|6511|4405|1306|1545|750|8189|2421|10258|2721|1549|969|7806|3866|1012|637|69859|6601|1118|515|9164|2353|2187|1070|851|644|1421|621|17943|2882|1498|611|4181|1297|31319|4744|177|265|25886|3817|302|233|857|568|2382|1566|2412|1610|3118|1413|1054|639|654|554|3038|1366|1639|794|5115|2295|3516|1138|385|266|845|1138|569|357|2780|1835|84584|8251|15687|4202|773|848|5127|2625|5983|2654|195|310|1303|975|468|265|230|200|1608|843|5204|3309|1524|1279|213|234|986|756|2481|2796|16629|3937|4274|1527|7202|3034|3065|1126|1498|1265|590|546|2980|1510|2814|1497|166|221|36881|6418|0|190|6353|2906|726|538|13109|4317|9434|2858|338|250|2924|1626|1653|1504|2344|1428|7203|2877|2533|697|1950|656|1256|508|694|411|39|73|0|190|32|56|512|451|328481|16446|312808|16008|159557|14019|627|432|834|740|6131|1912|2140|1192|110478|11882|325|290|10890|3215|21137|3258|508|331|498|404|5346|1807|0|190|643|338|84756|9413|376|358|3819|1754|8994|2590|11905|3944|7545|3253|47199|6358|3584|1906|1334|757|0|190|68495|7749|2868|1136|546|403|15033|4246|2145|1045|11511|2663|12700|3099|5035|2450|8066|2662|522|368|9785|4144|284|315|15673|2175|15473|2152|200|261
040C201US47|346857|14564|29339|3847|6909|1741|200|235|122|124|0|225|208|190|6321|1779|2302|923|3766|1449|253|246|58|102|8094|1562|495|354|105|179|698|617|6277|1322|409|373|110|126|0|225|3120|977|656|462|618|338|473|393|0|225|1285|860|88|153|11189|2311|498|700|334|433|2003|1200|300|296|283|378|226|297|663|478|0|225|96|175|0|225|77|131|1370|1009|1552|833|1241|693|197|212|1368|754|981|681|27|47|97696|5475|22706|2888|12613|2033|11203|1997|462|322|948|542|1806|975|7914|1732|373|500|31853|4346|4702|3153|1337|929|410|582|20920|3124|2182|1086|137|166|656|538|685|502|0|225|719|830|105|183|30386|3986|3796|1856|356|338|542|410|3472|1309|1438|598|9377|2437|292|293|2290|1413|8823|2537|0|225|12380|3303|78|138|185|248|0|225|5066|2690|132|215|1742|944|1500|853|394|383|913|726|911|918|1231|709|105|179|123|158|0|225|371|257|43828|8445|9976|2775|431|525|6534|2423|1285|894|155|261|4|11|656|987|149|172|762|719|4547|3728|763|894|2464|2900|1320|1242|0|225|16919|5914|196|244|13431|5810|810|677|1807|1304|675|762|1398|1007|1398|1007|0|225|9653|3449|0|225|1108|590|0|225|451|370|4854|2043|927|1026|0|225|1225|1912|1088|877|1335|951|2923|1246|1297|648|1095|606|202|218|0|225|440|542|1115|1059|71|246|173071|9136|163571|8636|14706|3586|205|323|104|183|3352|1492|177|296|3252|1538|0|225|2391|1880|3718|1692|146|289|83|141|926|727|0|225|352|326|123836|7778|55|99|793|598|9355|2692|23799|4449|23398|5949|64766|6428|790|642|880|782|0|225|25029|5961|610|432|828|673|5393|3371|870|610|4027|1295|477|382|596|522|2030|995|84|148|9976|4181|138|138|9500|2285|9435|2247|65|101
040C201US48|4743257|55333|201559|9765|55178|5331|1390|667|4423|2113|1881|989|2171|883|44523|4525|22178|3491|18312|2588|4033|1351|790|539|53692|4709|1992|956|806|554|12279|2640|31639|3459|5048|1824|1710|750|218|259|21107|3264|2939|1092|5902|1739|992|541|0|237|11047|2600|227|230|69977|7315|1870|1101|1621|877|2510|1049|2048|957|641|574|2467|1068|2495|1024|565|392|258|204|1633|1000|2184|1694|7716|1937|5841|1789|19602|4724|1943|1015|12292|3330|4291|1400|1605|976|1178509|17633|235201|10319|152389|9376|113764|8465|10771|2885|27854|3583|18352|3384|63689|6308|771|675|518268|17553|26876|8046|16675|3551|1048|785|335063|14291|24310|3696|2851|1210|30348|5931|71638|9252|5944|1860|1302|642|2213|1091|334187|11981|10077|2092|12115|3416|8483|2181|6784|2337|9304|2580|98343|7870|3112|1096|15870|2763|170026|9882|73|113|85684|9726|670|506|1837|1095|708|614|16027|4027|4371|1407|8249|2337|4183|1505|8933|1809|7351|2466|4499|2008|18681|8029|6258|2449|933|783|2984|1483|5169|1727|293891|17327|71545|7928|4763|2442|20790|4643|20256|4381|1599|1208|3319|1218|6238|2659|731|414|13849|3877|33426|6532|15885|4771|6419|2481|8361|3807|2761|1621|31825|5186|4454|1512|14235|3740|4168|1473|6884|2870|2084|1152|19610|8167|19445|8169|165|211|131055|11249|194|322|13533|3150|3524|1566|4569|1828|91879|8949|4346|5180|3146|1344|1354|710|8510|2654|6430|2223|12827|2995|8462|1889|6368|1466|2094|1228|693|513|199|316|2566|1814|907|540|3056471|43921|3007456|43976|127759|11626|2064|1569|1072|585|68522|8800|4415|2745|13052|2473|367|314|4046|1917|16205|3485|1471|1021|0|237|10107|3935|1126|832|5312|1841|2633719|40351|3898|1875|5408|1657|230039|17219|97662|10694|178892|16678|2085743|37098|22774|4662|8509|1733|794|699|245978|16617|14052|2564|4138|1859|24142|3920|6374|1710|60199|7736|14149|3235|2985|1160|18948|4173|1888|952|96763|11851|2340|1168|49015|4775|48554|4808|461|298
040C201US49|278061|10268|23742|3298|5802|1412|42|71|140|189|92|106|157|195|4975|1211|1508|541|3141|971|326|259|396|311|5408|1191|217|170|88|103|1121|623|2887|903|790|453|266|234|39|64|3252|1203|154|115|882|442|230|229|0|204|1986|1122|0|204|8595|1884|0|204|66|82|1317|705|225|257|0|204|215|206|269|276|0|204|639|750|149|154|0|204|947|933|448|270|1542|857|462|531|1289|581|1027|705|685|757|60321|4338|19881|3012|12153|2607|10291|2493|774|567|1088|635|2094|916|5000|1656|634|449|13355|2839|137|158|25|43|862|1220|6835|2297|2509|1339|497|595|858|838|1005|682|411|362|132|165|84|177|23475|3830|2952|1804|785|556|760|483|817|590|503|333|7059|1984|109|112|2023|841|8467|2702|0|204|3610|1494|479|439|176|215|0|204|1178|954|86|102|117|168|387|453|51|85|185|144|326|278|585|268|0|204|0|204|40|67|0|204|10091|3153|3524|2145|0|204|865|812|419|478|1263|1719|0|204|197|257|260|254|520|439|1783|1117|0|204|614|539|1169|892|0|204|2788|1905|172|187|1585|1668|193|162|838|801|0|204|1326|649|1326|649|0|204|670|501|0|204|186|232|165|324|49|5|154|214|36|62|7|3|0|204|73|124|0|204|13126|2275|2272|790|1532|586|740|451|513|528|1478|1430|320|308|8543|1929|170781|7821|163736|7491|2832|920|0|204|55|92|475|425|0|204|835|479|0|204|557|486|910|527|0|204|0|204|0|204|0|204|0|204|114146|5735|52|86|849|536|5120|2004|6040|1956|1596|936|99870|5658|218|229|401|442|0|204|46758|6188|3229|1018|937|448|8567|2789|5183|1800|5752|2575|1621|743|90|140|7413|2526|963|658|12823|3980|180|201|7045|1531|7045|1531|0|204
040C201US51|1034091|19258|84988|6313|21692|2434|727|474|1440|600|305|210|1187|536|17280|2353|7940|1727|7961|1688|1379|460|753|457|20101|2361|360|281|813|498|3589|897|12599|1904|1389|644|1351|870|0|214|11537|1847|2231|759|5421|1422|1131|557|0|214|2689|1223|65|108|31425|4561|2975|2218|1823|894|1102|640|2107|851|488|421|963|439|587|317|294|223|418|289|671|573|180|229|1968|620|3498|1188|7819|2046|615|451|3476|1011|2441|1160|233|184|459701|10057|112521|8071|52379|5061|43168|4543|1713|591|7498|2283|8746|2181|49174|4774|2222|1525|194021|11210|27622|4393|10954|3635|519|592|100315|6609|14108|2264|1619|793|13454|3730|21620|4081|1396|1571|1393|815|1021|843|111576|6877|884|564|4316|1671|3466|1473|1116|552|2884|1363|49809|4597|548|409|7976|2204|40577|4212|0|214|39257|5325|393|402|328|349|164|169|10345|3160|2854|1403|1988|797|1395|593|3499|921|4165|2594|3770|1767|7098|2042|947|673|1147|895|1164|635|2326|1016|126990|9415|45846|6529|3454|2037|29809|4385|4011|1474|2643|2101|382|543|1519|916|1089|609|2939|2173|8634|2848|4330|1825|1188|831|2361|1036|755|816|26625|5130|622|477|11061|2996|5713|1570|8559|3530|670|538|3454|1167|3310|1133|144|243|38683|5601|517|412|17553|3349|580|475|2505|1473|7713|2954|295|357|7242|2825|1044|867|1234|587|3748|2052|4304|1396|2552|834|2089|715|463|420|568|561|191|162|457|532|536|584|358108|12936|347612|12746|31760|3853|486|422|564|394|6300|1872|100|133|6395|1953|215|280|3478|1373|9225|1954|215|339|354|334|3182|1405|366|435|880|554|216720|11937|328|526|684|486|97854|8881|24761|5650|34647|5745|43740|5609|7492|2857|6932|2491|282|341|99132|6946|6938|2189|24719|4225|8339|2560|2658|1073|14015|2714|4332|1624|2409|1225|24519|4377|696|409|9425|3405|1082|564|10496|1912|10447|1916|49|81
040C201US53|1087001|17740|147956|10195|24498|2910|860|416|2962|1455|796|437|1263|533|17569|2566|9160|1863|7491|1606|918|409|1048|568|25771|3212|996|445|954|701|4190|1130|15659|2656|3045|1109|887|750|40|67|7033|1854|762|457|3195|1279|595|415|145|205|2401|1025|80|135|90470|8761|730|514|5277|2308|3826|1437|2357|1205|503|334|1038|546|868|520|743|383|311|306|3841|1486|150|198|5833|1624|6443|2112|20892|3725|398|302|34609|7894|2651|965|184|232|526685|10997|182292|9528|118334|7512|93738|7121|8675|1502|15921|2343|14093|1855|48456|4734|1409|954|146565|9292|4393|1986|2276|1263|374|382|114316|8706|9885|2297|1824|784|2644|1266|6298|1831|572|648|3333|1568|650|362|173751|9160|5081|1942|9615|2283|5741|2503|4706|1605|2785|1005|70690|6246|1056|668|14628|3545|59449|5818|0|214|23825|5814|865|704|1711|1487|626|474|9124|4701|2884|1469|1151|745|343|386|1193|589|1287|742|671|557|2030|740|236|189|845|915|859|702|252|213|78865|7270|50046|5821|4549|2358|19827|3866|12308|2883|8232|3193|251|263|2184|1248|540|473|2155|1385|2185|1311|351|387|709|749|1125|616|0|214|7418|2406|482|378|4356|1826|1262|1003|763|756|555|464|4812|1863|4712|1854|100|120|13697|3954|0|214|3037|1705|306|373|1673|1186|3961|1528|323|326|178|285|259|453|3960|3005|707|654|20384|4013|5422|1807|3232|1194|2190|1062|1723|881|3002|2236|5384|3299|4853|1641|313111|11362|273445|10933|11029|3827|262|324|0|214|2223|1012|122|196|344|273|0|214|3012|2933|4020|2172|179|270|0|214|627|458|77|132|163|267|232064|11857|53|89|1263|704|9367|2381|11763|4046|10329|4193|196463|11064|643|293|1786|832|397|582|30352|4263|2167|1167|1094|604|11471|2818|1831|664|4823|1649|569|330|0|214|4403|1675|587|570|3120|1956|287|274|39666|3546|39510|3540|156|153
040C201US55|249012|9800|33865|3544|4618|977|258|187|520|389|11|21|375|276|3262|864|1311|581|1598|433|353|347|192|163|9318|1739|348|284|560|432|1223|663|6599|1372|343|314|245|209|0|159|2962|998|729|450|1419|588|84|137|0|159|547|523|183|301|16876|2548|1672|1199|684|522|513|497|409|244|406|282|904|534|507|346|330|260|123|121|0|159|737|964|2734|926|1452|734|2147|865|483|323|2053|1041|1722|804|91|132|91515|4546|24464|3385|17749|3116|14038|2566|1049|607|2662|1137|1495|591|5068|1511|152|256|26756|3990|932|837|686|515|0|159|20626|3422|877|601|216|196|665|550|2335|952|161|146|151|175|107|182|35853|3499|4735|2373|382|307|499|386|9728|2067|612|506|6855|1653|64|110|9186|1593|3792|1492|0|159|3620|1157|0|159|88|145|0|159|342|279|348|232|267|213|1006|651|0|159|394|345|362|268|427|372|0|159|166|261|220|151|822|790|18297|4256|7413|2475|524|740|776|550|2044|1226|2393|1264|381|465|59|102|621|785|615|556|3779|2432|2002|2065|1094|900|683|607|0|159|2148|1169|290|246|504|449|1052|994|302|479|0|159|1423|1515|1423|1515|0|159|2901|957|0|159|720|496|324|383|169|197|1217|567|58|93|38|65|0|159|375|494|633|689|704|360|606|338|369|288|237|234|0|159|0|159|59|101|39|48|104631|6147|100112|6178|5428|1621|281|379|84|136|239|232|0|159|2491|1150|0|159|826|793|1507|1002|0|159|0|159|0|159|0|159|0|159|82923|5815|121|200|396|344|1956|1138|1560|670|1991|1040|71656|4898|4980|2476|263|253|0|159|11761|2934|947|613|310|311|1797|893|493|372|1229|444|1274|1002|0|159|2849|1932|35|59|2791|1464|36|60|4519|1029|4519|1029|0|159
040C243US36|110510|6424|36494|2898|8206|1460|152|143|1968|727|27|32|375|387|5652|986|2526|821|2785|717|341|186|32|48|9317|1622|467|232|1108|919|1089|393|5619|1078|588|348|431|340|15|23|4972|1112|637|388|3585|969|220|224|0|217|433|279|97|111|13846|1965|703|690|476|505|684|326|278|241|436|350|503|449|558|452|183|174|42|44|26|45|0|217|3720|1212|957|445|2169|1008|419|315|1377|521|1315|725|153|247|22534|2489|8873|1758|5144|1233|3738|998|546|370|860|502|1082|605|2647|1143|0|217|7124|1625|627|501|870|597|0|217|3365|1159|426|258|10|18|149|170|972|574|173|219|455|368|77|97|4156|1177|166|107|102|191|220|185|44|74|288|246|2546|1040|67|89|542|289|181|142|0|217|2334|828|0|217|0|217|219|311|464|447|399|183|67|114|118|181|438|440|219|282|0|217|365|251|0|217|0|217|45|72|47|85|4855|1742|1151|719|183|177|273|257|367|330|168|281|0|217|48|86|0|217|112|192|352|227|23|41|68|121|14|27|247|195|994|842|10|16|659|588|50|80|275|440|0|217|1164|392|1131|388|33|30|1107|895|0|217|279|292|0|217|0|217|828|842|0|217|0|217|0|217|0|217|87|143|898|472|898|472|523|392|375|250|0|217|0|217|0|217|0|217|45729|4059|37236|3984|11916|2203|307|442|79|37|1314|553|0|217|2984|930|49|3|794|594|5054|1805|65|108|108|125|1014|447|18|4|130|182|14224|2668|0|217|306|207|2089|1313|3645|1280|909|472|7142|1966|23|7|110|138|0|217|11096|1870|1430|821|190|273|1673|707|573|526|1766|766|2019|993|963|539|1018|577|599|525|664|437|201|206|8493|1270|8412|1266|81|107
0500000US04013|660381|17900|53690|4862|11028|1681|321|334|610|396|182|125|216|191|9636|1465|3832|886|4924|1266|880|411|63|110|13446|1998|450|284|620|341|3086|1023|7710|1552|841|535|667|538|72|119|3860|1055|622|392|1650|742|484|531|51|86|1104|556|0|228|25216|3985|661|670|698|636|3401|1399|1132|640|1583|901|1002|587|581|298|49|79|707|853|318|423|433|380|3569|1143|3991|1471|3149|1285|884|753|797|390|2261|1317|140|135|166607|7301|34976|3919|20717|3126|14269|2317|1729|692|4719|2082|4515|1263|9730|1848|14|5|54349|5720|3269|1914|1946|1548|1174|1205|39590|4835|3359|1072|924|624|1440|1338|1236|756|787|525|296|260|328|323|53565|4501|2794|1539|2344|1139|1204|715|1257|845|966|507|21496|3127|605|413|2807|1182|20092|3931|0|228|23133|3345|218|221|0|228|27|45|12340|3035|1639|877|2058|942|76|124|1968|724|1306|984|822|539|1880|920|219|252|181|226|399|406|584|468|31733|7192|9118|3333|95|154|2957|2782|2101|1238|762|717|504|670|548|379|150|174|2001|1125|3038|1497|101|169|922|777|2015|1371|0|228|5936|3769|0|228|1338|778|1156|1168|3151|3457|291|296|1432|758|1432|758|0|228|8048|3071|0|228|387|409|0|228|1472|1084|4603|2153|0|228|196|317|1076|1770|314|350|4161|3195|3779|1400|2067|1071|1560|958|507|471|409|515|524|838|289|391|490|356|404572|14266|380089|13757|18221|4163|0|228|236|321|10265|3164|76|124|2348|1035|53|88|2454|1970|1780|1342|0|228|0|228|883|744|41|68|85|141|341543|12706|263|373|1155|644|5740|2018|15702|4654|4232|2059|311699|12120|1547|935|1097|702|108|181|20325|3799|2377|1238|433|366|2353|994|1272|713|5877|2183|1884|1319|213|214|3786|1514|157|150|1871|898|102|173|24483|3387|24483|3387|0|228
0500000US06001|559682|10996|31907|3367|8710|2271|296|373|451|305|480|347|1230|1216|6102|1620|3098|1189|2644|1024|360|265|151|145|8658|1847|258|209|598|452|3708|1392|3432|929|402|248|260|180|0|218|4287|1082|437|373|1258|572|1398|616|373|345|1117|563|77|95|10252|2187|271|442|209|247|251|437|558|490|565|509|221|232|54|90|52|83|54|89|616|472|0|218|701|359|887|434|3435|1339|0|218|2022|922|356|277|0|218|361633|6818|131946|7478|111924|6999|83893|6747|14732|2077|13299|1978|4431|1022|14470|2514|1121|717|129798|8240|10585|3970|1696|1056|98|161|104042|7684|4702|1583|696|639|3179|2326|3552|1464|1163|1037|36|60|49|83|91822|6254|3332|1312|2914|1140|3031|1197|1214|692|2154|834|53355|5525|808|473|1581|789|23433|3720|0|218|7649|2095|69|109|460|681|0|218|266|368|1723|878|544|445|740|883|517|479|668|502|0|218|785|473|392|249|1395|1254|90|104|418|389|16522|3207|5259|1963|2088|1627|1788|991|950|594|0|218|107|172|163|203|116|192|47|72|168|171|77|132|0|218|46|77|45|73|2901|1153|1235|941|937|562|649|529|0|218|80|130|335|238|335|238|0|218|7709|2722|0|218|1578|1136|214|227|469|537|3512|1918|481|620|548|660|692|1117|215|276|150|172|6164|1432|1406|509|1037|449|369|224|3783|1249|0|218|0|218|975|582|143456|7196|138166|7113|3602|1324|134|168|0|218|1021|634|0|218|584|532|0|218|151|181|751|924|163|263|0|218|463|354|0|218|335|248|122129|7238|390|656|502|476|11272|2407|16052|3935|2801|2096|86263|6384|4690|2082|159|192|0|218|12435|2473|908|454|266|220|2279|1135|865|599|2772|1067|171|176|0|218|3896|1202|303|288|762|489|213|227|5290|979|5212|972|78|132
0500000US06037|3220812|28859|160974|8442|38936|3848|1238|451|2803|976|1006|821|1856|630|31128|3373|15376|2399|14288|2356|1464|629|905|449|30742|3412|1246|562|746|401|9723|2295|13992|2091|3300|958|1453|654|282|268|16747|2438|2789|893|8678|1849|1635|814|54|91|3610|1364|35|58|74004|6013|245|277|2655|1162|350|307|2212|987|3084|1190|3694|1227|3226|1088|751|464|938|773|1979|1229|0|218|3854|968|4923|1197|23277|3369|1847|1024|16261|3032|4708|1240|545|482|1165036|13623|447502|12308|271483|9984|184497|8735|27471|3192|59515|5028|33048|4166|141562|7917|1409|1290|193203|11516|2613|1335|11826|3429|0|218|57610|5822|103197|8163|3549|1912|1692|995|7465|2189|2704|1123|1236|779|1311|599|384823|13520|9248|1913|23870|4888|11783|1837|2310|683|2634|713|214580|9619|2361|762|17917|2571|99996|7939|124|118|137953|8516|69763|5618|4414|1780|2569|1382|8067|2326|14173|2859|4888|2032|1077|645|13587|2324|723|466|10176|2780|7276|1761|370|212|0|218|870|544|1555|783|55968|6272|12019|2530|550|426|6193|1918|2653|1269|129|185|504|392|531|384|660|434|799|389|1569|770|1206|739|0|218|230|233|133|128|15988|3048|437|308|12414|2776|1757|1180|458|645|922|686|7486|1972|7486|1972|0|218|17333|4279|0|218|1545|935|211|214|241|267|13357|4004|354|418|1126|802|0|218|499|409|1573|1158|15366|2252|9892|1961|8801|1918|1091|460|2185|970|0|218|255|315|3034|876|1823468|22628|1797847|22288|28293|4143|291|223|626|739|12425|2106|570|878|1584|856|31|52|3499|1691|6042|1885|141|232|0|218|1758|710|874|753|452|452|1664046|23183|11566|2255|4780|1359|259878|11138|191279|11979|42194|5605|1126444|18839|24941|4164|1939|726|1025|512|105508|8357|10513|1878|3540|1244|13669|2628|5085|1381|23132|4019|14481|2664|779|493|24247|3518|1199|655|7866|2900|997|452|25621|2826|25540|2822|81|100
0500000US06059|953096|14417|53314|5510|14344|2475|199|169|848|451|177|149|1412|964|11334|2170|4585|1359|5535|1366|1214|508|374|331|12293|2376|487|348|672|552|3407|1335|5355|1534|1744|809|628|467|0|218|5750|1430|1042|805|3068|1155|357|300|0|218|1117|575|166|210|20843|3538|425|525|855|522|464|348|621|394|493|462|1225|578|446|355|138|172|60|101|205|249|142|229|2779|1599|4188|1602|2983|877|509|384|4166|2045|1144|738|84|88|502346|10353|148300|8226|71485|5660|46531|4942|4616|1339|20338|3374|12764|2343|63702|6393|349|443|98330|8909|3711|1451|2232|1157|0|218|42178|5891|38397|4747|669|581|5151|4420|4657|1754|917|534|418|444|0|218|229965|9158|1006|679|6255|2002|3496|1341|2005|933|1179|684|57089|4812|477|352|3639|1098|154776|7003|43|71|24908|5005|1077|786|0|218|44|73|2201|1539|2346|1111|2435|1375|1990|1449|2750|1313|573|449|6816|2123|3914|1836|628|411|0|218|134|131|843|678|16571|3118|3401|1331|0|218|834|596|1737|837|0|218|43|72|41|68|524|464|222|254|270|322|0|218|108|184|0|218|162|269|9342|2645|0|218|8641|2657|49|83|123|154|529|736|2084|896|2084|896|0|218|1047|708|0|218|96|115|0|218|0|218|951|704|0|218|0|218|0|218|0|218|427|583|4495|1714|2244|1274|1833|1096|411|353|1345|1231|0|218|0|218|906|765|376370|11432|361480|10683|4279|1540|0|218|0|218|1559|740|0|218|883|666|0|218|497|536|110|183|0|218|0|218|403|364|76|80|751|1068|326906|10580|0|218|1011|714|15904|3565|13936|3142|2660|1267|291205|10142|1690|873|466|497|34|58|30295|4685|4845|2078|1568|888|4332|1861|502|319|5447|1981|1742|795|690|702|9200|2592|1018|831|951|662|0|218|14890|2419|14890|2419|0|218
0500000US06065|543792|12791|24223|3086|8030|2460|619|805|621|401|106|179|120|122|6486|2037|2427|1170|3611|1432|448|322|78|113|5270|1045|314|266|159|191|666|333|3196|795|771|401|164|158|0|218|2525|784|543|395|1036|597|489|397|0|218|457|275|0|218|8398|1938|405|417|0|218|382|604|455|538|145|183|539|392|866|692|0|218|150|176|0|218|121|201|926|558|1507|695|1015|493|1021|1124|405|338|461|327|0|218|121621|6412|30391|3658|20322|3080|14572|2668|891|498|4859|1646|1701|836|8368|2118|0|218|23059|4405|1423|781|1019|813|0|218|12046|3166|3877|1395|126|151|769|1249|2954|1184|751|594|0|218|94|122|53175|4653|354|378|1134|727|1449|960|1738|889|259|276|34044|4185|215|209|2592|1002|11390|2430|0|218|14254|4978|247|296|0|218|0|218|5272|3737|438|260|1788|1014|326|326|1342|1000|447|480|3493|2719|540|514|84|140|0|218|277|332|742|465|9752|3161|2491|1674|126|209|352|486|1710|1536|0|218|0|218|130|165|0|218|173|229|77|124|0|218|4|3|73|124|0|218|4109|1734|0|218|3579|1643|352|398|0|218|178|163|357|324|357|324|0|218|2174|1072|0|218|255|254|58|98|0|218|1861|1068|0|218|0|218|0|218|0|218|544|871|3282|1503|1046|611|855|570|191|201|1804|1532|0|218|0|218|432|384|384914|10804|374167|10712|6903|2207|0|218|352|313|2829|1225|0|218|828|699|0|218|1318|1452|656|462|0|218|0|218|920|500|0|218|0|218|349679|10091|622|428|1067|829|15622|3753|16614|3796|4013|1519|306195|9876|4661|2194|885|478|0|218|17585|4057|1871|666|761|623|1216|826|675|612|5010|1673|2221|1240|40|76|3453|1314|65|110|2149|2153|124|112|10747|1755|10747|1755|0|218
0500000US06073|731450|14877|59120|4460|16464|2178|1467|851|972|467|760|652|902|444|11926|2005|5507|1297|5217|1339|1202|608|437|342|14965|2925|460|292|1312|782|4986|2429|6255|1423|901|419|1051|398|0|218|5872|1458|1106|633|2118|676|448|365|0|218|2200|1050|0|218|21776|3404|413|278|1077|927|278|254|714|538|351|302|1079|699|1076|543|217|356|210|222|198|162|362|344|2561|837|1786|1102|5599|1587|777|547|3099|1349|1979|906|43|70|291908|9254|67783|5037|41444|3947|30073|3718|3902|1070|7469|1507|10957|2326|15333|2667|49|81|48094|5402|3948|1631|211|224|0|218|26278|3888|12536|2403|969|844|626|460|2659|2078|411|421|237|235|219|204|141295|6884|695|525|2966|1157|2406|1743|5300|1604|889|464|88254|6686|360|246|3565|1226|36780|4570|80|129|34612|5728|282|460|217|292|0|218|21551|4594|2889|961|1225|759|1307|1662|2734|1303|117|146|2459|1575|534|482|719|646|0|218|578|651|124|148|21012|3470|8874|2336|382|381|3300|1541|1799|1200|836|656|416|558|725|567|331|312|1085|809|2808|1976|790|566|325|431|1281|1787|412|658|2963|1020|243|216|1116|560|576|507|592|580|436|291|2214|873|2214|873|0|218|3161|1550|0|218|269|219|164|212|290|338|1814|1280|0|218|0|218|55|93|569|754|992|970|4280|1423|2160|901|1620|820|540|366|445|476|138|240|349|424|1188|767|355130|8976|341740|9102|9066|2474|109|19|54|91|1016|615|0|218|646|479|0|218|1242|1226|4228|1620|47|76|113|187|1451|1097|53|87|107|182|312106|8890|535|520|934|405|2535|858|7665|2415|595|509|297915|9085|893|555|908|658|126|208|20568|2893|1210|512|320|394|6455|2145|1291|663|4761|1731|845|455|444|425|2386|1131|757|516|1720|1088|379|355|13390|2023|13390|2023|0|218
0500000US06085|775222|10707|57668|4682|9662|1762|477|384|417|305|0|218|927|551|7593|1608|5011|1436|2219|771|363|239|248|212|14318|3074|417|286|332|184|5887|2965|6402|1599|576|335|704|369|0|218|10357|2134|1724|928|2023|906|4818|1440|1346|888|1743|833|49|82|23148|3226|158|185|1144|761|641|470|583|459|906|502|495|274|505|334|96|109|354|366|184|243|53|86|1350|714|1410|504|9516|2305|532|426|4158|1447|1063|695|183|243|530962|8823|172534|7516|139224|6650|92564|5971|12579|2216|34081|3889|10247|2242|22981|3800|82|134|178241|8306|980|1152|1692|1137|0|218|147946|8203|18335|3603|803|654|1003|705|5482|2349|841|579|462|330|697|440|164089|7521|3209|1496|3246|1294|1746|680|1963|810|2816|945|53900|5876|2059|790|2747|1048|92403|7103|0|218|15817|3049|1301|901|288|349|146|141|1111|890|5809|1865|580|447|233|238|1829|1215|887|555|249|164|2249|955|508|253|101|120|526|386|281|257|11237|2340|5900|1740|798|658|3479|1670|885|514|357|571|72|119|0|218|157|183|152|145|955|834|695|780|0|218|44|73|216|260|1611|921|0|218|1260|859|109|179|108|188|134|217|1414|658|1414|658|0|218|1214|777|0|218|427|515|0|218|73|125|714|569|0|218|0|218|0|218|0|218|143|190|2788|1005|2139|963|1606|688|533|639|233|180|0|218|0|218|416|341|172567|7729|161751|7507|1567|645|0|218|111|127|683|439|0|218|77|130|0|218|45|75|247|25|0|218|0|218|404|435|0|218|0|218|140613|6150|41|67|0|218|9118|2272|2181|1073|3743|1858|122363|5998|2843|1452|324|382|0|218|19571|4553|1343|652|623|461|4632|1951|1092|735|5811|2227|512|424|84|99|3201|2320|85|139|1775|986|413|432|10816|2076|10647|2062|169|202
0500000US12011|731106|15867|52001|6086|12274|4375|0|239|1342|1414|81|133|1224|708|9556|4061|5382|3540|3888|1375|286|241|71|116|9849|2143|355|379|410|307|3065|1921|4894|1325|916|500|171|173|38|63|6864|1527|907|500|3607|1318|568|360|0|239|1782|629|0|239|22672|3569|183|300|2016|1225|61|101|505|368|275|300|1256|1001|1323|550|0|239|239|234|1294|842|0|239|2787|1310|3345|1167|5249|1893|556|337|2599|1141|984|571|342|420|59321|4458|9701|2629|7839|2470|6761|2383|658|416|420|485|444|273|1418|711|0|239|23310|4488|0|239|2560|1725|0|239|12747|4188|961|690|472|629|482|516|4933|2528|317|236|306|289|532|535|13302|2681|688|698|52|84|0|239|0|239|217|232|6373|2253|65|109|813|574|5094|2101|0|239|11886|2476|283|288|74|125|115|191|226|251|5248|1565|341|454|705|569|788|398|1023|959|740|900|1926|1352|417|455|0|239|0|239|1122|935|10048|2977|2546|1544|40|66|1229|1339|827|627|0|239|0|239|0|239|234|290|216|227|61|103|0|239|61|103|0|239|0|239|3522|1223|381|251|2095|949|898|564|0|239|148|247|1970|2162|1970|2162|0|239|1680|1071|0|239|67|110|0|239|151|263|1366|995|96|112|0|239|0|239|0|239|269|307|728|523|586|475|586|475|0|239|0|239|0|239|0|239|142|241|609008|15591|592118|15538|289764|14743|6504|2369|834|680|66140|6760|1076|712|23215|5913|209|161|88961|9754|85061|7315|2206|1521|271|360|12031|2791|662|626|2594|1927|74617|8476|1904|1442|1885|894|12458|4025|13091|6036|17294|4311|15969|3365|9331|3093|2685|981|0|239|227737|14029|11980|2550|1495|1073|31391|5700|4746|1741|70535|8189|12524|2604|6684|1944|25630|6368|1678|1011|59598|7810|1476|1168|16890|2810|16622|2795|268|389
0500000US12086|1451888|18146|48190|4823|5555|1409|279|274|221|190|460|443|331|219|4169|1213|2832|900|1175|633|162|159|95|121|12318|2389|298|196|362|289|5346|1498|4600|1405|505|355|1207|931|0|239|17037|2735|981|822|5553|1246|474|427|0|239|9963|1994|66|112|13153|2223|76|91|583|319|0|239|809|670|257|202|296|221|624|400|179|181|94|110|510|620|0|239|878|601|962|559|4121|1318|358|381|2259|1070|1147|631|127|210|38726|3892|7495|2545|5655|2405|4823|2360|219|214|613|369|439|321|1401|793|0|239|11437|2566|276|358|1267|841|0|239|5625|2036|2142|1136|47|80|0|239|1468|879|118|144|494|388|0|239|10633|3236|17|29|622|656|101|120|54|92|33|54|6121|2114|63|72|795|683|2827|2360|0|239|9112|2100|0|239|296|424|80|134|302|303|2423|971|917|783|145|238|734|449|644|566|951|640|2460|930|61|102|0|239|99|178|49|84|8890|2748|2053|960|0|239|581|481|231|290|0|239|198|366|211|244|190|219|642|586|1347|1175|1228|1158|0|239|74|87|45|76|3502|1812|97|115|1769|1357|961|587|654|804|21|38|896|600|896|600|0|239|969|793|0|239|0|239|0|239|38|63|449|560|405|525|0|239|0|239|77|120|123|200|771|502|366|302|366|302|0|239|0|239|0|239|0|239|405|466|1355311|18510|1348156|18409|794311|20636|4713|1590|201|251|643954|17189|1061|590|39163|5351|342|289|78492|9861|20256|3145|146|176|68|84|4283|1692|180|231|1452|787|202387|9468|349|249|4096|1199|15602|3633|17300|4260|41808|6274|34290|5212|80692|7664|7678|2048|572|493|351458|15031|29422|5044|3713|1573|20906|3147|8331|1917|104781|8659|18836|3788|4314|1971|37103|5067|5899|1965|117356|9590|797|389|7155|2384|6855|2438|300|335
0500000US12099|413933|13426|41835|3894|8171|1682|629|691|1104|686|318|294|415|294|4945|1189|2049|786|2360|920|536|552|760|421|9290|2042|553|401|322|283|2764|1150|4779|1207|84|141|788|967|0|239|6193|1405|714|439|3208|1061|1032|591|168|280|1105|514|134|191|18005|2614|381|524|1024|579|91|150|888|844|353|361|864|658|1541|695|90|107|302|436|223|366|131|157|2238|770|1507|658|3332|1802|311|289|3350|1328|1379|743|176|295|37469|3912|7878|1702|4968|1372|3689|1297|576|277|703|541|961|534|1949|995|0|239|12985|3427|0|239|2204|1202|0|239|6044|1690|830|567|1477|1965|47|83|1351|996|299|401|658|486|75|125|10430|2592|139|227|126|169|84|105|28|46|0|239|4832|1782|0|239|498|285|4723|2440|0|239|5600|1369|0|239|257|421|0|239|96|111|1883|614|299|474|0|239|834|447|424|519|230|238|1083|745|293|259|0|239|201|337|576|518|7666|2833|1138|781|0|239|0|239|660|668|0|239|177|295|0|239|109|106|192|226|221|363|0|239|0|239|0|239|221|363|2594|1624|28|46|2012|1510|554|518|0|239|0|239|2789|1970|2711|1959|78|131|924|712|29|48|155|206|73|123|127|216|540|620|0|239|0|239|0|239|0|239|0|239|1351|609|851|435|426|349|425|315|0|239|0|239|22|39|478|398|325612|11378|313885|11394|159266|10055|1636|1042|531|398|35975|5091|248|281|8275|2220|171|286|76537|9510|27727|4496|398|412|135|229|6640|2519|328|414|665|556|75234|7088|199|215|2293|1462|6328|2311|28874|5322|9474|3088|19592|3522|7716|2912|758|373|0|239|79385|7490|2157|887|770|422|16586|3765|2807|952|25352|4079|5823|2211|2164|858|11035|2284|1136|988|11206|3241|349|287|11727|2062|11665|2049|62|102
0500000US17031|1091530|19514|235103|10924|14661|2254|342|279|3642|821|241|215|760|515|9596|1998|5431|1576|3410|1004|755|736|80|68|15802|2344|1426|637|406|266|3810|1573|8666|1647|678|406|816|707|0|206|20998|2895|8644|2108|10642|2497|286|468|0|206|1426|597|0|206|183057|10613|4379|2165|3043|1563|9345|2723|10135|2465|3206|1225|1251|756|771|456|1128|789|4537|1483|3738|2080|2882|1456|86268|7297|11126|2518|8554|2357|6762|2406|20664|4130|5268|2596|585|494|317106|9599|84302|5478|51077|4820|42413|4057|3973|1166|4691|1762|6375|1694|25002|3670|1848|927|113047|8051|1881|1423|2577|1943|0|206|83923|8160|4246|1309|985|804|1852|1006|13522|3701|905|1368|83|136|3073|1599|75647|6215|1114|1093|1473|1411|1143|978|778|675|2667|1787|53499|5386|688|478|3243|1298|11042|2780|0|206|36760|5799|132|217|599|521|166|212|9424|2604|3177|1255|5666|1687|1484|732|2061|1092|2514|1553|6294|2819|3793|1395|742|776|531|444|177|148|7350|2224|42816|6066|9244|2532|374|386|4077|1878|1801|1076|933|636|270|180|551|387|319|347|919|538|1109|1199|855|1165|254|278|0|206|0|206|6376|2206|1453|1261|2265|1117|2399|1478|0|206|259|242|1952|1345|1952|1345|0|206|22705|5013|0|206|2534|953|503|551|491|492|15888|4014|347|378|344|441|237|403|2361|2765|1430|906|1959|669|1419|704|1048|666|371|342|78|123|0|206|0|206|462|481|494546|13563|486747|13381|15973|2969|88|138|79|131|4912|1473|0|206|1161|624|0|206|3728|1573|5108|1729|0|206|0|206|676|448|221|268|0|206|418139|11987|4380|1631|626|376|5498|2390|14825|3022|5556|1875|384166|11440|2554|1310|534|498|0|206|52635|8034|1298|792|257|229|6115|2187|1696|1037|14183|4636|11229|2951|399|374|4436|1604|532|510|12358|4518|132|154|7799|1997|7799|1997|0|206
0500000US24031|358504|9393|34332|3177|5324|1381|221|168|331|255|116|141|283|186|4067|1217|2577|1109|1178|534|312|298|306|386|7628|1502|221|170|308|301|2712|894|3249|917|432|270|706|497|0|224|4838|969|700|400|1664|602|1569|756|0|224|905|561|0|224|16391|3150|685|622|539|583|48|79|1006|965|90|150|718|524|183|153|181|219|28|46|851|1379|165|271|735|320|1329|1216|5183|1559|620|607|2499|974|1531|937|151|249|130861|4934|47836|3987|32821|3843|25560|3697|2192|718|5069|1213|2606|1581|12272|2449|137|229|50979|5615|1175|1085|4937|2505|0|224|25095|4428|10165|2500|272|246|4679|3184|2385|1422|1688|854|303|273|280|285|24587|3830|1002|563|568|419|2492|1941|215|225|632|498|9860|2521|190|255|1620|711|8008|2049|0|224|7245|2214|611|602|411|341|0|224|309|322|1190|526|65|111|313|240|1346|1212|484|418|316|256|1371|693|456|418|0|224|373|615|214|238|62228|6401|34989|6758|1136|649|29098|6733|2574|2263|0|224|330|347|458|384|655|530|738|589|6232|1883|5799|1846|129|209|173|230|131|151|2163|1289|244|335|678|452|299|234|885|1113|57|95|1416|882|1277|850|139|239|16497|3167|0|224|5643|1578|964|739|1107|698|3850|1482|1313|837|540|520|498|408|2582|2016|931|641|493|332|493|332|421|309|72|119|0|224|0|224|0|224|0|224|130590|6794|127765|6738|12738|3159|544|517|157|190|854|528|0|224|3416|1307|203|253|2326|1948|3106|1321|0|224|253|318|1010|566|698|638|171|145|75634|6480|0|224|615|515|41057|6210|9743|3446|14622|4652|5193|1685|3321|1690|1083|778|0|224|39393|5461|1573|681|6740|3147|7980|3353|1348|978|5323|1889|2863|1938|1569|834|7988|2339|66|114|3877|2325|66|112|2825|879|2662|851|163|273
0500000US25017|373338|11789|62867|6635|10796|2008|89|104|3517|1108|192|188|437|436|6198|1359|2541|966|3173|898|484|455|363|380|9631|1803|195|166|330|268|3283|1051|4019|1121|906|429|898|369|0|222|15309|2458|2312|802|5442|1646|6778|1572|749|412|730|363|47|79|26591|4390|3315|1558|832|581|1443|1778|1420|794|90|146|463|298|256|299|363|363|515|479|474|382|276|341|1783|900|1629|744|5793|1904|1414|1782|4438|1698|2087|989|540|470|162617|5824|60207|5385|47470|4757|38672|4406|3410|1207|5388|1823|4310|1221|8337|2175|90|113|54431|5340|566|687|1021|578|0|222|41982|4680|3741|1646|165|135|3282|1481|1796|1214|1632|948|0|222|246|286|31151|4130|1068|665|12151|2762|1018|688|2060|1446|707|387|1972|783|870|392|3670|1829|7635|1795|0|222|16675|4289|2417|1684|289|374|0|222|2263|2490|5171|1886|532|695|226|267|2398|1099|213|202|315|243|2614|1101|237|220|0|222|0|222|153|168|23961|3574|10427|2617|1099|869|2832|1234|1530|824|128|154|114|136|4174|2180|445|363|105|108|520|392|466|378|0|222|0|222|54|91|6446|2327|296|349|2132|1153|3624|1788|152|247|242|222|1065|535|1065|535|0|222|4933|1394|747|556|1419|876|160|215|567|524|1439|846|0|222|452|510|0|222|149|140|570|612|2161|1054|1833|1025|1503|995|330|323|95|125|0|222|0|222|233|267|121732|8345|113471|8212|24706|4019|37|64|236|267|425|428|62|103|7802|2481|104|138|11824|2886|2953|1557|149|176|0|222|643|494|234|395|237|343|27946|4774|0|222|633|758|10280|3566|9498|2782|2793|1726|4415|1324|166|156|161|149|0|222|60819|6169|1272|592|705|1014|45837|6239|535|451|7186|2416|2812|1479|140|176|1441|716|145|163|695|415|51|83|8261|1463|8261|1463|0|222
0500000US32003|505438|12751|33982|3762|8335|1864|256|219|568|291|120|197|546|422|6801|1726|3013|927|3422|1253|366|233|44|74|6672|1366|543|331|183|219|1954|897|3110|867|598|543|284|227|0|228|3084|936|329|459|1681|639|292|377|0|228|782|482|0|228|15651|2967|0|228|479|585|2104|1736|1213|864|352|381|269|253|435|318|533|451|246|245|282|238|50|85|1376|709|2122|1036|3458|1531|425|458|1232|707|1075|579|240|402|174297|6102|38150|3864|23998|2885|15877|2319|2721|870|5400|1316|3500|1100|10652|2136|0|228|17578|3868|1358|888|116|193|223|371|6613|2563|6008|1973|80|137|339|381|1533|931|692|620|492|439|124|210|110117|6349|38|65|1002|659|1402|731|1421|823|989|591|89074|6599|172|285|6081|1519|9938|2701|0|228|7780|2482|1357|979|0|228|170|210|1101|903|1061|729|464|385|56|90|1424|660|339|402|1021|1089|471|383|40|61|0|228|276|266|672|553|15948|3770|11806|3550|145|184|8451|2793|1241|1018|398|651|0|228|682|974|664|985|225|326|0|228|0|228|0|228|0|228|0|228|2479|1194|89|151|969|666|996|851|186|259|239|243|102|175|102|175|0|228|1537|1064|0|228|37|62|0|228|0|228|813|690|0|228|307|498|380|603|0|228|24|52|3235|1126|1412|680|1188|675|224|191|288|275|0|228|200|282|1335|1205|277976|9278|268144|9285|35832|5473|0|228|39|65|30607|4991|0|228|1861|1020|0|228|461|382|710|567|0|228|0|228|1246|925|0|228|908|912|215394|10667|1448|898|1310|778|18959|3775|10473|3228|5349|2739|172049|9181|5180|2407|626|428|0|228|16918|3794|2104|1240|497|367|3005|1224|1218|619|3868|1533|514|464|127|130|3899|1960|101|121|1349|908|236|249|9832|2174|9832|2174|0|228
0500000US34003|306827|8793|51669|4663|4230|1248|170|193|1129|574|80|131|126|187|2615|1120|1348|889|1140|601|127|218|110|184|3152|921|424|435|141|143|784|473|1473|503|253|293|77|93|0|225|10152|1801|1980|849|4983|1142|2446|1306|0|225|743|456|0|225|33995|3929|2520|1828|1550|1432|65|106|712|692|882|506|1194|880|642|544|399|343|0|225|494|355|1727|1001|10159|2004|1106|623|4205|1243|12|20|5344|1896|2984|1458|140|172|132378|5638|66762|4927|15966|2918|11908|2572|2656|1146|1402|752|7329|2409|43467|3612|0|225|28565|3881|292|338|2067|1245|0|225|18954|3070|1453|643|42|62|1707|986|2734|1300|161|278|614|344|541|520|18466|2751|106|124|225|363|55|100|0|225|312|226|15808|2429|88|106|566|497|1306|1033|0|225|17863|3975|349|347|0|225|803|523|319|295|5544|1949|875|801|233|384|799|494|368|375|1759|1070|5941|2166|0|225|559|872|314|203|722|423|9371|2219|1642|1016|0|225|291|528|556|541|0|225|0|225|286|411|151|184|358|438|167|219|0|225|0|225|117|198|50|84|4093|1487|216|233|2246|1092|1439|1013|53|97|139|129|631|561|631|561|0|225|2811|1177|0|225|727|477|196|301|0|225|1333|946|242|422|0|225|0|225|313|304|27|45|229|175|229|175|229|175|0|225|0|225|0|225|0|225|0|225|113180|7046|110130|6649|38620|4844|99|181|103|171|7984|2200|1249|1050|21261|4133|62|106|1249|993|5193|1268|0|225|0|225|1420|744|0|225|0|225|20612|4359|54|80|242|395|4071|2052|6327|3140|2620|1594|6078|2275|1173|720|47|79|0|225|50898|7072|1098|695|709|737|3160|1210|237|247|17924|3694|15456|4967|1348|935|7942|1938|1261|1563|1139|765|624|979|3050|1647|3050|1647|0|225
0500000US36047|907780|17020|168020|8823|15631|2573|945|980|1533|616|357|328|924|523|11499|2139|6543|1693|4783|1254|173|149|373|225|16342|2433|418|241|706|621|7311|1664|5514|1659|1598|947|661|432|134|209|16031|2658|2090|800|11399|2413|681|400|0|217|1794|837|67|116|119837|7390|4804|1755|10754|2341|447|596|771|542|191|178|1051|594|2289|1097|455|383|858|520|4172|2035|500|651|9321|2303|2042|966|25745|3261|1158|992|45878|5468|9401|2081|179|231|269902|7935|136926|5759|129579|5794|117422|5782|10468|1575|1689|690|3137|996|4210|1183|0|217|72352|7727|132|167|18548|3871|0|217|5261|1888|1545|893|3843|1645|871|660|20015|4251|397|291|17733|3489|4007|1523|15987|2576|1481|654|170|162|1030|678|56|93|724|370|7347|1908|451|288|767|488|3724|1490|237|280|43348|6178|2782|1700|2466|1193|10406|3341|77|96|9692|2285|888|500|812|739|1638|813|472|399|4658|2228|4545|1400|287|314|4320|2559|305|253|1289|1042|39507|6384|3012|1215|338|461|1262|845|456|440|229|284|0|217|27|43|0|217|700|586|1295|851|818|845|161|264|231|335|85|131|14091|4556|1383|980|5454|1487|2574|1038|1868|2061|2812|3907|1097|669|1097|669|0|217|19269|4073|0|217|3724|1640|609|474|340|472|8227|2582|1089|953|951|1023|331|544|3998|2146|743|549|2964|1109|2691|1081|2427|1053|264|296|0|217|0|217|0|217|273|318|427387|11027|419053|10894|255554|11872|461|412|11727|2153|1753|807|764|546|56853|7241|13944|3058|49919|7250|58503|8063|7334|2705|7905|2177|39428|5041|4576|1636|2387|1051|75543|8343|2273|1189|1972|1097|6714|2339|11277|3518|4606|1432|40488|6004|1662|1422|6551|1836|0|217|87956|7562|2403|839|768|797|2617|854|940|653|8588|2391|19531|3802|42632|5385|4474|2119|963|883|3017|1045|2023|1344|8334|1531|8248|1538|86|142
0500000US36061|456694|14736|85664|7760|19101|3856|398|489|3163|1336|2298|2384|932|427|11846|2428|8043|2168|3240|1166|563|377|464|514|21213|3370|1203|709|1180|977|10046|3188|6388|1669|683|564|1713|967|0|217|18028|4321|3244|1550|7541|2986|284|389|0|217|6756|2743|203|252|27041|3866|1004|666|581|457|805|730|1072|614|1012|646|845|508|1208|671|355|366|562|738|46|81|85|49|2789|1367|771|576|8047|1924|828|663|4484|1856|2547|1434|281|400|143189|6984|84709|5606|64080|5186|54635|5298|5069|1362|4376|1616|10239|2357|10390|2543|0|217|24883|3680|162|271|1217|899|0|217|17660|3211|2643|1310|63|102|495|624|1744|1192|172|274|473|475|254|192|18890|3167|506|796|46|78|850|608|0|217|2135|1574|10160|2634|915|565|851|386|3427|1381|0|217|13830|2786|172|266|449|549|1150|1030|113|160|5439|2351|269|349|271|372|1327|1010|280|269|367|311|2500|1126|69|117|969|715|455|399|877|891|22956|4546|4723|2224|324|544|1328|1162|546|739|0|217|0|217|110|179|155|189|2260|1595|953|846|97|162|267|439|485|609|104|171|4133|1575|770|807|1485|1200|1403|744|0|217|475|763|3133|1543|3133|1543|0|217|8124|3243|353|581|1174|1102|171|284|397|438|1659|1203|2789|1961|108|190|79|136|1394|991|1890|1317|4857|2118|4694|2141|4188|2052|506|423|0|217|0|217|0|217|163|270|200028|11028|186967|10690|116191|11544|587|533|777|700|3063|1293|306|317|99793|10960|90|154|3642|1513|3533|1587|330|517|0|217|2943|1602|298|185|829|649|33292|5669|520|603|892|853|1187|923|1823|1029|2803|1623|24785|5455|177|231|1105|631|0|217|37484|6195|2850|1370|32|55|5218|1354|798|806|5978|1547|11279|4421|1804|993|4116|1717|297|484|4902|2027|210|210|13061|2735|12940|2732|121|205
0500000US36081|1081374|17549|103365|6994|8592|1548|474|558|4502|1221|0|217|159|145|3022|966|1725|729|1254|576|43|74|435|349|6860|1657|618|430|240|245|2248|948|2850|953|608|471|296|263|0|217|23526|2861|10818|1891|9767|2194|335|212|0|217|1743|845|863|876|62501|6585|6038|3828|1421|801|693|465|2009|980|1570|587|1145|606|1933|1284|137|162|335|440|512|454|728|1103|16928|2574|5395|1757|9642|3501|476|416|6089|2243|7450|2275|1886|1308|422801|9239|210671|8105|174119|7741|148004|7559|13784|2409|12331|1980|4450|1223|32073|5147|29|50|143629|9974|4197|2795|61136|7337|422|589|40037|6076|1230|751|1784|1353|11436|3151|11003|3267|1563|1129|8256|2710|2565|1543|53195|5712|4027|2055|732|483|4998|1811|125|204|4120|1628|28469|3862|814|671|4312|1407|5598|2473|0|217|13041|2781|673|425|225|191|934|463|119|145|3368|1551|435|336|53|87|1189|933|330|316|217|350|2865|1297|227|270|1408|1013|998|574|2265|1483|30206|4693|2918|1332|0|217|260|245|758|519|231|384|179|179|88|105|428|642|974|847|126|125|60|98|0|217|66|77|0|217|10774|2747|480|400|7529|2217|2225|1104|504|813|36|62|235|201|235|201|0|217|15676|3255|0|217|4548|2370|310|364|244|201|6271|1770|662|656|0|217|968|925|2673|1567|477|431|1472|1378|531|317|531|317|0|217|0|217|0|217|0|217|941|1312|523530|14302|520711|14326|167118|11319|0|217|3431|1418|2730|1032|969|571|56623|6006|1399|830|22721|4390|48786|5564|362|375|2054|1577|23168|3611|1170|724|3705|1674|96343|8350|2363|1290|1369|723|14584|3433|9891|2691|8123|2638|54989|6183|1775|1120|3249|1577|0|217|257250|12017|4175|1356|1115|558|5918|1869|2647|1601|57505|6104|72562|8239|84089|7067|15749|3290|2452|1472|7110|1913|3928|2273|2819|745|2819|745|0|217
0500000US48201|1269877|28411|46424|5651|13869|3261|432|459|349|244|721|671|887|486|11395|2857|5505|2413|5089|1494|801|416|85|134|11810|2232|349|212|57|102|3548|1147|6553|1736|1254|649|49|82|0|237|5754|2063|1713|908|1594|1293|262|324|0|237|2185|1127|0|237|14874|3310|704|691|171|220|693|433|695|649|404|530|761|699|407|445|75|92|0|237|120|209|378|633|986|619|1054|684|3995|1410|106|179|3301|2500|1024|541|117|192|259592|7413|55141|5361|41067|4807|30844|4823|2915|1033|7308|1605|4663|1801|9411|2102|0|237|85977|7844|6307|3411|3403|1556|0|237|47452|6916|8162|2940|756|389|1660|940|14930|3400|2710|1550|76|126|521|390|99152|6300|1199|761|2109|932|3635|1975|1238|1277|1808|837|20866|3356|884|539|1178|493|66235|5757|0|237|17961|2861|0|237|730|574|412|539|2715|1433|1209|697|2764|1818|688|489|3109|979|1636|1028|1050|642|1987|902|1146|583|243|325|272|241|1361|1064|67705|8642|9761|2552|473|492|3855|1743|2585|1406|0|237|190|211|365|596|268|259|2025|1395|6624|3822|5689|3848|112|194|57|98|766|652|6746|2654|842|590|1922|1041|1012|587|2087|1743|883|959|1802|997|1802|997|0|237|41565|7865|0|237|1845|972|366|461|1156|823|28819|6582|3547|5026|1836|1181|383|394|3613|2040|1207|886|1822|760|1506|669|1304|638|202|196|74|111|0|237|168|202|74|115|894334|24771|883041|24651|55318|8738|966|1099|163|210|33380|6599|2985|2527|4491|1715|119|187|1967|1469|2577|1845|1117|991|0|237|4099|1771|576|532|2878|1298|741733|23207|930|788|1679|856|125411|13070|53400|9462|88793|11663|461423|22421|8566|2528|1034|506|497|591|85990|10983|4257|1545|2129|1740|5359|1373|1653|956|21823|4693|6656|2985|904|542|3147|921|906|647|38240|8827|916|905|11293|2292|11166|2289|127|154
0500000US51059|349212|9762|23346|3569|5973|1486|149|151|445|267|94|111|394|345|4584|1346|2830|1118|1657|775|97|118|307|190|4549|1079|150|188|240|169|1148|534|2360|784|565|476|86|101|0|214|2736|972|530|359|1471|833|352|290|0|214|383|327|0|214|9941|2357|886|996|473|465|572|504|628|499|209|277|155|151|142|138|145|143|102|119|58|97|54|90|345|306|1220|699|2550|1266|401|404|1344|653|657|435|147|170|186522|7160|54879|5108|22981|2940|17789|2507|1051|473|4141|2036|3269|1461|28313|3832|316|322|73056|7323|9602|2947|5835|3138|0|214|35804|4965|6416|1697|370|305|5697|3146|6808|1627|1114|1564|1109|882|301|367|42533|3789|357|428|1698|1257|894|536|338|356|1493|1129|11806|2343|312|294|3690|1548|21945|3168|0|214|14604|3841|324|394|184|302|83|135|1980|1133|897|574|798|504|506|334|1334|700|3465|2621|1526|870|2055|1159|289|251|640|647|523|469|1450|769|38474|3787|18143|3081|2210|1482|11727|2606|548|363|2543|2110|0|214|24|39|623|523|468|321|1772|947|913|621|0|214|557|538|302|457|6077|1722|141|204|2036|887|2143|991|1300|855|457|387|1456|839|1312|804|144|243|8919|2726|0|214|5039|1841|84|144|0|214|931|1064|58|94|2525|1596|172|205|110|130|2107|1486|714|382|672|380|587|366|85|138|42|69|0|214|0|214|0|214|100156|5639|97600|5434|5029|1403|0|214|45|72|1140|544|0|214|1203|680|0|214|708|806|1349|774|0|214|0|214|518|513|0|214|66|113|55530|5510|0|214|220|280|21939|3761|8002|2273|12598|3562|7902|2786|2661|2167|1926|1236|282|341|37041|4885|2601|1074|11410|2957|1931|879|1105|571|3107|1599|1003|687|97|116|13192|3805|357|280|1814|1132|424|322|2556|825|2507|820|49|81
0500000US53033|580198|13806|70506|5969|11452|2254|300|248|2012|1515|302|214|663|352|8059|1720|4627|1268|3129|1065|303|246|116|135|12453|2283|591|343|782|652|3131|1077|5875|1664|1351|657|683|701|40|67|4155|1485|477|378|2468|1175|201|187|0|214|1009|486|0|214|42446|5100|427|411|2310|1013|2276|1218|1014|590|370|305|669|475|371|339|416|286|0|214|1578|1214|118|193|3129|1237|3966|1579|11455|2885|300|262|12213|3243|1834|925|0|214|336679|9126|125938|6795|92447|6012|72666|5718|7356|1448|12425|2156|7679|1429|24872|3280|940|732|102524|7593|2875|1441|1692|1194|0|214|83328|7216|6588|1563|848|500|1011|741|3210|1397|203|251|2641|1450|128|155|94820|7015|2292|1214|4404|1525|2846|1395|3053|1158|1671|557|32838|4367|943|644|8337|2740|38436|5005|0|214|13218|3602|370|376|1655|1488|246|312|4756|2856|1918|1168|294|381|47|77|743|451|455|350|453|515|1754|725|143|174|59|99|325|283|179|175|50555|5951|35763|5744|3929|2270|14732|3432|7540|2177|6289|2601|201|249|1052|839|97|113|1923|1370|654|474|259|346|84|143|311|269|0|214|4028|1670|379|346|1974|1106|928|956|332|530|415|416|2644|1283|2544|1271|100|120|7104|3213|0|214|1287|1227|194|322|863|805|1959|972|146|175|178|285|0|214|2477|2774|362|577|11255|3136|3376|1208|2323|1148|1053|501|615|423|1015|1221|4625|3137|1624|802|111203|6639|91358|6368|2645|936|174|289|0|214|550|394|0|214|0|214|0|214|745|660|489|257|157|267|0|214|290|266|77|132|163|267|71080|6295|0|214|618|494|3396|1412|5364|2755|5535|2859|55149|5361|110|86|511|369|397|582|17633|3351|1020|700|473|490|8802|2607|688|430|2152|873|201|213|0|214|2107|1165|429|507|1584|1483|177|210|19845|2511|19845|2511|0|214
0600000US1703114000|548452|19001|85135|7021|7261|1815|251|261|1459|515|141|171|248|189|5088|1617|3717|1439|1318|621|53|100|74|68|8877|2258|1014|608|263|220|2997|1548|3920|1187|174|234|509|610|0|206|7833|1429|2985|1144|3504|1025|286|468|0|206|1058|564|0|206|61060|6065|2422|1748|305|282|4411|1823|2729|1359|1434|919|212|183|235|207|293|347|725|465|230|241|237|240|23639|3098|6763|2374|4621|2042|3116|1692|6591|1978|3097|2537|104|170|139434|7991|50465|4714|38498|4386|33521|3922|3089|1132|1888|741|2013|1115|9414|2432|540|488|41201|5300|1411|1332|1218|1308|0|206|28095|4992|1682|914|680|909|1124|815|5469|2157|905|1368|0|206|617|620|36058|4999|195|269|1103|1408|399|369|240|391|2013|1688|23020|4350|324|289|1581|884|7183|1842|0|206|9949|2400|132|217|197|199|0|206|1923|908|1197|764|1455|1033|347|286|614|593|949|908|893|644|1937|787|128|140|105|124|72|87|1761|1202|25472|4982|5428|2315|88|144|2656|1530|1350|1043|749|558|0|206|140|232|53|89|392|484|973|1177|855|1165|118|176|0|206|0|206|2108|1141|138|245|1454|1037|405|274|0|206|111|187|1349|1199|1349|1199|0|206|15113|3833|0|206|1830|802|361|498|491|492|9593|2659|347|378|344|441|0|206|2147|2742|501|517|1189|627|937|692|773|645|164|251|0|206|0|206|0|206|252|335|297222|14437|293290|14205|9861|2229|88|138|79|131|2852|1082|0|206|848|559|0|206|2136|1244|3270|1404|0|206|0|206|506|385|82|133|0|206|248392|12332|3191|1541|509|382|3375|2163|9878|2570|4098|1751|225629|11405|1562|913|150|162|0|206|35037|6712|933|744|132|167|5055|2227|1007|935|8200|2810|8648|2697|49|79|2189|918|327|368|8436|4145|61|103|3932|1336|3932|1336|0|206
0600000US3604710022|907780|17020|168020|8823|15631|2573|945|980|1533|616|357|328|924|523|11499|2139|6543|1693|4783|1254|173|149|373|225|16342|2433|418|241|706|621|7311|1664|5514|1659|1598|947|661|432|134|209|16031|2658|2090|800|11399|2413|681|400|0|217|1794|837|67|116|119837|7390|4804|1755|10754|2341|447|596|771|542|191|178|1051|594|2289|1097|455|383|858|520|4172|2035|500|651|9321|2303|2042|966|25745|3261|1158|992|45878|5468|9401|2081|179|231|269902|7935|136926|5759|129579|5794|117422|5782|10468|1575|1689|690|3137|996|4210|1183|0|217|72352|7727|132|167|18548|3871|0|217|5261|1888|1545|893|3843|1645|871|660|20015|4251|397|291|17733|3489|4007|1523|15987|2576|1481|654|170|162|1030|678|56|93|724|370|7347|1908|451|288|767|488|3724|1490|237|280|43348|6178|2782|1700|2466|1193|10406|3341|77|96|9692|2285|888|500|812|739|1638|813|472|399|4658|2228|4545|1400|287|314|4320|2559|305|253|1289|1042|39507|6384|3012|1215|338|461|1262|845|456|440|229|284|0|217|27|43|0|217|700|586|1295|851|818|845|161|264|231|335|85|131|14091|4556|1383|980|5454|1487|2574|1038|1868|2061|2812|3907|1097|669|1097|669|0|217|19269|4073|0|217|3724|1640|609|474|340|472|8227|2582|1089|953|951|1023|331|544|3998|2146|743|549|2964|1109|2691|1081|2427|1053|264|296|0|217|0|217|0|217|273|318|427387|11027|419053|10894|255554|11872|461|412|11727|2153|1753|807|764|546|56853|7241|13944|3058|49919|7250|58503|8063|7334|2705|7905|2177|39428|5041|4576|1636|2387|1051|75543|8343|2273|1189|1972|1097|6714|2339|11277|3518|4606|1432|40488|6004|1662|1422|6551|1836|0|217|87956|7562|2403|839|768|797|2617|854|940|653|8588|2391|19531|3802|42632|5385|4474|2119|963|883|3017|1045|2023|1344|8334|1531|8248|1538|86|142
0600000US3606144919|456694|14736|85664|7760|19101|3856|398|489|3163|1336|2298|2384|932|427|11846|2428|8043|2168|3240|1166|563|377|464|514|21213|3370|1203|709|1180|977|10046|3188|6388|1669|683|564|1713|967|0|217|18028|4321|3244|1550|7541|2986|284|389|0|217|6756|2743|203|252|27041|3866|1004|666|581|457|805|730|1072|614|1012|646|845|508|1208|671|355|366|562|738|46|81|85|49|2789|1367|771|576|8047|1924|828|663|4484|1856|2547|1434|281|400|143189|6984|84709|5606|64080|5186|54635|5298|5069|1362|4376|1616|10239|2357|10390|2543|0|217|24883|3680|162|271|1217|899|0|217|17660|3211|2643|1310|63|102|495|624|1744|1192|172|274|473|475|254|192|18890|3167|506|796|46|78|850|608|0|217|2135|1574|10160|2634|915|565|851|386|3427|1381|0|217|13830|2786|172|266|449|549|1150|1030|113|160|5439|2351|269|349|271|372|1327|1010|280|269|367|311|2500|1126|69|117|969|715|455|399|877|891|22956|4546|4723|2224|324|544|1328|1162|546|739|0|217|0|217|110|179|155|189|2260|1595|953|846|97|162|267|439|485|609|104|171|4133|1575|770|807|1485|1200|1403|744|0|217|475|763|3133|1543|3133|1543|0|217|8124|3243|353|581|1174|1102|171|284|397|438|1659|1203|2789|1961|108|190|79|136|1394|991|1890|1317|4857|2118|4694|2141|4188|2052|506|423|0|217|0|217|0|217|163|270|200028|11028|186967|10690|116191|11544|587|533|777|700|3063|1293|306|317|99793|10960|90|154|3642|1513|3533|1587|330|517|0|217|2943|1602|298|185|829|649|33292|5669|520|603|892|853|1187|923|1823|1029|2803|1623|24785|5455|177|231|1105|631|0|217|37484|6195|2850|1370|32|55|5218|1354|798|806|5978|1547|11279|4421|1804|993|4116|1717|297|484|4902|2027|210|210|13061|2735|12940|2732|121|205
0600000US3608160323|1081374|17549|103365|6994|8592|1548|474|558|4502|1221|0|217|159|145|3022|966|1725|729|1254|576|43|74|435|349|6860|1657|618|430|240|245|2248|948|2850|953|608|471|296|263|0|217|23526|2861|10818|1891|9767|2194|335|212|0|217|1743|845|863|876|62501|6585|6038|3828|1421|801|693|465|2009|980|1570|587|1145|606|1933|1284|137|162|335|440|512|454|728|1103|16928|2574|5395|1757|9642|3501|476|416|6089|2243|7450|2275|1886|1308|422801|9239|210671|8105|174119|7741|148004|7559|13784|2409|12331|1980|4450|1223|32073|5147|29|50|143629|9974|4197|2795|61136|7337|422|589|40037|6076|1230|751|1784|1353|11436|3151|11003|3267|1563|1129|8256|2710|2565|1543|53195|5712|4027|2055|732|483|4998|1811|125|204|4120|1628|28469|3862|814|671|4312|1407|5598|2473|0|217|13041|2781|673|425|225|191|934|463|119|145|3368|1551|435|336|53|87|1189|933|330|316|217|350|2865|1297|227|270|1408|1013|998|574|2265|1483|30206|4693|2918|1332|0|217|260|245|758|519|231|384|179|179|88|105|428|642|974|847|126|125|60|98|0|217|66|77|0|217|10774|2747|480|400|7529|2217|2225|1104|504|813|36|62|235|201|235|201|0|217|15676|3255|0|217|4548|2370|310|364|244|201|6271|1770|662|656|0|217|968|925|2673|1567|477|431|1472|1378|531|317|531|317|0|217|0|217|0|217|0|217|941|1312|523530|14302|520711|14326|167118|11319|0|217|3431|1418|2730|1032|969|571|56623|6006|1399|830|22721|4390|48786|5564|362|375|2054|1577|23168|3611|1170|724|3705|1674|96343|8350|2363|1290|1369|723|14584|3433|9891|2691|8123|2638|54989|6183|1775|1120|3249|1577|0|217|257250|12017|4175|1356|1115|558|5918|1869|2647|1601|57505|6104|72562|8239|84089|7067|15749|3290|2452|1472|7110|1913|3928|2273|2819|745|2819|745|0|217
1600000US0644000|1366161|17350|92803|6636|22631|2861|377|276|1720|758|716|701|1061|491|18215|2753|9622|1761|8162|1846|431|289|542|299|16991|2622|726|439|539|353|6771|2082|6798|1394|1359|520|608|356|190|221|8049|1771|887|443|4337|1208|607|514|0|218|2218|1014|0|218|44958|5183|198|266|1816|1043|268|272|1128|594|1773|915|1134|434|1093|570|414|359|342|203|1368|1029|0|218|1428|514|2733|939|14820|3124|1524|1045|12816|2943|2103|813|174|210|423568|13827|136935|7787|48561|4120|35873|3882|3937|1137|8751|1971|10152|1690|77034|6828|1188|1221|94755|7768|1178|787|6561|2433|0|218|21987|3856|56527|5810|2987|1976|229|392|2525|918|987|452|928|731|846|501|121162|7572|1398|758|3516|1569|3523|1295|602|349|407|236|85050|6617|1246|599|7420|1633|18000|3458|0|218|69880|6179|38273|5019|2402|1008|908|642|3751|1649|9966|2128|1178|799|539|560|4991|1358|554|413|3295|1050|3851|1297|73|102|0|218|99|117|836|656|25787|3569|6641|1888|550|426|3639|1586|1057|725|0|218|346|360|458|377|166|172|425|326|346|305|134|215|0|218|117|194|95|111|7561|1900|312|262|5483|1763|923|491|388|634|455|523|5479|1587|5479|1587|0|218|4936|1502|0|218|797|760|0|218|40|66|2848|938|354|418|487|475|0|218|410|390|824|871|6508|1622|5380|1570|4692|1509|688|405|514|458|0|218|0|218|614|452|817495|17564|805177|17793|10414|1999|197|160|55|92|4574|1227|0|218|794|594|31|52|1334|761|2327|983|0|218|0|218|295|223|723|755|84|103|746861|17023|7072|1906|969|557|158484|9721|129399|9934|21697|3910|417964|13313|9864|2277|1108|538|304|265|47902|5569|5268|1310|2681|1140|6207|1895|2494|895|11796|3033|5357|1755|175|247|8664|2051|521|348|4211|2246|528|301|12318|1905|12237|1890|81|100
1600000US0666000|339576|10228|31066|3965|7332|1610|616|660|565|417|527|593|655|400|4664|1397|1862|843|2259|937|543|356|305|301|7674|2385|360|271|1070|728|2746|2062|2727|845|250|203|521|232|0|218|3884|1239|640|445|1114|556|378|345|0|218|1752|975|0|218|12133|2603|260|328|288|307|167|212|518|478|46|77|342|330|418|394|0|218|87|144|155|134|186|239|768|542|1643|1114|3463|1295|141|167|2459|1153|1192|577|43|70|167173|7849|45004|3897|29147|3220|21877|3088|1758|743|5512|1182|6813|1796|8995|1809|49|81|32179|4567|1065|775|211|224|0|218|19440|3705|7943|1870|184|210|445|390|2203|2085|279|378|237|235|172|170|81961|6633|41|68|2601|1148|1862|1668|4359|1572|434|334|44345|5290|111|131|1932|902|26196|4279|80|129|7905|2410|282|460|217|292|0|218|1285|805|1897|733|344|440|1224|1658|954|591|44|74|276|261|422|447|460|563|0|218|500|637|124|148|13135|3195|6533|2161|247|298|2792|1553|648|707|560|527|416|558|571|549|272|294|1027|802|1779|1838|447|434|77|133|1255|1787|0|218|1744|719|243|216|697|390|47|78|592|580|165|170|1157|668|1157|668|0|218|1641|1172|0|218|56|90|125|207|159|266|798|770|0|218|0|218|55|93|448|727|281|334|2109|1063|680|491|360|296|320|321|383|464|0|218|286|461|760|715|126093|7755|120061|7915|3686|1633|0|218|0|218|337|264|0|218|494|440|0|218|1096|1150|1638|898|0|218|0|218|121|114|0|218|0|218|105345|7225|479|508|343|267|1237|715|1447|866|448|476|101093|7033|215|354|83|99|0|218|11030|2262|713|394|44|72|4116|1970|730|447|2825|1414|470|322|0|218|743|372|544|493|644|685|201|256|6032|1200|6032|1200|0|218
1600000US1714000|548452|19001|85135|7021|7261|1815|251|261|1459|515|141|171|248|189|5088|1617|3717|1439|1318|621|53|100|74|68|8877|2258|1014|608|263|220|2997|1548|3920|1187|174|234|509|610|0|206|7833|1429|2985|1144|3504|1025|286|468|0|206|1058|564|0|206|61060|6065|2422|1748|305|282|4411|1823|2729|1359|1434|919|212|183|235|207|293|347|725|465|230|241|237|240|23639|3098|6763|2374|4621|2042|3116|1692|6591|1978|3097|2537|104|170|139434|7991|50465|4714|38498|4386|33521|3922|3089|1132|1888|741|2013|1115|9414|2432|540|488|41201|5300|1411|1332|1218|1308|0|206|28095|4992|1682|914|680|909|1124|815|5469|2157|905|1368|0|206|617|620|36058|4999|195|269|1103|1408|399|369|240|391|2013|1688|23020|4350|324|289|1581|884|7183|1842|0|206|9949|2400|132|217|197|199|0|206|1923|908|1197|764|1455|1033|347|286|614|593|949|908|893|644|1937|787|128|140|105|124|72|87|1761|1202|25472|4982|5428|2315|88|144|2656|1530|1350|1043|749|558|0|206|140|232|53|89|392|484|973|1177|855|1165|118|176|0|206|0|206|2108|1141|138|245|1454|1037|405|274|0|206|111|187|1349|1199|1349|1199|0|206|15113|3833|0|206|1830|802|361|498|491|492|9593|2659|347|378|344|441|0|206|2147|2742|501|517|1189|627|937|692|773|645|164|251|0|206|0|206|0|206|252|335|297222|14437|293290|14205|9861|2229|88|138|79|131|2852|1082|0|206|848|559|0|206|2136|1244|3270|1404|0|206|0|206|506|385|82|133|0|206|248392|12332|3191|1541|509|382|3375|2163|9878|2570|4098|1751|225629|11405|1562|913|150|162|0|206|35037|6712|933|744|132|167|5055|2227|1007|935|8200|2810|8648|2697|49|79|2189|918|327|368|8436|4145|61|103|3932|1336|3932|1336|0|206
1600000US3651000|3065136|33107|408648|14378|47054|4904|1817|988|11215|2439|2694|2483|2050|731|28006|3068|16939|2912|10288|1673|779|429|1272|655|46350|4170|2264|797|2332|1180|20054|3491|15640|2276|3092|1278|2834|1182|134|209|69416|5781|17663|2979|36874|4734|2063|888|0|217|11683|3129|1133|899|242759|11789|18451|4578|13813|2605|1945|1039|4398|1183|2913|948|3806|1177|5794|1898|1172|701|1782|1100|5130|2138|1583|1298|31507|4130|8331|2246|48411|5492|2684|1365|65719|7394|25320|4295|3069|1538|928100|16418|467044|10979|397894|11987|347231|10968|31390|3299|19273|2633|18207|2919|50825|5901|118|155|275405|14063|4546|2798|97506|7911|422|589|68805|7327|5772|1775|7792|2845|12802|3231|37156|5672|4693|1844|28516|4598|7395|2285|100586|6896|6728|2679|2183|933|7014|2158|181|224|7120|2150|53997|4797|2410|915|6212|1526|14479|3153|262|282|80285|8919|4228|2029|3140|1412|12865|3756|391|280|19250|3844|1832|786|1289|813|5848|2052|1178|569|6816|2678|10541|2574|988|480|10049|4225|1870|705|4780|2340|173224|13736|13264|3479|810|755|4364|1845|1760|977|556|517|737|942|225|212|583|663|4229|1936|5251|2292|1704|1099|2041|1963|1317|860|189|209|36723|6940|2985|1329|20677|4386|7297|1845|2409|2196|3355|4006|4927|1789|4927|1789|0|217|105597|10259|353|581|33683|6313|8307|3327|2956|1571|23187|4017|8753|2857|2796|1435|4397|2714|21165|5338|7462|2512|9423|2797|8046|2508|7276|2355|770|546|0|217|0|217|0|217|1377|1381|1545741|24097|1519424|23814|811465|24773|1131|645|17565|2783|10072|2180|5471|1530|419526|20307|16716|3439|78316|8464|151559|10753|9570|3079|10176|2600|72125|6556|6306|1847|12932|3041|281655|12174|6517|2034|4564|1699|27014|4094|30874|5796|27886|4526|166670|11336|5603|1999|12527|2221|0|217|426304|14028|9734|2072|2072|1080|14318|2910|5727|1800|78001|6938|121999|9713|137769|9590|28644|4591|3786|1740|17537|2971|6717|2690|26317|3073|26110|3096|207|248
1600000US4835000|676712|21616|27848|4463|8929|2846|236|395|169|164|448|540|567|291|7509|2646|4113|2335|2707|1095|689|406|0|237|7552|1899|199|193|57|102|2643|854|3773|1409|831|585|49|82|0|237|3256|1381|713|490|629|404|0|237|0|237|1914|1116|0|237|7994|2184|97|162|171|220|354|277|287|371|404|530|555|655|365|439|75|92|0|237|0|237|378|633|527|371|417|346|2178|891|106|179|1289|1344|791|479|117|192|126866|7242|35217|4839|27016|4425|20817|4412|1788|764|4411|1156|3619|1670|4582|1424|0|237|41109|4851|6198|3262|1372|999|0|237|20347|3545|5275|2370|356|250|584|481|5624|2116|1146|858|0|237|207|334|39951|4248|751|359|575|473|1957|1617|231|240|1111|647|8352|2170|435|331|564|440|25975|3478|0|237|10260|1865|0|237|489|450|94|163|1381|1023|1107|693|1337|776|344|340|1641|772|770|548|699|477|1465|724|744|421|66|114|123|160|329|301|38446|5824|6594|2242|367|455|3126|1586|1690|1189|0|237|0|237|365|596|27|46|1019|1047|2002|1213|1067|867|112|194|57|98|766|652|4157|1898|504|397|1169|664|848|534|1405|1663|231|248|1184|733|1184|733|0|237|23675|4621|0|237|1513|828|366|461|141|177|18300|4208|0|237|848|873|336|386|2171|1544|834|706|1332|635|1016|561|878|530|138|156|74|111|0|237|168|202|74|115|482220|18534|477291|18457|24365|5022|629|991|116|191|15036|4217|472|399|1802|933|0|237|1216|750|1758|1171|676|655|0|237|1137|770|531|551|992|847|408959|17854|699|664|427|322|65055|8775|42012|8925|64611|10164|230074|13152|5591|2408|379|316|111|181|43967|6306|2904|1244|1649|1697|2603|985|366|300|11183|2849|3617|1965|546|311|1825|740|558|562|17906|4699|810|890|4929|1121|4853|1118|76|127
310M600US12060|905819|20981|66521|5370|18324|2760|759|828|1225|614|0|228|489|340|14946|2409|8046|1706|5668|1680|1232|570|905|601|12202|1949|531|410|219|182|3366|844|7223|1582|594|362|269|228|0|228|6506|1686|1479|800|1723|696|932|967|59|96|2290|820|82|131|29095|3944|278|471|489|380|4621|1859|540|420|465|330|522|360|531|439|436|598|251|350|483|408|365|353|2755|1055|6352|2195|3328|915|340|282|4994|1918|2345|992|394|414|299597|8014|91121|6714|45697|5636|38386|5023|1970|960|5341|1539|5701|1848|39500|4234|223|207|125428|6596|3871|2450|5172|1216|542|502|95831|5856|6249|1664|1208|807|1891|971|9568|2524|560|605|399|288|137|225|68688|4845|3364|1700|2830|1202|1854|738|3246|1234|1280|671|12491|2366|670|429|2294|866|40659|4773|0|228|14162|4950|217|354|326|456|46|78|2218|1070|2364|1048|1235|1531|1954|2514|1836|867|600|386|357|205|2007|1119|805|503|0|228|197|176|198|167|121752|9945|40289|6061|1341|1089|21763|4424|6566|2964|2374|1433|1722|1353|1741|1393|994|610|3788|1302|6175|2310|2943|1284|1069|933|1892|1519|271|294|4741|1745|924|684|1766|799|1386|1124|464|450|201|195|6171|2389|5864|2278|307|383|62593|7307|0|228|8643|2584|2580|2923|6072|2473|34379|5292|1819|1042|2006|1191|1537|1117|5557|2297|1783|1115|3060|1450|1807|876|1208|573|599|595|57|97|90|153|844|877|262|450|414889|14543|403290|14395|114130|11588|2972|1546|2224|1203|7400|2368|734|603|10474|3278|866|645|23848|5458|49724|7519|591|480|1248|918|9072|3081|496|412|4481|2875|202345|8797|1339|765|1640|797|22137|4475|28813|4950|18181|4212|125689|7329|2854|1659|1692|683|0|228|86815|7875|1494|643|602|450|15402|4215|1637|807|18932|2612|5221|1776|8026|2241|8007|2176|3614|1895|23215|5633|665|529|11599|2036|11223|1988|376|433
310M600US12420|383824|16165|35045|4614|9513|2567|0|237|2184|1960|420|322|0|237|6613|1681|2581|768|3324|1285|708|326|296|240|8074|1588|123|142|246|217|2456|1032|3536|1107|1052|589|661|590|0|237|3656|2266|78|129|363|283|87|142|0|237|3128|2245|0|237|13650|2684|221|350|106|130|236|390|150|188|100|119|483|427|363|366|29|48|104|174|297|383|179|294|2548|1432|1411|961|3973|1381|600|497|1982|902|868|536|152|182|127137|7118|27926|2899|17583|2481|12714|2262|966|583|3903|1337|2593|1018|7363|1550|387|539|63266|6331|2414|2323|2373|1220|215|339|45161|4837|1927|874|893|539|5743|3059|3608|1648|864|648|68|111|0|237|25471|3418|582|539|1012|1029|738|413|625|632|623|381|7413|2310|433|424|2430|1289|11542|2735|73|113|10393|4205|0|237|477|678|0|237|4416|3479|1551|788|453|745|430|418|463|306|430|445|180|302|1729|1253|187|208|0|237|77|132|81|99|24085|4743|5111|2283|147|240|484|454|1143|779|296|477|289|351|887|960|190|220|1675|1450|2172|1318|1172|776|680|898|320|424|0|237|3247|1335|1718|933|698|592|530|483|175|298|126|213|1791|784|1734|784|57|99|10891|4091|0|237|3637|2736|145|240|261|427|5941|2417|41|72|0|237|0|237|866|803|873|763|2600|1092|2346|1084|1633|769|713|813|0|237|0|237|44|92|210|227|194957|12978|187934|13172|10824|2988|325|575|211|357|6552|2259|0|237|764|601|0|237|138|198|1741|1106|0|237|0|237|724|541|0|237|369|556|156954|12678|780|1204|937|541|4915|1901|7475|5148|22177|8613|116961|10159|3058|2075|651|500|0|237|20156|3229|695|485|709|665|4598|2119|523|511|3878|1211|592|389|579|592|2294|1063|76|128|6000|2763|212|304|7023|1780|6914|1756|109|176
310M600US12580|326299|13363|36205|4107|7362|1507|93|119|451|374|343|274|43|72|6315|1447|3441|1403|2464|684|410|356|117|113|6875|1685|160|150|348|337|483|242|5417|1510|248|181|219|294|0|224|4704|1198|969|469|2006|685|163|178|0|224|1529|798|37|61|17197|2824|0|224|1197|737|301|327|826|603|0|224|1001|491|857|800|134|121|0|224|65|79|27|45|1526|766|1306|674|4278|1329|28|47|4301|1830|1350|794|67|114|125896|4752|36959|3377|20474|2727|16925|2528|1677|670|1872|759|1244|619|15241|2502|0|224|52250|4599|294|365|3598|1676|539|808|26407|3733|3702|1219|575|566|6401|2946|8968|2932|267|267|1499|1348|0|224|28857|3282|2076|988|347|387|1376|736|144|188|725|505|16272|3040|258|298|1752|1025|5907|1350|0|224|7552|2729|0|224|283|255|241|316|785|766|1892|975|1531|1738|117|157|185|171|363|399|868|961|857|578|53|62|105|183|272|282|278|296|65461|9765|16032|5736|1242|1109|5741|2629|3733|1906|0|224|1739|2275|1260|1536|541|429|1776|2710|5927|2589|2999|1619|0|224|2814|2026|114|188|5259|2022|166|277|2613|1257|1494|927|767|930|219|202|2224|1027|1973|889|251|358|35732|6815|0|224|5549|2217|831|517|2048|1100|22658|5638|318|377|2406|1451|44|72|1878|1150|287|395|825|597|597|507|528|489|69|122|45|76|0|224|0|224|183|316|97912|7297|93503|7080|23908|4121|233|238|97|166|1370|746|188|243|2806|1629|283|307|1121|683|9396|2282|110|178|39|66|6910|2266|557|557|798|626|48098|5116|0|224|120|157|18180|3244|9742|2787|9463|3542|9187|2735|354|391|1052|965|0|224|21497|4585|2229|1954|600|420|4684|1817|268|223|2301|1146|3369|1947|3103|1493|2687|947|43|78|1813|1446|400|375|4409|1281|4280|1267|129|151
310M600US14460|985857|18264|144764|8470|28330|3077|214|186|9601|1636|301|226|660|452|17058|2485|7888|1768|7373|1540|1797|777|496|415|20298|2400|525|378|996|477|5827|1478|9029|1600|1640|514|2281|788|0|210|37977|3897|7673|1834|12930|2437|13836|2207|1894|777|3491|1333|47|79|57619|6192|9636|2716|1561|790|3158|2296|2159|889|499|425|1223|574|735|441|1145|690|607|490|1997|1433|276|341|4856|1549|2751|1008|13317|2851|1980|1849|8423|1918|3296|1209|540|470|319911|8238|128765|7818|103964|7459|87337|6812|8450|1955|8177|1959|7104|1829|17586|2909|111|120|89637|6955|1703|1533|2046|982|403|597|66662|6023|5878|1932|584|433|5128|1619|4097|1581|1868|1067|599|506|669|377|69663|6253|2150|937|16944|3410|1808|914|3177|1648|1074|545|8092|1858|1562|671|6589|2411|28267|4472|0|210|31297|5650|2417|1684|1525|972|948|1533|3077|2650|9184|2739|1121|801|373|361|5244|1574|849|550|1103|634|4725|1483|357|294|0|210|374|320|549|393|85308|8038|22070|4271|1099|869|5098|1560|6191|2290|1059|994|1030|796|5279|2204|677|443|1637|1308|3374|1391|1827|1192|0|210|209|197|1338|630|16279|3236|1675|761|3869|1194|9711|2752|401|406|623|653|2537|1023|2537|1023|0|210|39544|5980|25500|5324|4611|2034|310|305|792|596|6010|2099|0|210|1064|839|0|210|1257|821|1504|997|3638|1329|3310|1293|2478|1137|832|581|95|125|0|210|0|210|233|267|432236|15351|413274|15660|180217|10270|37|64|2466|1098|1910|813|950|606|94861|6594|390|501|53281|6880|16749|3478|200|195|396|374|6720|3017|374|348|1883|939|95398|8063|58|97|3534|1775|35248|6225|29800|5170|11999|3348|11920|2388|797|478|784|574|1258|808|137659|10459|2785|1020|852|1029|82379|8544|3508|1458|31399|4792|6863|2173|763|503|5872|1917|447|425|2429|922|362|237|18962|2050|18914|2051|48|5
310M600US16740|304613|11191|38445|5307|8753|1607|71|80|273|267|51|83|289|298|7767|1463|3440|1163|3851|1048|476|399|302|317|7589|1819|389|398|345|405|951|720|4963|1514|838|527|103|125|0|210|3683|1178|1456|810|1128|511|236|218|0|210|863|761|0|210|18146|4155|471|558|821|753|1473|1327|185|229|136|178|434|279|176|218|359|399|163|271|480|465|0|210|1402|865|1036|792|5110|2248|222|297|5106|2323|572|544|274|438|86949|4792|12525|2441|8017|2210|6726|2030|500|329|791|651|1050|504|3458|1113|0|210|45532|4739|2748|2763|0|210|66|109|35724|3435|1424|724|49|87|2205|1444|2825|1381|47|79|195|326|249|337|24209|4123|2013|1401|267|265|110|141|1722|877|261|292|5121|1780|110|139|4846|3436|9759|2377|0|210|4625|2088|90|154|92|106|51|83|119|145|136|134|284|265|203|206|973|1255|0|210|273|236|425|266|735|746|899|1211|345|246|58|94|24960|5025|6695|2492|1577|1275|2595|1428|644|690|1021|963|97|161|0|210|494|799|267|438|2638|1585|141|229|285|366|2146|1479|66|114|2159|1264|47|82|1029|810|1023|1001|0|210|60|104|1738|917|1738|917|0|210|8953|2889|130|220|931|728|627|560|3026|1638|2140|1228|870|952|219|382|523|704|487|415|2777|2707|782|714|678|701|185|267|493|668|0|210|0|210|0|210|104|176|153477|6686|148214|6457|19754|3329|39|69|1302|1455|3034|1045|238|392|4924|1386|102|166|175|219|6490|2172|186|238|0|210|2533|1640|55|93|676|519|95030|5953|164|211|1475|705|10776|2629|7119|2946|22587|4774|50349|6127|2020|1662|540|312|0|210|33430|3962|1106|631|794|1108|3898|1696|356|354|12959|3100|4345|1922|1031|989|2513|965|573|478|5813|2243|42|69|5263|1398|5263|1398|0|210
310M600US16980|1709452|21894|357416|12924|25086|3031|558|379|5254|964|618|328|972|549|17107|2699|8379|1926|7422|1601|1306|742|577|446|26709|2921|2022|721|854|401|4737|1770|16991|2309|1063|439|1042|743|0|210|33924|3479|12553|2570|18183|2832|401|490|0|210|2787|1191|0|210|270350|11866|7122|2793|4727|1776|11218|2932|13406|2734|5363|1585|3097|1124|2155|854|2136|778|9906|2201|7703|2437|5208|1730|119540|7408|15280|2871|13672|3332|9743|3082|32054|5213|8020|3012|1347|689|512750|10775|122191|6634|76466|6203|63432|5419|4926|1243|8108|2057|8904|1777|34241|3923|2580|1026|213075|9328|2377|1523|4635|2158|257|308|160553|9880|6709|1759|1134|826|2899|1141|29358|4723|1722|1517|173|168|3258|1614|120298|8034|2430|1362|2394|1480|1713|1107|2325|939|2886|1858|85441|7064|900|522|4658|1464|17551|3211|0|210|48986|6535|132|217|843|632|285|291|12754|2943|3752|1339|8157|2263|1775|766|3215|1276|3235|1572|7932|3035|4958|1433|977|797|697|507|274|186|8200|2262|63917|7395|13984|2910|603|497|4330|1901|3590|1416|964|639|733|388|1051|526|1209|814|1504|690|3019|1694|1178|1250|295|278|653|647|893|903|10546|2979|1921|1514|3928|1434|3095|1686|100|188|1502|1500|3163|1383|3120|1383|43|67|31282|5780|0|210|5818|2025|503|551|622|535|20732|4276|347|378|344|441|390|419|2526|2765|1923|1253|3797|1413|2228|877|1785|780|443|389|241|239|0|210|0|210|1328|1156|771572|14773|756614|14575|22030|3173|119|140|167|189|6119|1659|0|210|2494|1099|0|210|5030|1911|6412|1790|154|259|0|210|1314|718|221|268|0|210|663004|14061|6969|2212|671|371|10702|2741|22065|3683|13236|3174|604148|13844|3310|1388|1903|1453|0|210|71580|8345|2119|799|1501|826|8276|2311|2697|1142|20639|4573|13642|3495|926|583|5843|1549|532|510|15177|4628|228|202|14958|2440|14905|2440|53|88
310M600US19100|1497519|23728|66554|5093|18257|2714|268|233|1403|514|98|168|439|320|15471|2602|8581|1958|5179|1320|1711|1142|578|535|14991|2397|717|680|164|194|2895|1040|8091|1728|2514|1573|500|321|110|177|6202|1977|719|466|1526|534|414|360|0|237|3448|1752|95|159|26234|3756|527|736|1081|749|1622|964|637|593|137|165|999|570|340|240|233|202|154|176|716|658|1627|1616|2488|968|2408|976|6035|1603|946|763|3963|1544|2321|1428|870|976|469384|8767|78805|5468|43416|4280|30897|3639|2161|672|10358|2122|6351|2053|29038|3991|0|237|242360|10431|6112|3722|8423|2673|688|762|168351|9326|10156|2371|369|430|20063|4457|24756|5277|1932|981|688|437|822|736|116904|7104|4915|1867|4855|1761|2209|845|4863|1866|2963|1070|26170|3958|837|436|7513|2025|62579|5656|0|237|29178|4751|523|469|370|374|261|258|6011|2195|1030|574|3791|1529|2419|1264|3185|1028|1608|915|2160|1246|3883|2195|1938|1002|637|649|1362|783|2137|1059|134822|10335|44919|7256|2627|1710|15630|3889|14415|3836|373|428|1832|888|3776|2373|176|182|6090|2860|17837|5251|5187|2000|3814|2108|7230|3723|1606|1326|13459|3436|1157|884|6912|2602|1555|925|3390|1766|445|406|5230|1466|5122|1439|108|185|51052|6189|194|322|7103|2289|2579|1557|2352|1405|34857|5597|344|315|766|560|430|284|2427|1211|2325|1255|3588|1328|1894|652|1466|585|428|299|126|193|43|98|980|1293|545|517|823171|19250|807674|18812|29015|5241|351|472|357|359|17393|4218|480|671|2328|1103|59|101|1565|969|3919|1269|0|237|0|237|994|578|168|204|1401|1065|711740|18445|1128|762|984|866|66353|8268|21316|5412|40353|8360|574130|16642|6008|2416|1468|645|0|237|66919|8408|3539|1395|770|551|9151|2279|2119|966|13365|3721|3866|1406|510|435|6902|2280|427|337|25729|6140|541|521|15497|2603|15454|2593|43|72
310M600US19740|359596|13203|44388|5094|8688|1857|128|116|887|519|334|331|767|443|6572|1665|2699|1200|3438|957|435|294|0|218|9536|1822|434|297|238|294|1997|1164|5845|1102|802|381|220|210|0|218|2378|890|522|459|1199|727|242|237|0|218|415|288|0|218|23687|4688|84|141|1799|1188|975|455|1098|609|209|203|1181|527|466|273|119|113|616|542|690|831|0|218|2918|1298|1328|760|5310|1795|0|218|5343|2048|1551|1098|99|170|93208|4673|26950|3582|13328|2574|11110|2454|817|497|1401|573|2034|786|10856|2701|732|559|32984|4803|2987|1818|101|128|1166|929|19064|3444|3395|1463|300|401|4022|1755|869|558|147|228|620|607|313|322|26730|3026|605|487|615|403|1624|833|1966|939|426|436|7465|1738|142|177|2246|735|11641|2087|0|218|6491|1999|136|225|56|97|0|218|2234|1386|719|488|349|285|0|218|442|390|120|166|1176|821|532|304|622|606|0|218|105|168|53|90|39969|5430|20384|5359|2574|1383|14884|4763|901|506|49|83|0|218|730|635|0|218|1246|923|3485|1332|804|691|1074|1043|649|588|958|629|3607|1530|582|661|861|878|949|672|722|610|493|589|1337|716|1261|684|76|136|10512|3583|0|218|4220|2994|473|494|521|810|1289|854|764|912|50|88|838|801|2357|1329|644|649|2870|870|2690|885|2135|772|555|401|0|218|0|218|76|105|104|99|179161|10460|170081|10131|2596|1089|0|218|0|218|969|712|0|218|677|449|49|89|134|178|332|272|0|218|0|218|435|512|0|218|0|218|145725|9134|327|379|473|359|8582|3915|4854|2003|4220|2388|125710|8269|893|524|666|466|0|218|21760|4727|1071|734|216|214|4034|1444|1550|951|6400|3272|1004|662|45|76|2919|1401|0|218|4261|2695|260|310|9080|1491|9080|1491|0|218
310M600US19820|447666|12408|78273|5817|8797|1676|366|313|1143|696|207|191|321|225|6664|1357|3714|944|2496|723|454|191|96|112|8999|1584|512|315|436|281|858|425|6467|1396|563|323|163|208|0|184|10377|1676|2665|810|6738|1455|48|78|0|184|416|304|510|306|50051|5393|12925|2821|1044|710|2517|1315|1092|546|271|250|1367|948|757|546|122|120|88|108|140|163|2832|1311|6838|1434|4353|1231|3939|1112|386|349|5754|1946|5626|1463|49|83|270083|9207|37696|4064|19985|2666|17348|2676|993|512|1644|597|8025|2034|9534|2173|152|235|92932|5720|513|575|21464|4017|0|184|58742|4910|2758|911|0|184|439|536|8349|2467|339|349|226|242|102|167|21445|2567|164|196|144|140|491|318|1221|784|312|252|14232|2207|27|46|1230|570|3624|1291|0|184|116693|8751|477|793|87|109|0|184|50026|6061|693|405|3133|1275|647|485|24866|3408|1530|752|6001|2237|622|392|1002|712|26285|5323|1324|1015|1317|780|18897|3538|2477|1203|0|184|577|842|1346|834|0|184|37|60|79|149|47|82|391|327|1713|1343|667|712|0|184|144|235|902|1097|5443|1952|885|868|2157|949|1100|893|0|184|1301|1104|896|598|710|533|186|307|7841|2816|0|184|1696|1889|1128|850|164|160|3045|1731|1313|1004|197|207|0|184|298|336|527|382|1465|779|1465|779|1167|735|298|239|0|184|0|184|0|184|0|184|78948|5400|57366|4764|6371|1503|0|184|0|184|1625|627|0|184|531|355|0|184|572|567|2897|1114|0|184|91|148|501|497|36|71|118|193|42121|4136|210|349|692|637|1077|843|1478|911|4624|2331|33242|3726|607|518|191|145|0|184|8874|1808|700|432|80|95|2598|1014|86|104|2174|904|468|287|125|139|1271|895|105|127|964|646|303|299|21582|2528|21521|2535|61|106
310M600US26420|1757731|36353|70719|7097|23197|4217|785|575|427|270|1171|817|1551|748|19064|3663|9459|2770|8310|1910|1295|604|199|250|16237|2408|426|228|337|421|4383|1167|9241|1907|1450|664|292|254|108|180|7666|2302|1923|965|2898|1538|262|324|0|237|2583|1202|0|237|23502|5171|936|709|367|395|693|433|786|668|404|530|828|759|990|570|301|314|0|237|504|611|378|633|1857|875|1521|726|7090|3747|355|437|5228|2912|1264|623|117|192|454325|12668|98205|8167|76069|7639|57030|6903|7073|2780|11966|2279|5652|1964|16248|3811|236|261|175040|12033|6734|3447|4333|1828|0|237|107001|9474|10364|3145|886|371|2222|1058|39689|6501|2878|1551|412|445|521|390|140769|7803|1297|778|3717|1356|4776|2047|1238|1277|4053|1622|37291|4518|1668|956|3175|1284|83554|6498|0|237|37811|7922|40|65|881|652|645|641|4199|1726|2012|1054|3206|1842|1172|634|4092|1247|4041|1967|2241|1319|10003|7365|3608|2176|243|325|1428|1274|2500|1401|103848|13568|14345|3499|711|637|3982|1744|3338|1619|166|310|777|442|824|798|268|259|4279|2416|8861|3918|6621|3999|741|1040|344|346|1155|784|11457|3552|1051|641|4826|2548|1849|1143|2164|1748|1567|1093|9748|8141|9748|8141|0|237|58221|8526|0|237|2788|1342|366|461|1475|982|42908|6960|3826|5042|2121|1183|383|394|4354|2190|1216|886|2897|928|2404|860|2119|803|285|272|152|167|0|237|168|202|173|210|1125942|29082|1104608|29125|69652|8841|1036|1122|330|290|37485|6654|3529|2600|5017|1777|198|231|2158|1510|6963|2632|1433|1011|0|237|7513|3614|958|810|3032|1329|908182|25913|1089|802|2804|1166|149458|14794|58855|9535|104607|12601|579046|25336|9883|2560|1943|829|497|591|126774|12194|6941|1935|2624|1833|9015|2075|2452|1161|33875|5374|8420|3145|1179|647|6564|1998|1254|866|53373|8921|1077|910|21334|3041|21145|3055|189|195
310M600US29820|505438|12751|33982|3762|8335|1864|256|219|568|291|120|197|546|422|6801|1726|3013|927|3422|1253|366|233|44|74|6672|1366|543|331|183|219|1954|897|3110|867|598|543|284|227|0|228|3084|936|329|459|1681|639|292|377|0|228|782|482|0|228|15651|2967|0|228|479|585|2104|1736|1213|864|352|381|269|253|435|318|533|451|246|245|282|238|50|85|1376|709|2122|1036|3458|1531|425|458|1232|707|1075|579|240|402|174297|6102|38150|3864|23998|2885|15877|2319|2721|870|5400|1316|3500|1100|10652|2136|0|228|17578|3868|1358|888|116|193|223|371|6613|2563|6008|1973|80|137|339|381|1533|931|692|620|492|439|124|210|110117|6349|38|65|1002|659|1402|731|1421|823|989|591|89074|6599|172|285|6081|1519|9938|2701|0|228|7780|2482|1357|979|0|228|170|210|1101|903|1061|729|464|385|56|90|1424|660|339|402|1021|1089|471|383|40|61|0|228|276|266|672|553|15948|3770|11806|3550|145|184|8451|2793|1241|1018|398|651|0|228|682|974|664|985|225|326|0|228|0|228|0|228|0|228|0|228|2479|1194|89|151|969|666|996|851|186|259|239|243|102|175|102|175|0|228|1537|1064|0|228|37|62|0|228|0|228|813|690|0|228|307|498|380|603|0|228|24|52|3235|1126|1412|680|1188|675|224|191|288|275|0|228|200|282|1335|1205|277976|9278|268144|9285|35832|5473|0|228|39|65|30607|4991|0|228|1861|1020|0|228|461|382|710|567|0|228|0|228|1246|925|0|228|908|912|215394|10667|1448|898|1310|778|18959|3775|10473|3228|5349|2739|172049|9181|5180|2407|626|428|0|228|16918|3794|2104|1240|497|367|3005|1224|1218|619|3868|1533|514|464|127|130|3899|1960|101|121|1349|908|236|249|9832|2174|9832|2174|0|228
310M600US31080|4173908|31812|214288|10421|53280|4642|1437|507|3651|1098|1183|805|3268|1107|42462|4016|19961|2913|19823|2623|2678|816|1279|526|43035|4164|1733|666|1418|730|13130|2575|19347|2591|5044|1337|2081|744|282|268|22497|2787|3831|981|11746|2247|1992|833|54|91|4727|1520|201|231|94847|7065|670|592|3510|1239|814|468|2833|1057|3577|1330|4919|1426|3672|1120|889|495|998|775|2184|1242|142|229|6633|1895|9111|2003|26260|3419|2356|1144|20427|3596|5852|1422|629|493|1667382|17744|595802|16228|342968|12384|231028|10456|32087|3503|79853|6117|45812|4705|205264|10213|1758|1365|291533|15443|6324|2000|14058|3647|0|218|99788|8339|141594|10458|4218|1982|6843|4270|12122|2716|3621|1294|1654|926|1311|599|614788|17690|10254|2004|30125|5466|15279|2300|4315|1160|3813|1007|271669|11243|2838|879|21556|2839|254772|11074|167|154|162861|9952|70840|5821|4414|1780|2613|1383|10268|2800|16519|3084|7323|2400|3067|1644|16337|2498|1296|632|16992|3578|11190|2011|998|462|0|218|1004|541|2398|1018|72539|7567|15420|3090|550|426|7027|2024|4390|1626|129|185|547|398|572|392|1184|597|1021|467|1839|854|1206|739|108|184|230|233|295|297|25330|4093|437|308|21055|3966|1806|1170|581|663|1451|1004|9570|2097|9570|2097|0|218|18380|4512|0|218|1641|941|211|214|241|267|14308|4247|354|418|1126|802|0|218|499|409|2000|1447|19861|2822|12136|2378|10634|2212|1502|602|3530|1608|0|218|255|315|3940|1217|2199838|23080|2159327|22420|32572|4498|291|223|626|739|13984|2193|570|878|2467|1084|31|52|3996|1590|6152|1926|141|232|0|218|2161|850|950|753|1203|1183|1990952|25211|11566|2255|5791|1478|275782|11844|205215|12421|44854|5880|1417649|21149|26631|4145|2405|971|1059|516|135803|9808|15358|2937|5108|1613|18001|3008|5587|1381|28579|4558|16223|2764|1469|884|33447|4284|2217|1025|8817|2967|997|452|40511|3888|40430|3889|81|100
310M600US33100|2596927|28282|142026|9404|26000|4536|908|743|2667|1572|859|587|1970|822|18670|4294|10263|3666|7423|1641|984|638|926|452|31457|3544|1206|532|1094|571|11175|2592|14273|2211|1505|632|2166|1432|38|63|30094|3761|2602|1108|12368|2382|2074|892|168|280|12850|2216|200|221|53830|5054|640|615|3623|1436|152|181|2202|1118|885|513|2416|1281|3488|927|269|214|635|509|2027|1098|131|157|5903|1550|5814|1350|12702|2521|1225|606|8208|1978|3510|1088|645|554|135516|6752|25074|3593|18462|3381|15273|3251|1453|543|1736|861|1844|691|4768|1423|0|239|47732|6346|276|358|6031|2192|0|239|24416|5075|3933|1451|1996|2078|529|520|7752|2627|734|496|1458|687|607|550|34365|4561|844|798|800|689|185|156|82|103|250|236|17326|3627|128|128|2106|935|12644|3581|0|239|26598|3254|283|288|627|609|195|236|624|478|9554|1631|1557|913|850|616|2356|770|2091|1215|1921|946|5469|1711|771|551|0|239|300|381|1747|1086|26604|5087|5737|2047|40|66|1810|1400|1718|955|0|239|375|366|211|244|533|316|1050|690|1629|1222|1228|1158|61|103|74|87|266|365|9618|2875|506|284|5876|2334|2413|956|654|804|169|250|5655|3057|5577|3044|78|131|3573|1609|29|48|222|234|73|123|316|362|2355|1439|501|534|0|239|0|239|77|120|392|371|2850|973|1803|703|1378|658|425|315|0|239|0|239|22|39|1025|712|2289931|26832|2254159|26601|1243341|24597|12853|3219|1566|789|746069|18941|2385|838|70653|8916|722|423|243990|17739|133044|9071|2750|1596|474|438|22954|4553|1170|780|4711|2039|352238|13182|2452|1458|8274|2290|34388|5729|59265|8685|68576|8400|69851|7597|97739|8346|11121|2239|572|493|658580|23607|43559|5763|5978|1986|68883|7798|15884|2899|200668|13515|37183|5400|13162|3015|73768|8758|8713|2436|188160|12168|2622|1241|35772|4131|35142|4261|630|615
310M600US33460|398704|11000|36724|3298|7679|1406|779|530|1096|445|177|146|315|218|5280|1148|2268|845|2601|655|411|301|32|37|8205|2035|316|267|418|325|1357|607|4958|1849|788|366|368|240|0|210|1909|756|164|130|239|183|108|106|23|37|1398|739|0|210|18761|2787|131|220|1271|721|598|390|386|275|109|174|702|666|652|403|817|561|0|210|2439|1103|0|210|941|477|870|486|4447|1030|97|127|4941|1780|360|397|170|262|151543|6234|24532|2882|12941|2152|10385|2095|860|391|1696|678|1643|539|9770|1829|178|246|39872|4487|2221|2313|1154|600|752|641|26903|3591|2212|1226|276|217|2908|1762|1374|668|1026|514|576|727|470|479|79676|4999|8150|2707|4785|1814|494|385|22428|3076|1155|577|8753|1734|205|181|15547|2717|18159|2908|0|210|7379|3094|31|51|79|145|0|210|2751|2939|415|282|448|375|197|162|611|436|681|587|293|311|1080|676|72|89|651|763|70|114|84|134|115870|7004|76781|7254|2471|1348|22587|4031|12102|3017|35829|5459|663|758|602|463|401|662|2126|1204|5971|2556|5579|2468|107|137|285|261|0|210|3519|1320|74|120|1773|1103|906|545|579|358|187|188|365|282|236|253|129|127|27633|4150|0|210|2424|1066|394|385|10363|3362|8510|2815|139|170|1378|900|808|726|3617|1672|1601|905|2399|1402|1554|1203|1464|1194|90|107|102|172|66|104|0|210|677|677|92168|5698|83146|5344|3061|914|209|290|189|201|669|400|0|210|469|406|0|210|308|335|961|555|0|210|0|210|147|178|0|210|109|192|57092|4484|192|231|340|268|4911|1948|3543|1154|2219|925|45162|4094|351|337|374|290|0|210|22993|3221|903|430|0|210|2513|788|881|597|3765|1135|8751|2746|1951|805|967|486|428|596|2401|1112|433|337|9022|1674|8965|1694|57|96
310M600US35620|5849896|40956|792256|19090|100726|6121|2848|1085|29424|4537|3587|2525|3938|977|58667|4370|31702|3819|23141|2845|3824|984|2262|817|86505|5496|5123|1327|4695|1576|27523|3931|38476|3592|5786|1587|4768|1513|134|209|183854|10347|31658|4200|89008|6635|36445|4314|237|182|25152|4023|1591|1035|417422|15403|27276|5323|19494|3516|3411|1362|7212|1535|5811|1412|9156|2015|11860|2436|4043|1738|4877|1689|8132|2522|5722|2075|82665|6086|15511|2626|74351|6424|4423|1480|95208|7698|38270|5518|3749|1669|1757281|19501|713835|15563|543278|15156|456476|13401|46458|3980|40344|4127|35924|3928|134515|7191|118|155|656293|19073|9219|3056|117296|9044|422|589|354065|12035|19590|3050|9135|2993|18591|3524|76590|8155|10487|2795|31937|4551|8961|2496|221791|9665|9196|2946|3386|1372|8989|2228|642|374|10458|2644|148690|8590|3992|1099|9285|1719|26839|4035|314|293|157220|10678|5180|2023|4395|1643|17223|4565|1369|566|39290|5444|6923|2188|3893|1452|11666|3063|3490|1022|13318|3506|31226|4544|2827|998|11292|4454|5128|1180|8142|2264|314161|16705|26732|4788|946|771|6431|2226|6821|2216|556|517|1649|1184|1816|1232|2748|1585|5765|2156|9018|2579|2826|1423|2041|1963|2254|1009|1897|903|83296|8972|4813|1581|54868|6294|15517|3061|3096|2241|5002|4130|10667|2232|10468|2222|199|241|172906|12750|673|693|56699|8320|8601|3373|6003|2266|54743|7182|10315|3000|4789|2350|5161|2745|25922|5708|11542|2739|13594|2965|11777|2712|10708|2518|1069|599|165|141|82|134|48|83|1522|1399|2972604|36367|2919296|35651|1324504|29799|2292|814|22672|3564|54493|6357|10701|3074|674314|23823|20112|3666|150679|12461|241997|13535|10379|3060|11448|2702|99008|8910|9102|2635|17307|3401|665707|19758|7833|2213|21048|3955|140589|10527|97425|9936|83766|8878|282179|13992|15056|3781|17811|2887|0|210|929085|25286|25777|3374|5616|1770|68694|7314|13152|2763|203255|10461|268861|14100|180389|11305|104417|9385|14861|3718|34086|4323|9977|3078|53308|3862|52941|3892|367|285
310M600US36740|572417|19599|42776|4557|11441|2213|0|239|930|523|337|275|45|75|10129|2127|5315|1602|4097|1247|717|485|0|239|8777|2257|95|116|976|582|1374|773|4956|1716|778|603|598|785|0|239|5267|1465|435|270|2418|1069|954|617|87|152|1460|969|0|239|16949|2772|625|539|1027|835|1102|904|1427|940|106|177|1204|964|386|295|135|179|172|235|567|567|0|239|1710|816|869|647|3709|1410|986|672|2783|1706|141|172|342|386|89179|5278|17917|3267|13054|2747|10829|2599|626|319|1599|757|1777|1223|3086|1270|0|239|27396|4482|0|239|2155|1337|0|239|17278|3283|2315|1160|1026|995|176|217|4229|2768|77|137|140|186|0|239|32907|4152|620|594|524|326|275|288|545|473|484|371|14589|2959|136|166|3169|2798|12565|3112|0|239|10533|3085|0|239|0|239|672|578|37|62|1440|608|289|350|1220|1115|1197|734|1476|1666|1194|995|2330|1180|0|239|228|375|450|500|426|394|15841|2983|2722|1240|238|307|160|262|500|428|120|198|389|385|126|167|751|925|438|573|430|606|54|91|0|239|0|239|376|600|7422|2428|0|239|3706|1719|3406|1254|0|239|310|434|1380|756|1321|751|59|100|3517|1691|0|239|935|869|158|251|181|264|2023|1272|0|239|49|80|0|239|171|279|370|492|259|194|259|194|197|160|62|100|0|239|0|239|0|239|0|239|424362|19651|416763|19651|162502|12864|1426|967|840|582|34436|7327|916|1050|39592|5743|383|332|42144|6697|28633|4987|634|803|434|528|7852|1985|437|441|4775|2415|62055|9235|166|173|3282|1610|4764|1954|9013|3386|6191|2394|27650|5641|5885|2614|5104|2862|0|239|192206|14520|3487|1517|508|487|33437|5654|3099|1615|45104|6794|9132|2654|13025|3039|8975|2389|1156|1070|73627|11382|656|586|7599|1617|7349|1597|250|182
310M600US37980|734722|19117|112421|7145|19103|2552|140|90|3302|919|330|300|1156|645|14102|2219|5926|1373|6538|1424|1638|846|73|121|14682|2224|512|346|439|490|2883|917|9288|1538|1010|448|404|314|146|177|17990|2425|3652|1126|9372|1461|2536|1014|0|210|2055|1045|375|361|60253|6170|7061|2209|3082|1558|1212|1172|1718|990|479|282|1055|931|922|534|564|353|750|561|977|598|141|169|7464|1933|1531|785|9680|2001|786|460|16015|3675|6816|1969|393|452|293864|6460|87097|6515|60551|5408|52442|5043|2731|775|5378|1497|3048|1018|23259|3251|239|227|119727|6929|554|408|13073|4069|426|509|82085|6311|2517|953|755|541|2089|1203|9481|2462|1403|855|6325|3735|1019|740|62704|6354|471|414|9090|2532|3102|1610|392|263|1220|560|19273|2967|1281|621|2513|868|25320|4931|42|50|21778|3853|302|233|626|518|2397|1580|1805|1434|3009|1416|1017|649|542|513|2377|1356|922|649|992|508|5851|2215|309|274|797|1137|832|633|2558|1802|75461|8224|11363|3008|163|281|4991|2662|4291|1726|195|310|348|260|330|313|238|318|807|827|2176|1468|880|824|64|107|424|386|808|1055|11557|2675|2967|1150|4836|2364|2519|1026|953|902|282|465|1843|1154|1721|1157|122|208|41033|6658|0|210|5831|2630|726|538|15510|4833|11631|3540|219|221|3649|1830|1490|1520|1977|1391|7489|3121|1870|732|1555|582|1204|526|351|260|39|73|0|210|0|210|276|461|251106|13821|241415|13320|101640|11721|92|109|677|620|4529|1652|195|193|51348|8377|1053|641|10427|3932|23680|4093|343|310|486|364|7310|2262|0|210|1500|683|82960|7277|297|267|3801|1907|7282|2645|10144|3682|8021|3781|48209|5090|3897|1708|1300|781|9|15|56815|7054|2773|1122|1340|1166|16357|4781|2337|1101|10528|3015|7059|2316|5015|2700|4231|1801|441|464|6445|3360|289|327|9691|1825|9193|1836|498|339
310M600US38060|706866|18156|55644|4877|11518|1782|321|334|798|463|182|125|216|191|9938|1505|4026|938|5032|1253|880|411|63|110|14208|2104|484|271|620|341|3261|1070|8263|1596|841|535|667|538|72|119|4184|1094|622|392|1710|736|484|531|51|86|1368|643|0|228|25594|4030|661|670|698|636|3401|1399|1132|640|1583|901|1060|596|581|298|49|79|707|853|318|423|433|380|3612|1149|4018|1471|3259|1305|884|753|862|396|2336|1325|140|135|171755|7482|35698|3913|21069|3161|14472|2341|1729|692|4868|2088|4515|1263|10036|1838|78|110|55696|6053|3737|2018|1946|1548|1174|1205|40425|5092|3403|1076|924|624|1440|1338|1236|756|787|525|296|260|328|323|56460|4607|2794|1539|2344|1139|1204|715|1257|845|966|507|23732|3273|605|413|2807|1182|20751|4049|0|228|23317|3369|218|221|0|228|27|45|12340|3035|1726|884|2058|942|76|124|1968|724|1306|984|919|569|1880|920|219|252|181|226|399|406|584|468|32309|7212|9694|3394|95|154|2957|2782|2677|1451|762|717|504|670|548|379|150|174|2001|1125|3038|1497|101|169|922|777|2015|1371|0|228|5936|3769|0|228|1338|778|1156|1168|3151|3457|291|296|1432|758|1432|758|0|228|8048|3071|0|228|387|409|0|228|1472|1084|4603|2153|0|228|196|317|1076|1770|314|350|4161|3195|3818|1402|2106|1074|1599|961|507|471|409|515|524|838|289|391|490|356|443340|14938|415325|15090|20010|4343|0|228|236|321|10330|3164|76|124|2439|1045|53|88|2454|1970|3383|2188|0|228|0|228|913|747|41|68|85|141|373043|13782|263|373|1185|644|5913|2021|15874|4697|4232|2059|337996|12216|6375|7145|1097|702|108|181|22272|4054|2505|1268|467|370|2463|1023|1272|713|6279|2243|2189|1444|213|214|4317|1592|157|150|2308|1106|102|173|28015|3475|28015|3475|0|228
310M600US38900|308213|10800|52667|5485|9582|1759|492|651|1255|541|68|117|197|158|6996|1456|3760|1134|2804|793|432|291|574|418|9558|1769|358|276|234|241|1424|613|6118|1489|1133|564|291|332|0|210|1809|724|113|139|574|360|413|455|100|116|611|448|98|141|31718|4647|0|210|613|437|1520|861|898|949|380|293|462|272|491|428|48|81|357|276|2324|1219|114|143|676|354|3349|1216|5285|1362|498|473|12947|3231|1756|807|0|210|121845|5439|34730|3857|22125|3318|15519|3019|2876|973|3730|1035|4493|1132|8112|1652|0|210|32556|3548|1151|777|686|510|685|614|20329|3352|2219|834|1614|679|3307|2262|697|469|94|151|980|770|794|641|45028|4176|1284|1123|2084|1380|923|499|3426|1346|1613|1054|11982|2497|611|387|1727|695|21378|3306|0|210|9368|2877|626|602|656|1067|0|210|2261|1336|1319|722|706|963|98|114|910|675|683|525|773|800|1215|1294|0|210|121|164|0|210|163|188|13265|2700|6788|1907|736|841|3242|1579|1341|801|750|857|195|243|0|210|385|526|139|231|126|173|0|210|0|210|126|173|0|210|977|484|205|337|474|343|198|168|0|210|100|165|653|475|653|475|0|210|4709|2222|0|210|1755|1832|246|282|1219|999|988|691|105|181|0|210|244|378|152|176|12|20|7363|2047|2903|1515|1939|903|964|765|1271|791|311|377|2224|1088|654|497|113073|5927|103479|5979|4858|1645|144|15|18|32|2231|1083|105|174|933|1007|0|210|272|320|527|459|0|210|0|210|628|771|0|210|0|210|87274|5905|124|144|1348|964|2457|888|4904|2177|1957|1113|75712|6149|666|391|106|145|0|210|11347|2682|1440|851|0|210|1198|689|1095|493|1402|730|865|787|78|131|2685|1248|469|443|2063|1918|52|92|9594|1911|9594|1911|0|210
310M600US40140|1016297|17100|35869|3658|11013|2617|768|815|926|445|166|207|162|140|8913|2238|2964|1139|5431|1715|518|334|78|113|9360|1452|514|299|159|191|1146|398|5361|1071|1770|643|410|297|0|218|4314|1056|855|471|1324|652|1209|604|251|316|926|451|0|218|11019|2155|405|417|0|218|382|604|596|563|229|229|702|386|1082|726|0|218|233|221|0|218|283|406|1300|653|2265|833|1430|606|1021|1124|508|371|583|384|163|276|246923|7693|77666|5812|52882|5198|35614|3728|4081|1114|13187|2956|3145|1054|21639|4643|0|218|40089|5348|2953|1782|1506|910|0|218|21123|4032|6162|2008|209|210|1362|1453|4641|1412|2012|1157|0|218|121|130|104910|6123|2052|1221|1808|851|6276|1774|2933|1098|1083|747|60497|4873|342|282|6082|1577|23837|4266|0|218|23175|5635|405|326|0|218|0|218|6823|4039|1030|781|3418|1663|695|491|2911|1298|447|480|5898|3051|912|554|317|337|0|218|319|339|1083|576|20690|4480|4728|2291|337|418|518|534|2848|2060|0|218|0|218|680|648|172|179|173|229|77|124|0|218|4|3|73|124|0|218|7321|2287|0|218|6207|2243|844|605|0|218|270|219|671|328|671|328|0|218|7349|2124|0|218|332|279|58|98|354|445|5964|2023|0|218|547|675|0|218|94|157|544|871|4887|1720|1843|719|1293|591|550|422|2237|1611|0|218|0|218|807|470|707928|15590|694322|15126|9716|2396|0|218|398|324|4903|1378|0|218|1018|784|35|62|1379|1451|753|473|0|218|0|218|1184|604|0|218|46|76|649381|14958|1139|706|2715|1393|37820|5330|26076|3926|8880|2705|560406|13008|10787|3529|1558|790|0|218|35225|5805|4413|1352|956|667|2184|1026|787|628|9034|2438|4906|1951|328|346|8676|2437|65|110|3518|2554|358|280|13606|2074|13549|2081|57|99
310M600US40900|462305|13152|70621|6889|5866|1256|517|552|595|366|207|228|111|182|4381|1011|2344|870|1568|657|469|330|55|95|6734|1237|451|444|199|224|1047|424|3946|1135|765|401|326|339|0|218|3046|1089|523|529|850|432|1073|848|530|743|600|420|0|218|54922|6645|0|218|2884|1416|1738|1920|172|189|257|242|907|542|686|436|748|689|180|234|5155|2262|0|218|1488|694|3661|1589|11897|3686|328|358|22774|3805|2047|987|53|83|226727|8469|47755|4239|36185|4142|28152|3855|4354|1129|3679|1087|4069|1170|7325|1709|176|168|71564|7932|20996|4662|1601|870|184|230|32730|4759|6659|2193|2015|1163|1349|799|3833|1397|400|441|1101|622|696|618|95452|5594|1026|848|2186|972|500|328|10034|1790|698|448|41317|4662|438|400|6656|1364|32597|4356|0|218|11330|2907|2173|1164|284|284|637|512|1944|916|743|668|796|729|25|45|1273|757|854|564|816|450|925|789|168|282|643|991|49|79|626|497|14864|3671|6049|2359|501|610|761|506|2542|2154|0|218|0|218|273|291|753|1006|1219|1113|303|314|4|12|0|218|299|313|0|218|1456|744|0|218|720|539|459|470|0|218|277|328|1453|781|1453|781|0|218|4907|1675|95|154|1105|721|841|1133|1143|887|1442|786|80|134|55|93|0|218|146|176|696|824|13369|2728|1233|565|830|494|403|278|9681|2460|1207|1314|106|172|1142|987|136724|7593|129434|7392|2195|894|0|218|0|218|512|348|0|218|232|377|0|218|92|109|642|680|0|218|0|218|516|547|0|218|201|329|114291|7418|79|137|509|440|4876|1269|4908|2075|1483|1052|100723|7700|1227|640|455|411|31|52|12948|3344|638|365|102|134|2841|1813|310|347|2595|1078|508|594|40|72|3281|1644|50|86|2439|1281|144|186|7290|1330|7290|1330|0|218
310M600US41740|731450|14877|59120|4460|16464|2178|1467|851|972|467|760|652|902|444|11926|2005|5507|1297|5217|1339|1202|608|437|342|14965|2925|460|292|1312|782|4986|2429|6255|1423|901|419|1051|398|0|218|5872|1458|1106|633|2118|676|448|365|0|218|2200|1050|0|218|21776|3404|413|278|1077|927|278|254|714|538|351|302|1079|699|1076|543|217|356|210|222|198|162|362|344|2561|837|1786|1102|5599|1587|777|547|3099|1349|1979|906|43|70|291908|9254|67783|5037|41444|3947|30073|3718|3902|1070|7469|1507|10957|2326|15333|2667|49|81|48094|5402|3948|1631|211|224|0|218|26278|3888|12536|2403|969|844|626|460|2659|2078|411|421|237|235|219|204|141295|6884|695|525|2966|1157|2406|1743|5300|1604|889|464|88254|6686|360|246|3565|1226|36780|4570|80|129|34612|5728|282|460|217|292|0|218|21551|4594|2889|961|1225|759|1307|1662|2734|1303|117|146|2459|1575|534|482|719|646|0|218|578|651|124|148|21012|3470|8874|2336|382|381|3300|1541|1799|1200|836|656|416|558|725|567|331|312|1085|809|2808|1976|790|566|325|431|1281|1787|412|658|2963|1020|243|216|1116|560|576|507|592|580|436|291|2214|873|2214|873|0|218|3161|1550|0|218|269|219|164|212|290|338|1814|1280|0|218|0|218|55|93|569|754|992|970|4280|1423|2160|901|1620|820|540|366|445|476|138|240|349|424|1188|767|355130|8976|341740|9102|9066|2474|109|19|54|91|1016|615|0|218|646|479|0|218|1242|1226|4228|1620|47|76|113|187|1451|1097|53|87|107|182|312106|8890|535|520|934|405|2535|858|7665|2415|595|509|297915|9085|893|555|908|658|126|208|20568|2893|1210|512|320|394|6455|2145|1291|663|4761|1731|845|455|444|425|2386|1131|757|516|1720|1088|379|355|13390|2023|13390|2023|0|218
310M600US41860|1449397|20710|128714|7990|32430|3738|1054|573|3820|866|602|382|3670|2375|22589|2885|12594|2538|8660|1528|1335|549|695|438|30029|3728|932|415|1428|581|9406|2082|14301|2187|2730|1060|1187|452|45|75|17045|2154|2223|969|7303|1671|2911|927|564|377|4064|1159|544|338|48944|5612|545|542|2936|1359|1107|736|2063|1025|1072|593|870|461|846|465|353|299|285|250|1497|899|0|218|4997|3358|2624|887|12876|2484|713|477|11672|3247|4488|1396|266|287|847522|13015|359073|10849|307992|10803|233774|10445|44344|3823|29874|3442|14657|2157|32723|4209|3701|1538|214723|11354|14560|4055|2631|1377|98|161|158010|9744|18379|3241|1531|1001|8998|3803|6994|1973|2174|1425|720|474|628|584|248594|9590|8568|1981|4901|1389|6450|1652|3257|946|5309|1248|158617|8681|3262|951|7546|1818|50548|4781|136|231|23896|3794|590|444|956|859|240|240|1741|968|4146|1265|1417|770|1878|1126|2233|865|1294|697|532|362|4286|1048|587|319|3725|1923|271|220|1236|575|38727|4720|10092|2334|2169|1627|3477|1265|2366|971|173|280|226|225|1144|1293|325|335|212|178|659|412|489|375|0|218|46|77|124|148|10057|2500|3450|1679|4299|1376|1483|981|45|81|780|486|2614|826|2614|826|0|218|14412|3383|0|218|1902|1136|495|422|938|750|7081|2525|895|588|548|660|692|1117|1861|1637|893|762|18924|2782|6148|1324|5185|1250|963|471|7683|1932|0|218|0|218|5093|1858|415510|13653|393671|13286|7398|1791|413|185|0|218|2457|905|0|218|1048|693|0|218|572|498|1757|1141|163|263|0|218|596|385|0|218|392|266|336399|12805|824|736|1192|648|50145|6466|38253|5524|9575|4405|217581|11908|16048|3133|2691|1384|90|147|49874|5269|3283|952|827|502|15477|3432|3682|1725|7811|1802|817|442|398|358|14017|3121|711|449|2431|989|420|269|21839|2422|21761|2424|78|132
310M600US41940|788197|10634|58160|4682|9668|1764|477|384|417|305|0|218|927|551|7599|1609|5011|1436|2225|773|363|239|248|212|14318|3074|417|286|332|184|5887|2965|6402|1599|576|335|704|369|0|218|10551|2125|1724|928|2023|906|4985|1431|1453|885|1770|868|49|82|23440|3248|158|185|1144|761|641|470|583|459|906|502|495|274|505|334|96|109|354|366|184|243|53|86|1350|714|1410|504|9808|2317|532|426|4158|1447|1063|695|183|243|532106|8850|173209|7551|139899|6679|93140|6045|12579|2216|34180|3890|10247|2242|22981|3800|82|134|178332|8309|980|1152|1692|1137|0|218|148037|8213|18335|3603|803|654|1003|705|5482|2349|841|579|462|330|697|440|164467|7548|3209|1496|3246|1294|1746|680|1963|810|2816|945|54241|5904|2059|790|2747|1048|92440|7109|0|218|15817|3049|1301|901|288|349|146|141|1111|890|5809|1865|580|447|233|238|1829|1215|887|555|249|164|2249|955|508|253|101|120|526|386|281|257|11288|2344|5951|1741|798|658|3479|1670|927|515|357|571|72|119|0|218|157|183|161|145|955|834|695|780|0|218|44|73|216|260|1611|921|0|218|1260|859|109|179|108|188|134|217|1414|658|1414|658|0|218|1214|777|0|218|427|515|0|218|73|125|714|569|0|218|0|218|0|218|0|218|143|190|2788|1005|2139|963|1606|688|533|639|233|180|0|218|0|218|416|341|183855|7719|172814|7478|1786|636|0|218|111|127|713|442|0|218|77|130|0|218|45|75|247|25|0|218|0|218|593|446|0|218|0|218|151089|5997|41|67|0|218|9993|2447|2869|1250|3743|1858|131237|6112|2843|1452|363|390|0|218|19939|4523|1343|652|623|461|4632|1951|1092|735|5811|2227|601|457|84|99|3320|2311|85|139|1935|1013|413|432|11041|2091|10872|2077|169|202
310M600US42660|837093|16194|113404|8463|18799|2630|535|303|2412|1442|501|287|938|459|13541|2288|7900|1738|5075|1252|566|314|872|546|18414|2774|884|425|853|665|3798|1106|10153|2371|1892|861|794|743|40|67|5422|1682|647|436|2661|1177|201|187|0|214|1913|915|0|214|70585|7844|730|514|4270|1891|2480|1246|2197|1159|409|297|855|520|647|452|625|338|113|184|2872|1391|160|205|4648|1639|5635|1983|16381|3512|300|262|25926|6958|2337|971|184|232|458696|10068|166902|8872|110306|6955|87176|6811|8281|1494|14849|2287|11993|1807|43259|4322|1344|905|132044|9119|3624|1748|2062|1246|374|382|106943|8632|8187|1717|848|500|1501|966|5055|1829|572|648|2750|1483|128|155|141653|8219|3052|1345|7883|2000|5284|2465|3966|1495|1904|625|53960|5492|943|644|12347|3473|52314|5773|0|214|17845|4059|622|559|1795|1496|420|384|6147|3000|2040|1185|1061|735|343|386|866|474|643|429|671|557|1958|734|143|174|748|904|388|329|252|213|71841|6821|47753|5978|4324|2337|18809|3731|11421|2805|8232|3193|251|263|2141|1237|474|461|2101|1383|2063|1276|351|387|709|749|1003|610|0|214|6335|2233|482|378|3953|1719|1071|977|332|530|497|446|4054|1488|3954|1483|100|120|11085|3544|0|214|2290|1430|306|373|863|805|3748|1434|323|326|178|285|0|214|3377|2979|551|644|17181|3804|4269|1191|2778|1157|1491|604|1089|661|2226|2133|5238|3322|4359|1562|175971|8964|149227|8417|8647|3618|174|289|0|214|1355|860|122|196|39|68|0|214|3012|2933|3066|2027|157|267|0|214|482|412|77|132|163|267|116027|8783|53|89|832|561|6656|2156|5949|2781|7906|3365|92968|7481|274|168|992|472|397|582|24553|3603|1438|805|705|398|10795|2815|1050|523|3971|1547|311|232|0|214|3347|1500|429|507|2220|1785|287|274|26744|3045|26744|3045|0|214
310M600US45300|515887|16663|68228|6136|13880|2151|231|334|837|480|0|239|297|197|11842|2032|4179|1316|6406|1543|1257|435|673|630|14579|2668|106|103|1168|1384|3694|1635|8385|1703|740|430|486|409|0|239|10399|2819|4262|2432|3256|1033|1663|669|0|239|801|465|417|600|29296|4256|2628|1320|514|452|1804|1051|566|449|1161|682|770|489|2009|1064|95|124|648|402|85|142|106|126|5184|1341|1481|730|3414|1255|839|528|4818|1749|3174|1268|74|123|98311|5681|8642|1506|5451|1389|4038|1241|394|293|1019|781|747|375|2444|737|0|239|38593|4046|1875|2498|1584|1185|0|239|28681|3943|2391|1002|344|347|166|289|2290|1043|946|676|203|199|113|124|37690|4278|74|100|836|486|812|868|1408|664|400|255|13830|2756|0|239|3584|1392|16746|3433|0|239|12908|3925|308|522|82|137|93|156|1993|1895|1363|1109|360|304|1022|804|2298|1036|2334|1719|2261|2281|656|406|29|49|0|239|109|126|478|526|19116|3796|2872|1226|230|293|768|680|649|533|0|239|306|327|373|347|113|135|433|436|456|547|0|239|296|479|0|239|160|249|8762|2816|68|112|5988|2535|2282|1344|0|239|424|454|1983|885|1983|885|0|239|3996|1725|0|239|1172|1532|157|273|0|239|1833|854|84|143|438|445|0|239|312|365|1047|1136|1969|738|1313|506|1227|495|86|98|0|239|218|355|438|449|0|239|328263|11989|305735|12591|145048|9277|1315|621|878|601|82270|8411|429|398|18199|3205|297|332|15176|4365|16996|4117|473|443|0|239|7491|3077|286|357|1238|794|69392|7630|569|428|2787|1343|5577|1840|7093|3607|10564|3639|35796|4900|3242|1491|3764|1247|0|239|91295|8095|1935|843|920|786|9829|2846|957|455|30219|4477|4071|1259|3578|1388|8843|2869|1664|1097|28188|5845|1091|1005|22528|3782|22478|3778|50|86
310M600US47900|1535247|25401|115187|6208|24990|2967|755|325|2221|705|668|359|1540|564|18768|2689|9814|2225|7847|1447|1107|487|1038|682|26454|2447|595|264|1109|540|7153|1417|13181|1848|2733|1051|1456|674|227|369|16415|2335|2950|948|6306|1467|2663|929|0|210|4431|1658|65|108|46983|5021|3945|2305|2015|947|868|639|2555|1122|640|504|1220|603|922|412|1203|524|397|254|1540|1545|345|353|2955|884|4601|1398|12203|2182|1206|801|5889|1354|4479|1294|345|315|546885|11151|150593|8527|79029|5183|62491|4887|4028|945|12510|2375|9828|2443|59377|5488|2359|1545|231677|11889|25643|4251|17535|4367|46|95|116379|9202|24370|3091|1503|703|17412|4881|22631|3995|3378|1828|1767|1000|1013|706|121138|7242|2438|1107|3771|1684|6480|2551|1347|654|3593|1503|50105|5129|719|474|8709|1960|43937|4101|39|66|41369|5666|935|663|756|505|211|187|7569|2280|4824|1516|1397|562|1599|649|3755|1481|4909|2655|3023|1373|8930|2077|1070|537|866|727|1525|945|2108|947|269845|16928|104268|12646|7988|4135|75643|10116|6399|2584|2684|2100|1391|937|3790|2254|3711|1808|2662|1109|29051|5756|25379|5252|948|776|1651|861|1073|860|26015|5007|1340|680|8687|2923|6429|1789|8394|3401|1165|673|6826|2116|6218|2041|608|562|97504|9624|168|260|32266|3929|2925|1525|4932|1940|33304|5292|2614|1237|13502|3585|3622|1967|4171|2157|6181|2036|3940|1304|3204|1049|2692|998|512|399|86|102|0|210|0|210|650|654|599390|14770|586917|14758|66972|8710|887|603|1319|691|5373|1440|171|283|13539|3633|725|558|7781|3088|24963|5538|79|126|253|318|8310|1989|1601|1062|1971|1180|368604|14485|1004|1245|2299|1120|190410|11258|53176|7556|51075|8794|50885|6903|12123|3194|7350|2671|282|341|151341|8875|10210|2721|34802|5377|16025|3728|4610|1301|21324|3447|8839|2883|5744|1753|36613|5151|1093|668|11176|3790|905|468|12473|2162|12261|2204|212|281
312M600US169801714000|548452|19001|85135|7021|7261|1815|251|261|1459|515|141|171|248|189|5088|1617|3717|1439|1318|621|53|100|74|68|8877|2258|1014|608|263|220|2997|1548|3920|1187|174|234|509|610|0|206|7833|1429|2985|1144|3504|1025|286|468|0|206|1058|564|0|206|61060|6065|2422|1748|305|282|4411|1823|2729|1359|1434|919|212|183|235|207|293|347|725|465|230|241|237|240|23639|3098|6763|2374|4621|2042|3116|1692|6591|1978|3097|2537|104|170|139434|7991|50465|4714|38498|4386|33521|3922|3089|1132|1888|741|2013|1115|9414|2432|540|488|41201|5300|1411|1332|1218|1308|0|206|28095|4992|1682|914|680|909|1124|815|5469|2157|905|1368|0|206|617|620|36058|4999|195|269|1103|1408|399|369|240|391|2013|1688|23020|4350|324|289|1581|884|7183|1842|0|206|9949|2400|132|217|197|199|0|206|1923|908|1197|764|1455|1033|347|286|614|593|949|908|893|644|1937|787|128|140|105|124|72|87|1761|1202|25472|4982|5428|2315|88|144|2656|1530|1350|1043|749|558|0|206|140|232|53|89|392|484|973|1177|855|1165|118|176|0|206|0|206|2108|1141|138|245|1454|1037|405|274|0|206|111|187|1349|1199|1349|1199|0|206|15113|3833|0|206|1830|802|361|498|491|492|9593|2659|347|378|344|441|0|206|2147|2742|501|517|1189|627|937|692|773|645|164|251|0|206|0|206|0|206|252|335|297222|14437|293290|14205|9861|2229|88|138|79|131|2852|1082|0|206|848|559|0|206|2136|1244|3270|1404|0|206|0|206|506|385|82|133|0|206|248392|12332|3191|1541|509|382|3375|2163|9878|2570|4098|1751|225629|11405|1562|913|150|162|0|206|35037|6712|933|744|132|167|5055|2227|1007|935|8200|2810|8648|2697|49|79|2189|918|327|368|8436|4145|61|103|3932|1336|3932|1336|0|206
312M600US264204835000|676712|21616|27848|4463|8929|2846|236|395|169|164|448|540|567|291|7509|2646|4113|2335|2707|1095|689|406|0|237|7552|1899|199|193|57|102|2643|854|3773|1409|831|585|49|82|0|237|3256|1381|713|490|629|404|0|237|0|237|1914|1116|0|237|7994|2184|97|162|171|220|354|277|287|371|404|530|555|655|365|439|75|92|0|237|0|237|378|633|527|371|417|346|2178|891|106|179|1289|1344|791|479|117|192|126866|7242|35217|4839|27016|4425|20817|4412|1788|764|4411|1156|3619|1670|4582|1424|0|237|41109|4851|6198|3262|1372|999|0|237|20347|3545|5275|2370|356|250|584|481|5624|2116|1146|858|0|237|207|334|39951|4248|751|359|575|473|1957|1617|231|240|1111|647|8352|2170|435|331|564|440|25975|3478|0|237|10260|1865|0|237|489|450|94|163|1381|1023|1107|693|1337|776|344|340|1641|772|770|548|699|477|1465|724|744|421|66|114|123|160|329|301|38446|5824|6594|2242|367|455|3126|1586|1690|1189|0|237|0|237|365|596|27|46|1019|1047|2002|1213|1067|867|112|194|57|98|766|652|4157|1898|504|397|1169|664|848|534|1405|1663|231|248|1184|733|1184|733|0|237|23675|4621|0|237|1513|828|366|461|141|177|18300|4208|0|237|848|873|336|386|2171|1544|834|706|1332|635|1016|561|878|530|138|156|74|111|0|237|168|202|74|115|482220|18534|477291|18457|24365|5022|629|991|116|191|15036|4217|472|399|1802|933|0|237|1216|750|1758|1171|676|655|0|237|1137|770|531|551|992|847|408959|17854|699|664|427|322|65055|8775|42012|8925|64611|10164|230074|13152|5591|2408|379|316|111|181|43967|6306|2904|1244|1649|1697|2603|985|366|300|11183|2849|3617|1965|546|311|1825|740|558|562|17906|4699|810|890|4929|1121|4853|1118|76|127
312M600US310800644000|1366161|17350|92803|6636|22631|2861|377|276|1720|758|716|701|1061|491|18215|2753|9622|1761|8162|1846|431|289|542|299|16991|2622|726|439|539|353|6771|2082|6798|1394|1359|520|608|356|190|221|8049|1771|887|443|4337|1208|607|514|0|218|2218|1014|0|218|44958|5183|198|266|1816|1043|268|272|1128|594|1773|915|1134|434|1093|570|414|359|342|203|1368|1029|0|218|1428|514|2733|939|14820|3124|1524|1045|12816|2943|2103|813|174|210|423568|13827|136935|7787|48561|4120|35873|3882|3937|1137|8751|1971|10152|1690|77034|6828|1188|1221|94755|7768|1178|787|6561|2433|0|218|21987|3856|56527|5810|2987|1976|229|392|2525|918|987|452|928|731|846|501|121162|7572|1398|758|3516|1569|3523|1295|602|349|407|236|85050|6617|1246|599|7420|1633|18000|3458|0|218|69880|6179|38273|5019|2402|1008|908|642|3751|1649|9966|2128|1178|799|539|560|4991|1358|554|413|3295|1050|3851|1297|73|102|0|218|99|117|836|656|25787|3569|6641|1888|550|426|3639|1586|1057|725|0|218|346|360|458|377|166|172|425|326|346|305|134|215|0|218|117|194|95|111|7561|1900|312|262|5483|1763|923|491|388|634|455|523|5479|1587|5479|1587|0|218|4936|1502|0|218|797|760|0|218|40|66|2848|938|354|418|487|475|0|218|410|390|824|871|6508|1622|5380|1570|4692|1509|688|405|514|458|0|218|0|218|614|452|817495|17564|805177|17793|10414|1999|197|160|55|92|4574|1227|0|218|794|594|31|52|1334|761|2327|983|0|218|0|218|295|223|723|755|84|103|746861|17023|7072|1906|969|557|158484|9721|129399|9934|21697|3910|417964|13313|9864|2277|1108|538|304|265|47902|5569|5268|1310|2681|1140|6207|1895|2494|895|11796|3033|5357|1755|175|247|8664|2051|521|348|4211|2246|528|301|12318|1905|12237|1890|81|100
312M600US356203651000|3065136|33107|408648|14378|47054|4904|1817|988|11215|2439|2694|2483|2050|731|28006|3068|16939|2912|10288|1673|779|429|1272|655|46350|4170|2264|797|2332|1180|20054|3491|15640|2276|3092|1278|2834|1182|134|209|69416|5781|17663|2979|36874|4734|2063|888|0|217|11683|3129|1133|899|242759|11789|18451|4578|13813|2605|1945|1039|4398|1183|2913|948|3806|1177|5794|1898|1172|701|1782|1100|5130|2138|1583|1298|31507|4130|8331|2246|48411|5492|2684|1365|65719|7394|25320|4295|3069|1538|928100|16418|467044|10979|397894|11987|347231|10968|31390|3299|19273|2633|18207|2919|50825|5901|118|155|275405|14063|4546|2798|97506|7911|422|589|68805|7327|5772|1775|7792|2845|12802|3231|37156|5672|4693|1844|28516|4598|7395|2285|100586|6896|6728|2679|2183|933|7014|2158|181|224|7120|2150|53997|4797|2410|915|6212|1526|14479|3153|262|282|80285|8919|4228|2029|3140|1412|12865|3756|391|280|19250|3844|1832|786|1289|813|5848|2052|1178|569|6816|2678|10541|2574|988|480|10049|4225|1870|705|4780|2340|173224|13736|13264|3479|810|755|4364|1845|1760|977|556|517|737|942|225|212|583|663|4229|1936|5251|2292|1704|1099|2041|1963|1317|860|189|209|36723|6940|2985|1329|20677|4386|7297|1845|2409|2196|3355|4006|4927|1789|4927|1789|0|217|105597|10259|353|581|33683|6313|8307|3327|2956|1571|23187|4017|8753|2857|2796|1435|4397|2714|21165|5338|7462|2512|9423|2797|8046|2508|7276|2355|770|546|0|217|0|217|0|217|1377|1381|1545741|24097|1519424|23814|811465|24773|1131|645|17565|2783|10072|2180|5471|1530|419526|20307|16716|3439|78316|8464|151559|10753|9570|3079|10176|2600|72125|6556|6306|1847|12932|3041|281655|12174|6517|2034|4564|1699|27014|4094|30874|5796|27886|4526|166670|11336|5603|1999|12527|2221|0|217|426304|14028|9734|2072|2072|1080|14318|2910|5727|1800|78001|6938|121999|9713|137769|9590|28644|4591|3786|1740|17537|2971|6717|2690|26317|3073|26110|3096|207|248
312M600US417400666000|339576|10228|31066|3965|7332|1610|616|660|565|417|527|593|655|400|4664|1397|1862|843|2259|937|543|356|305|301|7674|2385|360|271|1070|728|2746|2062|2727|845|250|203|521|232|0|218|3884|1239|640|445|1114|556|378|345|0|218|1752|975|0|218|12133|2603|260|328|288|307|167|212|518|478|46|77|342|330|418|394|0|218|87|144|155|134|186|239|768|542|1643|1114|3463|1295|141|167|2459|1153|1192|577|43|70|167173|7849|45004|3897|29147|3220|21877|3088|1758|743|5512|1182|6813|1796|8995|1809|49|81|32179|4567|1065|775|211|224|0|218|19440|3705|7943|1870|184|210|445|390|2203|2085|279|378|237|235|172|170|81961|6633|41|68|2601|1148|1862|1668|4359|1572|434|334|44345|5290|111|131|1932|902|26196|4279|80|129|7905|2410|282|460|217|292|0|218|1285|805|1897|733|344|440|1224|1658|954|591|44|74|276|261|422|447|460|563|0|218|500|637|124|148|13135|3195|6533|2161|247|298|2792|1553|648|707|560|527|416|558|571|549|272|294|1027|802|1779|1838|447|434|77|133|1255|1787|0|218|1744|719|243|216|697|390|47|78|592|580|165|170|1157|668|1157|668|0|218|1641|1172|0|218|56|90|125|207|159|266|798|770|0|218|0|218|55|93|448|727|281|334|2109|1063|680|491|360|296|320|321|383|464|0|218|286|461|760|715|126093|7755|120061|7915|3686|1633|0|218|0|218|337|264|0|218|494|440|0|218|1096|1150|1638|898|0|218|0|218|121|114|0|218|0|218|105345|7225|479|508|343|267|1237|715|1447|866|448|476|101093|7033|215|354|83|99|0|218|11030|2262|713|394|44|72|4116|1970|730|447|2825|1414|470|322|0|218|743|372|544|493|644|685|201|256|6032|1200|6032|1200|0|218
314M600US1446014454|430469|13985|56925|4453|12660|1906|85|142|5046|1088|58|96|176|136|7162|1633|3780|1152|2756|994|626|442|133|166|7361|1394|330|340|463|373|1711|662|3607|1009|685|340|565|381|0|222|14613|2133|3262|1113|5197|1586|3903|1074|752|528|2251|1260|0|222|22291|3492|5378|2544|581|441|772|687|619|519|409|400|382|350|370|355|782|592|92|110|589|575|0|222|1580|627|924|589|5247|1587|421|396|3269|954|876|419|0|222|125308|5134|58613|4992|49926|4854|43270|4637|4466|1342|2190|799|1964|1109|6702|1948|21|42|25763|3676|537|840|990|785|0|222|18291|3140|1808|896|163|165|887|784|1924|898|236|329|504|450|423|282|29541|3779|1082|670|2110|1030|492|339|266|306|367|365|3980|1442|554|366|2232|1357|18458|3514|0|222|11071|3039|0|222|962|851|948|1533|756|914|3343|1992|216|257|0|222|1762|755|286|257|562|455|1742|791|120|194|0|222|374|320|320|342|51195|6445|8326|2537|0|222|2266|1080|3119|1587|931|982|362|278|596|448|169|217|883|919|1358|677|0|222|0|222|152|178|1206|652|7910|2335|1178|632|1538|793|4564|1965|249|321|381|613|1407|892|1407|892|0|222|31521|5351|23895|5117|2262|1642|129|203|225|259|3611|1730|0|222|612|566|0|222|787|655|673|664|866|516|866|516|423|257|443|468|0|222|0|222|0|222|0|222|196175|10101|190382|10199|88125|7457|0|222|1976|1039|964|519|527|491|27528|4156|286|453|36047|5686|12883|3228|0|222|396|374|5825|2965|140|232|1553|872|43317|5072|0|222|2060|1373|18486|3730|10051|3319|5995|2098|4737|1614|107|133|623|541|1258|808|58940|7434|1299|714|147|140|26345|5640|2663|1348|21749|4642|1829|810|623|465|2439|1502|302|394|1233|584|311|242|5793|1123|5770|1123|23|6
314M600US1446015764|531756|12370|81293|7597|14080|2225|89|104|4295|1099|243|203|484|440|8606|1746|3802|1174|4084|1060|720|560|363|380|11028|1955|195|166|330|268|3767|1186|4691|1225|906|429|1139|420|0|222|22456|2870|4131|1222|7437|1800|9704|1814|1096|508|1137|467|47|79|33189|5309|4258|1606|980|611|1496|1781|1468|799|90|146|693|381|346|318|363|363|515|479|1408|1257|276|341|3178|1336|1716|780|7454|2036|1559|1800|4995|1684|2394|1122|540|470|184466|6586|66512|5607|51886|5138|42536|4632|3724|1223|5626|1876|4705|1233|9831|2159|90|113|60750|5943|1166|1028|1056|586|403|597|45566|4885|4007|1686|165|135|4241|1492|2173|1237|1632|948|95|162|246|286|38389|4686|1068|665|14834|3121|1018|688|2822|1586|707|387|3228|1014|1008|474|4057|1776|9647|2410|0|222|18662|4493|2417|1684|405|443|0|222|2321|2495|5235|1926|791|734|373|361|3163|1247|322|269|541|466|2857|1154|237|220|0|222|0|222|153|168|33543|4318|13681|3321|1099|869|2832|1234|3072|1758|128|154|668|735|4683|2198|445|363|754|920|1986|1211|1827|1192|0|222|57|94|102|125|8289|2418|417|402|2331|1166|5147|1899|152|247|242|222|1130|545|1130|545|0|222|7626|1922|1605|1204|2273|1234|181|214|567|524|2399|1087|0|222|452|510|0|222|149|140|831|701|2306|1084|1978|1054|1589|1001|389|332|95|125|0|222|0|222|233|267|230148|10411|218578|10334|89901|7202|37|64|490|411|946|575|423|395|65293|5770|104|138|17222|3515|3727|1694|200|195|0|222|895|604|234|395|330|379|51347|6696|0|222|1302|991|16682|4346|19592|4215|6004|2346|6916|1764|690|466|161|149|0|222|77330|6822|1433|658|705|1014|55553|6899|810|526|9320|2770|4726|1902|140|176|3367|1192|145|163|1080|591|51|83|11570|1678|11545|1678|25|5
314M600US1698016984|1405445|20183|306059|11826|20180|2668|342|279|4477|917|405|284|900|540|13857|2437|7186|1736|5648|1381|1023|762|199|216|20367|2617|1670|689|547|297|4284|1647|11899|1893|925|433|1042|743|0|206|29428|3465|11210|2487|15924|2826|401|490|0|206|1893|766|0|206|235362|11323|6090|2279|3369|1648|10195|2764|12579|2726|4232|1437|2241|1058|1451|622|1948|762|8676|2139|6752|2368|4226|1588|107696|7571|13132|2689|10292|2821|7398|2390|27933|5060|7152|2815|722|525|436513|10615|105525|6180|66658|5560|54858|4826|4714|1206|7086|2005|7352|1875|29034|4028|2481|1029|177981|9059|2377|1523|3565|1950|257|308|132237|9401|5297|1464|1134|826|2670|1150|25581|4697|1617|1510|83|136|3163|1604|102238|7341|2430|1362|1760|1370|1612|1083|1344|702|2777|1838|72796|6436|751|512|3844|1330|14924|3156|0|206|43303|6214|132|217|599|521|166|212|11260|2722|3292|1275|7587|2198|1726|752|2525|1152|3075|1563|6988|2890|4230|1377|922|790|531|444|270|186|7466|2253|55927|7107|11800|2814|603|497|4253|1901|2790|1223|933|636|553|360|958|486|319|347|1391|679|1393|1264|1098|1239|254|278|41|69|0|206|9553|2766|1736|1351|3588|1373|2727|1596|0|206|1502|1500|2615|1449|2615|1449|0|206|28872|5730|0|206|5289|1937|503|551|622|535|19169|4179|347|378|344|441|237|403|2361|2765|1694|1215|2639|826|1936|832|1565|750|371|342|241|239|0|206|0|206|462|481|604307|13843|593065|13669|18346|3110|88|138|155|187|5318|1562|0|206|1908|909|0|206|3908|1643|5709|1791|154|259|0|206|885|573|221|268|0|206|512095|12940|4762|1653|671|371|6957|2408|18967|3450|5865|1861|471138|12295|2761|1340|974|647|0|206|62624|8368|1843|769|1061|487|7011|2143|2097|1089|16911|4763|12401|3178|478|409|5433|1501|532|510|14677|4680|180|177|11242|2087|11242|2087|0|206
314M600US1910019124|1117810|20930|49115|4829|13442|2284|134|169|1099|463|0|237|439|320|11192|2082|6940|1829|3315|967|937|617|578|535|9893|2170|277|302|164|194|2221|896|5199|1448|1866|1450|166|203|0|237|4443|1659|719|466|1006|471|361|347|0|237|2262|1471|95|159|20467|3179|84|142|600|404|704|499|637|593|137|165|999|570|340|240|233|202|154|176|636|707|1533|1598|1780|683|2355|975|4774|1461|419|377|3278|1481|1804|1335|870|976|368939|7385|67314|5144|37830|4087|27809|3572|1789|619|8232|1820|5023|1890|24461|3721|0|237|205468|9343|2582|1595|6994|2429|389|636|154992|8648|8677|1998|369|430|11132|3266|17611|4641|1212|687|688|437|822|736|73001|5179|2949|1291|4218|1633|1678|773|2144|1405|2167|832|17170|3052|837|436|4737|1788|37101|3814|0|237|21547|3834|479|443|370|374|122|198|4389|1768|934|563|1750|960|1851|1060|2328|946|1595|915|2121|1225|2858|1742|1465|655|503|607|782|487|1609|944|91683|8907|34094|6149|2320|1621|14793|3742|10185|3258|0|237|1384|871|2943|2151|96|116|2373|1893|9780|3544|4474|1894|131|234|3787|2843|1388|1293|7227|2538|595|488|3500|2051|1120|720|1809|1297|203|224|3538|989|3430|978|108|185|36398|5158|194|322|4251|1753|1985|1299|1480|1060|24657|4677|273|295|766|560|365|257|2427|1211|646|487|1778|634|1511|592|1083|515|428|299|0|237|43|98|0|237|224|249|606295|16709|593816|16237|21460|4315|69|113|230|291|13985|3933|391|580|1729|877|59|101|987|757|2248|816|0|237|0|237|620|442|168|204|974|867|517802|16126|1024|749|385|322|56590|7654|15539|4614|32891|7567|405184|14342|4845|2110|1344|638|0|237|54554|7672|2335|940|770|551|6226|1908|1979|949|10928|3750|2012|1154|510|435|5811|2200|273|218|23169|5884|541|521|12479|2302|12479|2302|0|237
314M600US3108011244|953096|14417|53314|5510|14344|2475|199|169|848|451|177|149|1412|964|11334|2170|4585|1359|5535|1366|1214|508|374|331|12293|2376|487|348|672|552|3407|1335|5355|1534|1744|809|628|467|0|218|5750|1430|1042|805|3068|1155|357|300|0|218|1117|575|166|210|20843|3538|425|525|855|522|464|348|621|394|493|462|1225|578|446|355|138|172|60|101|205|249|142|229|2779|1599|4188|1602|2983|877|509|384|4166|2045|1144|738|84|88|502346|10353|148300|8226|71485|5660|46531|4942|4616|1339|20338|3374|12764|2343|63702|6393|349|443|98330|8909|3711|1451|2232|1157|0|218|42178|5891|38397|4747|669|581|5151|4420|4657|1754|917|534|418|444|0|218|229965|9158|1006|679|6255|2002|3496|1341|2005|933|1179|684|57089|4812|477|352|3639|1098|154776|7003|43|71|24908|5005|1077|786|0|218|44|73|2201|1539|2346|1111|2435|1375|1990|1449|2750|1313|573|449|6816|2123|3914|1836|628|411|0|218|134|131|843|678|16571|3118|3401|1331|0|218|834|596|1737|837|0|218|43|72|41|68|524|464|222|254|270|322|0|218|108|184|0|218|162|269|9342|2645|0|218|8641|2657|49|83|123|154|529|736|2084|896|2084|896|0|218|1047|708|0|218|96|115|0|218|0|218|951|704|0|218|0|218|0|218|0|218|427|583|4495|1714|2244|1274|1833|1096|411|353|1345|1231|0|218|0|218|906|765|376370|11432|361480|10683|4279|1540|0|218|0|218|1559|740|0|218|883|666|0|218|497|536|110|183|0|218|0|218|403|364|76|80|751|1068|326906|10580|0|218|1011|714|15904|3565|13936|3142|2660|1267|291205|10142|1690|873|466|497|34|58|30295|4685|4845|2078|1568|888|4332|1861|502|319|5447|1981|1742|795|690|702|9200|2592|1018|831|951|662|0|218|14890|2419|14890|2419|0|218
314M600US3108031084|3220812|28859|160974|8442|38936|3848|1238|451|2803|976|1006|821|1856|630|31128|3373|15376|2399|14288|2356|1464|629|905|449|30742|3412|1246|562|746|401|9723|2295|13992|2091|3300|958|1453|654|282|268|16747|2438|2789|893|8678|1849|1635|814|54|91|3610|1364|35|58|74004|6013|245|277|2655|1162|350|307|2212|987|3084|1190|3694|1227|3226|1088|751|464|938|773|1979|1229|0|218|3854|968|4923|1197|23277|3369|1847|1024|16261|3032|4708|1240|545|482|1165036|13623|447502|12308|271483|9984|184497|8735|27471|3192|59515|5028|33048|4166|141562|7917|1409|1290|193203|11516|2613|1335|11826|3429|0|218|57610|5822|103197|8163|3549|1912|1692|995|7465|2189|2704|1123|1236|779|1311|599|384823|13520|9248|1913|23870|4888|11783|1837|2310|683|2634|713|214580|9619|2361|762|17917|2571|99996|7939|124|118|137953|8516|69763|5618|4414|1780|2569|1382|8067|2326|14173|2859|4888|2032|1077|645|13587|2324|723|466|10176|2780|7276|1761|370|212|0|218|870|544|1555|783|55968|6272|12019|2530|550|426|6193|1918|2653|1269|129|185|504|392|531|384|660|434|799|389|1569|770|1206|739|0|218|230|233|133|128|15988|3048|437|308|12414|2776|1757|1180|458|645|922|686|7486|1972|7486|1972|0|218|17333|4279|0|218|1545|935|211|214|241|267|13357|4004|354|418|1126|802|0|218|499|409|1573|1158|15366|2252|9892|1961|8801|1918|1091|460|2185|970|0|218|255|315|3034|876|1823468|22628|1797847|22288|28293|4143|291|223|626|739|12425|2106|570|878|1584|856|31|52|3499|1691|6042|1885|141|232|0|218|1758|710|874|753|452|452|1664046|23183|11566|2255|4780|1359|259878|11138|191279|11979|42194|5605|1126444|18839|24941|4164|1939|726|1025|512|105508|8357|10513|1878|3540|1244|13669|2628|5085|1381|23132|4019|14481|2664|779|493|24247|3518|1199|655|7866|2900|997|452|25621|2826|25540|2822|81|100
314M600US3310022744|731106|15867|52001|6086|12274|4375|0|239|1342|1414|81|133|1224|708|9556|4061|5382|3540|3888|1375|286|241|71|116|9849|2143|355|379|410|307|3065|1921|4894|1325|916|500|171|173|38|63|6864|1527|907|500|3607|1318|568|360|0|239|1782|629|0|239|22672|3569|183|300|2016|1225|61|101|505|368|275|300|1256|1001|1323|550|0|239|239|234|1294|842|0|239|2787|1310|3345|1167|5249|1893|556|337|2599|1141|984|571|342|420|59321|4458|9701|2629|7839|2470|6761|2383|658|416|420|485|444|273|1418|711|0|239|23310|4488|0|239|2560|1725|0|239|12747|4188|961|690|472|629|482|516|4933|2528|317|236|306|289|532|535|13302|2681|688|698|52|84|0|239|0|239|217|232|6373|2253|65|109|813|574|5094|2101|0|239|11886|2476|283|288|74|125|115|191|226|251|5248|1565|341|454|705|569|788|398|1023|959|740|900|1926|1352|417|455|0|239|0|239|1122|935|10048|2977|2546|1544|40|66|1229|1339|827|627|0|239|0|239|0|239|234|290|216|227|61|103|0|239|61|103|0|239|0|239|3522|1223|381|251|2095|949|898|564|0|239|148|247|1970|2162|1970|2162|0|239|1680|1071|0|239|67|110|0|239|151|263|1366|995|96|112|0|239|0|239|0|239|269|307|728|523|586|475|586|475|0|239|0|239|0|239|0|239|142|241|609008|15591|592118|15538|289764|14743|6504|2369|834|680|66140|6760|1076|712|23215|5913|209|161|88961|9754|85061|7315|2206|1521|271|360|12031|2791|662|626|2594|1927|74617|8476|1904|1442|1885|894|12458|4025|13091|6036|17294|4311|15969|3365|9331|3093|2685|981|0|239|227737|14029|11980|2550|1495|1073|31391|5700|4746|1741|70535|8189|12524|2604|6684|1944|25630|6368|1678|1011|59598|7810|1476|1168|16890|2810|16622|2795|268|389
314M600US3310033124|1451888|18146|48190|4823|5555|1409|279|274|221|190|460|443|331|219|4169|1213|2832|900|1175|633|162|159|95|121|12318|2389|298|196|362|289|5346|1498|4600|1405|505|355|1207|931|0|239|17037|2735|981|822|5553|1246|474|427|0|239|9963|1994|66|112|13153|2223|76|91|583|319|0|239|809|670|257|202|296|221|624|400|179|181|94|110|510|620|0|239|878|601|962|559|4121|1318|358|381|2259|1070|1147|631|127|210|38726|3892|7495|2545|5655|2405|4823|2360|219|214|613|369|439|321|1401|793|0|239|11437|2566|276|358|1267|841|0|239|5625|2036|2142|1136|47|80|0|239|1468|879|118|144|494|388|0|239|10633|3236|17|29|622|656|101|120|54|92|33|54|6121|2114|63|72|795|683|2827|2360|0|239|9112|2100|0|239|296|424|80|134|302|303|2423|971|917|783|145|238|734|449|644|566|951|640|2460|930|61|102|0|239|99|178|49|84|8890|2748|2053|960|0|239|581|481|231|290|0|239|198|366|211|244|190|219|642|586|1347|1175|1228|1158|0|239|74|87|45|76|3502|1812|97|115|1769|1357|961|587|654|804|21|38|896|600|896|600|0|239|969|793|0|239|0|239|0|239|38|63|449|560|405|525|0|239|0|239|77|120|123|200|771|502|366|302|366|302|0|239|0|239|0|239|0|239|405|466|1355311|18510|1348156|18409|794311|20636|4713|1590|201|251|643954|17189|1061|590|39163|5351|342|289|78492|9861|20256|3145|146|176|68|84|4283|1692|180|231|1452|787|202387|9468|349|249|4096|1199|15602|3633|17300|4260|41808|6274|34290|5212|80692|7664|7678|2048|572|493|351458|15031|29422|5044|3713|1573|20906|3147|8331|1917|104781|8659|18836|3788|4314|1971|37103|5067|5899|1965|117356|9590|797|389|7155|2384|6855|2438|300|335
314M600US3310048424|413933|13426|41835|3894|8171|1682|629|691|1104|686|318|294|415|294|4945|1189|2049|786|2360|920|536|552|760|421|9290|2042|553|401|322|283|2764|1150|4779|1207|84|141|788|967|0|239|6193|1405|714|439|3208|1061|1032|591|168|280|1105|514|134|191|18005|2614|381|524|1024|579|91|150|888|844|353|361|864|658|1541|695|90|107|302|436|223|366|131|157|2238|770|1507|658|3332|1802|311|289|3350|1328|1379|743|176|295|37469|3912|7878|1702|4968|1372|3689|1297|576|277|703|541|961|534|1949|995|0|239|12985|3427|0|239|2204|1202|0|239|6044|1690|830|567|1477|1965|47|83|1351|996|299|401|658|486|75|125|10430|2592|139|227|126|169|84|105|28|46|0|239|4832|1782|0|239|498|285|4723|2440|0|239|5600|1369|0|239|257|421|0|239|96|111|1883|614|299|474|0|239|834|447|424|519|230|238|1083|745|293|259|0|239|201|337|576|518|7666|2833|1138|781|0|239|0|239|660|668|0|239|177|295|0|239|109|106|192|226|221|363|0|239|0|239|0|239|221|363|2594|1624|28|46|2012|1510|554|518|0|239|0|239|2789|1970|2711|1959|78|131|924|712|29|48|155|206|73|123|127|216|540|620|0|239|0|239|0|239|0|239|0|239|1351|609|851|435|426|349|425|315|0|239|0|239|22|39|478|398|325612|11378|313885|11394|159266|10055|1636|1042|531|398|35975|5091|248|281|8275|2220|171|286|76537|9510|27727|4496|398|412|135|229|6640|2519|328|414|665|556|75234|7088|199|215|2293|1462|6328|2311|28874|5322|9474|3088|19592|3522|7716|2912|758|373|0|239|79385|7490|2157|887|770|422|16586|3765|2807|952|25352|4079|5823|2211|2164|858|11035|2284|1136|988|11206|3241|349|287|11727|2062|11665|2049|62|102
314M600US3562035004|584797|14864|79728|5956|11270|1858|425|345|4542|1652|180|232|701|474|5135|1271|2106|777|2736|1053|293|210|287|283|8085|1350|550|393|322|268|1157|596|4964|949|435|308|657|620|0|217|29583|4103|5483|1836|19631|3009|2912|1147|0|217|1144|567|413|467|30586|3998|784|678|1015|623|57|96|156|210|625|375|659|443|1364|701|649|582|1116|962|38|44|0|217|10192|2581|2041|1068|4573|1220|467|384|5334|1493|1516|728|204|239|167992|5599|57686|4986|40591|4052|31838|3918|5287|1424|3466|1265|1966|849|15129|2951|0|217|75065|6500|1653|846|7838|2322|0|217|37485|4840|7654|2132|447|461|1554|1372|17998|5346|260|273|160|157|16|27|20672|2793|1384|963|0|217|895|481|161|199|1335|1184|13483|2332|485|544|759|577|2118|894|52|86|14351|3073|103|126|118|136|355|235|241|146|4804|1430|910|940|760|670|520|413|136|130|25|42|4964|1806|468|388|0|217|947|681|218|192|21597|4455|2480|1572|42|50|374|358|41|70|0|217|257|307|0|217|1727|1448|39|62|240|248|112|204|0|217|67|114|61|101|7352|3312|10|16|5568|3083|698|469|0|217|1076|957|1170|738|1051|712|119|201|9625|2979|0|217|2500|1618|0|217|306|373|6494|2029|57|96|0|217|36|60|232|305|730|865|889|451|799|433|731|412|68|113|90|149|0|217|0|217|0|217|314591|12330|309422|11993|96818|8070|119|189|1033|494|1685|760|2082|1868|30147|5067|1445|1405|20716|4104|28081|4870|272|320|211|305|9467|2800|631|667|929|560|117352|8476|270|309|991|595|65831|6494|13570|2988|21293|4725|12082|3290|2071|1931|1244|660|0|217|95252|7810|5331|1734|692|558|4561|2051|2359|1097|24637|3938|29117|5421|11138|2223|12553|3533|1850|1606|2009|835|1005|536|5169|1344|5057|1334|112|133
314M600US3562035084|565008|15052|71294|5315|9221|1755|0|210|1866|690|102|117|311|286|6677|1495|2857|878|2737|1049|1083|550|265|232|5394|1228|478|504|179|181|827|431|2956|843|559|368|395|435|0|210|27867|3378|2606|1047|6205|1448|15382|2786|60|98|3674|1347|0|210|28721|3928|639|387|932|490|293|329|724|565|152|175|1012|587|1393|1038|431|621|915|814|994|1036|688|512|9876|2363|1185|579|2850|1044|267|219|5218|1927|1152|637|91|157|107426|4906|26820|3500|20358|3120|14365|2416|1646|633|4347|1263|697|343|5765|1609|0|210|51941|4497|1345|918|2038|1742|0|210|43026|4132|806|515|219|241|299|382|2816|1527|651|554|430|335|311|423|18051|2510|222|305|92|168|274|270|43|73|634|436|13690|2100|214|266|142|175|2740|1493|0|210|10503|3149|63|110|86|141|1042|1302|0|210|1092|695|242|193|97|162|856|560|221|187|2174|1921|3765|1773|51|90|0|210|814|553|111|132|44354|6556|3148|1756|94|138|274|280|1582|1396|0|210|121|209|428|355|35|60|614|709|1990|1147|784|1055|0|210|223|238|983|598|6766|2285|214|270|5846|2168|659|452|47|84|0|210|1547|923|1547|923|0|210|28335|5678|133|216|7293|2406|0|210|1891|1359|15300|4461|860|796|212|349|565|699|2081|1028|2568|1208|646|370|598|371|539|347|59|96|0|210|0|210|48|83|0|210|341288|13784|337802|13798|111365|9900|147|195|1989|1308|9327|2656|1388|984|37078|5343|1386|1301|31425|5599|18906|3907|123|154|818|956|6945|2831|901|630|932|653|72863|6747|486|462|4980|2121|19460|3917|12002|3411|13500|4798|19684|4065|1962|1162|789|597|0|210|153574|11705|3026|965|617|587|25961|4998|1932|1274|31424|4945|49349|5462|17556|5360|16065|3568|4103|2160|2893|1087|648|414|3486|1039|3438|1034|48|79
314M600US3562035154|535934|14450|78801|6837|9585|1797|155|200|1954|657|345|407|447|483|6608|1607|3530|1216|2525|851|553|342|76|109|9987|2109|1231|701|783|622|754|422|6162|1712|891|593|166|163|0|225|17939|3125|951|583|6736|1417|7616|2213|177|155|2591|1341|45|73|41234|6286|600|643|1002|639|71|118|401|301|469|340|1812|901|1217|607|1252|1228|847|659|1296|826|768|748|12168|3241|1531|713|7677|2533|191|234|7925|2473|2007|1036|56|95|241344|6220|44958|4201|36142|3689|25009|2900|3330|826|7803|1781|1329|433|7487|1950|0|225|153334|6355|577|462|3201|1403|0|225|129610|6251|1331|787|360|201|1108|752|10633|2470|3951|1923|2173|1472|390|340|27688|4352|707|861|225|241|367|308|77|89|610|363|21262|3934|322|233|624|510|3494|1300|0|225|15136|3974|95|55|410|482|1209|1398|319|356|5097|3170|607|523|362|422|1037|550|1176|701|526|401|3122|1162|471|397|0|225|705|601|228|224|25734|4287|1763|839|0|225|46|78|999|673|0|225|421|396|135|130|48|78|114|143|678|688|0|225|0|225|361|539|317|397|8768|2248|278|272|7754|2142|398|277|338|364|0|225|970|793|970|793|0|225|13281|2999|0|225|7589|2785|0|225|358|386|3888|1812|0|225|1224|1528|99|163|123|205|274|278|730|421|497|355|497|355|0|225|75|126|82|134|0|225|76|128|189325|9746|180545|9419|67278|6780|551|437|412|581|3562|1138|177|217|43835|5201|503|479|5593|2462|8633|2534|0|225|105|177|3328|1176|68|117|511|350|61207|7239|155|272|7360|2231|7030|2605|7949|2436|7208|3494|28434|4950|1788|1227|1283|828|0|225|52060|6402|2183|630|81|94|7736|2195|1558|1217|13529|3120|8078|2145|3991|1343|8843|2454|1404|1268|4316|2173|341|313|8780|1610|8780|1610|0|225
314M600US3562035614|4164157|38012|562433|15245|70650|5579|2268|1021|21062|4050|2960|2490|2479|779|40247|3489|23209|3340|15143|2215|1895|733|1634|717|63039|5181|2864|1006|3411|1416|24785|3878|24394|2931|3901|1502|3550|1334|134|209|108465|7409|22618|3111|56436|5376|10535|2469|0|210|17743|3708|1133|899|316881|12270|25253|5193|16545|3404|2990|1311|5931|1388|4565|1218|5673|1500|7886|2050|1711|775|1999|1123|5804|2171|4266|1754|50429|4403|10754|2216|59251|5585|3498|1379|76731|7430|33595|5362|3398|1618|1240519|18120|584371|12241|446187|12184|385264|10787|36195|3558|24728|2969|31932|3727|106134|7173|118|155|375953|15513|5644|2871|104219|8251|422|589|143944|10000|9799|2157|8109|2875|15630|3202|45143|5604|5625|1979|29174|4605|8244|2393|155380|7546|6883|2674|3069|1365|7453|2211|361|293|7879|2163|100255|6471|2971|994|7760|1648|18487|3485|262|282|117230|9488|4919|2039|3781|1571|14617|3904|809|405|28297|4595|5164|1612|2674|1213|9253|2878|1957|748|10593|3162|19375|3328|1837|758|11292|4454|2662|818|7585|2308|222476|15349|19341|4131|810|755|5737|2114|4199|1504|556|517|850|938|1253|1174|938|690|4998|2028|6110|2292|1930|1134|2041|1963|1603|940|536|487|60410|8238|4311|1586|35700|5629|13762|3007|2711|2204|3926|4004|6980|1930|6900|1937|80|134|121665|11199|540|624|39317|6757|8601|3373|3448|1580|29061|4092|9398|2904|3353|1701|4461|2714|23486|5587|7970|2497|11329|2834|9883|2564|8941|2396|942|578|0|210|0|210|0|210|1446|1391|2127400|30442|2091527|29806|1049043|28646|1475|659|19238|2981|39919|5631|7054|1842|563254|23652|16778|3442|92945|9704|186377|11420|9984|3103|10314|2608|79268|6997|7502|2420|14935|3045|414285|16982|6922|2084|7717|2354|48268|6793|63904|8117|41765|5425|221979|13740|9235|2473|14495|2581|0|210|628199|19571|15237|2901|4226|1392|30436|4292|7303|2028|133665|8721|182317|12447|147704|9941|66956|6827|7504|2539|24868|3573|7983|2917|35873|3457|35666|3475|207|248
314M600US3798033874|215016|8646|43823|4752|8762|1640|110|78|1444|463|183|242|337|354|6688|1474|2685|795|3049|989|954|671|0|190|5308|1143|312|262|356|414|1073|537|3040|751|527|320|0|190|0|190|5361|1322|644|470|2841|1038|1039|744|0|190|505|370|332|353|24342|4250|1647|1118|1253|872|416|408|695|768|107|135|753|879|463|467|163|266|276|215|490|347|0|190|2568|1196|1098|761|5015|1323|135|219|7616|2451|1647|949|50|83|102407|4119|31813|3143|18002|2302|15113|2155|808|455|2081|946|1209|727|12602|2038|0|190|51217|4661|229|269|4668|3184|0|190|39214|4143|1241|609|453|362|438|459|2574|1138|597|574|1363|1113|440|655|12596|2480|0|190|867|584|124|141|72|113|601|408|3613|1223|589|390|523|394|6184|2233|23|39|6582|2031|181|174|93|109|1657|1464|322|285|512|369|168|285|349|443|1790|1317|58|97|26|44|984|792|199|206|0|190|243|202|199|200|15174|2955|2905|1193|0|190|1278|1019|1063|605|195|310|109|174|89|171|60|117|111|137|849|1075|0|190|0|190|105|181|744|1050|5754|2299|1188|702|3239|2224|1327|778|0|190|0|190|954|1037|954|1037|0|190|3804|1500|0|190|984|1002|0|190|286|362|2416|1103|0|190|118|202|0|190|0|190|908|812|617|404|617|404|425|352|192|209|0|190|0|190|0|190|0|190|52995|5001|49336|4997|12701|2595|92|109|119|198|1425|720|51|86|3562|1226|0|190|1166|842|5077|1916|0|190|53|89|1074|655|0|190|82|97|23598|3658|0|190|1466|1236|1323|1342|2725|1155|1561|1175|16259|2541|215|252|49|79|0|190|13037|2977|347|298|237|309|2679|1202|976|850|1439|749|3336|1983|1267|999|1412|1192|0|190|1342|1019|2|1|3659|1056|3505|1045|154|247
314M600US3798037964|304230|13931|45022|4844|5400|1400|30|49|1360|654|85|145|582|413|3343|1109|1787|759|1370|699|186|241|0|190|4966|1095|76|91|83|98|1271|638|2809|878|264|166|317|279|146|177|7429|1700|1906|863|3536|1074|798|552|0|190|1189|905|0|190|26899|4238|4647|1731|1733|1044|0|190|583|520|303|238|27|45|203|198|274|225|474|519|272|361|0|190|2668|1247|166|166|2839|1033|498|351|7258|2756|4954|1914|328|443|116199|4601|39062|4851|30961|4430|28463|4316|1189|674|1309|676|696|434|7166|2356|239|227|34752|4482|173|192|5630|2056|426|509|16557|3002|1123|826|76|123|1336|1092|3957|1980|319|405|4854|3562|301|388|32562|4694|428|412|6392|2203|1729|1027|161|145|424|363|6602|2138|401|384|1765|802|14641|3765|19|30|7789|2456|121|154|427|480|538|503|1006|1289|2119|1306|367|436|0|190|232|225|572|509|721|447|949|583|0|190|737|1133|0|190|2034|1798|39038|6489|4645|2554|0|190|2630|2026|1323|1568|0|190|159|190|44|9|0|190|489|756|867|831|521|758|64|107|218|284|64|103|3614|1631|1779|961|120|106|845|660|588|819|282|465|526|423|404|368|122|208|24823|5466|0|190|3530|2136|726|538|11976|4237|3141|1724|161|195|2250|1480|1490|1520|1549|1331|4563|2539|875|569|560|329|456|302|104|137|39|73|0|190|0|190|276|461|103096|10397|99258|10155|56263|9440|0|190|383|576|616|586|66|109|34555|7535|266|268|6015|2432|11054|3236|134|163|211|285|2553|1414|0|190|410|270|18986|5166|102|127|1268|1159|1672|1106|2934|3084|3386|2705|7451|2705|2114|1489|59|100|0|190|24009|5895|1306|777|0|190|8202|3651|497|512|4490|2313|1516|679|1702|2112|1868|1077|166|264|4114|3311|148|231|3838|1272|3838|1272|0|190
314M600US4186036084|871732|16542|58225|5657|13597|2477|296|373|845|463|480|347|1260|1216|10465|2014|5477|1703|4236|1106|752|429|251|208|14129|2200|456|240|796|507|4537|1594|6814|1501|1168|647|358|209|0|218|6598|1259|595|453|2022|655|2000|706|416|355|1696|771|285|218|23797|4419|395|485|1584|1111|900|663|1212|856|773|558|474|324|232|239|353|299|149|177|780|467|0|218|3718|3286|1616|794|5266|1434|0|218|4915|1832|1430|935|104|120|513100|10339|176129|8982|145702|8208|107325|7640|20472|2791|17905|2422|5899|1196|21963|3728|2565|1298|174310|10650|14164|3966|2109|1275|98|161|131078|8671|11669|2785|1252|986|6248|3192|5306|1669|1368|1095|427|347|591|578|147852|7230|3760|1254|3336|1247|4114|1364|2520|858|2827|902|94756|6422|1277|616|2647|982|32615|4292|0|218|13770|3354|409|404|460|681|0|218|502|419|2790|1185|776|577|1356|1013|1211|716|726|511|137|139|1620|627|436|260|3222|1948|125|119|1039|561|27643|3931|8488|2376|2169|1627|2921|1272|1925|949|0|218|150|187|1119|1293|157|206|47|72|363|273|193|213|0|218|46|77|124|148|6293|1996|3027|1656|2063|926|974|735|0|218|229|275|910|445|910|445|0|218|11042|2906|0|218|1856|1136|495|422|469|537|6138|2469|481|620|548|660|692|1117|363|382|547|624|9321|1724|2463|580|2028|526|435|244|4652|1440|0|218|0|218|2206|858|263443|10073|254088|10058|4607|1449|134|168|0|218|1159|636|0|218|734|624|0|218|519|461|1100|969|163|263|0|218|463|354|0|218|335|248|223749|9349|522|695|699|520|30376|4446|22504|4282|4493|2434|154416|8404|8852|2426|1797|1340|90|147|25732|3832|1512|688|320|256|6448|2220|2663|1572|3475|1163|321|238|161|154|9024|2383|303|288|1292|643|213|227|9355|1368|9277|1352|78|132
314M600US4186041884|529669|10981|58696|5178|15562|2515|610|414|2683|882|50|85|2202|1737|9594|1753|5797|1633|3603|1129|194|183|423|388|12328|2248|430|325|529|331|4177|1129|5633|1378|822|417|692|428|45|75|8551|1646|1309|722|4125|1140|688|640|54|91|2170|906|259|253|22093|3366|150|208|1352|849|207|191|851|584|299|235|263|238|458|371|0|218|136|176|717|742|0|218|735|405|848|433|6957|1955|390|299|6229|2273|2501|938|162|262|320850|7805|178930|7596|159714|7833|124532|7254|23381|2922|11801|2578|8230|1832|10062|1914|924|722|37390|4784|396|389|522|455|0|218|25797|3261|5405|1525|279|256|2750|2199|1105|748|806|895|293|285|37|62|95163|7022|4808|1411|1399|533|2336|847|737|534|2352|903|62090|6274|1805|607|3476|1122|16024|2372|136|231|9170|2122|181|184|496|525|143|182|1239|955|1218|544|485|408|256|176|1022|632|568|471|256|215|2506|910|151|176|503|368|146|189|197|179|9695|2409|1495|610|0|218|556|412|433|257|173|280|76|128|0|218|168|261|89|105|296|303|296|303|0|218|0|218|0|218|3605|1175|340|336|2160|999|509|446|45|81|551|392|885|443|885|443|0|218|3068|1730|0|218|46|5|0|218|233|425|877|562|414|523|0|218|0|218|1498|1587|346|454|8500|2089|3298|1155|2770|1094|528|388|2315|1323|0|218|0|218|2887|1713|131928|7419|120634|7324|2689|1003|279|156|0|218|1240|613|0|218|314|338|0|218|53|91|613|591|0|218|0|218|133|139|0|218|57|93|96782|7249|147|194|493|381|18214|3390|9286|2995|4390|3381|56310|5664|7124|2344|818|597|0|218|21163|3586|1116|609|265|297|7853|2281|926|533|4036|1772|399|302|237|324|4669|1690|408|387|1047|701|207|235|11294|1935|11294|1935|0|218
314M600US4266042644|734032|15309|93264|7308|16169|2376|504|295|2287|1435|427|262|891|451|11740|2106|6740|1543|4486|1256|514|311|320|243|14548|2414|742|406|853|665|3372|1086|7290|1767|1568|781|683|701|40|67|4762|1547|477|378|2548|1178|201|187|0|214|1536|676|0|214|57601|6463|730|514|3117|1373|2480|1246|1716|715|409|297|855|520|489|400|472|300|0|214|1884|1247|160|205|4194|1513|5571|1973|14665|3458|300|262|18310|3937|2249|965|184|232|416645|9710|151818|8491|105560|6820|83235|6612|8197|1483|14128|2231|10205|1553|34709|4021|1344|905|128890|8662|3298|1701|2062|1246|374|382|104721|8409|7967|1713|848|500|1163|802|5029|1834|572|648|2728|1483|128|155|119808|7794|2668|1273|5776|1722|5099|2440|3378|1245|1817|619|42407|4958|943|644|10926|3297|46794|5607|0|214|15877|3853|370|376|1698|1487|370|375|5460|2900|1946|1168|1061|735|343|386|866|474|643|429|671|557|1859|730|143|174|59|99|388|329|252|213|62526|6362|42163|5974|4324|2337|18809|3731|8560|2329|6289|2601|201|249|1895|1194|162|167|1923|1370|999|699|259|346|84|143|656|498|0|214|5425|1707|482|378|3170|1176|1026|975|332|530|415|416|3467|1436|3367|1429|100|120|9921|3455|0|214|2164|1430|306|373|863|805|3353|1381|146|175|178|285|0|214|2911|2865|551|644|13658|3462|3750|1185|2537|1148|1213|550|923|580|2226|2133|4625|3137|2134|915|147939|7752|123544|7334|4777|2157|174|289|0|214|1102|778|122|196|0|214|0|214|745|660|1947|1821|157|267|0|214|290|266|77|132|163|267|95800|7429|53|89|687|497|4981|1758|5870|2781|6666|2983|76309|6255|168|129|669|382|397|582|22967|3578|1234|731|653|388|9991|2762|1022|517|3894|1540|257|232|0|214|3014|1486|429|507|2186|1783|287|274|24395|2997|24395|2997|0|214
314M600US4790023224|398909|10022|37742|3177|5988|1487|221|168|331|255|116|141|283|186|4700|1355|2800|1144|1543|666|357|305|337|389|8422|1558|283|178|308|301|2809|894|3793|1038|495|288|734|498|0|224|5093|1039|751|414|1664|602|1569|756|0|224|1109|614|0|224|18088|3253|999|770|539|583|48|79|1081|972|90|150|718|524|213|161|181|219|28|46|851|1379|165|271|1340|619|1746|1276|5299|1563|620|607|2597|965|1573|941|151|249|144693|5545|50797|4048|34375|3761|26834|3618|2265|723|5276|1251|2606|1581|13679|2622|137|229|58418|6024|1175|1085|5519|2645|0|224|30870|4749|10660|2489|272|246|4779|3193|2872|1492|1688|854|303|273|280|285|27190|4291|1516|908|666|424|2492|1941|215|225|632|498|10988|2736|190|255|1944|803|8547|2078|0|224|8074|2303|611|602|411|341|0|224|309|322|1324|562|65|111|313|240|1346|1212|484|418|316|256|2066|1022|456|418|0|224|373|615|214|238|70755|6496|36729|6974|1960|1266|29311|6714|2728|2262|0|224|764|729|458|384|770|617|738|589|7602|2331|7107|2283|129|209|173|230|193|152|2752|1416|244|335|1152|606|353|251|946|1116|57|95|2521|1605|2101|1493|420|512|20079|3434|0|224|7963|2073|970|740|1186|714|4356|1489|1552|817|812|659|575|429|2665|2011|1072|646|622|352|622|352|550|329|72|119|0|224|0|224|0|224|0|224|145097|7090|141920|7087|13714|3332|544|517|157|190|1011|565|0|224|3490|1304|203|253|2455|1960|3486|1396|0|224|253|318|1208|648|698|638|209|157|84727|6555|0|224|669|522|45961|6576|10168|3487|14959|4609|8007|2186|3506|1714|1457|973|0|224|43479|5427|1612|691|7241|3133|8619|3370|1584|938|5989|1960|3139|2011|1569|834|9360|2635|108|138|4147|2386|111|135|3177|860|3014|827|163|273
314M600US4790047894|1136338|21654|77445|5933|19002|2309|534|284|1890|677|552|339|1257|536|14068|2025|7014|1539|6304|1322|750|362|701|526|18032|2205|312|214|801|466|4344|1149|9388|1428|2238|1041|722|475|227|369|11322|2064|2199|819|4642|1443|1094|528|0|210|3322|1523|65|108|28895|4279|2946|2162|1476|903|820|628|1474|750|550|434|502|283|709|369|1022|486|369|249|689|599|180|229|1615|641|2855|929|6904|1680|586|428|3292|1105|2906|1082|194|189|402192|9173|99796|7514|44654|4292|35657|3809|1763|634|7234|2226|7222|2127|45698|4432|2222|1525|173259|10197|24468|3908|12016|3512|46|95|85509|7192|13710|2174|1231|604|12633|3835|19759|3971|1690|1594|1464|963|733|647|93948|6454|922|579|3105|1638|3988|1555|1132|614|2961|1385|39117|4467|529|388|6765|1886|35390|3932|39|66|33295|5154|324|394|345|361|211|187|7260|2230|3500|1288|1332|584|1286|574|2409|836|4425|2632|2707|1345|6864|1916|614|361|866|727|1152|718|1894|877|199090|13845|67539|9638|6028|4004|46332|7513|3671|1231|2684|2100|627|425|3332|2223|2941|1667|1924|902|21449|5243|18272|4721|819|745|1478|868|880|838|23263|4887|1096|616|7535|2821|6076|1783|7448|3346|1108|662|4305|1399|4117|1376|188|255|77425|8866|168|260|24303|3670|1955|1352|3746|1732|28948|4929|1062|910|12690|3405|3047|1901|1506|974|5109|1975|3318|1274|2582|1026|2142|966|440|385|86|102|0|210|0|210|650|654|454293|13354|444997|13337|53258|7903|343|391|1162|652|4362|1261|171|283|10049|3359|522|500|5326|2156|21477|5360|79|126|0|210|7102|1842|903|804|1762|1162|283877|12594|1004|1245|1630|961|144449|9988|43008|6423|36116|7252|42878|6345|8617|2928|5893|2400|282|341|107862|8306|8598|2564|27561|4238|7406|2286|3026|1044|15335|2877|5700|1615|4175|1631|27253|4378|985|648|7029|2902|794|442|9296|1905|9247|1901|49|81
330M600US122|985681|22437|70468|5541|19180|2863|803|802|1290|623|145|175|531|346|15450|2467|8190|1767|6028|1674|1232|570|961|605|14089|1977|531|410|219|182|3430|852|9046|1642|594|362|269|228|0|210|6865|1734|1479|800|1784|710|932|967|59|96|2588|882|82|131|29940|4176|278|471|489|380|4657|1863|540|420|548|397|578|353|531|439|436|598|251|350|483|408|365|353|2792|1066|6799|2283|3453|942|340|282|5036|1927|2364|990|394|414|315114|8537|96990|6861|48443|5924|41108|5331|1970|960|5365|1543|5826|1847|42498|4322|223|207|128959|6719|3871|2450|5280|1260|542|502|98305|5916|6514|1705|1439|784|1891|971|10021|2602|560|605|399|288|137|225|73636|4864|3587|1730|2830|1202|1859|739|3790|1336|1359|651|14172|2537|670|429|2888|1003|42481|4769|0|210|15331|5058|217|354|326|456|46|78|2218|1070|2454|1057|1235|1531|1954|2514|1836|867|876|580|878|660|2289|1154|805|503|0|210|197|176|198|167|125741|10296|41001|6202|1341|1089|22028|4465|7013|3043|2374|1433|1722|1353|1741|1393|994|610|3788|1302|6329|2318|3097|1325|1069|933|1892|1519|271|294|5597|1855|924|684|2506|1086|1502|1156|464|450|201|195|7103|2613|6796|2524|307|383|63296|7380|0|210|9134|2654|2580|2923|6072|2473|34591|5274|1819|1042|2006|1191|1537|1117|5557|2297|2415|1197|3060|1450|1807|876|1208|573|599|595|57|97|90|153|844|877|262|450|471298|15107|458430|14911|116147|11677|2972|1546|2261|1205|8076|2419|734|603|10817|3298|866|645|24034|5439|50388|7563|591|480|1248|918|9183|3101|496|412|4481|2875|250702|10291|1384|770|1765|827|27514|4926|36109|5840|19667|4370|159247|8434|2957|1635|2059|685|0|210|91581|8540|1494|643|602|450|15723|4207|1637|807|21076|3013|5438|1859|8120|2263|8538|2179|3614|1895|24674|5854|665|529|12868|2153|12492|2107|376|433
330M600US148|1422853|21595|235458|11213|39303|3819|774|435|11527|1659|393|232|1205|613|24765|3121|10591|1918|11412|2215|2762|1037|639|448|28417|3009|874|454|1204|555|7441|1601|13799|2020|2268|635|2746|999|85|147|87189|6462|9193|1898|16557|2793|57368|5329|10487|2093|4024|1343|47|79|80009|7605|14847|3493|2497|975|3693|2345|2829|994|584|430|2124|684|1270|602|1275|706|1471|920|2113|1474|625|604|8338|2132|3293|1115|16304|2982|2361|1882|11591|2718|4794|1509|540|470|416415|8521|155030|8896|122213|8461|101611|7838|9901|2410|10701|2186|9196|2301|23510|3257|111|120|124201|7352|1703|1533|2559|930|403|597|92414|6615|7053|2216|1158|906|7947|2006|7828|2179|1868|1067|599|506|669|377|93693|6649|2388|935|20276|3657|2049|910|7149|2206|1469|631|13312|2205|1983|889|8424|2404|36643|4864|0|210|42942|5710|2590|1699|2666|2018|948|1533|5267|2488|9944|2758|1780|1015|373|361|7683|2425|1036|627|3424|1346|5988|1625|390|318|0|210|853|550|549|393|139505|9205|29723|4663|1198|884|5668|1718|10552|2963|1059|994|1477|1003|6504|2433|677|443|2588|1668|5876|1608|2782|1403|12|2|1002|535|2080|840|21343|3669|2032|885|6662|1958|11335|2871|401|406|913|740|3408|1126|3408|1126|0|210|73746|7492|40370|6258|12916|3091|543|454|5617|2537|9027|2217|909|872|1529|1022|268|386|2567|1129|5409|1833|3851|1349|3504|1305|2648|1153|856|580|114|131|0|210|0|210|233|267|627624|18875|598704|18981|249912|13500|37|64|2861|1225|3269|1044|1332|708|145341|9586|524|541|61712|7940|23183|3999|318|279|396|374|7981|3269|374|348|2584|1076|148169|10231|58|97|4166|1884|44922|7075|53613|7137|18816|4419|21906|3719|2086|1204|1344|648|1258|808|200623|13460|4252|1177|1492|1119|117034|10923|5105|1611|41802|5510|14246|3323|1489|788|7540|2200|2591|1266|4641|1495|431|265|28920|2362|28166|2243|754|541
330M600US172|310012|11249|39073|5226|9067|1625|116|110|366|324|51|83|289|298|7943|1478|3440|1163|4027|1062|476|399|302|317|7675|1813|389|398|345|405|998|722|4963|1514|838|527|142|143|0|210|3719|1188|1492|826|1128|511|236|218|0|210|863|761|0|210|18338|4118|471|558|821|753|1473|1327|185|229|136|178|434|279|176|218|359|399|163|271|480|465|0|210|1402|865|1183|820|5110|2248|222|297|5151|2325|572|544|274|438|88796|4779|12657|2435|8017|2210|6726|2030|500|329|791|651|1157|559|3483|1113|0|210|45566|4747|2748|2763|0|210|66|109|35758|3434|1424|724|49|87|2205|1444|2825|1381|47|79|195|326|249|337|25863|4135|2013|1401|267|265|225|259|2234|943|385|360|5144|1780|110|139|4944|3441|10541|2463|0|210|4652|2087|90|154|92|106|51|83|119|145|136|134|284|265|203|206|973|1255|0|210|273|236|452|275|735|746|899|1211|345|246|58|94|25072|5002|6695|2492|1577|1275|2595|1428|644|690|1021|963|97|161|0|210|494|799|267|438|2638|1585|141|229|285|366|2146|1479|66|114|2159|1264|47|82|1029|810|1023|1001|0|210|60|104|1738|917|1738|917|0|210|9065|2891|130|220|931|728|627|560|3026|1638|2140|1228|982|971|219|382|523|704|487|415|2777|2707|782|714|678|701|185|267|493|668|0|210|0|210|0|210|104|176|156289|6815|150979|6606|20161|3393|39|69|1302|1455|3329|1126|238|392|4924|1386|102|166|287|275|6490|2172|186|238|0|210|2533|1640|55|93|676|519|97301|6059|164|211|1475|705|10781|2630|7206|2946|22675|4781|52440|6086|2020|1662|540|312|0|210|33517|3964|1139|641|794|1108|3936|1696|356|354|12975|3101|4345|1922|1031|989|2513|965|573|478|5813|2243|42|69|5310|1403|5310|1403|0|210
330M600US176|1723677|22193|359777|12885|25235|3049|558|379|5280|964|618|328|972|549|17224|2707|8452|1935|7466|1610|1306|742|583|450|27039|2923|2022|721|854|401|4737|1770|17273|2336|1111|448|1042|743|0|210|34133|3503|12620|2562|18217|2834|509|512|0|210|2787|1191|0|210|272023|11837|7122|2793|4727|1776|11291|2921|13406|2734|5417|1597|3097|1124|2155|854|2136|778|9910|2200|7703|2437|5208|1730|120639|7358|15280|2871|13747|3323|9743|3082|32216|5197|8226|2989|1347|689|514181|10813|122650|6608|76754|6191|63655|5424|4978|1241|8121|2051|8904|1777|34412|3871|2580|1026|213354|9296|2377|1523|4635|2158|257|308|160832|9850|6709|1759|1134|826|2899|1141|29358|4723|1722|1517|173|168|3258|1614|120922|8003|2430|1362|2394|1480|1747|1105|2325|939|2970|1864|85669|7088|922|522|4779|1459|17686|3224|0|210|49055|6518|132|217|843|632|285|291|12754|2943|3783|1339|8157|2263|1775|766|3253|1283|3235|1572|7932|3035|4958|1433|977|797|697|507|274|186|8200|2262|64248|7385|14082|2930|603|497|4346|1906|3672|1441|964|639|733|388|1051|526|1209|814|1504|690|3019|1694|1178|1250|295|278|653|647|893|903|10667|2987|1921|1514|3928|1434|3095|1686|100|188|1623|1506|3163|1383|3120|1383|43|67|31379|5780|0|210|5853|2025|503|551|622|535|20794|4272|347|378|344|441|390|419|2526|2765|1938|1249|3797|1413|2228|877|1785|780|443|389|241|239|0|210|0|210|1328|1156|781674|15162|766458|14924|22171|3181|119|140|167|189|6119|1659|0|210|2494|1099|0|210|5030|1911|6553|1806|154|259|0|210|1314|718|221|268|0|210|672190|14409|6969|2212|671|371|11004|2792|22143|3678|13236|3174|612954|14082|3310|1388|1903|1453|0|210|72097|8392|2163|796|1562|832|8316|2315|2697|1142|20639|4573|13767|3514|926|583|5884|1527|532|510|15339|4650|272|211|15216|2414|15163|2414|53|88
330M600US184|174941|7226|52140|5451|4749|1152|203|233|608|327|0|208|218|206|3528|1032|1081|535|1814|706|633|340|192|254|8046|1426|541|290|387|481|470|326|6051|1335|554|257|43|69|0|208|6296|1565|2096|906|3825|1247|0|208|0|208|355|322|20|33|32857|4537|2564|1641|427|275|2554|1076|520|498|1688|646|256|218|1259|647|131|168|51|87|1370|1229|178|177|1960|781|3624|1289|4077|1366|2930|1352|6607|1897|2661|996|192|196|71125|3889|16828|2897|12158|2513|9888|2111|1294|823|976|574|527|347|4143|1206|0|208|31882|3693|437|270|573|774|5770|2329|15446|2285|1590|947|459|306|5042|1655|1253|751|237|236|994|1063|81|134|12625|2597|586|470|1018|665|663|535|402|379|576|534|4795|1390|269|319|1491|823|2825|1485|0|208|9154|2158|120|153|17|29|0|208|1269|889|897|968|1566|1142|398|431|1627|721|1453|970|1254|623|181|207|56|92|95|151|221|232|636|506|14919|4187|4651|3175|0|208|475|358|744|583|327|554|918|1461|1628|2080|226|359|333|534|1095|917|343|465|434|543|318|539|0|208|3475|1479|89|146|2040|1274|635|769|332|327|379|503|271|259|271|259|0|208|5136|1868|0|208|712|452|886|990|727|747|2259|1077|63|110|86|72|0|208|403|505|291|435|387|238|387|238|387|238|0|208|0|208|0|208|0|208|0|208|36370|4276|30343|4298|4523|1344|91|154|101|161|842|436|0|208|1282|684|0|208|287|380|1574|832|0|208|137|184|103|172|0|208|106|176|19150|3989|159|155|472|428|1124|708|1936|863|3264|2550|10902|2703|429|363|864|949|0|208|6670|1502|596|357|0|208|2036|959|41|69|1093|518|506|361|578|379|776|512|139|84|905|688|0|208|6027|1468|6027|1468|0|208
330M600US206|1531652|24454|68960|5012|18666|2720|268|233|1403|514|136|181|445|320|15836|2604|8708|1935|5417|1355|1711|1142|578|535|15866|2402|775|721|164|194|2895|1040|8894|1851|2528|1570|500|321|110|177|6485|1967|893|503|1635|545|414|360|0|210|3448|1752|95|159|27073|3808|527|736|1081|749|1622|964|637|593|137|165|999|570|340|240|282|216|154|176|716|658|1627|1616|2673|994|2444|969|6562|1761|946|763|4005|1536|2321|1428|870|976|473612|9126|79275|5463|43675|4277|31007|3630|2161|672|10507|2094|6367|2054|29233|4016|0|210|243924|10544|6112|3722|8423|2673|688|762|169049|9329|10323|2389|369|430|20725|4529|24793|5277|1932|981|688|437|822|736|118952|7045|4915|1867|6011|2313|2209|845|4863|1866|2979|1061|26732|4026|837|436|7644|2002|62762|5659|0|210|29253|4748|523|469|370|374|261|258|6011|2195|1030|574|3791|1529|2419|1264|3260|1012|1608|915|2160|1246|3883|2195|1938|1002|637|649|1362|783|2208|1070|135206|10344|44919|7256|2627|1710|15630|3889|14415|3836|373|428|1832|888|3776|2373|176|182|6090|2860|17837|5251|5187|2000|3814|2108|7230|3723|1606|1326|13459|3436|1157|884|6912|2602|1555|925|3390|1766|445|406|5406|1520|5298|1495|108|185|51260|6200|194|322|7103|2289|2579|1557|2352|1405|35065|5615|344|315|766|560|430|284|2427|1211|2325|1255|3626|1322|1894|652|1466|585|428|299|126|193|43|98|1018|1289|545|517|850248|19634|834363|19244|29046|5246|351|472|357|359|17424|4224|480|671|2328|1103|59|101|1565|969|3919|1269|0|210|0|210|994|578|168|204|1401|1065|737069|19105|1182|773|984|866|66718|8231|21520|5393|40452|8353|598701|17488|6044|2418|1468|645|0|210|68248|8444|3539|1395|770|551|9337|2325|2119|966|14165|3818|3866|1406|745|567|7010|2302|427|337|25729|6140|541|521|15885|2601|15799|2589|86|104
330M600US216|424376|13760|56049|5298|11725|2006|344|262|991|541|381|346|974|495|8832|1808|3225|1232|5172|1313|435|294|203|172|12423|1964|580|291|395|325|2560|1243|7460|1252|1035|441|393|272|0|218|3156|1055|566|463|1293|734|242|237|0|218|1055|550|0|218|28646|5065|84|141|1799|1188|1020|451|1146|615|336|265|1340|538|1066|755|119|113|837|621|690|831|0|218|3566|1352|1623|937|6383|1907|39|66|6424|2177|2174|1333|99|170|105201|5093|30697|3712|15604|2750|12973|2622|885|503|1746|587|2959|921|11402|2757|732|559|37074|4840|2987|1818|272|234|1166|929|22194|3473|3883|1482|358|417|4141|1755|928|581|147|228|620|607|378|339|30006|3312|1165|652|1069|626|1742|862|2149|946|426|436|8295|1941|142|177|2648|863|12370|2211|0|218|7371|1971|136|225|56|97|0|218|2423|1386|1077|569|349|285|94|117|568|410|164|183|1245|810|532|304|622|606|0|218|105|168|53|90|42861|5434|21336|5375|2574|1383|15039|4794|1192|625|555|774|0|218|730|635|0|218|1246|923|3485|1332|804|691|1074|1043|649|588|958|629|3764|1538|582|661|861|878|995|669|722|610|604|616|1612|769|1536|739|76|136|11955|3981|0|218|4220|2994|473|494|1019|1132|1289|854|764|912|50|88|838|801|3302|1851|709|647|3578|1023|3398|1043|2229|817|1169|644|0|218|0|218|76|105|104|99|216687|11310|205068|10871|2954|1142|0|218|0|218|1012|714|0|218|737|463|49|89|341|348|332|272|0|218|0|218|435|512|0|218|48|45|176141|9963|327|379|622|427|8909|3812|6483|2379|5312|2416|152790|9057|939|531|759|496|0|218|25973|4952|1889|1035|216|214|4517|1459|2034|1005|7211|3497|1202|685|45|76|3673|1481|0|218|4926|2998|260|310|11619|1766|11554|1755|65|110
330M600US220|506103|13097|87437|5914|10688|1779|366|313|1171|699|382|227|428|296|8179|1442|4319|997|3019|778|841|402|162|160|11949|1882|512|315|527|295|1206|484|8507|1625|1034|480|163|208|0|184|10827|1683|2906|849|6835|1441|48|78|0|184|528|323|510|306|53740|5550|12979|2823|1044|710|2517|1315|1112|545|337|280|1456|955|757|546|164|142|141|141|140|163|2914|1321|7350|1446|5873|1616|4629|1328|401|351|6009|1935|5917|1444|233|311|302209|10039|50417|4142|27242|2906|23415|2824|1284|547|2543|727|9360|1965|13663|2415|152|235|102703|6341|784|651|21614|4024|0|184|66823|5490|3306|1049|309|494|568|576|8632|2460|339|349|226|242|102|167|25069|2868|164|196|372|316|637|372|1347|814|570|368|15805|2323|182|149|1404|622|4588|1637|0|184|122268|9031|681|904|145|151|0|184|51667|6285|831|416|3627|1417|738|495|25337|3402|1628|771|6394|2328|1051|527|1002|712|27798|5754|1369|1020|1752|852|22911|3611|3773|1626|0|184|761|881|1442|859|79|130|66|79|107|158|180|192|1138|905|1972|1379|926|786|0|184|144|235|902|1097|6172|2006|954|874|2291|951|1137|898|33|55|1757|1223|977|609|791|547|186|307|9490|2937|0|184|1872|1877|1161|852|164|160|4022|1955|1313|1004|249|226|0|184|709|687|527|382|1586|814|1586|814|1288|772|298|239|0|184|0|184|0|184|0|184|91960|5537|66939|4855|7338|1509|0|184|33|58|2006|677|0|184|593|374|0|184|572|567|3123|1097|0|184|91|148|710|529|36|71|174|203|48263|4196|210|349|721|642|1471|949|2719|1141|5233|2342|37062|3845|656|520|191|145|0|184|11338|2182|720|424|153|126|3028|1176|273|251|3127|1156|468|287|125|139|1314|915|183|182|1426|801|521|394|25021|2670|24960|2672|61|106
330M600US288|1776696|36654|71096|7066|23369|4235|785|575|427|270|1279|837|1551|748|19128|3657|9481|2771|8352|1891|1295|604|199|250|16237|2408|426|228|337|421|4383|1167|9241|1907|1450|664|292|254|108|180|7791|2302|1923|965|3023|1554|262|324|0|237|2583|1202|0|237|23582|5170|936|709|367|395|693|433|786|668|404|530|828|759|990|570|301|314|0|237|504|611|378|633|1857|875|1521|726|7131|3743|381|437|5241|2911|1264|623|117|192|456672|12538|98407|8187|76166|7667|57067|6919|7133|2782|11966|2279|5652|1964|16353|3810|236|261|175872|11972|6734|3447|4333|1828|0|237|107833|9297|10364|3145|886|371|2222|1058|39689|6501|2878|1551|412|445|521|390|142056|7781|1297|778|3717|1356|4776|2047|1238|1277|4053|1622|37315|4504|1668|956|3175|1284|84817|6329|0|237|37837|7923|40|65|881|652|645|641|4199|1726|2012|1054|3232|1845|1172|634|4092|1247|4041|1967|2241|1319|10003|7365|3608|2176|243|325|1428|1274|2500|1401|106717|13310|15222|3754|711|637|3982|1744|4117|1874|166|310|777|442|824|798|268|259|4377|2416|8963|3925|6723|4000|741|1040|344|346|1155|784|11470|3552|1051|641|4826|2548|1862|1143|2164|1748|1567|1093|9748|8141|9748|8141|0|237|60098|8440|0|237|2788|1342|366|461|1475|982|44785|6793|3826|5042|2121|1183|383|394|4354|2190|1216|886|2897|928|2404|860|2119|803|285|272|152|167|0|237|168|202|173|210|1139314|29116|1117808|29114|70191|8930|1036|1122|330|290|37578|6663|3529|2600|5017|1777|198|231|2158|1510|7409|2609|1433|1011|0|237|7513|3614|958|810|3032|1329|919959|26141|1146|822|2804|1166|149831|14777|58936|9542|104673|12614|590021|25696|10108|2570|1943|829|497|591|127658|12132|7343|2042|2624|1833|9015|2075|2452|1161|34292|5323|8420|3145|1179|647|6564|1998|1254|866|53438|8901|1077|910|21506|3092|21317|3105|189|195
330M600US332|509201|12747|34645|3795|8335|1864|256|219|568|291|120|197|546|422|6801|1726|3013|927|3422|1253|366|233|44|74|7074|1423|543|331|183|219|1954|897|3512|962|598|543|284|227|0|228|3285|963|329|459|1882|709|292|377|0|228|782|482|0|228|15711|2967|0|228|479|585|2104|1736|1213|864|352|381|269|253|435|318|533|451|246|245|282|238|50|85|1376|709|2182|1038|3458|1531|425|458|1232|707|1075|579|240|402|175034|6111|38354|3855|24202|2880|15936|2319|2721|870|5545|1333|3500|1100|10652|2136|0|228|17578|3868|1358|888|116|193|223|371|6613|2563|6008|1973|80|137|339|381|1533|931|692|620|492|439|124|210|110650|6341|38|65|1002|659|1402|731|1421|823|989|591|89454|6633|172|285|6234|1528|9938|2701|0|228|7780|2482|1357|979|0|228|170|210|1101|903|1061|729|464|385|56|90|1424|660|339|402|1021|1089|471|383|40|61|0|228|276|266|672|553|15948|3770|11806|3550|145|184|8451|2793|1241|1018|398|651|0|228|682|974|664|985|225|326|0|228|0|228|0|228|0|228|0|228|2479|1194|89|151|969|666|996|851|186|259|239|243|102|175|102|175|0|228|1537|1064|0|228|37|62|0|228|0|228|813|690|0|228|307|498|380|603|0|228|24|52|3235|1126|1412|680|1188|675|224|191|288|275|0|228|200|282|1335|1205|280339|9311|270469|9365|35896|5469|0|228|39|65|30607|4991|0|228|1861|1020|0|228|461|382|774|579|0|228|0|228|1246|925|0|228|908|912|217556|10789|1448|898|1310|778|19557|3883|10473|3228|5389|2733|173573|9273|5180|2407|626|428|0|228|17017|3826|2162|1256|497|367|3005|1224|1218|619|3868|1533|555|452|127|130|3899|1960|101|121|1349|908|236|249|9870|2171|9870|2171|0|228
330M600US348|5377670|36813|264699|12108|69060|5919|2205|968|5249|1455|1447|834|3603|1141|55170|5379|24769|3398|26776|3235|3625|889|1386|554|55909|4604|2434|704|1625|764|14678|2715|26803|3033|7503|1520|2584|803|282|268|28905|3090|5004|1213|13874|2412|3608|1139|305|325|6043|1746|376|304|109959|7072|1075|683|3510|1239|1196|763|3429|1245|3806|1321|6221|1629|5421|1372|1212|546|1283|778|2328|1276|425|459|8127|1961|11712|1950|28209|3558|3475|1620|21503|3518|7027|1534|866|586|1964743|19768|683833|17628|402344|13303|270926|10793|36593|3771|94825|7170|50278|4819|229340|12457|1871|1456|346316|16361|10286|2888|15564|3755|0|218|128730|9711|152175|10715|4486|1943|8345|4562|17148|3131|6330|2137|1820|971|1432|596|741027|18418|12373|2298|31933|5594|22023|2824|7291|1458|5035|1192|348377|12666|3180|913|28537|3149|282111|10808|167|154|190086|12184|71536|5869|4414|1780|2766|1403|17139|4501|18161|3228|11243|2863|3762|1673|19870|2915|2033|970|23954|5042|12256|2074|1629|779|0|218|1323|581|3481|1167|95935|8977|20772|3913|933|593|7636|2057|7413|2704|129|185|547|398|1527|828|1356|629|1231|489|1967|838|1206|739|112|184|303|262|346|313|33720|4490|437|308|28036|4224|2920|1483|581|663|1746|1010|10989|2216|10989|2216|0|218|25943|4926|0|218|1993|955|269|236|595|516|20398|4787|354|418|1673|1057|0|218|661|451|2544|1557|25723|3347|14630|2410|12487|2214|2143|715|6091|2351|0|218|255|315|4747|1293|3026570|28290|2969972|27097|43259|5287|291|223|1024|822|19378|2394|570|878|3592|1353|66|83|5600|2333|7053|1948|141|232|0|218|3345|1044|950|753|1249|1187|2750020|30344|12769|2371|8932|1987|317837|12869|234474|13275|54303|6859|2078480|26105|38066|5424|4048|1366|1111|522|176693|12097|20464|3477|6303|1736|20727|3326|6859|1765|38297|5513|21417|3286|1928|961|44323|5364|2305|1037|12616|3630|1454|557|56598|4588|56460|4602|138|140
330M600US370|2716550|29085|155430|9672|29719|4537|908|743|3530|1523|946|567|2150|848|21152|4376|11230|3774|8406|1654|1516|773|1033|451|34440|3781|1493|686|1111|568|11801|2663|15788|2355|2043|805|2166|1432|38|63|31588|3819|2709|1112|13163|2459|2074|892|168|280|13442|2191|200|221|59038|5290|640|615|3983|1618|264|252|2202|1118|885|513|2672|1336|3545|924|269|214|828|609|2027|1098|131|157|7388|1622|6171|1374|13391|2553|1225|606|9699|2164|3718|1099|645|554|147264|6753|28082|3910|20886|3681|15987|3296|1527|543|3372|1669|2025|757|5171|1465|0|239|49642|6419|276|358|6053|2198|0|239|25072|5083|3933|1451|2094|2086|529|520|8617|2704|734|496|1727|758|607|550|40093|4840|1012|910|1007|801|185|156|82|103|327|284|19866|3857|185|161|2571|991|14858|4110|0|239|27666|3227|283|288|627|609|195|236|624|478|9994|1674|1608|909|850|616|2911|1104|2091|1215|1921|946|5491|1711|771|551|0|239|300|381|1781|1090|29402|5594|5806|2079|40|66|1810|1400|1718|955|0|239|375|366|211|244|602|341|1050|690|1740|1238|1228|1158|61|103|151|155|300|378|9769|2897|546|290|5923|2337|2413|956|654|804|233|283|7558|3331|7480|3320|78|131|4103|1863|29|48|222|234|73|123|316|362|2885|1712|501|534|0|239|0|239|77|120|426|378|2898|971|1851|685|1426|635|425|315|0|239|0|239|22|39|1025|712|2381556|27163|2340845|27084|1287442|25040|13031|3199|1799|825|762328|19175|2385|838|72677|8959|979|535|259296|18272|139934|9213|2750|1596|845|565|24465|4640|1170|780|5783|2313|376507|14009|2539|1461|8402|2311|35031|5741|65259|8837|73259|8244|79521|8091|100639|8479|11285|2263|572|493|676896|24012|44062|5702|6226|1988|72137|8344|16724|2827|205863|13958|39198|5777|14318|3142|75252|8933|8858|2482|191572|12139|2686|1235|40711|4515|40081|4617|630|615
330M600US378|426223|11749|38494|3524|7936|1404|779|530|1096|445|177|146|448|325|5390|1158|2332|866|2647|659|411|301|46|45|8364|2027|351|269|418|325|1357|607|5082|1859|788|366|368|240|0|210|2082|813|164|130|239|183|108|106|23|37|1571|799|0|210|19942|2841|131|220|1271|721|807|431|386|275|109|174|702|666|652|403|846|580|0|210|2439|1103|0|210|941|477|870|486|5384|1288|97|127|4947|1781|360|397|170|262|155908|6344|25756|3039|13840|2304|11137|2240|860|391|1843|684|1732|572|10006|1840|178|246|41697|4496|2221|2313|1182|597|752|641|27379|3626|2829|1476|276|217|3525|1850|1461|669|1026|514|576|727|470|479|80950|5025|8150|2707|4848|1787|494|385|22709|3094|1155|577|9126|1779|205|181|15808|2771|18455|2901|0|210|7421|3104|31|51|79|145|0|210|2751|2939|415|282|448|375|197|162|611|436|681|587|293|311|1080|676|72|89|651|763|112|146|84|134|129732|7588|87265|7660|2471|1348|23097|4234|15536|3185|41744|5947|853|722|1037|604|401|662|2126|1204|5971|2556|5579|2468|107|137|285|261|0|210|3519|1320|74|120|1773|1103|906|545|579|358|187|188|418|308|272|257|146|131|28846|4375|0|210|2481|1080|624|634|10824|3492|8941|2820|173|159|1378|900|808|726|3617|1672|3713|2975|2413|1396|1554|1203|1464|1194|90|107|102|172|80|106|0|210|677|677|99676|5898|90369|5639|3368|913|255|297|189|201|930|449|0|210|469|406|0|210|308|335|961|555|0|210|0|210|147|178|0|210|109|192|62842|4837|192|231|340|268|5065|1948|3849|1202|2601|1135|50042|4322|379|338|374|290|0|210|24159|3291|937|436|18|31|3064|1010|881|597|3938|1155|9125|2833|1951|805|983|490|428|596|2401|1112|433|337|9307|1640|9250|1661|57|96
330M600US408|6443789|43519|903290|20045|118735|6546|3556|1120|32362|4686|3825|2476|4942|1019|71434|4826|38127|4114|28693|3086|4614|1071|2616|846|103077|5877|5704|1373|6116|1717|29843|4048|47688|4380|7653|1814|5824|1553|249|269|215541|11265|35405|4787|105300|7283|44685|4817|254|183|28483|4364|1668|1030|461679|16140|32361|5794|20158|3674|4451|1570|8703|1866|6740|1534|10553|2070|13109|2528|4466|1819|5424|1712|8420|2498|7192|2192|94257|6667|18463|2854|81620|6746|5092|1536|100014|8089|40656|6101|4258|1691|1890573|20567|757207|16969|575037|16350|483292|14462|47888|4084|43857|4486|39200|4080|142484|7269|486|524|713745|20049|12649|3425|122353|9593|422|589|389813|13425|21456|3254|9366|3065|20832|3799|84408|8982|11107|2863|32307|4523|9032|2506|243399|10433|9416|2922|4151|1539|9685|2164|2335|1043|11256|2721|159575|8922|4176|1111|10775|1855|31716|4896|314|293|168033|10879|5272|2033|4447|1655|18397|4673|1877|704|41455|5508|8283|2313|4216|1513|12907|3112|3660|1041|14284|3487|33633|4590|2973|1001|11292|4454|5337|1164|8189|2261|348971|17160|35775|6531|2000|1486|7718|2286|7575|2269|2984|3490|1873|1220|3089|1816|3249|1616|7287|2453|9803|2720|2971|1441|2392|2012|2254|1009|2186|1049|90505|9429|5143|1663|58491|6707|16931|3057|4006|2638|5934|4253|12517|2422|12305|2416|212|242|188516|13082|3190|1701|60064|8693|8763|3398|7681|2555|60028|7352|10315|3000|5106|2426|5634|2799|27735|5811|11855|2814|15678|3135|13861|2903|12296|2666|1565|722|165|141|82|134|48|83|1522|1399|3285277|38313|3222411|37845|1424623|32785|3158|1110|23207|3534|55957|6502|11270|3122|710537|25051|20213|3653|169530|13152|274578|15247|11103|3093|12198|2756|103604|9139|9862|2744|19406|3417|758218|21795|8076|2294|24844|4091|149374|10860|128784|12110|95463|9738|315777|14600|16483|4001|18890|2887|527|855|1039570|26617|29521|3930|6280|1837|94209|7857|16442|3257|220050|11863|305471|13981|184701|11356|116597|10516|16164|3808|39362|4934|10773|3215|62866|4150|62250|4220|616|376
330M600US422|745496|22968|68228|6485|20245|3146|0|239|1701|703|389|300|342|273|17630|2959|8823|1967|7556|1621|1251|682|183|316|13088|2542|344|252|1057|604|1454|785|8314|2008|872|645|1047|974|0|239|9483|1903|1108|492|4141|1306|2339|973|87|152|1634|1016|261|418|25070|3804|625|539|1176|855|1102|904|1528|952|106|177|1481|977|1223|676|280|299|172|235|567|567|0|239|3087|1168|1192|697|5694|1971|986|672|5521|2108|330|236|342|386|114328|5819|23373|3583|17419|3031|14556|2808|785|384|2078|882|2031|1255|3923|1268|0|239|32858|4595|0|239|2593|1531|0|239|21108|3304|3097|1254|1026|995|176|217|4506|2881|212|282|140|186|0|239|44788|4728|761|621|992|651|552|482|1250|768|484|371|21358|3180|136|166|4854|3109|14339|3297|62|108|12883|3433|0|239|0|239|672|578|37|62|1526|611|344|351|1438|1133|1386|765|2328|1841|1834|1219|2532|1196|0|239|228|375|558|526|426|394|20167|3778|3748|1266|238|307|160|262|1097|650|120|198|479|408|126|167|751|925|777|655|729|590|195|249|0|239|0|239|534|652|9326|3496|0|239|4025|1759|3498|1261|1493|2410|310|434|1649|817|1590|803|59|100|4083|1773|132|236|1249|932|158|251|226|273|2098|1282|0|239|49|80|0|239|171|279|632|570|433|310|433|310|371|288|62|100|0|239|0|239|0|239|0|239|542340|21665|525613|21699|201418|13392|2286|1188|1349|792|46174|8467|1538|1343|46200|5765|573|469|51646|8063|35639|5312|634|803|509|531|9322|2135|469|447|5079|2463|101133|10633|568|667|4165|1988|7921|2279|13575|4273|8651|2891|53387|7299|6830|2905|6036|2910|0|239|223062|15619|3971|1525|630|531|36560|5682|4137|2054|51933|7081|10998|2905|16947|4109|11926|2724|1406|1087|83255|11601|1299|789|16727|2437|16435|2418|292|197
330M600US428|849639|20918|125744|7371|20927|2780|140|90|3719|942|330|300|1156|645|15509|2469|6343|1409|7323|1608|1843|881|73|121|17391|2528|559|355|794|585|3579|1073|10809|1755|1100|475|404|314|146|177|21156|2638|4298|1197|11549|1784|2723|994|20|26|2211|1069|375|361|65877|6415|7628|2258|3343|1575|1212|1172|1854|991|479|282|1124|939|1039|622|675|380|750|561|1000|598|272|279|9139|2318|2482|978|10312|2081|1227|554|16267|3653|7074|2029|393|452|320697|7052|91592|6765|63033|5673|54528|5314|3007|816|5498|1525|3727|1188|24593|3262|239|227|130167|7433|708|422|15772|4502|426|509|87286|6481|3035|1072|755|541|2127|1212|11185|2641|1484|849|6370|3741|1019|740|72956|6991|471|414|9219|2545|3134|1612|392|263|1806|774|24325|3691|1281|621|3072|961|29214|5349|42|50|23424|4067|302|233|626|518|2397|1580|1805|1434|3159|1420|1017|649|542|513|2721|1386|944|649|992|508|6981|2394|309|274|797|1137|832|633|2558|1802|82200|8117|12370|3042|163|281|4991|2662|4788|1748|250|323|348|260|708|497|238|318|884|833|2176|1468|880|824|64|107|424|386|808|1055|12563|2781|3214|1223|5485|2436|2629|1039|953|902|282|465|2119|1248|1997|1253|122|208|45234|6587|0|210|7095|2686|726|538|16639|4857|12839|3630|219|221|3785|1843|1593|1505|2338|1407|7738|3091|2212|788|1728|613|1295|531|433|305|39|73|0|210|0|210|445|543|318786|15315|307053|14719|129337|12549|403|456|762|639|5876|1852|301|242|71095|9203|1053|641|13406|4779|24881|4125|343|310|486|364|9225|2423|6|10|1500|683|112108|7856|297|267|3997|1927|10201|3132|12166|3813|8316|3764|70895|6442|4414|1858|1813|947|9|15|65608|7164|2848|1121|1594|1199|17447|4937|2507|1099|14546|3580|7586|2443|6202|2815|5670|1971|441|464|6478|3357|289|327|11733|2016|10703|2013|1030|906
330M600US429|708655|18024|56015|4894|11620|1793|321|334|798|463|182|125|216|191|10040|1508|4081|917|5079|1276|880|411|63|110|14451|2081|484|271|620|341|3261|1070|8263|1596|940|533|811|552|72|119|4184|1094|622|392|1710|736|484|531|51|86|1368|643|0|228|25620|4026|661|670|698|636|3401|1399|1132|640|1583|901|1060|596|581|298|49|79|707|853|318|423|433|380|3612|1149|4018|1471|3259|1305|884|753|888|391|2336|1325|140|135|172290|7432|35698|3913|21069|3161|14472|2341|1729|692|4868|2088|4515|1263|10036|1838|78|110|55796|6023|3737|2018|1946|1548|1174|1205|40425|5092|3503|1081|924|624|1440|1338|1236|756|787|525|296|260|328|323|56895|4640|2794|1539|2344|1139|1299|718|1257|845|966|507|24072|3322|605|413|2807|1182|20751|4049|0|228|23317|3369|218|221|0|228|27|45|12340|3035|1726|884|2058|942|76|124|1968|724|1306|984|919|569|1880|920|219|252|181|226|399|406|584|468|32468|7192|9694|3394|95|154|2957|2782|2677|1451|762|717|504|670|548|379|150|174|2001|1125|3038|1497|101|169|922|777|2015|1371|0|228|5936|3769|0|228|1338|778|1156|1168|3151|3457|291|296|1591|715|1591|715|0|228|8048|3071|0|228|387|409|0|228|1472|1084|4603|2153|0|228|196|317|1076|1770|314|350|4161|3195|3818|1402|2106|1074|1599|961|507|471|409|515|524|838|289|391|490|356|444064|14903|416001|15060|20010|4343|0|228|236|321|10330|3164|76|124|2439|1045|53|88|2454|1970|3383|2188|0|228|0|228|913|747|41|68|85|141|373719|13780|263|373|1185|644|5913|2021|15999|4681|4232|2059|338547|12227|6375|7145|1097|702|108|181|22272|4054|2505|1268|467|370|2463|1023|1272|713|6279|2243|2189|1444|213|214|4317|1592|157|150|2308|1106|102|173|28063|3481|28063|3481|0|228
330M600US440|388745|12406|60367|5863|11826|1838|492|651|1395|586|102|126|254|188|9009|1594|4239|1192|4229|962|541|319|574|418|11324|1906|358|276|273|250|1468|615|7403|1587|1531|623|291|332|0|210|2216|815|113|139|636|371|688|581|189|216|681|466|98|141|34580|4869|0|210|794|528|1520|861|898|949|380|293|604|315|691|485|119|122|395|265|2324|1219|114|143|676|354|3439|1242|5918|1386|498|473|14381|3282|1829|829|421|688|136598|5711|39807|4299|25419|3573|18444|3354|2991|994|3984|1052|4768|1220|9555|1864|65|105|34372|3807|1151|777|686|510|685|614|21280|3410|2462|837|1659|684|3660|2292|697|469|94|151|1204|839|794|641|49940|4656|1284|1123|2404|1392|1007|538|3805|1406|1667|1055|15098|2798|733|452|1912|725|22030|3519|0|210|12177|3204|626|602|656|1067|286|396|2751|1572|1725|840|706|963|836|898|1111|735|752|546|773|800|1600|1327|212|325|143|167|0|210|302|263|15927|3104|7213|1857|736|841|3273|1577|1341|801|1055|979|284|284|0|210|385|526|139|231|871|946|0|210|518|870|126|173|227|365|1604|805|378|434|695|503|401|370|0|210|130|170|993|535|949|536|44|83|5234|2247|0|210|1904|1858|246|282|1536|1099|1040|683|105|181|7|3|244|378|152|176|12|20|9373|2152|3168|1542|2204|930|964|765|1271|791|1660|972|2400|1118|874|533|166480|6904|153437|6641|5624|1742|144|15|18|32|2464|1073|105|174|1320|1167|0|210|351|337|548|461|0|210|0|210|674|779|0|210|0|210|134538|6758|124|144|1427|969|3341|1352|7426|2662|2952|1846|117508|6862|1512|1315|248|237|0|210|13275|2902|1493|855|0|210|1361|709|1095|493|1948|870|946|810|78|131|3593|1266|524|453|2185|1926|52|92|13043|2296|13043|2296|0|210
330M600US450|271636|11425|32670|4578|8187|1886|459|535|601|384|113|193|286|219|6177|1481|3511|979|2115|803|551|488|551|788|9139|2665|107|138|303|283|2789|1644|4774|1921|1115|775|51|87|0|221|3186|1433|408|380|457|328|599|430|0|221|1722|1255|0|221|12158|2798|107|194|713|740|90|150|543|484|136|166|284|322|488|512|94|113|362|380|422|322|0|221|1385|710|1467|1024|2920|1082|92|155|1568|1199|1487|1022|0|221|98864|4281|24725|3488|16587|2370|13558|2251|635|585|2394|897|1592|781|6546|3094|0|221|51586|5257|934|775|997|802|0|221|44394|4780|1314|625|262|290|2663|1325|595|378|0|221|254|353|173|294|15827|3377|1673|1240|0|221|973|744|169|176|300|211|6520|1948|377|369|891|550|4924|2393|0|221|6424|1842|0|221|76|127|277|350|371|352|626|424|437|493|0|221|528|450|395|402|1265|1290|1912|966|0|221|468|422|69|121|302|393|29200|6153|4098|1551|179|198|906|691|779|651|480|584|37|61|303|293|1116|1091|298|355|5206|2860|127|208|3486|2507|1182|1009|411|673|5058|2362|417|478|2731|1677|1633|1120|115|202|162|275|1131|553|1045|565|86|142|12046|4392|0|221|1494|1514|0|221|1562|1496|6431|3538|0|221|710|766|383|557|1466|1858|1661|2001|908|531|786|476|378|225|408|368|0|221|0|221|122|201|0|221|109994|6624|102813|6506|11051|3091|380|395|41|67|2208|1647|1638|1592|3900|1765|0|221|741|636|1547|952|119|196|0|221|477|441|0|221|0|221|73896|5955|0|221|378|535|10402|3086|4350|1959|11671|3515|45566|5341|383|337|1146|874|0|221|17866|3836|1745|1012|32|56|3028|1154|302|271|4040|1772|1792|1018|514|410|1239|821|216|230|4708|2288|250|368|7181|1757|7181|1757|0|221
330M600US472|499876|12706|74471|7007|7436|1440|542|563|623|367|261|243|111|182|5563|1135|2632|927|2462|820|469|330|336|432|7807|1281|451|444|199|224|1247|451|4579|1186|847|429|484|402|0|218|3262|1126|523|529|1066|500|1073|848|530|743|600|420|0|218|55913|6623|0|218|2948|1417|1738|1920|172|189|257|242|981|564|686|436|748|689|180|234|5155|2262|0|218|1788|719|4012|1635|12087|3697|328|358|22774|3805|2059|987|53|83|242192|8389|49027|4191|36672|4170|28460|3833|4354|1129|3858|1143|4445|1297|7734|1716|176|168|81913|8180|21625|4750|2224|1045|184|230|39374|5082|6867|2187|2015|1163|1349|799|6078|2378|400|441|1101|622|696|618|99296|5872|1026|848|2224|961|500|328|11936|2262|698|448|42160|4592|506|420|7490|1497|32756|4356|0|218|11330|2907|2173|1164|284|284|637|512|1944|916|743|668|796|729|25|45|1273|757|854|564|816|450|925|789|168|282|643|991|49|79|626|497|15373|3648|6396|2342|841|726|761|506|2542|2154|0|218|0|218|273|291|753|1006|1226|1113|303|314|4|12|0|218|299|313|0|218|1618|767|0|218|882|571|459|470|0|218|277|328|1453|781|1453|781|0|218|4907|1675|95|154|1105|721|841|1133|1143|887|1442|786|80|134|55|93|0|218|146|176|696|824|13675|2737|1288|581|885|510|403|278|9681|2460|1207|1314|106|172|1393|1005|154165|7828|145998|7697|2216|898|0|218|0|218|512|348|0|218|253|377|0|218|92|109|642|680|0|218|0|218|516|547|0|218|201|329|130114|7954|184|228|509|440|5199|1318|4908|2075|1483|1052|116058|8247|1287|648|455|411|31|52|13668|3392|759|384|102|134|2882|1813|423|381|2967|1146|508|594|40|72|3294|1643|50|86|2499|1294|144|186|8167|1462|8167|1462|0|218
330M600US482|261497|10127|22604|3079|4848|1136|42|71|200|194|92|106|97|118|4007|987|1276|472|2450|761|281|251|410|316|5341|1144|217|170|101|105|1180|644|2768|867|750|445|286|235|39|64|3391|1205|154|115|1114|677|230|229|0|204|1893|1052|0|204|8452|1870|0|204|66|82|1317|705|225|257|0|204|222|215|269|276|0|204|639|750|149|154|0|204|1046|943|448|270|1612|863|462|531|908|462|1089|713|572|737|57389|4079|18796|2808|11022|2351|9583|2314|599|357|840|444|1911|828|5192|1616|671|446|13018|2838|137|158|25|43|862|1220|6701|2299|2509|1339|386|567|858|838|1005|682|364|344|132|165|39|94|21836|3616|2755|1771|691|549|760|483|817|590|464|327|6645|1980|109|112|1818|851|7777|2598|0|204|3739|1501|479|439|176|215|0|204|1226|960|86|102|103|165|387|453|51|85|185|144|326|278|680|270|0|204|0|204|40|67|0|204|9555|3078|3387|2122|0|204|714|758|419|478|1263|1719|0|204|197|257|274|255|520|439|1513|946|0|204|382|409|1131|887|0|204|2788|1905|172|187|1585|1668|193|162|838|801|0|204|1326|649|1326|649|0|204|541|348|0|204|304|282|0|204|49|5|72|137|36|62|7|3|0|204|73|124|0|204|11629|2159|1851|692|1296|533|555|388|474|520|1478|1430|320|308|7506|1859|160320|7458|153995|7079|2832|920|0|204|55|92|475|425|0|204|835|479|0|204|557|486|910|527|0|204|0|204|0|204|0|204|0|204|103617|5564|52|86|849|536|3939|1536|4257|1441|1596|936|92305|5742|218|229|401|442|0|204|47546|5819|2831|945|937|448|8384|2803|4975|1791|5861|2538|1621|743|90|140|7831|2440|1019|652|13848|3744|149|170|6325|1451|6325|1451|0|204
330M600US488|2874037|28242|220390|10347|51226|4960|1684|724|5686|1177|640|377|5252|2518|36923|4025|20086|2960|14690|2413|2147|696|1041|527|52068|5047|1434|562|1914|664|16693|3925|25137|2829|4655|1445|2190|616|45|75|36282|3500|4357|1296|10853|2010|13963|2213|5174|1691|6365|1497|744|423|80365|6544|703|594|4972|1621|1865|913|2815|1078|1978|867|1762|685|2003|683|609|358|639|459|1814|924|53|86|7480|3504|4629|1040|24128|3510|1323|666|17539|3654|6053|1543|449|378|1578763|16506|553515|13485|464600|13498|340068|12936|58005|4180|66527|5190|26307|3613|58825|6231|3783|1590|460828|15637|24480|5076|4393|1816|98|161|350395|14743|41306|5211|2389|1173|11456|4062|20417|3694|3211|1545|1295|544|1388|710|516322|15378|12639|2812|14128|2388|9370|1752|11952|2137|8298|1690|281724|12070|5383|1136|16143|2766|156549|9485|136|231|45606|5485|2039|1111|1675|1155|386|284|4083|1543|10839|2175|2651|1002|2326|1182|4281|1517|2519|1005|905|387|7199|1476|1398|599|4472|1968|833|468|2492|958|61259|6184|19884|3603|3558|1909|8316|2289|4194|1301|530|636|399|260|1452|1333|482|384|953|507|2166|1066|1609|969|0|218|90|107|467|363|13508|2633|4055|1843|6085|1701|2034|1044|153|206|1181|594|4729|1237|4729|1237|0|218|19936|3779|110|166|3102|1468|495|422|1163|818|10555|3072|935|595|856|757|743|1125|1977|1656|1036|791|30315|3633|9270|1653|7709|1612|1561|615|13951|2566|28|49|0|218|7066|2126|983310|22553|944081|21840|11704|2463|413|185|164|155|3559|1049|166|285|2179|1580|0|218|865|592|2205|1182|296|326|0|218|1465|692|0|218|392|266|848723|21488|1000|773|1660|835|74359|6990|50712|6429|15402|5087|678428|19958|22821|3666|4149|1676|192|218|83654|7671|5760|1476|1782|769|23154|4379|5522|1920|16389|2983|2217|812|482|378|21362|4199|989|584|4994|1826|1003|501|39229|3277|38982|3292|247|202
330M600US500|911201|17128|124424|8477|22076|2761|671|319|2612|1459|703|428|1369|547|15776|2386|8872|1803|6134|1307|770|375|945|542|22683|3088|884|425|954|701|4386|1218|13153|2627|2416|992|850|744|40|67|6183|1795|647|436|3034|1298|371|349|0|214|2131|941|0|214|73281|7776|730|514|4432|1875|2480|1246|2197|1159|409|297|943|546|647|452|625|338|113|184|2917|1385|616|785|5312|1658|5664|1984|17367|3581|300|262|26192|6945|2337|971|201|233|486773|10338|172962|8772|113080|6937|89589|6806|8423|1476|15068|2323|13075|1929|45463|4368|1344|905|136619|9258|3705|1747|2062|1246|374|382|109221|8856|9359|2157|848|500|2364|1256|5236|1855|572|648|2750|1483|128|155|158587|8517|3052|1345|8214|2000|5417|2482|4147|1477|1991|633|65886|5759|943|644|13113|3532|55824|6043|0|214|18353|4233|622|559|1795|1496|420|384|6147|3000|2548|1415|1061|735|343|386|866|474|643|429|671|557|1958|734|143|174|748|904|388|329|252|213|74711|7076|48776|5966|4324|2337|19211|3905|11995|2838|8279|3192|251|263|2141|1237|474|461|2101|1383|2063|1276|351|387|709|749|1003|610|0|214|6477|2249|482|378|3953|1719|1213|1004|332|530|497|446|4507|1778|4407|1769|100|120|12321|3752|0|214|2843|1601|306|373|863|805|3943|1479|323|326|178|285|259|453|3606|2972|567|644|18718|3920|5120|1307|3248|1189|1872|754|1089|661|2226|2133|5528|3304|4755|1626|206575|9515|175404|8991|9638|3760|262|324|0|214|1495|904|122|196|112|111|0|214|3012|2933|3706|2141|157|267|0|214|532|454|77|132|163|267|139664|9495|53|89|832|561|7430|2270|9565|3097|7906|3365|111411|8069|274|168|1796|815|397|582|26102|3790|1493|811|1126|596|10872|2803|1281|570|4117|1548|549|342|0|214|3347|1500|429|507|2601|1888|287|274|31171|3319|31124|3314|47|80
330M600US548|1903675|29007|156907|7649|33855|3134|848|361|2716|765|1072|476|1609|574|26455|2961|13593|2545|11131|1702|1731|651|1155|693|35717|3247|755|296|1679|688|7682|1496|20718|2695|2981|1069|1675|740|227|369|21699|2639|4012|1073|8542|1668|2826|938|0|210|6217|1817|102|125|65224|6010|3945|2305|3212|1253|1169|642|3549|1321|640|504|2339|824|1861|900|1337|547|397|254|1605|1548|372|356|4554|1269|5964|1509|16686|2553|1234|795|10487|2152|5873|1662|412|336|680840|12338|189736|9594|100204|6224|80042|5489|5752|1169|14410|2348|11324|2585|75849|5510|2359|1545|286987|12881|26384|4520|21133|4962|585|818|143975|10189|28360|3283|2121|862|24296|6063|32209|4700|3645|1863|3266|1661|1013|706|152471|8665|4514|1421|4118|1777|7856|2535|1491|646|4318|1583|68142|6102|977|572|11061|2273|49955|4191|39|66|49260|6362|935|663|1039|589|452|281|8354|2379|6716|2034|2928|1839|1921|671|3998|1483|5272|2811|3967|1673|9787|2158|1123|535|971|746|1797|966|2386|1008|340299|18276|121334|13362|9714|4305|81527|10492|10188|3109|2684|2100|3130|2382|5050|2646|4603|1864|4438|3006|34980|6355|28380|5591|948|776|4465|2376|1187|879|31274|5414|1506|760|11300|3316|7923|1950|9161|3574|1384|674|9050|2473|8191|2279|859|657|136027|11762|168|260|37995|4204|3781|1611|7127|2288|56448|7173|3169|1260|17383|4052|3907|1975|6049|2384|7634|2259|4929|1354|3965|1101|3384|1006|581|423|131|126|0|210|0|210|833|719|720700|16748|702672|16540|93629|9146|1120|646|1416|705|6899|1652|359|373|17600|3936|1041|632|9007|3227|35352|6004|189|216|292|320|15386|2825|2158|1184|2810|1312|432374|15436|1004|1245|2737|1176|213934|11517|64496|8374|61533|9526|66869|7277|12665|3258|8854|2982|282|341|176669|10737|12546|3414|35905|5512|20741|4108|4878|1343|24168|3712|12638|3631|9498|2610|40149|5451|1136|669|13705|4154|1305|571|18028|2875|17687|2875|341|316
335M600US715|1411456|21408|232485|11250|39008|3741|684|413|11527|1659|393|232|1205|613|24560|3105|10492|1956|11306|2205|2762|1037|639|448|27592|3007|869|454|1080|520|7441|1601|13272|1954|2268|635|2577|981|85|147|86841|6412|8977|1753|16398|2770|57395|5363|10487|2093|4024|1343|47|79|78504|7727|14847|3493|2497|975|2803|1995|2829|994|584|430|2078|688|1251|599|1275|706|1471|920|2101|1476|625|604|8207|2115|3271|1113|16069|3040|2361|1882|11572|2716|4663|1545|540|470|411080|8553|153176|8816|121275|8428|100731|7786|9822|2415|10722|2183|8807|2206|22983|3236|111|120|122953|7331|1703|1533|2559|930|403|597|91392|6518|6944|2199|1158|906|7830|2000|7828|2179|1868|1067|599|506|669|377|91844|6523|2388|935|20276|3657|1725|841|6557|2082|1398|607|12675|2292|1983|889|8199|2394|36643|4864|0|210|42558|5644|2590|1699|2508|2020|948|1533|5041|2475|9944|2758|1780|1015|373|361|7683|2425|1036|627|3424|1346|5988|1625|390|318|0|210|853|550|549|393|139399|9198|29723|4663|1198|884|5668|1718|10552|2963|1059|994|1477|1003|6504|2433|677|443|2588|1668|5846|1608|2782|1403|12|2|1002|535|2050|840|21343|3669|2032|885|6662|1958|11335|2871|401|406|913|740|3408|1126|3408|1126|0|210|73670|7499|40370|6258|12840|3105|543|454|5617|2537|9027|2217|909|872|1529|1022|268|386|2567|1129|5409|1833|3466|1284|3138|1237|2282|1083|856|580|95|125|0|210|0|210|233|267|625026|19016|596655|19096|250274|13614|37|64|2861|1225|3269|1044|1161|626|145102|9591|524|541|61712|7940|23974|4134|318|279|396|374|7981|3269|374|348|2565|1075|146557|10145|58|97|3830|1805|44869|7075|53587|7115|18769|4419|20787|3562|2086|1204|1313|648|1258|808|199824|13418|4130|1184|1492|1119|116585|10919|5070|1609|41985|5546|13834|3247|1489|788|7576|2173|2591|1266|4641|1495|431|265|28371|2391|27617|2286|754|541
335M600US720|355943|11529|67951|5201|10784|1443|623|407|1477|516|59|80|511|337|7945|1340|3964|886|3477|1095|504|389|169|171|7252|1346|228|282|575|408|781|416|3719|1008|1196|599|753|379|0|224|24138|3716|2544|1915|11962|2478|7322|1927|0|224|2290|1181|20|32|25682|3133|4453|2099|459|420|194|166|1021|791|624|571|784|520|344|301|386|398|449|318|211|220|1185|783|4681|1331|1457|1100|4928|1437|319|340|2858|1400|1329|867|95|114|73288|4240|25645|3007|19624|2636|16442|2658|1007|464|2175|792|1253|560|4400|1379|368|494|28347|4300|3011|1543|3613|2530|194|304|14229|2363|959|574|231|304|560|613|5074|3361|450|464|0|224|26|44|13058|2746|69|84|721|590|211|198|1540|979|376|280|6115|1990|62|75|1166|762|2798|1610|0|224|6238|1470|0|224|0|224|314|325|508|446|1171|545|655|436|144|186|1161|667|123|187|695|530|1194|770|146|145|0|224|127|164|0|224|21508|4776|5107|3462|0|224|903|725|183|178|2428|3405|62|103|613|871|474|563|444|442|908|776|37|63|283|400|299|499|289|367|4825|2287|0|224|1747|1528|1236|781|910|1128|932|737|1221|727|1221|727|0|224|9344|2788|2404|1586|3128|1333|0|224|526|457|2490|1709|0|224|63|106|473|481|260|260|103|171|1358|762|1358|762|1009|674|349|393|0|224|0|224|0|224|0|224|191838|9022|185022|8937|55007|6781|411|634|194|233|872|475|569|653|18559|3628|0|224|10014|3135|20339|3856|595|474|0|224|2211|1180|632|909|611|579|52996|6644|0|224|1830|1281|4802|1670|16550|3969|8605|4489|19381|3863|1194|1001|634|469|0|224|77019|8127|2742|1318|56|89|23929|4641|2776|1495|12344|3545|23090|4406|1361|904|6738|2109|1079|814|2370|1304|534|421|6816|1893|6613|1867|203|232
350M600US71650|1019385|17468|151826|8625|28176|3078|214|186|9485|1622|301|226|702|452|17041|2498|7930|1769|7381|1550|1730|752|433|401|20354|2392|525|378|860|438|5730|1416|9716|1628|1640|514|1883|628|0|210|43774|3741|7648|1635|12877|2425|19727|2413|2575|844|3475|1387|47|79|58982|6525|10587|3061|1561|790|2268|1941|2280|890|584|430|1158|550|716|438|1145|690|607|490|1901|1424|276|341|5046|1564|2739|1044|13559|2865|1980|1849|8678|1916|3897|1415|540|470|325985|8527|129471|8060|104701|7520|87891|6885|8361|1947|8449|2008|6715|1698|17944|3033|111|120|94991|6977|1703|1533|2424|933|403|597|70521|5748|5954|1961|507|293|5588|1685|4755|1638|1868|1067|599|506|669|377|70618|6125|2187|932|16976|3398|1541|814|3061|1643|1217|565|7689|1893|1562|671|6529|2418|29856|4662|0|210|30356|5799|2417|1684|1367|965|0|210|3077|2650|8801|2783|1211|837|373|361|5251|1581|849|550|1468|779|4811|1497|357|294|0|210|374|320|549|393|89380|8125|23413|4336|1099|869|5388|1682|7149|2573|1059|994|1030|796|5359|2211|614|419|1715|1313|3706|1485|1999|1241|0|210|353|250|1354|711|16701|3357|1595|755|4213|1330|9869|2758|401|406|623|653|2830|1088|2830|1088|0|210|41226|6067|26732|5431|4877|2094|310|305|1354|1045|5513|1913|0|210|1092|835|0|210|1348|846|1504|997|3172|1235|2844|1197|2012|1051|832|581|95|125|0|210|0|210|233|267|449022|15623|429591|16061|187380|10747|37|64|2466|1098|2010|836|1161|626|99242|6888|390|501|55089|7165|17374|3644|200|195|396|374|6720|3017|374|348|1921|944|97937|8313|0|210|3534|1775|35573|6257|29779|5097|12849|3399|13196|2601|845|482|903|603|1258|808|144274|10219|2785|1020|852|1029|85945|7908|3623|1465|31431|4859|9363|2986|1092|676|5876|1904|447|425|2429|922|431|265|19431|2039|19241|2000|190|229
355M600US7165071634|641743|16664|101055|6377|20995|2713|174|174|7861|1576|160|154|613|447|11754|2070|5599|1402|5128|1276|1027|643|433|401|15053|2031|525|378|596|393|4472|1144|6566|1357|1486|487|1408|564|0|222|22890|2746|3849|1131|10794|2309|5224|1407|623|447|2976|1302|47|79|41577|5016|8598|2671|1413|761|1982|1935|2075|832|499|425|707|425|626|451|1064|682|221|181|451|398|0|222|2510|930|2168|911|9254|2223|1785|1833|5861|1537|2363|857|540|470|239160|8725|113026|7389|92839|6902|77909|6596|7212|1861|7718|1955|5560|1686|14516|2863|111|120|61970|5199|694|849|1845|951|0|222|45674|4420|4327|1549|275|185|3432|1203|3440|1446|1161|706|504|450|618|367|39319|4143|2150|937|3025|1119|1412|813|0|222|1032|540|5137|1507|1348|576|2163|962|23052|3739|0|222|24381|5245|2332|1676|1251|930|0|222|2321|2609|7690|2687|748|743|226|267|3515|1270|499|334|849|502|4339|1447|237|220|0|222|374|320|464|375|53877|6533|14676|3124|1099|869|5098|1560|2977|1398|1033|991|417|299|2759|1747|305|242|988|929|1067|635|167|196|0|222|91|148|809|607|12838|3155|1314|665|2492|975|8008|2802|401|406|623|653|2094|937|2094|937|0|222|22481|4518|14718|3961|2859|1859|41|67|264|285|3101|1368|0|222|562|552|0|222|936|684|721|663|2391|756|2158|710|1385|460|773|572|95|125|0|222|0|222|138|221|245260|11045|233933|11305|89466|7506|37|64|2212|1086|1161|686|589|468|30357|4647|390|501|33122|5304|13810|3037|0|222|226|294|6043|2946|140|232|1379|823|61804|6654|0|222|2060|1373|25571|4847|16445|4210|7280|2648|8231|2098|273|202|686|556|1258|808|82663|7918|2332|967|147|140|41064|5840|3016|1382|26387|4689|2411|901|675|473|3960|1595|400|412|1909|827|362|237|11327|1644|11304|1644|23|6
400C200US03817|859567|20571|61028|5262|15665|2561|759|828|1132|593|0|228|489|340|12380|2199|6858|1673|4923|1581|599|338|905|601|11328|1986|531|410|154|153|3166|842|6717|1601|491|292|269|228|0|228|5577|1508|1051|670|1228|523|932|967|59|96|2284|820|82|131|28064|4072|278|471|489|380|4392|1820|540|420|465|330|522|360|531|439|436|598|251|350|483|408|268|297|2755|1055|6054|2272|3153|926|340|282|4805|1920|2302|1001|394|414|291200|7985|88794|6504|44419|5554|37196|4956|1970|960|5253|1572|5570|1866|38582|4094|223|207|122179|6812|3871|2450|5172|1216|542|502|93588|5990|6093|1650|908|714|1780|934|9455|2530|234|231|399|288|137|225|66327|4823|3317|1693|2787|1202|1762|710|2559|1093|1222|642|11908|2284|670|429|1924|802|40178|4669|0|228|13702|4924|217|354|326|456|46|78|2078|1085|2364|1048|1235|1531|1954|2514|1836|867|600|386|357|205|2007|1119|485|350|0|228|197|176|198|167|117866|9808|39859|6091|1341|1089|21732|4435|6566|2964|2374|1433|1722|1353|1602|1390|734|531|3788|1302|5602|2166|2943|1284|656|545|1797|1516|206|267|4701|1746|924|684|1726|795|1386|1124|464|450|201|195|6069|2342|5762|2247|307|383|60187|7186|0|228|8425|2552|2580|2923|5144|2124|33878|5348|1819|1042|2006|1191|1153|911|5182|2202|1448|977|2894|1411|1641|806|1042|530|599|595|57|97|90|153|844|877|262|450|386579|13743|376006|13612|107757|11192|2895|1543|2192|1227|7029|2322|734|603|9684|3202|760|638|22214|5364|47663|7470|591|480|1248|918|8072|2727|329|319|4346|2853|186865|8657|1339|765|1536|793|21990|4459|26388|4660|17171|4112|114835|6970|2039|1049|1567|691|0|228|81384|7933|1357|599|448|427|15098|4208|1526|773|17671|2357|4197|1429|7956|2219|7829|2171|3537|1888|21315|5460|450|435|10573|1969|10386|1987|187|250
400C200US04843|284379|12458|28224|3766|5831|1433|93|119|327|339|343|274|43|72|4908|1372|3040|1380|1649|536|219|194|117|113|5756|1579|160|150|348|337|425|227|4491|1425|160|141|172|281|0|224|3803|1097|854|451|1441|566|104|144|0|224|1367|781|37|61|12767|2573|0|224|1197|737|217|276|536|443|0|224|634|482|362|269|14|4|0|224|65|79|27|45|1078|610|693|390|3971|1327|28|47|2876|1253|1069|687|67|114|111450|4543|31956|3182|18111|2633|14852|2454|1431|632|1828|767|1111|575|12734|2262|0|224|46675|4539|294|365|3598|1676|539|808|21963|3574|3246|1147|575|566|6237|2948|8744|2937|119|105|1360|1355|0|224|25418|3233|1857|1004|347|387|908|725|93|162|593|449|15069|2994|221|291|1565|993|4765|1202|0|224|7166|2660|0|224|283|255|241|316|785|766|1697|946|1531|1738|117|157|119|122|272|370|868|961|823|573|53|62|105|183|272|282|235|287|57603|8830|14145|5521|1242|1109|3914|1914|3673|1905|0|224|1739|2275|1260|1536|541|429|1776|2710|5114|2465|2186|1486|0|224|2814|2026|114|188|3876|1778|0|224|1795|951|1095|816|767|930|219|202|2053|965|1802|828|251|358|32128|6221|0|224|5043|2155|684|463|1961|1092|20434|5224|318|377|2162|1401|44|72|1482|1047|287|395|545|400|317|247|248|205|69|122|45|76|0|224|0|224|183|316|86557|6953|83087|6806|22229|4172|233|238|97|166|1180|736|188|243|2525|1583|283|307|1121|683|8710|2264|110|178|39|66|6593|2245|557|557|593|585|41749|4800|0|224|120|157|15974|3147|9016|2792|8646|3405|6955|2639|164|260|874|935|0|224|19109|4721|1900|1937|554|414|4447|1838|137|132|2080|1135|2963|1932|2393|1440|2379|925|43|78|1813|1446|400|375|3470|1316|3341|1313|129|151
400C200US09271|964720|17992|140388|8532|25364|3003|174|174|9214|1614|301|226|612|453|14670|2453|7242|1748|6044|1311|1384|740|393|396|18386|2403|525|378|793|452|5532|1370|8241|1605|1591|502|1704|600|0|210|40297|3770|7145|1590|12589|2440|17041|2264|1829|717|3475|1387|47|79|55801|6362|10500|3053|1561|790|2168|1941|1946|905|499|425|1075|537|716|438|1145|690|607|490|1901|1424|276|341|4550|1522|2688|1044|12669|2789|1980|1849|8224|1869|3296|1209|540|470|305297|8928|122832|7456|99972|7001|84055|6407|8249|1951|7668|1922|6510|1719|16239|2897|111|120|85129|6864|1703|1533|2298|925|403|597|61790|5647|5752|1912|328|203|5161|1632|4558|1604|1868|1067|599|506|669|377|67525|6027|2187|932|16384|3385|1460|757|2985|1637|1074|545|6936|1783|1486|633|6174|2407|28839|4653|0|210|29262|5723|2417|1684|1367|965|0|210|3077|2650|8659|2781|1121|801|373|361|4859|1542|849|550|1152|687|4657|1460|357|294|0|210|374|320|549|393|84975|8184|21610|4211|1099|869|4824|1532|6230|2327|1059|994|958|785|5222|2202|614|419|1604|1308|3604|1494|1999|1241|0|210|251|212|1354|711|16211|3303|1435|712|3883|1220|9869|2758|401|406|623|653|2067|833|2067|833|0|210|39979|6105|26628|5427|4510|2048|269|297|818|598|5513|1913|0|210|984|815|0|210|1257|821|1504|997|3045|1227|2717|1188|1885|1053|832|581|95|125|0|210|0|210|233|267|431015|15096|414290|15389|181224|10512|37|64|2426|1093|1782|797|1003|612|95351|6647|390|501|54415|7049|16494|3467|200|195|226|294|6720|3017|374|348|1806|902|94398|7933|0|210|3488|1782|35166|6250|29234|5049|11934|3334|11570|2387|845|482|903|603|1258|808|138668|10317|2565|968|796|1032|81884|7914|3550|1459|30805|4848|9363|2986|860|521|5823|1895|447|425|2213|888|362|237|16725|1969|16535|1926|190|229
400C200US16264|1637926|22098|342097|12903|23720|2934|558|379|5159|960|524|312|972|549|16033|2619|7845|1855|6983|1597|1205|719|474|422|24210|2935|1937|716|643|300|4737|1770|14871|2264|980|436|1042|743|0|210|32438|3648|12312|2589|17186|2807|401|490|0|210|2539|1265|0|210|260382|11843|7122|2793|4682|1769|11081|2946|13281|2667|4960|1557|2730|1078|1704|696|2136|778|9532|2259|7665|2438|5158|1728|113947|7265|14564|2774|12917|3250|9584|3093|31536|5140|7783|2990|1347|689|496117|11049|118089|6452|74361|5971|61658|5184|4838|1249|7865|2021|8073|1858|33075|4051|2580|1026|206095|9533|2377|1523|4099|2067|257|308|155282|9735|5808|1549|1134|826|2899|1141|29086|4695|1722|1517|173|168|3258|1614|115831|7836|2430|1362|2394|1480|1713|1107|2325|939|2821|1850|81500|6849|900|522|4611|1462|17137|3125|0|210|47902|6494|132|217|843|632|285|291|12754|2943|3697|1347|7788|2193|1726|752|2985|1280|3235|1572|7932|3035|4747|1408|977|797|531|444|270|186|8200|2262|60832|7306|12778|2805|603|497|4330|1901|3285|1314|964|639|659|367|958|486|588|600|1391|679|1975|1419|1178|1250|254|278|543|646|0|210|10421|2929|1921|1514|3803|1396|3095|1686|100|188|1502|1500|3133|1391|3090|1391|43|67|30796|5812|0|210|5818|2025|503|551|622|535|20319|4267|347|378|344|441|317|408|2526|2765|1729|1211|3601|1408|2032|842|1661|760|371|342|241|239|0|210|0|210|1328|1156|735279|15050|721033|15047|21337|3213|119|140|167|189|6119|1659|0|210|2494|1099|0|210|4631|1893|6118|1759|154|259|0|210|1314|718|221|268|0|210|630638|14957|6688|2202|671|371|10186|2750|21530|3687|11942|3120|575337|14272|3268|1400|1016|649|0|210|69058|8508|1917|779|1098|500|7683|2227|2697|1142|19748|4616|13542|3491|801|565|5738|1557|532|510|15074|4623|228|202|14246|2435|14193|2435|53|88
400C200US22042|1200400|22408|46310|4208|12914|2201|224|177|1320|512|98|168|410|310|10821|2175|6379|1609|3190|1008|1252|1038|41|67|11345|2216|665|678|164|194|2247|976|5738|1502|2084|1530|337|307|110|177|4453|1449|517|430|1325|495|387|358|0|237|2224|1174|0|237|17598|2969|443|721|903|722|1157|718|533|581|137|165|760|511|340|240|152|156|0|237|308|291|1208|1410|1631|884|1460|704|3996|1184|638|729|2808|1250|1124|858|0|237|349941|9665|57550|4891|33172|3745|22856|3332|1742|627|8574|1658|4282|1606|20096|3217|0|237|171576|9576|6112|3722|6952|2393|688|762|110772|7687|7318|2157|102|132|17446|4458|19492|4886|1337|842|535|353|822|736|95621|6360|4146|1737|4429|1729|1460|866|4386|1802|2257|939|18181|3441|326|248|5513|1667|54923|5064|0|237|23342|4452|523|469|279|354|0|237|5622|2187|731|448|3432|1521|1939|1168|2201|823|1287|754|1224|721|3043|2105|1313|959|637|649|1111|745|1852|978|111640|9990|38074|6750|2112|1356|14734|3829|10499|3271|373|428|1523|848|2903|2289|80|134|5850|2842|16283|5122|3697|1562|3814|2108|7230|3723|1542|1308|10772|2904|1108|878|5340|1867|887|668|3107|1718|330|361|3311|1304|3311|1304|0|237|40973|5451|194|322|5472|1971|2254|1521|1916|1245|27696|4783|344|315|673|547|430|284|1994|1135|2227|1244|2375|1375|1200|474|772|353|428|299|0|237|0|237|980|1293|195|233|690134|18321|679213|18160|24364|4995|351|472|218|266|14705|4146|480|671|1727|919|59|101|1265|891|3259|1159|0|237|0|237|932|567|168|204|1200|1009|602631|17432|960|726|251|257|57388|7604|19424|5208|37240|8038|480481|16102|5499|2309|1388|634|0|237|52218|7226|2902|1338|357|357|6562|2027|1573|834|11040|3519|3630|1379|510|435|5256|2033|427|337|19625|5281|336|404|10921|2163|10878|2156|43|72
400C200US23527|344898|13144|40915|5037|7731|1763|128|116|744|459|334|331|767|443|5758|1562|2240|1101|3187|927|331|236|0|218|8163|1356|242|172|238|294|1267|525|5492|1080|704|325|220|210|0|218|2322|866|522|459|1143|689|242|237|0|218|415|288|0|218|22600|4569|84|141|1728|1192|641|356|1098|609|152|181|1093|509|421|252|119|113|616|542|690|831|0|218|2942|1301|1492|882|4803|1666|0|218|5170|2058|1551|1098|99|170|87725|4865|23528|3149|12095|2399|10047|2308|709|474|1339|587|2187|791|8514|1779|732|559|32393|4749|2987|1818|101|128|1166|929|18659|3455|3209|1462|300|401|4022|1755|869|558|147|228|620|607|313|322|25612|2950|605|487|615|403|1624|833|1695|876|426|436|7138|1698|142|177|1927|655|11440|2067|0|218|6139|1933|0|218|56|97|0|218|2234|1386|858|514|349|285|0|218|349|311|120|166|914|752|532|304|622|606|0|218|105|168|53|90|39777|5452|20384|5359|2574|1383|14884|4763|901|506|49|83|0|218|730|635|0|218|1246|923|3485|1332|804|691|1074|1043|649|588|958|629|3676|1537|582|661|861|878|949|672|722|610|562|611|1287|705|1211|673|76|136|10301|3590|0|218|4180|3016|473|494|521|810|1224|811|764|912|50|88|838|801|2251|1333|644|649|2701|852|2521|866|1966|750|555|401|0|218|0|218|76|105|104|99|173780|10279|166022|9995|2031|928|0|218|0|218|752|678|0|218|677|449|49|89|134|178|332|272|0|218|0|218|87|141|0|218|0|218|143820|9026|327|379|422|347|8460|3913|4580|1968|4220|2388|124350|8106|893|524|568|437|0|218|20171|4511|1025|728|216|214|3172|983|1550|951|6271|3221|1004|662|45|76|2919|1401|0|218|3709|2542|260|310|7758|1414|7758|1414|0|218
400C200US23824|429403|12337|74015|5603|7824|1602|366|313|1034|674|207|191|294|220|5827|1316|3350|952|2144|626|333|183|96|112|8155|1559|436|301|436|281|810|416|5974|1397|336|204|163|208|0|184|9701|1556|2653|806|6113|1357|48|78|0|184|416|304|471|298|48286|5177|12684|2831|1008|712|2517|1315|1048|525|271|250|1145|916|757|546|122|120|52|87|140|163|2832|1311|6670|1423|3952|1376|3766|1096|386|349|5566|1946|5370|1451|49|83|263909|9393|35601|3857|19112|2594|16583|2593|885|490|1644|597|7980|2035|8357|1898|152|235|92223|5709|513|575|21404|4024|0|184|58238|4937|2613|900|0|184|439|536|8349|2467|339|349|226|242|102|167|19872|2579|164|196|144|140|357|238|1016|763|312|252|13450|2221|27|46|809|374|3593|1282|0|184|114896|8598|477|793|87|109|0|184|48943|5901|562|309|3133|1275|647|485|24697|3406|1530|752|5704|2201|595|393|1002|712|26195|5326|1324|1015|1317|780|18543|3491|2477|1203|0|184|577|842|1346|834|0|184|37|60|79|149|47|82|391|327|1713|1343|667|712|0|184|144|235|902|1097|5388|1949|885|868|2102|947|1100|893|0|184|1301|1104|896|598|710|533|186|307|7542|2774|0|184|1696|1889|1128|850|164|160|2766|1681|1313|1004|197|207|0|184|278|330|527|382|1378|767|1378|767|1080|724|298|239|0|184|0|184|0|184|0|184|71558|4994|54289|4701|6191|1513|0|184|0|184|1518|620|0|184|531|355|0|184|572|567|2860|1107|0|184|91|148|501|497|0|184|118|193|39669|4001|0|184|585|611|1077|843|1434|912|4561|2351|31257|3520|607|518|148|151|0|184|8429|1763|700|432|80|95|2405|990|86|104|2107|885|468|287|125|139|1210|889|105|127|840|604|303|299|17269|2322|17208|2329|61|106
400C200US40429|1574699|35484|55790|6153|18771|3669|785|575|349|244|755|687|1551|748|15132|3202|7862|2590|6216|1578|1054|594|199|250|13297|2130|396|225|57|102|4051|1122|7316|1692|1287|656|190|163|0|237|6948|2265|1717|913|2784|1511|262|324|0|237|2185|1127|0|237|16657|3637|936|709|171|220|693|433|695|649|404|530|761|699|656|534|123|121|0|237|0|237|378|633|1284|647|1203|688|4347|1508|106|179|4036|2704|864|465|117|192|428026|12154|91305|8055|70772|7437|52628|6818|6648|2742|11496|2228|5045|1824|15252|3726|236|261|166686|11424|6636|3448|4178|1817|0|237|101006|9199|9310|3107|809|377|2222|1058|38805|6424|2787|1550|412|445|521|390|132018|7403|1297|778|3161|1244|4417|2005|1238|1277|3993|1613|32136|3960|1226|643|2692|1185|81858|6525|0|237|35992|7958|40|65|811|591|447|542|4199|1726|2012|1054|3206|1842|1007|591|3758|1122|3824|1941|2161|1284|9638|7361|3317|2106|243|325|1329|1250|2025|1321|99372|13259|13117|3288|711|637|3982|1744|2585|1406|166|310|399|313|824|798|268|259|4182|2415|8816|3933|6621|3999|741|1040|344|346|1110|783|11202|3579|1019|638|4653|2548|1849|1143|2164|1748|1517|1087|9606|8145|9606|8145|0|237|55424|8629|0|237|2146|1068|366|461|1291|867|40959|7092|3826|5042|2121|1183|383|394|4332|2192|1207|886|2193|710|1799|625|1661|605|138|156|152|167|0|237|168|202|74|115|989318|28793|972452|28736|63044|8573|1036|1122|255|264|34698|6457|3529|2600|4833|1786|198|231|2062|1481|5764|2448|1433|1011|0|237|5246|2062|958|810|3032|1329|799802|26291|1038|797|2143|941|137361|13730|54758|9556|94988|11883|499018|23876|8662|2538|1337|584|497|591|109606|11029|5697|1642|2573|1828|7339|1927|2267|1132|28881|5340|6985|2963|1179|647|6227|1977|1199|846|46227|8571|1032|925|16866|2827|16677|2836|189|195
400C200US47995|498829|12977|32653|3702|8035|1904|256|219|522|282|0|228|546|422|6667|1739|3013|927|3288|1268|366|233|44|74|6330|1267|543|331|183|219|1691|816|3031|865|598|543|284|227|0|228|3084|936|329|459|1681|639|292|377|0|228|782|482|0|228|14964|2968|0|228|479|585|2104|1736|1213|864|352|381|269|253|435|318|533|451|246|245|282|238|50|85|1071|517|2122|1036|3076|1470|425|458|1232|707|1075|579|240|402|172408|6073|37607|3902|23860|2902|15739|2331|2721|870|5400|1316|3500|1100|10247|2187|0|228|17438|3852|1358|888|116|193|223|371|6582|2559|5964|1955|80|137|274|361|1533|931|692|620|492|439|124|210|108987|6509|38|65|1002|659|1402|731|1421|823|989|591|87969|6765|172|285|6056|1516|9938|2701|0|228|7704|2470|1357|979|0|228|170|210|1101|903|1061|729|464|385|56|90|1424|660|339|402|1021|1089|471|383|40|61|0|228|200|236|672|553|15550|3804|11806|3550|145|184|8451|2793|1241|1018|398|651|0|228|682|974|664|985|225|326|0|228|0|228|0|228|0|228|0|228|2479|1194|89|151|969|666|996|851|186|259|239|243|102|175|102|175|0|228|1163|880|0|228|37|62|0|228|0|228|439|367|0|228|307|498|380|603|0|228|0|228|3080|1094|1289|627|1065|621|224|191|288|275|0|228|168|272|1335|1205|275138|9317|265580|9343|35776|5452|0|228|39|65|30551|4971|0|228|1861|1020|0|228|461|382|710|567|0|228|0|228|1246|925|0|228|908|912|213061|10733|1448|898|1213|773|18903|3769|10473|3228|5317|2741|169901|9154|5180|2407|626|428|0|228|16743|3793|2104|1240|497|367|3005|1224|1218|619|3737|1525|514|464|127|130|3855|1961|101|121|1349|908|236|249|9558|2200|9558|2200|0|228
400C200US51445|3969764|34986|189265|9408|45569|4258|1124|434|3386|1058|1243|811|3097|1062|35530|3621|16698|2587|16667|2409|2165|728|1189|576|38382|3971|1643|655|1139|590|12475|2537|16148|2314|4622|1265|2073|735|282|268|21093|2897|3408|954|10588|2073|2012|866|54|91|4884|1567|201|231|83592|6085|670|592|2813|1126|732|445|2661|1016|3418|1291|4278|1304|2760|755|858|493|918|779|1792|1205|142|229|4229|969|8546|2111|24529|3318|2103|1110|17777|3183|5366|1360|629|493|1580217|18259|573652|16728|333882|12489|224357|10003|31901|3559|77624|6042|41775|4597|196237|10350|1758|1365|258099|14360|5420|1761|12347|3567|0|218|90613|7877|122657|9651|4095|1968|6718|4252|10629|2345|3059|1024|1439|893|1122|605|594035|18124|11073|2196|29024|5466|14805|2156|4672|1301|3657|992|256950|11890|2686|822|20304|2583|250697|10946|167|154|151953|9256|68414|5913|4291|1741|2408|1369|9624|2565|15069|2694|7007|2508|2886|1464|16385|2483|919|526|13334|2787|9895|1955|924|447|0|218|797|446|2478|1031|68874|7245|14739|2829|550|426|7027|2024|3773|1491|129|185|547|398|778|511|914|534|1021|467|1777|847|1206|739|108|184|168|212|295|297|23845|3938|437|308|19765|3625|1882|1177|498|648|1263|968|8769|1982|8769|1982|0|218|17744|4376|0|218|1511|912|113|137|359|339|13722|4144|354|418|1275|806|0|218|410|390|2000|1447|17999|2631|11004|2332|9929|2271|1075|455|2771|1126|0|218|255|315|3969|1210|2113409|25439|2079073|24893|31504|4329|291|223|626|739|13898|2169|570|878|2101|980|31|52|3866|1597|6249|1933|0|218|0|218|1752|833|917|752|1203|1183|1923358|26562|10932|2357|5992|1558|261848|11862|197108|12189|43205|5847|1375836|21359|25033|3479|2345|966|1059|516|124211|9413|13023|2264|4692|1562|15501|2641|5190|1344|27128|4978|15454|2597|1389|853|30456|4297|1930|981|8451|2969|997|452|34336|3399|34255|3406|81|100
400C200US56602|2579871|28440|141811|9391|26000|4536|908|743|2667|1572|859|587|1970|822|18670|4294|10263|3666|7423|1641|984|638|926|452|31532|3549|1305|557|1094|571|11175|2592|14249|2209|1505|632|2166|1432|38|63|30031|3760|2602|1108|12368|2382|2074|892|168|280|12787|2231|200|221|53603|5056|640|615|3623|1436|152|181|2202|1118|885|513|2416|1281|3329|881|269|214|635|509|2027|1098|131|157|5903|1550|5814|1350|12702|2521|1225|606|8140|1987|3510|1088|645|554|134677|6729|25074|3593|18462|3381|15273|3251|1453|543|1736|861|1844|691|4768|1423|0|239|47573|6316|244|351|6031|2192|0|239|24289|5059|3933|1451|1996|2078|529|520|7752|2627|734|496|1458|687|607|550|34053|4607|844|798|488|507|185|156|82|103|250|236|17326|3627|128|128|2106|935|12644|3581|0|239|26512|3245|283|288|627|609|195|236|624|478|9468|1621|1557|913|850|616|2356|770|2091|1215|1921|946|5469|1711|771|551|0|239|300|381|1465|984|26604|5087|5737|2047|40|66|1810|1400|1718|955|0|239|375|366|211|244|533|316|1050|690|1629|1222|1228|1158|61|103|74|87|266|365|9618|2875|506|284|5876|2334|2413|956|654|804|169|250|5655|3057|5577|3044|78|131|3573|1609|29|48|222|234|73|123|316|362|2355|1439|501|534|0|239|0|239|77|120|392|371|2850|973|1803|703|1378|658|425|315|0|239|0|239|22|39|1025|712|2273929|27088|2238266|26859|1233177|24588|12853|3219|1566|789|741771|19159|2385|838|70600|8926|722|423|241353|17516|129868|8986|2750|1596|474|438|22954|4553|1170|780|4711|2039|347332|13518|2452|1458|7787|2171|34140|5685|58935|8711|68357|8429|66522|7566|97540|8327|11027|2226|572|493|657757|23614|43300|5694|5978|1986|68697|7743|15884|2899|200476|13547|37159|5406|13162|3015|73768|8758|8713|2436|188051|12188|2569|1238|35663|4140|35033|4270|630|615
400C200US57628|374439|11205|30538|2773|6154|1183|450|368|969|391|136|116|142|140|4457|1029|1928|733|2118|637|411|301|0|157|6061|1209|305|266|393|314|1254|599|3075|804|671|335|363|240|0|157|1783|739|94|110|206|179|85|100|0|157|1398|739|0|157|16379|2562|131|220|739|398|586|389|340|268|109|174|640|661|612|394|734|554|0|157|2263|1087|0|157|855|464|853|486|3931|951|97|127|4129|1481|360|397|161|261|144641|6113|22321|2746|11910|2167|9386|2062|860|391|1664|674|1531|496|8702|1644|178|246|38723|4463|2221|2313|1154|600|752|641|26037|3523|2212|1226|245|213|2790|1761|1374|668|1026|514|576|727|336|457|76165|4844|8150|2707|4672|1793|478|383|21391|3059|956|463|8285|1742|205|181|14636|2614|17392|2865|0|157|7348|3093|0|157|79|145|0|157|2751|2939|415|282|448|375|197|162|611|436|681|587|293|311|1080|676|72|89|651|763|70|114|84|134|111520|6721|75299|7344|2432|1342|21979|3955|11375|2966|35730|5422|663|758|593|462|401|662|2126|1204|4349|1432|3957|1392|107|137|285|261|0|157|3489|1319|74|120|1773|1103|906|545|549|357|187|188|334|280|236|253|98|119|26461|4110|0|157|2419|1066|198|226|10026|3436|8004|2775|139|170|1378|900|808|726|3489|1667|1588|904|2202|1394|1396|1198|1306|1192|90|107|102|172|66|104|0|157|638|675|85538|5799|77643|5428|2904|895|209|290|189|201|669|400|0|157|382|395|0|157|238|297|961|555|0|157|0|157|147|178|0|157|109|192|53267|4391|192|231|340|268|4911|1948|2897|1030|1794|883|42408|4103|351|337|374|290|0|157|21472|3164|787|394|0|157|2163|691|881|597|3206|1087|8658|2736|1937|803|786|476|428|596|2260|1086|366|331|7895|1640|7838|1657|57|96
400C200US63217|5764709|40054|770622|18821|95521|5960|2748|1072|28015|4462|3688|2472|3545|904|55263|4348|29982|3766|21839|2858|3442|954|2262|817|84256|5704|4863|1256|4555|1537|27337|3999|37058|3771|5660|1597|4649|1481|134|209|179989|10254|31514|4231|87386|6602|35064|4149|237|182|24434|4067|1591|1035|407107|14988|27276|5323|19253|3526|3411|1362|7077|1490|5537|1316|8931|2021|11079|2300|3960|1735|4757|1650|7416|2316|5722|2075|79451|6118|15315|2610|72457|6299|4367|1481|93357|7740|37741|5486|3749|1669|1738608|19771|709620|15585|541682|14904|455583|13115|46100|3926|39999|4083|35048|4105|132772|7101|118|155|646405|19143|8961|3033|116821|9025|422|589|346522|12586|19457|3040|9135|2993|18591|3524|75902|8079|9963|2868|31670|4519|8961|2496|219433|9590|9196|2946|3499|1386|8989|2228|599|370|10502|2654|146871|8534|4009|1123|9049|1668|26405|4075|314|293|155055|10725|4951|2018|4395|1643|17077|4564|1369|566|38900|5480|6612|2170|3893|1452|11955|3066|3490|1022|13231|3524|30435|4473|2827|998|11292|4454|4628|1144|8095|2258|311248|16836|26917|4774|946|771|6453|2204|7033|2292|556|517|1649|1184|1816|1232|2740|1581|5724|2149|8688|2549|2645|1457|2041|1963|2209|1011|1793|875|82051|8949|4765|1582|54165|6400|15023|3042|3096|2241|5002|4130|10030|2200|9831|2185|199|241|172020|12877|755|689|56324|8355|8601|3373|6050|2254|54404|7081|10258|2999|4789|2350|5161|2745|25678|5726|11542|2739|13456|2964|11687|2708|10657|2515|1030|596|165|141|82|134|0|210|1522|1399|2930775|35480|2879020|34773|1319020|29876|2108|776|22580|3525|53458|6447|10701|3074|672286|23932|20112|3666|150714|12310|240535|13443|10379|3060|11448|2702|98519|8839|9102|2635|17078|3380|648721|19647|7685|2183|20222|3993|138050|10478|90746|10021|83244|8804|276450|13480|14528|3732|17796|2887|0|210|911279|24357|24977|3328|5118|1546|66128|7413|12724|2710|199079|10431|262718|13634|180086|11332|102340|9075|14737|3532|33665|4473|9707|3104|51755|4067|51388|4096|367|285
400C200US65863|390805|15663|30895|4181|6941|1513|0|239|779|506|166|180|45|75|5951|1441|2883|1228|2871|900|197|173|0|239|6684|2104|95|116|541|454|1128|724|3917|1483|468|456|535|773|0|239|3649|1212|283|200|1677|881|556|424|87|152|1133|846|0|239|13279|2834|625|539|1027|835|984|895|766|564|106|177|695|673|386|295|135|179|172|235|39|65|0|239|1594|803|314|257|3010|1351|922|661|2504|1694|0|239|342|386|66188|5276|13997|2637|9926|2332|7921|2190|626|319|1379|673|1638|1217|2433|1004|0|239|21256|3451|0|239|1852|1288|0|239|14319|3012|1925|1129|1026|995|176|217|1741|1053|77|137|140|186|0|239|23002|3587|414|486|406|348|275|288|298|285|484|371|8498|2489|87|147|2991|2797|9549|2690|0|239|7757|2441|0|239|0|239|672|578|37|62|1302|546|91|109|826|1010|716|461|1257|1611|522|533|2142|1122|0|239|0|239|192|298|176|201|12124|2486|2462|1205|238|307|0|239|500|428|120|198|389|385|98|160|679|918|438|573|430|606|54|91|0|239|0|239|376|600|5070|2192|0|239|3016|1627|1744|925|0|239|310|434|943|619|884|611|59|100|3140|1624|0|239|935|869|158|251|181|264|1866|1253|0|239|0|239|0|239|0|239|79|95|259|194|259|194|197|160|62|100|0|239|0|239|0|239|0|239|281339|14505|275574|14498|118219|11158|1367|970|543|444|21720|4753|916|1050|23014|4761|266|329|35840|6434|23363|5018|634|803|434|528|5204|1758|437|441|4481|2393|42678|7173|60|104|2822|1530|2901|1510|7524|3141|2978|1564|21657|4904|3202|1892|1534|734|0|239|114677|10667|3278|1512|70|113|26508|5034|1785|1194|27551|4819|4269|1353|10865|2832|5154|1755|1122|1071|33599|7868|476|532|5765|1268|5591|1254|174|177
400C200US69076|700223|18858|105758|6967|17564|2353|120|88|3018|893|330|300|1156|645|12867|1948|5294|1198|6051|1272|1522|828|73|121|12820|2009|512|346|345|464|2642|869|8084|1443|774|369|317|279|146|177|17000|2397|3652|1126|8517|1465|2401|953|0|210|2055|1045|375|361|57981|6134|7061|2209|2934|1545|1212|1172|1630|979|479|282|1027|928|790|494|564|353|750|561|941|594|141|169|6876|1873|1384|765|9243|1978|709|438|15578|3630|6662|1989|393|452|284568|6319|84286|6642|58590|5504|50767|5138|2549|732|5274|1487|2704|985|22753|3283|239|227|115855|7037|554|408|13011|4072|426|509|78992|6168|2437|945|755|541|1942|1179|9029|2400|1403|855|6287|3743|1019|740|61040|6369|471|414|8977|2513|3102|1610|320|236|1171|552|18262|2996|1281|621|2513|868|24924|4963|19|30|20829|3767|302|233|626|518|2397|1580|1768|1429|2988|1416|1017|649|542|513|1950|1176|764|567|992|508|5545|2218|309|274|797|1137|832|633|2558|1802|71332|8148|10813|2977|163|281|4797|2595|4166|1718|195|310|348|260|241|270|238|318|665|776|2176|1468|880|824|64|107|424|386|808|1055|10997|2621|2880|1168|4762|2357|2120|951|953|902|282|465|1747|1139|1625|1143|122|208|39105|6659|0|210|5710|2627|726|538|15420|4830|10223|3332|219|221|3422|1807|1490|1520|1895|1354|6494|2782|1798|724|1483|570|1140|514|343|260|39|73|0|210|0|210|276|461|236767|13443|227900|12867|97151|11522|92|109|677|620|4112|1709|144|172|50070|8460|1053|641|10042|3906|22355|4021|285|289|486|364|6335|2045|0|210|1500|683|77326|7152|297|267|3801|1907|7241|2646|9752|3637|7788|3764|43435|4525|3897|1708|1106|809|9|15|53423|7029|2213|1016|1340|1166|15907|4783|2337|1101|8737|2975|6690|2249|4969|2702|4089|1813|407|457|6445|3360|289|327|8867|1860|8475|1843|392|284
400C200US69184|587946|17661|51073|4599|10367|1669|321|334|610|396|140|135|172|182|9061|1451|3806|903|4472|1219|783|395|63|110|12818|2090|375|225|450|320|3157|1078|7466|1565|788|514|510|474|72|119|3658|1008|622|392|1184|525|484|531|51|86|1368|643|0|228|24090|3907|661|670|698|636|3319|1392|1013|595|1458|890|1060|596|581|298|49|79|707|853|95|153|433|380|3204|1036|4018|1471|2938|1173|884|753|711|379|2261|1317|140|135|154182|6724|30995|3117|17840|2468|13364|2393|1669|689|2807|978|4079|1205|9062|1839|14|5|51727|5722|3282|1892|1710|1444|1174|1205|37827|4936|3230|1071|575|442|1440|1338|1236|756|629|445|296|260|328|323|48907|4632|2787|1539|2094|1091|1204|715|919|692|897|478|19366|2937|448|327|2608|1191|18584|3881|0|228|22051|3334|129|155|0|228|27|45|11812|2848|1639|877|1828|900|76|124|1858|705|1306|984|822|539|1755|903|219|252|181|226|399|406|502|431|29753|7177|9490|3359|95|154|2957|2782|2509|1371|762|717|468|665|548|379|150|174|2001|1125|2806|1432|101|169|922|777|1783|1312|0|228|5657|3750|0|228|1059|725|1156|1168|3151|3457|291|296|1022|532|1022|532|0|228|6958|2890|0|228|387|409|0|228|638|486|4412|2136|0|228|196|317|1076|1770|249|322|3820|3168|2957|1238|1740|950|1486|913|254|224|0|228|524|838|289|391|404|359|349981|16592|328278|16317|16608|4120|0|228|0|228|9477|3186|76|124|1980|937|53|88|2454|1970|1780|1342|0|228|0|228|788|702|0|228|0|228|293472|15192|263|373|1155|644|4895|1889|13665|4600|3929|1998|262216|12788|6252|7150|1097|702|0|228|18198|3543|2290|1249|467|370|1942|892|1015|639|5879|2177|1884|1319|121|149|3474|1394|157|150|867|720|102|173|21703|2781|21703|2781|0|228
400C200US71317|285124|10893|49031|5464|8739|1675|436|644|1190|531|68|117|145|132|6326|1412|3437|1089|2505|760|384|285|574|418|8619|1743|345|276|234|241|1227|581|5621|1473|901|552|291|332|0|210|1700|714|113|139|514|346|413|455|100|116|580|433|80|135|29973|4586|0|210|613|437|1520|861|898|949|335|285|415|264|444|417|0|210|357|276|2269|1218|114|143|532|325|3036|1158|5276|1361|498|473|12303|3262|1363|769|0|210|116560|5592|33032|3854|21282|3278|15082|3006|2690|990|3510|1019|4177|1103|7573|1696|0|210|31597|3580|1151|777|502|425|685|614|19650|3416|2123|825|1614|679|3307|2262|697|469|94|151|980|770|794|641|42507|3832|1284|1123|2084|1380|767|486|3426|1346|1613|1054|10826|2282|611|387|1668|678|20228|3203|0|210|9368|2877|626|602|656|1067|0|210|2261|1336|1319|722|706|963|98|114|910|675|683|525|773|800|1215|1294|0|210|121|164|0|210|56|94|12960|2714|6691|1907|736|841|3145|1566|1341|801|750|857|195|243|0|210|385|526|139|231|126|173|0|210|0|210|126|173|0|210|977|484|205|337|474|343|198|168|0|210|100|165|540|418|540|418|0|210|4626|2229|0|210|1725|1835|246|282|1219|999|935|683|105|181|0|210|244|378|152|176|0|210|6000|1473|1714|735|1300|664|414|301|1263|788|311|377|2224|1088|488|441|100573|5567|92299|5677|4548|1602|144|15|18|32|2110|1067|105|174|933|1007|0|210|272|320|338|342|0|210|0|210|628|771|0|210|0|210|76845|5687|124|144|1348|964|2170|837|4703|2093|1832|1080|65961|5907|666|391|41|72|0|210|10906|2686|1369|840|0|210|1080|685|1095|493|1306|733|849|786|78|131|2685|1248|469|443|1923|1916|52|92|8274|1875|8274|1875|0|210
400C200US77068|398788|13000|63606|6895|4158|1218|517|552|469|373|207|228|0|218|2965|909|1596|782|967|449|402|317|0|218|5308|1115|451|444|199|224|970|423|3045|973|494|342|149|151|0|218|2202|902|523|529|654|389|626|420|83|102|399|308|0|218|51885|6490|0|218|2550|1352|1664|1920|154|186|257|242|757|547|547|403|748|689|0|218|5155|2262|0|218|1066|623|3557|1533|11245|3627|328|358|21999|3724|1858|967|53|83|205254|8881|36857|3693|28188|3513|21187|3183|4001|1139|3000|1063|3174|935|5319|1357|176|168|66100|7585|20098|4398|1276|826|184|230|30511|4654|5916|2246|2015|1163|633|423|3581|1400|132|123|1058|624|696|618|91643|5332|981|852|2186|972|500|328|9848|1800|620|437|38420|4583|438|400|6583|1361|32067|4349|0|218|10028|2784|2173|1164|179|223|637|512|1819|897|709|666|677|701|25|45|1077|676|706|527|601|435|565|680|168|282|643|991|49|79|626|497|13848|3698|5804|2418|501|610|761|506|2444|2200|0|218|0|218|273|291|698|1004|1127|1071|164|266|4|12|0|218|160|265|0|218|1277|653|0|218|720|539|280|337|0|218|277|328|1453|781|1453|781|0|218|4454|1572|95|154|1105|721|817|1131|1143|887|1013|431|80|134|55|93|0|218|146|176|696|824|12109|2609|827|427|519|349|308|237|8956|2410|1207|1314|106|172|1013|957|103971|7614|98904|7476|2029|861|0|218|0|218|346|299|0|218|232|377|0|218|92|109|642|680|0|218|0|218|516|547|0|218|201|329|85247|7300|79|137|422|415|4017|1246|4079|1978|1232|1012|73975|6910|957|516|455|411|31|52|11628|3165|447|295|71|120|2695|1819|276|345|2370|1055|434|585|40|72|2971|1629|0|218|2267|1255|57|97|5067|1131|5067|1131|0|218
400C200US78661|698033|14039|54778|4551|14763|2238|1166|800|972|467|760|652|902|444|10526|1964|4505|1149|4894|1324|1127|585|437|342|13766|2889|321|210|1286|764|4786|2420|5601|1337|901|419|871|350|0|218|5778|1450|1012|615|2118|676|448|365|0|218|2200|1050|0|218|20428|3280|413|278|934|910|278|254|714|538|351|302|847|574|1076|543|217|356|185|218|198|162|362|344|2149|781|1786|1102|5366|1552|724|548|3099|1349|1729|761|43|70|284787|9331|66462|4954|40907|3957|29658|3724|3902|1070|7347|1508|10899|2334|14607|2667|49|81|47330|5355|3948|1631|211|224|0|218|25714|3896|12336|2371|969|844|626|460|2659|2078|411|421|237|235|219|204|136855|6550|616|512|2966|1157|2281|1734|5219|1608|889|464|85476|6481|360|246|3357|1191|35611|4569|80|129|34016|5723|282|460|217|292|0|218|21515|4598|2730|918|1225|759|1307|1662|2377|1253|117|146|2415|1587|534|482|719|646|0|218|578|651|124|148|20214|3308|8825|2339|382|381|3300|1541|1799|1200|836|656|416|558|676|558|331|312|1085|809|2808|1976|790|566|325|431|1281|1787|412|658|2826|1000|243|216|1116|560|576|507|592|580|299|234|2214|873|2214|873|0|218|2549|1220|0|218|243|212|164|212|290|338|1228|840|0|218|0|218|55|93|569|754|992|970|4130|1412|2079|886|1539|809|540|366|445|476|138|240|349|424|1119|763|334124|8615|321626|8658|8570|2377|109|19|54|91|1016|615|0|218|646|479|0|218|1242|1226|3907|1565|47|76|113|187|1276|1014|53|87|107|182|293684|8363|535|520|934|405|2456|857|6088|2006|513|493|281231|8350|893|555|908|658|126|208|19372|2794|1130|495|320|394|6021|2087|1197|623|4761|1731|845|455|444|425|2323|1132|598|492|1354|848|379|355|12498|1898|12498|1898|0|218
400C200US78904|1133581|17065|95150|6497|23374|2899|758|487|3328|874|554|368|2545|1382|15698|2305|9424|2034|5425|1159|849|469|491|390|23967|3298|570|331|1254|537|8440|2005|10700|1731|1964|886|994|412|45|75|14694|2166|1805|861|6482|1585|2342|928|427|362|3729|1141|336|272|32953|4069|545|542|1388|856|597|588|913|588|729|517|541|370|714|418|52|83|190|196|1176|854|0|218|1868|776|1621|610|10043|2343|609|426|8242|2558|3725|1350|162|262|663989|12231|306795|9616|267862|10304|204953|10031|39054|3532|23855|3257|13218|2150|23322|3148|2393|1076|137016|9386|9863|3724|2146|1167|98|161|98896|8918|10449|2219|715|521|8105|3656|4135|1426|1878|1363|329|291|402|550|201863|9705|7836|1909|4583|1319|5535|1597|2933|931|4130|1057|125593|8585|2808|857|6848|1825|41461|4425|136|231|17559|3056|181|184|559|527|240|240|1235|841|2945|869|1285|701|999|892|1522|693|1294|697|455|332|2908|965|410|269|3290|1870|236|212|756|441|29072|4443|7824|2065|2169|1627|3040|1165|1575|657|173|280|183|212|188|210|284|327|212|178|464|343|373|328|0|218|46|77|45|73|6815|1916|2586|1424|2686|1057|911|561|45|81|587|408|1850|798|1850|798|0|218|11623|3306|0|218|1356|1046|214|227|938|750|5119|2117|895|588|548|660|692|1117|1861|1637|496|490|16375|2641|5065|1260|4214|1184|851|446|7143|1807|0|218|0|218|4167|1765|328995|11422|312493|11006|5412|1342|413|185|0|218|2056|884|0|218|898|612|0|218|204|202|690|587|163|263|0|218|596|385|0|218|392|266|267171|11180|808|734|890|595|43034|5911|36135|5287|8469|4383|163186|9819|13407|3109|1242|632|0|218|39910|4673|2706|777|827|502|13370|3320|1837|783|6989|1789|532|327|343|342|10256|2299|711|449|1957|874|382|263|16502|2439|16424|2454|78|132
400C200US79039|750515|11616|57482|4826|10004|2445|283|211|417|305|0|218|2013|1719|6962|1448|4814|1351|1824|594|324|230|329|253|13987|3018|417|286|312|181|5830|2912|5980|1487|649|354|799|401|0|218|10155|2130|1965|1020|2070|906|4328|1381|1346|888|1743|833|49|82|23153|3123|158|185|1216|745|641|470|564|460|906|502|368|228|505|334|96|109|354|366|184|243|53|86|1196|630|1448|507|9528|2215|636|454|4157|1468|1143|770|183|243|524532|9282|172963|7651|139756|6800|92539|6186|12949|2309|34268|3885|10395|2307|22730|3824|82|134|176411|8233|980|1152|1290|876|0|218|146776|8133|18306|3614|803|654|1003|705|5393|2338|701|538|462|330|697|440|158734|7637|3209|1496|2951|1183|1813|690|1847|799|2816|945|51033|5920|2114|796|2647|1034|90304|7031|0|218|16143|3121|1301|901|288|349|146|141|1111|890|5926|1909|580|447|233|238|1879|1217|887|555|249|164|2408|995|508|253|101|120|526|386|281|257|9658|2275|5743|1731|798|658|3479|1670|728|499|357|571|72|119|0|218|157|183|152|145|260|269|0|218|0|218|44|73|216|260|1613|917|0|218|1218|849|109|179|108|188|178|231|1110|635|1110|635|0|218|789|587|0|218|124|128|0|218|73|125|592|547|0|218|0|218|0|218|0|218|143|190|2665|1014|2054|975|1521|708|533|639|195|168|0|218|0|218|416|341|156178|7893|145787|7491|1133|549|0|218|111|127|333|276|0|218|77|130|0|218|45|75|163|21|0|218|0|218|404|435|0|218|0|218|125710|6122|41|67|75|120|8978|2346|1887|1018|3642|1851|107920|5937|2843|1452|324|382|0|218|18944|4391|1277|627|591|456|4574|1879|1042|702|5647|2179|550|447|84|99|2986|2318|85|139|1735|988|373|428|10391|2021|10222|2009|169|202
400C200US80389|791084|16297|104914|8644|16163|2377|425|269|2376|1441|430|263|938|459|11246|1972|6765|1553|4110|1080|371|258|748|520|17362|2728|884|425|853|665|3348|1002|9586|2285|1857|858|794|743|40|67|5166|1626|647|436|2573|1173|201|187|0|214|1745|844|0|214|66039|7693|730|514|3598|1745|2276|1218|2197|1159|409|297|761|496|647|452|561|326|113|184|2763|1379|118|193|4495|1598|5353|1858|15168|3244|251|247|24337|7040|2262|965|184|232|435613|10485|159420|8201|105473|6487|82988|6441|7965|1472|14520|2205|11368|1783|41235|4040|1344|905|125347|9258|3624|1748|2062|1246|325|372|101092|8527|8069|1712|709|460|1501|966|4515|1548|572|648|2750|1483|128|155|133994|8186|3008|1363|7279|2013|5284|2465|3376|1337|1761|592|49740|5445|943|644|11606|3397|50997|5533|0|214|16600|4035|370|376|1698|1487|420|384|5719|2976|1977|1214|913|707|343|386|803|478|499|358|621|552|1958|734|143|174|748|904|388|329|252|213|70162|6843|47232|6006|4324|2337|18680|3708|11421|2805|8232|3193|251|263|1814|1188|409|472|2101|1383|1898|1205|351|387|709|749|838|539|0|214|6224|2265|482|378|3842|1766|1071|977|332|530|497|446|3900|1489|3800|1481|100|120|10357|3479|0|214|2214|1398|306|373|863|805|3096|1266|323|326|178|285|0|214|3377|2979|551|644|16512|3751|3719|1202|2412|1094|1307|572|1089|661|2226|2133|5238|3322|4240|1553|163883|8812|139787|8453|8414|3619|174|289|0|214|1355|860|0|214|39|68|0|214|3012|2933|2955|2029|157|267|0|214|482|412|77|132|163|267|107999|8709|0|214|832|561|6227|2136|5585|2737|7455|3311|86427|7844|274|168|802|445|397|582|23374|3706|1438|805|447|479|10692|2816|843|484|3589|1571|311|232|0|214|3118|1404|429|507|2220|1785|287|274|24096|2679|24096|2679|0|214
400C200US86599|473246|15442|60259|5648|11873|1840|231|334|781|471|0|239|297|197|9891|1690|3696|1105|5140|1345|1055|425|673|630|12815|2447|106|103|1168|1384|3193|1464|7122|1597|740|430|486|409|0|239|9339|2693|3780|2352|2983|985|1607|683|0|239|552|352|417|600|26158|3600|2393|1243|514|452|1253|661|566|449|1161|682|770|489|1702|919|95|124|588|371|85|142|106|126|4575|1170|1481|730|3057|1195|685|461|4441|1601|2686|1167|74|123|92882|6300|7871|1449|4766|1286|3353|1089|394|293|1019|781|704|369|2401|744|0|239|37819|3905|1875|2498|1584|1185|0|239|28113|3921|2391|1002|163|187|166|289|2290|1043|921|672|203|199|113|124|34649|4291|74|100|836|486|718|857|1347|660|400|255|12353|2778|0|239|3129|1389|15792|3338|0|239|12065|3894|308|522|82|137|93|156|1993|1895|1363|1109|360|304|1022|804|1653|708|2271|1710|2206|2281|576|381|29|49|0|239|109|126|478|526|18407|3789|2679|1208|230|293|653|647|571|510|0|239|306|327|373|347|113|135|433|436|456|547|0|239|296|479|0|239|160|249|8339|2787|68|112|5988|2535|1859|1180|0|239|424|454|1890|877|1890|877|0|239|3996|1725|0|239|1172|1532|157|273|0|239|1833|854|84|143|438|445|0|239|312|365|1047|1136|1902|734|1246|502|1160|490|86|98|0|239|218|355|438|449|0|239|299796|11489|281015|11820|136734|8660|855|540|828|600|79483|8363|429|398|16388|3129|297|332|14874|4400|15540|4120|315|357|0|239|6350|2738|259|351|1116|775|59129|6959|516|456|2068|1241|5072|1830|5122|2480|10564|3639|29933|4451|2442|1279|3412|1206|0|239|85152|8060|1935|843|920|786|9464|2782|896|446|28194|4576|3204|1180|2934|1272|8445|2864|1664|1097|26405|5685|1091|1005|18781|3394|18731|3394|50|86
400C200US92242|1408142|23943|102247|6046|21543|2726|638|305|1964|668|450|243|1457|512|16090|2560|8863|2134|6353|1303|874|418|944|637|22620|2255|496|262|1109|540|6875|1418|10362|1658|2123|961|1428|671|227|369|15577|2377|2848|928|5898|1475|2539|881|0|210|4227|1646|65|108|42162|4852|3631|2243|1619|794|811|643|2445|1121|640|504|1134|594|786|401|1045|495|351|239|1419|1543|345|353|2158|715|3813|1283|11223|2113|1206|801|5355|1346|4181|1298|345|315|509351|11048|142321|8276|74441|5222|58657|4964|3955|942|11829|2382|9466|2397|56055|5375|2359|1545|213607|11089|22339|3970|16332|4360|46|95|106326|8986|22680|3175|1033|580|17119|4846|21750|3918|3249|1825|1767|1000|966|699|111980|6565|1876|830|3607|1658|6316|2556|1121|548|3493|1505|44525|4802|606|423|7949|1837|42448|3906|39|66|39473|5670|935|663|756|505|211|187|7319|2315|4576|1476|1397|562|1556|645|3533|1423|4909|2655|3023|1373|7897|2027|970|518|866|727|1525|945|1970|920|248807|16118|99158|11432|5285|2147|75320|10055|5724|2584|2684|2100|855|525|3672|2195|2986|1670|2632|1113|25144|5259|21987|4833|948|776|1651|861|558|537|25222|5053|1340|680|8213|2870|6286|1792|8299|3398|1084|661|5209|1709|4882|1682|327|333|88209|9561|168|260|27435|3453|2919|1524|4230|1815|30641|5072|2375|1261|12834|3499|3545|1967|4062|2164|5865|1986|3326|1248|2590|981|2135|944|455|386|86|102|0|210|0|210|650|654|544411|14332|533460|14380|60433|8432|613|446|1043|628|5100|1428|171|283|12315|3558|651|557|6770|2967|22675|5331|79|126|253|318|7612|1846|1601|1062|1550|1109|334030|13537|105|169|2170|1104|175333|10747|48932|7161|49041|8734|40267|5940|11858|3213|6042|2379|282|341|138997|8512|9561|2649|32870|5170|14640|3764|4273|1329|17977|3197|8201|2833|5456|1582|34001|4847|919|635|10239|3773|860|463|10951|2100|10739|2133|212|281
5001800US2408|252910|9751|28240|2999|4362|1168|221|168|303|248|116|141|283|186|3133|1003|1934|948|910|438|289|294|306|386|6616|1435|157|130|308|301|2349|848|2695|925|401|269|706|497|0|224|4203|966|700|400|1447|543|1467|737|0|224|589|489|0|224|12908|2756|451|539|415|477|48|79|939|1000|90|150|718|524|183|153|181|219|28|46|851|1379|165|271|612|305|634|467|3821|1387|236|252|2171|920|1365|955|151|249|89653|5339|33634|3415|22271|2880|16755|2726|1355|633|4161|985|1584|728|9779|2281|0|224|32568|4559|1027|1063|4283|2404|0|224|14714|3539|8158|2120|72|123|712|612|2337|1423|876|581|275|270|114|198|17421|3386|700|521|408|328|1970|1903|215|225|453|334|6728|2340|190|255|884|469|5873|1867|0|224|5990|2085|569|598|293|275|0|224|270|314|853|419|65|111|266|228|1325|1213|333|349|183|186|1274|636|186|189|0|224|373|615|40|67|47012|6596|30657|6650|1036|597|26520|6696|1631|2057|0|224|0|224|353|342|655|530|462|475|3054|1325|2870|1254|129|209|0|224|55|97|1684|1152|49|82|627|444|299|234|652|1051|57|95|1171|690|1032|649|139|239|9666|2689|0|224|2066|1104|745|662|388|340|3122|1409|1041|746|0|224|258|323|2046|1904|780|583|451|317|451|317|379|295|72|119|0|224|0|224|0|224|0|224|87554|7134|84973|6955|9289|2831|441|490|67|111|540|275|0|224|2772|1254|203|253|1763|1828|1870|874|0|224|0|224|947|566|515|551|171|145|48678|5594|0|224|446|477|23578|4839|7260|3144|10598|3856|3959|1596|2307|1545|530|395|0|224|27006|4893|902|481|3008|2003|7225|3321|1053|799|3271|1608|483|403|1281|776|6596|2353|66|114|3055|2079|66|112|2581|858|2418|829|163|273
5001800US2507|243002|11130|20659|2877|4151|1131|0|222|1451|652|0|222|123|147|2577|887|1901|799|632|366|44|72|0|222|3728|980|21|33|228|278|1350|611|1392|574|349|262|388|253|0|222|4190|1322|423|360|1522|833|1497|725|209|252|748|585|0|222|8590|1967|740|636|370|363|379|563|607|341|58|98|325|343|259|293|278|345|0|222|124|212|0|222|438|264|642|368|2517|1216|390|394|774|472|689|536|0|222|59301|4680|27824|3318|21755|3170|18768|2940|2013|800|974|480|2188|1029|3770|1528|111|120|12119|2216|95|125|348|302|0|222|8562|1839|677|561|116|108|670|640|1223|822|242|300|0|222|186|266|15073|3013|488|417|1029|836|927|640|0|222|230|315|1238|619|683|379|577|327|9901|2812|0|222|4179|1446|0|222|684|773|0|222|237|395|680|411|76|123|93|155|379|374|333|271|0|222|1424|915|109|174|0|222|164|194|106|155|29156|5295|8058|2325|977|842|3700|1426|1441|1056|980|986|42|68|39|67|0|222|879|924|641|550|0|222|0|222|91|148|550|534|5220|1893|859|539|956|866|2807|1369|152|247|446|618|181|208|181|208|0|222|14335|4187|11292|4024|1041|955|0|222|0|222|1169|792|0|222|0|222|0|222|833|663|721|663|634|340|634|340|512|274|122|204|0|222|0|222|0|222|0|222|133252|8998|130008|8905|62251|7008|0|222|1807|993|378|318|146|225|24137|4079|319|483|19664|4253|9815|2635|0|222|174|279|4585|2805|140|232|1086|798|36440|5152|0|222|1043|982|17330|4056|7705|3004|6116|2466|2925|1358|231|190|95|114|995|678|31317|5040|529|381|71|86|12586|2451|1243|921|13710|3881|974|493|455|365|1101|1157|55|92|510|293|83|71|3244|892|3244|892|0|222
5001800US5108|203404|10350|17451|2678|4882|1432|176|161|215|200|103|122|190|160|3942|1270|2404|1079|1334|546|204|168|256|410|2611|876|87|96|381|399|597|337|1129|559|332|280|85|109|0|214|2389|775|346|230|1165|636|371|341|0|214|507|369|0|214|7422|1970|851|986|508|536|360|414|535|494|175|287|0|214|203|214|48|80|92|111|58|97|54|90|240|199|663|405|2134|975|193|314|884|635|424|318|147|170|74936|6209|22370|3702|10726|2109|9050|1892|485|358|1191|576|1835|1206|7986|2107|1823|1521|24212|4373|5715|2309|1887|1101|46|95|8832|2021|2898|1224|0|214|832|585|2271|1199|1132|1569|43|77|556|638|20825|3496|82|99|993|1234|1427|827|291|340|1085|1050|5510|1346|224|314|2230|944|8983|2178|0|214|6920|2025|127|217|0|214|81|100|1601|1181|1087|618|92|118|279|241|417|258|574|386|988|663|429|354|134|163|720|686|391|475|609|485|36974|5043|20492|3782|1165|1468|15777|3181|469|543|2268|2178|0|214|334|498|299|347|180|225|963|689|63|74|0|214|871|677|29|49|7574|3154|0|214|631|597|3625|1273|3164|2603|154|267|1263|861|1119|813|144|243|5778|2097|0|214|2570|1183|0|214|0|214|1220|1115|0|214|1988|1544|0|214|0|214|904|946|1275|722|945|509|647|339|298|377|0|214|0|214|0|214|330|515|72768|6986|71191|7031|5113|1531|182|310|89|149|1343|618|0|214|1355|685|0|214|551|771|1172|698|0|214|0|214|421|431|0|214|0|214|42804|5870|0|214|327|314|19968|4436|6217|2351|5191|2292|4911|2268|4108|2385|1800|1451|282|341|23274|4299|2317|1061|8760|2688|1348|608|488|457|1438|708|1721|1008|62|103|6400|2877|100|123|297|246|343|214|1577|617|1577|617|0|214
5001800US5111|237081|9766|15854|2648|4008|1137|45|75|368|252|94|111|346|338|2925|1042|1804|820|1024|603|97|118|230|143|3291|876|107|178|195|151|857|493|1525|522|521|473|86|101|0|214|2322|970|489|351|1421|845|281|256|0|214|131|165|0|214|6233|1619|262|311|422|458|233|277|534|458|209|277|155|151|99|119|97|116|44|72|0|214|0|214|462|385|889|601|1553|919|208|261|719|364|347|312|0|214|140439|7193|42574|4139|17306|2598|13339|2082|491|289|3476|1958|2613|1403|22416|3142|239|299|58445|7356|5500|2332|5194|3032|0|214|30812|5100|5110|1488|370|305|5221|3112|4991|1368|41|69|1109|882|97|139|27448|3133|275|419|751|451|383|256|200|256|592|443|8576|2065|118|121|2681|1430|13872|2455|0|214|10980|3507|197|330|184|302|83|135|1211|823|632|503|764|492|416|290|1011|600|3373|2657|756|602|1879|1127|155|195|146|246|173|225|992|618|21324|3123|8005|1953|1271|827|5212|1635|498|379|209|289|0|214|0|214|527|500|288|229|1331|814|885|620|0|214|173|293|273|455|4264|1490|141|204|1908|863|759|687|999|743|457|387|765|555|765|555|0|214|5352|1925|0|214|3655|1688|84|144|201|300|119|150|58|94|953|711|172|205|110|130|1607|1244|370|255|328|253|243|215|85|138|42|69|0|214|0|214|0|214|59094|6409|57204|6262|2374|770|0|214|45|72|542|444|0|214|347|246|0|214|157|193|805|556|0|214|0|214|412|502|0|214|66|113|30172|4838|0|214|220|280|11360|2512|3670|1592|8540|3140|4227|1639|607|545|1548|1198|0|214|24658|4125|1655|1009|7075|2217|1388|901|890|633|2604|1312|190|195|35|58|8637|2705|257|246|1643|1111|284|274|1890|713|1841|706|49|81
9700000US0622710|1625029|20151|98665|6477|23542|2818|435|291|1720|758|833|801|1147|495|18865|2730|10083|1803|8330|1817|452|289|542|299|17819|2623|799|482|539|353|6840|2087|7391|1432|1452|539|608|356|190|221|8533|1823|887|443|4474|1256|655|520|0|218|2517|1083|0|218|48433|5114|198|266|1816|1043|268|272|1128|594|2190|1177|1235|452|1154|561|414|359|342|203|1400|1030|0|218|1595|537|2956|969|16325|2928|1622|1049|13605|3071|2185|819|338|345|463799|14461|148056|8362|51155|4274|37256|4004|4430|1192|9469|2019|13333|2194|82327|6963|1241|1268|98127|7594|1642|1058|6655|2441|0|218|23615|3837|57154|5838|3064|1964|640|706|2525|918|1058|466|928|731|846|501|144716|8217|1735|753|4110|1738|3871|1272|768|432|441|240|103842|7276|1246|599|7890|1621|20813|3870|0|218|72064|6120|38373|5023|2402|1008|973|645|3751|1649|10057|2111|1640|1137|539|560|5819|1573|554|413|3321|1052|4285|1345|73|102|0|218|277|264|836|656|28344|3849|7031|2030|550|426|4029|1692|1057|725|0|218|346|360|458|377|166|172|425|326|1003|741|791|721|0|218|117|194|95|111|7933|1944|312|262|5749|1786|1029|522|388|634|455|523|5546|1587|5546|1587|0|218|6007|1980|0|218|797|760|0|218|40|66|3919|1598|354|418|487|475|0|218|410|390|824|871|7283|1632|5594|1605|4906|1547|688|405|671|486|0|218|86|143|932|580|1026938|21112|1013338|21163|12740|2638|197|160|55|92|5369|1450|0|218|794|594|31|52|2165|1456|3011|1173|0|218|0|218|295|223|739|755|84|103|946576|21171|7841|1960|1954|845|180558|10422|140776|10419|27956|4594|573384|16003|12542|2736|1261|555|304|265|54022|5709|6191|1419|2713|1130|6359|1891|2872|944|13054|3165|6729|1983|228|259|10264|2305|521|348|4563|2268|528|301|13600|1898|13519|1883|81|100
9700000US1200180|731106|15867|52001|6086|12274|4375|0|239|1342|1414|81|133|1224|708|9556|4061|5382|3540|3888|1375|286|241|71|116|9849|2143|355|379|410|307|3065|1921|4894|1325|916|500|171|173|38|63|6864|1527|907|500|3607|1318|568|360|0|239|1782|629|0|239|22672|3569|183|300|2016|1225|61|101|505|368|275|300|1256|1001|1323|550|0|239|239|234|1294|842|0|239|2787|1310|3345|1167|5249|1893|556|337|2599|1141|984|571|342|420|59321|4458|9701|2629|7839|2470|6761|2383|658|416|420|485|444|273|1418|711|0|239|23310|4488|0|239|2560|1725|0|239|12747|4188|961|690|472|629|482|516|4933|2528|317|236|306|289|532|535|13302|2681|688|698|52|84|0|239|0|239|217|232|6373|2253|65|109|813|574|5094|2101|0|239|11886|2476|283|288|74|125|115|191|226|251|5248|1565|341|454|705|569|788|398|1023|959|740|900|1926|1352|417|455|0|239|0|239|1122|935|10048|2977|2546|1544|40|66|1229|1339|827|627|0|239|0|239|0|239|234|290|216|227|61|103|0|239|61|103|0|239|0|239|3522|1223|381|251|2095|949|898|564|0|239|148|247|1970|2162|1970|2162|0|239|1680|1071|0|239|67|110|0|239|151|263|1366|995|96|112|0|239|0|239|0|239|269|307|728|523|586|475|586|475|0|239|0|239|0|239|0|239|142|241|609008|15591|592118|15538|289764|14743|6504|2369|834|680|66140|6760|1076|712|23215|5913|209|161|88961|9754|85061|7315|2206|1521|271|360|12031|2791|662|626|2594|1927|74617|8476|1904|1442|1885|894|12458|4025|13091|6036|17294|4311|15969|3365|9331|3093|2685|981|0|239|227737|14029|11980|2550|1495|1073|31391|5700|4746|1741|70535|8189|12524|2604|6684|1944|25630|6368|1678|1011|59598|7810|1476|1168|16890|2810|16622|2795|268|389
9700000US1200390|1451888|18146|48190|4823|5555|1409|279|274|221|190|460|443|331|219|4169|1213|2832|900|1175|633|162|159|95|121|12318|2389|298|196|362|289|5346|1498|4600|1405|505|355|1207|931|0|239|17037|2735|981|822|5553|1246|474|427|0|239|9963|1994|66|112|13153|2223|76|91|583|319|0|239|809|670|257|202|296|221|624|400|179|181|94|110|510|620|0|239|878|601|962|559|4121|1318|358|381|2259|1070|1147|631|127|210|38726|3892|7495|2545|5655|2405|4823|2360|219|214|613|369|439|321|1401|793|0|239|11437|2566|276|358|1267|841|0|239|5625|2036|2142|1136|47|80|0|239|1468|879|118|144|494|388|0|239|10633|3236|17|29|622|656|101|120|54|92|33|54|6121|2114|63|72|795|683|2827|2360|0|239|9112|2100|0|239|296|424|80|134|302|303|2423|971|917|783|145|238|734|449|644|566|951|640|2460|930|61|102|0|239|99|178|49|84|8890|2748|2053|960|0|239|581|481|231|290|0|239|198|366|211|244|190|219|642|586|1347|1175|1228|1158|0|239|74|87|45|76|3502|1812|97|115|1769|1357|961|587|654|804|21|38|896|600|896|600|0|239|969|793|0|239|0|239|0|239|38|63|449|560|405|525|0|239|0|239|77|120|123|200|771|502|366|302|366|302|0|239|0|239|0|239|0|239|405|466|1355311|18510|1348156|18409|794311|20636|4713|1590|201|251|643954|17189|1061|590|39163|5351|342|289|78492|9861|20256|3145|146|176|68|84|4283|1692|180|231|1452|787|202387|9468|349|249|4096|1199|15602|3633|17300|4260|41808|6274|34290|5212|80692|7664|7678|2048|572|493|351458|15031|29422|5044|3713|1573|20906|3147|8331|1917|104781|8659|18836|3788|4314|1971|37103|5067|5899|1965|117356|9590|797|389|7155|2384|6855|2438|300|335
9700000US1201500|413933|13426|41835|3894|8171|1682|629|691|1104|686|318|294|415|294|4945|1189|2049|786|2360|920|536|552|760|421|9290|2042|553|401|322|283|2764|1150|4779|1207|84|141|788|967|0|239|6193|1405|714|439|3208|1061|1032|591|168|280|1105|514|134|191|18005|2614|381|524|1024|579|91|150|888|844|353|361|864|658|1541|695|90|107|302|436|223|366|131|157|2238|770|1507|658|3332|1802|311|289|3350|1328|1379|743|176|295|37469|3912|7878|1702|4968|1372|3689|1297|576|277|703|541|961|534|1949|995|0|239|12985|3427|0|239|2204|1202|0|239|6044|1690|830|567|1477|1965|47|83|1351|996|299|401|658|486|75|125|10430|2592|139|227|126|169|84|105|28|46|0|239|4832|1782|0|239|498|285|4723|2440|0|239|5600|1369|0|239|257|421|0|239|96|111|1883|614|299|474|0|239|834|447|424|519|230|238|1083|745|293|259|0|239|201|337|576|518|7666|2833|1138|781|0|239|0|239|660|668|0|239|177|295|0|239|109|106|192|226|221|363|0|239|0|239|0|239|221|363|2594|1624|28|46|2012|1510|554|518|0|239|0|239|2789|1970|2711|1959|78|131|924|712|29|48|155|206|73|123|127|216|540|620|0|239|0|239|0|239|0|239|0|239|1351|609|851|435|426|349|425|315|0|239|0|239|22|39|478|398|325612|11378|313885|11394|159266|10055|1636|1042|531|398|35975|5091|248|281|8275|2220|171|286|76537|9510|27727|4496|398|412|135|229|6640|2519|328|414|665|556|75234|7088|199|215|2293|1462|6328|2311|28874|5322|9474|3088|19592|3522|7716|2912|758|373|0|239|79385|7490|2157|887|770|422|16586|3765|2807|952|25352|4079|5823|2211|2164|858|11035|2284|1136|988|11206|3241|349|287|11727|2062|11665|2049|62|102
9700000US1709930|548452|19001|85135|7021|7261|1815|251|261|1459|515|141|171|248|189|5088|1617|3717|1439|1318|621|53|100|74|68|8877|2258|1014|608|263|220|2997|1548|3920|1187|174|234|509|610|0|206|7833|1429|2985|1144|3504|1025|286|468|0|206|1058|564|0|206|61060|6065|2422|1748|305|282|4411|1823|2729|1359|1434|919|212|183|235|207|293|347|725|465|230|241|237|240|23639|3098|6763|2374|4621|2042|3116|1692|6591|1978|3097|2537|104|170|139434|7991|50465|4714|38498|4386|33521|3922|3089|1132|1888|741|2013|1115|9414|2432|540|488|41201|5300|1411|1332|1218|1308|0|206|28095|4992|1682|914|680|909|1124|815|5469|2157|905|1368|0|206|617|620|36058|4999|195|269|1103|1408|399|369|240|391|2013|1688|23020|4350|324|289|1581|884|7183|1842|0|206|9949|2400|132|217|197|199|0|206|1923|908|1197|764|1455|1033|347|286|614|593|949|908|893|644|1937|787|128|140|105|124|72|87|1761|1202|25472|4982|5428|2315|88|144|2656|1530|1350|1043|749|558|0|206|140|232|53|89|392|484|973|1177|855|1165|118|176|0|206|0|206|2108|1141|138|245|1454|1037|405|274|0|206|111|187|1349|1199|1349|1199|0|206|15113|3833|0|206|1830|802|361|498|491|492|9593|2659|347|378|344|441|0|206|2147|2742|501|517|1189|627|937|692|773|645|164|251|0|206|0|206|0|206|252|335|297222|14437|293290|14205|9861|2229|88|138|79|131|2852|1082|0|206|848|559|0|206|2136|1244|3270|1404|0|206|0|206|506|385|82|133|0|206|248392|12332|3191|1541|509|382|3375|2163|9878|2570|4098|1751|225629|11405|1562|913|150|162|0|206|35037|6712|933|744|132|167|5055|2227|1007|935|8200|2810|8648|2697|49|79|2189|918|327|368|8436|4145|61|103|3932|1336|3932|1336|0|206
9700000US2400480|358504|9393|34332|3177|5324|1381|221|168|331|255|116|141|283|186|4067|1217|2577|1109|1178|534|312|298|306|386|7628|1502|221|170|308|301|2712|894|3249|917|432|270|706|497|0|224|4838|969|700|400|1664|602|1569|756|0|224|905|561|0|224|16391|3150|685|622|539|583|48|79|1006|965|90|150|718|524|183|153|181|219|28|46|851|1379|165|271|735|320|1329|1216|5183|1559|620|607|2499|974|1531|937|151|249|130861|4934|47836|3987|32821|3843|25560|3697|2192|718|5069|1213|2606|1581|12272|2449|137|229|50979|5615|1175|1085|4937|2505|0|224|25095|4428|10165|2500|272|246|4679|3184|2385|1422|1688|854|303|273|280|285|24587|3830|1002|563|568|419|2492|1941|215|225|632|498|9860|2521|190|255|1620|711|8008|2049|0|224|7245|2214|611|602|411|341|0|224|309|322|1190|526|65|111|313|240|1346|1212|484|418|316|256|1371|693|456|418|0|224|373|615|214|238|62228|6401|34989|6758|1136|649|29098|6733|2574|2263|0|224|330|347|458|384|655|530|738|589|6232|1883|5799|1846|129|209|173|230|131|151|2163|1289|244|335|678|452|299|234|885|1113|57|95|1416|882|1277|850|139|239|16497|3167|0|224|5643|1578|964|739|1107|698|3850|1482|1313|837|540|520|498|408|2582|2016|931|641|493|332|493|332|421|309|72|119|0|224|0|224|0|224|0|224|130590|6794|127765|6738|12738|3159|544|517|157|190|854|528|0|224|3416|1307|203|253|2326|1948|3106|1321|0|224|253|318|1010|566|698|638|171|145|75634|6480|0|224|615|515|41057|6210|9743|3446|14622|4652|5193|1685|3321|1690|1083|778|0|224|39393|5461|1573|681|6740|3147|7980|3353|1348|978|5323|1889|2863|1938|1569|834|7988|2339|66|114|3877|2325|66|112|2825|879|2662|851|163|273
9700000US3200060|505438|12751|33982|3762|8335|1864|256|219|568|291|120|197|546|422|6801|1726|3013|927|3422|1253|366|233|44|74|6672|1366|543|331|183|219|1954|897|3110|867|598|543|284|227|0|228|3084|936|329|459|1681|639|292|377|0|228|782|482|0|228|15651|2967|0|228|479|585|2104|1736|1213|864|352|381|269|253|435|318|533|451|246|245|282|238|50|85|1376|709|2122|1036|3458|1531|425|458|1232|707|1075|579|240|402|174297|6102|38150|3864|23998|2885|15877|2319|2721|870|5400|1316|3500|1100|10652|2136|0|228|17578|3868|1358|888|116|193|223|371|6613|2563|6008|1973|80|137|339|381|1533|931|692|620|492|439|124|210|110117|6349|38|65|1002|659|1402|731|1421|823|989|591|89074|6599|172|285|6081|1519|9938|2701|0|228|7780|2482|1357|979|0|228|170|210|1101|903|1061|729|464|385|56|90|1424|660|339|402|1021|1089|471|383|40|61|0|228|276|266|672|553|15948|3770|11806|3550|145|184|8451|2793|1241|1018|398|651|0|228|682|974|664|985|225|326|0|228|0|228|0|228|0|228|0|228|2479|1194|89|151|969|666|996|851|186|259|239|243|102|175|102|175|0|228|1537|1064|0|228|37|62|0|228|0|228|813|690|0|228|307|498|380|603|0|228|24|52|3235|1126|1412|680|1188|675|224|191|288|275|0|228|200|282|1335|1205|277976|9278|268144|9285|35832|5473|0|228|39|65|30607|4991|0|228|1861|1020|0|228|461|382|710|567|0|228|0|228|1246|925|0|228|908|912|215394|10667|1448|898|1310|778|18959|3775|10473|3228|5349|2739|172049|9181|5180|2407|626|428|0|228|16918|3794|2104|1240|497|367|3005|1224|1218|619|3868|1533|514|464|127|130|3899|1960|101|121|1349|908|236|249|9832|2174|9832|2174|0|228
9700000US3620580|3065136|33107|408648|14378|47054|4904|1817|988|11215|2439|2694|2483|2050|731|28006|3068|16939|2912|10288|1673|779|429|1272|655|46350|4170|2264|797|2332|1180|20054|3491|15640|2276|3092|1278|2834|1182|134|209|69416|5781|17663|2979|36874|4734|2063|888|0|217|11683|3129|1133|899|242759|11789|18451|4578|13813|2605|1945|1039|4398|1183|2913|948|3806|1177|5794|1898|1172|701|1782|1100|5130|2138|1583|1298|31507|4130|8331|2246|48411|5492|2684|1365|65719|7394|25320|4295|3069|1538|928100|16418|467044|10979|397894|11987|347231|10968|31390|3299|19273|2633|18207|2919|50825|5901|118|155|275405|14063|4546|2798|97506|7911|422|589|68805|7327|5772|1775|7792|2845|12802|3231|37156|5672|4693|1844|28516|4598|7395|2285|100586|6896|6728|2679|2183|933|7014|2158|181|224|7120|2150|53997|4797|2410|915|6212|1526|14479|3153|262|282|80285|8919|4228|2029|3140|1412|12865|3756|391|280|19250|3844|1832|786|1289|813|5848|2052|1178|569|6816|2678|10541|2574|988|480|10049|4225|1870|705|4780|2340|173224|13736|13264|3479|810|755|4364|1845|1760|977|556|517|737|942|225|212|583|663|4229|1936|5251|2292|1704|1099|2041|1963|1317|860|189|209|36723|6940|2985|1329|20677|4386|7297|1845|2409|2196|3355|4006|4927|1789|4927|1789|0|217|105597|10259|353|581|33683|6313|8307|3327|2956|1571|23187|4017|8753|2857|2796|1435|4397|2714|21165|5338|7462|2512|9423|2797|8046|2508|7276|2355|770|546|0|217|0|217|0|217|1377|1381|1545741|24097|1519424|23814|811465|24773|1131|645|17565|2783|10072|2180|5471|1530|419526|20307|16716|3439|78316|8464|151559|10753|9570|3079|10176|2600|72125|6556|6306|1847|12932|3041|281655|12174|6517|2034|4564|1699|27014|4094|30874|5796|27886|4526|166670|11336|5603|1999|12527|2221|0|217|426304|14028|9734|2072|2072|1080|14318|2910|5727|1800|78001|6938|121999|9713|137769|9590|28644|4591|3786|1740|17537|2971|6717|2690|26317|3073|26110|3096|207|248
9700000US4823640|397379|17888|20627|3929|6604|2564|236|395|94|113|0|237|489|284|5785|2465|3331|2171|2006|983|448|283|0|237|6283|1766|199|193|0|237|2222|811|3137|1289|676|550|49|82|0|237|2134|946|713|490|537|370|0|237|0|237|884|589|0|237|5598|1896|97|162|171|220|172|169|0|237|404|530|135|149|326|435|75|92|0|237|0|237|0|237|527|371|298|247|1167|566|106|179|1626|1443|494|372|8|17|69446|6233|19224|2635|14632|2446|11059|2275|851|457|2722|1020|1743|815|2849|1017|0|237|25390|4275|2812|1834|975|948|0|237|13576|3262|4413|2237|300|259|584|481|2008|1066|722|473|0|237|0|237|17602|2818|186|175|175|289|553|413|95|111|600|372|5498|1891|311|286|445|388|9739|2206|0|237|6901|1547|0|237|441|445|94|163|667|624|746|537|302|301|344|340|1251|719|525|389|496|355|1481|732|516|345|0|237|38|65|329|301|26070|5375|4804|1725|367|455|1736|924|1596|1178|0|237|89|147|365|596|27|46|624|879|1557|1006|660|699|112|194|57|98|728|650|3464|1926|642|463|1057|650|297|324|1332|1719|136|190|1358|843|1358|843|0|237|13811|4285|0|237|683|494|102|170|96|155|10469|3668|0|237|805|866|0|237|1656|1465|1076|844|1292|706|1050|617|912|589|138|156|0|237|0|237|168|202|74|115|279944|15182|276361|14869|9768|2693|629|991|0|237|5732|2130|122|155|889|562|0|237|635|538|794|906|310|266|0|237|235|243|52|85|370|562|243654|14650|301|296|416|324|37935|5635|20663|5112|34306|6505|147717|10921|2233|1122|83|100|0|237|22939|4358|1935|789|296|243|2110|906|188|161|5580|1999|1758|1124|449|265|985|498|234|376|9025|2950|379|515|3583|1028|3507|1024|76|127
9700000US5101260|349212|9762|23346|3569|5973|1486|149|151|445|267|94|111|394|345|4584|1346|2830|1118|1657|775|97|118|307|190|4549|1079|150|188|240|169|1148|534|2360|784|565|476|86|101|0|214|2736|972|530|359|1471|833|352|290|0|214|383|327|0|214|9941|2357|886|996|473|465|572|504|628|499|209|277|155|151|142|138|145|143|102|119|58|97|54|90|345|306|1220|699|2550|1266|401|404|1344|653|657|435|147|170|186522|7160|54879|5108|22981|2940|17789|2507|1051|473|4141|2036|3269|1461|28313|3832|316|322|73056|7323|9602|2947|5835|3138|0|214|35804|4965|6416|1697|370|305|5697|3146|6808|1627|1114|1564|1109|882|301|367|42533|3789|357|428|1698|1257|894|536|338|356|1493|1129|11806|2343|312|294|3690|1548|21945|3168|0|214|14604|3841|324|394|184|302|83|135|1980|1133|897|574|798|504|506|334|1334|700|3465|2621|1526|870|2055|1159|289|251|640|647|523|469|1450|769|38474|3787|18143|3081|2210|1482|11727|2606|548|363|2543|2110|0|214|24|39|623|523|468|321|1772|947|913|621|0|214|557|538|302|457|6077|1722|141|204|2036|887|2143|991|1300|855|457|387|1456|839|1312|804|144|243|8919|2726|0|214|5039|1841|84|144|0|214|931|1064|58|94|2525|1596|172|205|110|130|2107|1486|714|382|672|380|587|366|85|138|42|69|0|214|0|214|0|214|100156|5639|97600|5434|5029|1403|0|214|45|72|1140|544|0|214|1203|680|0|214|708|806|1349|774|0|214|0|214|518|513|0|214|66|113|55530|5510|0|214|220|280|21939|3761|8002|2273|12598|3562|7902|2786|2661|2167|1926|1236|282|341|37041|4885|2601|1074|11410|2957|1931|879|1105|571|3107|1599|1003|687|97|116|13192|3805|357|280|1814|1132|424|322|2556|825|2507|820|49|81
