GEO_ID|B05006_E001|B05006_M001|B05006_E002|B05006_M002|B05006_E003|B05006_M003|B05006_E004|B05006_M004|B05006_E005|B05006_M005|B05006_E006|B05006_M006|B05006_E007|B05006_M007|B05006_E008|B05006_M008|B05006_E009|B05006_M009|B05006_E010|B05006_M010|B05006_E011|B05006_M011|B05006_E012|B05006_M012|B05006_E013|B05006_M013|B05006_E014|B05006_M014|B05006_E015|B05006_M015|B05006_E016|B05006_M016|B05006_E017|B05006_M017|B05006_E018|B05006_M018|B05006_E019|B05006_M019|B05006_E020|B05006_M020|B05006_E021|B05006_M021|B05006_E022|B05006_M022|B05006_E023|B05006_M023|B05006_E024|B05006_M024|B05006_E025|B05006_M025|B05006_E026|B05006_M026|B05006_E027|B05006_M027|B05006_E028|B05006_M028|B05006_E029|B05006_M029|B05006_E030|B05006_M030|B05006_E031|B05006_M031|B05006_E032|B05006_M032|B05006_E033|B05006_M033|B05006_E034|B05006_M034|B05006_E035|B05006_M035|B05006_E036|B05006_M036|B05006_E037|B05006_M037|B05006_E038|B05006_M038|B05006_E039|B05006_M039|B05006_E040|B05006_M040|B05006_E041|B05006_M041|B05006_E042|B05006_M042|B05006_E043|B05006_M043|B05006_E044|B05006_M044|B05006_E045|B05006_M045|B05006_E046|B05006_M046|B05006_E047|B05006_M047|B05006_E048|B05006_M048|B05006_E049|B05006_M049|B05006_E050|B05006_M050|B05006_E051|B05006_M051|B05006_E052|B05006_M052|B05006_E053|B05006_M053|B05006_E054|B05006_M054|B05006_E055|B05006_M055|B05006_E056|B05006_M056|B05006_E057|B05006_M057|B05006_E058|B05006_M058|B05006_E059|B05006_M059|B05006_E060|B05006_M060|B05006_E061|B05006_M061|B05006_E062|B05006_M062|B05006_E063|B05006_M063|B05006_E064|B05006_M064|B05006_E065|B05006_M065|B05006_E066|B05006_M066|B05006_E067|B05006_M067|B05006_E068|B05006_M068|B05006_E069|B05006_M069|B05006_E070|B05006_M070|B05006_E071|B05006_M071|B05006_E072|B05006_M072|B05006_E073|B05006_M073|B05006_E074|B05006_M074|B05006_E075|B05006_M075|B05006_E076|B05006_M076|B05006_E077|B05006_M077|B05006_E078|B05006_M078|B05006_E079|B05006_M079|B05006_E080|B05006_M080|B05006_E081|B05006_M081|B05006_E082|B05006_M082|B05006_E083|B05006_M083|B05006_E084|B05006_M084|B05006_E085|B05006_M085|B05006_E086|B05006_M086|B05006_E087|B05006_M087|B05006_E088|B05006_M088|B05006_E089|B05006_M089|B05006_E090|B05006_M090|B05006_E091|B05006_M091|B05006_E092|B05006_M092|B05006_E093|B05006_M093|B05006_E094|B05006_M094|B05006_E095|B05006_M095|B05006_E096|B05006_M096|B05006_E097|B05006_M097|B05006_E098|B05006_M098|B05006_E099|B05006_M099|B05006_E100|B05006_M100|B05006_E101|B05006_M101|B05006_E102|B05006_M102|B05006_E103|B05006_M103|B05006_E104|B05006_M104|B05006_E105|B05006_M105|B05006_E106|B05006_M106|B05006_E107|B05006_M107|B05006_E108|B05006_M108|B05006_E109|B05006_M109|B05006_E110|B05006_M110|B05006_E111|B05006_M111|B05006_E112|B05006_M112|B05006_E113|B05006_M113|B05006_E114|B05006_M114|B05006_E115|B05006_M115|B05006_E116|B05006_M116|B05006_E117|B05006_M117|B05006_E118|B05006_M118|B05006_E119|B05006_M119|B05006_E120|B05006_M120|B05006_E121|B05006_M121|B05006_E122|B05006_M122|B05006_E123|B05006_M123|B05006_E124|B05006_M124|B05006_E125|B05006_M125|B05006_E126|B05006_M126|B05006_E127|B05006_M127|B05006_E128|B05006_M128|B05006_E129|B05006_M129|B05006_E130|B05006_M130|B05006_E131|B05006_M131|B05006_E132|B05006_M132|B05006_E133|B05006_M133|B05006_E134|B05006_M134|B05006_E135|B05006_M135|B05006_E136|B05006_M136|B05006_E137|B05006_M137|B05006_E138|B05006_M138|B05006_E139|B05006_M139|B05006_E140|B05006_M140|B05006_E141|B05006_M141|B05006_E142|B05006_M142|B05006_E143|B05006_M143|B05006_E144|B05006_M144|B05006_E145|B05006_M145|B05006_E146|B05006_M146|B05006_E147|B05006_M147|B05006_E148|B05006_M148|B05006_E149|B05006_M149|B05006_E150|B05006_M150|B05006_E151|B05006_M151|B05006_E152|B05006_M152|B05006_E153|B05006_M153|B05006_E154|B05006_M154|B05006_E155|B05006_M155|B05006_E156|B05006_M156|B05006_E157|B05006_M157|B05006_E158|B05006_M158|B05006_E159|B05006_M159|B05006_E160|B05006_M160|B05006_E161|B05006_M161|B05006_E162|B05006_M162|B05006_E163|B05006_M163|B05006_E164|B05006_M164|B05006_E165|B05006_M165|B05006_E166|B05006_M166|B05006_E167|B05006_M167|B05006_E168|B05006_M168|B05006_E169|B05006_M169|B05006_E170|B05006_M170|B05006_E171|B05006_M171|B05006_E172|B05006_M172|B05006_E173|B05006_M173|B05006_E174|B05006_M174|B05006_E175|B05006_M175|B05006_E176|B05006_M176|B05006_E177|B05006_M177|B05006_E178|B05006_M178
0100000US|50234841|162666|4861535|55103|913864|18215|25182|3083|116641|7555|19842|2424|45280|4069|682714|16505|330823|11285|298535|10517|53356|4417|24205|3475|890617|18515|37622|3127|38468|4018|179804|9686|519159|13461|74774|4495|38004|4272|2786|964|693689|19163|117468|6760|284510|10458|150049|8659|22167|2535|136202|10954|5460|1358|2348723|39543|117128|10175|72513|6496|108665|8657|70116|6140|40180|3981|67865|5707|59578|4796|20381|2636|36300|4854|55810|6686|31740|5724|390226|14035|156722|10043|424059|15313|35585|3852|510016|22720|151839|8735|14642|3153|15471414|68123|4473722|47739|3023085|37321|2380223|33365|242493|9352|400369|12551|342968|12644|1087657|24372|20012|3374|5075329|62003|233938|17888|353701|14795|50080|7563|3162885|49783|420227|16192|47270|6855|208406|12646|418535|19116|58331|5722|81552|9091|40404|5698|4520778|40266|157626|10002|145915|8765|107266|7908|163820|8517|84684|6370|2157523|33540|39527|3956|268180|10105|1395775|28270|462|290|1332277|34643|113871|9815|33476|5090|35886|4921|224492|17802|153622|9469|91008|7265|36120|3554|138062|9177|59727|7412|121907|11893|184010|12961|33913|3601|79819|10007|26364|3135|69308|8400|2968817|50968|859918|31860|45170|7416|304073|18341|181766|12929|98079|9741|45689|6645|43611|6122|35156|5296|106374|13135|236919|17488|98249|11402|53143|9087|61093|8133|24434|4393|453064|19656|36031|4977|225321|14146|97640|9250|62305|8371|31767|5463|162737|10428|156094|9945|6643|2028|1146928|35971|47699|7326|222781|13085|33355|6176|83875|8161|532602|26797|42478|6448|47627|6924|37507|6748|99004|11271|109251|12099|303835|13393|142945|7346|112037|7058|30908|2779|43872|4561|20654|3530|37336|6193|59028|6238|26629240|122763|25798758|124090|5253901|67390|41246|5836|48573|5492|1688798|38400|28766|4848|1299961|31233|29471|4814|858650|31968|888406|27278|29688|5437|20871|3954|228549|12861|19878|3482|71044|6705|15711024|103282|46299|5112|107652|8295|1539716|35166|1365684|41387|993829|30864|11143711|77843|392764|20553|107163|7141|14206|4200|4833833|60682|210909|10712|90698|8199|725419|26280|137579|10963|1153648|30166|621915|23794|273423|13880|535912|21665|55742|6469|987647|36850|40941|5379|830482|19750|823843|19482|6639|1715
01000A0US|49635500|160884|4788860|53967|894638|17954|24678|3031|114699|7489|19370|2414|44087|4050|668277|16238|325103|11255|291182|10448|51992|4356|23527|3429|865531|18193|36799|3068|37169|4012|177834|9673|501033|13282|72696|4522|37309|4288|2691|935|689136|19150|117109|6758|282774|10495|149233|8632|22151|2533|134649|10893|5371|1368|2324949|39161|116259|10172|71826|6352|108085|8663|69797|6129|40136|3973|67067|5748|58490|4745|20098|2608|35805|4833|54477|6645|31413|5739|386319|14063|155335|10081|418354|15274|34941|3865|505629|22560|150918|8781|14606|3160|15379273|67375|4454681|47349|3013197|37543|2372237|33475|241883|9300|399077|12494|340586|12533|1081525|24126|19373|3281|5054796|62286|233384|17813|352439|14707|49938|7582|3152407|50185|418570|16177|45729|6907|207249|12562|415736|18979|57783|5730|81389|9078|40172|5708|4474521|39532|156535|10097|144758|8773|106440|7953|161722|8466|83658|6405|2129150|33234|39263|3964|264335|10232|1388198|27990|462|290|1326702|34521|113460|9767|33286|5074|35773|4934|224200|17825|153037|9449|90520|7256|36082|3555|137524|9212|59095|7449|121271|11907|182792|13007|33639|3586|79683|9995|26340|3128|68573|8409|2949913|51496|855746|31909|45170|7416|303115|18342|179817|12982|98076|9741|45328|6624|43544|6121|34763|5326|105933|13094|235172|17543|98207|11400|52009|9178|60727|8145|24229|4390|451650|19710|35995|4983|224459|14112|97359|9215|62150|8356|31687|5473|156663|10393|150078|9922|6585|2033|1143044|36191|47699|7326|221492|13111|33343|6179|83484|8177|531090|26830|42478|6448|47377|6926|37422|6762|98659|11237|107638|11925|296993|13342|140130|7261|109455|6965|30675|2782|43393|4502|20029|3571|35222|6059|58219|6208|26220461|120510|25416710|121907|5225881|66907|40874|5742|47802|5467|1679993|38551|28661|4868|1294404|31393|29399|4817|851630|32353|884226|27390|29688|5437|20871|3954|227698|12951|19865|3486|70770|6689|15389729|101827|45343|5077|106811|8287|1525466|34973|1340988|40820|979243|31149|10884464|77063|387917|20452|105291|7129|14206|4200|4801100|60248|209757|10821|88686|8446|721326|26260|136005|10954|1146209|29732|619984|23748|272531|13968|529743|21801|55406|6432|981293|36200|40160|5467|803751|19245|797172|18970|6579|1689
01000C0US|48250022|154215|4636196|51831|855277|17554|23906|3018|111389|7409|17938|2485|42387|4078|637897|16159|311897|10727|277076|10276|48924|4333|21760|3259|819255|17268|35273|3091|35876|3885|170206|9469|472440|12802|67463|4463|35368|4121|2629|925|673846|18368|113846|6660|276685|10287|147287|8711|22020|2533|130758|10527|5270|1363|2273362|37637|114866|10199|71057|6421|107035|8695|67859|5888|38884|3837|61370|5347|56866|4671|19487|2519|35142|4848|53137|6651|30265|5589|378544|14227|152182|10066|407293|15234|33889|3778|496672|22663|148814|8837|14456|3146|15121203|66748|4387786|46574|2979261|37006|2343823|33100|240032|9291|395406|12370|326964|12116|1062319|24120|19242|3290|4994546|61253|232561|17751|348573|14679|49872|7582|3114972|49960|414770|16181|44848|6919|202725|12594|409528|18348|56677|5713|80513|9053|39507|5638|4360355|40246|150760|9635|143538|8675|103860|7858|155003|8361|82716|6374|2067350|32891|37910|3770|251596|9962|1367205|27950|417|284|1310739|34589|112768|9657|33115|5051|34671|5057|223429|17846|151129|9516|89659|7193|35791|3524|135161|8913|58667|7440|120713|11937|178377|12640|33099|3588|78574|9932|25586|3001|67777|8341|2902298|51028|840123|31122|45073|7402|299555|18380|177517|12726|94482|9368|44097|6488|42601|6092|33146|5154|103652|13106|231853|17378|96519|11370|51335|9182|59885|8028|24114|4396|447110|20026|35859|4996|222345|14313|96453|9214|61003|8170|31450|5484|149263|10330|143077|9841|6186|1947|1129848|36043|47699|7326|219309|13057|32871|6110|82156|8077|524292|26875|41801|6484|47342|6926|36579|6670|97799|11236|104101|11735|277731|13455|133405|7182|104269|6941|29136|2774|43006|4432|15584|3154|30619|5473|55117|6217|25312594|114400|24550244|115711|5144516|65801|39789|5608|47542|5447|1651045|37355|28409|4864|1278103|31286|29160|4808|837396|31981|870055|27447|29086|5448|20651|3913|224622|12791|19716|3537|68942|6652|14672392|97564|44657|5093|103916|8437|1493247|33687|1271047|39732|948501|32157|10318700|73479|377009|20191|101348|7167|13967|4224|4733336|60142|205338|10473|87473|8576|711786|26164|132386|11017|1127712|29855|611184|23914|269749|13676|521941|21596|54498|6376|972540|36137|38729|5414|762350|19133|756044|18883|6306|1645
01000C1US|22308315|106268|1950026|29944|356130|10459|11389|2163|47815|4207|8467|1789|20012|3000|259445|10202|145020|7939|98026|5843|16399|2584|9002|2034|362492|11952|15314|2304|19807|3298|94930|7142|187619|7164|26591|2747|16983|2227|1248|619|255099|10902|47745|4961|108610|5778|33879|4116|3029|864|62566|6680|2299|761|969997|23186|53737|7346|34330|4347|42837|5286|23465|3420|18761|3282|20960|2829|24862|3296|8647|1897|10104|2206|17985|2903|9987|3495|126977|8298|62867|6595|195863|9507|16978|3010|225725|14208|75912|6743|6308|2545|7274609|57739|2307579|32996|1640588|28918|1312835|26039|129858|7111|197895|9104|177061|9450|479135|16091|10795|2497|2266039|43701|121702|13304|213318|12443|18785|4278|1298318|30325|236034|12394|23513|6123|98134|9708|162536|11677|23615|3784|51405|7712|18679|4022|2023889|30855|89020|7399|58931|5897|46150|4926|78587|6673|47904|5115|934660|22554|20579|3040|122792|7946|624964|19344|302|214|651412|24957|92853|8835|17346|3703|21454|4021|86090|11119|82655|6704|35528|4864|12739|2189|65149|6740|27975|5726|53687|7437|82189|8607|15952|2850|44888|6090|12907|2454|25690|4257|1403975|37387|437961|24833|26754|5310|145309|13975|81685|8555|66726|8088|24064|5582|20945|4060|14106|3265|58372|10089|135665|14716|42092|8963|40220|8718|39646|6383|13707|3338|204275|12344|20946|4159|91178|7903|42428|4719|35852|6917|13871|3506|66776|7791|64296|7628|2480|1164|500243|25147|12246|3844|106154|9558|17678|4715|32399|5943|219711|15263|22855|5798|14918|3515|18293|4742|55989|8409|59055|7238|133673|9476|66988|5137|51916|4608|15072|2184|14466|2734|9224|2181|18867|5166|24128|4717|11546032|82790|11237781|83499|2185278|46598|12130|2545|29144|4454|510818|23685|13988|3561|680009|22375|17581|3717|334843|22823|383522|17301|17701|4975|15165|3218|127004|10449|10169|2853|33204|5723|7072466|67426|24495|4247|36031|5100|640391|21605|647795|27337|485346|27435|5015444|52326|171235|13540|44649|4352|7080|3615|1980037|42239|85117|7164|28699|4638|279513|15018|60701|7796|414662|19685|290442|15404|166634|11404|183966|11307|14082|2684|440971|25357|15250|3399|308251|13273|306124|13078|2127|936
01000C2US|25941707|116348|2686170|41179|499147|14468|12517|2405|63574|6147|9471|1591|22375|2791|378452|12522|166877|7950|179050|8140|32525|3609|12758|2536|456763|11692|19959|2113|16069|2646|75276|5529|284821|10651|40872|3357|18385|3203|1381|620|418747|13532|66101|4628|168075|9477|113408|7817|18991|2459|68192|6559|2971|1066|1303365|30376|61129|8339|36727|4540|64198|6101|44394|5279|20123|2638|40410|4625|32004|4002|10840|2140|25038|4231|35152|5944|20278|4315|251567|11890|89315|6646|211430|12295|16911|2489|270947|15813|72902|5732|8148|2180|7846594|62203|2080207|30930|1338673|25712|1030988|22119|110174|6123|197511|8953|149903|7656|583184|17109|8447|2301|2728507|44150|110859|11207|135255|10027|31087|6112|1816654|38478|178736|10162|21335|3787|104591|9279|246992|16453|33062|4794|29108|4299|20828|4013|2336466|31354|61740|6380|84607|6908|57710|6045|76416|5880|34812|3718|1132690|26100|17331|3145|128804|7353|742241|21242|115|136|659327|24801|19915|4210|15769|2988|13217|2800|137339|12827|68474|6855|54131|6308|23052|3424|70012|6380|30692|5699|67026|10285|96188|8049|17147|2962|33686|7066|12679|2399|42087|6849|1498323|39924|402162|18998|18319|4328|154246|13920|95832|9930|27756|5924|20033|3814|21656|4439|19040|3915|45280|7196|96188|11133|54427|8952|11115|3207|20239|4515|10407|3306|242835|14171|14913|2866|131167|11091|54025|7542|25151|5376|17579|3867|82487|6371|78781|6004|3706|1625|629605|27205|35453|6083|113155|9307|15193|3973|49757|6879|304581|19492|18946|4173|32424|6005|18286|4343|41810|7205|45046|8569|144058|9324|66417|5368|52353|5048|14064|2098|28540|3934|6360|2263|11752|3162|30989|4549|13766562|93207|13312463|93564|2959238|47838|27659|4692|18398|2873|1140227|27939|14421|3168|598094|23330|11579|3550|502553|21325|486533|22251|11385|2772|5486|1749|97618|8539|9547|2131|35738|4156|7599926|79826|20162|3739|67885|6540|852856|28985|623252|27114|463155|25665|5303256|61796|205774|15767|56699|5822|6887|2770|2753299|48451|120221|7847|58774|8182|432273|21061|71685|7970|713050|23094|320742|17843|103115|8228|337975|18224|40416|5935|531569|28799|23479|3815|454099|13710|449920|13550|4179|1386
01000E0US|1385478|25850|152664|7397|39361|4146|772|326|3310|979|1432|621|1700|565|30380|3663|13206|2862|14106|2085|3068|999|1767|874|46276|3660|1526|461|1293|547|7628|2066|28593|2497|5233|1204|1941|735|62|100|15290|2580|3263|1254|6089|1378|1946|796|131|124|3891|1590|101|113|51587|4343|1393|627|769|520|1050|478|1938|980|1252|1307|5697|2254|1624|632|611|455|663|373|1340|738|1148|704|7775|1459|3153|856|11061|1732|1052|740|8957|1672|2104|748|150|189|258070|9796|66895|6170|33936|3731|28414|3021|1851|696|3671|1074|13622|2937|19206|2618|131|148|60250|5544|823|548|3866|1313|66|131|37435|4540|3800|1242|881|437|4524|1121|6208|2113|1106|529|876|554|665|445|114166|6023|5775|1488|1220|654|2580|975|6719|1477|942|555|61800|5065|1353|914|12739|2430|20993|3227|45|72|15963|3389|692|574|171|133|1102|847|771|698|1908|717|861|371|291|257|2363|1360|428|308|558|468|4415|2395|540|381|1109|694|754|995|796|464|47615|5202|15623|2992|97|127|3560|1039|2300|1133|3594|1971|1231|577|943|691|1617|1006|2281|1279|3319|1073|1688|841|674|410|842|526|115|156|4540|1069|136|163|2114|873|906|507|1147|600|237|248|7400|1898|7001|1898|399|389|13196|2778|0|213|2183|864|472|345|1328|666|6798|2093|677|464|35|2|843|767|860|646|3537|1401|19262|3019|6725|1581|5186|1310|1539|665|387|414|4445|2368|4603|1905|3102|1077|907867|19144|866466|19179|81365|6912|1085|671|260|269|28948|3833|252|189|16301|2961|239|304|14234|3389|14171|3069|602|542|220|228|3076|925|149|187|1828|843|717337|17459|686|413|2895|1198|32219|4885|69941|9460|30742|4519|565764|15517|10908|2721|3943|1127|239|332|67764|5633|4419|1409|1213|882|9540|1793|3619|1412|18497|3275|8800|2710|2782|993|7802|1854|908|592|8753|2167|1431|648|41401|3524|41128|3460|273|232
01000E1US|637856|21943|50302|4704|11666|1850|236|226|717|429|263|220|371|338|8965|1586|4564|1064|3783|1077|618|399|1114|891|14590|2173|302|205|608|438|2922|1281|8114|1456|1970|699|674|583|0|213|5191|1537|947|583|2044|878|386|295|0|213|1814|1184|0|213|18855|3160|754|416|109|169|268|211|418|462|970|1283|3447|2158|729|383|37|74|250|208|198|229|298|369|1634|662|905|566|3686|1064|506|676|3853|1091|793|557|0|213|132455|7881|30201|4659|15608|2725|13707|2449|477|251|1424|761|7967|2503|6626|1368|0|213|37853|4920|391|268|3254|1319|0|213|23722|4314|2314|1112|354|303|3266|1019|2917|1317|952|502|526|451|157|237|58122|4748|3825|1113|602|499|1133|865|3385|1130|573|432|27985|3034|936|842|7571|2079|12067|2300|45|72|5959|1980|207|279|171|133|194|194|596|667|346|318|79|137|202|229|1305|1105|237|279|97|125|1023|604|425|354|470|356|607|915|320|287|28125|3780|9629|2430|0|213|2384|840|1219|748|3286|2014|484|410|777|652|437|404|1042|864|1961|867|1216|705|166|216|579|413|0|213|2306|723|0|213|976|498|347|327|834|506|149|192|1835|1231|1549|1199|286|345|9519|2406|0|213|1401|770|453|346|353|231|5371|1983|511|450|0|213|843|767|587|540|2875|1301|8985|2466|2362|1066|1742|800|620|488|0|213|1338|972|3120|1756|2165|940|417989|16358|404236|16177|33331|3569|778|625|41|40|14007|2699|73|106|4767|1693|239|304|6934|2306|4551|1448|32|63|0|213|892|528|0|213|1017|718|348474|15475|221|99|779|640|16434|3422|39555|7200|13439|3446|271138|12038|5260|1968|1648|734|0|213|22431|3113|1416|641|784|816|3432|1340|1390|721|6358|1867|3223|1729|372|312|1797|890|517|434|2412|926|730|512|13753|2582|13604|2544|149|182
01000E2US|747622|18490|102362|5164|27695|3459|536|239|2593|873|1169|560|1329|409|21415|3182|8642|2601|10323|1629|2450|896|653|334|31686|2862|1224|420|685|358|4706|1618|20479|2124|3263|918|1267|611|62|100|10099|2002|2316|1100|4045|1165|1560|786|131|124|2077|921|101|113|32732|2980|639|482|660|489|782|464|1520|840|282|254|2250|861|895|440|574|441|413|294|1142|700|850|625|6141|1413|2248|632|7375|1368|546|353|5104|1372|1311|519|150|189|125615|5944|36694|3616|18328|2537|14707|2096|1374|613|2247|725|5655|1300|12580|2332|131|148|22397|3226|432|496|612|406|66|131|13713|2479|1486|614|527|325|1258|624|3291|1328|154|156|350|339|508|397|56044|4484|1950|1097|618|429|1447|558|3334|1031|369|253|33815|3968|417|312|5168|1206|8926|2251|0|213|10004|2805|485|472|0|213|908|841|175|161|1562|643|782|358|89|105|1058|563|191|145|461|454|3392|2257|115|175|639|525|147|167|476|341|19490|2876|5994|1742|97|127|1176|573|1081|916|308|356|747|396|166|174|1180|927|1239|933|1358|768|472|570|508|331|263|340|115|156|2234|769|136|163|1138|691|559|358|313|247|88|154|5565|1328|5452|1314|113|184|3677|1211|0|213|782|405|19|44|975|634|1427|884|166|122|35|2|0|213|273|268|662|537|10277|2824|4363|1153|3444|1002|919|487|387|414|3107|2198|1483|913|937|514|489878|16030|462230|15486|48034|5873|307|293|219|267|14941|2862|179|165|11534|2722|0|213|7300|2420|9620|2540|570|559|220|228|2184|790|149|187|811|477|368863|14262|465|399|2116|962|15785|3756|30386|5937|17303|3137|294626|12082|5648|1816|2295|788|239|332|45333|4695|3003|1276|429|367|6108|1304|2229|1156|12139|2642|5577|2157|2410|924|6005|1902|391|336|6341|2009|701|348|27648|2456|27524|2432|124|144
01000G0US|599341|13248|72675|4086|19226|1823|504|231|1942|626|472|236|1193|409|14437|1663|5720|1099|7353|1040|1364|555|678|365|25086|2128|823|327|1299|866|1970|642|18126|1672|2078|689|695|316|95|139|4553|995|359|166|1736|473|816|455|16|26|1553|738|89|126|23774|2828|869|553|687|624|580|480|319|202|44|86|798|400|1088|660|283|209|495|344|1333|681|327|274|3907|970|1387|941|5705|1134|644|368|4387|1126|921|473|36|56|92141|5980|19041|2279|9888|1566|7986|1301|610|432|1292|730|2382|799|6132|1311|639|620|20533|2954|554|321|1262|911|142|151|10478|2472|1657|683|1541|653|1157|554|2799|1477|548|299|163|145|232|225|46257|3877|1091|739|1157|638|826|545|2098|898|1026|543|28373|3088|264|209|3845|1022|7577|1617|0|213|5575|1872|411|452|190|217|113|106|292|230|585|382|488|382|38|62|538|305|632|669|636|744|1218|927|274|316|136|203|24|43|735|483|18904|2897|4172|1445|0|213|958|418|1949|1347|3|8|361|337|67|114|393|228|441|261|1747|684|42|89|1134|747|366|367|205|111|1414|639|36|62|862|467|281|196|155|482|80|84|6074|1342|6016|1341|58|82|3884|1444|0|213|1289|1248|12|19|391|274|1512|918|0|213|250|180|85|149|345|245|1613|910|6842|1192|2815|893|2582|877|233|156|479|439|625|362|2114|590|809|366|408779|11194|382048|11116|28020|3700|372|277|771|628|8805|1806|105|137|5557|1773|72|84|7020|2777|4180|1114|0|213|0|213|851|482|13|26|274|193|321295|9877|956|568|841|569|14250|2693|24696|3704|14586|2859|259247|8909|4847|1769|1872|648|0|213|32733|4217|1152|545|2012|1277|4093|909|1574|574|7439|1433|1931|643|892|520|6169|1619|336|335|6354|2366|781|505|26731|2501|26671|2493|60|114
01000H0US|1984819|29932|225339|8513|58587|4341|1276|395|5252|1152|1904|654|2893|733|44817|3838|18926|3014|21459|2364|4432|1175|2445|958|71362|4579|2349|569|2592|968|9598|2216|46719|3061|7311|1412|2636|801|157|176|19843|2731|3622|1227|7825|1568|2762|877|147|125|5444|1813|190|171|75361|5220|2262|830|1456|813|1630|643|2257|974|1296|1310|6495|2299|2712|991|894|456|1158|438|2673|982|1475|753|11682|1718|4540|1371|16766|2116|1696|792|13344|1989|3025|909|186|195|350211|10992|85936|6306|43824|4079|36400|3315|2461|792|4963|1255|16004|2948|25338|3007|770|680|80783|6519|1377|605|5128|1662|208|194|47913|5114|5457|1495|2422|711|5681|1225|9007|2574|1654|633|1039|578|897|454|160423|6468|6866|1496|2377|847|3406|1021|8817|1807|1968|735|90173|5633|1617|863|16584|2632|28570|3436|45|72|21538|4184|1103|800|361|254|1215|843|1063|748|2493|773|1349|508|329|270|2901|1328|1060|735|1194|905|5633|2582|814|483|1245|711|778|997|1531|667|66519|6315|19795|3423|97|127|4518|1088|4249|1767|3597|1971|1592|644|1010|693|2010|1054|2722|1311|5066|1284|1730|835|1808|908|1208|680|320|189|5954|1224|172|175|2976|983|1187|548|1302|771|317|263|13474|2537|13017|2516|457|395|17080|3092|0|213|3472|1456|484|346|1719|640|8310|2279|677|464|285|180|928|766|1205|706|5150|1654|26104|3115|9540|1973|7768|1723|1772|689|866|633|5070|2394|6717|2019|3911|1099|1316646|24212|1248514|24252|109385|7674|1457|808|1031|652|37753|4316|357|231|21858|3602|311|315|21254|4536|18351|3216|602|542|220|228|3927|977|162|193|2102|892|1038632|21676|1642|713|3736|1360|46469|6027|94637|10357|45328|5945|825011|17151|15755|3239|5815|1348|239|332|100497|7852|5571|1508|3225|1619|13633|2042|5193|1494|25936|3456|10731|2856|3674|1031|13971|2392|1244|691|15107|3364|2212|771|68132|3917|67799|3843|333|249
010C201US|47011858|169014|4402462|51512|794565|17950|22354|2932|107011|7298|17397|2430|39874|3830|587328|16886|292524|11243|250687|10211|44117|3889|20601|3365|764024|16492|33480|3000|34540|3862|163522|9113|434766|12177|62378|4616|32777|3753|2561|915|643674|17770|110695|6739|265327|10300|135529|8091|18487|2218|127020|10826|5103|1368|2186407|36990|114624|10055|68582|6248|103555|8536|64219|5596|37777|3819|59431|5832|54981|4760|18546|2488|33901|4824|46719|5004|29655|5545|365683|13953|143747|9774|391615|14466|33446|3857|474987|21033|144939|8665|13792|3121|14799093|69738|4299598|45855|2922451|36704|2297566|32883|237824|9433|387061|12364|324727|12185|1033164|23291|19256|3419|4859407|61804|230208|17745|347094|14507|48350|7566|3014527|49635|406472|16244|42892|6862|198934|12226|400605|18419|54422|5741|78973|9010|36930|5471|4285070|39768|150541|9328|137487|8618|102365|7951|148574|8534|81123|6292|2030740|33364|37700|3833|245959|10358|1350119|28303|462|290|1287954|34024|112413|9820|32401|4934|34571|4857|218930|17608|146135|9150|87615|7159|35460|3542|131982|9475|58152|7380|117996|11911|176343|12684|31840|3491|78876|9948|25240|3198|67064|8416|2851772|50749|826074|30533|44761|7197|296895|18020|170039|12505|97139|9870|43699|6516|41497|5897|31850|5191|100194|12634|233121|17397|96919|11416|52395|9052|60204|8174|23603|4429|437153|19708|35468|5000|216656|13877|93997|9069|60563|8416|30469|5453|143453|10281|137388|9849|6065|2010|1108041|36761|47591|7318|215015|13433|32624|6197|81966|8160|509870|26588|41841|6367|45796|7101|36063|6473|97275|11099|103930|11208|274790|12771|126800|6793|98570|6475|28230|2677|41981|4191|17325|3222|33458|6141|55226|6148|24683741|124898|23977743|123893|5080639|63060|37833|5362|46306|5299|1630394|37041|28288|4878|1267898|30674|29107|4861|834215|31348|851832|26892|29273|5390|20191|3842|220049|12515|18393|3653|66860|6785|14285385|104328|43599|5000|100411|8183|1466617|35131|1282866|41444|935744|31037|9968328|75091|377367|20475|97515|6540|12938|3907|4611719|59263|198091|10077|85926|8350|681379|24703|129675|10914|1105483|30079|604719|23977|265593|13798|506138|21564|51685|6044|945487|35740|37543|5238|705998|18361|700223|18143|5775|1511
010C243US|3222983|46128|459073|14443|119299|6748|2828|727|9630|1509|2445|711|5406|1603|95386|5931|38299|4263|47848|3777|9239|1857|3604|1112|126593|6309|4142|1179|3928|1234|16282|2686|84393|4973|12396|1757|5227|1270|225|197|50015|3805|6773|1393|19183|2221|14520|2300|3680|1377|9182|2102|357|238|162316|8925|2504|839|3931|1020|5110|1448|5897|1961|2403|935|8434|1563|4597|1211|1835|713|2399|739|9091|3414|2085|879|24543|3032|12975|2510|32444|3858|2139|799|35029|4186|6900|1301|850|437|672321|18572|174124|9705|100634|7776|82657|7401|4669|1150|13308|2087|18241|2746|54493|5113|756|420|215922|13042|3730|1453|6607|2295|1730|854|148358|11253|13755|2100|4378|1283|9472|2076|17930|3994|3909|1395|2579|1070|3474|2111|235708|11133|7085|2314|8428|2356|4901|1025|15246|2488|3561|893|126783|8177|1827|666|22221|2681|45656|5793|0|213|44323|5168|1458|656|1075|780|1315|628|5562|1772|7487|1721|3393|1090|660|344|6080|1861|1575|771|3911|2172|7667|2428|2073|1225|943|600|1124|813|2244|889|117045|9338|33844|5140|409|506|7178|1925|11727|3055|940|678|1990|902|2114|1043|3306|1361|6180|2695|3798|1466|1330|828|748|499|889|584|831|555|15911|3189|563|379|8665|2510|3643|1146|1742|905|1298|735|19284|2714|18706|2634|578|345|38887|6345|108|132|7766|2650|731|608|1909|818|22732|4990|637|438|1831|1138|1444|1230|1729|946|5321|2358|29045|4021|16145|2487|13467|2118|2678|788|1891|949|3329|1643|3878|973|3802|1257|1945499|38674|1821015|39623|173262|12329|3413|1401|2267|1033|58404|7477|478|270|32063|6221|364|268|24435|4936|36574|5903|415|449|680|529|8500|1751|1485|1078|4184|1351|1425639|33989|2700|1176|7241|1864|73099|7890|82818|8050|58085|6329|1175383|30015|15397|2625|9648|2266|1268|1427|222114|14046|12818|2733|4772|1762|44040|7724|7904|1929|48165|6041|17196|3137|7830|1645|29774|5324|4057|1775|42160|7374|3398|1198|124484|6066|123620|6011|864|586
0200000US1|10363989|64686|1522932|28888|231159|8999|5442|1428|54412|5329|3714|1016|9608|1827|153238|8489|77749|5630|64481|5441|11008|1964|4745|1363|190938|8847|10517|1758|8957|1706|49176|4794|98343|5989|13644|2173|9626|1801|675|394|336844|12713|55082|5330|142594|6996|103995|7597|13909|2395|33955|5083|1218|560|760016|23206|67437|7490|31053|4339|23660|3746|15207|2893|10340|2251|18755|2958|17352|2301|5095|1363|7960|1899|12942|3720|10541|3129|156080|9137|30443|5305|131431|8795|8862|2302|147618|9181|65240|6381|3975|1576|3163368|25138|1153137|21051|884536|20368|755731|19914|62303|4962|66502|5644|53493|4830|213675|9952|1433|650|1218563|23947|22646|5191|187700|10799|19700|4242|704175|16392|37758|4596|10645|2186|45840|5540|117527|8213|15557|3052|45667|7018|11348|2947|498885|14315|18985|3588|27404|4118|18991|3837|14742|3311|17480|2609|238477|12042|5876|1787|27578|2998|129294|8480|58|96|283546|13380|6335|1909|10614|2466|19340|3296|18839|4799|52722|5476|11702|2604|3947|1182|27088|4297|8583|2597|28851|4867|59103|5988|5030|1254|22560|5653|8832|2310|9237|2353|682992|25845|106168|10144|3228|1367|22312|4255|32723|5234|8745|2666|7596|2528|10926|3633|5466|1588|15172|3440|34723|5948|8134|2818|8500|3098|7685|2343|10404|2545|144972|12063|11720|2713|74679|8280|37187|5353|12306|6113|9080|2880|27479|3660|25559|3546|1920|1095|340340|18396|44574|6942|87899|8795|9441|3501|31566|5215|101814|10049|19143|4704|9600|2358|4916|1968|31387|6064|29310|6029|33490|3213|29763|3041|23797|2812|5966|1373|1007|917|128|232|72|122|2520|920|4961207|56546|4806686|56090|2043197|41945|4233|1273|30116|4529|81459|7746|14735|3606|998274|27453|21973|4398|307023|20477|394365|19094|19225|4898|14761|3143|117175|8337|10972|2487|28886|4414|1216499|32170|7846|1948|33264|4913|252796|17003|271038|18691|147135|13921|445000|14716|29579|4723|23822|3604|6019|2271|1546990|34753|41512|5210|13896|3422|270993|16418|34280|6414|305555|16113|409986|18865|189553|11700|166308|11201|19587|3649|78332|8505|16988|3744|154521|7075|153117|7042|1404|609
0200000US2|5734672|50694|830680|21835|103045|6043|2970|1013|12965|1876|1989|699|5505|1159|76930|5790|36925|3581|33696|3240|6309|1301|2686|960|122950|6765|5819|1235|3453|917|17722|2919|82796|5771|8649|1397|4233|1407|278|245|75064|5457|21336|3275|32833|3149|3366|1211|394|354|16737|3200|792|405|525688|18067|25313|4315|10224|2256|37701|5082|15332|2850|10269|2282|12634|2983|6981|1727|2677|738|12745|3103|8671|2370|12165|3341|138565|9203|33630|3886|56058|5188|9903|1966|100375|9495|32445|3459|3933|2401|2032860|25336|463248|14082|284568|13981|240976|12636|15354|2806|28238|3497|42776|5259|130607|7137|5297|2010|737981|20335|22526|5690|45858|5588|22993|5615|496188|18120|28368|4478|5501|1422|32103|4759|60086|7498|6675|2121|6696|1923|10987|3751|532278|13694|53682|5356|14166|2514|11336|2519|50930|3859|19962|4218|210928|10518|3549|1092|60439|5018|107090|8346|196|165|281722|14975|2356|1281|5061|1928|971|560|79112|7214|12119|2331|26674|4151|9246|2180|39660|4476|15106|3385|26629|5462|18610|3487|7603|1623|35370|5793|3205|1099|17631|3538|582753|22476|225177|15253|9154|3308|57999|6931|44947|5191|58366|7462|11173|3990|7996|1805|6056|2299|29486|8082|53782|8619|18960|5121|17746|5274|14278|3392|2798|1407|60943|5889|9186|2521|20852|3234|12986|3405|12914|3493|5005|1641|21909|3198|21318|3118|591|420|199340|15738|295|492|30979|4821|2991|1195|21906|4838|95005|9810|4185|1606|7864|3044|13258|3635|22857|4885|21602|3655|26913|3367|12796|1797|10193|1692|2603|828|551|633|3263|1519|7766|2046|2537|1020|2261466|32783|2148272|31865|177991|10787|1858|784|1637|888|56154|6579|823|513|29367|4725|1910|1854|50233|8038|27838|4064|794|530|764|509|4351|1728|475|396|1787|903|1614717|28325|4661|1624|5468|1361|59063|6928|121821|10167|80009|9085|1295790|27637|39581|6801|7643|1597|681|419|355564|20917|18580|3719|5620|1980|43387|5186|9279|2319|79661|9530|57452|9380|6651|1571|29738|4435|3095|1103|98168|14080|3933|1703|113194|6882|112908|6882|286|236
0200000US3|18176801|98667|1306151|28492|303897|11228|7616|2213|23396|3346|5810|1522|15617|2660|241267|9477|114012|5902|105932|6015|21323|3157|10191|2340|316136|11464|9848|1798|15176|3014|56695|5317|196735|8244|26134|3641|10567|2380|981|533|169019|9362|26752|3470|62906|5070|20415|3119|1608|888|57720|7298|1226|535|513542|19076|17525|3771|12569|2418|28627|4687|22420|3879|9632|1755|21235|2919|18164|3272|6624|1692|10632|3097|15563|3049|5562|2001|54377|5677|44521|5012|107194|7971|10580|2538|100973|10394|27344|3906|3557|1371|4140681|37968|921157|24455|545677|18907|429931|16125|34617|3122|81129|5924|78626|6452|291046|12781|5808|1846|1652291|35261|82310|10253|87645|9233|5575|2051|1071173|30608|93350|7899|13261|2665|86406|9357|169122|13270|22437|3774|11378|2413|9634|2662|1193928|26362|45892|6432|33614|4595|25401|4000|40215|5037|23013|3379|449638|17904|12852|2837|69309|5790|493924|18360|70|115|348844|20470|4798|1976|7671|2653|7227|2819|54972|10443|41878|5629|30431|4621|13917|3011|35641|4682|23864|4788|28051|7362|68053|8345|15589|2890|7810|2541|8942|1946|24461|6595|1204535|36181|331963|19091|17897|4516|146032|15248|68046|8219|11397|3212|16476|4200|16527|3995|16606|3853|38982|7594|116508|12375|60999|9333|20938|6418|25659|6154|8912|3463|156020|13152|10017|3140|74376|9586|33905|4717|26733|6042|10989|2959|65907|6852|62904|6539|3003|1632|493926|23077|2439|1560|83385|8764|16883|4178|23398|4459|276512|18077|14861|4128|27173|5436|16775|4480|32500|5293|40211|6919|59134|5248|39624|3916|32448|3838|7176|1209|839|545|6589|1219|5682|1880|6400|1892|11466300|77665|11184964|78834|2833140|44399|33231|5543|14736|2720|1445690|32209|12745|2916|248376|13592|4896|1533|483547|22519|434811|21322|9159|2202|4396|1614|97880|9037|7176|2112|36497|4939|6049788|64603|15333|3270|49257|5853|686657|29238|555526|28710|656616|27272|3797896|49845|220449|15382|62049|5925|6005|3949|2302036|41955|103346|7000|54976|6366|301436|17131|57294|6787|619548|21152|112436|8178|72225|8211|215432|14200|28268|5106|722369|29954|14706|3380|281336|13294|277615|13293|3721|1269
0200000US4|15959379|80590|1201772|22228|275763|10030|9154|1578|25868|2900|8329|1407|14550|2020|211279|9509|102137|6623|94426|5408|14716|1919|6583|1423|260593|9258|11438|1738|10882|2206|56211|5075|141285|6367|26347|2314|13578|2251|852|483|112762|5865|14298|2191|46177|3817|22273|2811|6256|1306|27790|4064|2224|918|549477|18698|6853|2835|18667|3373|18677|2660|17157|3027|9939|2078|15241|2556|17081|2559|5985|1578|4963|1354|18634|3046|3472|1343|41204|4514|48128|4941|129376|8077|6240|1567|161050|13957|26810|3137|3177|1327|6134505|40196|1936180|32408|1308304|28587|953585|24650|130219|7186|224500|9122|168073|8575|452329|15603|7474|2079|1466494|29152|106456|12363|32498|4798|1812|1031|891349|23858|260751|11669|17863|4992|44057|6317|71800|8815|13662|2748|17811|4874|8435|2174|2295687|30861|39067|6172|70731|5819|51538|4762|57933|5770|24229|2946|1258480|25611|17250|2267|110854|8110|665467|19924|138|132|418165|17694|100382|9390|10130|2470|8348|2842|71569|9785|46903|4306|22201|4143|9010|1753|35673|4163|12174|2944|38376|5849|38244|4565|5691|1516|14079|3543|5385|1522|17979|3071|498537|20006|196610|13587|14891|3931|77730|8304|36050|5812|19571|5814|10444|2600|8162|2234|7028|2285|22734|4668|31906|6040|10156|3801|5959|1946|13471|3649|2320|921|91129|8777|5108|1828|55414|6604|13562|2733|10352|4177|6693|2225|47442|4397|46313|4440|1129|745|113322|9277|391|483|20518|3594|4040|2214|7005|3395|59271|7490|4289|1501|2990|1346|2558|1295|12260|4437|18128|4536|184298|10870|60762|5691|45599|5299|15163|2222|41475|4238|10674|3183|23816|5255|47571|5912|7940267|64882|7658836|64007|199573|12423|1924|831|2084|776|105495|10041|463|323|23944|4322|692|501|17847|4155|31392|4097|510|426|950|673|9143|2208|1255|735|3874|1545|6830020|54111|18459|3653|19663|3182|541200|17572|417299|19868|110069|10249|5605025|48994|103155|10649|13649|2767|1501|837|629243|21073|47471|4753|16206|2668|109603|9054|36726|4837|148884|12479|42041|4400|4994|1305|124434|11596|4792|1174|88778|11434|5314|2286|281431|10189|280203|10177|1228|658
02000A0US1|10324480|64959|1510456|28805|227330|8931|5278|1382|53774|5323|3656|1011|9440|1789|150604|8464|76663|5603|63092|5409|10849|1953|4578|1338|187668|8671|10286|1727|8801|1726|48872|4775|96318|5866|13363|2177|9353|1790|675|394|335962|12724|54993|5327|142229|6979|103807|7588|13893|2394|33715|5070|1218|560|755521|23275|67337|7504|30986|4328|23558|3740|15181|2885|10340|2251|18494|2998|17253|2319|4989|1355|7899|1911|12616|3756|10541|3129|155193|9138|29990|5388|130626|8796|8845|2305|146645|9263|65028|6397|3975|1576|3154228|24933|1149012|20976|882162|20378|753738|19955|62029|4926|66395|5651|53038|4793|212408|9929|1404|636|1216707|23842|22646|5191|187693|10799|19700|4242|703052|16354|37575|4590|10549|2192|45748|5538|117459|8230|15309|3027|45628|7018|11348|2947|496055|14290|18853|3583|27253|4132|18974|3837|14742|3311|17362|2597|236478|12112|5851|1790|27298|2985|129186|8477|58|96|283244|13346|6335|1909|10580|2470|19285|3293|18827|4798|52705|5476|11679|2610|3947|1182|27088|4297|8524|2599|28851|4867|59001|5968|5030|1254|22560|5653|8832|2310|9210|2351|682236|25855|105823|10186|3228|1367|22278|4264|32712|5227|8745|2666|7421|2516|10926|3633|5430|1587|15083|3437|34706|5949|8134|2818|8494|3096|7685|2343|10393|2546|144768|12141|11720|2713|74636|8283|37176|5351|12164|6079|9072|2880|27322|3642|25414|3517|1908|1095|340307|18393|44574|6942|87898|8795|9441|3501|31566|5215|101805|10049|19143|4704|9577|2354|4916|1968|31387|6064|29310|6029|32848|3161|29121|2974|23219|2732|5902|1374|1007|917|128|232|72|122|2520|920|4944712|56137|4797718|55765|2040951|42048|4154|1265|30106|4528|81267|7762|14735|3606|997697|27470|21973|4398|306981|20483|393203|19189|19225|4898|14761|3143|116991|8364|10972|2487|28886|4414|1212671|32115|7797|1949|33202|4928|252490|17048|270732|18665|146854|13920|442476|14713|29466|4718|23635|3619|6019|2271|1544096|34668|41171|5201|13874|3420|270506|16410|34183|6422|305001|16044|409567|18849|189311|11706|165923|11241|19587|3649|78108|8515|16865|3743|146994|6981|145590|6943|1404|609
02000A0US2|5586592|50272|810710|21256|97747|5787|2698|1010|12470|1865|1905|700|4947|1090|73220|5614|35377|3640|31848|3135|5995|1245|2507|960|116519|6728|5639|1264|3415|917|17139|2883|77936|5759|8126|1379|4056|1407|208|213|73949|5424|21199|3274|32413|3114|3123|1194|394|354|16440|3175|774|405|518567|17761|25180|4326|10070|2256|37541|5063|15195|2866|10239|2280|12370|2985|6852|1723|2603|726|12667|3102|8630|2368|11994|3401|136837|9302|33224|3784|54213|5049|9598|1930|99103|9396|32251|3454|3928|2402|2007869|25296|458234|14040|282490|13968|239320|12584|15203|2778|27967|3476|42079|5238|128767|7111|4898|1886|732613|20330|22420|5648|45476|5640|22864|5641|493274|18002|28235|4478|4979|1416|31749|4766|59615|7485|6519|2111|6641|1920|10841|3747|519827|13365|53230|5370|13952|2536|11260|2502|50339|3878|19599|4195|203023|10079|3417|1082|59590|5010|105221|8249|196|165|279839|15112|2288|1274|4934|1898|953|564|78974|7236|11864|2320|26574|4151|9208|2177|39242|4496|15106|3385|26070|5463|18496|3450|7579|1623|35370|5793|3181|1100|17356|3543|574652|22244|223818|15366|9154|3308|57256|6996|44582|5179|58366|7462|11121|4001|7996|1805|5897|2283|29446|8086|52718|8629|18960|5121|16987|5271|13987|3422|2784|1409|60621|5899|9150|2519|20735|3231|12886|3395|12901|3494|4949|1649|18612|2972|18021|2929|591|420|198367|15753|295|492|30841|4836|2979|1195|21579|4825|94572|9790|4185|1606|7863|3044|13258|3635|22795|4895|20516|3687|23990|3340|11937|1787|9420|1648|2517|833|551|633|3233|1520|5839|1976|2430|1029|2169371|32075|2062676|31086|171956|10826|1858|784|1631|888|52547|6371|788|512|28638|4661|1896|1855|49173|8137|27343|4002|794|530|764|509|4304|1703|475|396|1745|892|1543459|27964|4585|1623|4763|1225|56619|6862|115429|10200|76182|8975|1239736|27296|38352|6786|7112|1558|681|419|347261|20912|18460|3733|5261|2002|42254|5126|8673|2314|76601|9352|56931|9413|6577|1547|28851|4428|3060|1084|97073|14079|3520|1677|106695|6754|106409|6757|286|236
02000A0US3|17859601|95885|1280249|28009|297239|11124|7616|2213|22984|3317|5711|1522|15212|2647|235792|9384|112167|5843|103014|6114|20611|3054|9924|2319|305411|11315|9581|1785|14590|3008|55988|5339|188385|8146|25403|3591|10508|2382|956|521|166972|9410|26635|3460|62298|5090|20104|3093|1608|888|56709|7271|1226|535|507101|18924|17065|3736|12535|2414|28309|4738|22357|3878|9632|1755|20970|2884|17591|3244|6562|1692|10370|3114|15177|3013|5562|2001|53789|5577|44176|5023|105132|8102|10370|2584|100372|10349|27132|3915|3526|1380|4100892|37573|912954|24114|541159|19018|426259|16112|34506|3140|80394|6008|77598|6333|288527|12564|5670|1849|1641906|35513|82149|10251|87414|9261|5562|2051|1065907|30885|92122|7831|12915|2629|85699|9385|166988|12987|22293|3795|11309|2419|9548|2644|1175135|25826|45452|6371|32958|4587|24934|4049|39693|5056|22638|3386|440392|17800|12852|2837|67017|5622|489129|18256|70|115|346761|20546|4798|1976|7642|2636|7187|2818|54849|10461|41580|5635|30154|4539|13917|3011|35521|4678|23764|4805|27974|7372|67420|8241|15339|2876|7674|2537|8942|1946|24136|6588|1196369|36187|329827|19156|17897|4516|145889|15272|66473|8274|11397|3212|16462|4199|16460|3985|16475|3903|38774|7591|115992|12368|60957|9330|20569|6435|25584|6165|8882|3456|155466|13141|10017|3140|73822|9558|33905|4717|26733|6042|10989|2959|63745|6792|60742|6484|3003|1632|491534|23209|2439|1560|82235|8776|16883|4178|23334|4452|275854|18081|14861|4128|26947|5456|16690|4468|32291|5291|39805|6943|57664|5113|39410|3883|32234|3811|7176|1209|775|505|5994|1158|5495|1863|5990|1852|11224427|76153|10950560|76918|2814058|43473|32938|5475|13981|2738|1440887|32336|12675|2931|244561|13285|4838|1551|477630|22474|432305|21281|9159|2202|4396|1614|97260|9110|7163|2116|36265|4916|5850676|64170|14957|3278|49192|5849|676403|28890|539285|28558|646934|27221|3639864|50136|217010|15075|61026|5965|6005|3949|2285826|41527|103049|6988|53976|6413|299860|17086|56586|6747|616750|20988|111445|8192|71663|8251|211977|13904|28110|5103|717949|29527|14461|3418|273867|13106|270206|13109|3661|1237
02000A0US4|15864827|80631|1187445|22035|272322|9883|9086|1572|25471|2828|8098|1367|14488|2022|208661|9329|100896|6517|93228|5374|14537|1907|6518|1433|255933|9154|11293|1758|10363|2113|55835|5063|138394|6377|25804|2293|13392|2229|852|483|112253|5830|14282|2193|45834|3812|22199|2820|6256|1306|27785|4064|2153|918|543760|18349|6677|2803|18235|3215|18677|2660|17064|2999|9925|2078|15233|2555|16794|2540|5944|1568|4869|1358|18054|3033|3316|1314|40500|4451|47945|4924|128383|8050|6128|1573|159509|13864|26507|3130|3177|1327|6116284|40185|1934481|32376|1307386|28556|952920|24663|130145|7189|224321|9063|167871|8554|451823|15608|7401|2099|1463570|29383|106169|12345|31856|4591|1812|1031|890174|23992|260638|11684|17286|5019|44053|6318|71674|8818|13662|2748|17811|4874|8435|2174|2283504|30523|39000|6133|70595|5824|51272|4751|56948|5700|24059|2991|1249257|25332|17143|2268|110430|8107|664662|19955|138|132|416858|17679|100039|9327|10130|2470|8348|2842|71550|9779|46888|4301|22113|4144|9010|1753|35673|4163|11701|2878|38376|5849|37875|4613|5691|1516|14079|3543|5385|1522|17871|3044|496656|20057|196278|13531|14891|3931|77692|8303|36050|5812|19568|5814|10324|2573|8162|2234|6961|2277|22630|4636|31756|6031|10156|3801|5959|1946|13471|3649|2170|902|90795|8786|5108|1828|55266|6618|13392|2701|10352|4177|6677|2226|46984|4376|45901|4412|1083|742|112836|9190|391|483|20518|3594|4040|2214|7005|3395|58859|7393|4289|1501|2990|1346|2558|1295|12186|4428|18007|4527|182491|10895|59662|5630|44582|5241|15080|2215|41060|4212|10674|3183|23816|5255|47279|5908|7881951|64517|7605756|63775|198916|12464|1924|831|2084|776|105292|10088|463|323|23508|4315|692|501|17846|4156|31375|4098|510|426|950|673|9143|2208|1255|735|3874|1545|6782923|53788|18004|3619|19654|3183|539954|17625|415542|19998|109273|10180|5562388|49188|103089|10654|13518|2747|1501|837|623917|20641|47077|4784|15575|2643|108706|9044|36563|4851|147857|12355|42041|4400|4980|1306|122992|11612|4649|1162|88163|11381|5314|2286|276195|9996|274967|9994|1228|658
02000C0US1|10184273|65152|1476636|28634|218517|8873|5229|1381|52896|5395|3436|988|8855|1790|143884|8552|74398|5550|59893|5413|9593|1748|4217|1229|179142|8327|9787|1737|8377|1725|46741|4546|92007|5746|12574|2141|8981|1732|675|394|332003|12602|54297|5313|140390|6971|102740|7618|13863|2399|33358|5007|1218|560|743149|23219|66827|7517|30556|4321|23403|3728|14591|2778|10133|2200|18059|2978|16730|2351|4929|1360|7797|1908|12616|3756|10312|3118|151651|9272|29444|5374|128342|8746|8507|2289|145129|9262|64123|6360|3825|1570|3116246|24729|1135715|20980|873798|20231|746239|19739|61649|4932|65910|5678|52072|4797|208441|10078|1404|636|1207419|23658|22508|5154|186686|10806|19700|4242|696847|16224|37134|4612|10435|2198|45303|5518|116913|8251|15164|3072|45381|7063|11348|2947|487171|14478|18710|3597|27253|4132|18312|3839|14410|3293|17326|2597|232085|12220|5844|1790|25790|2999|127383|8506|58|96|276751|13459|5968|1844|10508|2457|18610|3313|18385|4761|51970|5445|11438|2579|3947|1182|25883|4067|8374|2582|28597|4880|56848|5641|4993|1259|22455|5658|8775|2308|9190|2351|676981|25578|103985|10041|3228|1367|21950|4318|32477|5201|8745|2666|7261|2472|10912|3632|4527|1431|14885|3425|34474|5944|8067|2813|8364|3095|7685|2343|10358|2548|143963|12135|11654|2723|74185|8227|36976|5345|12164|6079|8984|2883|26735|3614|24827|3430|1908|1095|338525|18352|44574|6942|87348|8796|9337|3481|31095|5152|101214|10024|19143|4704|9542|2355|4916|1968|31356|6061|29299|6031|31064|3196|27725|3046|22215|2767|5510|1322|1007|917|0|213|72|122|2260|900|4883346|55575|4744835|55399|2021567|41998|3801|1236|30068|4522|80499|7688|14616|3615|989189|27516|21801|4394|305231|20497|388231|19130|18788|4931|14541|3123|115674|8300|10823|2519|28305|4341|1196514|31675|7765|1948|32887|5000|249462|16794|266111|18303|145528|13896|436849|14764|28606|4692|23287|3634|6019|2271|1526754|35031|40532|5205|13855|3417|268288|16415|33521|6323|302138|15962|403712|18735|187731|11449|164441|11275|19184|3633|76922|8563|16430|3701|138511|6715|137134|6677|1377|612
02000C0US2|5277321|46959|776236|20728|90478|5302|2481|1003|11649|1799|1792|685|4712|1105|67947|5304|33045|3488|29491|3042|5411|1129|1897|837|106807|6509|5461|1229|3278|910|15681|2760|71252|5675|7059|1391|3872|1380|204|213|71573|5365|20531|3215|31733|3120|3054|1194|394|354|15522|3172|733|401|503450|17620|24730|4292|9915|2231|37312|5064|14595|2853|10174|2245|10449|2349|6631|1700|2368|685|12289|3104|8465|2387|11535|3284|134866|9290|32440|3741|50956|5013|9491|1940|95518|9428|31716|3456|3928|2402|1944222|24734|443637|13654|274966|13671|232915|12412|14644|2777|27407|3509|39722|5103|124057|6999|4892|1883|715809|19652|22225|5671|44758|5602|22864|5641|482301|17613|27319|4397|4690|1395|29704|4667|58481|7337|6079|2087|6568|1916|10820|3745|490015|13575|50026|5305|13898|2532|11040|2508|47120|3649|19539|4203|190027|10177|3268|1073|54350|4710|100551|8246|196|165|277663|15110|2081|1234|4906|1896|943|566|78854|7238|11623|2340|26425|4148|9033|2162|39080|4493|15106|3385|25830|5478|18033|3446|7469|1627|35129|5674|3151|1102|17098|3516|556566|21078|215706|14883|9154|3308|55248|7052|43770|5197|54862|7019|10559|3850|7599|1796|5633|2298|28881|8119|51541|8515|18565|5058|16481|5209|13711|3397|2784|1409|59509|5885|9091|2512|20614|3244|12652|3384|12352|3405|4800|1642|16399|2781|16121|2742|278|248|195091|15586|295|492|30468|4863|2868|1213|21356|4851|93163|9749|3756|1575|7863|3044|13258|3635|22064|4877|18320|3406|20884|3129|11219|1784|9020|1616|2199|787|551|633|2891|1520|4097|1848|2126|927|1979413|29852|1882114|29088|157058|10548|1769|785|1618|889|43327|5858|752|511|26612|4480|1896|1855|46398|8014|26811|4053|794|530|764|509|4222|1728|475|396|1620|875|1390362|26958|4409|1633|4489|1227|48913|6387|94445|8780|69761|9156|1129286|25286|31954|6612|6663|1537|442|279|334694|20966|17972|3700|4845|1970|41280|5119|8169|2233|72358|9022|55231|9518|6368|1533|27310|4291|3060|1084|95016|13918|3085|1673|97299|6515|97013|6508|286|236
02000C0US3|17297335|94864|1232150|26475|285083|11588|7487|2195|21763|3252|5481|1517|15015|2624|225842|9810|106755|5807|98987|5934|20100|3077|9495|2276|289655|11201|9041|1757|14218|3044|53946|5349|177703|7943|23726|3572|10123|2362|898|507|162046|9267|25267|3272|60720|5039|19874|3105|1556|886|55019|7191|1166|523|491840|18099|16766|3760|12460|2391|27643|4721|22080|3826|8663|1542|18744|2597|17445|3218|6246|1637|10337|3112|14616|2970|5197|1945|52624|5539|42811|4983|101449|7930|9863|2541|98164|10062|26732|3931|3526|1380|4009188|36371|891126|23265|529690|18613|416500|15783|34272|3148|78918|5840|73844|6314|282047|12608|5545|1829|1616772|34677|82120|10251|85860|9230|5496|2059|1050063|30926|90947|7873|12481|2598|84394|9322|163388|12446|21932|3730|10753|2387|9338|2648|1136858|25422|43140|6246|32055|4609|23746|3891|36950|4989|22266|3340|424208|17426|11825|2717|63832|5287|478766|17776|70|115|340814|20220|4680|1982|7642|2636|6771|2718|54710|10456|40996|5666|29759|4498|13801|2995|34616|4579|23592|4787|27910|7371|65992|8246|15040|2897|6970|2471|8335|1786|23618|6550|1180189|36479|325994|18941|17843|4517|144996|15208|65420|8087|11307|3198|16269|4219|15954|3936|16170|3819|38035|7626|114433|12449|59731|9351|20531|6432|25369|6132|8802|3455|153947|13354|10006|3140|72853|9751|33640|4756|26459|5959|10989|2959|61751|6822|58834|6490|2917|1594|485256|23162|2439|1560|81598|8784|16883|4178|22943|4459|271260|18015|14620|4132|26947|5456|16373|4442|32193|5279|38808|6776|54887|4797|37910|3859|31007|3758|6903|1198|768|502|5737|1076|5288|1862|5184|1631|10820921|74796|10555235|75278|2771435|43278|32295|5370|13772|2761|1423750|31710|12578|2942|240053|13120|4771|1553|468026|22673|424190|21500|8994|2172|4396|1614|95784|8962|7163|2116|35663|4901|5520777|62449|14479|3255|47224|5839|663123|28088|505704|26728|626808|27484|3384833|47457|214406|15050|58195|5953|6005|3949|2263023|41789|101412|6832|53835|6420|297153|17218|55230|6842|609609|21230|110502|8243|70864|8259|209719|13782|27826|5088|712973|29590|13900|3407|265686|13054|262202|13063|3484|1221
02000C0US4|15491093|80421|1151174|21395|261199|9597|8709|1546|25081|2821|7229|1430|13805|2022|200224|8965|97699|6498|88705|5053|13820|1871|6151|1407|243651|8973|10984|1780|10003|2045|53838|4933|131478|6278|24104|2270|12392|2074|852|483|108224|5482|13751|2150|43842|3592|21619|2807|6207|1306|26859|4058|2153|918|534923|18318|6543|2772|18126|3232|18677|2660|16593|3034|9914|2077|14118|2443|16060|2432|5944|1568|4719|1349|17440|3018|3221|1322|39403|4396|47487|4908|126546|8195|6028|1572|157861|13859|26243|3075|3177|1327|6051547|40859|1917308|32018|1300807|28216|948169|24360|129467|7212|223171|9089|161326|8066|447774|15410|7401|2099|1454546|29495|105708|12237|31269|4626|1812|1031|885761|24003|259370|11654|17242|5016|43324|6360|70746|8842|13502|2739|17811|4874|8001|2184|2246311|31021|38884|6138|70332|5788|50762|4747|56523|5622|23585|2924|1221030|25266|16973|2274|107624|8175|660505|19985|93|113|415511|17683|100039|9327|10059|2435|8347|2844|71480|9789|46540|4296|22037|4139|9010|1753|35582|4171|11595|2873|38376|5849|37504|4565|5597|1514|14020|3546|5325|1522|17871|3044|488562|19775|194438|13515|14848|3935|77361|8309|35850|5803|19568|5814|10008|2557|8136|2221|6816|2259|21851|4437|31405|6043|10156|3801|5959|1946|13120|3657|2170|902|89691|8801|5108|1828|54693|6633|13185|2682|10028|4236|6677|2226|44378|4300|43295|4335|1083|742|110976|9275|391|483|19895|3539|3783|2137|6762|3380|58655|7358|4282|1499|2990|1346|2032|1118|12186|4428|17674|4541|170896|10824|56551|5407|42027|5108|14524|2204|40680|4139|6956|2341|21162|4837|45547|5863|7628914|63229|7368060|62276|194456|12304|1924|831|2084|776|103469|9922|463|323|22249|4394|692|501|17741|4156|30823|4117|510|426|950|673|8942|2180|1255|735|3354|1366|6564739|52787|18004|3619|19316|3195|531749|17591|404787|19999|106404|9820|5367732|48042|102043|10487|13203|2751|1501|837|608865|20175|45422|4681|14938|2609|105065|9100|35466|4785|143607|12089|41739|4393|4786|1295|120471|11506|4428|1153|87629|11331|5314|2286|260854|10013|259695|9969|1159|660
02000C1US1|4863884|53845|621941|17463|79344|6040|2406|1106|19710|3138|1343|764|3564|1307|50889|5365|33092|4088|16059|2668|1738|1180|1432|968|71703|5281|4487|1295|4402|1267|24960|3350|29972|3255|4245|1511|3176|1076|461|341|107033|7907|23569|4121|49739|4309|17344|3306|702|566|15999|3763|382|299|361556|13863|33837|6317|18381|3439|9280|2463|5283|1591|4179|1548|4789|1072|7736|1811|1806|781|2754|1246|5176|1543|3218|2210|55176|6687|13251|3764|70540|7105|5232|1915|80706|7430|40212|4468|2305|1406|1437021|19857|641798|15135|540580|15858|473582|15428|35405|4088|31593|3817|23355|3103|76669|6495|1194|622|453740|16380|11996|4060|141640|10684|3909|1389|165711|8797|12126|2508|4854|1516|20942|4234|44854|5914|5127|1880|35000|6133|7581|2400|212083|11508|14255|3615|7857|2666|7335|1720|5714|2013|11712|2482|90814|8225|2610|973|10426|2278|61302|6606|58|96|125953|9243|2752|1476|7046|1913|12989|2825|5534|2003|29061|4637|4158|1596|794|447|10426|2891|2553|1210|10764|2716|18618|3698|2512|934|15149|4276|3597|1397|3447|1489|340395|19020|52074|7513|2091|1154|15071|4358|11981|3511|6783|2372|2623|1438|5236|2542|1345|811|6944|2466|21350|4772|2937|1354|6849|3089|5372|2137|6192|2372|62158|8704|7080|2438|29083|5339|15079|2899|7677|5575|3239|1658|8899|2235|7938|2002|961|946|174532|14827|10758|3729|53559|7831|6582|3216|15162|3482|46186|6591|10870|4856|4727|1645|3321|1669|23367|5150|21382|4810|16441|2771|15312|2611|12705|2235|2607|1114|250|188|0|213|0|213|879|531|2448086|43426|2396805|42642|1189993|32910|1383|634|23959|4262|23173|3838|9277|2957|586991|21797|16387|3709|154960|16674|231949|12566|14465|4767|12674|2902|88514|7017|7499|2450|18762|3884|520769|22703|5703|1566|8740|2489|67551|8995|105858|12534|68194|8327|235338|12216|11424|3109|15241|2840|2720|1586|686043|23935|17723|3417|6409|2260|94498|10653|15914|4977|110167|10047|196346|13035|144043|10354|54817|6898|4766|1885|36277|6970|5083|1670|51281|5201|50848|5103|433|442
02000C1US2|2516393|35959|246236|12317|36192|3443|1234|764|4964|1278|872|467|2196|812|25762|3320|14546|2206|9559|1843|1657|546|1164|706|37966|3879|1656|709|1039|629|8705|2496|22828|2717|2697|891|1008|553|33|55|24294|3495|6003|1435|7819|1455|2013|1145|0|213|8199|2796|260|187|145551|10145|5676|1597|2843|1093|10771|2614|2768|1101|4173|1791|3480|1255|1344|785|862|450|2719|1562|2376|1572|2006|1488|35067|4472|10474|2321|19500|3681|3025|1106|30322|6273|8145|2036|2233|1977|904845|22727|223636|11852|156204|11877|132977|10715|8820|2573|14407|2952|18218|3836|46941|4423|2273|1309|314990|17367|16502|5628|26167|4578|10620|3910|197704|12362|12317|2834|635|409|16905|3841|23686|5360|2995|1397|1878|1046|5581|2932|244567|10710|37613|4828|5851|1840|5536|1569|25567|2889|14338|3997|77161|6953|1573|852|32106|4103|44626|5064|196|165|116981|9043|863|1167|1971|1511|415|478|25880|4188|4822|1444|8379|2323|2977|1186|21256|3246|8497|2589|8452|2324|8298|1999|3763|1258|19592|3740|1816|861|4671|1734|318663|19408|133837|13298|6962|2922|28445|5122|23137|3980|42146|6291|7373|3701|4021|1404|2407|1325|19346|7226|34107|7182|8674|3356|12993|4966|10565|3031|1875|1291|29773|4294|4810|2057|7874|2072|6226|2361|9065|2950|1798|788|8200|1953|8002|1919|198|224|101072|11312|295|492|17983|3163|1984|1113|9266|3833|47759|8074|2771|1375|4495|2389|5797|2120|10722|3328|11674|2794|8427|2340|3739|1024|2911|926|828|521|164|268|2108|1277|1536|1630|880|700|1038222|23768|1003037|23663|92437|9372|953|621|760|751|27077|5471|608|555|13403|3570|75|86|31821|6641|13869|2528|422|377|223|311|2212|1400|155|205|859|592|728778|21081|2692|1218|2290|861|29847|4493|55715|7399|40319|6281|573905|19821|21612|5772|2205|883|193|184|181822|14941|10075|2982|2731|1690|20000|3694|4865|2026|33082|6089|33931|7412|2573|1129|13220|3255|1427|826|58272|11460|1646|1511|35185|4106|35185|4106|0|213
02000C1US3|6792170|60100|467537|15776|109339|6492|3375|1318|9867|2048|3294|1143|6921|1993|82850|5525|44082|3816|32037|3400|6731|1734|3032|918|121008|7431|2982|901|8104|2732|28088|3940|67981|5415|8899|1675|4580|1196|374|336|63769|6282|9160|1842|25491|3436|5475|1578|518|397|23239|4341|404|311|172720|9705|10780|3256|3098|1032|12473|3453|6471|1711|4102|1169|6617|1657|6824|2079|1935|823|1815|637|2538|1039|2842|1569|17354|2983|15553|2915|33486|4067|4258|1991|30972|4546|11602|3186|701|371|1532479|26242|354397|13990|222003|10815|171703|9876|14864|2279|35436|4153|36642|4785|92749|7735|3003|1347|594875|22295|36583|7401|25620|3974|2689|1369|377484|18061|36722|4954|5311|1670|40859|6534|55626|7387|8459|2375|3548|1666|1974|747|425921|17901|20639|4667|7147|1931|8681|2364|14388|2872|9697|2241|166582|12679|6127|2068|22806|3396|169854|10682|0|213|148548|13855|1877|1193|3112|1616|3267|1758|26150|7085|16471|4003|12623|2974|3985|1282|12187|2426|10653|3738|12878|3545|31395|5509|6531|1979|3359|1719|4060|1340|8738|2956|472129|22322|138092|14543|8277|3337|56728|10495|27008|4480|4952|2329|7765|3091|6620|2354|7036|2652|19706|6286|59993|10032|24138|6959|16184|6067|15539|4630|4132|2076|64410|7323|5809|2422|26101|4667|15150|3251|12044|3405|5306|2291|24417|4814|23829|4849|588|466|167194|13168|934|882|24157|4494|6561|2458|5883|2542|97158|9778|6169|2235|4599|1702|8075|3754|13658|3784|18023|4783|27837|3306|17470|2580|13005|2451|4465|1169|185|266|5256|977|2283|924|2643|1279|4292188|52798|4197539|52903|794437|30287|8801|2333|3275|1088|405303|19424|3837|1405|66977|7798|846|566|136617|14640|119000|10827|2605|1071|1629|937|32351|6362|1925|1227|11271|4003|2602550|49313|5296|2100|15711|4178|240144|15959|234684|20100|322266|25974|1675978|32267|85338|10938|19517|3565|3616|3395|800552|28372|35823|4062|11890|3302|109286|10194|23060|3954|194292|12118|38471|5586|17282|3808|60869|6837|5658|1815|298657|21196|5264|2052|94649|9932|93137|9882|1512|741
02000C1US4|8135868|53860|614312|16547|131255|6933|4374|1267|13274|2034|2958|808|7331|1520|99944|6483|53300|5025|40371|3809|6273|1340|3374|1132|131815|6915|6189|1291|6262|1537|33177|3657|66838|4114|10750|1545|8219|1747|380|289|60003|5060|9013|2001|25561|2805|9047|1993|1809|720|15129|3083|1253|559|290170|13227|3444|1827|10008|2605|10313|2067|8943|2196|6307|1853|6074|1425|8958|2046|4044|1371|2816|1149|7895|1796|1921|913|19380|2679|23589|3646|72337|5807|4463|1352|83725|9615|15953|2680|1069|544|3400264|35596|1087748|24449|721801|20597|534573|17792|70769|4669|116459|7349|98846|7276|262776|12943|4325|1694|902434|25867|56621|8515|19891|3071|1567|1012|557419|20753|174869|10146|12713|5112|19428|4117|38370|5898|7034|1970|10979|4221|3543|1575|1141318|22161|16513|3914|38076|4306|24598|3077|32918|4122|12157|1944|600103|16538|10269|1703|57454|5964|349182|14743|48|80|259930|13950|87361|8487|5217|1635|4783|2043|28526|6118|32301|3855|10368|2808|4983|1447|21280|3637|6272|2159|21593|4402|23878|4139|3146|1366|6788|2522|3434|1263|8834|2147|272788|14617|113958|10374|9424|2866|45065|6711|19559|3252|12845|4220|6303|2445|5068|1637|3318|1495|12376|3366|20215|5237|6343|3239|4194|1602|8170|3174|1508|840|47934|6399|3247|1355|28120|4260|5973|1761|7066|3993|3528|1206|25260|3700|24527|3685|733|625|57445|6802|259|426|10455|2410|2551|1751|2088|1299|28608|4741|3045|1487|1097|773|1100|854|8242|3776|7976|3006|80968|8042|30467|3430|23295|3265|7172|1536|13867|2704|1860|1138|15048|4639|19726|4589|3767536|38916|3640400|37094|108411|9129|993|617|1150|675|55265|7217|266|205|12638|3698|273|274|11445|3535|18704|3466|209|266|639|505|3927|1243|590|509|2312|1152|3220369|32969|10804|3485|9290|2489|302849|13910|251538|16195|54567|7387|2530223|34088|52861|7969|7686|1694|551|501|311620|14290|21496|3189|7669|1526|55729|5380|16862|2878|77121|9677|21694|3321|2736|1140|55060|6449|2231|938|47765|8105|3257|1867|127136|8061|126954|8037|182|119
02000C2US1|5320389|40745|854695|21294|139173|7072|2823|844|33186|4437|2093|699|5291|1214|92995|5792|41306|3747|43834|4151|7855|1291|2785|775|107439|6000|5300|1132|3975|1215|21781|2727|62035|4556|8329|1499|5805|1280|214|222|224970|9729|30728|3311|90651|6109|85396|6999|13161|2325|17359|3077|836|498|381593|15528|32990|5774|12175|2485|14123|3037|9308|2349|5954|1709|13270|2744|8994|1677|3123|1026|5043|1362|7440|3498|7094|2302|96475|7557|16193|3225|57802|5286|3275|1155|64423|5429|23911|3951|1520|667|1679225|21105|493917|14312|333218|13180|272657|13034|26244|3297|34317|3764|28717|3577|131772|8598|210|233|753679|18641|10512|3014|45046|5233|15791|3810|531136|16220|25008|3731|5581|1652|24361|4233|72059|6770|10037|2952|10381|3217|3767|1395|275088|11632|4455|1044|19396|3056|10977|3317|8696|2726|5614|1390|141271|8796|3234|1518|15364|2120|66081|6597|0|213|150798|9397|3216|1104|3462|1075|5621|1667|12851|4045|22909|3231|7280|1958|3153|1048|15457|2849|5821|2301|17833|4025|38230|4853|2481|959|7306|3179|5178|1928|5743|1786|336586|18065|51911|6522|1137|671|6879|1896|20496|4614|1962|1170|4638|1943|5676|2199|3182|1298|7941|2573|13124|3162|5130|2566|1515|853|2313|731|4166|1258|81805|7886|4574|1469|45102|5824|21897|4335|4487|2287|5745|2134|17836|2748|16889|2700|947|559|163993|11822|33816|6116|33789|5346|2755|1438|15933|3941|55028|7315|8273|3003|4815|1591|1595|954|7989|3217|7917|2792|14623|2139|12413|2003|9510|1851|2903|1004|757|907|0|213|72|122|1381|798|2435260|31975|2348030|32714|831574|22857|2418|980|6109|1785|57326|6558|5339|1833|402198|16665|5414|2628|150271|12425|156282|12402|4323|1692|1867|895|27160|3842|3324|1358|9543|2134|675745|23002|2062|1013|24147|4152|181911|12681|160253|15298|77334|11525|201511|11074|17182|3963|8046|2018|3299|1840|840711|25163|22809|3923|7446|2894|173790|12477|17607|3894|191971|12731|207366|13273|43688|5147|109624|9848|14418|3216|40645|5816|11347|3020|87230|4951|86286|4851|944|563
02000C2US2|2760928|33839|530000|17379|54286|3989|1247|531|6685|1324|920|434|2516|794|42185|3748|18499|2656|19932|2304|3754|1041|733|390|68841|5135|3805|1016|2239|715|6976|1350|48424|4468|4362|1014|2864|1176|171|206|47279|4140|14528|2968|23914|2835|1041|451|394|354|7323|1715|473|310|357899|15813|19054|4144|7072|1904|26541|4058|11827|2606|6001|1362|6969|1926|5287|1519|1506|574|9570|2518|6089|1730|9529|3116|99799|7771|21966|3202|31456|3677|6466|1596|65196|8327|23571|2961|1695|1188|1039377|20500|220001|9103|118762|6638|99938|6434|5824|1398|13000|2110|21504|3480|77116|6135|2619|1348|400819|16836|5723|1847|18591|4160|12244|3984|284597|13339|15002|2889|4055|1274|12799|3200|34795|5153|3084|1274|4690|1507|5239|2239|245448|10063|12413|2951|8047|2044|5504|1815|21553|3269|5201|1641|112866|7724|1695|651|22244|2957|55925|6554|0|213|160682|11198|1218|846|2935|1199|528|330|52974|5923|6801|1813|18046|3483|6056|1898|17824|2846|6609|2101|17378|5100|9735|2760|3706|1348|15537|4395|1335|525|12427|2704|237903|13699|81869|6957|2192|1389|26803|4621|20633|3480|12716|3329|3186|1428|3578|1275|3226|1866|9535|2766|17434|4862|9891|3832|3488|1791|3146|1567|909|711|29736|4692|4281|1753|12740|2729|6426|3019|3287|1739|3002|1396|8199|2143|8119|2141|80|102|94019|10090|0|213|12485|3347|884|621|12090|3143|45404|6832|985|693|3368|1708|7461|2696|11342|3452|6646|2667|12457|2033|7480|1415|6109|1306|1371|538|387|585|783|779|2561|1281|1246|585|941191|21741|879077|21377|64621|7070|816|510|858|750|16250|3158|144|233|13209|3036|1821|1857|14577|4904|12942|3016|372|389|541|358|2010|1179|320|339|761|583|661584|18443|1717|1205|2199|802|19066|4628|38730|5485|29442|6360|555381|15754|10342|3062|4458|1199|249|212|152872|12097|7897|2072|2114|1113|21280|3250|3304|1093|39276|5252|21300|5038|3795|1299|14090|2511|1633|758|36744|7262|1439|721|62114|5321|61828|5337|286|236
02000C2US3|10505165|79410|764613|20892|175744|10163|4112|1773|11896|2262|2187|752|8094|1906|142992|8441|62673|5289|66950|5252|13369|2618|6463|2098|168647|7323|6059|1367|6114|1948|25858|3178|109722|5937|14827|3073|5543|1912|524|344|98277|6269|16107|2581|35229|4014|14399|2549|1038|792|31780|5380|762|396|319120|14758|5986|1923|9362|2029|15170|2923|15609|3342|4561|1241|12127|2408|10621|2577|4311|1408|8522|3006|12078|2663|2355|1048|35270|4408|27258|3757|67963|7456|5605|1634|67192|8252|15130|2634|2825|1297|2476709|35477|536729|18069|307687|13948|244797|12133|19408|2535|43482|4045|37202|3678|189298|10955|2542|1229|1021897|28872|45537|6866|60240|7963|2807|1743|672579|24880|54225|6220|7170|2194|43535|6260|107762|11156|13473|3125|7205|1736|7364|2643|710937|18593|22501|3519|24908|4195|15065|2656|22562|3805|12569|2403|257626|13581|5698|1472|41026|3714|308912|13773|70|115|192266|15204|2803|1626|4530|2268|3504|1834|28560|6651|24525|3749|17136|3622|9816|2780|22429|3664|12939|3527|15032|7069|34597|5836|8509|2158|3611|1638|4275|1165|14880|5854|708060|31233|187902|14644|9566|2851|88268|10445|38412|6887|6355|1893|8504|2834|9334|3170|9134|3138|18329|5691|54440|8939|35593|7119|4347|2562|9830|3924|4670|2837|89537|10054|4197|1644|46752|7917|18490|3534|14415|4988|5683|1892|37334|4891|35005|4544|2329|1564|318062|19554|1505|1204|57441|7125|10322|3395|17060|3819|174102|14802|8451|3490|22348|5304|8298|2843|18535|4216|20785|5858|27050|3746|20440|3161|18002|3075|2438|828|583|430|481|447|3005|1712|2541|975|6528733|67484|6357696|67574|1976998|40053|23494|4550|10497|2496|1018447|26856|8741|2664|173076|13124|3925|1488|331409|19198|305190|19284|6389|2016|2767|1264|63433|7456|5238|1622|24392|3639|2918227|50943|9183|2598|31513|4239|422979|24133|271020|18969|304542|18021|1708855|42445|129068|11554|38678|5291|2389|1700|1462471|36450|65589|5671|41945|6010|187867|14614|32170|5590|415317|17654|72031|7320|53582|6826|148850|11052|22168|4878|414316|25207|8636|2657|171037|8072|169065|8063|1972|894
02000C2US4|7355225|64240|536862|15910|129944|6953|4335|1014|11807|1866|4271|1138|6474|1260|100280|6468|44399|4074|48334|4236|7547|1490|2777|766|111836|5588|4795|1292|3741|1107|20661|3083|64640|4847|13354|1618|4173|1000|472|373|48221|3827|4738|1048|18281|2539|12572|2019|4398|1119|11730|2589|900|727|244753|12134|3099|2199|8118|1776|8364|2022|7650|2087|3607|1168|8044|1979|7102|1982|1900|1015|1903|667|9545|2249|1300|950|20023|3060|23898|3760|54209|6433|1565|727|74136|9342|10290|2081|2108|1199|2651283|35245|829560|20410|579006|17585|413596|14850|58698|5430|106712|6412|62480|5217|184998|9241|3076|1336|552112|19539|49087|7985|11378|2772|245|226|328342|17240|84501|6609|4529|1539|23896|4896|32376|5517|6468|1804|6832|1980|4458|1627|1104993|27271|22371|4948|32256|4461|26164|3974|23605|3396|11428|2024|620927|22393|6704|1858|50170|4883|311323|14258|45|77|155581|10288|12678|4056|4842|1757|3564|1989|42954|6711|14239|2590|11669|2516|4027|1201|14302|2668|5323|1953|16783|3584|13626|2234|2451|861|7232|2813|1891|889|9037|2244|215774|14669|80480|9200|5424|2222|32296|5595|16291|4153|6723|4253|3705|1562|3068|1227|3498|1541|9475|3112|11190|3359|3813|2022|1765|1081|4950|2032|662|480|41757|6756|1861|964|26573|5301|7212|2172|2962|1214|3149|1987|19118|3330|18768|3312|350|411|53531|7075|132|209|9440|2693|1232|815|4674|2880|30047|5404|1237|1052|1893|1084|932|640|3944|2077|9698|4077|89928|7719|26084|3521|18732|3179|7352|1574|26813|3806|5096|2068|6114|2413|25821|4306|3861378|51003|3727660|50557|86045|8885|931|591|934|449|48204|7447|197|218|9611|2537|419|412|6296|1950|12119|2122|301|319|311|468|5015|1926|665|542|1042|802|3344370|46641|7200|1741|10026|1910|228900|12629|153249|12071|51837|6552|2837509|39832|49182|6897|5517|1976|950|660|297245|15769|23926|3092|7269|2100|49336|7369|18604|3825|66486|7863|20045|3505|2050|723|65411|8926|2197|609|39864|7112|2057|994|133718|6550|132741|6463|977|632
02000E0US1|140207|7776|33820|3124|8813|1505|49|63|878|409|220|204|585|378|6720|1413|2265|680|3199|993|1256|796|361|442|8526|1339|499|283|424|302|2131|1015|4311|840|789|335|372|257|0|213|3959|1231|696|402|1839|755|1067|747|30|52|357|283|0|213|12372|1859|510|406|430|457|155|195|590|624|207|225|435|355|523|326|60|86|102|112|0|213|229|351|3542|1195|546|325|2284|702|338|297|1516|541|905|546|150|189|37982|3778|13297|2015|8364|1729|7499|1598|380|325|485|297|966|410|3967|1264|0|213|9288|1496|138|168|1007|575|0|213|6205|1396|441|302|114|120|445|395|546|321|145|150|247|331|0|213|8884|1511|143|231|0|213|662|431|332|256|36|66|4393|1199|7|4|1508|598|1803|619|0|213|6493|2898|367|457|72|124|675|776|442|647|735|398|241|194|0|213|1205|1079|150|166|254|291|2153|2384|37|54|105|172|57|111|20|34|5255|1370|1838|902|0|213|328|202|235|362|0|213|160|163|14|4|903|818|198|191|232|202|67|91|130|176|0|213|35|49|805|361|66|93|451|284|200|182|0|213|88|154|587|457|587|457|0|213|1782|687|0|213|550|368|104|177|471|404|591|458|0|213|35|2|0|213|31|46|11|23|1784|640|1396|580|1004|524|392|227|0|213|128|232|0|213|260|256|61366|5153|52883|5019|19384|3152|353|454|38|65|768|474|119|134|8508|2316|172|267|1750|1016|4972|1314|437|513|220|228|1317|623|149|187|581|428|16157|3294|32|5|315|330|3028|1425|4621|2508|1326|603|5627|1252|860|696|348|262|0|213|17342|3044|639|471|19|35|2218|776|662|833|2863|1150|5855|2311|1580|746|1482|1187|403|337|1186|903|435|361|8483|1405|8456|1400|27|43
02000E0US2|309271|9685|34474|3423|7269|1559|217|182|821|497|113|126|235|148|5273|1259|2332|839|2357|650|584|384|610|520|9712|1554|178|140|137|144|1458|591|6684|1283|1067|411|184|122|4|9|2376|829|668|568|680|378|69|41|0|213|918|660|41|48|15117|2372|450|265|155|157|229|164|600|385|65|122|1921|1643|221|188|235|262|378|290|165|152|459|423|1971|777|784|380|3257|804|107|170|3585|1205|535|199|0|213|63647|3763|14597|2146|7524|1340|6405|1170|559|453|560|348|2357|914|4710|1229|6|23|16804|2561|195|188|718|618|0|213|10973|2284|916|584|289|241|2045|798|1134|784|440|370|73|105|21|41|29812|2782|3204|1050|54|61|220|208|3219|920|60|75|12996|2065|149|148|5240|1688|4670|1335|0|213|2176|878|207|279|28|48|10|19|120|152|241|206|149|191|175|149|162|161|0|213|240|359|463|434|110|174|241|378|30|49|258|236|18086|3168|8112|2027|0|213|2008|840|812|499|3504|1973|562|443|397|509|264|281|565|821|1177|642|395|408|506|359|276|337|0|213|1112|589|59|119|121|127|234|271|549|425|149|192|2213|1093|1900|1057|313|348|3276|1078|0|213|373|309|111|126|223|153|1409|859|429|408|0|213|0|213|731|604|2196|1014|3106|1214|718|319|400|239|318|271|0|213|342|256|1742|1022|304|260|189958|6823|180562|6461|14898|2623|89|78|13|27|9220|2326|36|75|2026|1090|0|213|2775|1280|532|395|0|213|0|213|82|113|0|213|125|158|153097|6210|176|185|274|278|7706|1967|20984|4634|6421|2080|110450|6428|6398|1715|449|315|239|332|12567|2235|488|318|416|364|974|364|504|335|4243|1433|1700|1161|209|217|1541|622|0|213|2057|1090|435|415|9396|1775|9396|1775|0|213
02000E0US3|562266|14745|48099|4454|12156|2917|129|129|1221|682|230|208|197|240|9950|2719|5412|2547|4027|942|511|289|429|561|15756|2135|540|314|372|358|2042|1155|10682|1774|1677|749|385|387|58|100|4926|1608|1368|826|1578|607|230|211|52|92|1690|1199|60|104|15261|2875|299|351|75|84|666|387|277|331|969|1274|2226|1630|146|150|316|355|33|57|561|543|365|458|1165|570|1365|745|3683|1134|507|667|2208|891|400|338|0|213|91704|6476|21828|3695|11469|2416|9759|2276|234|197|1476|803|3754|2028|6480|1398|125|148|25134|3867|29|47|1554|782|66|131|15844|2829|1175|756|434|341|1305|660|3600|1874|361|387|556|456|210|195|38277|4075|2312|1336|903|578|1188|800|2743|1071|372|297|16184|2583|1027|894|3185|1633|10363|2475|0|213|5947|1577|118|114|0|213|416|388|139|176|584|382|395|292|116|190|905|765|172|252|64|110|1428|733|299|289|704|545|607|915|518|421|16180|2863|3833|1547|54|92|893|546|1053|932|90|173|193|168|506|358|305|310|739|729|1559|859|1226|775|38|48|215|338|80|149|1519|766|11|20|969|747|265|223|274|266|0|213|1994|787|1908|775|86|181|6278|1838|0|213|637|378|0|213|391|409|4594|1816|241|212|0|213|317|375|98|177|997|1027|2777|1164|1500|667|1227|656|273|208|7|14|257|358|207|37|806|688|403506|12350|395325|12249|42623|5231|643|547|209|263|17137|3009|97|130|4508|1554|67|114|9604|2756|8115|2670|165|242|0|213|1476|661|0|213|602|527|329899|10749|478|400|1968|880|13280|4064|33581|5974|20126|3479|255031|9862|2604|1005|2831|1164|0|213|22803|3398|1637|777|141|176|2707|883|1356|828|7141|2123|943|432|799|609|2258|897|284|294|4976|1656|561|425|8181|1385|8004|1351|177|186
02000E0US4|373734|13651|36271|3706|11123|1742|377|220|390|287|869|532|683|336|8437|1566|3197|988|4523|1139|717|373|367|284|12282|1870|309|210|360|256|1997|917|6916|1440|1700|679|1000|561|0|213|4029|1281|531|477|1992|848|580|400|49|64|926|662|0|213|8837|1435|134|163|109|169|0|213|471|468|11|21|1115|733|734|417|0|213|150|168|614|464|95|172|1097|521|458|302|1837|633|100|172|1648|781|264|234|0|213|64737|4462|17173|2642|6579|1474|4751|1241|678|363|1150|473|6545|1609|4049|1184|0|213|9024|1881|461|498|587|629|0|213|4413|1435|1268|787|44|77|729|445|928|560|160|146|0|213|434|425|37193|3536|116|151|263|216|510|332|425|364|474|353|28227|3033|170|224|2806|1053|4157|1245|45|72|1347|541|0|213|71|116|1|10|70|94|348|294|76|109|0|213|91|128|106|126|0|213|371|361|94|171|59|106|60|112|0|213|8094|2101|1840|953|43|92|331|313|200|94|0|213|316|305|26|52|145|185|779|825|351|293|0|213|0|213|351|293|0|213|1104|475|0|213|573|389|207|255|324|280|0|213|2606|1155|2606|1155|0|213|1860|1050|0|213|623|637|257|255|243|389|204|213|7|17|0|213|526|690|0|213|333|246|11595|2279|3111|1138|2555|967|556|501|380|411|3718|2346|2654|1559|1732|841|253037|11092|237696|11108|4460|1651|0|213|0|213|1823|1173|0|213|1259|836|0|213|105|29|552|327|0|213|0|213|201|231|0|213|520|601|218184|11210|0|213|338|400|8205|2545|10755|4107|2869|1700|194656|9597|1046|958|315|287|0|213|15052|3115|1655|1122|637|802|3641|1436|1097|655|4250|2004|302|232|194|174|2521|1466|221|307|534|365|0|213|15341|2192|15272|2158|69|117
02000E2US1|107741|6733|27657|2493|7060|1378|49|63|542|296|220|204|428|267|5724|1373|1928|575|2625|879|1171|785|97|106|6372|974|459|275|259|192|924|420|3657|721|701|334|372|257|0|213|3464|1194|472|361|1707|733|966|769|30|52|319|282|0|213|10611|1677|259|306|430|457|155|195|590|624|207|225|390|331|365|294|60|86|102|112|0|213|229|351|3024|1125|546|325|1930|671|338|297|1443|530|543|353|150|189|27440|3203|10768|1953|6531|1636|5666|1528|380|325|485|297|966|410|3271|1143|0|213|5718|1260|40|82|270|272|0|213|3645|1185|392|287|114|120|429|387|436|264|145|150|247|331|0|213|6622|1132|0|213|0|213|662|431|96|95|36|66|3489|1040|7|4|1348|582|984|419|0|213|4312|2510|367|457|0|213|675|776|0|213|620|336|241|194|0|213|194|178|49|63|254|291|1745|2205|5|9|105|172|57|111|20|34|3929|1235|1413|877|0|213|138|130|0|213|0|213|160|163|14|4|903|818|198|191|232|202|67|91|130|176|0|213|35|49|614|336|66|93|389|272|71|100|0|213|88|154|562|443|562|443|0|213|1097|567|0|213|238|213|0|213|394|354|399|347|0|213|35|2|0|213|31|46|11|23|1239|533|1084|498|780|458|304|178|0|213|128|232|0|213|27|37|47476|4359|40913|4278|14683|2781|84|142|38|65|670|431|82|104|7194|2134|0|213|1608|995|2732|979|437|513|220|228|1105|602|149|187|364|334|12387|2042|0|213|116|110|2958|1426|2144|832|1128|584|4980|1145|713|677|348|262|0|213|13843|2872|639|471|19|35|1915|727|611|831|2310|1085|3934|1956|1418|721|1280|1188|253|243|1186|903|278|270|6563|1125|6536|1118|27|43
02000E2US3|310521|11898|32628|3679|8839|2642|129|129|1066|662|164|189|81|124|7252|2526|4048|2453|2817|806|387|229|147|109|11692|1936|474|279|111|97|1908|1149|8018|1592|1010|572|113|125|58|100|3328|1181|1258|794|1203|537|230|211|52|92|577|518|60|104|8769|2035|299|351|75|84|500|385|121|142|64|109|751|466|63|83|279|342|33|57|561|543|365|458|778|437|704|527|2755|1012|101|130|1038|785|282|277|0|213|42732|3465|10466|1871|4694|1318|4079|1248|111|138|504|525|1448|692|4199|1285|125|148|10083|2383|0|213|114|110|66|131|6158|1703|509|350|175|184|615|435|2133|1269|0|213|103|133|210|195|18593|2757|1484|1169|374|317|412|303|1816|867|250|220|7677|1462|317|270|1064|650|5199|1959|0|213|3348|1133|118|114|0|213|232|337|45|70|406|335|316|257|0|213|697|526|36|64|0|213|1229|700|0|213|269|387|0|213|242|277|8146|1892|2061|1085|54|92|519|464|829|905|88|173|190|168|130|172|93|131|158|211|709|658|376|561|38|48|215|338|80|149|1039|657|11|20|638|651|219|209|171|215|0|213|1970|797|1884|785|86|181|1893|942|0|213|486|321|0|213|295|413|880|808|134|114|0|213|0|213|98|177|474|504|1283|568|1096|518|871|500|225|190|7|14|7|12|27|34|146|164|225732|10738|220662|10638|26255|4237|223|286|181|260|10023|2207|97|130|3046|1345|0|213|5092|2167|6332|2434|133|229|0|213|991|588|0|213|137|219|179216|10110|322|391|1437|718|7943|3232|18040|4709|12072|2754|136099|7798|1923|975|1380|830|0|213|15191|2960|1082|649|28|46|1702|547|702|525|4923|1832|542|295|752|594|1695|825|29|66|3481|1552|255|245|5070|872|4973|862|97|122
02000G0US2|148080|5207|19970|2047|5298|809|272|131|495|293|84|55|558|334|3710|755|1548|524|1848|515|314|192|179|138|6431|923|180|124|38|32|583|377|4860|753|523|215|177|160|70|127|1115|338|137|97|420|177|243|212|0|213|297|215|18|27|7121|1517|133|134|154|229|160|154|137|111|30|83|264|229|129|134|74|48|78|107|41|61|171|193|1728|659|406|423|1845|639|305|261|1272|651|194|137|5|8|24991|2202|5014|1070|2078|734|1656|670|151|126|271|227|697|428|1840|617|399|566|5368|1030|106|156|382|381|129|148|2914|743|133|126|522|385|354|221|471|260|156|108|55|79|146|167|12451|1512|452|293|214|189|76|83|591|249|363|236|7905|1325|132|154|849|301|1869|773|0|213|1883|982|68|83|127|191|18|25|138|108|255|246|100|110|38|62|418|290|0|213|559|747|114|123|24|46|0|213|24|43|275|263|8101|1569|1359|490|0|213|743|365|365|243|0|213|52|59|0|213|159|115|40|72|1064|597|0|213|759|641|291|356|14|23|322|167|36|62|117|79|100|104|13|28|56|78|3297|968|3297|968|0|213|973|453|0|213|138|134|12|19|327|251|433|311|0|213|1|2|0|213|62|102|1086|814|2923|608|859|378|773|359|86|91|0|213|30|44|1927|528|107|91|92095|4191|85596|4313|6035|1513|0|213|6|10|3607|1143|35|4|729|503|14|23|1060|613|495|430|0|213|0|213|47|71|0|213|42|73|71258|4076|76|87|705|519|2444|851|6392|1254|3827|1348|56054|3561|1229|472|531|243|0|213|8303|1515|120|148|359|470|1133|448|606|398|3060|1032|521|275|74|102|887|401|35|60|1095|615|413|345|6499|1019|6499|1019|0|213
02000G0US3|317200|12700|25902|2414|6658|1129|0|213|412|284|99|115|405|273|5475|1121|1845|760|2918|641|712|467|267|221|10725|1108|267|175|586|428|707|340|8350|1085|731|428|59|77|25|47|2047|791|117|103|608|354|311|357|0|213|1011|628|0|213|6441|1615|460|447|34|57|318|409|63|81|0|213|265|225|573|541|62|74|262|269|386|366|0|213|588|459|345|276|2062|766|210|248|601|470|212|202|31|57|39789|5309|8203|1682|4518|1159|3672|1002|111|137|735|662|1028|596|2519|850|138|186|10385|2439|161|123|231|189|13|21|5266|2105|1228|648|346|283|707|450|2134|1435|144|180|69|99|86|125|18793|3267|440|629|656|537|467|432|522|244|375|356|9246|2393|0|213|2292|861|4795|1426|0|213|2083|1035|0|213|29|52|40|59|123|190|298|289|277|368|0|213|120|79|100|161|77|95|633|782|250|315|136|203|0|213|325|346|8166|2026|2136|1355|0|213|143|157|1573|1291|0|213|14|25|67|114|131|162|208|181|516|328|42|89|369|285|75|104|30|55|554|379|0|213|554|379|0|213|0|213|0|213|2162|678|2162|678|0|213|2392|1308|0|213|1150|1252|0|213|64|116|658|431|0|213|226|178|85|149|209|197|406|328|1470|623|214|169|214|169|0|213|64|130|595|357|187|215|410|330|241873|10393|234404|10182|19082|3388|293|204|755|626|4803|1340|70|136|3815|1542|58|82|5917|2708|2506|924|0|213|0|213|620|432|13|26|232|178|199112|9688|376|437|65|173|10254|2439|16241|3515|9682|2494|158032|8161|3439|1764|1023|556|0|213|16210|3140|297|219|1000|1085|1576|566|708|480|2798|871|991|518|562|444|3455|1271|158|224|4420|2167|245|272|7469|1629|7409|1592|60|114
02000H0US1|179716|8553|46296|3275|12642|1717|213|202|1516|479|278|222|753|403|9354|1555|3351|778|4588|1058|1415|831|528|476|11796|1590|730|363|580|349|2435|1038|6336|1080|1070|384|645|303|0|213|4841|1264|785|422|2204|777|1255|750|46|58|597|367|0|213|16867|2165|610|445|497|473|257|252|616|632|207|225|696|377|622|325|166|188|163|153|326|362|229|351|4429|1375|999|714|3089|784|355|298|2489|722|1117|574|150|189|47122|4120|17422|2145|10738|1910|9492|1791|654|483|592|330|1421|505|5234|1363|29|65|11144|1624|138|168|1014|574|0|213|7328|1523|624|321|210|180|537|425|614|333|393|295|286|341|0|213|11714|1643|275|279|151|149|679|434|332|256|154|178|6392|1416|32|39|1788|620|1911|619|0|213|6795|2904|367|457|106|140|730|782|454|647|752|404|264|201|0|213|1205|1079|209|191|254|291|2255|2384|37|54|105|172|57|111|47|56|6011|1497|2183|931|0|213|362|216|246|366|0|213|335|300|14|4|939|823|287|210|249|202|67|91|136|177|0|213|46|52|1009|607|66|93|494|293|211|182|142|477|96|155|744|515|732|514|12|21|1815|693|0|213|551|368|104|177|471|404|600|458|0|213|58|32|0|213|31|46|11|23|2426|758|2038|742|1582|708|456|244|0|213|128|232|0|213|260|256|77861|5754|61851|5415|21630|3333|432|499|48|65|960|514|119|134|9085|2328|172|267|1792|1018|6134|1562|437|513|220|228|1501|630|149|187|581|428|19985|3382|81|54|377|357|3334|1413|4927|2536|1607|603|8151|1343|973|720|535|328|0|213|20236|3172|980|483|41|54|2705|860|759|841|3417|1236|6274|2343|1822|753|1867|1155|403|337|1410|938|558|381|16010|2002|15983|2001|27|43
02000H0US2|457351|11570|54444|4299|12567|1712|489|206|1316|582|197|138|793|396|8983|1541|3880|973|4205|858|898|410|789|526|16143|1859|358|185|175|150|2041|747|11544|1564|1590|456|361|218|74|127|3491|877|805|573|1100|428|312|212|0|213|1215|705|59|48|22238|2862|583|300|309|274|389|232|737|416|95|141|2185|1661|350|233|309|266|456|300|206|168|630|471|3699|897|1190|582|5102|1094|412|299|4857|1413|729|236|5|8|88638|4444|19611|2323|9602|1568|8061|1448|710|460|831|390|3054|1059|6550|1336|405|564|22172|2735|301|206|1100|770|129|148|13887|2386|1049|599|811|467|2399|838|1605|825|596|382|128|109|167|173|42263|3230|3656|1116|268|181|296|229|3810|1010|423|240|20901|2573|281|191|6089|1701|6539|1498|0|213|4059|1303|275|294|155|203|28|31|258|184|496|344|249|219|213|163|580|332|0|213|799|840|577|450|134|181|241|378|54|67|533|346|26187|3773|9471|2099|0|213|2751|905|1177|564|3504|1973|614|445|397|509|423|294|605|820|2241|815|395|408|1265|760|567|501|14|23|1434|606|95|135|238|158|334|292|562|425|205|209|5510|1625|5197|1562|313|348|4249|1175|0|213|511|350|123|128|550|274|1842|898|429|408|1|2|0|213|793|620|3282|1271|6029|1309|1577|486|1173|440|404|277|0|213|372|262|3669|1110|411|258|282053|8114|266158|7828|20933|2896|89|78|19|28|12827|2802|71|75|2755|1274|14|23|3835|1340|1027|574|0|213|0|213|129|129|0|213|167|194|224355|7225|252|198|979|635|10150|2170|27376|4770|10248|2363|166504|7410|7627|1766|980|413|239|332|20870|2799|608|348|775|585|2107|611|1110|475|7303|1733|2221|1229|283|240|2428|762|35|60|3152|1284|848|550|15895|2084|15895|2084|0|213
02000H0US3|879466|19447|74001|5402|18814|3059|129|129|1633|718|329|242|602|365|15425|2810|7257|2511|6945|1043|1223|610|696|628|26481|2467|807|330|958|568|2749|1168|19032|2208|2408|887|444|395|83|111|6973|1789|1485|837|2186|678|541|426|52|92|2701|1340|60|104|21702|3397|759|581|109|101|984|525|340|333|969|1274|2491|1680|719|548|378|345|295|275|947|586|365|458|1753|787|1710|810|5745|1285|717|688|2809|1052|612|390|31|57|131493|7960|30031|4036|15987|2510|13431|2377|345|231|2211|973|4782|2122|8999|1669|263|224|35519|4515|190|130|1785|798|79|134|21110|3362|2403|1093|780|421|2012|765|5734|2274|505|433|625|474|296|224|57070|4373|2752|1375|1559|785|1655|883|3265|1053|747|414|25430|3219|1027|894|5477|1902|15158|2702|0|213|8030|1862|118|114|29|52|456|389|262|260|882|463|672|448|116|190|1025|764|272|292|141|147|2061|1063|549|430|840|557|607|915|843|543|24346|3492|5969|1984|54|92|1036|569|2626|1624|90|173|207|168|573|367|436|340|947|745|2075|968|1268|773|407|308|290|359|110|166|2073|828|11|20|1523|840|265|223|274|266|0|213|4156|1160|4070|1151|86|181|8670|2218|0|213|1787|1317|0|213|455|439|5252|1901|241|212|226|178|402|408|307|279|1403|1038|4247|1300|1714|699|1441|689|273|208|71|132|852|541|394|218|1216|757|645379|17093|629729|17109|61705|6162|936|629|964|651|21940|3269|167|187|8323|2071|125|140|15521|4078|10621|2732|165|242|0|213|2096|771|13|26|834|596|529011|15712|854|614|2033|894|23534|4743|49822|6723|29808|4599|413063|13227|6043|2040|3854|1219|0|213|39013|4571|1934|782|1141|1114|4283|925|2064|998|9939|2221|1934|715|1361|768|5713|1523|442|370|9396|2903|806|439|15650|2277|15413|2221|237|211
02000H0US4|468286|14512|50598|4533|14564|2035|445|241|787|533|1100|565|745|345|11055|1740|4438|1121|5721|1189|896|415|432|282|16942|2398|454|232|879|770|2373|926|9807|1622|2243|809|1186|582|0|213|4538|1291|547|476|2335|915|654|411|49|64|931|661|71|121|14554|2151|310|350|541|567|0|213|564|482|25|30|1123|732|1021|560|41|73|244|212|1194|612|251|252|1801|682|641|372|2830|868|212|179|3189|1192|567|441|0|213|82958|5332|18872|2679|7497|1531|5416|1327|752|381|1329|505|6747|1606|4555|1249|73|112|11948|2173|748|574|1229|1018|0|213|5588|1673|1381|807|621|376|733|445|1054|612|160|146|0|213|434|425|49376|4130|183|200|399|264|776|412|1410|925|644|448|37450|3501|277|273|3230|1088|4962|1341|45|72|2654|1164|343|443|71|116|1|10|89|100|363|297|164|110|0|213|91|128|579|677|0|213|740|554|94|171|59|106|60|112|108|101|9975|2265|2172|988|43|92|369|312|200|94|3|8|436|376|26|52|212|224|883|841|501|274|0|213|0|213|351|293|150|91|1438|531|0|213|721|406|377|315|324|280|16|27|3064|1232|3018|1236|46|79|2346|1224|0|213|623|637|257|255|243|389|616|657|7|17|0|213|526|690|74|101|454|270|13402|2351|4211|1304|3572|1108|639|506|795|605|3718|2346|2654|1559|2024|845|311353|12047|290776|11959|5117|1734|0|213|0|213|2026|1256|0|213|1695|906|0|213|106|29|569|330|0|213|0|213|201|231|0|213|520|601|265281|11568|455|405|347|397|9451|2636|12512|4326|3665|1904|237293|10294|1112|962|446|322|0|213|20378|3716|2049|1243|1268|1057|4538|1503|1260|704|5277|1997|302|232|208|175|3963|1723|364|401|1149|727|0|213|20577|2523|20508|2505|69|117
020C201US1|9971314|66439|1403993|28077|200538|9586|4765|1425|50276|5332|3221|974|8638|1771|129473|8989|67736|5747|53283|5340|8454|1677|4165|1276|165687|8335|9239|1627|8243|1712|44982|4590|83131|5793|11147|2086|8270|1637|675|394|315669|12261|53098|5321|133684|6831|96663|7131|11604|1832|31017|4959|1207|561|718287|22939|66682|7513|29929|4277|22872|3703|14196|2784|9451|1998|16348|2875|15722|2206|4327|1259|7236|1854|10855|2458|9922|3082|145228|8716|27729|5002|125063|8630|8546|2303|140833|9374|63348|6401|3812|1541|3059254|25429|1115275|20707|859055|19803|733627|19242|61330|4955|64098|5722|50897|4717|203890|9828|1433|650|1183360|24254|22227|5161|186152|10782|18722|3996|681807|16719|36666|4676|9668|2241|43775|5478|114298|8071|14333|3046|44936|7038|10776|2905|477594|13742|18777|3581|27008|4060|17834|3722|14407|3285|17268|2606|226832|11946|5705|1755|25269|2890|124436|8261|58|96|274094|13410|5835|1846|10272|2353|18656|3254|18289|4725|51213|5308|10975|2451|3765|1154|26121|4349|8141|2512|28206|4874|56605|5763|4905|1252|22560|5653|8551|2304|8931|2357|665608|26025|100919|10097|3228|1367|21741|4357|31484|5185|8745|2666|7152|2443|9874|3458|4445|1436|14250|3404|33701|5947|7853|2823|8456|3096|7605|2321|9787|2499|140868|11777|11605|2702|72121|8039|36563|5307|12092|6075|8487|2897|25090|3601|23182|3424|1908|1095|335792|18193|44524|6937|86646|8660|9441|3501|31365|5232|99604|10003|18956|4679|9413|2362|4751|1915|31092|6032|29238|6046|29738|3022|26417|2804|20986|2563|5431|1364|1007|917|0|213|72|122|2242|853|4812721|56347|4685662|56114|2008208|42255|3680|1059|29630|4443|78719|7839|14584|3606|985989|27640|21884|4419|303283|20223|384231|19111|19162|4903|14624|3121|114354|8021|10223|2654|27845|4404|1169757|31888|7795|1944|32000|4827|248739|17051|261515|18140|143551|13771|418894|14315|28514|4574|22741|3571|6008|2270|1507697|35886|39018|5133|13445|3385|262605|16490|33143|6314|300254|16202|400457|19027|186595|11557|162227|11077|17293|3336|76896|8477|15764|3587|127059|6460|125729|6465|1330|601
020C201US2|5347894|53838|758756|21382|88336|5785|2221|963|11807|1892|1765|692|4460|1113|65822|5594|32663|3724|27744|2928|5415|1246|2261|921|102542|6248|5181|1230|3140|907|16356|2893|68122|5418|6872|1370|2667|926|204|213|69476|5389|20206|3229|30593|3006|2935|1182|394|354|15009|3165|733|401|494522|17721|24795|4283|9492|2213|36520|5087|14754|2871|9562|2256|11732|2924|6122|1656|2418|723|12354|3086|8252|2336|11498|3357|132526|9175|31271|3811|49317|4922|9186|2020|94252|9501|30471|3405|3880|2405|1940871|25672|438078|14130|271131|13950|229467|12412|14739|2800|26925|3609|40210|5185|121505|7181|5232|2009|715736|19948|22323|5645|45405|5652|22573|5655|481203|17812|26841|4321|4403|1371|30905|4773|58460|7457|6222|2078|6641|1920|10760|3740|494082|12740|51934|5380|12627|2060|10875|2504|46098|3614|19219|4259|191431|9956|3289|1063|55865|5052|102548|8246|196|165|275770|14713|2221|1273|4793|1884|940|572|78081|7177|10970|2134|26302|4136|9118|2194|38390|4391|15069|3388|26244|5373|18185|3480|7469|1627|35047|5722|2941|1088|17205|3418|561763|21842|218437|15335|9154|3308|55470|6940|42902|5156|57762|7560|10349|3873|7967|1788|5647|2283|29186|8107|53253|8654|18931|5116|17459|5262|14065|3374|2798|1407|59774|5907|9091|2512|20321|3259|12739|3383|12701|3477|4922|1649|16714|2916|16230|2849|484|403|193162|15783|295|492|30856|4830|2859|1213|21134|4804|91403|9804|4140|1607|7855|3044|12362|3325|22258|4895|20423|3638|21928|3271|10958|1813|8565|1636|2393|847|551|633|2671|1329|5545|1941|2203|995|2064576|33696|1972170|32510|166224|10885|1387|721|1270|772|51135|6677|788|512|27522|4558|1910|1854|47941|8193|26358|4095|794|530|679|497|4241|1730|475|396|1724|889|1472546|29139|4522|1608|4172|1136|55322|6784|110477|10179|74617|9015|1180505|27722|35948|6698|6564|1442|419|276|333400|20482|17875|3653|4464|2019|39149|4969|8427|2322|73633|9303|56012|9416|6334|1544|26525|4220|2753|1105|94957|13750|3271|1725|92406|6446|92215|6447|191|226
020C201US3|16545371|97305|1133796|25263|256609|11192|7081|2214|20844|3182|5160|1399|13613|2480|201283|9507|97595|5461|86325|5609|17363|2963|8628|2278|264566|10397|8800|1776|13533|2942|50653|5016|159242|7455|21856|3359|9621|2288|861|507|154771|9331|24084|3244|57980|4932|17436|2807|1486|880|54226|7205|1045|526|454871|16823|16648|3725|11175|2189|26402|4605|19015|3165|9215|1723|18034|2753|16724|3277|6253|1612|9709|3046|11541|2677|4911|1877|49058|5518|38841|4496|93893|7395|9805|2530|87966|9313|25681|3952|2979|1350|3841267|39880|855363|22360|509992|18194|400086|15640|32960|3047|76946|5713|71565|5972|268450|12205|5356|1817|1546108|35123|81128|10368|85225|9015|5496|2059|996317|30771|86918|7519|12311|2559|82142|9450|158281|12334|20303|3649|10457|2442|7530|2007|1085747|25500|41286|5703|29727|4206|23546|3876|32027|4726|20790|3312|400224|17884|12050|2836|60562|5513|465465|18150|70|115|330740|21046|4798|1976|7341|2654|6679|2749|52514|10331|38994|5643|28887|4556|13628|2993|34080|4579|23034|4770|25965|7277|64951|8259|13794|2538|7277|2497|8798|1972|23309|6612|1147300|36302|316067|18993|17531|4447|143189|15225|61522|7817|11104|3146|16190|4183|15833|3982|15269|3821|35429|7271|114491|12370|60116|9257|20521|6414|25129|6132|8725|3452|147436|13246|9763|3169|69888|9387|31716|4540|25612|5948|10457|2951|58837|6698|56108|6439|2729|1596|472408|23524|2381|1554|79804|8572|16284|4073|22807|4383|262072|18380|14667|4126|26163|5452|16491|4473|31739|5003|38061|6705|51614|4506|34279|3290|27582|3247|6697|1158|743|502|5713|1070|5362|1872|5517|1772|10371394|76342|10130784|76372|2712814|41342|31025|5103|13435|2763|1396843|31402|12453|2958|232094|12906|4621|1491|465363|21795|410861|21018|8807|2122|3938|1536|93043|8853|6653|2141|33678|4955|5247111|63318|13133|3156|45347|5768|633323|28309|506235|28237|609332|27863|3168281|46608|211221|15485|55229|5679|5010|3586|2170859|42239|95761|6461|52361|6379|274622|16507|54050|6505|588256|21132|107516|8016|67841|7990|201328|13692|27334|4951|688542|29264|13248|3233|240610|12335|237481|12337|3129|1119
020C201US4|15147279|78758|1105917|21079|249082|9408|8287|1571|24084|2686|7251|1440|13163|2011|190750|8991|94530|6287|83335|5061|12885|1852|5547|1376|231229|8649|10260|1676|9624|2018|51531|4609|124271|6114|22503|2229|12219|2190|821|480|103758|5390|13307|2221|43070|3594|18495|2601|5003|1206|26768|3978|2118|902|518727|17373|6499|2815|17986|3176|17761|2701|16254|2918|9549|2054|13317|2431|16413|2507|5548|1546|4602|1358|16071|2639|3324|1340|38871|4298|45906|4816|123342|7993|5909|1557|151936|13458|25439|3013|3121|1323|5957701|38677|1890882|30927|1282273|27974|934386|24221|128795|7198|219092|8954|162055|8221|439319|14616|7235|2088|1414203|29109|104530|12502|30312|4696|1559|899|855200|23800|256047|11703|16510|4958|42112|6150|69566|8815|13564|2759|16939|4742|7864|2068|2227647|31598|38544|6095|68125|5518|50110|4587|56042|5719|23846|2960|1212253|26299|16656|2238|104263|8075|657670|19846|138|132|407350|17053|99559|9391|9995|2452|8296|2842|70046|9756|44958|4125|21451|4116|8949|1752|33391|4108|11908|2867|37581|5793|36602|4523|5672|1515|13992|3541|4950|1437|17619|3089|477101|19932|190651|13506|14848|3935|76495|8411|34131|5541|19528|5810|10008|2557|7823|2231|6489|2360|21329|4400|31676|6033|10019|3814|5959|1946|13405|3649|2293|921|89075|8637|5009|1821|54326|6426|12979|2755|10158|4186|6603|2209|42812|4259|41868|4281|944|670|106679|9030|391|483|17709|3358|4040|2214|6660|3412|56791|7191|4078|1488|2365|1144|2459|1280|12186|4428|16208|4280|171510|10790|55146|5383|41437|4990|13709|2071|39680|3881|8941|2884|22479|5264|45264|5780|7435050|64460|7189127|63241|193393|12270|1741|778|1971|750|103697|10010|463|323|22293|4447|692|501|17628|4142|30382|4207|510|426|950|673|8411|2250|1042|670|3613|1460|6395971|53295|18149|3726|18892|3229|529233|17120|404639|19912|108244|10233|5200648|48671|101684|10581|12981|2723|1501|837|599763|20889|45437|4811|15656|2592|105003|8888|34055|4788|143340|12247|40734|4381|4823|1311|116058|11404|4305|1085|85092|11249|5260|2284|245923|9939|244798|9877|1125|650
020C243US1|392675|13927|118939|6302|30621|2764|677|408|4136|1224|493|264|970|304|23765|2515|10013|1984|11198|1654|2554|976|580|329|25251|2307|1278|556|714|400|4194|1075|15212|1783|2497|626|1356|549|0|213|21175|2826|1984|697|8910|1542|7332|1908|2305|1287|2938|1180|11|19|41729|4412|755|435|1124|627|788|593|1011|480|889|758|2407|879|1630|627|768|544|724|447|2087|2442|619|480|10852|2134|2714|1078|6368|1566|316|261|6785|1385|1892|744|163|159|104114|6147|37862|3785|25481|3475|22104|3376|973|434|2404|792|2596|697|9785|1929|0|213|35203|4117|419|513|1548|862|978|704|22368|3444|1092|461|977|411|2065|1065|3229|1249|1224|735|731|533|572|628|21291|2587|208|210|396|378|1157|641|335|228|212|142|11645|1999|171|169|2309|699|4858|1371|0|213|9452|2933|500|466|342|495|684|429|550|425|1509|573|727|620|182|165|967|582|442|456|645|383|2498|2249|125|126|0|213|281|260|306|334|17384|2566|5249|1745|0|213|571|394|1239|961|0|213|444|324|1052|823|1021|828|922|662|1022|616|281|292|44|16|80|147|617|528|4104|1537|115|125|2558|1318|624|477|214|509|593|486|2389|785|2377|785|12|21|4548|1553|50|86|1253|905|0|213|201|254|2210|1188|187|316|187|229|165|255|295|195|72|102|3752|988|3346|908|2811|835|535|264|0|213|128|232|0|213|278|377|148486|9581|121024|9208|34989|5158|553|698|486|468|2740|1109|151|84|12285|4396|89|121|3740|1522|10134|2367|63|111|137|204|2821|1077|749|975|1041|622|46742|4948|51|54|1264|676|4057|1488|9523|3624|3584|1341|26106|3338|1065|748|1081|588|11|20|39293|4957|2494|1201|451|477|8388|2142|1137|898|5301|1457|9529|3043|2958|1187|4081|1586|2294|1461|1436|664|1224|609|27462|2642|27388|2640|74|75
020C243US2|386778|13471|71924|4545|14709|1649|749|317|1158|471|224|132|1045|573|11108|1532|4262|974|5952|976|894|407|425|207|20408|1794|638|259|313|180|1366|500|14674|1528|1777|458|1566|882|74|127|5588|1115|1130|534|2240|685|431|213|0|213|1728|780|59|48|31166|3635|518|372|732|385|1181|469|578|348|707|343|902|455|859|387|259|205|391|281|419|327|667|504|6039|1499|2359|1021|6741|1517|717|316|6123|1667|1974|881|53|78|91989|6475|25170|3357|13437|2307|11509|2205|615|362|1313|509|2566|957|9102|1977|65|78|22245|3422|203|205|453|344|420|386|14985|2798|1527|791|1098|636|1198|616|1626|883|453|331|55|79|227|242|38196|4151|1748|1028|1539|1282|461|257|4832|1325|743|400|19497|2662|260|219|4574|955|4542|1232|0|213|5952|1464|135|119|268|302|31|31|1031|577|1149|911|372|349|128|109|1270|485|37|61|385|582|425|281|134|181|323|419|264|354|426|392|20990|4035|6740|2077|0|213|2529|1227|2045|932|604|561|824|784|29|50|409|331|300|221|529|331|29|44|287|238|213|213|0|213|1169|375|95|135|531|225|247|160|213|218|83|92|5195|1254|5088|1250|107|110|6178|2555|0|213|123|113|132|126|772|486|3602|2167|45|50|9|16|896|1141|599|476|1179|788|4985|1131|1838|583|1628|568|210|162|0|213|592|616|2221|585|334|214|196890|9469|176102|9344|11767|2441|471|354|367|616|5019|1392|35|4|1845|737|0|213|2292|1012|1480|1132|0|213|85|105|110|120|0|213|63|75|142171|7821|139|120|1296|616|3741|1064|11344|1749|5392|1674|115285|7122|3633|975|1079|515|262|339|22164|2893|705|483|1156|814|4238|1589|852|427|6028|1317|1440|581|317|224|3213|930|342|255|3211|1341|662|378|20788|1982|20693|1975|95|118
020C243US3|1631430|30824|172355|9730|47288|4792|535|293|2552|797|650|380|2004|1300|39984|4326|16417|3117|19607|2608|3960|1332|1563|890|51570|3674|1048|411|1643|730|6042|1781|37493|3269|4278|1253|946|363|120|125|14248|2311|2668|1080|4926|1147|2979|1267|122|143|3494|1181|181|181|58671|5923|877|583|1394|768|2225|1050|3405|1799|417|319|3201|1230|1440|716|371|299|923|473|4022|1625|651|557|5319|1569|5680|1829|13301|2319|775|516|13007|2995|1663|625|578|379|299414|13497|65794|5999|35685|4169|29845|3846|1657|764|4183|1485|7061|2057|22596|3005|452|327|106183|8210|1182|866|2420|1715|79|134|74856|7404|6432|1750|950|441|4264|1701|10841|3320|2134|1258|921|652|2104|1865|108181|8091|4606|2013|3887|1382|1855|725|8188|2039|2223|837|49414|4895|802|412|8747|1853|28459|4999|0|213|18104|3499|0|213|330|430|548|433|2458|1468|2884|1183|1544|646|289|267|1561|855|830|535|2086|1946|3102|1189|1795|1176|533|440|144|151|1152|590|57235|7376|15896|3944|366|497|2843|1240|6524|2465|293|368|286|192|694|430|1337|738|3553|2516|2017|1067|883|735|417|427|530|445|187|212|8584|2441|254|293|4488|1741|2189|990|1121|739|532|533|7070|1439|6796|1392|274|256|21518|5193|58|99|3581|1664|599|596|591|459|14440|4133|194|198|1010|819|284|294|761|803|2150|1380|7520|1788|5345|1545|4866|1459|479|319|96|137|876|532|320|264|883|525|1094906|28651|1054180|29617|120326|10627|2206|1192|1301|688|48847|7048|292|258|16282|3385|275|233|18184|4506|23950|5191|352|429|458|431|4837|1258|523|333|2819|1117|802677|22971|2200|1096|3910|1420|53334|7254|49291|6371|47284|5787|629615|20874|9228|2434|6820|2012|995|1384|131177|11327|7585|2388|2615|1522|26814|6783|3244|969|31292|5421|4920|1432|4384|1368|14104|2625|934|643|33827|7049|1458|1032|40726|4075|40134|4000|592|527
020C243US4|812100|22496|95855|6605|26681|3169|867|345|1784|774|1078|498|1387|624|20529|2693|7607|1450|11091|2138|1831|632|1036|493|29364|3357|1178|838|1258|865|4680|1645|17014|2138|3844|992|1359|574|31|51|9004|1859|991|541|3107|1024|3778|1214|1253|627|1022|527|106|139|30750|4272|354|430|681|646|916|666|903|487|390|267|1924|964|668|320|437|313|361|296|2563|1515|148|188|2333|961|2222|875|6034|1786|331|366|9114|2280|1371|616|56|84|176804|10354|45298|5455|26031|4216|19199|3803|1424|474|5408|1298|6018|1371|13010|2615|239|261|52291|7812|1926|1066|2186|1313|253|414|36149|6624|4704|1271|1353|973|1945|950|2234|1063|98|136|872|746|571|384|68040|5091|523|405|2606|1254|1428|629|1891|846|383|203|46227|4738|594|336|6591|1979|7797|1447|0|213|10815|2496|823|520|135|162|52|80|1523|1022|1945|924|750|466|61|101|2282|1410|266|334|795|614|1642|685|19|31|87|105|435|564|360|299|21436|4203|5959|2089|43|92|1235|1164|1919|991|43|53|436|376|339|333|539|545|1405|1024|230|185|137|162|0|213|66|65|27|45|2054|870|99|161|1088|701|583|388|194|157|90|95|4630|1549|4445|1456|185|211|6643|2783|0|213|2809|2139|0|213|345|406|2480|1330|211|248|625|683|99|170|74|101|1920|1566|12788|2696|5616|1310|4162|1145|1454|634|1795|935|1733|1491|1337|701|2307|912|505217|18278|469709|17978|6180|1599|183|300|113|186|1798|713|0|213|1651|1034|0|213|219|204|1010|520|0|213|0|213|732|596|213|285|261|351|434049|17668|310|246|771|524|11967|3463|12660|3445|1825|632|404377|16632|1471|781|668|346|0|213|29480|4449|2034|1073|550|440|4600|1413|2671|1464|5544|1600|1307|592|171|169|8376|3538|487|431|3686|1824|54|91|35508|3246|35405|3250|103|118
0300000US1|2275508|27680|395609|13309|73606|5910|1283|563|19621|3398|1040|476|3293|1097|46658|4176|22442|2824|20284|2959|3932|1157|1711|698|49883|4587|1479|571|2555|871|12043|2404|24817|3161|5046|1299|3808|1117|135|153|114858|7133|12800|2588|29292|2954|64224|5472|13498|2325|8261|1937|281|212|156745|9090|22800|4752|4781|1547|8944|2860|3898|1632|911|641|3805|1158|3848|1097|1824|646|2232|865|4879|3260|1230|742|32440|3816|5729|1534|30568|3568|1258|795|18229|2945|9369|2273|517|359|619520|12687|212235|8781|167600|8711|143831|9086|11508|1868|12261|2099|10882|2166|33724|3675|29|65|213017|10408|4415|2494|11969|3207|2748|1293|146551|9450|11853|2902|2651|1173|14258|3293|12593|3409|2925|1635|2046|1013|1008|628|130783|8317|1150|489|16006|2828|5853|2532|9255|2702|1805|625|32439|4082|2429|1388|11596|1683|50250|5514|0|213|62454|6617|1078|520|2462|1109|633|340|8361|3607|8293|2858|1613|1105|1070|643|11815|3200|2137|1204|9798|3646|11180|2123|1078|604|1862|1224|1074|642|1031|944|206985|11786|44708|6041|641|659|8583|2946|12986|3184|3738|2111|3170|1869|6700|3055|1444|975|7446|2882|12587|2605|1975|1152|2218|866|3623|1393|4771|1497|32649|5245|1620|843|12208|4028|13316|2874|2455|1424|3050|1994|7438|1588|7047|1487|391|414|100726|9114|43900|7020|19347|3616|747|550|7202|2722|21171|4299|3782|1770|2810|1107|572|525|1195|856|8877|2915|9236|1622|8166|1477|6328|1358|1838|625|226|168|0|213|0|213|844|440|1044158|25108|983120|24626|378382|16209|1145|846|3584|1653|7386|1808|2879|1150|184367|11722|267|196|89148|8735|67492|6655|2869|1611|1692|947|12701|2645|1084|736|3768|1572|240309|14483|874|638|5323|1931|61433|7658|93667|12124|20971|4448|43456|4973|6960|2426|3247|1216|4378|2177|364429|15502|7622|1729|4899|2861|162027|12003|7387|3063|65313|6948|55183|8231|10068|3392|31410|5614|3195|1332|15401|3992|1924|1355|61038|4444|60374|4459|664|475
0300000US2|8088481|59148|1127323|23265|157553|7701|4159|1306|34791|3793|2674|917|6315|1524|106580|7089|55307|4986|44197|4272|7076|1620|3034|1182|141055|7691|9038|1662|6402|1319|37133|4148|73526|5031|8598|1844|5818|1320|540|386|221986|9659|42282|4769|113302|6171|39771|4660|411|507|25694|4266|937|513|603271|18656|44637|6678|26272|4205|14716|2741|11309|2412|9429|2169|14950|2800|13504|2140|3271|1059|5728|1737|8063|1819|9311|3177|123640|8851|24714|5139|100863|7811|7604|2090|129389|8812|55871|5520|3458|1422|2543848|21590|940902|18962|716936|17123|611900|16435|50795|4481|54241|5038|42611|4437|179951|9915|1404|636|1005546|20619|18231|4662|175731|10781|16952|4104|557624|13784|25905|3842|7994|1914|31582|4774|104934|7733|12632|2672|43621|6983|10340|2824|368102|13489|17835|3673|11398|3201|13138|2818|5487|2277|15675|2531|206038|11444|3447|972|15982|2454|79044|7411|58|96|221092|10833|5257|1865|8152|2055|18707|3312|10478|2945|44429|4948|10089|2374|2877|1004|15273|2941|6446|2262|19053|3709|47923|5185|3952|1206|20698|5222|7758|2270|8206|2299|476007|21834|61460|7279|2587|1160|13729|3540|19737|4227|5007|1933|4426|1665|4226|1724|4022|1442|7726|2156|22136|5372|6159|2550|6282|3012|4062|1843|5633|1963|112323|11350|10100|2587|62471|7806|23871|4138|9851|5827|6030|1961|20041|3239|18512|3146|1529|1038|239614|15765|674|465|68552|8137|8694|3448|24364|4313|80643|9172|15361|4741|6790|2012|4344|1806|30192|5952|20433|4705|24254|3005|21597|2804|17469|2542|4128|1319|781|906|128|232|72|122|1676|800|3917049|49273|3823566|49289|1664815|38020|3088|903|26532|4077|74073|7262|11856|3281|813907|25763|21706|4397|217875|19061|326873|17610|16356|4512|13069|2837|104474|8037|9888|2417|25118|4226|976190|28327|6972|1789|27941|4630|191363|13654|177371|15532|126164|13004|401544|14128|22619|4425|20575|3167|1641|644|1182561|30135|33890|5049|8997|1705|108966|9923|26893|5478|240242|15115|354803|18341|179485|11148|134898|10907|16392|3448|62931|7667|15064|3413|93483|5423|92743|5380|740|520
0300000US3|4205466|38735|676357|19545|74099|4960|1782|652|10601|1755|1282|528|3349|943|55627|4440|27113|3138|24106|2738|4408|872|1458|724|88974|5338|4637|1091|2585|693|14149|2893|58479|4042|6360|1160|2624|870|140|179|64766|5083|19617|3201|29840|3038|1711|778|287|341|12915|2927|683|376|445868|16588|23239|4254|5858|1629|19482|3190|12854|2439|7890|1944|9334|2207|6122|1661|2289|714|12542|3075|6620|2241|10667|3042|135132|9159|30867|3699|43453|4689|8566|1665|82620|8899|28333|3238|2650|1463|1538765|22339|357484|12468|220899|11981|188005|11272|12172|2720|20722|3151|34449|5099|97403|6359|4733|1908|586953|18040|12575|4329|36844|5283|19815|5016|401154|16367|22467|4103|4370|1375|20936|4388|50346|7303|4027|1757|5220|1660|9199|3710|335724|11556|30449|4094|6799|2115|8667|2303|20861|2698|16188|4153|158262|8766|3132|1101|32129|4401|59192|7129|45|80|243193|14429|2149|1240|4021|1789|283|208|70999|7404|9843|2129|23977|4138|6662|1867|36816|4369|10008|2704|20663|4651|13739|3017|6076|1507|35180|5748|2777|1010|15411|3336|320444|17628|83970|9716|5239|2560|14402|3285|18298|3671|13839|3057|5085|2012|5261|1559|4311|1989|17535|5800|35023|7249|9606|3438|15011|4969|7800|2676|2606|1424|44119|5076|7535|2430|16755|3044|10968|3218|5737|2014|3124|1314|12768|2551|12370|2514|398|362|130998|12127|0|213|21363|3744|1592|1150|5298|2380|74026|9656|3460|1534|3782|2366|6874|2272|14603|3807|13566|3437|13482|2099|9584|1548|7532|1459|2052|660|164|268|817|137|1166|302|1751|923|1656418|26763|1572785|25270|127060|9422|1314|763|1405|841|28646|4283|823|513|23866|4180|1847|1857|41713|7402|21303|3103|637|459|639|479|3518|1665|112|186|1237|661|1178531|24253|3510|1426|4075|1250|33082|5107|71267|7518|49787|7475|980919|22973|30804|6045|4706|1242|381|265|267194|17309|14089|3490|4474|1961|32292|4525|7056|2153|62055|8517|41049|7181|2760|1076|22331|3538|2312|1079|76195|11595|2581|1540|83633|5676|83347|5680|286|236
0300000US4|1529206|28197|154323|8784|28946|3170|1188|746|2364|838|707|398|2156|745|21303|2558|9812|1626|9590|1555|1901|858|1228|694|33976|3932|1182|496|868|597|3573|950|24317|3384|2289|725|1609|905|138|166|10298|1768|1719|827|2993|770|1655|1017|107|136|3822|1214|109|126|79820|7484|2074|912|4366|1465|18219|3696|2478|1490|2379|1112|3300|1753|859|562|388|280|203|186|2051|865|1498|1653|3433|800|2763|960|12605|1956|1337|881|17755|2969|4112|1114|1283|1941|494095|11603|105764|6100|63669|4548|52971|4307|3182|940|7516|1588|8327|1815|33204|3404|564|546|151028|8599|9951|3536|9014|2380|3178|1996|95034|7288|5901|1643|1131|489|11167|2473|9740|2570|2648|1002|1476|1066|1788|1282|196554|8312|23233|4193|7367|1681|2669|1175|30069|3341|3774|1093|52666|5037|417|283|28310|2995|47898|4309|151|152|38529|5521|207|279|1040|784|688|533|8113|2476|2276|724|2697|1172|2584|1205|2844|1110|5098|2085|5966|3220|4871|1662|1527|766|190|192|428|350|2220|1404|262309|13947|141207|11145|3915|2197|43597|6565|26649|3741|44527|6392|6088|3217|2735|1227|1745|973|11951|4924|18759|4470|9354|3627|2735|1367|6478|2157|192|226|16824|3719|1651|1120|4097|1822|2018|1039|7177|2738|1881|946|9141|2254|8948|2236|193|222|68342|7985|295|492|9616|3073|1399|800|16608|4114|20979|3925|725|553|4082|1812|6384|2794|8254|3127|8036|2523|13431|2599|3212|824|2661|737|551|421|387|585|2446|1511|6600|2027|786|373|605048|15337|575487|15215|50931|6205|544|311|232|221|27508|4919|0|213|5501|1545|63|90|8520|2610|6535|2201|157|263|125|162|833|501|363|346|550|552|436186|13303|1151|797|1393|446|25981|4107|50554|6376|30222|4954|314871|11928|8777|2739|2937|1086|300|343|88370|8412|4491|1322|1146|597|11095|2415|2223|1137|17606|2870|16403|4265|3891|1169|7407|2235|783|389|21973|5400|1352|693|29561|3472|29561|3472|0|213
0300000US5|10701575|76188|940713|24805|213828|9501|6015|2059|17405|2831|4170|1361|11207|2314|167130|7790|80413|5619|72639|4933|14078|2209|7901|2138|210011|10091|7178|1465|10250|2842|40517|4838|125890|6379|17503|2949|7957|2288|716|486|130901|7761|21919|2940|50341|4728|17740|2785|979|511|39961|5816|940|481|382895|16965|14069|3187|10972|2349|17271|3275|16620|3144|5928|1788|16838|2860|14680|3084|4956|1473|8026|2815|10555|2209|4148|1681|42872|5010|32494|4195|77631|7680|8225|2420|76788|9202|20822|3534|3078|1360|2258495|28540|553233|17021|323087|13421|262177|11983|22029|2515|38881|3915|41889|4419|183617|9265|4640|1720|875716|26588|49428|6880|57506|7779|2527|1696|553972|19709|54061|6510|9162|2270|38883|5808|82785|8687|12445|2693|9028|2112|5919|2391|619428|20257|23109|4635|19427|3182|12797|2337|22163|3578|10618|2105|266534|13243|5011|1278|40446|4308|219323|12182|0|213|195069|14054|2780|1474|2760|1043|4307|2051|22149|6245|29487|3880|13265|2600|6561|1789|20810|3054|12229|3403|19153|7019|46776|7136|5069|1349|3998|1660|5725|1663|15049|6139|719244|26633|213499|16227|12638|3933|111412|12404|35220|5652|7098|1960|8874|2567|9468|3244|7110|2104|21679|5264|59375|7787|35659|5746|5691|3073|12713|3927|5312|2748|98865|9954|5451|1757|42511|6597|28062|4437|13854|4026|8987|2737|37943|4693|36045|4503|1898|1440|288063|15439|2248|1528|64559|7538|10438|3050|18515|4357|122688|10243|9258|3111|24534|5387|14001|4132|21822|4442|21499|5560|30879|3816|26144|3201|21474|3130|4670|1083|255|280|66|126|939|810|3475|1229|6752244|59142|6561584|60411|2491105|39768|28938|5237|12569|2435|1228138|26125|9516|2819|211969|12598|4592|1545|466638|21728|397437|20897|7003|1947|4015|1519|81974|8525|6005|2007|32311|4687|2268472|40169|9390|2601|36171|5021|406993|22775|348612|20436|311382|19189|948738|26369|158732|13408|46459|5622|1995|1489|1802007|37940|84044|6098|46558|5886|241964|15451|42065|5745|515328|19736|93765|7765|65149|7885|180278|12131|23989|4876|499091|25410|9776|2345|190660|9460|187682|9540|2978|1191
0300000US6|1021477|23771|95243|6899|20293|2877|707|616|1363|586|161|157|866|441|16971|2664|6278|1638|9310|1913|1383|647|225|221|30592|3088|892|542|498|429|3591|1242|23197|2820|1790|1087|624|445|0|213|6362|1744|1537|809|2666|1316|85|97|0|213|1944|938|130|218|37924|4506|1736|1334|281|240|7556|3168|2124|1128|741|477|1304|675|426|318|304|296|318|338|1113|871|264|466|2292|865|3337|1308|5182|1566|494|441|9692|2880|760|395|72|116|282024|9923|77100|5534|35239|4166|30170|3785|629|407|4440|1268|11994|2333|29522|2733|345|549|91397|7831|4106|3041|6298|2044|2523|1362|55589|5245|5438|1782|403|276|6828|1934|7923|2127|896|719|915|1000|478|533|85289|7029|6429|2547|3393|1372|1905|1087|3655|1139|1855|854|35301|5387|588|440|5721|1886|26442|3554|0|213|25288|4351|390|528|192|177|258|335|5909|1980|1575|1135|3775|1428|537|451|2802|1351|839|449|1427|800|2703|1367|2077|989|2248|1105|556|433|2950|1526|100444|13084|27492|6512|189|304|5154|1896|5957|2110|1136|993|2120|1368|2899|1679|2247|1621|7790|4640|17467|7564|7628|5813|5453|3366|3363|1954|1023|971|20856|6173|194|255|14736|5536|1778|1302|3799|2246|349|330|5539|1546|5216|1560|323|402|25839|4314|0|213|4696|1564|1449|1165|1159|670|9898|2541|2665|1531|781|521|484|499|4707|1848|3251|1791|5669|2041|3100|1029|2244|848|856|489|351|403|0|213|1123|1384|1095|982|538097|16135|517725|15658|77284|7687|1001|571|767|615|45044|5863|811|789|6779|1919|59|101|6503|2649|11377|3661|0|213|0|213|3271|1323|336|445|1336|992|361097|15877|462|386|2094|1198|17305|4081|68817|8318|50133|9604|210549|10307|6710|2566|4032|1158|995|1384|79344|8681|2319|970|730|497|9133|2254|1873|876|17456|3570|3697|1602|1961|1602|7013|2006|318|270|34621|7424|223|205|20372|2455|20055|2429|317|477
0300000US7|6453749|61272|270195|10508|69776|5182|894|467|4628|1419|1479|646|3544|1400|57166|4605|27321|3058|23983|2889|5862|1788|2065|875|75533|5253|1778|613|4428|1236|12587|1966|47648|4480|6841|1672|1986|881|265|220|31756|4454|3296|993|9899|1797|2590|1356|629|744|15815|3535|156|157|92723|6846|1720|824|1316|592|3800|1744|3676|1642|2963|1299|3093|1090|3058|975|1364|660|2288|1135|3895|1818|1150|1051|9213|1930|8690|2531|24381|3717|1861|881|14493|2890|5762|1989|407|315|1600162|24206|290824|14346|187351|11119|137584|10065|11959|1816|37808|4260|24743|4219|77907|6744|823|558|685178|23306|28776|7110|23841|4439|525|420|461612|20972|33851|4088|3696|1601|40695|6661|78414|8582|9096|2710|1435|836|3237|1192|489211|15289|16354|3586|10794|2417|10699|2477|14397|2649|10540|2436|147803|10734|7253|2545|23142|3397|248159|12947|70|115|128487|12702|1628|1051|4719|2737|2662|1916|26914|8167|10816|3826|13391|3141|6819|2498|12029|2818|10796|3444|7471|2393|18574|4491|8443|2348|1564|1314|2661|1115|6462|2755|384847|24595|90972|11448|5070|1990|29466|8244|26869|5567|3163|1748|5482|3120|4160|1629|7249|2680|9513|3541|39666|7543|17712|4579|9794|4673|9583|3643|2577|1760|36299|5528|4372|2229|17129|3368|4065|1766|9080|3736|1653|742|22425|4177|21643|4052|782|491|180024|15369|191|325|14130|3459|4996|2353|3724|1665|143926|13822|2938|2010|1858|1123|2290|1469|5971|2064|15461|5420|22586|2853|10380|2066|8730|1975|1650|624|233|207|6523|1204|3620|1320|1830|799|4175959|46032|4105655|46526|264751|15789|3292|1535|1400|799|172508|14155|2418|1162|29628|5838|245|218|10406|3330|25997|4598|2156|993|381|443|12635|3436|835|729|2850|1194|3420219|42514|5481|2139|10992|2497|262359|17882|138097|14019|295101|19472|2638609|39903|55007|8567|11558|2350|3015|3810|420685|23519|16983|4385|7688|2846|50339|7787|13356|3709|86764|9329|14974|3715|5115|1487|28141|5261|3961|2341|188657|18413|4707|2435|70304|8549|69878|8521|426|260
0300000US8|3021742|45381|279781|11630|72707|4710|2278|887|5923|1429|2709|942|3478|1033|56575|4366|25133|2924|26547|3192|4895|1006|1744|668|74589|5239|2872|1026|2082|832|12482|2944|47914|3927|5739|1267|3500|1088|0|213|23096|2817|3264|1357|12824|2271|1217|697|0|213|5573|1409|218|188|109102|7991|4101|2708|3500|1448|7866|1496|5133|1491|1978|826|3813|1113|6677|1680|991|559|1123|513|2921|1180|1641|961|14058|2760|12631|2821|19159|3056|1810|1009|15742|3148|5958|1595|287|251|718932|15804|194748|11182|115084|8887|84570|7879|11377|2597|19137|2636|17628|2584|60681|6137|1355|856|171581|10024|9705|3353|5270|1490|1255|908|108379|8586|18406|3127|1474|695|12393|3686|6436|2154|1808|725|3920|2211|2535|1224|294586|12058|6841|2410|7185|1860|6721|2060|6726|2026|3196|1050|180540|10796|2465|1059|21148|4107|59719|6593|45|72|56078|6997|2565|1214|1682|965|1302|707|17325|5021|7297|1877|3210|1309|1784|787|4889|1671|3446|1601|4547|2293|5545|1542|945|591|59|106|1482|796|1939|872|152972|11123|64676|8394|4109|2178|25281|5212|6951|2273|4406|2092|5439|2426|2342|1378|3541|1411|12607|3718|17072|3868|4259|2638|4654|1677|7323|2624|836|444|14226|4295|525|421|4545|1351|1877|918|6438|4012|841|610|13422|2691|12701|2509|721|706|34170|6482|259|426|10943|3185|1874|1598|2302|1203|10665|2748|2126|1642|323|351|840|718|4838|3259|9406|4343|34123|4736|15587|3316|11493|3054|4094|1142|2163|1118|671|517|3073|1741|12629|2725|1835934|37988|1747156|37318|105698|9512|651|480|947|624|71897|8647|77|138|11322|3426|233|296|5598|2511|9823|2862|312|354|235|285|2914|1249|106|158|1583|1016|1417001|31233|1306|686|5106|2018|65603|7939|51751|7216|25390|5318|1248740|27916|14408|4489|4645|1833|52|86|224457|12849|14903|2966|4205|1546|37928|5920|13627|3199|49714|7581|11822|3119|1181|605|35649|6120|1452|739|52859|9060|1117|746|88778|6438|88365|6486|413|338
0300000US9|12937637|65216|921991|18236|203056|8230|6876|1366|19945|2634|5620|1223|11072|1720|154704|7654|77004|5750|67879|4420|9821|1692|4839|1363|186004|7941|8566|1552|8800|1954|43729|3920|93371|5397|20608|2164|10078|2062|852|483|89666|5791|11034|1820|33353|3133|21056|2771|6256|1306|22217|3812|2006|915|440375|16375|2752|1499|15167|2682|10811|2453|12024|2578|7961|1963|11428|2354|10404|1995|4994|1519|3840|1270|15713|2971|1831|1048|27146|3556|35497|3914|110217|8056|4430|1244|145308|13832|20852|2990|2890|1308|5415573|37714|1741432|28012|1193220|25905|869015|22287|118842|7242|205363|8763|150445|8036|391648|13474|6119|2018|1294913|28897|96751|11782|27228|4615|557|450|782970|22585|242345|11866|16389|5090|31664|5470|65364|8205|11854|2669|13891|4198|5900|1688|2001101|28753|32226|5057|63546|5838|44817|4437|51207|5385|21033|2795|1077940|23346|14785|2312|89706|6512|605748|18722|93|113|362087|15460|97817|9268|8448|2156|7046|2715|54244|8220|39606|4442|18991|3690|7226|1516|30784|3875|8728|2122|33829|5703|32699|4388|4746|1342|14020|3546|3903|1299|16040|2922|345565|15858|131934|10733|10782|3190|52449|6452|29099|5292|15165|5271|5005|1441|5820|1492|3487|1576|10127|2315|14834|3880|5897|2617|1305|860|6148|2336|1484|814|76903|8025|4583|1728|50869|6468|11685|2855|3914|1258|5852|2216|34020|3615|33612|3659|408|223|79152|8239|132|209|9575|2247|2166|1124|4703|2907|48606|6790|2163|1195|2667|1301|1718|1010|7422|2819|8722|2686|150175|9479|45175|4424|34106|4212|11069|1998|39312|4115|10003|3146|20743|5002|34942|5953|6104333|51464|5911680|49247|93875|8002|1273|685|1137|507|33598|5190|386|274|12622|2778|459|402|12249|3091|21569|3387|198|220|715|583|6229|2045|1149|734|2291|962|5413019|46158|17153|3774|14557|2513|475597|15872|365548|18802|84679|9076|4356285|40666|88747|9366|9004|2028|1449|828|404786|16714|32568|4045|12001|2186|71675|6511|23099|3440|99170|9675|30219|3710|3813|1131|88785|10058|3340|1113|35919|5352|4197|2100|192653|9046|191838|8951|815|574
03000A0US1|2255671|27671|389828|13244|71342|5845|1268|561|19507|3395|997|470|3192|1057|44817|4105|21648|2730|19367|2926|3802|1129|1561|674|48595|4509|1383|563|2467|874|11982|2390|23980|3049|4931|1296|3717|1112|135|153|114560|7181|12763|2582|29223|2949|64093|5473|13482|2323|8200|1965|281|212|154814|9085|22710|4719|4781|1547|8859|2830|3872|1627|911|641|3621|1162|3804|1097|1811|644|2215|866|4765|3255|1230|742|32306|3808|5462|1556|30227|3555|1241|787|17743|2906|9256|2267|517|359|615051|12662|209953|8844|166409|8753|143008|9109|11242|1863|12159|2104|10461|2144|33083|3725|0|213|212016|10358|4415|2494|11969|3207|2748|1293|146076|9474|11729|2892|2591|1166|14166|3296|12535|3411|2772|1619|2007|1010|1008|628|129696|8316|1150|489|15891|2827|5853|2532|9255|2702|1805|625|31688|4041|2415|1392|11406|1665|50233|5505|0|213|62355|6592|1078|520|2462|1109|633|340|8361|3607|8276|2857|1590|1105|1070|643|11815|3200|2078|1202|9798|3646|11180|2123|1078|604|1862|1224|1074|642|1031|944|206437|11770|44425|6060|641|659|8549|2959|12975|3174|3738|2111|3039|1854|6700|3055|1408|977|7375|2887|12581|2604|1975|1152|2212|863|3623|1393|4771|1497|32504|5246|1620|843|12202|4027|13316|2874|2324|1287|3042|1994|7342|1576|6963|1462|379|413|100708|9108|43900|7020|19347|3616|747|550|7202|2722|21171|4299|3782|1770|2792|1104|572|525|1195|856|8877|2915|9102|1622|8032|1480|6231|1361|1801|629|226|168|0|213|0|213|844|440|1035253|24995|980341|24694|377738|16185|1066|816|3584|1653|7312|1805|2879|1150|184313|11716|267|196|89118|8737|67203|6668|2869|1611|1692|947|12583|2655|1084|736|3768|1572|239159|14460|874|638|5323|1931|61294|7635|93667|12124|20971|4448|42734|5008|6847|2422|3071|1196|4378|2177|363444|15495|7317|1668|4877|2859|161959|12011|7316|3074|65274|6957|55073|8214|10068|3392|31160|5622|3195|1332|15281|3993|1924|1355|54912|4341|54248|4322|664|475
03000A0US2|8068809|59194|1120628|23183|155988|7687|4010|1272|34267|3782|2659|916|6248|1527|105787|7091|55015|4971|43725|4271|7047|1614|3017|1181|139073|7568|8903|1639|6334|1334|36890|4134|72338|5003|8432|1849|5636|1312|540|386|221402|9623|42230|4770|113006|6152|39714|4661|411|507|25515|4233|937|513|600707|18630|44627|6679|26205|4195|14699|2745|11309|2412|9429|2169|14873|2801|13449|2145|3178|1047|5684|1750|7851|1844|9311|3177|122887|8832|24528|5104|100399|7860|7604|2090|128902|8848|55772|5541|3458|1422|2539177|21352|939059|18855|715753|17040|610730|16350|50787|4480|54236|5041|42577|4432|179325|9872|1404|636|1004691|20555|18231|4662|175724|10782|16952|4104|556976|13737|25846|3854|7958|1924|31582|4774|104924|7733|12537|2649|43621|6983|10340|2824|366359|13355|17703|3665|11362|3199|13121|2819|5487|2277|15557|2516|204790|11497|3436|971|15892|2447|78953|7391|58|96|220889|10812|5257|1865|8118|2056|18652|3310|10466|2944|44429|4948|10089|2374|2877|1004|15273|2941|6446|2262|19053|3709|47821|5168|3952|1206|20698|5222|7758|2270|8179|2296|475799|21850|61398|7265|2587|1160|13729|3540|19737|4227|5007|1933|4382|1652|4226|1724|4022|1442|7708|2153|22125|5377|6159|2550|6282|3012|4062|1843|5622|1965|112264|11354|10100|2587|62434|7809|23860|4135|9840|5829|6030|1961|19980|3239|18451|3138|1529|1038|239599|15766|674|465|68551|8137|8694|3448|24364|4313|80634|9172|15361|4741|6785|2012|4344|1806|30192|5952|20433|4705|23746|2957|21089|2744|16988|2463|4101|1320|781|906|128|232|72|122|1676|800|3909459|49086|3817377|49116|1663213|38107|3088|903|26522|4075|73955|7278|11856|3281|813384|25772|21706|4397|217863|19061|326000|17686|16356|4512|13069|2837|104408|8051|9888|2417|25118|4226|973512|28249|6923|1787|27879|4642|191196|13675|177065|15513|125883|13005|399742|14062|22619|4425|20564|3168|1641|644|1180652|30131|33854|5051|8997|1705|108547|9906|26867|5480|239727|15030|354494|18338|179243|11173|134763|10926|16392|3448|62827|7674|14941|3415|92082|5354|91342|5316|740|520
03000A0US3|4150657|38585|665201|19245|71355|4796|1585|638|10253|1758|1231|533|2966|852|53896|4352|26315|3138|23410|2722|4171|845|1424|720|85454|5252|4526|1116|2565|692|13787|2859|55975|4027|6014|1142|2447|871|140|179|64082|5083|19480|3200|29534|3022|1605|749|287|341|12798|2920|665|376|441660|16485|23106|4255|5858|1629|19397|3188|12778|2447|7890|1944|9130|2220|6066|1653|2223|702|12464|3073|6620|2241|10633|3044|133636|9228|30753|3682|41973|4563|8498|1671|82430|8862|28205|3236|2650|1463|1529186|22505|355791|12426|220096|11977|187404|11285|12121|2709|20571|3176|34122|5064|96840|6350|4733|1908|584478|18003|12575|4329|36844|5283|19686|5040|399597|16286|22364|4097|4084|1379|20872|4386|50207|7293|3976|1758|5220|1660|9053|3709|331133|11392|30416|4088|6799|2115|8635|2290|20681|2717|15905|4134|154905|8660|3000|1088|31899|4391|58848|7167|45|80|242648|14410|2081|1234|4021|1789|274|208|70898|7415|9789|2129|23877|4136|6624|1865|36641|4380|10008|2704|20663|4651|13739|3017|6076|1507|35180|5748|2777|1010|15136|3375|318024|17642|83560|9791|5239|2560|14114|3308|18260|3670|13839|3057|5075|2012|5261|1559|4237|1973|17535|5800|34078|7200|9606|3438|14252|5008|7614|2693|2606|1424|43857|5091|7499|2426|16638|3041|10868|3213|5737|2014|3115|1316|12012|2448|11614|2403|398|362|130951|12121|0|213|21363|3744|1592|1150|5298|2380|73980|9644|3460|1534|3781|2367|6874|2272|14603|3807|13566|3437|13003|2097|9367|1546|7401|1435|1966|665|164|268|817|137|976|310|1679|927|1625243|26460|1544530|25023|125869|9402|1314|763|1399|841|28411|4222|788|512|23597|4167|1847|1857|41284|7453|21175|3102|637|459|639|479|3471|1642|112|186|1195|650|1154486|24267|3497|1420|3810|1154|31551|5054|69128|7620|48851|7356|962589|22985|30268|6022|4411|1200|381|265|264175|17248|14023|3504|4450|1963|31828|4511|6816|2116|61261|8452|40886|7188|2748|1076|21780|3571|2312|1079|75550|11510|2521|1540|80713|5640|80427|5648|286|236
03000A0US4|1435935|27484|145509|8756|26392|3020|1113|760|2217|828|674|399|1981|734|19324|2411|9062|1606|8438|1491|1824|846|1083|704|31065|3851|1113|490|850|597|3352|908|21961|3346|2112|700|1609|905|68|112|9867|1723|1719|827|2879|770|1518|1001|107|136|3642|1186|109|126|76907|7426|2074|912|4212|1480|18144|3696|2417|1484|2349|1113|3240|1749|786|556|380|279|203|186|2010|864|1361|1638|3201|786|2471|792|12240|1939|1100|828|16673|2782|4046|1113|1278|1942|478683|11312|102443|6061|62394|4526|51916|4243|3082|943|7396|1539|7957|1771|31927|3332|165|166|148135|8624|9845|3504|8632|2394|3178|1996|93677|7250|5871|1638|895|395|10877|2406|9408|2581|2543|984|1421|1067|1788|1282|188694|7959|22814|4181|7153|1657|2625|1159|29658|3345|3694|1095|48118|4631|417|283|27691|2997|46373|4155|151|152|37191|5549|207|279|913|715|679|536|8076|2482|2075|739|2697|1172|2584|1205|2601|1104|5098|2085|5407|3225|4757|1643|1503|761|190|192|404|345|2220|1404|256628|13789|140258|11133|3915|2197|43142|6558|26322|3723|44527|6392|6046|3231|2735|1227|1660|973|11911|4930|18640|4496|9354|3627|2735|1367|6373|2190|178|223|16764|3719|1651|1120|4097|1822|2018|1039|7164|2741|1834|939|6600|1985|6407|1974|193|222|67416|8079|295|492|9478|3085|1387|800|16281|4088|20592|3913|725|553|4082|1812|6384|2794|8192|3127|6950|2406|10987|2555|2570|761|2019|683|551|421|387|585|2416|1513|4863|1962|751|375|544128|14747|518146|14465|46087|6246|544|311|232|221|24136|4701|0|213|5041|1504|49|86|7889|2618|6168|2194|157|263|125|162|833|501|363|346|550|552|388973|12321|1088|792|953|341|25068|4099|46301|6359|27331|4686|277147|11116|8084|2691|2701|1051|300|343|83086|8463|4437|1294|811|444|10426|2381|1857|1084|15340|2769|16045|4286|3829|1156|7071|2203|748|393|21523|5439|999|617|25982|3471|25982|3471|0|213
03000A0US5|10571099|75343|927315|24791|210188|9576|6015|2059|17086|2832|4100|1360|11081|2313|164066|7897|79081|5674|71059|4980|13926|2210|7840|2122|205072|9874|7034|1439|9997|2836|40239|4863|122098|6176|17052|2898|7936|2282|716|486|129783|7802|21855|2949|49849|4760|17463|2809|979|511|39676|5780|940|481|379194|16937|14069|3187|10938|2345|16997|3237|16579|3142|5928|1788|16751|2847|14179|3060|4925|1468|7905|2865|10419|2174|4148|1681|42640|4969|32375|4200|75955|7789|8015|2473|76717|9183|20654|3525|3078|1360|2243047|28351|550062|16854|321485|13488|260898|12064|21918|2528|38669|3924|41609|4407|182328|9058|4640|1720|871728|26483|49325|6870|57506|7779|2527|1696|551127|19774|53791|6477|8942|2252|38620|5786|82554|8702|12445|2693|8972|2121|5919|2391|611935|19942|23109|4635|19176|3165|12428|2387|22027|3588|10441|2109|263656|13179|5011|1278|39278|4152|216809|12028|0|213|194273|14120|2780|1474|2760|1043|4307|2051|22149|6245|29285|3902|12992|2487|6561|1789|20810|3054|12229|3403|19106|7020|46686|7141|5001|1336|3882|1645|5725|1663|15049|6139|714924|26381|211878|16371|12638|3933|111352|12419|33801|5616|7098|1960|8874|2567|9468|3244|7063|2136|21584|5252|59301|7773|35659|5746|5656|3073|12674|3928|5312|2748|98625|9945|5451|1757|42271|6581|28062|4437|13854|4026|8987|2737|37118|4693|35220|4504|1898|1440|286563|15508|2248|1528|63477|7588|10438|3050|18489|4361|122438|10273|9258|3111|24477|5413|13916|4117|21822|4442|21439|5547|30475|3756|26075|3207|21405|3143|4670|1083|255|280|0|213|886|803|3259|1170|6655338|58454|6467716|59450|2476468|39114|28645|5179|12064|2428|1224743|26254|9516|2819|209521|12254|4534|1565|461348|21610|395417|20898|7003|1947|4015|1519|81524|8586|5992|2011|32146|4687|2198488|39703|9014|2593|36171|5021|401303|22633|341128|20274|304852|19061|901866|25691|155813|13092|46346|5641|1995|1489|1792760|37241|83889|6085|46376|5863|241385|15448|41655|5719|514153|19628|93145|7739|64630|7929|177593|11936|23854|4882|496543|24967|9537|2424|187622|9339|184704|9384|2918|1186
03000A0US6|986328|24062|90448|6447|18999|2851|707|616|1363|586|132|131|797|427|15858|2663|5973|1635|8605|1922|1280|645|142|170|28387|2946|892|542|400|385|3484|1248|21318|2635|1707|1091|586|439|0|213|6065|1707|1537|809|2662|1316|51|75|0|213|1685|878|130|218|36925|4387|1537|1271|281|240|7556|3168|2124|1128|741|477|1157|632|426|318|304|296|318|338|1113|871|264|466|2216|859|3243|1306|5112|1563|494|441|9279|2924|760|395|72|116|272997|9911|75177|5324|34268|4070|29199|3712|629|407|4440|1268|11556|2361|29008|2656|345|549|89635|7923|4106|3041|6298|2044|2523|1362|54802|5311|5173|1759|277|218|6646|1914|7607|2179|896|719|915|1000|392|518|81029|6932|5989|2464|3277|1356|1840|1061|3642|1137|1818|817|33251|5235|588|440|5489|1861|25135|3558|0|213|24495|4295|390|528|192|177|258|335|5909|1980|1479|1149|3775|1428|537|451|2802|1351|839|449|1427|800|2191|1081|1912|986|2228|1106|556|433|2661|1534|99055|13058|27324|6439|189|304|5137|1898|5957|2110|1136|993|2120|1368|2832|1667|2163|1626|7790|4640|17297|7555|7586|5807|5361|3380|3327|1948|1023|971|20782|6173|194|255|14662|5532|1778|1302|3799|2246|349|330|4897|1486|4574|1509|323|402|25504|4311|0|213|4659|1565|1449|1165|1159|670|9769|2522|2665|1531|612|519|484|499|4707|1848|3251|1791|5472|2029|3003|1032|2147|851|856|489|351|403|0|213|1123|1384|995|974|518356|15971|499940|15538|75662|7614|1001|571|517|495|44439|5852|741|776|6586|1878|59|101|6382|2661|11140|3581|0|213|0|213|3125|1308|336|445|1336|992|346297|15912|462|386|2029|1179|16937|4053|66104|8300|48683|9571|200749|10043|6671|2564|3667|1210|995|1384|77981|8678|2236|950|709|499|8821|2263|1873|876|16994|3572|3673|1600|1961|1602|6763|2002|310|270|34418|7416|223|205|18416|2398|18099|2348|317|477
03000A0US7|6302174|58547|262486|10278|68052|5057|894|467|4535|1409|1479|646|3334|1364|55868|4532|27113|3030|23350|2838|5405|1700|1942|852|71952|5153|1655|586|4193|1202|12265|2005|44969|4318|6644|1661|1986|881|240|212|31124|4446|3243|990|9787|1812|2590|1356|629|744|15348|3526|156|157|90982|6843|1459|751|1316|592|3756|1732|3654|1641|2963|1299|3062|1092|2986|970|1333|660|2147|1105|3645|1809|1150|1051|8933|1894|8558|2524|24065|3686|1861|881|14376|2888|5718|2000|376|322|1584848|23523|287715|14446|185406|11279|136162|10045|11959|1816|37285|4346|24433|4223|77191|6777|685|542|680543|23353|28718|7107|23610|4444|512|421|459978|20992|33158|4050|3696|1601|40433|6660|76827|8423|8952|2728|1422|833|3237|1192|482171|14952|16354|3586|10505|2441|10666|2468|14024|2640|10379|2432|143485|10406|7253|2545|22250|3355|247185|12905|70|115|127993|12744|1628|1051|4690|2719|2622|1914|26791|8167|10816|3826|13387|3141|6819|2498|11909|2809|10696|3457|7441|2398|18543|4489|8426|2348|1564|1314|2661|1115|6426|2753|382390|24539|90625|11441|5070|1990|29400|8261|26715|5531|3163|1748|5468|3119|4160|1629|7249|2680|9400|3543|39394|7535|17712|4579|9552|4674|9583|3643|2547|1757|36059|5593|4372|2229|16889|3373|4065|1766|9080|3736|1653|742|21730|4204|20948|4083|782|491|179467|15335|191|325|14099|3460|4996|2353|3686|1666|143647|13795|2938|2010|1858|1123|2290|1469|5762|2103|15115|5385|21717|2795|10332|2047|8682|1958|1650|624|169|161|5994|1158|3486|1306|1736|804|4050733|45167|3982904|45422|261928|15657|3292|1535|1400|799|171705|14222|2418|1162|28454|5572|245|218|9900|3376|25748|4612|2156|993|381|443|12611|3435|835|729|2783|1178|3305891|42564|5481|2139|10992|2497|258163|17723|132053|13616|293399|19493|2537249|40381|54526|8587|11013|2326|3015|3810|415085|23874|16924|4386|6891|2692|49654|7790|13058|3632|85603|9257|14627|3704|5072|1488|27621|5289|3946|2342|186988|18451|4701|2436|67829|8402|67403|8377|426|260
03000A0US8|2976998|44588|272970|11458|70825|4700|2232|877|5787|1446|2628|935|3478|1033|54990|4354|24130|2791|26047|3209|4813|1015|1710|678|72609|5288|2789|1031|2082|832|12337|2939|46330|4044|5578|1278|3493|1090|0|213|22824|2809|3264|1357|12628|2265|1217|697|0|213|5568|1409|147|143|106425|7840|3925|2678|3144|1326|7866|1496|5054|1491|1978|826|3813|1113|6452|1691|950|568|1029|489|2683|1123|1641|961|13779|2747|12588|2822|18454|3033|1810|1009|15536|3115|5723|1600|287|251|710791|15592|194246|11149|114893|8879|84467|7879|11377|2597|19049|2631|17549|2574|60449|6103|1355|856|169902|9894|9705|3353|4759|1306|1255|908|107592|8545|18361|3116|1264|705|12393|3686|6310|2134|1808|725|3920|2211|2535|1224|289943|12032|6774|2394|7094|1862|6536|2042|6688|2026|3178|1053|176908|10883|2465|1059|20970|4088|59285|6643|45|72|54834|6899|2222|1141|1682|965|1302|707|17325|5021|7297|1877|3122|1310|1784|787|4889|1671|3002|1455|4547|2293|5176|1496|945|591|59|106|1482|796|1866|865|152101|11101|64547|8367|4109|2178|25281|5212|6951|2273|4406|2092|5439|2426|2342|1378|3474|1406|12545|3698|16922|3857|4259|2638|4654|1677|7323|2624|686|437|14028|4308|525|421|4397|1342|1827|912|6438|4012|841|610|13107|2711|12386|2542|721|706|34091|6469|259|426|10943|3185|1874|1598|2302|1203|10660|2748|2126|1642|323|351|840|718|4764|3244|9406|4343|32903|4709|14774|3279|10763|3036|4011|1145|1821|1040|671|517|3073|1741|12564|2709|1808233|37937|1722333|37266|105514|9581|651|480|947|624|71740|8709|77|138|11296|3429|233|296|5597|2511|9823|2862|312|354|235|285|2914|1249|106|158|1583|1016|1395992|31085|1240|672|5106|2018|64710|7959|50669|7201|25099|5337|1230215|27925|14367|4487|4534|1807|52|86|220827|12621|14697|2943|3574|1417|37613|5897|13490|3231|49287|7568|11822|3119|1167|607|34485|6011|1309|718|52266|9038|1117|746|85900|6247|85487|6285|413|338
03000A0US9|12887829|65347|914475|18006|201497|8088|6854|1359|19684|2594|5470|1207|11010|1724|153671|7503|76766|5736|67181|4335|9724|1664|4808|1364|183324|7889|8504|1535|8281|1839|43498|3903|92064|5394|20226|2152|9899|2047|852|483|89429|5781|11018|1822|33206|3143|20982|2777|6256|1306|22217|3812|2006|915|437335|16195|2752|1499|15091|2704|10811|2453|12010|2577|7947|1963|11420|2354|10342|1978|4994|1519|3840|1270|15371|2945|1675|1020|26721|3491|35357|3900|109929|8026|4318|1253|143973|13737|20784|2982|2890|1308|5405493|37770|1740235|28077|1192493|25897|868453|22299|118768|7252|205272|8747|150322|8027|391374|13509|6046|2037|1293668|28916|96464|11767|27097|4639|557|450|782582|22611|242277|11873|16022|5116|31660|5471|65364|8205|11854|2669|13891|4198|5900|1688|1993561|28499|32226|5057|63501|5836|44736|4430|50260|5286|20881|2830|1072349|23069|14678|2317|89460|6514|605377|18715|93|113|362024|15461|97817|9268|8448|2156|7046|2715|54225|8217|39591|4438|18991|3690|7226|1516|30784|3875|8699|2115|33829|5703|32699|4388|4746|1342|14020|3546|3903|1299|16005|2908|344555|15837|131731|10684|10782|3190|52411|6452|29099|5292|15162|5271|4885|1415|5820|1492|3487|1576|10085|2292|14834|3880|5897|2617|1305|860|6148|2336|1484|814|76767|8006|4583|1728|50869|6468|11565|2844|3914|1258|5836|2216|33877|3588|33515|3626|362|201|78745|8267|132|209|9575|2247|2166|1124|4703|2907|48199|6712|2163|1195|2667|1301|1718|1010|7422|2819|8601|2671|149588|9522|44888|4429|33819|4200|11069|1998|39239|4107|10003|3146|20743|5002|34715|5957|6073718|51663|5883423|49506|93402|7948|1273|685|1137|507|33552|5192|386|274|12212|2742|459|402|12249|3091|21552|3389|198|220|715|583|6229|2045|1149|734|2291|962|5386931|46240|16764|3695|14548|2514|475244|15850|364873|18833|84174|9006|4332173|40867|88722|9364|8984|2031|1449|828|403090|16703|32380|4048|12001|2186|71093|6526|23073|3442|98570|9583|30219|3710|3813|1131|88507|10056|3340|1113|35897|5345|4197|2100|190295|9042|189480|8959|815|574
03000C0US1|2206147|27466|375772|12981|66389|5632|1268|561|19030|3422|822|471|3069|1057|40937|4027|20417|2674|17657|2823|2863|856|1263|502|44624|4292|1178|537|2207|901|10612|1976|22477|3003|4605|1297|3410|1071|135|153|113575|7213|12603|2581|28715|2966|63839|5483|13482|2323|8137|1960|281|212|150716|9051|22438|4692|4762|1547|8704|2803|3440|1382|798|629|3449|1161|3445|1106|1751|638|2166|855|4765|3255|1036|719|31461|3830|5397|1567|29548|3534|1241|787|17357|2926|8958|2202|468|352|600836|12699|204406|8814|162992|8849|139856|9274|11199|1865|11937|2084|9849|2115|31565|3651|0|213|209049|10249|4415|2494|11912|3216|2748|1293|143653|9332|11667|2867|2533|1166|13960|3296|12425|3387|2721|1616|2007|1010|1008|628|125561|8196|1007|437|15891|2827|5382|2461|8932|2680|1805|625|30201|3916|2415|1392|10722|1702|49206|5466|0|213|60809|6788|1078|520|2390|1115|538|400|7919|3524|8116|2855|1546|1103|1070|643|11536|3171|2078|1202|9761|3642|10800|2170|1041|604|1862|1224|1074|642|1011|947|204579|11703|43699|6019|641|659|8221|2962|12975|3174|3738|2111|2893|1795|6700|3055|1319|965|7212|2870|12404|2596|1958|1151|2082|854|3623|1393|4741|1505|32323|5253|1564|841|12077|4022|13316|2874|2324|1287|3042|1994|7056|1578|6677|1450|379|413|100220|8998|43900|7020|18940|3549|747|550|7202|2722|21114|4295|3782|1770|2792|1104|572|525|1171|854|8877|2915|8162|1571|7111|1426|5538|1323|1573|603|226|168|0|213|0|213|825|441|1016798|24598|965551|24422|372818|15954|797|719|3584|1653|7122|1700|2836|1157|182827|11668|267|196|88002|8647|65753|6744|2869|1611|1692|947|12404|2661|1084|736|3581|1586|235429|14476|874|638|5247|1931|60533|7719|91434|12203|20948|4446|42525|4981|6563|2384|2927|1176|4378|2177|357304|15438|6974|1660|4858|2857|160902|11945|7265|3080|64114|6854|52965|8224|10014|3403|30290|5334|3120|1309|14906|3925|1896|1360|51247|4279|50610|4276|637|477
03000C0US2|7978126|58685|1100864|23102|152128|7784|3961|1272|33866|3785|2614|906|5786|1491|102947|7051|53981|4923|42236|4262|6730|1601|2954|1177|134518|7309|8609|1658|6170|1319|36129|4151|69530|4816|7969|1778|5571|1296|540|386|218428|9587|41694|4773|111675|6137|38901|4680|381|503|25221|4191|937|513|592433|18512|44389|6715|25794|4201|14699|2745|11151|2386|9335|2150|14610|2799|13285|2137|3178|1047|5631|1745|7851|1844|9276|3171|120190|8919|24047|5098|98794|7815|7266|2072|127772|8815|55165|5518|3357|1419|2515410|21098|931309|18818|710806|16983|606383|16278|50450|4491|53973|5068|42223|4424|176876|9909|1404|636|998370|20597|18093|4607|174774|10760|16952|4104|553194|13762|25467|3864|7902|1933|31343|4768|104488|7735|12443|2685|43374|7030|10340|2824|361610|13547|17703|3665|11362|3199|12930|2842|5478|2277|15521|2516|201884|11660|3429|970|15068|2405|78177|7416|58|96|215942|10910|4890|1800|8118|2056|18072|3327|10466|2944|43854|4924|9892|2344|2877|1004|14347|2790|6296|2249|18836|3765|46048|4962|3952|1206|20593|5229|7701|2272|8179|2296|472402|21648|60286|7108|2587|1160|13729|3540|19502|4170|5007|1933|4368|1651|4212|1724|3208|1212|7673|2147|22070|5375|6109|2546|6282|3012|4062|1843|5617|1965|111640|11336|10090|2587|62108|7766|23660|4132|9840|5829|5942|1961|19679|3216|18150|3068|1529|1038|238305|15759|674|465|68408|8127|8590|3430|23893|4268|80100|9131|15361|4741|6750|2012|4344|1806|30185|5952|20422|4706|22902|2932|20614|2749|16677|2482|3937|1309|781|906|0|213|72|122|1435|767|3866548|48828|3779284|48896|1648749|38037|3004|901|26484|4065|73377|7244|11780|3279|806362|25821|21534|4391|217229|19068|322478|17530|15919|4546|12849|2836|103270|7985|9739|2437|24724|4138|961085|28089|6891|1786|27640|4688|188929|13514|174677|15253|124580|12973|394324|14128|22043|4411|20360|3195|1641|644|1169450|30407|33558|5035|8997|1705|107386|9897|26256|5378|238024|15093|350747|18404|177717|10953|134151|10894|16064|3432|62016|7679|14534|3360|87264|5167|86524|5138|740|520
03000C0US3|4012984|37913|646252|19000|67265|4515|1438|607|9689|1692|1183|538|2789|839|50804|4240|25063|3048|21836|2718|3905|821|1362|709|79541|5110|4400|1090|2497|687|12825|2787|52131|3956|5275|1182|2277|821|136|178|62678|5027|19023|3125|28911|3007|1591|752|287|341|12529|2969|624|371|434118|16602|23025|4234|5844|1630|19264|3204|12259|2452|7890|1944|8722|2165|5863|1630|1988|661|12172|3090|6556|2260|10472|3001|131839|9176|30226|3642|40009|4560|8391|1687|81646|8835|27952|3217|2650|1463|1498035|22258|346842|12408|216157|11833|183948|11151|11811|2712|20398|3170|32539|5063|93419|6298|4727|1905|574886|17823|12380|4338|36393|5305|19686|5040|392847|16136|21630|4022|4017|1371|20582|4386|49175|7163|3976|1758|5147|1653|9053|3709|320342|11571|30231|4076|6751|2116|8510|2292|19511|2691|15845|4142|147943|8672|2942|1092|30824|4251|57740|7085|45|80|241071|14439|2081|1234|4021|1789|264|207|70778|7418|9548|2137|23769|4123|6549|1859|36505|4380|10008|2704|20456|4678|13375|3045|5966|1494|34974|5643|2777|1010|14894|3337|314145|17705|82962|9790|5239|2560|13985|3280|18212|3668|13812|3057|4994|1977|5261|1559|3973|2011|17486|5816|33616|7181|9519|3430|13912|4991|7579|2696|2606|1424|43531|5089|7499|2426|16527|3033|10653|3209|5737|2014|3115|1316|10992|2469|10860|2443|132|134|129653|12154|0|213|21179|3729|1566|1147|5258|2385|73146|9637|3401|1534|3781|2367|6874|2272|14448|3808|13391|3450|12130|1958|8910|1535|7141|1407|1769|630|164|268|721|100|951|303|1384|824|1542422|25889|1467419|24485|119253|9302|1264|761|1399|841|26081|3952|752|511|22279|4082|1847|1857|39032|7349|20685|3161|637|459|639|479|3456|1644|112|186|1070|629|1091470|24245|3417|1427|3589|1147|29102|4898|62693|7191|46560|7365|916788|22720|24797|5775|4143|1179|381|265|256696|17309|13723|3474|4305|1939|31056|4505|6444|2101|58523|8206|39997|7212|2593|1074|20612|3412|2312|1079|74767|11307|2364|1586|75003|5601|74717|5603|286|236
03000C0US4|1264337|25645|129984|8087|23213|2670|1043|753|1960|803|609|384|1923|731|17143|2148|7982|1436|7655|1446|1506|767|535|455|27266|3800|1061|487|781|587|2856|775|19121|3357|1784|626|1595|904|68|112|8895|1650|1508|731|2822|763|1463|1000|107|136|2993|976|109|126|69332|7011|1705|898|4071|1465|18048|3671|2336|1490|2284|1078|1727|706|768|557|380|279|117|151|1909|868|1063|1416|3027|766|2214|726|10947|1831|1100|828|13872|2759|3764|1125|1278|1942|446187|10576|96795|5408|58809|4095|48967|3892|2833|930|7009|1482|7183|1673|30638|3245|165|166|140923|8439|9845|3504|8365|2365|3178|1996|89454|6810|5689|1566|673|353|9122|2274|9306|2586|2103|918|1421|1067|1767|1283|169673|7802|19795|4071|7147|1657|2530|1156|27609|3117|3694|1095|42084|4480|326|245|23526|2829|42811|4310|151|152|36592|5543|0|213|885|723|679|536|8076|2482|2075|739|2656|1181|2484|1205|2575|1100|5098|2085|5374|3228|4658|1652|1503|761|155|178|374|347|2204|1402|242421|12898|132744|10660|3915|2197|41263|6510|25558|3718|41050|5888|5565|3144|2338|1147|1660|973|11395|4989|17925|4434|9046|3605|2569|1325|6132|2150|178|223|15978|3652|1592|1110|4087|1822|1999|1036|6615|2620|1685|933|5407|1723|5261|1712|146|213|65438|8043|295|492|9289|3055|1302|830|16098|4107|20017|3915|355|358|4082|1812|6384|2794|7616|3141|4929|2091|8754|2409|2309|731|1879|666|430|397|387|585|2170|1513|3146|1826|742|377|436991|13459|414695|13317|37805|5765|505|312|219|221|17246|4203|0|213|4333|1457|49|86|7366|2615|6126|2198|157|263|125|162|766|480|363|346|550|552|298892|12042|992|784|900|341|19811|3811|31752|5486|23201|4645|212498|10543|7157|2621|2520|1015|61|100|77998|8551|4249|1259|540|407|10224|2374|1725|1078|13835|2725|15234|4156|3775|1150|6698|2174|748|393|20249|5404|721|504|22296|3203|22296|3203|0|213
03000C0US5|10320738|75712|898885|23473|202772|9691|5977|2053|15947|2766|4071|1361|11000|2325|158273|7890|75160|5488|69377|4845|13736|2227|7504|2066|196888|9635|6670|1416|9834|2834|38698|4799|116709|5813|16459|2865|7860|2278|658|474|127415|7739|21338|2842|48741|4753|17265|2822|927|503|39131|5794|940|481|368732|16281|13770|3227|10863|2317|16401|3234|16308|3098|4959|1310|14899|2546|14116|3049|4767|1453|7905|2865|10170|2134|3820|1597|41978|4941|31375|4199|74208|7684|7562|2438|75269|9013|20362|3528|3078|1360|2199509|27039|541715|17211|317710|13717|257721|12236|21807|2549|38182|3835|40776|4432|178714|9068|4515|1703|859551|25829|49325|6870|57296|7773|2527|1696|542595|19934|53401|6461|8868|2249|38088|5739|80366|8602|12445|2693|8725|2082|5915|2394|592647|19935|22253|4508|18891|3176|11375|2255|19963|3607|10133|2056|255692|12838|5011|1278|37127|3774|212202|12048|0|213|190729|13933|2780|1474|2760|1043|3891|1972|22130|6240|28789|3928|12964|2470|6561|1789|20212|3035|12229|3403|19083|7019|45853|7181|4838|1321|3521|1593|5118|1377|14867|6133|707345|26404|209930|16103|12638|3933|110977|12370|33017|5411|7096|1961|8808|2557|9164|3187|6804|2147|21426|5246|58492|7858|35120|5803|5656|3073|12484|3906|5232|2753|97928|10023|5451|1757|41722|6588|27914|4423|13854|4026|8987|2737|36028|4742|34130|4535|1898|1440|283907|15463|2248|1528|63329|7563|10438|3050|18098|4348|120655|10333|9258|3111|24477|5413|13680|4115|21724|4450|21060|5434|29684|3685|25539|3188|20896|3119|4643|1075|255|280|0|213|871|803|3019|1141|6485315|58614|6301763|59476|2445843|39279|28186|5137|11904|2440|1212399|25647|9445|2828|206296|12095|4467|1563|454422|21690|389390|21088|7003|1947|4015|1519|80370|8465|5992|2011|31954|4674|2077184|37625|8795|2554|34506|5036|393104|22221|320101|19300|297397|19288|821761|24963|154229|13025|45296|5563|1995|1489|1778736|37439|82600|6013|46263|5877|239780|15561|41046|5712|510038|19495|92390|7838|63831|7931|176138|11848|23825|4884|493769|25203|9056|2284|183552|9244|180811|9292|2741|1170
03000C0US6|885527|23626|80989|6059|17138|2809|616|610|1354|585|127|131|797|427|14102|2624|5391|1524|7489|1883|1222|637|142|170|24214|2739|721|522|211|203|3175|1195|18486|2443|1294|1037|327|219|0|213|4861|1491|710|407|2524|1301|51|75|0|213|1446|777|130|218|34704|4356|1537|1271|281|240|7556|3168|2118|1129|741|477|940|511|379|296|183|193|285|334|801|823|264|466|1853|788|3178|1289|4469|1575|494|441|8973|2892|652|357|72|116|251985|9237|67212|4694|30291|3875|25720|3462|506|379|4065|1193|9118|2002|27458|2617|345|549|82950|7921|4106|3041|5192|2003|2457|1362|50624|5263|4952|1732|215|184|6125|1922|7218|2097|896|719|818|976|347|511|75659|6649|5764|2432|2862|1368|1758|1048|3480|1097|1766|819|30687|5054|395|373|5341|1858|23606|3574|0|213|23503|4202|390|528|192|177|258|335|5883|1983|1479|1149|3643|1408|537|451|2495|1308|839|449|1427|800|2022|1071|1776|988|2006|1081|556|433|2661|1534|96678|13001|26791|6465|189|304|4860|1912|5957|2110|1136|993|1993|1387|2749|1652|2117|1610|7790|4640|16953|7532|7280|5762|5323|3381|3327|1948|1023|971|20545|6211|194|255|14542|5535|1661|1301|3799|2246|349|330|4430|1458|4193|1474|237|407|24738|4288|0|213|4244|1489|1449|1165|1159|670|9620|2523|2502|1538|612|519|445|498|4707|1848|3221|1787|4733|1868|2767|1020|2038|824|729|488|344|399|0|213|1123|1384|499|747|451142|14992|435065|14690|68538|7481|817|516|517|495|42453|5743|715|778|5625|1644|59|101|4474|2426|9482|3712|0|213|0|213|2997|1286|336|445|1063|908|292964|15487|359|288|1815|1148|16027|3975|56755|8360|40091|9282|167716|9413|6302|2521|2904|962|995|1384|73563|8656|2089|941|709|499|8175|2190|1391|723|15088|3501|3544|1588|1961|1602|6638|2014|310|270|33474|7387|184|195|16077|2181|15760|2118|317|477
03000C0US7|6091070|56039|252276|10091|65173|5163|894|467|4462|1407|1283|592|3218|1345|53467|4563|26204|3031|22121|2850|5142|1701|1849|851|68553|5156|1650|584|4173|1199|12073|2029|42508|4383|5973|1658|1936|882|240|212|29770|4226|3219|993|9455|1773|2558|1349|629|744|14442|3378|96|113|88404|6820|1459|751|1316|592|3686|1725|3654|1641|2963|1299|2905|1079|2950|958|1296|657|2147|1105|3645|1809|1113|1057|8793|1875|8258|2476|22772|3518|1807|870|13922|2876|5718|2000|376|322|1557694|22367|282199|14233|181689|11119|133059|9762|11959|1816|36671|4336|23950|4153|75875|6653|685|542|674271|23272|28689|7103|23372|4454|512|421|456844|21042|32594|4054|3398|1460|40181|6665|75804|8213|8591|2647|1210|812|3076|1163|468552|15015|15123|3645|10302|2418|10613|2446|13507|2571|10367|2431|137829|10438|6419|2450|21364|3374|242958|12689|70|115|126582|12707|1510|1034|4690|2719|2622|1914|26697|8173|10728|3809|13152|3153|6703|2487|11909|2809|10524|3432|7400|2403|18117|4490|8426|2348|1443|1295|2661|1115|6090|2749|376166|24278|89273|11493|5016|1981|29159|8292|26446|5517|3075|1733|5468|3119|4041|1586|7249|2680|8819|3480|38988|7556|17331|4560|9552|4674|9558|3628|2547|1757|35474|5457|4361|2229|16589|3340|4065|1766|8806|3627|1653|742|21293|4201|20511|4078|782|491|176611|15202|191|325|14025|3447|4996|2353|3686|1666|140985|13609|2860|2009|1858|1123|2248|1467|5762|2103|14527|5311|20470|2668|9604|2015|8073|1882|1531|624|169|161|5737|1076|3294|1298|1666|792|3884464|43346|3818407|43537|257054|15412|3292|1535|1351|796|168898|14039|2418|1162|28132|5640|245|218|9130|3363|25318|4604|1991|1008|381|443|12417|3402|835|729|2646|1168|3150629|40685|5325|2120|10903|2482|253992|17394|128848|13354|289320|19560|2395356|38545|53875|8520|9995|2266|3015|3810|410724|23922|16723|4386|6863|2689|49198|7751|12793|3607|84483|9114|14568|3698|5072|1488|26943|5350|3691|2267|185730|18497|4660|2437|66057|8258|65631|8230|426|260
03000C0US8|2782279|44414|255761|11292|65473|4607|2133|854|5582|1433|1903|884|3202|1014|51094|4254|22584|2842|24089|3066|4421|978|1559|650|67133|5191|2687|1030|1769|823|11265|2712|43410|3872|5005|1165|2997|1023|0|213|20700|2639|3058|1314|11402|2156|1128|698|0|213|4965|1293|147|143|102168|7802|3791|2640|3035|1329|7866|1496|4840|1593|1978|826|3246|1037|5970|1688|950|568|929|443|2131|1043|1546|985|13255|2698|12448|2820|17712|3092|1810|1009|15033|3056|5628|1582|287|251|689863|15055|188635|10864|112103|8689|82035|7779|11307|2593|18761|2587|16344|2563|58833|6016|1355|856|165763|9752|9588|3333|4172|1151|1255|908|105924|8604|17865|3093|1264|705|12071|3722|5821|2040|1706|707|3920|2211|2177|1267|279613|11874|6730|2387|7094|1862|6536|2042|6688|2026|2979|1047|169486|10675|2295|1031|20095|4020|57710|6664|0|213|53986|6883|2222|1141|1682|965|1301|710|17307|5025|7164|1847|3046|1300|1784|787|4798|1669|3002|1455|4547|2293|4860|1515|851|568|0|213|1422|794|1866|865|147936|10925|64044|8365|4109|2178|25134|5194|6760|2278|4406|2092|5439|2426|2342|1378|3400|1393|12454|3681|16571|3872|4259|2638|4654|1677|6972|2627|686|437|13476|4300|525|421|3936|1319|1821|914|6353|4015|841|610|11558|2751|10837|2582|721|706|32881|6510|259|426|10320|3111|1617|1526|2059|1187|10580|2737|2119|1642|323|351|840|718|4764|3244|9406|4343|30295|4653|12562|3159|9006|2919|3556|1041|1821|1040|671|517|2987|1746|12254|2651|1658424|37171|1579657|36300|102300|9601|651|480|947|624|70144|8578|77|138|10892|3543|233|296|5505|2512|9406|2789|312|354|235|285|2713|1186|106|158|1079|831|1266546|29337|1240|672|4906|2035|59447|7871|46775|6774|22748|5066|1113497|26864|13528|4278|4353|1801|52|86|210811|12692|13167|2574|2937|1321|36090|5783|12988|3224|46194|7222|11754|3127|1103|616|32290|5602|1088|594|52083|9007|1117|746|78767|6186|78354|6218|413|338
03000C0US9|12708814|64260|895413|18118|195726|8087|6576|1333|19499|2576|5326|1220|10603|1728|149130|7406|75115|5629|64616|4170|9399|1667|4592|1306|176518|7802|8297|1575|8234|1815|42573|3942|88068|5329|19099|2157|9395|1959|852|483|87524|5702|10693|1808|32440|3040|20491|2771|6207|1306|21894|3829|2006|915|432755|16409|2752|1499|15091|2704|10811|2453|11753|2546|7936|1964|10872|2226|10090|1926|4994|1519|3790|1269|15309|2932|1675|1020|26148|3495|35039|3845|108834|8071|4218|1253|142828|13705|20615|2945|2890|1308|5361684|38402|1728673|27713|1188704|25631|866134|22086|118160|7294|204410|8820|144982|7614|388941|13313|6046|2037|1288783|28936|96120|11706|27097|4639|557|450|779837|22595|241505|11826|15978|5113|31253|5438|64925|8247|11796|2653|13891|4198|5824|1644|1966698|28595|32154|5060|63238|5801|44226|4408|49835|5210|20606|2750|1051544|22865|14678|2317|87529|6552|602795|18707|93|113|361525|15462|97817|9268|8377|2123|7046|2715|54173|8225|39376|4393|18991|3690|7226|1516|30784|3875|8593|2114|33829|5703|32644|4377|4746|1342|14020|3546|3903|1299|16005|2908|340626|15713|130394|10694|10739|3197|52227|6469|29090|5292|15162|5271|4569|1394|5794|1482|3416|1577|9397|2082|14834|3880|5897|2617|1305|860|6148|2336|1484|814|76215|8011|4583|1728|50757|6472|11364|2828|3675|1268|5836|2216|32820|3512|32458|3552|362|201|78095|8295|132|209|9575|2247|2166|1124|4703|2907|48075|6685|2163|1195|2667|1301|1192|796|7422|2819|8268|2641|140601|9358|43989|4428|33021|4193|10968|2011|38859|4016|6285|2327|18175|4593|33293|5918|5970490|51163|5788403|48787|92156|7850|1273|685|1137|507|33325|5195|386|274|11357|2769|459|402|12236|3091|21417|3419|198|220|715|583|6229|2045|1149|734|2275|960|5298193|45849|16764|3695|14410|2518|472302|15719|358012|19049|83656|8985|4254235|40691|88515|9351|8850|2017|1449|828|398054|16721|32255|4046|12001|2186|68975|6567|22478|3457|97413|9532|29985|3683|3683|1123|88181|10041|3340|1113|35546|5300|4197|2100|182087|8824|181341|8729|746|569
03000C1US1|768264|19575|93140|6265|14108|2649|284|245|4929|1419|0|213|690|532|8124|1959|4310|1152|3420|1342|394|425|81|99|12996|2020|258|233|1115|676|3260|1124|5679|1151|995|432|1554|770|135|153|22505|3374|3598|1126|7446|1952|7734|2129|412|336|3727|1354|0|213|43447|4791|8566|2829|1532|863|2976|1427|605|450|165|207|515|355|1640|814|770|550|377|307|646|569|165|204|5524|1655|1339|675|10051|2321|928|744|4540|1130|3108|1284|84|104|188659|9158|66105|5718|53667|5118|44827|5092|3812|1075|5028|1593|2877|954|9561|2146|0|213|56398|4913|3511|2227|4264|1846|691|625|34429|3666|2843|915|820|498|3564|1900|4333|2014|1105|1123|267|244|571|534|42834|5422|250|190|1795|906|1140|685|3527|1662|723|378|10964|2663|568|452|2459|964|21408|4241|0|213|23080|4514|318|221|1170|868|410|381|3155|1956|4454|2635|742|763|175|153|4417|2146|822|687|3278|1793|3285|1241|497|476|0|213|357|398|242|392|75383|7522|22237|4838|575|653|6072|2908|3993|1780|3258|2003|1283|930|2396|2166|440|540|4220|2355|6825|1998|665|724|1526|806|2105|1134|2529|1200|5741|1849|413|481|2097|893|1912|1278|1124|870|195|170|1791|814|1518|695|273|358|35360|6043|10351|3699|11578|2876|401|498|3974|2290|7397|2437|209|193|356|308|572|525|522|628|3429|1742|2569|760|2194|722|1781|680|413|292|185|143|0|213|0|213|190|87|408513|17400|394663|17002|174434|11995|217|194|2463|1386|2760|1114|1506|863|80407|6889|54|91|36616|6919|38966|5869|1073|1046|1054|713|6941|2178|423|469|1954|1076|97744|11300|567|606|2179|1273|22130|4893|40251|9149|8690|2762|18967|3908|1963|1497|1408|933|1589|1541|122485|10026|2906|1024|2283|1845|46369|7275|2158|1357|24758|5561|19533|4327|6205|2797|11675|3178|645|751|5052|2560|901|863|13850|2433|13778|2428|72|122
03000C1US2|4095620|49811|528801|16349|65236|5692|2122|1082|14781|2972|1343|764|2874|1181|42765|4904|28782|3986|12639|2319|1344|1100|1351|964|58707|4771|4229|1281|3287|1017|21700|2959|24293|2970|3250|1418|1622|674|326|305|84528|7215|19971|4033|42293|3757|9610|2259|290|478|12272|3270|382|299|318109|13371|25271|5475|16849|3291|6304|1826|4678|1506|4014|1524|4274|1006|6096|1679|1036|473|2377|1203|4530|1404|3053|2213|49652|6695|11912|3684|60489|6672|4304|1700|76166|7549|37104|4238|2221|1346|1248362|18229|575693|14487|486913|14876|428755|14184|31593|3919|26565|3274|20478|3083|67108|6659|1194|622|397342|15703|8485|3298|137376|10541|3218|1364|131282|8316|9283|2331|4034|1490|17378|4126|40521|5694|4022|1385|34733|6195|7010|2297|169249|10813|14005|3619|6062|2453|6195|1536|2187|1259|10989|2410|79850|7683|2042|811|7967|1936|39894|5119|58|96|102873|7776|2434|1450|5876|1675|12579|2850|2379|927|24607|3651|3416|1337|619|409|6009|1763|1731|851|7486|1992|15333|3400|2015|801|15149|4276|3240|1345|3205|1458|265012|16303|29837|5887|1516|931|8999|3463|7988|3097|3525|1620|1340|1012|2840|1521|905|639|2724|1335|14525|4521|2272|1325|5323|3064|3267|1725|3663|1930|56417|8476|6667|2356|26986|5368|13167|2588|6553|5483|3044|1658|7108|2149|6420|1906|688|864|139172|12729|407|382|41981|7463|6181|3183|11188|2897|38789|5961|10661|4861|4371|1600|2749|1481|22845|5079|17953|4181|13872|2793|13118|2646|10924|2348|2194|1051|65|112|0|213|0|213|689|511|2039573|38332|2002142|37824|1015559|30864|1166|636|21496|3941|20413|3534|7771|2787|506584|21190|16333|3728|118344|15448|192983|11962|13392|4620|11620|2691|81573|6950|7076|2371|16808|3721|423025|19016|5136|1422|6561|1901|45421|7289|65607|9061|59504|7794|216371|11986|9461|2554|13833|2594|1131|485|563558|21395|14817|3326|4126|1486|48129|7240|13756|4743|85409|8057|176813|12373|137838|10086|43142|6955|4121|1556|31225|6445|4182|1420|37431|4707|37070|4662|361|424
03000C1US3|1823880|31815|190822|11112|24012|3229|486|399|3317|924|583|346|1058|584|17844|2986|10251|2077|6343|1718|1250|538|724|536|26129|3758|1168|636|553|363|6880|2435|15249|2197|1488|583|758|461|33|55|18829|3103|5342|1357|6149|1246|836|624|0|213|6300|2673|202|163|120897|9443|4557|1331|1868|939|7184|2031|2090|859|2746|1384|2744|1184|1344|785|818|441|2630|1533|1655|1437|995|494|33904|4444|9471|2202|14852|3404|2667|1046|25077|5924|6295|1942|955|676|663534|20565|173235|11161|125686|10644|107949|9837|7617|2548|10120|2631|14712|3950|30646|3726|2191|1313|236916|15734|8979|4215|20980|4403|8066|3325|151495|10671|9073|2523|481|397|11016|3420|18723|4848|2304|1346|1076|583|4723|2830|151104|9064|24459|3856|2119|1155|3850|1511|11026|1970|11566|4036|57665|5855|1402|866|18180|3567|20792|3786|45|80|98062|9027|863|1167|1925|1503|40|67|21722|4314|3559|1213|6363|2059|1627|644|20309|3222|4925|2089|7584|2276|5484|1710|2649|1126|19520|3727|1492|800|4217|1673|181214|14865|51248|8261|4659|2604|7482|2265|10376|3076|11478|2857|2995|1941|2980|1327|1435|1039|9843|4573|22758|6247|4411|2096|11025|4808|5625|2317|1697|1295|19493|3912|4608|2012|5878|1833|5872|2366|2678|1328|457|285|4982|1454|4906|1446|76|92|73347|9872|0|213|12457|2456|981|1022|3336|2004|40463|8143|2416|1328|2428|2027|2707|1248|8559|3214|9386|2825|4395|1228|2935|859|2424|863|511|342|164|268|706|102|16|27|574|629|783915|21656|759766|20849|68485|8015|663|582|760|751|12311|2930|608|555|11773|3332|26|5|27911|6382|11272|2226|422|377|223|311|1562|1324|112|186|842|590|550162|19622|1763|911|1661|816|16671|3492|35740|5513|29393|5558|445436|17851|18229|5257|1076|620|193|184|141119|13141|7898|2764|2345|1646|14075|3130|3716|1760|25810|5404|26598|6466|1153|730|9488|2698|1085|824|47785|10056|1166|1389|24149|3518|24149|3518|0|213
03000C1US4|692513|20982|55414|5044|12180|1822|748|706|1647|780|289|252|1138|588|7918|1418|4295|1038|3216|956|407|294|440|462|11837|1693|488|333|486|515|1825|639|7579|1381|1209|588|250|256|0|213|5465|1366|661|324|1670|666|1177|960|0|213|1899|828|58|96|24654|3574|1119|816|975|528|3587|1488|678|537|1427|941|736|365|0|213|44|78|89|146|721|674|1011|1415|1163|568|1003|496|4648|1215|358|291|5245|1757|1850|807|1278|1942|241311|10296|50401|4286|30518|3500|25028|3241|1203|666|4287|1241|3506|1182|16295|2662|82|136|78074|6827|7523|3369|5187|1773|2554|1899|46209|5381|3244|1122|154|112|5889|2022|4963|1748|691|427|802|905|858|950|93463|6456|13154|3053|3732|1575|1686|827|14541|2162|2772|930|19496|2993|171|179|13926|2441|23834|3215|151|152|18919|3770|0|213|46|76|375|472|4158|1536|1263|583|2016|1073|1350|962|947|526|3572|1998|868|680|2814|1357|1114|654|72|121|324|338|454|550|137449|11141|82589|8898|2303|1441|20963|4279|12761|2622|30668|5359|4378|2920|1041|667|972|781|9503|4987|11349|3449|4263|2416|1968|1272|4940|2023|178|223|10280|2802|202|266|1996|775|354|272|6387|2617|1341|816|3218|1408|3096|1396|122|207|27725|4563|295|492|5526|2265|1003|776|5930|2555|7296|2062|355|358|2067|1205|3090|1730|2163|1288|2288|1456|4032|2017|804|498|487|356|317|378|0|213|1402|1284|1520|1629|306|270|254307|10910|243271|11072|23952|4760|290|252|0|213|14766|4116|0|213|1630|819|49|86|3910|2023|2597|1170|0|213|0|213|650|435|43|81|17|30|178616|8189|929|776|629|330|13176|3018|19975|4766|10926|3033|128469|7286|3383|2057|1129|636|0|213|40703|6136|2177|774|386|357|5925|2172|1149|1082|7272|1843|7333|2626|1420|699|3732|1424|342|250|10487|3586|480|440|11036|2327|11036|2327|0|213
03000C1US5|2975721|39630|302542|13662|71133|4646|3001|1256|6331|1601|2482|1100|5395|1926|51937|4076|28554|3491|19182|2639|4201|1458|1987|766|71756|6207|1599|545|5020|2458|17142|3407|38821|4147|5653|1291|3234|994|287|317|43726|4576|7344|1661|18529|2679|4671|1459|458|390|12828|2749|354|299|115275|8792|8804|2873|2495|971|5682|2138|3937|1327|2055|762|4526|1510|5089|1790|1394|744|1479|607|1654|747|1864|1148|12856|2594|10123|2490|20749|3283|3307|1953|21636|4102|7625|2708|652|363|670491|16619|172460|9426|114417|7927|93324|7452|8413|1795|12680|2382|15867|3048|40026|4153|2150|1237|235418|12926|11238|3759|10837|2790|316|337|155099|10404|16070|2791|3891|1385|9734|2924|19464|3923|5103|1796|2941|1489|725|408|189345|12056|8742|3477|3772|1269|3914|1578|6274|1939|2949|1026|93369|9347|1699|734|11347|2433|57279|7126|0|213|69731|8046|1388|1138|392|301|1619|1526|9972|5021|9099|2237|4349|1437|2460|1130|5983|1505|4162|1715|6383|2335|19280|4760|1382|644|1239|1032|2023|760|3537|1396|207305|13121|64386|9255|4342|2610|34089|6999|8552|2469|1492|1071|2608|1265|2487|1334|2967|1628|7849|2645|18340|4154|9033|2917|3211|1897|4926|2130|1170|822|33865|5698|2561|1269|9315|2919|12784|3136|4974|1787|4231|2197|13516|3711|13335|3713|181|162|68283|7726|743|818|13008|3177|3437|1935|4063|2475|27950|4896|3159|1612|3552|1587|6199|3524|6172|2440|8915|2943|13136|2157|11588|2040|8572|1912|3016|979|164|263|0|213|249|323|1135|532|1782247|30483|1724055|29829|603499|24845|7587|2307|2698|1005|268509|15189|1739|918|54774|6955|846|566|128583|14481|99727|9904|1755|960|1428|881|24155|5631|1664|1159|10034|3923|588897|24880|2028|1018|10389|3554|91668|10287|104731|13032|107507|12555|210719|14898|47713|7061|13273|2873|869|1163|531659|22597|26005|3924|8674|2545|85317|9324|13858|3042|143501|9061|30354|5232|13373|3390|42797|6056|4524|1468|159948|14840|3308|1228|58192|5935|57068|5894|1124|744
03000C1US6|512379|20714|37822|3647|7206|1574|73|87|769|399|44|74|314|254|5912|1504|3023|1150|2292|705|597|494|94|154|12640|1871|277|331|129|157|2158|1125|9776|1772|122|159|178|184|0|213|2291|1044|211|230|1371|980|0|213|0|213|709|606|0|213|15685|2920|704|721|61|102|4893|2416|1174|785|347|384|241|233|196|223|86|148|0|213|0|213|264|466|571|451|1540|701|1962|912|481|441|2956|1110|209|149|0|213|134672|7544|34987|4009|12483|2285|10203|2087|164|223|2116|858|5900|1813|16259|2930|345|549|45826|6123|3730|2897|3384|1462|2189|1329|22674|3560|3203|1624|161|155|5693|1845|3969|1696|692|661|131|160|0|213|38298|4891|4285|2055|1483|1122|1013|889|2345|974|1063|644|14260|3339|288|344|2627|1169|10934|2337|0|213|13177|3108|0|213|0|213|258|335|4577|1755|896|1033|1521|779|175|274|814|513|372|273|1118|790|1095|698|1105|775|907|685|339|359|2384|1545|67422|11045|20235|6017|189|304|3286|1650|4393|1919|938|971|1329|1133|2146|1565|844|992|7110|4777|14052|6800|5768|5264|4863|3540|2906|1850|515|541|13877|4575|59|99|9788|3921|632|680|3172|2084|226|262|1364|749|1127|636|237|407|15426|3332|0|213|3565|1393|599|743|876|578|5789|1961|1249|989|189|215|251|411|2908|1540|2468|1711|1755|920|1079|488|782|399|297|321|0|213|0|213|206|270|470|740|270708|14844|263510|14705|49430|7271|334|264|517|495|33222|5120|682|783|2497|1136|0|213|3586|2372|6740|3474|0|213|0|213|1206|779|0|213|646|804|171735|12606|317|274|1006|899|6363|2114|37468|6508|32193|8913|88598|7247|4391|2337|1399|722|0|213|42345|7912|941|691|396|386|2398|1185|909|629|7441|2964|1212|771|1454|1562|5019|1852|310|270|22265|6733|0|213|7198|1618|6881|1531|317|477
03000C1US7|3304070|43005|127173|7895|31000|3494|301|242|2767|1189|768|423|1212|440|25001|3167|12505|2132|10563|2006|1933|1001|951|553|36612|3719|1106|517|2955|1192|8788|1640|19384|2594|3124|1069|1168|618|87|113|17752|3415|1605|599|5591|1437|804|667|60|99|9702|2807|50|80|41760|5514|1272|722|542|340|1898|1319|1360|806|1700|1008|1850|952|1539|688|455|350|336|330|884|810|714|950|3927|1252|3890|1373|10775|2605|470|308|6380|1913|3768|1568|49|81|727316|17540|146950|9502|95103|7017|68176|6689|6287|1515|20640|3024|14875|3598|36464|4683|508|497|313631|14942|21615|5703|11399|2584|184|302|199711|13503|17449|2902|1259|864|25432|6005|32193|5429|2664|1435|476|573|1249|600|198278|10284|7612|2407|1892|756|3754|1148|5769|1876|5685|1830|58953|6347|4140|1930|8832|2064|101641|7406|0|213|65640|8345|489|379|2720|1601|1390|1163|11601|4286|6476|3194|6753|2403|1350|690|5390|1749|6119|2834|5377|2394|11020|3926|4044|1512|1213|1262|1698|963|2817|1941|197402|15768|53471|9277|3746|1819|19353|7741|14063|3248|2522|1648|3828|2700|1987|1022|3225|1698|4747|1887|27601|6951|9337|3136|8110|4640|7707|3352|2447|1757|16668|3014|3189|2021|6998|1817|1734|953|3898|1754|849|483|9537|2377|9367|2348|170|206|83485|9672|191|325|7584|2858|2525|1443|944|614|63419|8451|1761|1377|858|733|1625|1360|4578|2044|6640|4468|12946|2305|4803|1513|3651|1320|1152|652|21|32|5256|977|1828|871|1038|707|2239233|41945|2209974|42067|141508|10333|880|763|60|105|103572|9134|1416|791|9706|2159|0|213|4448|2180|12533|2842|850|539|201|314|6990|2746|261|425|591|465|1841918|37568|2951|1784|4316|1763|142113|12543|92485|12438|182566|18302|1376661|29127|33234|7593|4845|1639|2747|3760|226548|20214|8877|2126|2820|1711|21571|4522|8293|2969|43350|6553|6905|2503|2455|1093|13053|3449|824|1010|116444|15352|1956|1548|29259|6880|29188|6883|71|82
03000C1US8|1582649|32811|135338|7697|33029|3304|996|577|2400|738|1068|593|1518|687|26098|3170|13554|2284|10634|2445|1910|627|949|484|36389|3787|1169|444|1328|758|7061|1883|22210|2730|2557|881|2064|909|0|213|13138|2111|2405|1238|6591|1415|719|651|0|213|3319|1079|104|126|52663|5232|1747|1520|1862|1190|4224|1064|2304|1387|1246|723|1059|502|2851|1114|646|520|471|289|1394|779|974|649|6641|1552|6229|1898|8033|1831|1313|779|8533|2372|3136|1261|119|163|391733|12924|106241|9071|60226|6416|42373|5465|7412|2240|10441|2046|9196|2168|36247|5453|572|455|105413|7084|7461|3113|3525|1039|1255|908|69423|7238|12587|2270|541|461|3923|1593|1997|842|1129|617|2289|1773|1283|960|146924|9608|3730|1681|3586|1216|3974|1381|2593|1465|1667|765|86606|7060|1138|592|10986|3789|32644|5280|0|213|32140|5589|1653|950|1099|860|550|368|8911|3313|4731|1520|1321|796|1042|658|3749|1667|2041|1328|3077|2114|2683|1013|434|284|0|213|849|607|1015|707|97754|9468|42114|6875|3411|2208|15412|4364|4857|1848|3560|2008|4013|2281|1501|893|1741|870|7619|2756|12124|3336|2546|2064|3539|1514|5782|2302|257|193|9792|4265|478|443|2695|1118|737|450|5475|3995|407|402|7908|2310|7412|2137|496|591|21481|5388|259|426|5551|1979|1568|1532|1123|943|6136|1900|2074|1631|0|213|720|657|4050|3057|4335|2515|15151|3333|7141|2391|5196|2213|1945|724|0|213|411|437|2901|1730|4698|1924|942673|26949|902609|26175|59573|7205|405|344|734|584|38406|6407|0|213|6682|2778|73|121|4234|2334|5891|2303|159|254|235|285|1696|890|64|141|994|799|737377|23313|822|579|3339|1844|39456|6226|30643|5585|12005|3207|638154|21916|10026|3674|2932|1177|0|213|105659|9295|7138|2009|919|641|18505|2887|4023|1268|21728|4579|7683|2746|763|503|14206|2888|704|486|29247|6817|743|638|40064|4621|40037|4617|27|47
03000C1US9|6553219|44775|478974|14746|98226|6050|3378|1033|10874|1848|1890|659|5813|1298|73846|5641|39746|4387|29737|3092|4363|1223|2425|1016|95426|5662|5020|1261|4934|1252|26116|3039|44628|3435|8193|1379|6155|1652|380|289|46865|4751|6608|1613|18970|2563|8328|1848|1809|720|11810|2956|1149|549|237507|12005|1697|940|8146|2288|6089|1712|6639|1717|5061|1729|5015|1365|6107|1658|3398|1301|2345|1138|6501|1630|947|701|12739|2381|17360|3008|64304|6255|3150|1124|75192|9023|12817|2391|950|546|3008531|34612|981507|20126|661575|18601|492200|16248|63357|4521|106018|7001|89650|6679|226529|11094|3753|1718|797021|24000|49160|8013|16366|3227|312|391|487996|18665|162282|10070|12172|5100|15505|3779|36373|5791|5905|1840|8690|3820|2260|1107|994394|22389|12783|3213|34490|4307|20624|2625|30325|4090|10490|1732|513497|16373|9131|1747|46468|4559|316538|14215|48|80|227790|13195|85708|8499|4118|1407|4233|2010|19615|5028|27570|3856|9047|2546|3941|1252|17531|3153|4231|1590|18516|4241|21195|4016|2712|1284|6788|2522|2585|1142|7819|2050|175034|11056|71844|7834|6013|2342|29653|4847|14702|2586|9285|3401|2290|994|3567|1191|1577|1152|4757|1523|8091|3304|3797|2195|655|639|2388|1732|1251|818|38142|4894|2769|1327|25425|4126|5236|1654|1591|702|3121|1206|17352|2778|17115|2812|237|174|35964|4976|0|213|4904|1681|983|790|965|803|22472|4033|971|569|1097|773|380|516|4192|2178|3641|1913|65817|7211|23326|2769|18099|2340|5227|1333|13867|2704|1449|1071|12147|4292|15028|4370|2824863|29314|2737791|28143|48838|5903|588|508|416|367|16859|3892|266|205|5956|2386|200|260|7211|2499|12813|2796|50|84|404|377|2231|943|526|488|1318|688|2482992|26801|9982|3545|5951|1693|263393|12735|220895|15085|42562|6597|1892069|25129|42835|6922|4754|1379|551|501|205961|10881|14358|2593|6750|1418|37224|4220|12839|2445|55393|8120|14011|2390|1973|936|40854|6400|1527|779|18518|3677|2514|1740|87072|6257|86917|6229|155|108
03000C2US1|1437883|23940|282632|12079|52281|5148|984|511|14101|3012|822|471|2379|864|32813|3557|16107|2617|14237|2253|2469|733|1182|496|31628|3895|920|503|1092|603|7352|1689|16798|2833|3610|1153|1856|727|0|213|91070|6759|9005|2228|21269|2546|56105|5273|13070|2302|4410|1540|281|212|107269|8302|13872|3421|3230|1238|5728|2361|2835|1266|633|579|2934|1090|1805|693|981|447|1789|770|4119|3220|871|674|25937|3559|4058|1379|19497|3071|313|288|12817|2730|5850|1837|384|339|412177|12280|138301|7189|109325|7408|95029|7467|7387|1423|6909|1544|6972|1819|22004|2946|0|213|152651|10193|904|1066|7648|2816|2057|1224|109224|9059|8824|2760|1713|1041|10396|2730|8092|2788|1616|1289|1740|981|437|299|82727|7238|757|381|14096|2646|4242|2342|5405|2263|1082|533|19237|3094|1847|1337|8263|1519|27798|4105|0|213|37729|5291|760|487|1220|630|128|143|4764|2621|3662|1422|804|829|895|624|7119|1824|1256|948|6483|3109|7515|2066|544|430|1862|1224|717|523|769|855|129196|9628|21462|4634|66|116|2149|1050|8982|3330|480|675|1610|1463|4304|1982|879|823|2992|1702|5579|1610|1293|871|556|439|1518|750|2212|869|26582|5580|1151|657|9980|4109|11404|2994|1200|1079|2847|1979|5265|1310|5159|1279|106|196|64860|7147|33549|6149|7362|1872|346|239|3228|1710|13717|3749|3573|1764|2436|1075|0|213|649|552|5448|2346|5593|1371|4917|1239|3757|1158|1160|493|41|79|0|213|0|213|635|445|608285|19277|570888|19305|198384|13215|580|702|1121|706|4362|1475|1330|707|102420|9717|213|174|51386|6604|26787|4137|1796|1361|638|616|5463|1687|661|528|1627|981|137685|12340|307|294|3068|1415|38403|5821|51183|9498|12258|3559|23558|4316|4600|1878|1519|711|2789|1767|234819|13425|4068|1572|2575|2253|114533|10527|5107|2592|39356|4704|33432|6709|3809|1606|18615|4709|2475|1081|9854|3311|995|1008|37397|3597|36832|3545|565|465
03000C2US2|3882506|34454|572063|16281|86892|4958|1839|664|19085|2622|1271|495|2912|813|60182|4337|25199|2770|29597|3145|5386|1130|1603|594|75811|4941|4380|1003|2883|1110|14429|2317|45237|3720|4719|1061|3949|1104|214|222|133900|7238|21723|2838|69382|5473|29291|3919|91|149|12949|2570|555|455|274324|11952|19118|4730|8945|2334|8395|1873|6473|1978|5321|1622|10336|2529|7189|1520|2142|883|3254|1155|3321|1195|6223|2407|70538|7038|12135|2748|38305|4347|2962|1040|51606|4625|18061|3366|1136|615|1267048|16110|355616|10928|223893|9421|177628|8924|18857|2789|27408|3339|21745|3097|109768|7949|210|233|601028|15471|9608|2879|37398|5162|13734|3600|421912|12727|16184|2826|3868|1254|13965|3340|63967|6159|8421|2593|8641|3052|3330|1349|192361|9903|3698|979|5300|1712|6735|2399|3291|1928|4532|1279|122034|8110|1387|597|7101|1541|38283|5300|0|213|113069|8410|2456|941|2242|852|5493|1664|8087|2838|19247|2942|6476|1842|2258|908|8338|2097|4565|2170|11350|3182|30715|4391|1937|912|5444|2761|4461|1897|4974|1688|207390|14796|30449|4402|1071|646|4730|1598|11514|2797|1482|984|3028|1361|1372|836|2303|1076|4949|1803|7545|2758|3837|2360|959|732|795|426|1954|921|55223|7058|3423|1330|35122|5292|10493|3130|3287|1948|2898|1004|12571|2233|11730|2186|841|571|99133|9930|267|245|26427|5370|2409|1420|12705|3499|41311|6320|4700|2313|2379|1192|1595|954|7340|3182|2469|1482|9030|1664|7496|1422|5753|1192|1743|860|716|908|0|213|72|122|746|644|1826975|24911|1777142|25293|633190|18274|1838|624|4988|1513|52964|6330|4009|1709|299778|14347|5201|2626|98885|9796|129495|10875|2527|1007|1229|748|21697|3330|2663|1306|7916|1918|538060|19607|1755|900|21079|3987|143508|10404|109070|12026|65076|10900|177953|9747|12582|3650|6527|1760|510|488|605892|21070|18741|3597|4871|1377|59257|5765|12500|2637|152615|12613|173934|12670|39879|4698|91009|9497|11943|3068|30791|5179|10352|2943|49833|3628|49454|3632|379|314
03000C2US3|2189104|30505|455430|16764|43253|3486|952|488|6372|1319|600|368|1731|717|32960|3162|14812|2381|15493|2099|2655|643|638|408|53412|3796|3232|926|1944|638|5945|1280|36882|3131|3787|981|1519|677|103|170|43849|4080|13681|2905|22762|2799|755|468|287|341|6229|1635|422|298|313221|15381|18468|4101|3976|1246|12080|2480|10169|2275|5144|1242|5978|1760|4519|1469|1170|504|9542|2519|4901|1670|9477|3137|97935|7660|20755|3107|25157|3487|5724|1479|56569|8247|21657|2903|1695|1188|834501|20032|173607|7627|90471|5570|75999|5589|4194|1184|10278|1953|17827|3249|62773|5615|2536|1353|337970|16007|3401|1459|15413|4113|11620|3940|241352|12935|12557|2704|3536|1242|9566|3110|30452|4928|1672|848|4071|1457|4330|2154|169238|9308|5772|1822|4632|1600|4660|1777|8485|2235|4279|1491|90278|6903|1540|663|12644|2321|36948|6468|0|213|143009|10636|1218|846|2096|1006|224|194|49056|6011|5989|1788|17406|3479|4922|1765|16196|2616|5083|1915|12872|4222|7891|2507|3317|1326|15454|4367|1285|526|10677|2617|132931|11312|31714|4150|580|416|6503|2119|7836|2161|2334|1137|1999|1099|2281|1021|2538|1782|7643|2741|10858|4055|5108|3056|2887|1562|1954|1282|909|711|24038|4111|2891|1462|10649|2377|4781|2891|3059|1679|2658|1312|6010|1850|5954|1848|56|95|56306|7588|0|213|8722|2623|585|553|1922|1385|32683|6268|985|693|1353|954|4167|1781|5889|2603|4005|2294|7735|1440|5975|1284|4717|1170|1258|531|0|213|15|24|935|306|810|505|758507|18065|707653|17271|50768|6262|601|447|639|708|13770|2725|144|233|10506|2816|1821|1857|11121|4433|9413|2317|215|278|416|325|1894|1150|0|213|228|209|541308|16141|1654|1196|1928|787|12431|3523|26953|4620|17167|5010|471352|14622|6568|2375|3067|966|188|189|115577|9463|5825|1861|1960|1097|16981|2962|2728|1044|32713|5166|13399|4045|1440|792|11124|2092|1227|719|26982|5403|1198|723|50854|4820|50568|4835|286|236
03000C2US4|571824|15636|74570|6106|11033|1676|295|221|313|206|320|236|785|401|9225|1487|3687|887|4439|1114|1099|732|95|92|15429|3131|573|376|295|257|1031|559|11542|2954|575|274|1345|896|68|112|3430|996|847|694|1152|422|286|212|107|136|1094|605|51|81|44678|5388|586|485|3096|1392|14461|3182|1658|1365|857|556|991|572|768|557|336|266|28|46|1188|590|52|94|1864|512|1211|599|6299|1342|742|701|8627|2405|1914|752|0|213|204876|8477|46394|3519|28291|2717|23939|2558|1630|676|2722|795|3677|1251|14343|1787|83|103|62849|5499|2322|972|3178|1587|624|443|43245|5159|2445|1038|519|339|3233|1122|4343|1835|1412|861|619|554|909|775|76210|6159|6641|2804|3415|1303|844|602|13068|2561|922|568|22588|3427|155|156|9600|1896|18977|3261|0|213|17673|4055|0|213|839|720|304|291|3918|2181|812|513|640|499|1134|745|1628|949|1526|887|4506|3099|1844|1157|389|341|83|133|50|86|1750|1288|104972|7376|50155|6413|1612|1349|20300|4912|12797|2891|10382|3325|1187|929|1297|905|688|595|1892|746|6576|2700|4783|2417|601|724|1192|782|0|213|5698|2317|1390|1043|2091|1688|1645|966|228|217|344|373|2189|1169|2165|1170|24|46|37713|5936|0|213|3763|1693|299|283|10168|3038|12721|3272|0|213|2015|1490|3294|2001|5453|2774|2641|1575|4722|1541|1505|520|1392|516|113|109|387|585|768|774|1626|1269|436|304|182684|11262|171424|11194|13853|3295|215|237|219|221|2480|1148|0|213|2703|1286|0|213|3456|1789|3529|1856|157|263|125|162|116|175|320|339|533|548|120276|9709|63|76|271|193|6635|2356|11777|2904|12275|3980|84029|7653|3774|1759|1391|673|61|100|37295|5834|2072|999|154|184|4299|1194|576|334|6563|1777|7901|2768|2355|1061|2966|1181|406|319|9762|3904|241|193|11260|1959|11260|1959|0|213
03000C2US5|7345017|62289|596343|17309|131639|8768|2976|1673|9616|2092|1589|628|5605|1265|106336|6913|46606|4612|50195|4233|9535|1802|5517|2008|125132|6172|5071|1294|4814|1808|21556|2746|77888|4777|10806|2577|4626|1832|371|324|83689|5970|13994|2233|30212|3706|12594|2309|469|301|26303|4925|586|336|253457|12457|4966|1500|8368|2040|10719|2515|12371|2935|2904|862|10373|2275|9027|2442|3373|1204|6426|2741|8516|2081|1956|946|29122|4027|21252|3501|53459|6795|4255|1439|53633|7073|12737|2548|2426|1295|1529018|23983|369255|14959|203293|11847|164397|10743|13394|1995|25502|3193|24909|3118|138688|8460|2365|1211|624133|20706|38087|6243|46459|6704|2211|1710|387496|17611|37331|5217|4977|1804|28354|4450|60902|7268|7342|2053|5784|1592|5190|2411|403302|13991|13511|2357|15119|2853|7461|1692|13689|2929|7184|1755|162323|9563|3312|1091|25780|3195|154923|9829|0|213|120998|11225|1392|904|2368|985|2272|1132|12158|3738|19690|3145|8615|2244|4101|1447|14229|2424|8067|3011|12700|6832|26573|5139|3456|1194|2282|1227|3095|1072|11330|5983|500040|24362|145544|12532|8296|2718|76888|9255|24465|5047|5604|1732|6200|2111|6677|2851|3837|1510|13577|4997|40152|7062|26087|5610|2445|2301|7558|3368|4062|2656|64063|8020|2890|1188|32407|5810|15130|2939|8880|3494|4756|1747|22512|3627|20795|3302|1717|1460|215624|14563|1505|1204|50321|6549|7001|2384|14035|3507|92705|9272|6099|2738|20925|5198|7481|2726|15552|3720|12145|4463|16548|3105|13951|2629|12324|2592|1627|653|91|96|0|213|622|750|1884|993|4703068|51333|4577708|52394|1842344|36737|20599|4408|9206|2257|943890|23180|7706|2660|151522|11878|3621|1473|325839|18958|289663|18666|5248|1728|2587|1222|56215|7202|4328|1516|21920|3451|1488287|33227|6767|2205|24117|3718|301436|19452|215370|15691|189890|14831|611042|23575|106516|10489|32023|4881|1126|925|1247077|31928|56595|4792|37589|5543|154463|12291|27188|4724|366537|16745|62036|6765|50458|6764|133341|10228|19301|4623|333821|23627|5748|1809|125360|6598|123743|6589|1617|841
03000C2US6|373148|14051|43167|4579|9932|2373|543|595|585|428|83|103|483|362|8190|2098|2368|871|5197|1723|625|360|48|78|11574|2137|444|415|82|138|1017|509|8710|1730|1172|1014|149|133|0|213|2570|1028|499|331|1153|778|51|75|0|213|737|531|130|218|19019|3224|833|1001|220|211|2663|1653|944|774|394|303|699|454|183|183|97|126|285|334|801|823|0|213|1282|567|1638|1064|2507|1165|13|22|6017|2507|443|325|72|116|117313|7568|32225|3607|17808|2992|15517|2888|342|284|1949|933|3218|1048|11199|2227|0|213|37124|5136|376|507|1808|1396|268|387|27950|4561|1749|677|54|108|432|384|3249|1139|204|214|687|914|347|511|37361|5409|1479|1322|1379|876|745|491|1135|609|703|567|16427|3508|107|112|2714|1177|12672|2880|0|213|10326|2520|390|528|192|177|0|213|1306|892|583|436|2122|1133|362|356|1681|1314|467|348|309|302|927|658|671|647|1099|842|217|227|277|287|29256|5963|6556|2182|0|213|1574|1139|1564|739|198|259|664|650|603|486|1273|1270|680|792|2901|2649|1512|1894|460|621|421|614|508|780|6668|3884|135|230|4754|3809|1029|1019|627|547|123|148|3066|1336|3066|1336|0|213|9312|2766|0|213|679|539|850|1014|283|318|3831|1808|1253|1120|423|458|194|295|1799|1199|753|669|2978|1613|1688|839|1256|675|432|349|344|399|0|213|917|1329|29|51|180434|9645|171555|9424|19108|3661|483|408|0|213|9231|2688|33|66|3128|1305|59|101|888|595|2742|1498|0|213|0|213|1791|1061|336|445|417|365|121229|7759|42|81|809|602|9664|3094|19287|4847|7898|2465|79118|6203|1911|1001|1505|669|995|1384|31218|4983|1148|689|313|405|5777|1855|482|342|7647|1921|2332|1486|507|378|1619|855|0|213|11209|3543|184|195|8879|1565|8879|1565|0|213
03000C2US7|2787000|41986|125103|7635|34173|4184|593|408|1695|826|515|389|2006|1258|28466|3985|13699|2303|11558|2323|3209|1483|898|660|31941|3755|544|366|1218|667|3285|1300|23124|3207|2849|1336|768|665|153|138|12018|2443|1614|765|3864|1305|1754|1099|569|730|4740|1886|46|79|46644|4743|187|201|774|530|1788|1095|2294|1372|1263|878|1055|423|1411|792|841|537|1811|1065|2761|1566|399|454|4866|1528|4368|1840|11997|2741|1337|771|7542|1867|1950|989|327|312|830378|21875|135249|8741|86586|7305|64883|6018|5672|1224|16031|3055|9075|1976|39411|5502|177|210|360640|17495|7074|3069|11973|3785|328|399|257133|14562|15145|3166|2139|1239|14749|3563|43611|7238|5927|2132|734|583|1827|1111|270274|12430|7511|2740|8410|2283|6859|1954|7738|2194|4682|1812|78876|7847|2279|1225|12532|2189|141317|9982|70|115|60942|10454|1021|1019|1970|2188|1232|1487|15096|5780|4252|2179|6399|2303|5353|2454|6519|2286|4405|1854|2023|811|7097|2428|4382|1796|230|270|963|678|3273|1919|178764|15515|35802|6657|1270|865|9806|3018|12383|4383|553|501|1640|1567|2054|1031|4024|2105|4072|2608|11387|3829|7994|3286|1442|1087|1851|1517|100|163|18806|4305|1172|700|9591|2968|2331|1451|4908|3250|804|529|11756|3003|11144|2950|612|460|93126|11304|0|213|6441|2177|2471|1826|2742|1554|77566|11001|1099|1409|1000|788|623|403|1184|618|7887|3482|7524|1778|4801|1447|4422|1385|379|225|148|155|481|447|1466|940|628|368|1645231|35354|1608433|34856|115546|12449|2412|1248|1291|798|65326|10175|1002|820|18426|5237|245|218|4682|2570|12785|3561|1141|951|180|300|5427|2044|574|588|2055|1070|1308711|32128|2374|1151|6587|1667|111879|14120|36363|6130|106754|10106|1018695|30462|20641|5017|5150|1441|268|327|184176|13298|7846|3164|4043|1924|27627|6299|4500|2165|41133|6924|7663|2153|2617|878|13890|3274|2867|1993|69286|9161|2704|1972|36798|4424|36443|4381|355|246
03000C2US8|1199630|26844|120423|7782|32444|2800|1137|622|3182|1123|835|671|1684|718|24996|2550|9030|1516|13455|1979|2511|798|610|391|30744|3160|1518|910|441|307|4204|1640|21200|2485|2448|710|933|463|0|213|7562|1865|653|392|4811|1616|409|268|0|213|1646|849|43|71|49505|5349|2044|2213|1173|683|3642|1257|2536|1049|732|391|2187|926|3119|1419|304|289|458|326|737|628|572|722|6614|1907|6219|1977|9679|2374|497|475|6500|2151|2492|1012|168|191|298130|13737|82394|7947|51877|6269|39662|5523|3895|1254|8320|2256|7148|1655|22586|3667|783|700|60350|7203|2127|1394|647|674|0|213|36501|5650|5278|1930|723|563|8148|3380|3824|1759|577|356|1631|1041|894|794|132689|8794|3000|1697|3508|1433|2562|1376|4095|1402|1312|726|82880|7971|1157|931|9109|2099|25066|4049|0|213|21846|4165|569|479|583|390|751|515|8396|3123|2433|953|1725|1118|742|487|1049|519|961|677|1470|891|2177|996|417|504|0|213|573|599|851|553|50182|7312|21930|4407|698|529|9722|2835|1903|1037|846|774|1426|1204|841|764|1659|1056|4835|2607|4447|2304|1713|1627|1115|924|1190|1224|429|392|3684|1404|47|79|1241|759|1084|731|878|592|434|442|3650|1270|3425|1251|225|395|11400|3411|0|213|4769|2417|49|92|936|723|4444|1850|45|106|323|351|120|242|714|969|5071|3554|15144|3191|5421|1817|3810|1680|1611|790|1821|1040|260|268|86|158|7556|1931|715751|22056|677048|21545|42727|7010|246|341|213|273|31738|6499|77|138|4210|2097|160|279|1271|680|3515|1348|153|250|0|213|1017|768|42|70|85|147|529169|16840|418|400|1567|751|19991|4633|16132|5067|10743|3682|475343|15272|3502|1548|1421|1191|52|86|105152|9728|6029|1770|2018|1061|17585|5078|8965|3270|24466|5654|4071|1524|340|362|18084|4364|384|326|22836|5117|374|348|38703|4250|38317|4331|386|339
03000C2US9|6155595|58973|416439|14396|97500|6251|3198|944|8625|1688|3436|999|4790|1067|75284|6060|35369|3926|34879|3743|5036|1337|2167|734|81092|5011|3277|876|3300|1093|16457|2645|43440|4014|10906|1560|3240|874|472|373|40659|3663|4085|1028|13470|2078|12163|2004|4398|1119|10084|2278|857|725|195248|11051|1055|868|6945|1518|4722|1788|5114|1763|2875|1141|5857|1673|3983|1109|1596|997|1445|538|8808|2414|728|689|13409|2365|17679|2955|44530|5463|1068|540|67636|8969|7798|1882|1940|1174|2353153|35330|747166|18295|527129|16721|373934|14149|54803|5359|98392|5813|55332|5020|162412|8251|2293|1097|491762|18677|46960|7835|10731|2626|245|226|291841|16093|79223|6496|3806|1460|15748|3710|28552|5019|5891|1725|5201|1637|3564|1199|972304|26042|19371|4514|28748|4272|23602|3609|19510|3370|10116|1911|538047|21180|5547|1648|41061|4553|286257|13727|45|77|133735|8904|12109|3975|4259|1680|2813|1899|34558|6136|11806|2477|9944|2322|3285|1060|13253|2581|4362|1567|15313|3543|11449|1912|2034|701|7232|2813|1318|630|8186|2179|165592|12458|58550|8157|4726|2161|22574|4846|14388|4067|5877|4161|2279|1121|2227|943|1839|1006|4640|1558|6743|2371|2100|1445|650|473|3760|1649|233|281|38073|6481|1814|970|25332|5210|6128|2361|2084|1052|2715|1950|15468|2864|15343|2879|125|98|42131|6527|132|209|4671|1605|1183|814|3738|2750|25603|4982|1192|1048|1570|1031|812|567|3230|1812|4627|2122|74784|6591|20663|3097|14922|2962|5741|1373|24992|3660|4836|2057|6028|2385|18265|3919|3145627|43161|3050612|42321|43318|4612|685|451|721|374|16466|2759|120|147|5401|1509|259|318|5025|1892|8604|1776|148|190|311|468|3998|1902|623|536|957|785|2815201|41719|6782|1752|8459|1777|208909|11250|137117|11537|41094|5893|2362166|36000|45680|6464|4096|1452|898|650|192093|13514|17897|2682|5251|1654|31751|5116|9639|2245|42020|5577|15974|3167|1710|713|47327|7827|1813|644|17028|3818|1683|909|95015|5857|94424|5753|591|561
03000H0US3|192482|6487|30105|2823|6834|1124|344|163|912|480|99|94|560|352|4823|966|2050|688|2270|654|503|249|96|83|9433|1413|237|142|88|92|1324|609|6348|1118|1085|386|347|217|4|9|2088|628|594|474|929|396|120|198|0|213|386|211|59|48|11750|1570|214|176|14|27|218|154|595|393|0|213|612|424|259|196|301|265|370|271|64|85|195|214|3293|879|641|302|3444|895|175|160|974|475|381|177|0|213|40730|2739|10642|1762|4742|1095|4057|998|361|247|324|259|1910|754|3984|1075|6|23|12067|1828|195|188|451|549|129|148|8307|1518|837|492|353|289|354|312|1171|763|51|3|73|105|146|167|15382|1880|218|227|48|62|157|123|1350|485|343|187|10319|1652|190|166|1305|603|1452|566|0|213|2122|717|68|83|0|213|19|26|221|170|295|234|208|204|113|118|311|214|0|213|207|354|364|382|110|174|206|336|0|213|517|334|6299|1326|1008|468|0|213|417|357|86|102|27|5|91|114|0|213|338|291|49|61|1407|649|87|123|1099|722|221|330|0|213|588|347|36|62|228|158|315|283|0|213|9|16|1776|847|1510|816|266|343|1345|646|0|213|184|165|26|39|40|69|880|627|59|78|1|2|0|213|155|181|175|290|1352|526|674|318|391|268|283|249|0|213|96|93|215|185|367|256|113996|5296|105366|5108|7807|2020|50|78|6|10|2565|1265|71|75|1587|1063|0|213|2681|1222|618|453|0|213|0|213|62|76|0|213|167|194|87061|4678|93|143|486|438|3980|1069|8574|2390|3227|1256|64131|4683|6007|1799|563|324|0|213|10498|2105|366|308|169|242|1236|512|612|394|3532|1380|1052|556|167|192|1719|670|0|213|1428|1033|217|229|8630|1450|8630|1450|0|213
03000H0US4|264869|9064|24339|2607|5733|1129|145|131|404|260|98|97|233|158|4160|917|1830|593|1935|558|395|337|693|522|6710|1090|121|118|87|108|717|424|5196|930|505|241|14|16|70|127|1403|649|211|355|171|119|192|154|0|213|829|696|0|213|10488|2116|369|233|295|271|171|166|142|95|95|141|1573|1627|91|109|8|13|86|105|142|135|435|425|406|292|549|511|1658|625|237|260|3883|1346|348|170|5|8|47908|3010|8969|1521|4860|1133|4004|1026|349|385|507|347|1144|630|2566|759|399|566|10105|2121|106|156|649|448|0|213|5580|1895|212|319|458|321|2045|780|434|255|545|382|55|79|21|41|26881|2544|3438|1064|220|189|139|184|2460|917|80|149|10582|1893|91|130|4784|1407|5087|1470|0|213|1937|991|207|279|155|203|9|18|37|72|201|236|41|74|100|123|269|258|0|213|592|746|213|217|24|46|35|76|54|67|16|29|19888|3266|8463|2059|0|213|2334|873|1091|562|3477|1973|523|414|397|509|85|56|556|818|834|581|308|385|166|216|346|380|14|23|846|496|59|119|10|3|19|54|562|425|196|206|3734|1266|3687|1273|47|67|2904|1074|0|213|327|293|97|122|510|276|962|667|370|407|0|213|0|213|638|593|3107|1246|4677|1210|903|402|782|361|121|137|0|213|276|238|3454|1087|44|47|168057|6126|160792|5916|13126|2484|39|11|13|27|10262|2450|0|213|1168|621|14|23|1154|641|409|354|0|213|0|213|67|110|0|213|0|213|137294|5600|159|145|493|319|6170|1580|18802|3658|7021|2119|102373|5616|1620|726|417|279|239|332|10372|2231|242|218|606|591|871|334|498|340|3771|1265|1169|1130|116|155|709|368|35|60|1724|841|631|523|7265|1451|7265|1451|0|213
03000H0US5|380837|14700|41828|4856|11056|2788|38|67|1458|693|99|110|207|161|8857|2527|5253|2465|3262|795|342|216|397|567|13123|1924|508|268|416|327|1819|1010|9181|1712|1044|603|97|113|58|100|3486|1095|581|368|1600|645|475|408|52|92|830|641|0|213|14163|3074|299|351|109|101|870|501|312|333|969|1274|1939|1604|564|528|189|278|121|151|385|407|328|424|894|528|1119|649|3423|1149|663|669|1519|843|460|360|0|213|58986|5773|11518|1841|5377|1419|4456|1366|222|203|699|412|1113|467|4903|1388|125|148|16165|3751|103|107|210|237|0|213|11377|3210|660|340|294|255|795|554|2419|1763|0|213|303|366|4|11|26781|3234|856|643|536|412|1422|856|2200|913|485|341|10842|1902|0|213|3319|1827|7121|2246|0|213|4340|1422|0|213|0|213|416|388|19|45|698|415|301|375|0|213|598|493|0|213|70|85|923|622|231|265|477|484|607|915|182|266|11899|2695|3569|1680|0|213|435|388|2203|1599|2|3|66|101|304|305|306|274|253|233|883|699|539|603|35|4|229|348|80|149|937|627|0|213|789|586|148|153|0|213|0|213|1915|834|1915|834|0|213|4156|1737|0|213|1230|1266|0|213|417|415|2033|1131|0|213|57|111|321|402|98|177|439|511|1195|671|605|500|578|496|27|48|0|213|66|126|68|97|456|378|266929|11580|259821|11434|45262|5857|752|580|665|601|15739|2642|71|119|5673|1678|125|140|12216|3823|8047|2619|0|213|0|213|1604|723|13|26|357|379|191288|9267|595|529|1665|842|13889|3153|28511|5488|13985|3690|126977|7129|4503|1962|1163|681|0|213|23271|3906|1444|744|295|295|2184|825|1019|641|5290|1620|1375|655|1318|768|4140|1460|164|231|5322|2933|720|424|7108|1534|6871|1484|237|211
03000H0US7|362679|13332|17919|2214|4603|1052|0|213|166|126|196|197|326|301|3699|998|1117|465|1862|666|720|469|216|165|6980|1240|128|131|255|255|514|314|5140|1130|868|462|50|72|25|47|1986|1046|77|75|444|250|32|54|0|213|1373|1014|60|104|4319|1073|261|276|0|213|114|114|22|42|0|213|188|195|108|115|68|86|141|220|250|304|37|66|420|341|432|344|1609|622|54|97|571|309|44|81|31|57|42468|3897|8625|1835|5662|1611|4525|1377|0|213|1137|812|793|363|2032|588|138|186|10907|2666|87|82|469|324|13|21|4768|1439|1257|933|298|304|514|342|2610|1596|505|433|225|198|161|172|20659|2967|1231|1074|492|466|86|117|890|488|173|267|9974|2345|834|854|1778|638|5201|1487|0|213|1905|640|118|114|29|52|40|59|217|254|88|124|239|244|116|190|120|79|272|292|71|116|457|403|17|3|121|203|0|213|372|309|8681|2088|1699|1096|54|92|307|251|423|401|88|173|14|25|119|187|0|213|694|714|678|541|381|478|242|257|25|42|30|55|825|407|11|20|540|446|0|213|274|266|0|213|1132|495|1132|495|0|213|3413|1655|0|213|105|85|0|213|38|78|2941|1652|78|70|0|213|42|80|209|197|934|899|2116|709|776|419|657|411|119|132|64|130|786|528|326|186|164|140|291495|11352|287248|11215|7697|2324|0|213|49|93|3610|1794|0|213|1496|870|0|213|1276|851|679|450|165|242|0|213|218|227|0|213|204|262|269590|10622|156|84|89|113|8367|2558|9249|3267|5781|1206|243253|9623|1132|568|1563|740|0|213|9961|2087|260|225|825|1091|1141|417|563|479|2281|864|406|246|43|5|1198|646|270|293|2927|1084|47|66|4247|1135|4247|1135|0|213
030C201US1|2141988|29024|350405|12870|59555|5874|1129|542|17946|3316|745|458|2856|1038|35593|4108|18255|2613|14934|2754|2404|748|1286|645|40337|4231|1061|509|2253|864|9872|2206|19489|2896|4296|1284|3231|1050|135|153|106596|6628|12531|2568|27335|2922|59274|4880|11223|1719|7175|1894|281|212|143512|9126|22434|4660|4641|1543|8687|2809|3508|1564|798|629|2759|943|3240|1064|1633|655|1853|809|3293|1522|1036|719|29616|3701|4718|1362|28329|3456|1241|787|16646|2950|9080|2272|405|335|583087|13138|196526|8821|156952|8375|134362|8737|11069|1855|11521|2063|9651|2113|29894|3556|29|65|202339|10257|4415|2494|11905|3208|2748|1293|139116|9483|11382|2961|2392|1186|12871|3143|12138|3347|2635|1614|1729|999|1008|628|123264|8407|1137|487|15726|2760|5171|2470|8929|2692|1773|630|29582|3879|2358|1387|10665|1632|47923|5462|0|213|59947|6706|1049|523|2408|1115|511|397|8125|3564|8019|2856|1541|1102|1070|643|11131|3406|1829|1106|9590|3674|10709|2199|1029|600|1862|1224|1074|642|1011|947|198762|11600|41844|6065|641|659|8188|2950|12660|3152|3738|2111|2815|1745|5712|2835|1317|968|6773|2923|12128|2598|1809|1128|2212|863|3543|1376|4564|1512|31042|5084|1515|836|11364|3886|13124|2879|2241|1269|2798|1953|6307|1552|5928|1432|379|413|98564|8946|43850|7016|18447|3558|747|550|7202|2722|20188|4241|3595|1754|2792|1104|572|525|1171|854|8877|2915|7767|1513|6941|1447|5447|1375|1494|559|226|168|0|213|0|213|600|216|1001967|25215|955986|24552|371402|16132|651|497|3584|1653|6582|1704|2793|1156|182441|11689|267|196|87593|8693|65635|6723|2869|1611|1692|947|12548|2644|1084|736|3663|1562|233438|14674|874|638|5082|1918|60681|7536|91828|12100|20656|4435|40490|4858|6602|2358|2847|1173|4378|2177|351146|15422|6694|1510|4575|2808|157274|12040|7291|3076|63683|7000|53782|8312|9188|3179|28888|5180|2749|1284|15182|3975|1840|1346|45981|4146|45358|4147|623|476
030C201US2|7829326|58705|1053588|23502|140983|8080|3636|1328|32330|3865|2476|897|5782|1473|93880|7204|49481|4961|38349|4167|6050|1606|2879|1143|125350|7214|8178|1545|5990|1325|35110|4024|63642|4924|6851|1715|5039|1273|540|386|209073|9568|40567|4723|106349|6066|37389|4583|381|503|23842|4205|926|514|574775|18616|44248|6653|25288|4100|14185|2665|10688|2294|8653|1935|13589|2761|12482|1994|2694|954|5383|1711|7562|1839|8886|3121|115612|8688|23011|4884|96734|7649|7305|2086|124187|9000|54268|5525|3407|1418|2476167|21162|918749|18775|702103|17017|599265|16144|50261|4497|52577|5082|41246|4310|173996|9743|1404|636|981021|20270|17812|4602|174247|10715|15974|3938|542691|13197|25284|3824|7276|1908|30904|4714|102160|7651|11698|2648|43207|6966|9768|2793|354330|13318|17640|3670|11282|3179|12663|2834|5478|2277|15495|2530|197250|11329|3347|998|14604|2448|76513|7283|58|96|214147|10839|4786|1796|7864|1933|18145|3273|10164|2923|43194|4767|9434|2217|2695|974|14990|2912|6312|2252|18616|3750|45896|5005|3876|1207|20698|5222|7477|2258|7920|2279|466846|22143|59075|7286|2587|1160|13553|3532|18824|4245|5007|1933|4337|1656|4162|1724|3128|1218|7477|2129|21573|5383|6044|2531|6244|3013|4062|1843|5223|1908|109826|11172|10090|2587|60757|7652|23439|4096|9851|5827|5689|1934|18783|3256|17254|3108|1529|1038|237228|15771|674|465|68199|8123|8694|3448|24163|4327|79416|9090|15361|4741|6621|2017|4179|1751|29921|5925|20361|4723|21971|2829|19476|2615|15539|2309|3937|1309|781|906|0|213|72|122|1642|801|3810754|48136|3729676|48233|1636806|38028|3029|931|26046|3985|72137|7368|11791|3276|803548|25635|21617|4418|215690|19053|318596|17435|16293|4515|12932|2835|101806|7757|9139|2541|24182|4228|936319|27844|6921|1784|26918|4568|188058|13560|169687|14730|122895|12854|378404|13740|21912|4289|19894|3108|1630|643|1156551|31381|32324|4935|8870|1705|105331|9976|25852|5374|236571|15254|346675|18483|177407|11047|133339|10828|14544|3096|61714|7658|13924|3267|81078|5294|80371|5255|707|515
030C201US3|3981396|40614|628700|19095|64776|4770|1268|570|9715|1785|1171|530|2574|808|48852|4390|24502|3278|20515|2591|3835|855|1196|686|75999|4831|4102|1091|2310|677|13077|2867|49041|3762|5097|1132|2236|851|136|178|60933|5017|18651|3109|27946|2913|1543|741|287|341|12169|2961|624|371|424390|16394|22783|4221|5527|1625|18988|3182|12411|2475|7229|1911|8701|2142|5591|1664|2038|701|12151|3058|6461|2239|10137|2990|129592|9154|29357|3689|38613|4445|7875|1697|80122|8979|26814|3210|2602|1468|1480126|22375|340842|12447|211418|11988|179790|11055|11868|2705|19760|3256|32859|5059|91871|6386|4694|1904|571221|17828|12478|4337|36684|5291|19395|5048|390185|16230|20998|3882|3784|1365|20329|4322|49194|7307|3785|1739|5220|1660|9169|3707|314850|10624|30124|4124|5729|1450|8350|2305|18635|2502|15600|4197|146897|8386|2899|1072|29806|4438|56765|7212|45|80|238212|14167|2014|1232|3880|1745|274|208|70020|7327|8895|1982|23605|4117|6573|1866|35714|4317|10008|2704|20278|4579|13502|3034|5966|1494|34940|5700|2543|982|15001|3263|310403|17441|80761|9813|5239|2560|13309|3217|17208|3697|13556|2985|4834|1969|5261|1559|3904|2019|17450|5822|34608|7253|9577|3434|14724|4954|7701|2660|2606|1424|43357|5056|7499|2426|16282|3081|10751|3194|5737|2014|3088|1319|10987|2502|10672|2439|315|345|127177|12169|0|213|21327|3739|1572|1147|5147|2383|71033|9583|3415|1534|3781|2367|6672|2256|14230|3812|13513|3432|11800|2072|8620|1562|6778|1401|1842|681|164|268|766|100|723|224|1527|896|1550367|27860|1480407|26258|121046|9053|997|692|1038|720|26490|4157|788|512|23056|4121|1847|1857|40801|7511|20022|3058|637|459|598|471|3475|1643|112|186|1185|649|1105150|24649|3497|1420|3300|1058|30872|5010|67436|7438|46207|7428|920977|23161|28442|5915|4061|1110|358|262|254211|16847|13799|3463|3953|1978|29115|4289|6627|2109|59823|8441|40113|7189|2598|1069|20132|3388|2114|1082|73639|11207|2298|1582|69960|5338|69769|5335|191|226
030C201US4|1366498|29073|130056|8548|23560|2919|953|729|2092|825|594|399|1886|739|16970|2330|8161|1572|7229|1375|1580|842|1065|693|26543|3723|1079|492|830|603|3279|924|19081|3232|1775|673|431|352|68|112|8543|1736|1555|815|2647|757|1392|995|107|136|2840|967|109|126|70132|7222|2012|918|3965|1463|17532|3675|2343|1481|2333|1100|3031|1738|531|486|380|279|203|186|1791|828|1361|1638|2934|745|1914|616|10704|1787|1311|890|14130|2752|3657|1085|1278|1942|460745|11721|97236|6021|59713|4427|49677|4172|2871|905|7165|1532|7351|1706|29634|3322|538|545|144515|8435|9845|3504|8721|2393|3178|1996|91018|7061|5843|1640|619|346|10576|2388|9266|2473|2437|981|1421|1067|1591|1220|179232|7825|21810|4069|6898|1610|2525|1139|27463|3174|3619|1088|44534|4600|390|283|26059|3078|45783|4137|151|152|37558|5561|207|279|913|715|666|545|8061|2481|2075|739|2697|1172|2545|1207|2676|1115|5061|2092|5966|3220|4683|1659|1503|761|107|142|398|352|2204|1402|251360|13615|137676|11298|3915|2197|42161|6637|25694|3639|44206|6492|5515|3214|2706|1202|1743|973|11736|4933|18645|4496|9354|3627|2735|1367|6364|2193|192|226|16417|3728|1592|1110|4039|1809|1988|1035|6964|2742|1834|939|5727|1924|5558|1914|169|217|65985|7850|295|492|9529|3074|1287|831|15987|4040|20370|3855|725|553|4074|1812|5690|2385|8028|3136|6910|2350|10128|2484|2338|774|1787|677|551|421|387|585|1905|1340|4822|1932|676|366|514209|15521|491763|15267|45178|6272|390|293|232|221|24645|5004|0|213|4466|1431|63|90|7140|2568|6336|2204|157|263|81|148|766|480|363|346|539|549|367396|12861|1025|784|872|342|24450|4012|43041|6397|28410|4869|259528|11601|7506|2669|2503|1028|61|100|79189|8199|4076|1255|511|390|10034|2438|1800|1079|13810|2631|15899|4278|3736|1150|6393|2056|639|384|21318|5415|973|616|22446|3504|22446|3504|0|213
030C201US5|9889814|76150|831422|22755|184802|9588|5754|2079|15314|2644|3835|1284|10665|2358|142155|7780|69645|5396|60433|4561|12077|2191|7079|2095|180356|9284|6541|1438|9438|2772|36314|4571|104554|5779|15606|2835|7282|2197|621|469|120758|7426|20596|2771|46444|4593|15395|2529|857|500|37504|5748|819|482|342710|15299|13852|3205|9606|2097|15618|3247|14545|2782|5777|1727|15075|2794|13459|3078|4737|1423|7719|2865|7762|1837|3534|1549|39503|4842|28458|3753|68440|7149|7829|2423|67033|8344|19763|3572|2796|1333|2104842|27845|515891|16329|302576|13107|245895|11855|20701|2486|35980|3700|39313|4312|169543|8813|4459|1717|821286|24596|48995|6879|56597|7695|2527|1696|513763|19294|50196|6029|8620|2189|37452|5673|79126|8678|11370|2605|8617|2128|4023|1550|566497|20178|21547|4585|16707|2790|11745|2283|16926|3362|9227|2015|243162|12727|4526|1225|34687|4059|207970|12299|0|213|187008|14337|2780|1474|2528|961|3890|1994|22001|6232|27938|3622|12408|2442|6517|1786|20068|2995|12108|3405|17445|6953|45271|7117|4728|1316|3634|1635|5692|1660|14160|6145|688051|26198|205300|16640|12638|3933|110331|12405|30228|5324|7098|1960|8725|2565|9111|3263|6463|2110|20706|5200|57797|7997|34994|5746|5404|3032|12244|3968|5155|2757|92765|9771|5208|1766|39604|6111|26504|4351|12964|3954|8485|2707|34788|4703|32908|4542|1880|1442|277189|15595|2190|1523|62399|7514|9839|2968|18065|4302|116275|10567|9158|3107|23809|5390|13717|4119|21737|4437|20212|5501|27293|3471|23232|2955|18687|2812|4545|1088|255|280|66|126|886|803|2854|1069|6238206|57784|6072377|57930|2397905|37825|27642|4923|11622|2435|1189200|25692|9416|2812|199812|11821|4317|1504|450557|20910|380555|20796|6651|1858|3737|1503|78619|8509|5610|2013|30167|4737|1965170|39227|8060|2428|34039|5067|378194|22357|319524|20428|288482|18990|740031|25593|152084|13272|42761|5376|1995|1489|1709302|37509|78986|5810|45366|5825|223424|15810|39705|5634|492820|19507|91063|7659|61028|7572|169042|12032|23348|4887|475528|24861|8992|2276|165829|8250|163443|8397|2386|1035
030C201US6|845660|24238|72227|5419|13259|2204|576|605|1145|549|49|75|524|333|10823|2017|4460|1352|5510|1206|853|546|142|170|22607|2433|683|499|318|367|2968|1214|16660|2167|1392|1058|586|439|0|213|4901|1513|514|357|2481|1312|51|75|0|213|1725|902|130|218|31388|4289|1499|1268|253|231|7299|3175|1775|1055|635|449|714|464|380|304|183|193|197|310|904|834|264|466|1426|681|2823|1247|3792|1152|481|441|8288|2897|475|287|72|116|241090|9288|65325|5011|28665|3784|24055|3346|547|377|4063|1221|10134|2233|26181|2766|345|549|82634|7292|3951|2984|6188|2041|2457|1362|49123|4721|5083|1806|316|270|5959|1774|7580|2159|845|696|785|963|347|511|68159|6323|5099|2162|3040|1351|1656|1033|3150|1098|1652|819|27102|4613|395|373|5156|1852|20909|3360|0|213|22130|4052|390|528|123|143|258|335|5577|1953|1245|1087|3418|1496|378|399|2677|1344|628|391|1427|800|1867|1030|1421|788|2173|1097|548|432|2842|1514|94881|12962|26358|6515|189|304|4713|1869|5937|2116|1136|993|1997|1366|2709|1632|2091|1628|7586|4653|17231|7542|7558|5798|5323|3381|3327|1948|1023|971|19843|6135|194|255|13930|5447|1661|1301|3739|2239|319|333|4017|1311|3780|1351|237|407|24181|4036|0|213|4495|1523|1449|1165|1090|664|8903|2390|2609|1538|496|473|484|499|4655|1846|3251|1791|4441|1863|2040|784|1502|661|538|402|344|399|0|213|1091|1385|966|966|433021|15064|419392|14956|65936|6781|796|473|517|495|41703|5671|682|783|5270|1683|59|101|5577|2522|7570|2380|0|213|0|213|2363|1071|253|420|1146|953|283897|14585|252|239|1896|1151|13737|3400|59562|8257|42561|9665|157073|9044|6180|2524|2636|921|0|213|69559|8598|1146|784|437|475|7874|2371|1726|856|15184|3719|3108|1613|1757|1592|6081|1924|318|270|31705|7071|223|205|13629|2141|13312|2055|317|477
030C201US7|5809897|63264|230147|9461|58548|4527|751|411|4385|1423|1276|595|2424|718|48305|4139|23490|2775|20382|2768|4433|1592|1407|644|61603|4828|1576|571|3777|1199|11371|1689|38028|4108|4858|1309|1753|804|240|212|29112|4317|2974|974|9055|1764|1990|1138|629|744|14997|3507|96|113|80773|6623|1297|723|1316|592|3485|1799|2695|1098|2803|1283|2245|1003|2885|985|1333|660|1793|1101|2875|1660|1113|1057|8129|1753|7560|2276|21661|3478|1495|769|12645|2814|5443|1916|111|130|1495335|25099|274147|13759|178751|10755|130136|9549|11712|1765|36903|4258|22118|4144|72726|6572|552|508|642188|22713|28182|7147|22440|4067|512|421|433431|20715|31639|4029|3375|1511|38731|6655|71575|8159|8088|2681|1055|704|3160|1201|451091|14837|14640|3199|9980|2337|10145|2425|11951|2509|9911|2362|129960|10561|7129|2541|20719|3313|236586|13090|70|115|121602|12976|1628|1051|4690|2719|2531|1901|24936|7982|9811|3891|13061|3151|6733|2490|11335|2752|10298|3410|7093|2409|17813|4569|7645|2229|1470|1303|2558|1105|6307|2743|364368|24200|84409|11038|4704|1915|28145|8216|25357|5415|2870|1697|5468|3119|4013|1609|6715|2568|7137|2470|39463|7587|17564|4614|9794|4673|9558|3628|2547|1757|34828|5706|4361|2229|16354|3373|3551|1508|8909|3647|1653|742|20032|4187|19420|4056|612|468|171038|15501|191|325|12910|3334|4996|2353|3652|1660|136894|13911|2900|2011|1858|1123|2290|1469|5347|1892|14598|5263|19880|2659|9007|1938|7393|1813|1614|618|144|159|5647|1052|3385|1306|1697|799|3700167|47490|3639015|47438|248973|15344|2587|1258|1296|812|165940|13999|2355|1157|27012|5576|245|218|9229|3396|22736|4492|2156|993|201|314|12061|3382|790|745|2365|1123|2998044|42286|4821|2137|9412|2357|241392|16350|127149|13893|278289|19741|2271177|38577|52957|8506|9832|2271|3015|3810|391998|24032|15629|4001|6558|2680|43324|6615|12619|3585|80252|9042|13345|3476|5056|1490|26205|5179|3668|2261|181309|18151|4033|2306|61152|8238|60726|8215|426|260
030C201US8|2760208|44357|244172|10578|61786|4415|1959|814|5312|1443|2001|877|2900|1044|47940|4105|21574|2807|22199|2910|4167|995|1674|674|63009|4941|2135|708|1540|708|10853|2295|40552|3879|4729|1120|3200|1089|0|213|21268|2727|2928|1283|11631|2216|1161|691|0|213|5401|1371|147|143|97822|7594|3925|2678|3066|1328|7209|1420|4912|1488|1798|802|3038|939|6430|1664|814|525|929|443|2358|1125|1546|985|12825|2645|11439|2776|17005|2715|1810|1009|13420|2877|5298|1495|287|251|679443|15836|182884|11110|108579|8963|79617|8260|11226|2589|17736|2485|16248|2523|56868|6151|1189|811|162635|9826|9213|3330|5225|1494|1002|743|102860|8329|18152|3110|1264|705|11098|3566|5959|2082|1710|731|3645|2144|2507|1223|278993|12479|6639|2412|5871|1539|6268|1999|6418|2016|3123|1051|170305|10924|2361|1040|19561|4144|58402|6595|45|72|52992|6940|2086|1114|1602|959|1299|711|17110|5036|6715|1720|2972|1316|1784|787|4472|1645|3446|1601|4547|2293|4842|1363|945|591|59|106|1113|655|1939|872|143657|10498|63281|8209|4109|2178|25121|5193|6604|2251|4406|2092|5439|2426|2342|1378|3038|1373|12222|3657|17045|3867|4259|2638|4654|1677|7296|2623|836|444|13720|4372|525|421|4365|1420|1665|898|6353|4015|812|608|10624|2408|10042|2293|582|620|29984|5975|259|426|8651|2747|1874|1598|2059|1187|9527|2586|1915|1619|95|125|840|718|4764|3244|9003|4306|30395|4590|12750|3131|9439|2832|3311|1063|1950|1094|555|493|2987|1746|12153|2712|1662541|36134|1586990|35343|103689|9571|651|480|947|624|71150|8621|77|138|11066|3420|233|296|5493|2489|9315|2845|312|354|235|285|2830|1246|42|70|1338|934|1274832|28607|1198|666|4692|2025|61676|7214|48910|7071|24960|5298|1114904|26126|14274|4470|4166|1842|52|86|208469|12465|13845|2972|4097|1532|36173|5828|12396|3286|46468|7340|11688|3112|1010|581|30031|4639|1123|644|50575|8918|1063|743|75551|6104|75138|6118|413|338
030C201US9|12387071|62271|861745|17166|187296|7822|6328|1351|18772|2461|5250|1202|10263|1713|142810|7316|72956|5504|61136|4230|8718|1603|3873|1228|168220|7407|8125|1581|8084|1829|40678|3790|83719|5101|17774|2077|9019|1963|821|480|82490|5422|10379|1867|31439|3015|17334|2430|5003|1206|21367|3728|1971|898|420905|15097|2574|1507|14920|2669|10552|2434|11342|2494|7751|1921|10279|2247|9983|1947|4734|1494|3673|1279|13713|2400|1778|1033|26046|3519|34467|3891|106337|8096|4099|1196|138516|13362|20141|2921|2834|1303|5278258|35984|1707998|27114|1173694|25322|854769|21844|117569|7245|201356|8689|145807|7839|382451|12779|6046|2037|1251568|29096|95317|11882|25087|4492|557|450|752340|22841|237895|11833|15246|5070|31014|5347|63607|8218|11854|2669|13294|4199|5357|1576|1948654|29414|31905|5027|62254|5784|43842|4349|49624|5277|20723|2806|1041948|23460|14295|2267|84702|6421|599268|18705|93|113|354358|14974|97473|9300|8393|2145|6997|2712|52936|8191|38243|4298|18479|3631|7165|1514|28919|3737|8462|2065|33034|5631|31760|4383|4727|1341|13933|3543|3837|1295|15680|2946|333444|15823|127370|10480|10739|3197|51374|6454|27527|5098|15122|5267|4569|1394|5481|1468|3451|1592|9107|2038|14631|3876|5760|2622|1305|860|6109|2338|1457|814|75355|7846|4484|1720|49961|6246|11314|2895|3805|1284|5791|2204|32188|3575|31826|3601|362|221|76695|8194|132|209|9058|2164|2166|1124|4601|2940|47264|6609|2163|1195|2270|1139|1619|992|7422|2819|7205|2538|141115|9496|42396|4231|31998|4070|10398|1799|37730|3784|8386|2835|19492|5006|33111|5869|5772509|50949|5602137|48584|89704|7806|1090|617|1024|473|32547|5160|386|274|11227|2818|459|402|12135|3098|21067|3410|198|220|715|583|5581|2029|1000|685|2275|960|5121139|45026|16951|3798|14200|2481|467557|15885|355729|18570|83284|9100|4085744|40863|87410|9205|8815|2026|1449|828|391294|16468|31592|4032|11559|2163|68830|6359|21659|3293|96872|9494|29046|3651|3813|1131|86027|10148|3182|1060|34517|5309|4197|2100|170372|8866|169660|8731|712|564
030C243US1|133520|8441|45204|4820|14051|2209|154|153|1675|803|295|227|437|222|11065|2009|4187|1275|5350|1290|1528|895|425|286|9546|1524|418|233|302|302|2171|883|5328|1161|750|357|577|337|0|213|8262|1888|269|194|1957|703|4950|1518|2275|1284|1086|845|0|213|13233|3160|366|376|140|113|257|414|390|298|113|190|1046|633|608|368|191|173|379|365|1586|2417|194|340|2824|1014|1011|847|2239|983|17|29|1583|545|289|210|112|133|36433|3283|15709|2690|10648|2485|9469|2473|439|375|740|407|1231|498|3830|1113|0|213|10678|2313|0|213|64|90|0|213|7435|2075|471|349|259|203|1387|895|455|417|290|225|317|236|0|213|7519|1553|13|23|280|380|682|587|326|226|32|55|2857|899|71|107|931|459|2327|1041|0|213|2507|905|29|49|54|89|122|173|236|382|274|204|72|87|0|213|684|543|308|412|208|190|471|330|49|73|0|213|0|213|20|34|8223|1976|2864|1195|0|213|395|317|326|480|0|213|355|299|988|823|127|124|673|620|459|361|166|221|6|15|80|147|207|215|1607|1084|105|125|844|924|192|239|214|509|252|408|1131|367|1119|368|12|21|2162|1072|50|86|900|847|0|213|0|213|983|747|187|316|18|32|0|213|24|46|0|213|1469|660|1225|534|881|435|344|243|0|213|0|213|0|213|244|375|42191|4637|27134|3982|6980|1867|494|691|0|213|804|425|86|104|1926|1018|0|213|1555|984|1857|961|0|213|0|213|153|168|0|213|105|133|6871|1698|0|213|241|202|752|559|1839|945|315|222|2966|1131|358|410|400|282|0|213|13283|3114|928|805|324|450|4753|1942|96|160|1630|845|1401|904|880|816|2522|1548|446|433|219|199|84|98|15057|2358|15016|2360|41|49
030C243US2|259155|12106|73735|4404|16570|1947|523|356|2461|922|198|154|533|253|12700|1669|5826|1384|5848|1098|1026|355|155|157|15705|1770|860|495|412|250|2023|645|9884|1324|1747|504|779|422|0|213|12913|2025|1715|679|6953|1325|2382|1340|30|52|1852|824|11|19|28496|2864|389|327|984|614|531|416|621|393|776|725|1361|636|1022|534|577|481|345|281|501|374|425|340|8028|1782|1703|710|4129|1063|299|260|5202|1241|1603|714|51|83|67681|5814|22153|2587|14833|2230|12635|2121|534|302|1664|673|1365|497|5955|1335|0|213|24525|3519|419|513|1484|851|978|704|14933|2845|621|252|718|398|678|523|2774|1170|934|696|414|475|572|628|13772|1930|195|208|116|151|475|245|9|17|180|130|8788|1587|100|131|1378|633|2531|825|0|213|6945|2729|471|465|288|486|562|385|314|253|1235|528|655|614|182|165|283|199|134|101|437|334|2027|2222|76|102|0|213|281|260|286|331|9161|2101|2385|1203|0|213|176|219|913|829|0|213|89|156|64|5|894|819|249|209|563|538|115|194|38|5|0|213|410|493|2497|1077|10|17|1714|948|432|423|0|213|341|280|1258|700|1258|700|0|213|2386|971|0|213|353|316|0|213|201|254|1227|764|0|213|169|226|165|255|271|185|72|102|2283|697|2121|677|1930|684|191|131|0|213|128|232|0|213|34|34|106295|9036|93890|8746|28009|5028|59|101|486|468|1936|1015|65|41|10359|4230|89|121|2185|1187|8277|2107|63|111|137|204|2668|1057|749|975|936|626|39871|4891|51|54|1023|653|3305|1397|7684|3506|3269|1344|23140|3070|707|489|681|523|11|20|26010|3881|1566|916|127|131|3635|975|1041|886|3671|1092|8128|2975|2078|861|1559|543|1848|1347|1217|613|1140|597|12405|1793|12372|1790|33|58
030C243US3|224070|9480|47657|3975|9323|1498|514|247|886|435|111|97|775|519|6775|1344|2611|857|3591|878|573|290|262|166|12975|1470|535|248|275|171|1072|429|9438|1352|1263|365|388|232|4|9|3833|900|966|524|1894|685|168|213|0|213|746|383|59|48|21478|2983|456|335|331|270|494|390|443|367|661|324|633|372|531|314|251|204|391|281|159|191|530|472|5540|1402|1510|693|4840|1306|691|315|2498|941|1519|853|48|77|58639|4877|16642|2374|9481|1731|8215|1693|304|229|962|465|1590|729|5532|1477|39|66|15732|2871|97|140|160|143|420|386|10969|2291|1469|793|586|454|607|446|1152|773|242|301|0|213|30|57|20874|3098|325|303|1070|1346|317|169|2226|1040|588|327|11365|1975|233|206|2323|634|2427|912|0|213|4981|1402|135|119|141|232|9|17|979|565|948|879|372|349|89|96|1102|455|0|213|385|582|237|186|110|174|240|402|234|343|410|392|10041|3163|3209|1366|0|213|1093|704|1090|628|283|414|251|243|0|213|407|330|85|103|415|280|29|44|287|238|99|123|0|213|762|244|36|62|473|209|217|148|0|213|36|47|1781|835|1698|841|83|104|3821|2178|0|213|36|69|20|33|151|143|2993|2105|45|50|1|2|202|347|373|398|53|81|1682|622|964|478|754|457|210|162|0|213|51|94|443|297|224|198|106051|6774|92378|6403|6014|1692|317|316|367|616|2156|1051|35|4|810|537|0|213|912|522|1281|1123|0|213|41|72|43|57|0|213|52|73|73381|5715|13|22|775|508|2210|801|3831|1011|3580|1434|59942|5202|2362|795|645|449|23|44|12983|2275|290|266|521|494|3177|1498|429|296|2232|686|936|495|162|142|2199|679|198|213|2556|1361|283|238|13673|1770|13578|1769|95|118
030C243US4|162708|7509|24267|2055|5386|720|235|197|272|185|113|79|270|203|4333|780|1651|510|2361|570|321|251|163|125|7433|1207|103|89|38|42|294|241|5236|881|514|241|1178|864|70|127|1755|773|164|149|346|167|263|148|0|213|982|713|0|213|9688|1795|62|105|401|283|687|358|135|104|46|98|269|215|328|274|8|13|0|213|260|234|137|207|499|267|849|671|1901|610|26|28|3625|1237|455|247|5|8|33350|3555|8528|1632|3956|1116|3294|1078|311|292|351|220|976|528|3570|1028|26|45|6513|1722|106|156|293|375|0|213|4016|1430|58|51|512|337|591|506|474|305|211|154|55|79|197|235|17322|2414|1423|984|469|334|144|203|2606|842|155|197|8132|1468|27|66|2251|704|2115|726|0|213|971|449|0|213|127|191|22|36|52|77|201|236|0|213|39|49|168|134|37|61|0|213|188|191|24|46|83|133|30|49|16|29|10949|2478|3531|1515|0|213|1436|990|955|567|321|363|573|756|29|50|2|12|215|199|114|184|0|213|0|213|114|184|0|213|407|275|59|119|58|106|30|58|213|218|47|79|3414|1033|3390|1024|24|46|2357|1298|0|213|87|94|112|123|621|478|609|431|0|213|8|15|694|1080|226|257|1126|805|3303|813|874|333|874|333|0|213|0|213|541|605|1778|497|110|85|90839|5904|83724|5882|5753|1576|154|171|0|213|2863|1159|0|213|1035|532|0|213|1380|805|199|194|0|213|44|78|67|110|0|213|11|20|68790|4856|126|117|521|315|1531|531|7513|1598|1812|836|55343|4644|1271|531|434|269|239|332|9181|1761|415|370|635|596|1061|502|423|334|3796|1167|504|300|155|171|1014|563|144|142|655|376|379|329|7115|1077|7115|1077|0|213
030C243US5|811761|21167|109291|7289|29026|3969|261|205|2091|811|335|301|542|299|24975|3698|10768|2565|12206|2466|2001|693|822|673|29655|2868|637|341|812|441|4203|1423|21336|2551|1897|661|675|346|95|117|10143|1913|1323|651|3897|1108|2345|991|122|143|2457|1055|121|145|40185|4714|217|225|1366|764|1653|1048|2075|1195|151|180|1763|898|1221|694|219|210|307|241|2793|1498|614|531|3369|1348|4036|1515|9191|1924|396|327|9755|2917|1059|534|282|254|153653|10313|37342|4915|20511|4046|16282|3725|1328|758|2901|1268|2576|865|14074|2494|181|182|54430|6692|433|382|909|641|0|213|40209|5300|3865|1182|542|346|1431|879|3659|1621|1075|967|411|378|1896|1871|52931|4967|1562|1011|2720|1201|1052|542|5237|1764|1391|613|23372|2970|485|294|5759|1436|11353|2691|0|213|8061|2620|0|213|232|403|417|391|148|196|1549|976|857|500|44|73|742|409|121|160|1708|1898|1505|722|341|356|364|442|33|56|889|549|31193|4723|8199|2625|0|213|1081|744|4992|2347|0|213|149|152|357|359|647|441|973|466|1578|1006|665|685|287|410|469|438|157|188|6100|1914|243|291|2907|1480|1558|686|890|731|502|523|3155|906|3137|900|18|35|10874|3126|58|99|2160|1294|599|596|450|412|6413|2397|100|175|725|784|284|294|85|143|1287|882|3586|1294|2912|1142|2787|1138|125|124|0|213|0|213|53|92|621|487|514038|18729|489207|19432|93200|8957|1296|846|947|600|38938|6582|100|177|12157|2686|275|233|16081|4149|16882|3685|352|429|278|308|3355|913|395|304|2144|1029|303302|13829|1330|894|2132|1004|28799|4415|29088|4573|22900|3920|208707|11757|6648|2394|3698|1697|0|213|92705|10179|5058|1688|1192|697|18540|6344|2360|792|22508|4934|2702|1065|4121|1357|11236|2385|641|462|23563|6348|784|556|24831|3096|24239|3038|592|527
030C243US7|643852|22142|40048|4357|11228|2369|143|219|243|149|203|206|1120|1141|8861|1996|3831|1508|3601|982|1429|818|658|577|13930|2137|202|167|651|483|1216|876|9620|1598|1983|1208|233|231|25|47|2644|964|322|291|844|363|600|656|0|213|818|503|60|104|11950|2627|423|332|0|213|315|353|981|1149|160|219|848|465|173|140|31|51|495|418|1020|821|37|66|1084|572|1130|730|2720|1025|366|403|1848|975|319|233|296|290|104827|9082|16677|3239|8600|2230|7448|2179|247|227|905|441|2625|1314|5181|1305|271|269|42990|6704|594|644|1401|1558|13|21|28181|5746|2212|1229|321|263|1964|1228|6839|2904|1008|800|380|499|77|132|38120|4695|1714|1128|814|439|554|350|2446|920|629|478|17843|3792|124|139|2423|861|11573|2476|0|213|6885|2230|0|213|29|52|131|167|1978|1530|1005|607|330|285|86|146|694|611|498|415|378|360|761|584|798|907|94|158|103|140|155|124|20479|4670|6563|2699|366|497|1321|849|1512|1091|293|368|14|25|147|171|534|546|2376|2393|203|249|148|244|0|213|25|42|30|55|1471|957|11|20|775|483|514|841|171|215|0|213|2393|594|2223|576|170|174|8986|3474|0|213|1220|903|0|213|72|117|7032|2742|38|13|0|213|0|213|624|795|863|1046|2706|837|1373|562|1337|562|36|35|89|135|876|532|235|244|133|134|475792|18742|466640|18825|15778|3681|705|716|104|167|6568|2225|63|118|2616|1847|0|213|1177|746|3261|1781|0|213|180|300|574|405|45|78|485|418|422175|18336|660|452|1580|1075|20967|5793|10948|3143|16812|4264|367432|17554|2050|698|1726|824|0|213|28687|5589|1354|1254|1130|1329|7015|3982|737|489|6512|2272|1629|818|59|32|1936|819|293|475|7348|3114|674|868|9152|2138|9152|2138|0|213
030C243US9|550566|19212|60246|5376|15760|2344|548|299|1173|637|370|206|809|430|11894|2154|4048|1072|6743|1654|1103|541|966|481|17784|2544|441|215|716|741|3051|1102|9652|1485|2834|888|1059|464|31|51|7176|1648|655|318|1914|810|3722|1228|1253|627|850|488|35|59|19470|3596|178|288|247|213|259|273|682|424|210|244|1149|776|421|261|260|185|167|204|2000|1458|53|64|1100|584|1030|449|3880|1466|331|366|6792|1973|711|383|56|84|137315|9796|33434|4982|19526|3886|14246|3563|1273|424|4007|1151|4638|1318|9197|2321|73|112|43345|7074|1434|946|2141|1299|0|213|30630|6190|4450|1253|1143|924|650|465|1757|1036|0|213|597|511|543|372|52447|4408|321|307|1292|497|975|489|1583|791|310|184|35992|4188|490|310|5004|1870|6480|1299|0|213|7729|2240|344|463|55|99|49|80|1308|957|1363|734|512|428|61|101|1865|1354|266|334|795|614|939|488|19|31|87|105|66|116|360|299|12121|2830|4564|1865|43|92|1075|1158|1572|925|43|53|436|376|339|333|36|71|1020|915|203|184|137|162|0|213|39|65|27|45|1548|778|99|161|908|666|371|319|109|135|61|82|1832|832|1786|839|46|78|2457|1371|0|213|517|819|0|213|102|126|1342|998|0|213|397|589|99|170|0|213|1517|1388|9060|2418|2779|859|2108|747|671|495|1582|910|1617|1495|1251|686|1831|889|331824|16853|309543|16786|4171|1375|183|300|113|186|1051|554|0|213|1395|999|0|213|114|122|502|319|0|213|0|213|648|586|149|246|16|30|291880|16517|202|197|357|347|8040|2703|9819|3299|1395|602|270541|15134|1337|786|189|172|0|213|13492|2450|976|517|442|345|2845|1082|1440|1165|2298|815|1173|578|0|213|2758|856|158|275|1402|887|0|213|22281|2806|22178|2801|103|118
0400000US04|1017951|21246|81375|6254|21925|2737|935|629|1710|664|532|410|964|524|16977|2336|8358|1597|7465|1614|1154|490|807|505|18259|2412|321|198|597|493|2440|884|12697|2000|1824|581|380|241|0|237|6467|1544|735|447|4181|1231|454|581|0|237|939|654|158|156|34724|4487|1326|1216|274|375|2569|956|577|524|1068|721|906|564|2884|1241|151|189|138|156|901|650|1095|888|6356|1949|7431|2563|3315|1088|764|575|3197|1563|1772|1053|0|237|232123|8493|58207|5015|34064|3862|21743|3464|4348|1906|7973|1985|5694|1516|18449|3607|0|237|72451|6351|3369|2316|1900|886|117|197|52573|6590|8699|2401|65|109|992|808|2000|1042|307|372|1492|1706|937|798|74485|7088|1550|977|2761|1198|2282|1168|308|278|1533|743|40785|5893|1149|910|3749|1036|20368|4120|0|237|26359|5267|85|141|467|523|133|145|12484|4753|1878|1048|1138|989|783|531|2459|962|2289|1352|1547|785|2077|824|328|298|59|106|632|566|621|566|56453|6996|21412|4966|1156|1087|6892|3699|3060|1556|778|514|1916|1816|1029|805|903|767|5678|2560|6306|3112|2228|2272|1140|853|2619|1752|319|351|5967|2850|126|154|2294|1128|322|302|2849|2488|376|329|5277|2080|4920|1961|357|474|11678|3118|0|237|1199|1018|401|563|1480|1054|6451|2561|425|375|296|346|367|542|1059|1056|5813|3666|5055|1717|2914|1463|2126|1357|788|371|287|250|361|448|609|465|884|421|642945|19153|603241|18127|32750|5312|258|343|156|232|20386|4453|0|237|4541|2537|160|279|2344|1925|3057|1252|0|237|235|285|886|500|64|141|663|730|538867|16224|357|353|1898|1377|11023|2730|13495|3142|4419|2168|502830|16234|3387|1527|1458|807|0|237|31624|5520|2511|990|414|710|6835|2286|1147|728|8514|3112|1361|607|259|244|4074|1593|460|433|5441|2414|608|570|39704|4855|39604|4858|100|125
0400000US06|10902022|63747|676271|16714|158154|6851|4629|1170|16475|2423|4087|1085|8163|1485|121700|6010|61571|4577|52559|3633|7570|1547|3100|1162|136787|7235|6814|1438|6901|1804|37103|3592|63508|4622|14987|1949|6801|1493|673|455|76688|5230|9377|1742|28826|3015|19547|2600|6094|1276|17087|3464|1851|912|301988|13276|1443|821|10846|2319|5537|1698|9006|2205|7365|1869|8869|2078|8506|1772|3457|1254|3341|1185|7466|1683|1448|940|21726|3117|23518|3122|85962|7546|3333|1077|83912|9648|16253|2534|2654|1279|4443226|34813|1417944|25367|1003970|23840|720261|20648|102667|6664|181042|8089|100352|6483|308807|11838|4815|1845|1072518|26225|76546|9670|21007|3956|307|246|626214|19614|229727|12056|13401|5090|26027|5088|56214|7007|10020|2609|9418|3509|3637|1449|1616823|23815|27105|4726|49367|5035|35577|4182|40634|4999|16031|2362|855575|20016|10983|2162|67971|5968|513532|17274|48|80|321863|14202|96600|9294|5758|1631|5634|2355|43686|6626|35137|3956|14933|3374|5969|1519|28865|3790|7153|2036|30480|5594|26351|4192|4419|1310|13235|3508|3643|1221|14078|2903|233377|13468|68978|6823|7369|2433|29771|4796|12164|3439|3692|1939|3653|1301|4182|1235|2193|1157|5954|1554|8557|2645|4315|2151|544|423|2532|1462|1166|655|66385|7366|4142|1760|46372|6013|9696|2676|2890|1034|3285|1290|24303|2684|24001|2714|302|198|59999|7599|132|209|8401|2214|1344|887|3171|2613|40970|6806|1078|554|2381|1282|762|655|1760|1177|5155|2096|83027|6482|32009|3778|25257|3462|6752|1587|36138|3980|567|347|95|156|14218|3128|5466121|48444|5338386|47433|69899|6102|739|502|928|434|25475|3334|266|205|7929|2111|422|393|9270|2931|17002|3273|198|220|550|542|4192|1194|1149|734|1779|836|4939356|45779|14946|3631|12790|2480|456336|15963|335349|17539|73526|7930|3954869|40183|82585|9094|7686|1839|1269|777|329131|15165|28284|3676|11061|2248|53481|5261|17098|2985|84662|9138|24272|3510|2522|1015|78279|8988|3004|1027|22879|3666|3589|2031|127735|7039|127361|7035|374|249
0400000US08|628683|19658|84053|6832|21115|2639|396|247|1766|1117|498|308|1392|678|16750|2443|7186|1457|7773|1904|1791|628|313|310|26086|3264|1198|507|492|333|5183|2078|15934|2469|1713|767|1566|836|0|224|4336|1028|328|319|2749|855|238|242|0|224|1021|500|0|224|32443|4863|1205|1835|2297|1355|1405|794|2594|1490|209|212|1598|846|913|339|503|429|411|318|732|575|43|69|2936|977|2267|1247|8366|1985|165|195|5022|1609|1777|1045|73|116|142459|6317|44191|4091|24379|3279|19422|2910|1573|726|3384|1107|4236|1246|15011|2242|565|484|46075|4661|3852|1866|641|469|1138|894|26746|3836|2746|1145|945|668|5160|1977|1894|1030|557|394|1304|912|1092|796|39866|3634|1410|840|1422|1032|2198|935|2576|1502|826|617|12907|2306|392|340|4660|1482|13430|2590|45|72|12070|2883|521|542|570|701|445|372|1459|976|2782|1383|679|558|774|626|884|461|575|500|912|664|1651|973|156|154|0|224|662|562|257|339|51195|7014|22371|5077|2253|1885|9551|2478|2043|1098|2538|1917|27|46|500|468|1687|1114|3772|2306|4881|1963|1183|1117|1486|1244|1979|1255|233|255|5807|3279|147|244|1166|591|1307|779|2770|3202|417|494|4340|1377|4340|1377|0|224|13264|4447|0|224|5633|2294|1175|1405|243|389|1734|959|1536|1583|0|224|313|380|2630|2248|532|544|10353|3495|6825|2543|5689|2392|1136|591|687|780|41|70|2165|1694|635|440|340623|15833|325229|15876|18416|4075|339|337|142|238|9177|3427|77|138|1899|1187|73|121|1711|1315|4291|2266|153|250|0|224|171|186|0|224|383|343|242443|12416|535|516|778|567|9805|3433|8281|2617|7425|2876|211459|12261|3071|2398|1089|666|0|224|64370|10025|2861|1377|935|848|8880|2097|1844|938|11560|3352|2443|1153|355|355|13255|4992|133|160|21779|7295|325|340|15394|2174|15174|2150|220|242
0400000US09|584170|14124|112568|6811|17501|2422|334|197|3497|998|546|410|356|289|12425|2175|6789|1625|4781|1563|855|411|343|236|14265|2878|476|425|494|414|2578|893|7650|1950|1832|1013|1235|762|0|225|24778|3480|2229|1258|11149|1939|9255|2272|167|266|2145|1267|0|225|55739|5620|4847|1532|657|487|4863|2367|1022|784|300|257|895|498|2079|831|349|305|760|589|289|369|628|606|21185|3098|1269|692|5928|1531|366|453|6344|2385|3958|1725|285|270|135471|6545|36274|4410|27637|3676|24779|3677|1589|648|1269|591|2356|1009|6281|1654|0|225|60230|6150|2107|2003|2840|1391|0|225|43881|5343|2268|1212|770|492|2485|1348|4618|1961|121|151|887|723|253|320|26654|3563|61|81|1168|1075|910|618|2622|1297|264|271|12381|2653|1399|1296|1643|711|6206|1727|0|225|11945|3323|293|271|51|87|231|222|179|210|1939|1260|102|124|204|187|1257|574|629|741|3656|3219|1257|602|50|84|1862|1224|235|236|368|618|26168|4941|1719|1292|0|225|63|104|279|284|0|225|760|1089|228|277|53|86|336|242|1691|843|512|507|0|225|1061|710|118|196|7990|3708|232|253|4832|3556|2181|968|638|718|107|122|2648|1187|2339|1113|309|402|9983|2255|460|433|5068|1764|59|98|94|114|3387|1141|378|455|195|326|342|366|0|225|2137|1236|1304|648|1234|636|975|606|259|226|0|225|0|225|0|225|70|129|308659|13145|296097|13079|110564|7346|684|772|231|327|2901|1298|849|509|29874|4808|112|129|19429|4686|48135|4960|1835|1371|827|721|4294|1532|366|423|1027|633|70362|7315|213|291|2372|1026|11641|3127|22580|4997|7618|2722|21474|4013|3235|1785|1115|644|114|188|115171|8903|3789|1308|435|335|21674|4292|4133|2783|19350|4318|31463|5803|8199|3042|20952|4565|900|818|3969|2306|307|354|12562|1995|12484|1948|78|131
0400000US12|5392412|54062|454519|15667|95165|7418|2162|1124|8307|2057|2239|1166|5514|1875|72066|5801|31653|3968|34048|3698|6365|1506|4877|1789|89557|6907|3054|952|2951|981|19478|3558|50604|4747|8638|2125|4392|1895|440|388|75177|6986|10107|1846|28866|3979|11775|2586|808|455|23824|4240|605|436|193736|10780|9792|2960|4751|1629|5318|1714|6486|2320|3490|1042|11143|2475|9187|2582|2276|937|5810|2694|2993|1421|2562|1425|25955|4201|15663|3089|37343|5620|4137|1489|35587|5793|11243|2174|884|580|569610|17463|110922|7252|78607|6600|64517|6907|6189|1527|7901|1897|10916|2706|20899|3108|500|500|166640|13250|2953|2324|12963|3530|0|247|110998|8510|10750|2966|2745|1047|3551|1855|14467|3515|2648|1360|3114|1346|2451|1511|198992|11844|5812|2489|5302|1855|2453|972|4547|1784|3040|1091|97883|8119|2252|1024|14491|3050|63212|6991|0|247|83007|10684|900|805|559|328|1745|1633|8544|5364|16627|2647|5699|1811|2517|1050|9508|2332|4697|1855|10441|6457|18477|4772|1964|925|94|109|1235|495|10049|6199|100895|9752|19402|3822|629|459|5783|2791|4661|1638|688|897|2588|1054|1274|704|1577|1158|2202|950|5779|2832|3321|2406|219|292|928|656|1311|940|31854|4523|1693|912|14567|3603|10173|2573|1813|1112|3608|1789|15002|3957|14221|3746|781|1088|25035|5302|778|788|4435|2112|783|744|2580|2048|13417|4046|571|653|812|780|1049|810|610|718|3823|2615|13947|3047|12531|2844|10565|2751|1966|809|164|263|0|247|74|100|1178|787|4253441|47890|4139448|48337|2108057|36826|21375|4528|6231|1870|1185378|25310|6517|2411|154162|11853|2281|985|400047|21456|252782|16086|4501|1761|1820|1078|50687|6840|2625|1320|19651|4304|756668|25325|5259|1752|23916|4467|55231|6872|124536|13437|122980|13091|276505|13919|122228|11192|24649|4219|1364|1264|1274723|34171|60741|5444|10231|2953|178440|14411|25015|4283|380294|16761|64019|6841|36904|5336|97323|8047|17456|4444|399770|21995|4530|1596|113993|7158|113208|7153|785|536
0400000US13|1333177|25980|100309|7555|28998|4070|436|291|1495|596|248|213|705|427|25240|3798|13665|3376|10175|2085|1400|652|874|469|26492|3831|558|387|1268|1186|4005|1630|17184|3188|2898|1303|579|355|0|232|7100|1697|1823|1060|2083|755|647|471|0|232|2547|885|0|232|37257|3723|216|287|887|430|5287|1833|2851|1256|250|174|941|613|1397|1005|311|340|229|198|815|598|90|173|3731|1546|5290|1491|6832|1708|753|438|5547|1712|1830|920|462|386|409305|9499|112290|8173|55923|5537|45673|5505|3432|1096|6818|1518|6624|1734|49700|5714|43|73|173720|9763|6123|2861|8434|2168|2211|1710|127576|7640|8761|2192|1052|706|6418|2717|10542|2571|1754|945|668|423|181|152|97912|7951|4974|1514|5694|1952|3237|1281|5043|1384|2315|941|23355|3108|579|486|5379|1608|47336|5733|0|232|23633|3835|57|101|300|219|961|803|2510|1226|5042|1988|567|440|151|184|1801|1151|1316|891|1932|1884|6688|2418|1144|667|0|232|1164|1004|1750|1187|134159|11125|49149|6775|1814|1194|21071|5073|10106|3240|1461|850|1846|1025|3454|2186|2144|1527|7253|2994|14018|4152|4996|1865|1892|2064|4437|2611|2693|2521|7030|2414|537|473|1867|927|1805|1019|2066|1343|755|478|7134|1887|6700|1779|434|718|54390|6836|403|437|10442|4209|2799|1332|2261|1070|28158|5453|1600|1119|2143|1416|1348|850|5236|1607|2438|1246|4337|1412|3622|1175|3368|1146|254|194|0|232|0|232|494|732|221|259|685067|18401|664659|18179|146365|12143|2034|909|1901|1043|16675|4093|1697|1103|14022|3050|414|445|26317|6171|65438|6898|378|333|1220|898|9962|2540|1405|1236|4902|2127|373250|13164|888|708|2619|1430|30461|5672|53733|8530|21233|4224|247117|11579|9598|3022|7601|2383|0|232|145044|11976|4014|1527|1046|645|18313|3539|3737|1689|38635|6089|4704|1462|9723|3841|13998|3494|2133|1174|47114|8846|1627|1052|20408|3422|19620|3385|788|605
0400000US17|1957482|28940|368209|14646|25965|3214|497|418|6691|1421|598|361|1233|664|16555|2599|8196|1577|7638|1873|721|387|391|320|30771|3852|1393|580|856|533|6215|2553|19793|2387|1549|653|965|665|0|208|31020|3312|11378|2148|13142|2071|614|444|44|74|5886|2579|0|208|278205|12023|5421|1960|3226|985|10088|2202|8793|2345|2102|860|5625|1809|2282|1252|1352|550|10248|2995|5452|2169|4049|1523|113113|8706|13393|2454|21803|3838|4596|1307|53935|7341|12727|2403|2248|1423|609083|14718|159652|9603|101918|8829|85429|8181|7390|2435|9099|2240|10381|2865|43911|4812|3442|1598|241626|10961|4045|2852|6277|2530|150|250|174682|9484|8728|2602|1607|880|3065|1387|30903|5570|2075|1402|2936|1392|7158|3376|143680|8514|5786|1892|1163|552|3186|1367|3858|1702|4720|2704|91234|7118|1097|736|8916|2128|23720|5036|0|208|55150|7421|922|1171|2343|1646|51|87|11978|3648|3540|1513|10617|2560|3380|1471|3258|1050|3988|2069|4331|1705|5577|2015|2640|1048|1684|1081|841|582|8975|2657|91919|9028|19325|3783|963|638|3486|1500|3749|1482|717|656|2662|1524|1940|858|1348|1366|4460|2177|7995|2789|4302|1847|1893|1267|868|823|932|1153|14023|3425|2210|1025|4894|1691|5264|2874|515|447|1140|624|3350|1169|3121|1130|229|344|43355|6324|0|208|7395|2527|325|368|1021|798|27381|4925|158|262|853|732|3698|1809|2524|1747|3871|2172|4121|1271|3263|1008|2358|813|905|529|164|268|0|208|0|208|694|423|884150|19995|861146|19107|24916|3071|446|448|281|238|8914|2007|307|451|3722|1432|0|208|3520|1584|6695|1685|0|208|163|241|419|365|112|186|337|404|701190|18681|3036|1359|1602|820|11066|3035|27456|4343|15466|4119|634468|17892|6223|2817|1696|776|177|173|135040|12908|6176|2514|1263|724|9946|2704|3256|1654|32199|5768|29846|6776|1307|762|11172|2481|211|271|38023|7464|1641|1473|23004|4203|22839|4201|165|202
0400000US18|487371|18162|38209|4370|8186|1436|196|179|488|343|201|204|658|472|6583|1410|2694|1219|3325|978|564|294|60|73|7981|1634|199|172|146|158|1488|627|5447|1335|423|247|278|237|0|211|4112|1150|1661|795|1340|627|98|202|0|211|1013|764|0|211|17750|3333|409|393|148|246|1187|708|672|674|907|517|544|359|264|234|107|128|309|271|0|211|893|586|4440|2249|1350|760|2958|1035|802|505|1101|565|1659|784|180|228|151204|6011|39681|4618|22786|3417|20153|3383|540|410|2093|791|5232|2764|10796|1906|867|1020|53803|5775|4187|2647|1457|923|98|166|41491|4884|1575|1264|370|477|1137|856|3041|1247|402|392|45|75|0|211|45854|5186|13839|2575|190|220|1668|975|1007|783|2063|931|16355|3358|543|360|4490|1881|5654|1562|45|80|11426|3185|397|501|43|73|0|211|514|611|1695|833|2964|1750|104|172|333|248|1055|894|2285|2011|711|432|307|408|206|336|812|551|440|367|59289|10135|13698|4965|1470|1605|1085|688|2062|1220|482|367|0|211|0|211|1307|1248|7292|4166|5939|3755|58|114|4378|3653|979|782|524|562|4522|1770|635|614|2497|1306|0|211|1390|1175|0|211|1815|798|1815|798|0|211|32928|7683|0|211|2264|1533|20|33|1149|1664|27235|7364|180|280|0|211|707|802|1373|1189|387|529|2365|714|1105|571|996|573|109|130|0|211|750|97|0|211|510|358|236304|10993|229417|10829|30506|5543|213|338|916|773|4536|1724|0|211|4282|1667|49|83|18564|5055|1705|1051|0|211|0|211|60|107|0|211|181|170|169556|9427|83|102|823|620|10117|2466|16619|3611|13462|4078|119755|9044|8006|3159|691|467|0|211|29355|4742|1840|1211|1831|1659|2459|902|883|512|4269|1503|2056|1325|139|206|4082|1777|57|97|11582|3015|157|204|6887|1778|6838|1753|49|91
0400000US19|203549|10346|19875|3675|2873|937|95|104|500|495|66|90|102|129|2017|732|709|357|1202|597|106|108|93|158|3080|1176|57|103|0|174|411|333|2401|1172|173|155|38|63|0|174|1389|749|294|375|158|149|373|197|0|174|564|573|0|174|12533|3170|81|137|226|220|6118|2290|61|80|83|135|118|105|100|120|154|204|0|174|148|164|1363|1648|289|245|323|233|1010|457|244|231|1491|1078|724|619|0|174|64808|4840|14352|2269|8228|1871|6291|1528|573|647|1364|827|964|495|4761|1504|399|566|17108|2803|1701|1575|1185|724|435|431|10215|2238|384|393|83|100|1791|1391|1218|637|87|137|9|19|0|174|27897|3056|7066|2076|439|402|560|435|3022|1089|843|524|5340|1411|103|127|4379|1341|6145|1718|0|174|5451|2438|191|280|0|174|77|123|298|270|591|362|338|388|911|535|323|296|849|599|1279|1997|283|201|287|291|0|174|24|43|0|174|32511|5087|13465|3796|2047|1790|2291|1308|3909|1720|545|620|1528|1083|358|264|130|161|2657|2144|5158|2061|919|758|1983|1186|2256|1472|0|174|4478|1883|0|174|515|507|603|485|3360|1600|0|174|1363|926|1363|926|0|174|7078|2359|0|174|1184|854|51|86|1224|825|621|344|154|270|296|403|3431|1821|117|144|969|813|3020|1565|147|118|103|96|44|74|0|174|1287|1257|1582|933|4|8|83335|5367|79793|5053|6522|1553|150|136|0|174|3400|1269|0|174|368|251|0|174|1953|1107|477|433|157|263|0|174|17|59|0|174|0|174|66002|4569|0|174|447|310|4922|1614|8279|2532|4744|1738|46988|4622|428|351|194|204|0|174|7269|2468|116|138|0|174|2340|1854|191|255|2453|1148|406|302|124|162|675|508|48|54|810|659|106|163|3542|1113|3542|1113|0|174
0400000US21|238231|13361|24110|3476|4452|1118|477|570|586|323|28|46|192|191|3169|925|946|398|1999|760|224|187|0|208|6671|1611|249|354|82|138|868|788|5036|1261|398|285|38|67|0|208|984|619|109|169|214|247|6|11|0|208|655|565|0|208|12003|3043|440|629|181|200|4215|1809|1152|951|298|357|70|95|147|190|97|126|33|57|0|208|0|208|208|198|275|237|700|470|114|140|3885|2355|188|165|0|208|73870|5477|13407|2654|4868|1578|3356|1376|291|267|1221|732|4918|1649|3621|1172|0|208|29175|4801|3320|2933|1659|1258|1571|933|13233|2560|1948|1454|211|195|3915|1685|2270|1261|207|201|755|944|86|125|23539|4010|4758|2165|2129|1292|256|339|285|261|634|520|8564|2524|0|208|1445|1064|5468|1908|0|208|6587|1942|0|208|123|143|0|208|1902|955|122|207|1099|715|23|35|389|390|207|193|974|734|84|115|1146|768|193|392|325|352|1162|1260|27666|6573|9331|3315|0|208|897|738|705|702|801|809|1018|1013|1473|1204|784|678|3653|2234|8475|4155|1112|878|4007|3412|2781|1915|575|793|2462|1316|0|208|755|487|1246|1083|455|482|6|10|626|375|626|375|0|208|6126|2003|0|208|1653|961|359|440|204|212|1890|1147|588|482|92|163|290|416|1050|840|646|644|1116|867|547|396|208|193|339|340|0|208|0|208|70|147|499|747|111469|7575|108235|7643|35282|4879|0|208|0|208|29274|4474|26|45|384|286|0|208|2772|1966|1166|973|0|208|0|208|1291|877|0|208|369|401|56853|5773|0|208|510|528|549|378|10156|3429|5668|2586|37065|4170|1155|673|1750|945|0|208|16100|4972|202|180|17|36|1226|757|470|536|4745|2008|683|677|494|479|1072|676|0|208|7116|4140|75|111|3234|900|3234|900|0|208
0400000US24|1070852|22466|81973|6626|16653|2182|401|380|1349|559|605|458|492|315|13285|1905|6689|1524|4696|1074|1900|1027|521|363|18496|3013|739|367|1087|905|5494|1851|9644|1731|956|411|576|279|0|228|11892|4019|2609|1253|3522|1129|1030|686|0|228|4614|3720|117|141|34330|5165|536|391|1765|966|1128|1071|1688|1075|242|243|852|463|1321|848|1291|798|782|544|1464|822|266|395|3559|1248|1538|596|7618|1837|333|316|8891|2517|1056|561|602|528|322253|8053|102597|6130|64716|6025|51642|5398|4395|1343|8679|1877|5692|1422|32113|3697|76|125|123599|8180|9973|4098|11334|3269|0|228|61781|4781|10136|2524|929|784|6350|2270|16468|4402|4597|1671|2031|1218|0|228|78969|6781|4386|1904|1944|739|3269|1374|374|347|1520|681|46614|6425|560|380|3746|983|16556|3224|0|228|16643|2824|961|1088|481|444|238|342|890|845|3697|1507|942|751|504|376|1125|747|1520|1031|1608|1111|3551|1381|415|349|0|228|711|500|445|312|208724|14179|54845|8491|4278|2169|34007|5650|6629|3172|685|598|2650|1762|2272|1742|752|604|3572|2110|22566|5292|20349|5031|449|475|1196|835|572|407|8412|2638|271|204|3465|1157|2342|1160|1422|1261|912|923|2870|998|2581|960|289|380|115431|11049|653|1111|20452|4804|3532|1859|5482|2210|55171|7557|3291|2060|14484|3958|4643|2119|7723|2784|4600|2331|2715|891|2207|832|1635|765|572|334|0|228|0|228|72|108|436|316|455187|13643|447349|13691|79613|7865|1988|1228|1689|839|3387|1895|223|238|14078|3233|1417|992|8827|2512|31831|6429|1253|664|0|228|11687|2477|704|769|2529|885|275911|15519|337|338|987|590|139265|13138|51017|7114|37779|7659|34100|5096|8353|3825|3613|1681|460|692|91825|9147|5110|1512|8039|2890|11201|3150|5027|1828|17504|3112|6062|1992|9311|2829|20207|5100|839|509|7855|2708|670|448|7838|1693|7702|1691|136|152
0400000US25|1337811|21991|217357|10655|39704|4837|679|452|14424|3129|300|221|2276|922|21197|2840|9572|1802|9939|2159|1686|884|828|475|24895|2814|533|293|1617|794|7723|1966|10997|1830|2258|832|1632|643|135|153|69705|5274|8527|1841|13479|2140|42299|4385|10493|2105|5204|1655|196|182|82870|7693|17563|4445|3984|1388|2169|947|2514|1231|498|561|1634|827|1358|820|1082|533|1219|579|3973|3223|366|343|9041|1903|2746|1107|20054|3004|720|585|9733|2187|4216|1460|183|230|391849|9795|149179|6945|122449|7245|104526|7371|8815|1495|9108|1888|6381|1641|20349|3079|0|228|127598|8221|1433|1345|8391|2881|1119|857|87430|7258|7015|1856|1747|1158|8511|2102|7661|2410|2513|1616|1023|705|755|537|76603|6499|900|413|11428|2356|2879|1981|2829|1467|1503|576|10998|1949|641|358|6006|1370|39419|5276|0|228|37901|5564|711|391|2284|1108|375|364|5046|2753|5956|2557|1164|1061|465|406|7336|1762|1067|744|5154|1547|7052|2093|675|416|0|228|616|560|568|544|134718|9050|29673|4625|370|357|5928|2117|10309|3148|1771|1068|1804|1229|5447|2806|775|719|3269|2038|4059|1469|1332|906|1034|730|494|347|1199|689|23432|3709|1338|810|6693|1942|11054|2534|1506|1179|2841|2026|3764|973|3694|963|70|82|68673|7708|33704|5799|13105|2953|207|192|4761|2567|12153|3630|1899|1079|2013|1066|0|228|831|721|5117|2304|5575|1286|4993|1240|3970|1163|1023|455|185|143|0|228|0|228|397|146|588312|18163|562244|17847|221010|13109|265|272|3353|1639|3147|949|2030|1040|115778|9104|155|144|66614|7426|16739|3699|1032|1136|772|546|7851|2274|676|580|2598|1427|128808|11210|621|550|2657|1418|45703|6235|44621|8623|11781|3385|14561|3285|2941|1574|1659|876|4264|2165|212426|12343|2976|1021|804|530|130315|10400|2960|1187|34767|5646|20605|4971|1713|917|8908|2726|2201|1108|6016|2140|1161|981|26068|3000|25625|2976|443|438
0400000US26|778787|16657|119410|7468|15612|2059|254|285|1321|625|158|141|503|258|12726|1914|6485|1581|4701|886|1540|492|650|536|22583|2810|1205|631|744|318|3090|864|14410|2499|2480|599|650|415|4|9|13355|1786|2705|886|8424|1569|198|163|0|187|1470|617|558|345|67717|6184|12824|3111|592|551|4749|1762|1602|1387|806|568|1124|716|1015|548|212|209|623|371|514|456|4004|2420|10587|2328|9667|2127|5403|1210|873|343|6962|1944|6160|1578|143|180|404080|12219|71650|5083|38118|3802|33029|3619|1275|670|3814|1143|8003|1626|25295|3537|234|231|136754|7649|2184|1178|25644|4918|0|187|90539|6706|5325|1585|471|605|2219|1078|9353|3312|837|659|182|200|0|187|53533|5050|3287|1700|2480|1470|1482|988|2969|1188|1999|749|21461|3086|536|390|5441|1534|13878|2978|0|187|140225|9793|596|608|1217|736|27|57|53605|6178|2368|1123|5393|1740|847|422|27997|3684|2935|1385|8351|3344|2180|943|1118|752|33170|5642|421|403|1918|767|45492|6016|11271|2656|733|1050|2690|1061|1761|761|381|366|1160|1202|509|513|809|615|3228|1658|8015|2863|1325|1200|2947|1553|3499|2163|244|330|7047|2176|633|604|3897|1579|584|367|1128|818|805|946|3161|1419|3078|1441|83|104|14124|2808|0|187|2446|898|0|187|790|608|9147|2300|413|396|439|428|0|187|889|600|1874|1490|2526|899|1793|588|1264|525|529|259|0|187|0|187|253|315|480|616|207279|9725|175824|8463|30552|5332|126|158|145|124|10468|2804|131|75|5244|2015|1798|1854|4346|2361|6637|2450|258|309|132|173|1267|978|0|187|0|187|111349|7075|93|99|792|398|3436|1199|10082|2244|5154|1453|88399|6655|2083|1513|1287|792|23|44|33923|5529|1844|594|539|331|9452|2075|702|402|8536|2496|1887|997|0|187|1355|738|212|187|9155|4796|241|269|31455|3430|31455|3430|0|187
0400000US27|523532|12206|48419|4663|9816|1726|380|246|928|545|375|249|1042|525|6439|1300|3591|1016|2487|670|361|285|652|533|10038|1612|321|217|613|567|1366|487|5825|1088|891|439|954|810|68|112|3699|1098|449|336|1336|571|530|583|0|157|1381|841|3|6|24866|4026|594|551|3272|1437|2114|964|443|367|394|507|1000|596|181|177|181|178|47|80|1398|778|52|94|1265|447|778|394|4923|1239|0|157|6647|2021|1577|564|0|157|174698|6478|38463|3380|21413|2488|18007|2458|939|502|2467|938|2490|926|14421|2129|139|160|43025|4352|1357|1066|2793|1422|245|312|29128|3801|2378|1021|93|101|3103|1202|1516|921|1077|576|538|871|797|958|80744|4671|7934|2497|5229|1482|498|497|21993|3079|476|373|13849|3086|260|219|16177|2524|14235|2305|93|120|11011|2506|0|157|650|674|298|458|2826|1204|794|460|470|390|323|364|893|696|2131|1498|325|511|1878|1125|176|231|155|178|92|153|1455|1178|146819|8975|93649|8021|1293|946|28979|5046|17309|3334|41748|6223|1417|976|1267|945|409|289|1227|643|5692|2357|4331|2216|315|543|1046|933|0|157|4702|1955|332|304|2499|1644|644|464|307|326|920|928|1882|909|1845|905|37|49|37342|5969|295|492|3431|1573|217|234|12362|3823|11214|2971|70|136|2730|1454|674|605|6349|2916|3552|1799|2374|886|979|380|952|381|27|45|0|157|615|637|593|294|187|208|151222|6979|142071|6650|7963|1936|0|157|0|157|1535|899|0|157|1697|887|0|157|1958|1150|1538|888|0|157|125|162|396|333|320|339|394|520|93785|6909|105|128|331|204|6021|2279|9348|2097|7763|2407|66936|6070|2819|1378|462|406|0|157|40323|5377|1430|806|336|289|3245|1023|1034|810|6139|1302|12911|3997|3099|1084|2429|1140|372|345|9043|3332|285|213|9151|1540|9151|1540|0|157
0400000US29|308514|12572|50993|5123|9187|1857|537|684|643|276|125|186|335|267|7493|1612|3537|1134|2985|997|971|746|54|90|10396|1877|524|308|104|143|1014|469|7871|1548|647|431|166|176|70|127|2539|1012|661|603|771|361|567|723|0|198|492|293|48|80|27593|3920|1399|764|579|367|8691|2508|1459|1373|746|536|566|367|565|518|0|198|128|168|256|240|0|198|770|395|1109|758|4311|1232|292|386|5251|1414|1471|695|1278|1942|114376|4631|27869|2806|19274|2189|16538|2111|624|343|2112|830|2309|1061|6286|1409|0|198|41334|4116|1826|1101|2702|1089|565|657|26185|3535|1903|1082|537|353|2210|1095|3984|1641|430|556|619|554|373|490|32608|3611|1105|765|282|247|725|585|849|499|661|436|15243|2124|54|91|1978|1009|11653|2466|58|81|11852|3015|0|198|235|249|304|291|2205|1582|891|500|526|573|295|357|1068|700|1079|913|2605|2281|2025|1046|569|488|0|198|50|86|713|754|32574|7234|13800|6031|214|259|4346|1929|2102|916|1403|957|1449|2161|7|13|545|590|3734|4680|2799|1188|509|442|413|336|1877|1074|0|198|1343|758|342|534|279|254|400|407|0|198|322|296|2079|1144|2079|1144|0|198|10290|3151|0|198|2009|1376|418|461|496|584|4655|2122|370|407|1056|978|831|1191|455|507|2263|1110|5377|2084|814|445|713|424|101|120|387|585|303|445|3517|1982|356|192|105194|6362|98496|6237|12611|2664|246|210|219|221|4805|1856|0|198|2495|1091|0|198|2381|1434|2311|1270|0|198|0|198|67|112|0|198|87|104|69273|5452|336|199|122|136|4307|1583|8666|2315|3638|1400|49200|4747|1899|1250|805|470|300|343|16612|3007|1382|660|531|496|3056|1204|724|704|3536|1419|844|670|610|348|1322|686|37|63|4226|2156|344|342|6698|1999|6698|1999|0|198
0400000US32|649711|16499|45062|4052|9224|1729|49|80|1329|720|97|112|282|283|7302|1396|3410|1107|3706|940|186|167|165|221|11373|1958|405|306|349|347|2404|929|7502|1628|361|338|352|231|0|236|5821|1741|1804|1256|2872|1069|274|216|0|236|871|546|0|236|18644|3253|1172|1167|583|539|1014|653|1489|726|312|209|804|504|2087|1008|47|77|269|233|198|249|262|344|2893|1276|1617|775|2180|978|555|537|1807|1036|1355|761|0|236|210892|8038|53396|6931|35110|5427|26919|5155|3457|1119|4734|1234|3520|1013|14766|3669|0|236|22634|4241|886|725|851|609|0|236|12825|3407|4731|1640|67|113|1838|2177|364|249|439|241|256|229|377|564|126954|7847|1615|1461|1377|774|1609|997|1201|715|95|119|101442|7113|361|221|6728|2263|12526|3736|0|236|7557|1687|1459|772|304|274|242|280|619|454|2016|1015|522|522|72|120|1037|631|23|41|299|248|806|554|76|129|0|236|82|138|351|405|21995|4334|13407|2985|588|512|8165|2555|1389|922|528|608|839|972|746|827|272|279|880|571|1634|1234|139|229|757|678|738|1029|0|236|805|485|252|306|333|290|172|203|0|236|48|80|805|499|805|499|0|236|3979|2366|259|426|2431|1570|298|485|0|236|238|162|113|134|0|236|0|236|640|965|1365|929|5559|1509|1764|851|1361|723|403|332|420|469|49|84|299|392|3027|1411|366203|13189|354933|12849|37517|6324|0|236|315|381|33024|6028|0|236|1750|919|0|236|178|249|883|686|159|254|0|236|1098|787|42|70|68|112|284617|11472|221|175|492|346|29357|5563|17641|4905|6186|2132|222975|11121|6982|3164|711|648|52|86|32799|6041|2645|998|735|558|10382|4394|1917|1282|6371|2260|1707|1066|200|234|5221|1563|77|128|3440|1739|104|126|11270|2279|11177|2289|93|154
0400000US34|2376424|26296|283069|12989|31598|3173|1170|660|5878|1831|346|224|602|312|22875|2696|10001|1405|10670|1994|2204|723|727|380|28459|2851|1773|643|701|300|6872|1668|14377|1977|2227|875|2336|877|173|215|72696|6310|9254|2026|29443|3728|24543|3349|381|503|9308|2513|148|193|149627|8414|9929|3349|4450|1634|1961|1068|4612|1881|2443|913|5694|2013|3224|1103|1271|608|1276|669|1384|633|5294|2335|47634|6035|5893|1961|20595|3080|1863|828|23054|2969|9050|2041|689|524|749827|12118|199500|9469|118724|7938|92412|6997|9911|1797|16401|2607|11034|2352|69646|5745|96|143|367285|12498|1115|918|16588|3711|0|226|296806|11676|5273|1457|1467|786|5970|2155|30678|4776|4224|1671|3877|1848|1287|887|118822|7825|2000|814|1289|740|3710|1977|748|541|2714|1137|87116|7887|841|412|2346|885|18058|3634|0|226|60528|5543|1085|570|1288|682|4277|1739|2176|902|9230|2048|4266|1644|1037|588|5011|1689|3620|2076|7194|2404|18567|2992|683|525|394|483|1700|912|3692|1320|142051|11831|13208|2595|552|569|2536|1330|6366|1921|153|255|407|398|857|652|989|608|1348|765|6399|2698|3019|2081|292|232|51|92|3037|1710|40369|5645|2907|1511|28841|5057|6747|2348|202|236|1672|867|5497|1519|5342|1512|155|191|75107|9273|629|462|24859|5430|1507|1185|8879|2733|26899|4814|3799|2115|1636|1174|1980|1084|4919|2463|1471|1106|4814|1274|4306|1186|3052|941|1254|661|0|226|0|226|72|122|436|481|1196663|22827|1178247|22723|407669|18075|341|232|1886|1047|41816|4960|3622|1811|222798|12714|2852|1410|53024|9071|64407|8405|1756|899|572|490|11090|2894|742|473|2763|1155|324772|15883|1667|973|16605|3562|55423|6753|71939|9403|48756|8229|118504|9223|7854|2294|3813|1505|211|244|445806|16235|12285|2996|3311|1245|60160|7172|6792|1937|108110|9683|122301|10344|23413|3960|70491|6982|9002|2852|25145|4783|4796|1992|18416|2337|18219|2337|197|244
0400000US36|4621382|41824|663616|17786|97174|6287|2500|1132|24853|3392|1733|782|4365|1367|61709|5509|35285|4015|23361|3335|3063|1238|2014|1033|84555|6160|5294|1264|4058|1034|26353|3448|40183|3818|5164|1608|3177|936|326|305|120899|7656|26301|3998|69479|4722|10777|2396|30|52|13564|3198|778|510|358724|13476|28611|5733|16077|3136|8898|2287|5543|1692|6345|1941|6033|1626|7732|1803|1319|495|3457|1460|5647|1669|3991|2309|61700|6551|13870|3925|62940|6371|4079|1632|83752|7841|38730|3956|2264|1206|1398571|16567|629969|14007|518693|13746|449915|13773|37317|3747|31461|3905|25375|3421|84695|6534|1206|597|468656|15224|12485|3805|149145|10497|3069|1491|155853|8568|15965|2938|5105|1331|18801|4299|61594|6787|5855|1670|34782|5818|6002|2155|164664|9170|14322|3344|3160|1509|6304|1727|1425|913|10901|2277|95681|7645|2058|776|8810|1684|21945|2947|58|96|131249|9497|2165|1201|6152|1762|13494|2946|4939|1672|32004|4203|4880|1477|977|609|8029|2111|1806|832|6585|1867|23960|3725|2918|1025|19456|5208|3884|1284|4033|1587|239503|13811|32541|5535|1668|945|7335|3051|8588|3084|4748|1881|1940|1128|1913|1208|2537|1084|3812|1432|11985|3731|2011|1267|4460|2953|3263|1831|2251|1356|49803|6462|3666|1417|26658|5112|11996|2413|4119|2047|3364|1665|9368|2039|8418|1849|950|893|121005|11097|0|220|38887|6578|5924|3095|4314|1801|34957|5319|10995|4806|3360|1309|1705|1248|20863|5056|14801|3890|16059|2900|14952|2735|12282|2414|2670|1129|65|112|128|232|0|220|914|693|2303633|31365|2243602|31478|1054125|29760|2197|826|23320|3980|21565|3589|6495|2364|469548|20293|18351|4094|137498|11705|232221|13944|13945|4485|11829|2670|86728|6364|8997|2454|21431|4025|537520|21639|5182|1373|9544|2443|124802|11889|85067|11531|62457|7468|224181|11703|10498|2815|14526|2680|1263|526|651957|22398|18257|4118|5423|1605|32627|4877|17135|4819|112485|9918|215261|14003|151190|9971|59330|7894|5321|1537|25844|3969|9084|2495|60031|4716|59568|4653|463|439
0400000US37|1093166|23266|104807|7171|27445|3709|1412|1426|2435|1077|399|299|1132|536|21829|3095|9911|2171|10648|2233|1270|539|238|197|26507|3042|1146|634|1952|2039|3290|1410|17794|2246|1485|659|739|437|101|175|10281|1685|2196|781|4440|1004|1459|592|59|87|2012|843|174|174|40496|5336|1254|1004|1074|508|2204|1402|1611|866|1245|1292|1153|594|1353|676|258|221|530|506|3030|1412|141|129|4033|1067|3957|1696|9140|2114|476|332|6820|1933|2217|1724|78|128|305481|8599|66467|5521|42326|4579|36051|4115|1942|980|4333|1366|6588|1925|16914|2782|639|722|142799|8353|2819|2175|2508|1338|37|65|115239|7719|3992|1505|1251|1169|4193|1811|8508|2778|965|867|1538|1154|1749|1616|75604|6390|3919|1745|2210|1008|1088|556|7551|1695|969|491|23138|4090|733|405|5682|1270|30314|4651|0|226|20246|4100|265|287|573|531|512|412|3408|2016|1530|832|2459|1126|882|603|2052|1004|1585|1071|1367|1013|3328|1403|223|250|1487|1048|575|442|365|276|85738|10263|22719|5750|3387|2533|8623|3541|4554|1712|736|819|752|653|1423|996|1103|813|2141|1141|6751|2512|900|752|2708|1811|2911|1838|232|290|15510|4149|1361|1160|5891|2342|3749|1440|3606|2735|903|743|5925|1704|5873|1699|52|87|29427|5480|113|207|5637|2319|872|953|3882|2492|11871|4069|1011|885|1322|913|2727|2964|1992|1567|5406|2495|5016|1496|4227|1411|3556|1357|671|407|27|47|66|126|67|174|629|444|592124|16328|573477|15645|68632|6925|1702|1017|1284|751|10966|3224|186|228|17093|3854|0|226|14572|4227|15780|3130|597|577|359|427|3268|1399|496|518|2329|975|409475|15001|1082|930|4169|1921|42145|6298|44066|6145|62999|8300|240438|10900|10818|3373|3758|1201|0|226|95370|8249|5435|1790|505|285|11122|2562|3189|1506|32038|5817|9020|2708|3070|1115|9845|2482|1060|1365|18778|4639|1308|639|18647|2814|18570|2817|77|84
0400000US39|654793|17594|105292|7492|16315|2324|277|178|959|533|178|200|627|295|14014|2211|7314|1856|5778|1225|922|424|260|204|19003|2371|1316|551|670|404|2609|889|12631|1692|1038|600|603|308|136|178|12068|2111|3205|1496|5706|1110|787|602|243|334|2245|903|125|157|57827|6355|3202|1197|1558|849|2252|800|979|730|2488|905|1284|624|1992|723|264|232|1092|881|502|441|890|521|3084|672|5782|2058|8316|1756|1953|1127|16796|4747|5393|1624|79|132|261212|8548|61364|5342|41435|4576|35641|4099|1362|596|4432|1919|8392|2225|11537|1940|0|211|122312|8526|1576|1127|2427|1285|19567|5017|70580|7395|5500|1682|1716|703|12523|3184|4597|1600|588|406|1482|847|1756|1565|45900|4419|3431|1594|2482|1233|1506|669|1390|689|1361|698|17548|2839|739|521|4636|1824|12807|2824|0|211|28817|4942|194|238|388|309|112|129|4301|2455|2189|1011|3555|1612|1655|1052|4451|1746|1253|962|4748|2099|3997|1812|1304|717|120|129|550|357|2819|1194|103086|10771|33169|6082|1841|1621|5283|2008|9049|2848|10688|3185|908|703|2729|1275|600|400|2071|1231|10518|4370|3555|2599|4929|3119|1317|635|717|624|15440|3257|3534|2045|4708|1257|4253|1828|2117|1312|828|691|3287|1430|3230|1417|57|94|34612|6567|0|211|9058|2254|1117|1099|2192|1393|8002|2698|1595|875|2071|1955|2262|1282|8315|3264|6060|2436|3642|1024|2811|985|2466|963|345|219|0|211|67|98|744|236|20|35|181561|10209|166447|10318|34661|6351|233|299|57|93|2968|1450|333|371|9003|3421|0|211|14872|5030|4860|1391|166|207|344|373|1587|1393|0|211|238|207|84864|8625|298|265|480|463|6596|2425|13620|3701|10878|3456|48708|6618|3760|1961|405|276|119|169|46922|7023|1919|838|733|676|8081|2270|1247|710|8580|3195|6048|2766|855|561|4536|1466|815|757|13676|4849|432|448|15114|2011|15042|2011|72|116
0400000US40|271938|9115|20398|2458|2794|721|35|60|196|166|74|90|134|185|2143|646|630|272|1262|567|251|153|212|141|7856|1276|181|169|261|274|816|391|5666|1146|760|567|172|182|0|168|2401|809|336|236|703|352|61|78|0|168|1191|697|110|131|7347|1767|306|192|57|93|75|127|1003|1153|54|92|295|292|460|441|179|206|0|168|134|161|0|168|517|343|323|195|1151|511|111|138|2260|995|422|296|0|168|73077|4940|12992|2041|8105|1752|6970|1542|360|261|775|645|1244|385|3510|980|133|198|19718|3399|1270|1279|1134|840|13|21|9352|2396|2288|1312|298|304|2377|1359|2134|885|345|369|248|199|259|305|36037|3577|3340|1303|284|307|973|437|2498|791|1176|566|7948|1722|710|824|2830|920|16278|2774|0|168|4240|1641|0|168|113|192|158|274|217|233|410|525|236|289|154|169|1060|1072|346|284|779|769|249|215|206|234|251|402|61|99|90|108|13414|2722|2262|840|54|92|412|315|835|414|0|168|30|49|497|340|75|126|359|310|1933|1069|1773|1069|0|168|114|160|46|76|1360|636|42|56|692|560|331|325|295|273|0|168|1081|548|1020|536|61|102|5660|2055|0|168|1037|640|401|358|114|148|3740|1996|74|126|40|69|172|187|82|94|1118|671|3733|1130|623|567|477|545|146|165|0|168|1459|471|923|574|728|560|161316|7250|157093|7054|5675|1936|37|60|0|168|3384|1658|0|168|996|869|26|41|144|170|634|380|0|168|0|168|454|409|0|168|0|168|135623|6997|49|80|142|176|6322|2387|11879|2992|8314|3095|106143|5847|2125|1438|556|454|93|147|15795|3736|189|144|545|399|1682|898|408|349|1605|578|1034|647|107|132|2121|840|81|123|7811|2926|212|183|4223|1412|4144|1408|79|91
0400000US41|429125|11907|60973|5481|13229|1989|327|328|1080|467|170|159|1220|617|10167|1686|4623|1214|5029|1139|515|318|265|204|14302|2084|494|392|523|360|1904|899|9127|1493|1625|813|629|298|0|220|4099|1497|584|343|921|769|684|608|162|160|1834|1043|76|100|29343|4395|549|593|178|249|752|622|140|208|262|282|416|248|670|390|855|915|118|156|285|309|168|285|1336|668|3939|1353|4379|1125|188|309|14389|4227|719|482|0|220|139180|4733|45096|3968|24191|3410|17729|3068|2651|975|3811|1124|6736|1951|14169|2433|0|220|35530|4840|2485|2206|3261|1694|0|220|20350|3863|2316|927|728|538|2248|1980|1727|1262|900|832|737|679|778|602|49016|3480|2748|1508|1904|870|2250|1033|3487|1195|1071|718|14275|2403|573|427|5700|2079|17008|3255|0|220|9327|2475|77|132|411|400|120|135|2143|1297|1073|476|1193|1119|245|230|621|372|601|606|893|892|1699|1053|62|106|180|251|9|17|211|171|19790|3937|9305|3014|76|147|3338|1496|2754|1594|625|593|283|274|655|476|570|567|1004|921|1355|1001|449|450|0|220|588|575|318|490|2846|1861|278|329|392|535|394|299|0|220|1782|1724|2374|1145|2374|1145|0|220|3380|1249|0|220|297|296|294|470|0|220|1978|1094|69|117|0|220|0|220|742|641|530|372|7240|2340|3027|1020|1570|637|1457|778|534|474|96|185|2106|1584|1477|970|201942|8071|189178|7964|7422|2757|89|131|182|290|4919|2815|0|220|272|293|0|220|567|437|1039|721|0|220|120|212|96|144|0|220|138|165|165484|8014|421|528|929|570|3852|2012|14041|4623|925|577|142838|8061|2281|1881|197|202|0|220|16272|3707|694|355|101|124|3526|1852|1751|947|3765|1402|827|592|200|261|1499|707|209|289|3590|2440|110|144|12764|2107|12720|2102|44|74
0400000US42|1090675|31467|180638|10325|28781|3354|489|347|4060|1594|595|411|1348|726|21996|3005|10021|2192|10166|2039|1809|630|293|247|28041|2617|1971|784|1643|857|3908|1048|18966|2135|1207|417|305|231|41|67|28391|3362|6727|1713|14380|2209|4451|1757|0|192|2822|1073|11|19|94920|8595|6097|2542|5745|2116|3857|1114|1154|603|641|308|3223|873|2548|941|681|527|995|663|1032|694|26|47|14306|2528|4951|1490|17328|3573|1662|936|22583|4064|8091|2743|505|559|395450|8606|111433|7250|79519|6274|69573|5947|3567|1097|6379|1589|6202|1239|25610|3157|102|112|169605|9681|4631|2289|9998|2461|13883|3607|104965|7747|4667|1513|1422|956|6811|1898|12662|3135|2553|1575|4962|2428|3051|1707|84616|6325|1513|811|6949|2183|3124|1298|3314|2023|2060|885|23241|3451|548|388|4826|1839|39041|5305|0|192|29315|4554|2007|1275|712|414|936|836|3363|2077|3195|1277|943|601|863|542|2233|884|1020|557|5274|1669|5396|2180|351|305|848|628|2174|1521|481|389|94453|10551|15711|3859|367|412|3858|2256|4783|1931|106|164|2079|1189|1456|969|496|506|2566|1255|3752|1437|1129|949|1530|1139|748|512|345|445|22151|6381|3527|1565|6972|2257|5128|2407|5530|5366|994|769|5176|2100|4752|2072|424|394|43502|6311|45|78|4806|1612|1263|1050|11171|3219|18787|5149|567|600|1794|1000|659|609|4410|2121|4161|1853|3381|1203|2339|724|2135|701|204|161|716|908|0|192|0|192|326|295|416753|21190|401717|21171|203021|15785|550|361|1326|691|10692|3305|1739|1403|121561|10717|503|484|27353|8175|30245|5180|655|491|668|532|6656|2370|149|187|924|528|113898|10704|123|147|1792|785|11138|3502|20365|6167|14951|5339|58859|6038|4267|2199|2236|905|167|259|84798|10444|3348|942|263|206|16179|4243|2966|1294|19647|4576|17241|4091|4882|1983|5077|1327|2069|1428|11942|6041|1184|742|15036|2175|14956|2168|80|148
0400000US45|351009|15685|57183|6193|12470|2051|96|132|1134|590|189|197|245|318|10252|1833|4774|1359|4791|1070|687|359|554|594|14266|2557|572|647|110|139|2128|745|9974|2305|853|473|549|414|80|113|6191|1954|1809|982|2286|1251|673|471|112|190|1423|811|0|229|24175|4879|656|523|984|601|193|189|431|412|92|165|355|327|515|431|168|267|0|229|1433|874|370|435|1495|704|988|532|5036|1952|1158|1701|9571|3276|730|501|81|136|83674|5688|20530|3326|12925|3120|10250|3226|1171|659|1504|753|2947|1528|4587|1267|71|126|29743|4872|474|486|584|784|0|229|21898|4266|1664|1082|641|414|913|1011|2349|1878|739|894|381|480|100|163|27876|4455|1478|1208|620|463|295|325|2020|828|319|281|12523|2345|0|229|2054|817|8567|2695|0|229|5235|2176|321|529|0|229|342|552|311|481|598|523|0|229|289|359|459|445|275|285|1113|1305|872|781|95|125|38|61|522|502|290|399|16981|4086|2974|1454|0|229|395|450|1627|1376|0|229|100|165|183|230|380|351|289|234|2133|1461|642|739|199|320|1141|1266|151|253|4009|1827|0|229|1691|1402|1567|1087|377|623|374|521|1210|648|1210|648|0|229|6655|2496|199|164|1983|1344|0|229|540|795|1592|671|693|777|132|162|1516|1665|0|229|0|229|1575|689|1048|491|663|404|385|252|0|229|0|229|50|89|477|441|191596|12532|178838|12235|24572|6506|1327|898|153|185|4452|1653|86|138|3315|1251|106|117|1792|1140|11401|6408|0|229|0|229|1553|1039|142|27|245|104|108702|8368|529|507|1062|597|5707|2139|11438|3688|12409|3544|73694|7830|1855|1197|2008|1150|0|229|45564|7298|1350|891|1173|956|9787|3202|536|470|17131|4816|1658|928|1346|812|2462|1539|505|379|9358|3949|258|224|12758|1982|12136|1943|622|583
0400000US47|472751|16938|43806|5105|8355|1923|191|183|296|217|133|149|312|263|7198|1946|3698|1427|3016|997|484|455|225|221|14082|2196|51|71|416|418|1782|858|10319|1855|1042|1025|472|436|0|230|2962|1493|793|656|1448|1103|79|97|0|230|642|606|0|230|18335|3088|575|535|28|47|3290|2328|628|486|330|290|584|448|137|168|0|230|285|334|1104|872|264|466|1324|612|2340|1113|2414|844|380|418|4435|1659|217|218|72|116|115627|5410|28357|3311|14793|2769|12678|2398|201|218|1914|928|3216|915|10003|2113|345|549|37708|4552|786|605|873|592|952|1024|26797|4043|2140|924|54|108|1937|956|3388|1591|689|676|47|75|45|79|36165|4088|1565|1278|907|671|976|623|3007|1009|778|597|14957|3438|286|337|1948|809|11741|2534|0|230|12359|2865|297|501|69|131|74|128|3926|1502|1193|1099|1549|783|339|357|1963|1168|439|349|358|371|747|446|345|342|945|696|115|120|1038|901|50231|10088|11470|4431|189|304|3632|1685|2935|1593|270|450|275|298|225|225|569|901|3375|3900|8491|6076|6109|5708|1388|1155|546|645|448|527|16699|5956|0|230|12962|5441|492|534|3128|2091|117|208|2716|954|2393|958|323|402|9380|2652|0|230|1800|1046|599|743|919|609|3766|1628|85|142|157|223|0|230|2054|1260|1475|1137|2204|924|1554|680|1283|654|271|205|344|399|0|230|206|270|100|127|260883|13287|249474|13061|23341|4323|332|315|157|219|11105|3019|70|136|2757|1242|0|230|1762|1155|5213|2098|0|230|0|230|679|655|336|445|930|882|186295|12940|89|145|1044|867|11666|3476|37582|7104|33059|8576|98568|7897|3280|1958|1007|554|0|230|39838|6337|1392|876|154|244|3658|1428|474|325|7373|2900|747|518|121|127|3462|1452|270|265|22187|4830|0|230|11409|1958|11092|1893|317|477
0400000US48|5762477|58185|225668|9657|61590|5117|859|458|4255|1397|1223|566|3199|1380|50294|4408|24948|2912|20299|2680|5047|1761|1760|832|60101|5279|1489|589|3814|1187|10005|1876|37759|4125|5210|1579|1559|773|265|220|25721|3984|2412|880|8202|1648|2277|1278|629|744|12784|3417|46|79|77889|6097|1355|779|1204|579|3547|1763|2495|1124|2682|1299|2526|1020|2480|1008|1154|607|2147|1105|3555|1790|956|1014|8171|1855|7691|2392|20350|3358|1652|846|10847|2387|5077|1868|367|310|1422275|21682|261579|13458|169098|10602|122062|9383|11003|1682|36033|4202|20735|4126|71452|6518|294|312|637462|22575|27014|6850|21657|4336|512|421|431939|20883|30055|3769|3313|1437|37049|6275|74103|8431|8194|2566|1072|800|2554|1154|401648|13999|11232|2774|9663|2438|8432|2133|9523|2345|8669|2320|125293|9882|6329|2457|16646|2929|205791|12036|70|115|117915|11952|1510|1034|3294|1841|2373|1872|26635|8155|9945|3847|11491|3004|6473|2472|10267|2708|9804|3386|6529|2322|17630|4458|8172|2337|1192|1242|2600|1106|3671|1921|356824|24526|85273|11474|4992|1980|28784|8241|23814|5398|3163|1748|5235|3104|3455|1627|6849|2630|8981|3523|36573|7500|15144|4483|9794|4673|9270|3658|2365|1734|33091|5758|4330|2229|15118|3305|3309|1650|8681|3692|1653|742|19922|4039|19201|3902|721|492|168696|15224|191|325|12638|3218|4595|2314|3445|1645|136474|13560|2755|2008|1755|1105|1963|1464|4880|1833|13269|5282|12900|2126|8898|1803|7602|1771|1296|603|233|207|484|383|2183|1061|1102|562|3744810|43643|3683660|44247|232596|15898|2441|1294|1351|796|156621|13777|2355|1157|23243|5814|219|213|7287|2651|21820|4385|1977|1007|381|443|11472|3334|790|745|2639|1189|3070166|39059|4215|1926|9451|2451|234722|17778|111002|13122|229138|19695|2425829|36189|42933|8248|9954|2152|2922|3802|380898|23524|15030|4137|7101|2746|43453|7545|11570|3453|80489|9476|13056|3685|4458|1275|24386|5058|3403|2207|173755|17977|4197|2430|61150|8176|60949|8152|201|199
0400000US49|341716|13262|28994|3381|9749|1775|750|470|524|379|934|626|512|301|6724|1533|2238|1120|3521|939|965|614|305|239|5671|1237|89|101|177|214|854|518|3839|999|539|310|173|159|0|210|3288|1457|294|326|1692|1193|55|91|0|210|1247|855|0|210|10181|2154|60|101|157|170|1510|727|409|409|112|198|209|164|411|370|225|368|111|130|227|216|241|253|854|859|772|644|1952|888|107|176|2275|1224|549|472|105|157|66189|5835|21378|3317|12851|2661|9119|2383|1270|906|2462|878|1864|715|5873|1646|790|689|13377|3454|337|332|276|285|0|210|8235|2579|978|623|297|268|1868|1686|1205|971|0|210|181|293|0|210|26012|4221|1993|1495|1272|859|435|389|2236|1036|77|124|8802|1908|393|467|3661|2675|7143|1846|0|210|4712|2146|439|513|190|182|145|175|2208|1633|413|371|325|291|121|147|0|210|0|210|613|672|210|190|48|81|0|210|0|210|710|396|10295|2160|2909|1126|0|210|513|403|36|60|562|652|86|130|67|110|365|403|1280|833|1533|873|73|127|0|210|1202|909|258|144|689|546|0|210|148|183|0|210|541|510|0|210|1109|550|884|412|225|395|2395|1036|0|210|527|461|0|210|472|522|814|511|0|210|27|47|120|242|435|593|1660|1800|10666|2261|2629|1084|1405|662|1224|727|602|512|220|224|0|210|7215|1965|225572|10840|216748|10900|7636|3487|0|210|0|210|3241|3023|0|210|1936|1207|0|210|1261|1050|647|521|0|210|0|210|551|679|0|210|0|210|134139|9366|144|253|685|540|10732|3503|7666|2675|4773|2398|108693|7914|252|224|1194|1410|0|210|74973|7176|6034|2083|2121|1072|8521|1998|7835|2672|16218|4450|5141|2504|289|321|8683|2094|782|510|19317|4730|32|53|8824|1724|8824|1724|0|210
0400000US51|1193581|24467|108094|7127|24402|2579|1389|681|2115|808|311|225|2362|979|17750|2071|9387|1577|6126|1101|2237|989|475|340|25384|3022|812|380|1603|847|4308|1196|15706|2363|1968|938|929|616|58|100|14656|2808|1944|670|6608|1715|1981|794|0|217|4123|1576|0|217|42719|4179|1417|738|1333|828|2999|1320|3073|1262|547|396|1547|705|644|352|652|485|431|304|569|478|719|554|3012|976|4036|1219|9422|2077|853|594|8405|2102|3060|1491|933|1034|495781|12230|119033|6803|54221|4920|43234|4878|3958|1096|7029|1561|7141|1334|54504|5556|3167|1427|214159|11194|26559|4361|20377|4531|279|330|99404|7744|16966|3725|2478|1561|16353|3489|27690|4025|1442|1023|1177|726|1434|978|120417|7602|2105|1136|3234|1253|1479|581|2164|1050|1774|836|53695|5205|757|435|7894|2007|47315|5248|0|217|40172|6468|199|183|761|574|470|398|6404|2481|1466|529|2843|1412|1991|1213|4605|1224|2783|1723|2358|908|11633|4058|1180|615|2379|1282|1100|553|2000|845|128291|11663|47284|8236|2314|1150|29423|6026|5148|1687|3452|1404|627|687|692|462|908|817|4720|3899|5040|1621|2450|1126|224|188|2100|1137|266|302|28052|5349|1423|612|12551|3757|7794|2761|3878|1768|2406|1722|4442|1446|4169|1393|273|433|41438|6099|102|128|18483|3592|1914|1228|1516|1035|6429|2344|1141|1078|4973|2283|1547|966|5333|2272|2035|1298|2279|794|1712|761|1220|525|492|448|64|109|0|217|0|217|503|339|459136|15231|446572|15022|37088|4931|245|320|1043|688|4997|1553|342|502|5287|1519|325|289|7710|2480|12472|2303|274|265|510|531|1676|704|633|540|1574|730|286000|15014|1031|830|2699|1043|117793|10540|53255|8753|50435|7949|51567|4383|5118|1624|3931|1326|171|260|123484|8887|5408|1491|24875|4752|10736|1887|3397|1524|21928|4266|6573|1998|3390|1278|32376|5145|1402|769|12124|3615|1275|688|12564|2004|12130|2001|434|424
0400000US53|1280809|24190|163451|9263|27590|3140|1702|763|2111|914|1017|472|1337|598|20347|2764|9303|1855|9326|1759|1718|766|1076|583|28928|3038|1130|530|922|593|4106|1153|17240|2218|3562|909|1789|1000|179|173|7637|1691|886|368|2942|987|772|556|0|218|2958|998|79|129|99200|8213|478|779|3740|1417|4522|1704|2093|1136|320|323|1596|620|1092|424|682|588|282|252|7132|2264|0|218|3696|1428|7236|1650|18443|3212|466|351|43858|6383|3564|1036|96|164|602866|12812|204850|9749|136022|8548|107380|7454|9964|2060|18678|2865|16240|3034|51357|5334|1231|857|182851|10918|17694|6052|2447|1060|216|369|134602|10250|9756|2377|2078|1114|2871|1674|7242|3171|800|683|3736|2316|1409|740|184484|9300|2139|1093|11876|2908|5962|1566|5151|1618|3367|1457|77781|6775|2683|935|11735|2471|63745|6625|45|77|29413|6010|1078|928|2208|1316|1292|1591|8336|4229|3300|1786|2515|1301|1012|668|1130|699|945|458|2387|1380|4089|1561|265|209|605|631|251|281|1268|773|88027|8345|51727|7511|3337|1600|19119|3897|13521|2968|10845|5052|879|592|951|688|653|713|2422|1247|4922|2304|1133|1068|761|649|3028|1932|0|218|6747|2339|163|267|3647|1669|1128|857|1024|850|785|505|6570|2062|6487|2063|83|111|15548|3439|0|218|836|558|467|467|1532|1458|5599|2301|952|1049|286|189|956|813|4920|2444|2513|1923|22696|3651|7797|2102|5757|1756|2040|875|2093|764|2382|1437|5326|2213|5098|2487|403769|15348|358941|14665|10879|2704|445|432|27|42|1868|883|120|147|2191|905|37|73|1569|952|2760|1137|0|218|45|76|1714|1760|0|218|103|127|295451|13033|1713|937|822|545|15036|3760|14188|3393|9770|3962|248998|12037|3758|2609|986|583|180|298|52611|7882|2903|1167|440|410|12739|3607|3965|1640|9959|2654|4781|1639|841|683|7334|3409|78|139|9090|3611|481|454|44828|4195|44431|4151|397|513
0400000US55|327033|10756|45237|4572|8021|1445|558|303|1142|598|147|143|328|191|5749|1433|2424|1011|2664|662|661|301|97|113|8636|1136|524|306|169|191|747|495|6198|1022|870|406|128|102|0|161|4211|1425|668|541|1228|563|14|24|0|161|2301|1094|0|161|24369|3640|1383|812|334|323|1206|900|808|439|1587|1188|757|453|569|399|354|295|270|280|152|175|831|457|3908|1032|675|376|4973|1391|342|383|3826|1810|2394|1123|0|161|113186|4968|25137|3077|16642|2343|13753|2151|1605|938|1284|547|2441|1269|5864|1563|190|164|32458|4147|583|817|1039|1011|0|161|23862|3353|1339|1283|206|202|1992|1219|2452|1160|125|150|575|511|285|353|46757|4020|4106|1723|484|351|825|489|11637|1663|6045|2718|11664|1961|217|186|8646|1888|3133|1314|0|161|7575|2368|40|67|30|51|93|131|601|462|51|85|1448|1238|676|436|777|613|777|594|948|952|1274|824|707|584|0|161|153|211|1259|949|20658|3711|6507|1938|232|343|1858|1200|1677|825|1571|1289|355|354|83|143|247|268|484|529|2556|1406|366|384|864|816|1137|943|189|310|3087|1296|523|451|759|740|867|745|587|570|351|312|1155|808|1126|821|29|54|5979|1828|0|161|200|204|130|165|146|176|2261|1282|1114|969|419|503|207|241|1502|920|1374|772|828|408|612|372|448|293|164|158|0|161|0|161|169|169|47|64|147124|7948|139951|7731|6425|1677|296|315|6|10|1760|1098|52|89|1615|885|0|161|411|363|1406|602|213|275|0|161|185|157|0|161|481|408|111572|6939|0|161|378|302|1867|1244|3490|1793|4827|2034|89589|6797|10732|2684|627|391|62|105|21954|3956|2310|1571|108|177|2354|1201|968|752|8471|3127|1212|528|459|445|1186|562|1017|851|3759|1842|110|131|7173|1576|7173|1576|0|161
04000A0US04|1014364|21251|80941|6307|21756|2754|935|629|1607|701|532|410|964|524|16911|2332|8358|1597|7399|1618|1154|490|807|505|18241|2405|321|198|597|493|2440|884|12679|1992|1824|581|380|241|0|237|6396|1544|735|447|4181|1231|454|581|0|237|939|654|87|100|34548|4477|1150|1176|274|375|2569|956|577|524|1068|721|906|564|2884|1241|151|189|138|156|901|650|1095|888|6356|1949|7431|2563|3315|1088|764|575|3197|1563|1772|1053|0|237|231398|8613|58186|5009|34064|3862|21743|3464|4348|1906|7973|1985|5694|1516|18428|3605|0|237|72410|6351|3369|2316|1900|886|117|197|52532|6592|8699|2401|65|109|992|808|2000|1042|307|372|1492|1706|937|798|73822|7097|1550|977|2761|1198|2282|1168|308|278|1533|743|40218|5978|1149|910|3736|1036|20285|4122|0|237|26359|5267|85|141|467|523|133|145|12484|4753|1878|1048|1138|989|783|531|2459|962|2289|1352|1547|785|2077|824|328|298|59|106|632|566|621|566|56453|6996|21412|4966|1156|1087|6892|3699|3060|1556|778|514|1916|1816|1029|805|903|767|5678|2560|6306|3112|2228|2272|1140|853|2619|1752|319|351|5967|2850|126|154|2294|1128|322|302|2849|2488|376|329|5277|2080|4920|1961|357|474|11678|3118|0|237|1199|1018|401|563|1480|1054|6451|2561|425|375|296|346|367|542|1059|1056|5813|3666|5055|1717|2914|1463|2126|1357|788|371|287|250|361|448|609|465|884|421|640517|19257|600890|18256|32749|5312|258|343|156|232|20386|4453|0|237|4541|2537|160|279|2343|1925|3057|1252|0|237|235|285|886|500|64|141|663|730|536523|16277|357|353|1898|1377|10831|2719|13495|3142|4419|2168|500729|16243|3387|1527|1407|805|0|237|31618|5519|2511|990|414|710|6835|2286|1147|728|8514|3112|1361|607|259|244|4074|1593|460|433|5435|2414|608|570|39627|4853|39527|4857|100|125
04000A0US06|10876097|63838|673039|16471|157392|6775|4629|1170|16339|2398|4033|1074|8163|1485|121128|5884|61430|4566|52160|3524|7538|1538|3100|1162|135465|7173|6763|1420|6458|1701|37024|3591|62976|4640|14918|1940|6653|1468|673|455|76491|5205|9367|1744|28708|3025|19478|2608|6094|1276|17087|3464|1851|912|301037|13213|1443|821|10846|2319|5537|1698|9006|2205|7365|1869|8869|2078|8506|1772|3457|1254|3341|1185|7466|1683|1448|940|21301|3016|23518|3122|85823|7552|3333|1077|83593|9641|16185|2532|2654|1279|4440216|34836|1417708|25389|1003761|23855|720126|20660|102593|6675|181042|8089|100343|6486|308789|11833|4815|1845|1071822|26239|76350|9673|20876|3983|307|246|625967|19639|229727|12056|13279|5094|26027|5088|56214|7007|10020|2609|9418|3509|3637|1449|1614799|23660|27105|4726|49348|5035|35547|4173|39704|4957|15879|2354|855131|19954|10876|2162|67834|5953|513327|17256|48|80|321844|14198|96600|9294|5758|1631|5634|2355|43667|6621|35137|3956|14933|3374|5969|1519|28865|3790|7153|2036|30480|5594|26351|4192|4419|1310|13235|3508|3643|1221|14043|2891|232935|13467|68978|6823|7369|2433|29771|4796|12164|3439|3692|1939|3653|1301|4182|1235|2193|1157|5954|1554|8557|2645|4315|2151|544|423|2532|1462|1166|655|66385|7366|4142|1760|46372|6013|9696|2676|2890|1034|3285|1290|24257|2687|24001|2714|256|178|59603|7624|132|209|8401|2214|1344|887|3171|2613|40574|6770|1078|554|2381|1282|762|655|1760|1177|5155|2096|82834|6494|31950|3791|25198|3476|6752|1587|36065|3977|567|347|95|156|14157|3123|5447073|48412|5320236|47492|69893|6102|739|502|928|434|25469|3334|266|205|7929|2111|422|393|9270|2931|17002|3273|198|220|550|542|4192|1194|1149|734|1779|836|4921861|45680|14630|3580|12781|2481|456072|15930|334962|17584|73021|7853|3938855|40136|82585|9094|7686|1839|1269|777|328482|15165|28284|3676|11061|2248|53396|5239|17098|2985|84352|9156|24272|3510|2522|1015|78025|8986|3004|1027|22879|3666|3589|2031|126837|7058|126463|7053|374|249
04000A0US08|616246|19202|81964|6661|20508|2597|378|245|1766|1117|498|308|1392|678|16161|2408|6743|1411|7692|1901|1726|651|313|310|25619|3253|1158|508|492|333|5183|2078|15593|2410|1627|761|1566|836|0|224|4250|1033|328|319|2663|860|238|242|0|224|1021|500|0|224|31514|4642|1205|1835|1941|1232|1405|794|2579|1488|209|212|1598|846|913|339|503|429|411|318|558|488|43|69|2688|890|2267|1247|8362|1986|165|195|4890|1591|1777|1045|73|116|140946|6169|44048|4074|24302|3254|19422|2910|1573|726|3307|1101|4200|1236|14981|2241|565|484|45897|4654|3852|1866|641|469|1138|894|26694|3828|2746|1145|945|668|5160|1977|1768|1013|557|394|1304|912|1092|796|39043|3511|1343|819|1331|1024|2198|935|2576|1502|825|617|12325|2125|392|340|4635|1480|13373|2606|45|72|11701|2857|521|542|570|701|445|372|1459|976|2782|1383|679|558|774|626|884|461|575|500|912|664|1282|880|156|154|0|224|662|562|257|339|51066|7012|22242|5055|2253|1885|9551|2478|2043|1098|2538|1917|27|46|500|468|1620|1114|3710|2265|4881|1963|1183|1117|1486|1244|1979|1255|233|255|5807|3279|147|244|1166|591|1307|779|2770|3202|417|494|4340|1377|4340|1377|0|224|13264|4447|0|224|5633|2294|1175|1405|243|389|1734|959|1536|1583|0|224|313|380|2630|2248|532|544|9814|3490|6286|2535|5150|2379|1136|591|687|780|41|70|2165|1694|635|440|332456|15862|318181|15909|18259|4051|339|337|142|238|9020|3405|77|138|1899|1187|73|121|1711|1315|4291|2266|153|250|0|224|171|186|0|224|383|343|235864|12435|535|516|778|567|9416|3420|7764|2616|7374|2872|205918|12357|3050|2399|1029|617|0|224|64058|10041|2861|1377|935|848|8853|2098|1844|938|11404|3311|2443|1153|355|355|13233|4996|133|160|21672|7294|325|340|14275|2191|14055|2144|220|242
04000A0US09|584170|14124|112568|6811|17501|2422|334|197|3497|998|546|410|356|289|12425|2175|6789|1625|4781|1563|855|411|343|236|14265|2878|476|425|494|414|2578|893|7650|1950|1832|1013|1235|762|0|225|24778|3480|2229|1258|11149|1939|9255|2272|167|266|2145|1267|0|225|55739|5620|4847|1532|657|487|4863|2367|1022|784|300|257|895|498|2079|831|349|305|760|589|289|369|628|606|21185|3098|1269|692|5928|1531|366|453|6344|2385|3958|1725|285|270|135471|6545|36274|4410|27637|3676|24779|3677|1589|648|1269|591|2356|1009|6281|1654|0|225|60230|6150|2107|2003|2840|1391|0|225|43881|5343|2268|1212|770|492|2485|1348|4618|1961|121|151|887|723|253|320|26654|3563|61|81|1168|1075|910|618|2622|1297|264|271|12381|2653|1399|1296|1643|711|6206|1727|0|225|11945|3323|293|271|51|87|231|222|179|210|1939|1260|102|124|204|187|1257|574|629|741|3656|3219|1257|602|50|84|1862|1224|235|236|368|618|26168|4941|1719|1292|0|225|63|104|279|284|0|225|760|1089|228|277|53|86|336|242|1691|843|512|507|0|225|1061|710|118|196|7990|3708|232|253|4832|3556|2181|968|638|718|107|122|2648|1187|2339|1113|309|402|9983|2255|460|433|5068|1764|59|98|94|114|3387|1141|378|455|195|326|342|366|0|225|2137|1236|1304|648|1234|636|975|606|259|226|0|225|0|225|0|225|70|129|308659|13145|296097|13079|110564|7346|684|772|231|327|2901|1298|849|509|29874|4808|112|129|19429|4686|48135|4960|1835|1371|827|721|4294|1532|366|423|1027|633|70362|7315|213|291|2372|1026|11641|3127|22580|4997|7618|2722|21474|4013|3235|1785|1115|644|114|188|115171|8903|3789|1308|435|335|21674|4292|4133|2783|19350|4318|31463|5803|8199|3042|20952|4565|900|818|3969|2306|307|354|12562|1995|12484|1948|78|131
04000A0US12|5375655|53981|452758|15740|94884|7457|2162|1124|8307|2057|2239|1166|5514|1875|71785|5825|31590|3983|33830|3695|6365|1506|4877|1789|88805|6874|2998|952|2811|946|19473|3557|50053|4699|8638|2125|4392|1895|440|388|75125|6995|10107|1846|28814|3977|11775|2586|808|455|23824|4240|605|436|193060|10854|9792|2960|4751|1629|5318|1714|6486|2320|3490|1042|11076|2476|9187|2582|2245|935|5810|2694|2993|1421|2562|1425|25955|4201|15663|3089|36931|5647|4062|1510|35587|5793|11152|2173|884|580|567745|17493|110356|7254|78184|6630|64098|6934|6189|1527|7897|1896|10916|2706|20756|3089|500|500|166530|13258|2907|2318|12963|3530|0|247|110998|8510|10686|2973|2745|1047|3551|1855|14467|3515|2648|1360|3114|1346|2451|1511|198130|11825|5812|2489|5302|1855|2453|972|4547|1784|2987|1099|97199|8055|2252|1024|14491|3050|63087|6981|0|247|82680|10749|900|805|559|328|1745|1633|8544|5364|16557|2654|5442|1749|2517|1050|9508|2332|4697|1855|10441|6457|18477|4772|1964|925|94|109|1235|495|10049|6199|100769|9719|19402|3822|629|459|5783|2791|4661|1638|688|897|2588|1054|1274|704|1577|1158|2202|950|5779|2832|3321|2406|219|292|928|656|1311|940|31854|4523|1693|912|14567|3603|10173|2573|1813|1112|3608|1789|14933|3957|14152|3746|781|1088|24978|5296|778|788|4435|2112|783|744|2580|2048|13417|4046|571|653|755|786|1049|810|610|718|3823|2615|13894|3046|12531|2844|10565|2751|1966|809|164|263|0|247|21|44|1178|787|4240489|47920|4126763|48307|2101545|36512|21196|4478|6231|1870|1182965|25453|6517|2411|153259|11481|2246|995|397777|21526|252126|16076|4501|1761|1820|1078|50687|6840|2625|1320|19595|4304|751505|25392|5142|1746|23916|4467|55100|6859|124504|13438|122259|13115|272482|14121|122089|11193|24649|4219|1364|1264|1273713|34113|60741|5444|10231|2953|178163|14354|24920|4278|379973|16672|63994|6844|36904|5336|97138|8021|17456|4444|399663|21996|4530|1596|113726|7123|112941|7114|785|536
04000A0US13|1302766|25298|96716|7373|27915|4012|436|291|1253|531|248|213|705|427|24399|3755|13264|3373|9735|2043|1400|652|874|469|25513|3812|548|386|1268|1186|3929|1680|16506|3181|2683|1262|579|355|0|232|6607|1587|1823|1060|1943|741|452|331|0|232|2389|820|0|232|36219|3511|216|287|887|430|5097|1762|2851|1256|250|174|941|613|1029|833|311|340|229|198|815|598|90|173|3731|1546|5290|1491|6423|1659|753|438|5476|1696|1830|920|462|386|405566|9490|111781|8075|55735|5519|45556|5474|3361|1102|6818|1518|6547|1720|49456|5599|43|73|172890|9784|6108|2853|8434|2168|2211|1710|127119|7662|8761|2192|946|679|6245|2690|10463|2565|1754|945|668|423|181|152|95599|7886|4974|1514|5606|1949|3237|1281|5043|1384|2315|941|22291|3080|579|486|4808|1436|46746|5627|0|232|23546|3830|57|101|300|219|961|803|2510|1226|5042|1988|567|440|151|184|1801|1151|1316|891|1932|1884|6640|2413|1105|667|0|232|1164|1004|1750|1187|132946|11143|48189|6781|1814|1194|21071|5073|9146|2892|1461|850|1846|1025|3454|2186|2144|1527|7253|2994|14018|4152|4996|1865|1892|2064|4437|2611|2693|2521|7030|2414|537|473|1867|927|1805|1019|2066|1343|755|478|7041|1900|6607|1792|434|718|54230|6871|403|437|10442|4209|2799|1332|2261|1070|27998|5452|1600|1119|2143|1416|1348|850|5236|1607|2438|1246|4268|1396|3553|1156|3299|1125|254|194|0|232|0|232|494|732|221|259|663270|18001|643737|17765|144755|12123|2034|909|1805|1009|16427|4084|1697|1103|13611|3032|414|445|26016|6167|65204|6885|378|333|1220|898|9642|2531|1405|1236|4902|2127|357318|13185|888|708|2619|1430|29704|5751|51003|8274|20820|4225|235896|11204|8873|2938|7515|2374|0|232|141664|11583|3973|1522|1046|645|18313|3539|3629|1655|38237|6124|4638|1435|9723|3841|13563|3497|2133|1174|44782|8555|1627|1052|19533|3340|18745|3306|788|605
04000A0US17|1941932|29167|366526|14620|25350|3131|494|418|6645|1420|592|360|995|616|16233|2564|8026|1543|7540|1876|667|380|391|320|30260|3850|1362|588|856|533|6215|2553|19362|2398|1500|645|965|665|0|208|30938|3314|11337|2148|13101|2076|614|444|44|74|5886|2579|0|208|277730|11966|5340|1933|3226|985|10018|2203|8761|2346|2102|860|5625|1809|2282|1252|1334|545|10248|2995|5452|2169|4049|1523|113095|8704|13393|2454|21632|3809|4596|1307|53899|7338|12678|2404|2248|1423|606767|14647|159282|9596|101746|8825|85311|8161|7358|2425|9077|2232|10381|2865|43713|4786|3442|1598|240824|11000|4045|2852|6277|2530|150|250|174317|9455|8721|2601|1440|871|3065|1387|30786|5567|2075|1402|2936|1392|7012|3383|142631|8532|5753|1887|1163|552|3172|1368|3858|1702|4557|2686|90681|7201|1097|736|8835|2135|23515|5046|0|208|55112|7413|922|1171|2343|1646|51|87|11978|3648|3540|1513|10617|2560|3342|1473|3258|1050|3988|2069|4331|1705|5577|2015|2640|1048|1684|1081|841|582|8918|2661|90690|9022|19325|3783|963|638|3486|1500|3749|1482|717|656|2662|1524|1940|858|1348|1366|4460|2177|7050|2680|4302|1847|1134|1037|682|765|932|1153|13953|3420|2210|1025|4894|1691|5194|2874|515|447|1140|624|3136|1103|2907|1056|229|344|43355|6324|0|208|7395|2527|325|368|1021|798|27381|4925|158|262|853|732|3698|1809|2524|1747|3871|2172|4058|1275|3200|1013|2358|813|842|535|164|268|0|208|0|208|694|423|873891|20159|851286|19207|24319|3027|446|448|281|238|8716|2005|307|451|3590|1419|0|208|3253|1541|6695|1685|0|208|163|241|419|365|112|186|337|404|692372|18846|3036|1359|1440|673|9874|2877|26046|4389|15215|4089|628694|17904|6223|2817|1667|770|177|173|134595|12835|6176|2514|1263|724|9774|2645|3256|1654|32007|5748|29807|6778|1307|762|11172|2481|211|271|37981|7451|1641|1473|22605|4206|22440|4203|165|202
04000A0US18|480798|17942|36983|4283|8114|1435|196|179|488|343|201|204|646|473|6523|1415|2634|1214|3325|978|564|294|60|73|7513|1433|152|175|146|158|1263|558|5251|1175|423|247|278|237|0|211|3970|1125|1649|795|1313|629|0|211|0|211|1008|760|0|211|17206|3295|409|393|148|246|1187|708|672|674|907|517|544|359|264|234|107|128|309|271|0|211|893|586|4168|2220|1350|760|2743|978|802|505|1044|561|1659|784|180|228|150046|5994|39505|4621|22684|3435|20132|3384|540|410|2012|825|5209|2768|10745|1886|867|1020|53503|5780|4187|2647|1457|923|98|166|41257|4894|1509|1252|370|477|1137|856|3041|1247|402|392|45|75|0|211|45211|5068|13839|2575|190|220|1668|975|1007|783|2023|948|15925|3291|470|333|4490|1881|5554|1576|45|80|11387|3178|397|501|43|73|0|211|475|637|1695|833|2964|1750|104|172|333|248|1055|894|2285|2011|711|432|307|408|206|336|812|551|440|367|58806|10185|13476|5008|1470|1605|863|645|2062|1220|482|367|0|211|0|211|1307|1248|7292|4166|5939|3755|58|114|4378|3653|979|782|524|562|4522|1770|635|614|2497|1306|0|211|1390|1175|0|211|1554|733|1554|733|0|211|32928|7683|0|211|2264|1533|20|33|1149|1664|27235|7364|180|280|0|211|707|802|1373|1189|387|529|2365|714|1105|571|996|573|109|130|0|211|750|97|0|211|510|358|232598|10920|225849|10771|30337|5520|213|338|916|773|4536|1724|0|211|4217|1668|49|83|18460|5052|1705|1051|0|211|0|211|60|107|0|211|181|170|166342|9420|83|102|720|586|10023|2468|16593|3605|13384|4049|116842|9141|8006|3159|691|467|0|211|29170|4773|1840|1211|1831|1659|2416|925|800|499|4269|1503|2056|1325|139|206|4023|1819|57|97|11582|3015|157|204|6749|1809|6700|1784|49|91
04000A0US21|226840|13108|22150|3346|3898|1080|477|570|586|323|28|46|123|146|2684|890|782|418|1734|742|168|158|0|208|5527|1437|249|354|82|138|834|786|3964|1036|398|285|0|208|0|208|832|593|109|169|214|247|6|11|0|208|503|551|0|208|11893|3036|440|629|181|200|4215|1809|1152|951|298|357|70|95|147|190|97|126|33|57|0|208|0|208|208|198|181|190|684|466|114|140|3885|2355|188|165|0|208|70781|5189|12842|2547|4638|1508|3126|1297|291|267|1221|732|4680|1632|3524|1175|0|208|28285|4853|3320|2933|1659|1258|1571|933|13054|2567|1683|1405|186|181|3733|1656|2117|1258|207|201|755|944|0|208|22086|3909|4318|2046|2129|1292|191|324|285|261|597|510|8097|2553|0|208|1276|1004|5193|1891|0|208|6587|1942|0|208|123|143|0|208|1902|955|122|207|1099|715|23|35|389|390|207|193|974|734|84|115|1146|768|193|392|325|352|981|1232|27307|6565|9264|3300|0|208|897|738|705|702|801|809|1018|1013|1406|1184|784|678|3653|2234|8475|4155|1112|878|4007|3412|2781|1915|575|793|2462|1316|0|208|755|487|1246|1083|455|482|6|10|466|366|466|366|0|208|5994|2000|0|208|1616|961|359|440|204|212|1795|1113|588|482|92|163|290|416|1050|840|646|644|1116|867|547|396|208|193|339|340|0|208|0|208|70|147|499|747|105486|7345|102669|7496|34929|4856|0|208|0|208|29188|4470|26|45|384|286|0|208|2651|1960|1166|973|0|208|0|208|1145|881|0|208|369|401|51971|5603|0|208|445|497|378|330|8912|3399|5265|2514|34222|4065|1116|674|1633|930|0|208|15769|4972|202|180|17|36|1175|745|470|536|4593|1997|683|677|494|479|1072|676|0|208|6988|4127|75|111|2817|805|2817|805|0|208
04000A0US24|1067872|22442|81221|6596|16319|2194|401|380|1349|559|605|458|492|315|12951|1911|6689|1524|4362|1040|1900|1027|521|363|18386|3005|700|360|1087|905|5494|1851|9573|1725|956|411|576|279|0|228|11892|4019|2609|1253|3522|1129|1030|686|0|228|4614|3720|117|141|34022|5114|536|391|1765|966|1128|1071|1688|1075|242|243|852|463|1239|833|1291|798|711|514|1464|822|266|395|3559|1248|1538|596|7463|1835|333|316|8891|2517|1056|561|602|528|321895|8089|102408|6079|64527|5976|51453|5348|4395|1343|8679|1877|5692|1422|32113|3697|76|125|123430|8210|9931|4095|11334|3269|0|228|61781|4781|10050|2506|929|784|6350|2270|16427|4411|4597|1671|2031|1218|0|228|78969|6781|4386|1904|1944|739|3269|1374|374|347|1520|681|46614|6425|560|380|3746|983|16556|3224|0|228|16643|2824|961|1088|481|444|238|342|890|845|3697|1507|942|751|504|376|1125|747|1520|1031|1608|1111|3551|1381|415|349|0|228|711|500|445|312|208685|14190|54845|8491|4278|2169|34007|5650|6629|3172|685|598|2650|1762|2272|1742|752|604|3572|2110|22566|5292|20349|5031|449|475|1196|835|572|407|8412|2638|271|204|3465|1157|2342|1160|1422|1261|912|923|2870|998|2581|960|289|380|115392|11064|653|1111|20452|4804|3532|1859|5482|2210|55132|7556|3291|2060|14484|3958|4643|2119|7723|2784|4600|2331|2715|891|2207|832|1635|765|572|334|0|228|0|228|72|108|436|316|453356|13524|445585|13575|79596|7861|1988|1228|1689|839|3370|1892|223|238|14078|3233|1417|992|8827|2512|31831|6429|1253|664|0|228|11687|2477|704|769|2529|885|274444|15498|337|338|987|590|138993|13128|50102|7020|37601|7641|33998|5078|8353|3825|3613|1681|460|692|91545|9112|5110|1512|8039|2890|11201|3150|5027|1828|17504|3112|6062|1992|9311|2829|19927|5105|839|509|7855|2708|670|448|7771|1680|7635|1678|136|152
04000A0US25|1337811|21991|217357|10655|39704|4837|679|452|14424|3129|300|221|2276|922|21197|2840|9572|1802|9939|2159|1686|884|828|475|24895|2814|533|293|1617|794|7723|1966|10997|1830|2258|832|1632|643|135|153|69705|5274|8527|1841|13479|2140|42299|4385|10493|2105|5204|1655|196|182|82870|7693|17563|4445|3984|1388|2169|947|2514|1231|498|561|1634|827|1358|820|1082|533|1219|579|3973|3223|366|343|9041|1903|2746|1107|20054|3004|720|585|9733|2187|4216|1460|183|230|391849|9795|149179|6945|122449|7245|104526|7371|8815|1495|9108|1888|6381|1641|20349|3079|0|228|127598|8221|1433|1345|8391|2881|1119|857|87430|7258|7015|1856|1747|1158|8511|2102|7661|2410|2513|1616|1023|705|755|537|76603|6499|900|413|11428|2356|2879|1981|2829|1467|1503|576|10998|1949|641|358|6006|1370|39419|5276|0|228|37901|5564|711|391|2284|1108|375|364|5046|2753|5956|2557|1164|1061|465|406|7336|1762|1067|744|5154|1547|7052|2093|675|416|0|228|616|560|568|544|134718|9050|29673|4625|370|357|5928|2117|10309|3148|1771|1068|1804|1229|5447|2806|775|719|3269|2038|4059|1469|1332|906|1034|730|494|347|1199|689|23432|3709|1338|810|6693|1942|11054|2534|1506|1179|2841|2026|3764|973|3694|963|70|82|68673|7708|33704|5799|13105|2953|207|192|4761|2567|12153|3630|1899|1079|2013|1066|0|228|831|721|5117|2304|5575|1286|4993|1240|3970|1163|1023|455|185|143|0|228|0|228|397|146|588312|18163|562244|17847|221010|13109|265|272|3353|1639|3147|949|2030|1040|115778|9104|155|144|66614|7426|16739|3699|1032|1136|772|546|7851|2274|676|580|2598|1427|128808|11210|621|550|2657|1418|45703|6235|44621|8623|11781|3385|14561|3285|2941|1574|1659|876|4264|2165|212426|12343|2976|1021|804|530|130315|10400|2960|1187|34767|5646|20605|4971|1713|917|8908|2726|2201|1108|6016|2140|1161|981|26068|3000|25625|2976|443|438
04000A0US26|767150|16522|116386|7369|14653|2012|244|285|1105|587|122|144|469|242|12063|1909|6047|1548|4524|890|1492|495|650|536|21556|2793|1205|631|724|321|2998|883|13849|2480|2251|585|525|379|4|9|13161|1767|2639|889|8322|1555|190|164|0|187|1470|617|540|345|66873|6153|12772|3111|592|551|4740|1762|1602|1387|806|568|1124|716|997|548|212|209|558|353|514|456|4004|2420|10343|2299|9627|2108|5117|1177|835|346|6934|1946|6096|1564|143|180|401697|12196|71078|5118|37992|3780|32903|3599|1275|670|3814|1143|7750|1645|25102|3548|234|231|136239|7606|2184|1178|25644|4918|0|187|90060|6607|5295|1576|465|602|2219|1078|9353|3312|837|659|182|200|0|187|52807|5018|3287|1700|2480|1470|1482|988|2869|1195|1968|743|20996|3088|477|384|5391|1535|13857|2978|0|187|139873|9772|568|605|1217|736|27|57|53599|6178|2314|1125|5304|1732|847|422|27822|3698|2935|1385|8351|3344|2180|943|1118|752|33170|5642|421|403|1700|731|45321|6002|11211|2657|733|1050|2666|1061|1755|762|381|366|1150|1202|509|513|789|613|3228|1658|8015|2863|1325|1200|2947|1553|3499|2163|244|330|7001|2172|633|604|3890|1578|554|363|1128|818|796|945|3096|1400|3013|1423|83|104|14124|2808|0|187|2446|898|0|187|790|608|9147|2300|413|396|439|428|0|187|889|600|1874|1490|2465|895|1757|583|1251|522|506|253|0|187|0|187|253|315|455|614|201281|9665|171564|8450|30333|5347|126|158|145|124|10431|2803|96|75|5244|2015|1798|1854|4305|2354|6550|2445|258|309|132|173|1248|977|0|187|0|187|107720|7115|80|96|792|398|3390|1197|9821|2236|5099|1458|85245|6660|1996|1526|1274|794|23|44|33511|5542|1844|594|515|333|9245|2091|702|402|8533|2495|1851|996|0|187|1217|747|212|187|9155|4796|237|268|29717|3380|29717|3380|0|187
04000A0US27|509186|11991|47038|4612|9400|1729|353|253|918|548|367|250|1042|525|6088|1312|3405|992|2330|673|353|286|632|533|9533|1566|321|217|613|567|1349|489|5396|1055|832|423|954|810|68|112|3668|1101|449|336|1319|571|530|583|0|157|1367|844|3|6|24437|4008|594|551|3222|1419|2093|966|443|367|364|503|1000|596|181|177|173|176|47|80|1398|778|52|94|1265|447|763|395|4787|1232|0|157|6507|2028|1548|572|0|157|172253|6465|37828|3356|21226|2481|17849|2455|939|502|2438|932|2468|927|13995|2119|139|160|42704|4296|1357|1066|2728|1426|245|312|28919|3762|2378|1021|93|101|3085|1198|1487|919|1077|576|538|871|797|958|79273|4622|7875|2495|5194|1484|498|497|21790|3102|469|367|13184|3093|260|219|15887|2524|14023|2318|93|120|10993|2509|0|157|650|674|298|458|2826|1204|794|460|470|390|323|364|877|696|2131|1498|325|511|1878|1125|174|230|155|178|92|153|1455|1178|146190|8969|93429|8003|1293|946|28934|5049|17176|3335|41748|6223|1375|969|1267|945|409|289|1227|643|5692|2357|4331|2216|315|543|1046|933|0|157|4702|1955|332|304|2499|1644|644|464|307|326|920|928|1631|896|1594|893|37|49|37184|5959|295|492|3431|1573|217|234|12240|3842|11178|2947|70|136|2730|1454|674|605|6349|2916|3552|1799|1816|834|926|378|899|378|27|45|0|157|585|636|149|201|156|206|141889|6826|133670|6522|7797|1950|0|157|0|157|1535|899|0|157|1639|884|0|157|1921|1146|1467|913|0|157|125|162|396|333|320|339|394|520|86638|6876|105|128|331|204|5779|2293|8466|1998|7366|2372|61440|5847|2689|1343|462|406|0|157|39235|5333|1430|806|336|289|3204|1019|955|807|5375|1244|12815|3988|3081|1082|2390|1139|372|345|9033|3333|244|216|8219|1502|8219|1502|0|157
04000A0US29|292722|12443|48209|5166|8390|1808|537|684|513|247|125|186|296|264|6865|1537|3159|1121|2735|967|971|746|54|90|9292|1859|465|304|104|143|912|445|6998|1543|647|431|166|176|0|198|2422|973|661|603|735|351|508|711|0|198|470|291|48|80|26827|3862|1399|764|475|339|8691|2508|1459|1373|746|536|533|364|565|518|0|198|128|168|215|233|0|198|750|387|846|548|4225|1225|292|386|5032|1388|1471|695|1278|1942|111649|4488|27342|2748|18959|2146|16236|2076|611|344|2112|830|2217|1031|6166|1402|0|198|40819|4159|1813|1104|2474|1061|565|657|25990|3516|1884|1084|477|339|2210|1095|3984|1641|430|556|619|554|373|490|31642|3596|1105|765|151|179|725|585|760|460|661|436|14512|2155|54|91|1978|1009|11638|2474|58|81|11133|2959|0|198|235|249|304|291|2205|1582|821|506|526|573|295|357|978|703|1079|913|2046|2159|2025|1046|569|488|0|198|50|86|713|754|32077|7168|13800|6031|214|259|4346|1929|2102|916|1403|957|1449|2161|7|13|545|590|3734|4680|2694|1162|509|442|413|336|1772|1038|0|198|1343|758|342|534|279|254|400|407|0|198|322|296|1920|1135|1920|1135|0|198|10290|3151|0|198|2009|1376|418|461|496|584|4655|2122|370|407|1056|978|831|1191|455|507|2030|1113|3960|1957|584|339|483|310|101|120|387|585|303|445|2330|1868|356|192|96827|6222|90591|6181|12054|2686|246|210|219|221|4621|1820|0|198|2290|1040|0|198|2381|1434|2143|1249|0|198|0|198|67|112|0|198|87|104|62980|5218|278|181|56|71|4112|1561|8432|2295|3602|1403|43721|4543|1872|1242|607|386|300|343|15557|2909|1382|660|322|252|2768|1153|665|702|3420|1425|738|659|610|348|1251|685|37|63|4226|2156|138|156|6236|1966|6236|1966|0|198
04000A0US32|647508|16222|44546|3994|9191|1725|49|80|1296|713|97|112|282|283|7302|1396|3410|1107|3706|940|186|167|165|221|11327|1968|405|306|349|347|2404|929|7456|1634|361|338|352|231|0|236|5821|1741|1804|1256|2872|1069|274|216|0|236|871|546|0|236|18207|3172|1172|1167|583|539|1014|653|1489|726|312|209|804|504|1862|951|47|77|269|233|198|249|262|344|2893|1276|1617|775|1968|964|555|537|1807|1036|1355|761|0|236|210464|7944|53396|6931|35110|5427|26919|5155|3457|1119|4734|1234|3520|1013|14766|3669|0|236|22634|4241|886|725|851|609|0|236|12825|3407|4731|1640|67|113|1838|2177|364|249|439|241|256|229|377|564|126869|7842|1615|1461|1377|774|1609|997|1201|715|95|119|101371|7119|361|221|6714|2264|12526|3736|0|236|7214|1627|1116|635|304|274|242|280|619|454|2016|1015|522|522|72|120|1037|631|23|41|299|248|806|554|76|129|0|236|82|138|351|405|21995|4334|13407|2985|588|512|8165|2555|1389|922|528|608|839|972|746|827|272|279|880|571|1634|1234|139|229|757|678|738|1029|0|236|805|485|252|306|333|290|172|203|0|236|48|80|805|499|805|499|0|236|3979|2366|259|426|2431|1570|298|485|0|236|238|162|113|134|0|236|0|236|640|965|1365|929|5559|1509|1764|851|1361|723|403|332|420|469|49|84|299|392|3027|1411|364944|12916|353730|12627|37517|6324|0|236|315|381|33024|6028|0|236|1750|919|0|236|178|249|883|686|159|254|0|236|1098|787|42|70|68|112|283414|11316|155|147|492|346|29338|5573|17641|4905|6134|2120|221909|10956|6982|3164|711|648|52|86|32799|6041|2645|998|735|558|10382|4394|1917|1282|6371|2260|1707|1066|200|234|5221|1563|77|128|3440|1739|104|126|11214|2266|11121|2276|93|154
04000A0US34|2376424|26296|283069|12989|31598|3173|1170|660|5878|1831|346|224|602|312|22875|2696|10001|1405|10670|1994|2204|723|727|380|28459|2851|1773|643|701|300|6872|1668|14377|1977|2227|875|2336|877|173|215|72696|6310|9254|2026|29443|3728|24543|3349|381|503|9308|2513|148|193|149627|8414|9929|3349|4450|1634|1961|1068|4612|1881|2443|913|5694|2013|3224|1103|1271|608|1276|669|1384|633|5294|2335|47634|6035|5893|1961|20595|3080|1863|828|23054|2969|9050|2041|689|524|749827|12118|199500|9469|118724|7938|92412|6997|9911|1797|16401|2607|11034|2352|69646|5745|96|143|367285|12498|1115|918|16588|3711|0|226|296806|11676|5273|1457|1467|786|5970|2155|30678|4776|4224|1671|3877|1848|1287|887|118822|7825|2000|814|1289|740|3710|1977|748|541|2714|1137|87116|7887|841|412|2346|885|18058|3634|0|226|60528|5543|1085|570|1288|682|4277|1739|2176|902|9230|2048|4266|1644|1037|588|5011|1689|3620|2076|7194|2404|18567|2992|683|525|394|483|1700|912|3692|1320|142051|11831|13208|2595|552|569|2536|1330|6366|1921|153|255|407|398|857|652|989|608|1348|765|6399|2698|3019|2081|292|232|51|92|3037|1710|40369|5645|2907|1511|28841|5057|6747|2348|202|236|1672|867|5497|1519|5342|1512|155|191|75107|9273|629|462|24859|5430|1507|1185|8879|2733|26899|4814|3799|2115|1636|1174|1980|1084|4919|2463|1471|1106|4814|1274|4306|1186|3052|941|1254|661|0|226|0|226|72|122|436|481|1196663|22827|1178247|22723|407669|18075|341|232|1886|1047|41816|4960|3622|1811|222798|12714|2852|1410|53024|9071|64407|8405|1756|899|572|490|11090|2894|742|473|2763|1155|324772|15883|1667|973|16605|3562|55423|6753|71939|9403|48756|8229|118504|9223|7854|2294|3813|1505|211|244|445806|16235|12285|2996|3311|1245|60160|7172|6792|1937|108110|9683|122301|10344|23413|3960|70491|6982|9002|2852|25145|4783|4796|1992|18416|2337|18219|2337|197|244
04000A0US36|4607541|41979|658844|17892|95975|6281|2359|1095|24523|3373|1733|782|4298|1370|61065|5516|35042|4000|22989|3332|3034|1232|1997|1032|83185|6122|5205|1259|3990|1047|26242|3455|39405|3799|5022|1594|2995|904|326|305|120540|7640|26270|4000|69208|4706|10720|2398|30|52|13564|3198|778|510|356880|13442|28601|5734|16035|3133|8881|2291|5543|1692|6345|1941|5978|1630|7697|1804|1226|472|3413|1475|5435|1677|3991|2309|61029|6534|13729|3891|62696|6370|4079|1632|83535|7868|38667|3967|2264|1206|1394981|16397|628758|13902|517931|13611|449158|13655|37317|3747|31456|3907|25341|3417|84280|6527|1206|597|467844|15187|12485|3805|149138|10497|3069|1491|155238|8557|15906|2933|5069|1343|18801|4299|61594|6787|5760|1628|34782|5818|6002|2155|163272|9108|14190|3330|3160|1509|6292|1727|1425|913|10783|2279|94652|7651|2047|775|8720|1700|21945|2947|58|96|131101|9471|2165|1201|6118|1764|13494|2946|4927|1669|32004|4203|4880|1477|977|609|8029|2111|1806|832|6585|1867|23858|3710|2918|1025|19456|5208|3884|1284|4006|1583|239401|13795|32497|5511|1668|945|7335|3051|8588|3084|4748|1881|1896|1124|1913|1208|2537|1084|3812|1432|11985|3731|2011|1267|4460|2953|3263|1831|2251|1356|49781|6458|3666|1417|26658|5112|11985|2408|4108|2049|3364|1665|9337|2040|8387|1847|950|893|121000|11097|0|220|38887|6578|5924|3095|4314|1801|34957|5319|10995|4806|3355|1309|1705|1248|20863|5056|14801|3890|15991|2889|14884|2726|12214|2404|2670|1129|65|112|128|232|0|220|914|693|2298324|31293|2239410|31335|1053044|29893|2197|826|23320|3980|21565|3589|6495|2364|469339|20310|18351|4094|137486|11705|231385|14105|13945|4485|11829|2670|86704|6371|8997|2454|21431|4025|535885|21619|5146|1377|9494|2437|124763|11887|84985|11526|62295|7477|222926|11774|10498|2815|14515|2682|1263|526|650481|22245|18221|4117|5423|1605|32360|4853|17135|4819|111980|9752|215098|13963|150948|9998|59261|7898|5321|1537|25773|3961|8961|2483|58914|4688|58451|4635|463|439
04000A0US37|1052852|22895|101822|7063|26924|3682|1412|1426|2374|1070|399|299|1114|534|21448|3103|9735|2183|10443|2235|1270|539|177|164|25074|3000|1146|634|1885|2035|3290|1410|16632|2195|1302|571|718|439|101|175|10074|1757|2196|781|4360|1064|1459|592|59|87|1885|816|174|174|39672|5347|1254|1004|1040|514|2204|1402|1611|866|1245|1292|1133|586|1338|677|258|221|530|506|2902|1380|141|129|3853|1077|3876|1689|8827|2071|476|332|6820|1933|2164|1718|78|128|302812|8422|65903|5513|41978|4572|35765|4099|1942|980|4271|1387|6588|1925|16698|2784|639|722|141880|8396|2819|2175|2508|1338|37|65|114612|7833|3992|1505|1194|1169|4103|1832|8419|2755|965|867|1482|1177|1749|1616|74534|6386|3919|1745|2047|986|1088|556|7494|1708|969|491|22891|4126|733|405|5538|1187|29855|4599|0|226|20130|4078|265|287|573|531|512|412|3408|2016|1530|832|2459|1126|882|603|2052|1004|1585|1071|1367|1013|3328|1403|223|250|1371|1044|575|442|365|276|84717|10115|22326|5609|3387|2533|8623|3541|4303|1631|736|819|752|653|1423|996|1056|806|2046|1133|6712|2511|900|752|2708|1811|2872|1839|232|290|15378|4145|1361|1160|5759|2320|3749|1440|3606|2735|903|743|5553|1705|5501|1699|52|87|29342|5472|113|207|5637|2319|872|953|3882|2492|11871|4069|1011|885|1322|913|2642|2966|1992|1567|5406|2495|4734|1429|4227|1411|3556|1357|671|407|27|47|0|226|67|174|413|341|558767|15869|540758|15076|66474|6967|1702|1017|875|576|10335|3140|186|228|17041|3839|0|226|13940|4178|15356|3131|597|577|359|427|3258|1397|496|518|2329|975|379672|14478|823|829|4169|1921|41697|6356|41415|6193|59601|7996|217910|10617|10326|3424|3731|1203|0|226|94612|8265|5411|1790|505|285|10987|2581|3189|1506|31916|5813|8893|2712|2984|1087|9704|2453|1060|1365|18719|4643|1244|636|18009|2815|17932|2818|77|84
04000A0US39|650192|17377|104265|7474|16034|2315|277|178|903|520|178|200|582|285|13834|2201|7222|1857|5747|1219|865|410|260|204|18493|2257|1316|551|670|404|2609|889|12144|1581|1015|596|603|308|136|178|11999|2101|3205|1496|5706|1110|787|602|243|334|2176|907|125|157|57660|6338|3202|1197|1558|849|2252|800|979|730|2488|905|1284|624|1954|705|264|232|1092|881|502|441|890|521|3084|672|5782|2058|8224|1761|1953|1127|16759|4736|5393|1624|79|132|260433|8628|61263|5331|41358|4564|35564|4093|1362|596|4432|1919|8392|2225|11513|1928|0|211|122068|8548|1576|1127|2427|1285|19438|5041|70580|7395|5500|1682|1716|703|12459|3176|4597|1600|537|405|1482|847|1756|1565|45522|4401|3431|1594|2482|1233|1506|669|1390|689|1361|698|17170|2833|739|521|4636|1824|12807|2824|0|211|28761|4942|194|238|388|309|112|129|4245|2455|2189|1011|3555|1612|1655|1052|4451|1746|1253|962|4748|2099|3997|1812|1304|717|120|129|550|357|2819|1194|102735|10821|33169|6082|1841|1621|5283|2008|9049|2848|10688|3185|908|703|2729|1275|600|400|2071|1231|10518|4370|3555|2599|4929|3119|1317|635|717|624|15305|3265|3498|2043|4609|1255|4253|1828|2117|1312|828|691|3071|1398|3014|1385|57|94|34612|6567|0|211|9058|2254|1117|1099|2192|1393|8002|2698|1595|875|2071|1955|2262|1282|8315|3264|6060|2436|3534|1000|2749|964|2404|949|345|219|0|211|67|98|698|215|20|35|179225|10120|164228|10244|34548|6344|233|299|57|93|2968|1450|333|371|8931|3405|0|211|14872|5030|4819|1383|166|207|344|373|1587|1393|0|211|238|207|83739|8576|298|265|480|463|6596|2425|13370|3656|10878|3456|47833|6634|3760|1961|405|276|119|169|45941|6965|1853|851|733|676|8067|2269|1247|710|8580|3195|6048|2766|855|561|4210|1468|815|757|13101|4820|432|448|14997|2016|14925|2015|72|116
04000A0US40|253550|9162|18756|2379|2645|730|35|60|196|166|74|90|134|185|2056|648|568|262|1262|567|226|158|150|123|6820|1175|149|159|63|111|642|344|5081|1078|713|551|172|182|0|168|2266|800|302|232|627|360|61|78|0|168|1166|695|110|131|7025|1731|187|117|57|93|75|127|1003|1153|54|92|295|292|442|439|179|206|0|168|134|161|0|168|482|343|323|195|1039|520|111|138|2222|997|422|296|0|168|70619|4969|11977|2006|7282|1708|6180|1479|360|261|742|643|1131|382|3431|969|133|198|19637|3397|1270|1279|1134|840|0|168|9352|2396|2250|1308|298|304|2347|1367|2134|885|345|369|248|199|259|305|34675|3658|3340|1303|284|307|973|437|2206|750|1176|566|7361|1712|710|824|2698|911|15927|2773|0|168|4240|1641|0|168|113|192|158|274|217|233|410|525|236|289|154|169|1060|1072|346|284|779|769|249|215|206|234|251|402|61|99|90|108|13133|2713|2185|838|54|92|346|303|835|414|0|168|30|49|497|340|75|126|348|312|1933|1069|1773|1069|0|168|114|160|46|76|1360|636|42|56|692|560|331|325|295|273|0|168|1022|565|961|553|61|102|5622|2053|0|168|1037|640|401|358|76|127|3740|1996|74|126|40|69|172|187|82|94|1011|668|3423|1144|575|565|429|543|146|165|0|168|1232|477|923|574|693|559|147619|7276|143747|7090|5522|1916|37|60|0|168|3317|1646|0|168|996|869|26|41|144|170|548|374|0|168|0|168|454|409|0|168|0|168|122949|6996|49|80|142|176|5819|2325|11372|2977|8187|3018|94883|5809|1940|1458|464|447|93|147|15276|3769|139|114|545|399|1617|890|408|349|1605|578|941|645|107|132|2031|832|66|115|7605|2980|212|183|3872|1393|3793|1390|79|91
04000A0US41|426686|11792|60308|5456|13099|1995|327|328|1080|467|170|159|1220|617|10037|1692|4598|1224|4989|1140|450|290|265|204|13829|2037|494|392|523|360|1849|891|8709|1489|1625|813|629|298|0|220|4099|1497|584|343|921|769|684|608|162|160|1834|1043|76|100|29281|4399|549|593|178|249|752|622|140|208|262|282|416|248|608|341|855|915|118|156|285|309|168|285|1336|668|3939|1353|4379|1125|188|309|14389|4227|719|482|0|220|138870|4723|45078|3965|24173|3406|17711|3063|2651|975|3811|1124|6736|1951|14169|2433|0|220|35530|4840|2485|2206|3261|1694|0|220|20350|3863|2316|927|728|538|2248|1980|1727|1262|900|832|737|679|778|602|48724|3435|2748|1508|1904|870|2250|1033|3484|1195|1071|718|13999|2426|573|427|5700|2079|16995|3258|0|220|9327|2475|77|132|411|400|120|135|2143|1297|1073|476|1193|1119|245|230|621|372|601|606|893|892|1699|1053|62|106|180|251|9|17|211|171|19768|3937|9283|3014|76|147|3316|1496|2754|1594|625|593|283|274|655|476|570|567|1004|921|1355|1001|449|450|0|220|588|575|318|490|2846|1861|278|329|392|535|394|299|0|220|1782|1724|2374|1145|2374|1145|0|220|3380|1249|0|220|297|296|294|470|0|220|1978|1094|69|117|0|220|0|220|742|641|530|372|7233|2340|3020|1018|1563|634|1457|778|534|474|96|185|2106|1584|1477|970|200507|7901|187810|7717|7422|2757|89|131|182|290|4919|2815|0|220|272|293|0|220|567|437|1039|721|0|220|120|212|96|144|0|220|138|165|164131|7820|421|528|929|570|3852|2012|14012|4627|925|577|141514|7896|2281|1881|197|202|0|220|16257|3705|694|355|101|124|3526|1852|1751|947|3750|1398|827|592|200|261|1499|707|209|289|3590|2440|110|144|12697|2105|12653|2099|44|74
04000A0US42|1084844|31680|178715|10316|28415|3353|481|345|3866|1586|580|411|1348|726|21847|3002|9972|2191|10066|2034|1809|630|293|247|27429|2616|1925|783|1643|857|3776|1064|18556|2123|1183|418|305|231|41|67|28166|3357|6706|1709|14355|2203|4451|1757|0|192|2643|1078|11|19|94200|8620|6097|2542|5720|2117|3857|1114|1154|603|641|308|3201|875|2528|942|681|527|995|663|1032|694|26|47|14224|2541|4906|1488|17108|3603|1662|936|22313|4017|8055|2749|505|559|394369|8567|110801|7209|79098|6254|69160|5940|3559|1096|6379|1589|6202|1239|25399|3129|102|112|169562|9687|4631|2289|9998|2461|13883|3607|104932|7752|4667|1513|1422|956|6811|1898|12652|3134|2553|1575|4962|2428|3051|1707|84265|6323|1513|811|6913|2186|3119|1299|3314|2023|2060|885|23022|3460|548|388|4826|1839|38950|5295|0|192|29260|4570|2007|1275|712|414|881|830|3363|2077|3195|1277|943|601|863|542|2233|884|1020|557|5274|1669|5396|2180|351|305|848|628|2174|1521|481|389|94347|10566|15693|3851|367|412|3858|2256|4783|1931|106|164|2079|1189|1456|969|496|506|2548|1249|3741|1438|1129|949|1530|1139|748|512|334|444|22114|6391|3527|1565|6935|2260|5128|2407|5530|5366|994|769|5146|2101|4722|2073|424|394|43492|6312|45|78|4805|1613|1263|1050|11171|3219|18778|5149|567|600|1794|1000|659|609|4410|2121|4161|1853|2941|1082|1899|513|1722|495|177|145|716|908|0|192|0|192|326|295|414472|21274|399720|21255|202500|15809|550|361|1316|689|10574|3305|1739|1403|121247|10740|503|484|27353|8175|30208|5182|655|491|668|532|6614|2369|149|187|924|528|112855|10731|110|146|1780|787|11010|3505|20141|6142|14832|5325|58312|6029|4267|2199|2236|905|167|259|84365|10433|3348|942|263|206|16027|4243|2940|1295|19637|4576|17095|4074|4882|1983|5011|1328|2069|1428|11909|6040|1184|742|14752|2155|14672|2152|80|148
04000A0US45|343240|15721|56876|6179|12339|2047|96|132|1134|590|147|183|245|318|10163|1819|4728|1349|4748|1073|687|359|554|594|14132|2575|533|642|110|139|2072|750|9935|2306|853|473|549|414|80|113|6191|1954|1809|982|2286|1251|673|471|112|190|1423|811|0|229|24133|4865|656|523|984|601|193|189|431|412|92|165|355|327|515|431|168|267|0|229|1425|877|370|435|1495|704|988|532|5002|1950|1158|1701|9571|3276|730|501|81|136|81261|5219|20209|3311|12841|3106|10212|3227|1171|659|1458|780|2870|1525|4427|1234|71|126|28295|4522|474|486|584|784|0|229|20472|3911|1664|1082|641|414|913|1011|2327|1867|739|894|381|480|100|163|27232|4457|1478|1208|620|463|295|325|2020|828|319|281|12234|2319|0|229|2054|817|8212|2700|0|229|5235|2176|321|529|0|229|342|552|311|481|598|523|0|229|289|359|459|445|275|285|1113|1305|872|781|95|125|38|61|522|502|290|399|16764|4001|2974|1454|0|229|395|450|1627|1376|0|229|100|165|183|230|380|351|289|234|2133|1461|642|739|199|320|1141|1266|151|253|4009|1827|0|229|1691|1402|1567|1087|377|623|374|521|1210|648|1210|648|0|229|6438|2410|199|164|1766|1152|0|229|540|795|1592|671|693|777|132|162|1516|1665|0|229|0|229|1575|689|1048|491|663|404|385|252|0|229|0|229|50|89|477|441|186764|12482|174319|12126|24047|6504|1213|880|153|185|4452|1653|86|138|3184|1215|83|111|1792|1140|11271|6392|0|229|0|229|1439|1018|129|3|245|104|105177|8332|529|507|1062|597|5707|2139|11109|3627|12397|3545|71976|7682|389|281|2008|1150|0|229|45095|7240|1350|891|1173|956|9787|3202|536|470|17042|4789|1658|928|1067|725|2462|1539|505|379|9336|3949|179|174|12445|1986|11883|1934|562|571
04000A0US47|461834|16804|41703|4886|7840|1858|191|183|296|217|104|120|312|263|6795|1914|3698|1427|2660|953|437|457|142|170|13363|2181|51|71|318|367|1782|858|9781|1783|959|1030|472|436|0|230|2924|1496|793|656|1444|1103|45|75|0|230|642|606|0|230|17504|2921|376|430|28|47|3290|2328|628|486|330|290|437|434|137|168|0|230|285|334|1104|872|264|466|1248|588|2340|1113|2360|839|380|418|4080|1582|217|218|72|116|113554|5317|27788|3296|14593|2745|12478|2371|201|218|1914|928|3016|913|9834|2087|345|549|37550|4559|786|605|873|592|952|1024|26687|4053|2140|924|54|108|1937|956|3340|1583|689|676|47|75|45|79|34984|3881|1565|1278|791|662|976|623|2994|1005|778|597|14232|3240|286|337|1896|805|11466|2485|0|230|12194|2769|297|501|69|131|74|128|3926|1502|1193|1099|1549|783|339|357|1963|1168|439|349|358|371|747|446|180|210|945|696|115|120|1038|901|49887|10086|11453|4419|189|304|3615|1684|2935|1593|270|450|275|298|225|225|569|901|3375|3900|8457|6076|6109|5708|1354|1155|546|645|448|527|16625|5952|0|230|12888|5435|492|534|3128|2091|117|208|2531|924|2208|922|323|402|9346|2654|0|230|1800|1046|599|743|919|609|3732|1631|85|142|157|223|0|230|2054|1260|1475|1137|2104|894|1554|680|1283|654|271|205|344|399|0|230|206|270|0|230|254586|13133|243959|12929|22938|4339|332|315|157|219|10880|3018|0|230|2687|1240|0|230|1762|1155|5175|2083|0|230|0|230|679|655|336|445|930|882|181823|13027|89|145|1044|867|11531|3467|37433|7114|32871|8566|94636|7881|3280|1958|939|538|0|230|39198|6297|1309|822|154|244|3443|1420|474|325|7063|2940|723|520|121|127|3462|1452|262|265|22187|4830|0|230|10627|1861|10310|1802|317|477
04000A0US48|5654734|55531|221732|9362|60282|4986|859|458|4162|1386|1223|566|2989|1344|49350|4305|24802|2889|19888|2632|4660|1688|1699|821|58643|5128|1489|589|3814|1187|9909|1877|36572|3980|5060|1562|1559|773|240|212|25279|3948|2412|880|8202|1648|2277|1278|629|744|12342|3369|46|79|77192|6092|1213|734|1204|579|3518|1749|2495|1124|2682|1299|2495|1028|2426|996|1154|607|2147|1105|3460|1775|956|1014|7926|1821|7691|2392|20328|3348|1652|846|10768|2376|5077|1868|336|316|1414561|21399|260062|13564|168128|10764|121520|9372|11003|1682|35605|4298|20722|4124|70918|6555|294|312|634273|22717|27014|6850|21455|4342|512|421|431410|20935|29438|3751|3313|1437|36817|6281|72638|8313|8050|2588|1072|800|2554|1154|398991|14008|11232|2774|9374|2459|8432|2133|9523|2345|8656|2321|123370|9910|6329|2457|16607|2925|205398|12014|70|115|117564|11988|1510|1034|3294|1841|2373|1872|26517|8155|9945|3847|11487|3004|6473|2472|10168|2710|9704|3395|6499|2326|17630|4458|8172|2337|1192|1242|2600|1106|3671|1921|355666|24563|85157|11462|4992|1980|28784|8241|23814|5398|3163|1748|5221|3104|3455|1627|6849|2630|8879|3522|36331|7492|15144|4483|9552|4674|9270|3658|2365|1734|32961|5817|4330|2229|14988|3320|3309|1650|8681|3692|1653|742|19569|4084|18848|3949|721|492|168475|15235|191|325|12638|3218|4595|2314|3445|1645|136358|13544|2755|2008|1755|1105|1963|1464|4775|1847|13173|5280|12777|2139|8898|1803|7602|1771|1296|603|169|161|484|383|2183|1061|1043|554|3649998|42409|3590770|42890|231308|15787|2441|1294|1351|796|156159|13805|2355|1157|22781|5644|219|213|7014|2682|21820|4385|1977|1007|381|443|11448|3334|790|745|2572|1178|2982310|38972|4215|1926|9451|2451|231425|17606|106608|12748|228189|19618|2347044|36586|42858|8245|9598|2110|2922|3802|377152|23998|15030|4137|6304|2608|43280|7534|11297|3387|79939|9413|12944|3696|4415|1275|24019|5095|3403|2207|172330|18048|4191|2430|59228|8023|59027|7999|201|199
04000A0US49|335105|13029|28456|3328|9691|1780|750|470|524|379|934|626|512|301|6666|1536|2190|1118|3511|937|965|614|305|239|5362|1172|89|101|177|214|771|488|3613|949|539|310|173|159|0|210|3288|1457|294|326|1692|1193|55|91|0|210|1247|855|0|210|10010|2152|60|101|157|170|1510|727|409|409|112|198|209|164|411|370|225|368|111|130|227|216|241|253|854|859|729|637|1824|879|107|176|2275|1224|549|472|105|157|65505|5772|21378|3317|12851|2661|9119|2383|1270|906|2462|878|1864|715|5873|1646|790|689|13239|3409|337|332|276|285|0|210|8235|2579|978|623|159|174|1868|1686|1205|971|0|210|181|293|0|210|25539|4220|1993|1495|1272|859|250|245|2198|1036|77|124|8663|1896|393|467|3661|2675|7032|1823|0|210|4712|2146|439|513|190|182|145|175|2208|1633|413|371|325|291|121|147|0|210|0|210|613|672|210|190|48|81|0|210|0|210|637|383|9895|2144|2909|1126|0|210|513|403|36|60|562|652|86|130|67|110|365|403|1280|833|1383|869|73|127|0|210|1202|909|108|113|584|533|0|210|43|143|0|210|541|510|0|210|964|495|739|344|225|395|2395|1036|0|210|527|461|0|210|472|522|814|511|0|210|27|47|120|242|435|593|1660|1800|10196|2213|2549|1088|1377|663|1172|730|260|316|220|224|0|210|7167|1953|221053|10614|212234|10665|7636|3487|0|210|0|210|3241|3023|0|210|1936|1207|0|210|1261|1050|647|521|0|210|0|210|551|679|0|210|0|210|130924|9336|144|253|685|540|10732|3503|7605|2692|4679|2394|105633|7906|252|224|1194|1410|0|210|73674|7049|6034|2083|1490|836|8390|2000|7811|2674|16129|4449|5141|2504|289|321|8422|2060|639|456|19297|4729|32|53|8819|1725|8819|1725|0|210
04000A0US51|1164954|24277|104825|7097|23345|2480|1389|681|2099|809|283|222|2254|968|16845|1965|8892|1484|5868|1081|2085|985|475|340|24165|2984|812|380|1603|847|4258|1201|14590|2316|1915|940|929|616|58|100|14300|2793|1880|660|6388|1696|1909|768|0|217|4123|1576|0|217|42082|4215|1417|738|1333|828|2915|1314|3073|1262|547|396|1547|705|608|336|652|485|381|276|569|478|719|554|2960|972|3998|1219|9069|2057|853|594|8405|2102|3036|1478|933|1034|492292|12104|118029|6781|53851|4891|43004|4831|3918|1094|6929|1545|7033|1332|53978|5576|3167|1427|213748|11208|26559|4361|20377|4531|279|330|99111|7765|16897|3700|2429|1558|16353|3489|27690|4025|1442|1023|1177|726|1434|978|118609|7427|2105|1136|3234|1253|1443|588|2164|1050|1650|800|53172|5173|757|435|7754|1986|46330|5148|0|217|39906|6456|199|183|761|574|470|398|6404|2481|1334|487|2827|1409|1991|1213|4605|1224|2783|1723|2311|906|11591|4057|1151|606|2379|1282|1100|553|2000|845|126832|11823|47184|8231|2314|1150|29401|6034|5070|1702|3452|1404|627|687|692|462|908|817|4720|3899|5005|1621|2450|1126|189|188|2100|1137|266|302|27944|5346|1423|612|12443|3761|7794|2761|3878|1768|2406|1722|4151|1412|3878|1364|273|433|40573|6030|102|128|17618|3510|1914|1228|1516|1035|6429|2344|1141|1078|4973|2283|1547|966|5333|2272|1975|1319|2279|794|1712|761|1220|525|492|448|64|109|0|217|0|217|503|339|438726|15106|427040|14915|33886|4530|245|320|1043|688|4911|1538|342|502|4455|1410|325|289|6096|2243|11917|2245|274|265|510|531|1670|706|633|540|1465|705|272533|14874|1031|830|2699|1043|113917|10496|52428|8811|48627|7753|44708|4480|5021|1611|3931|1326|171|260|120621|8857|5318|1476|24849|4761|10579|1856|3397|1524|21683|4216|6171|2010|3236|1250|30846|5057|1267|681|12096|3609|1179|679|11686|1959|11252|1934|434|424
04000A0US53|1270278|24094|161972|9232|27191|3110|1680|764|2098|914|990|469|1337|598|20041|2748|9231|1846|9092|1764|1718|766|1045|584|28241|2990|1119|530|846|580|4044|1165|17046|2202|3249|857|1758|1005|179|173|7602|1692|880|366|2913|979|772|556|0|218|2958|998|79|129|98842|8225|478|779|3740|1417|4522|1704|2093|1136|320|323|1596|620|1092|424|682|588|282|252|7040|2287|0|218|3696|1428|7199|1660|18443|3212|466|351|43629|6411|3564|1036|96|164|601609|12929|204471|9774|135833|8552|107215|7465|9964|2060|18654|2864|16225|3035|51182|5331|1231|857|182445|10922|17603|6049|2447|1060|216|369|134461|10257|9756|2377|1908|1089|2867|1674|7242|3171|800|683|3736|2316|1409|740|184027|9325|2139|1093|11850|2899|5911|1557|5151|1618|3367|1457|77570|6789|2683|935|11683|2470|63628|6670|45|77|29398|6004|1078|928|2208|1316|1292|1591|8336|4229|3285|1788|2515|1301|1012|668|1130|699|945|458|2387|1380|4089|1561|265|209|605|631|251|281|1268|773|87962|8351|51711|7511|3337|1600|19103|3897|13521|2968|10845|5052|879|592|951|688|653|713|2422|1247|4922|2304|1133|1068|761|649|3028|1932|0|218|6731|2342|163|267|3647|1669|1128|857|1024|850|769|511|6537|2058|6454|2059|83|111|15548|3439|0|218|836|558|467|467|1532|1458|5599|2301|952|1049|286|189|956|813|4920|2444|2513|1923|22488|3671|7589|2061|5549|1707|2040|875|2093|764|2382|1437|5326|2213|5098|2487|396247|15311|352156|14661|10755|2705|445|432|27|42|1828|880|120|147|2123|903|37|73|1569|952|2744|1138|0|218|45|76|1714|1760|0|218|103|127|289308|12988|1713|937|822|545|14965|3743|14132|3408|9770|3962|242982|12062|3758|2609|986|583|180|298|52093|7854|2753|1144|440|410|12646|3615|3965|1640|9684|2632|4781|1639|841|683|7334|3409|78|139|9090|3611|481|454|44091|4215|43694|4170|397|513
04000A0US55|310585|10584|41041|4465|7204|1401|374|286|1112|599|138|142|274|184|5243|1404|2386|1010|2274|655|583|294|63|104|7632|1091|491|303|169|191|702|493|5369|988|825|400|76|91|0|161|4014|1429|650|541|1092|546|14|24|0|161|2258|1092|0|161|22191|3519|1383|812|334|323|1200|898|764|435|1587|1188|553|412|569|399|306|289|257|272|152|175|797|457|2946|945|601|367|4257|1289|312|379|3794|1812|2379|1120|0|161|110243|4956|24663|3065|16316|2316|13494|2126|1586|937|1236|541|2390|1264|5767|1570|190|164|31844|4163|583|817|1039|1011|0|161|23383|3347|1339|1283|93|82|1992|1219|2430|1156|125|150|575|511|285|353|44962|3907|4106|1723|484|351|807|488|11557|1689|5996|2717|10133|1972|217|186|8547|1882|3115|1314|0|161|7515|2374|0|161|30|51|84|131|601|462|51|85|1437|1239|676|436|777|613|777|594|948|952|1274|824|707|584|0|161|153|211|1259|949|20472|3687|6379|1920|232|343|1816|1210|1645|816|1571|1289|355|354|83|143|193|253|484|529|2556|1406|366|384|864|816|1137|943|189|310|3076|1292|523|451|748|736|867|745|587|570|351|312|1155|808|1126|821|29|54|5932|1826|0|161|200|204|130|165|146|176|2215|1276|1114|969|418|503|207|241|1502|920|1374|772|581|358|556|357|392|280|164|158|0|161|0|161|25|43|0|161|138248|7929|131603|7717|6332|1676|296|315|0|161|1760|1098|52|89|1615|885|0|161|394|361|1406|602|213|275|0|161|157|153|0|161|439|392|104313|7004|0|161|378|302|1668|1235|3298|1800|4275|1942|83975|6715|10283|2645|374|321|62|105|20958|3978|2310|1571|108|177|2326|1197|811|686|7872|3111|1124|507|447|445|1158|563|1017|851|3731|1840|54|81|6645|1529|6645|1529|0|161
04000C0US04|992194|21217|79984|6236|21307|2687|901|632|1607|701|491|392|964|524|16652|2316|8140|1579|7358|1617|1154|490|692|462|17853|2387|321|198|597|493|2340|878|12391|1940|1824|581|380|241|0|237|6396|1544|735|447|4181|1231|454|581|0|237|939|654|87|100|34428|4484|1150|1176|274|375|2569|956|577|524|1068|721|906|564|2825|1235|151|189|138|156|901|650|1095|888|6356|1949|7385|2556|3315|1088|764|575|3182|1564|1772|1053|0|237|230355|8638|58163|5009|34041|3862|21720|3463|4348|1906|7973|1985|5694|1516|18428|3605|0|237|72194|6277|3369|2316|1762|846|117|197|52532|6592|8621|2409|65|109|992|808|2000|1042|307|372|1492|1706|937|798|73258|7094|1550|977|2761|1198|2282|1168|308|278|1533|743|39654|5944|1149|910|3736|1036|20285|4122|0|237|26119|5251|85|141|467|523|133|145|12484|4753|1878|1048|1077|980|783|531|2433|961|2289|1352|1547|785|2077|824|234|246|0|237|632|566|621|566|56368|6996|21412|4966|1156|1087|6892|3699|3060|1556|778|514|1916|1816|1029|805|903|767|5678|2560|6306|3112|2228|2272|1140|853|2619|1752|319|351|5882|2844|126|154|2294|1128|322|302|2764|2485|376|329|5277|2080|4920|1961|357|474|11678|3118|0|237|1199|1018|401|563|1480|1054|6451|2561|425|375|296|346|367|542|1059|1056|5813|3666|5055|1717|2914|1463|2126|1357|788|371|287|250|361|448|609|465|884|421|620432|19145|581367|18139|32749|5312|258|343|156|232|20386|4453|0|237|4541|2537|160|279|2343|1925|3057|1252|0|237|235|285|886|500|64|141|663|730|517563|16311|357|353|1898|1377|10554|2707|12871|3060|4379|2147|482791|16204|3387|1527|1326|780|0|237|31055|5546|2389|970|0|237|6816|2295|1147|728|8514|3112|1361|607|259|244|4074|1593|460|433|5427|2414|608|570|39065|4873|38965|4876|100|125
04000C0US06|10828016|63757|666621|16678|155308|6808|4600|1164|16328|2399|4033|1074|8088|1476|119255|5845|60578|4442|51224|3525|7453|1533|3004|1103|133407|7228|6742|1422|6411|1668|36314|3658|62245|4611|14448|2008|6574|1460|673|455|75404|5228|9112|1714|28521|3031|18987|2595|6045|1276|16933|3466|1851|912|299848|13280|1443|821|10846|2319|5537|1698|8991|2214|7354|1871|8869|2078|8423|1761|3457|1254|3341|1185|7466|1683|1448|940|21171|3046|23518|3122|85299|7580|3333|1077|83206|9608|16146|2529|2654|1279|4431998|35025|1415532|25283|1002857|23791|719807|20662|102366|6673|180684|8109|99879|6470|307981|11737|4815|1845|1070270|26262|76085|9660|20876|3983|307|246|625262|19554|229408|12028|13235|5094|26027|5088|55995|7072|10020|2609|9418|3509|3637|1449|1610569|23708|27105|4726|49269|5007|35461|4186|39279|4896|15627|2282|852877|19907|10876|2162|67052|5950|512975|17272|48|80|321584|14203|96600|9294|5758|1631|5634|2355|43615|6633|35035|3931|14933|3374|5969|1519|28865|3790|7047|2030|30480|5594|26351|4192|4419|1310|13235|3508|3643|1221|14043|2891|231918|13370|68868|6839|7326|2444|29704|4802|12164|3439|3692|1939|3653|1301|4182|1235|2193|1157|5954|1554|8557|2645|4315|2151|544|423|2532|1462|1166|655|66273|7369|4142|1760|46260|6014|9696|2676|2890|1034|3285|1290|23633|2676|23377|2705|256|178|59603|7624|132|209|8401|2214|1344|887|3171|2613|40574|6770|1078|554|2381|1282|762|655|1760|1177|4984|2099|82647|6461|31831|3755|25112|3446|6719|1585|36037|3983|567|347|95|156|14117|3122|5414832|47959|5290343|47059|69720|6097|739|502|928|434|25357|3330|266|205|7929|2111|422|393|9270|2931|16957|3292|198|220|550|542|4192|1194|1149|734|1763|833|4892776|45391|14630|3580|12643|2490|455475|15893|332966|17461|72792|7832|3912907|39408|82542|9095|7552|1817|1269|777|327847|15143|28254|3686|11061|2248|53015|5269|17098|2985|84190|9124|24272|3510|2460|994|78025|8986|3004|1027|22879|3666|3589|2031|124489|6986|124115|6979|374|249
04000C0US08|576268|19151|78549|6662|19373|2626|378|245|1766|1117|418|253|1366|675|15132|2415|6020|1407|7542|1907|1570|644|313|310|24098|3210|1071|507|431|323|4605|2025|14827|2319|1598|761|1566|836|0|224|3990|1041|328|319|2403|842|238|242|0|224|1021|500|0|224|31015|4632|1205|1835|1941|1232|1405|794|2579|1488|209|212|1598|846|865|321|503|429|411|318|558|488|43|69|2482|849|2245|1249|8252|1971|165|195|4842|1595|1712|1046|73|116|137996|6005|42900|3910|23850|3300|18970|2933|1573|726|3307|1101|3945|1209|14540|2202|565|484|45289|4565|3783|1816|641|469|1138|894|26401|3801|2709|1131|945|668|5152|1979|1768|1013|557|394|1304|912|891|736|38023|3345|1343|819|1331|1024|2198|935|2576|1502|825|617|12050|2088|392|340|4145|1408|13163|2551|0|224|11527|2831|521|542|570|701|444|373|1459|976|2770|1382|664|558|774|626|819|467|575|500|912|664|1261|881|156|154|0|224|602|549|257|339|48982|6854|22157|5068|2253|1885|9540|2479|2043|1098|2538|1917|27|46|500|468|1546|1100|3710|2265|4707|1966|1183|1117|1486|1244|1805|1254|233|255|5712|3279|147|244|1071|578|1307|779|2770|3202|417|494|3147|1247|3147|1247|0|224|12727|4437|0|224|5633|2294|918|1310|0|224|1697|951|1536|1583|0|224|313|380|2630|2248|532|544|8503|3286|5061|2367|3925|2209|1136|591|687|780|41|70|2079|1694|635|440|302238|16030|288917|16128|17761|4053|339|337|142|238|9020|3405|77|138|1778|1173|73|121|1711|1315|3949|2191|153|250|0|224|171|186|0|224|348|339|210712|12198|535|516|778|567|8080|3339|6666|2499|6287|2489|184584|12389|2753|2317|1029|617|0|224|60444|9617|1737|816|935|848|8404|2098|1818|934|10255|2960|2443|1153|355|355|12367|4674|133|160|21672|7294|325|340|13321|2127|13101|2081|220|242
04000C0US09|566924|13950|109593|6681|16394|2399|334|197|3360|1006|493|426|356|289|11542|2114|6461|1630|4289|1544|792|412|309|228|13865|2880|476|425|494|414|2539|892|7376|1937|1832|1013|1148|749|0|225|24319|3459|2229|1258|10879|1925|9066|2252|167|266|2145|1267|0|225|54730|5685|4708|1468|657|487|4863|2367|974|777|300|257|895|498|1825|795|349|305|760|589|289|369|628|606|20658|3099|1269|692|5928|1531|366|453|6303|2385|3958|1725|285|270|131847|6526|35356|4290|27229|3659|24414|3662|1546|647|1269|591|2184|958|5943|1597|0|225|59354|6078|2107|2003|2840|1391|0|225|43112|5246|2219|1211|712|484|2485|1348|4618|1961|121|151|887|723|253|320|25193|3539|61|81|1168|1075|823|595|2386|1251|264|271|12187|2632|1399|1296|1425|693|5480|1669|0|225|11576|3353|293|271|51|87|136|161|179|210|1851|1265|102|124|204|187|1071|551|629|741|3656|3219|1257|602|50|84|1862|1224|235|236|368|618|25825|4945|1638|1271|0|225|63|104|279|284|0|225|760|1089|228|277|0|225|308|232|1691|843|512|507|0|225|1061|710|118|196|7828|3707|176|236|4726|3556|2181|968|638|718|107|122|2548|1174|2239|1099|309|402|9983|2255|460|433|5068|1764|59|98|94|114|3387|1141|378|455|195|326|342|366|0|225|2137|1236|1245|641|1175|630|916|601|259|226|0|225|0|225|0|225|70|129|298414|13218|286368|13194|107099|7489|415|663|231|327|2901|1298|849|509|29020|4698|112|129|18764|4606|46740|5021|1835|1371|827|721|4181|1537|366|423|858|585|67585|6725|213|291|2340|1021|11033|3084|20574|4726|7595|2717|21366|3988|3235|1785|1115|644|114|188|111684|8607|3789|1308|435|335|21258|4249|4133|2783|19228|4313|29355|5731|8145|3050|20193|4256|900|818|3969|2306|279|357|12046|1980|11968|1935|78|131
04000C0US12|5320175|54097|446956|15391|93786|7465|2162|1124|7818|1973|2239|1166|5514|1875|71458|5833|31334|4019|33759|3696|6365|1506|4595|1740|87405|6936|2998|952|2811|946|18545|3439|49581|4608|8638|2125|4392|1895|440|388|74882|6956|10066|1844|28677|3911|11710|2588|808|455|23824|4240|605|436|189999|10592|9792|2960|4751|1629|5222|1694|6330|2318|3490|1042|9603|2255|9187|2582|2087|887|5810|2694|2993|1421|2562|1425|25625|4232|15518|3065|36890|5648|3656|1359|35331|5748|11152|2173|884|580|564030|17736|109796|7197|77819|6620|63805|6921|6117|1517|7897|1896|10916|2706|20561|3080|500|500|165601|13338|2907|2318|12963|3530|0|247|110316|8551|10686|2973|2745|1047|3551|1855|14467|3515|2648|1360|2867|1293|2451|1511|196283|11723|5812|2489|5302|1855|2453|972|4547|1784|2918|1097|96717|8038|2252|1024|13312|2684|62970|6962|0|247|82385|10721|900|805|559|328|1705|1603|8544|5364|16467|2651|5442|1749|2517|1050|9444|2323|4697|1855|10441|6457|18376|4756|1964|925|94|109|1235|495|9965|6186|100665|9717|19402|3822|629|459|5783|2791|4661|1638|688|897|2588|1054|1274|704|1577|1158|2202|950|5779|2832|3321|2406|219|292|928|656|1311|940|31854|4523|1693|912|14567|3603|10173|2573|1813|1112|3608|1789|14829|3979|14048|3770|781|1088|24978|5296|778|788|4435|2112|783|744|2580|2048|13417|4046|571|653|755|786|1049|810|610|718|3823|2615|13620|3010|12257|2812|10291|2714|1966|809|164|263|0|247|21|44|1178|787|4194904|47566|4081841|48097|2085079|36844|21196|4478|6231|1870|1173337|25052|6517|2411|151811|11397|2246|995|396395|21343|248505|16283|4501|1761|1820|1078|50492|6747|2625|1320|19403|4265|724844|24226|5142|1746|23475|4411|52852|6613|119793|13453|121085|12953|255411|12978|121454|11169|24268|4153|1364|1264|1271918|34186|60237|5347|10231|2953|178082|14376|24920|4278|379178|16614|63913|6883|36864|5330|97138|8021|17456|4444|399369|22056|4530|1596|113063|7101|112358|7097|705|505
04000C0US13|1235453|24064|91290|7196|25395|3473|436|291|1253|531|248|213|705|427|21879|3206|11066|2629|9413|1993|1400|652|874|469|24188|3728|548|386|1196|1150|3878|1678|15397|3016|2590|1293|579|355|0|232|6416|1566|1823|1060|1943|741|452|331|0|232|2198|730|0|232|34829|3430|216|287|887|430|4664|1744|2799|1242|186|133|874|596|997|833|311|340|229|198|815|598|90|173|3731|1546|4834|1474|6207|1631|753|438|5406|1684|1830|920|462|386|390439|9061|108845|8205|55027|5567|45047|5516|3361|1102|6619|1524|6371|1731|47404|5591|43|73|167512|9345|6108|2853|8382|2159|2211|1710|122247|7311|8627|2158|946|679|5968|2662|10420|2560|1754|945|668|423|181|152|89514|7318|4974|1514|5445|1950|2481|934|4632|1361|2315|941|19913|2899|579|486|4615|1418|44560|5363|0|232|22818|3762|57|101|300|219|869|795|2510|1226|4979|1989|567|440|151|184|1801|1151|1316|891|1932|1884|6640|2413|1105|667|0|232|591|490|1750|1187|129675|11096|47797|6741|1814|1194|21071|5073|9026|2848|1459|850|1846|1025|3339|2167|2097|1532|7145|2982|13289|4178|4457|1813|1892|2064|4247|2585|2693|2521|6901|2401|537|473|1773|882|1770|1013|2066|1343|755|478|6459|1876|6025|1679|434|718|52791|6866|403|437|10395|4209|2799|1332|1870|958|26997|5375|1600|1119|2143|1416|1348|850|5236|1607|2438|1246|4043|1398|3476|1167|3222|1133|254|194|0|232|0|232|479|733|88|101|620006|17361|601124|17222|140660|12179|1749|785|1805|1009|15257|3988|1697|1103|13305|3030|347|436|24606|6093|64481|6967|378|333|1220|898|9508|2496|1405|1236|4902|2127|322492|12354|888|708|2619|1430|28739|5634|43923|7528|20183|4176|210056|10970|8873|2938|7211|2343|0|232|137972|11613|3829|1478|1033|642|18247|3537|3400|1649|37341|6169|4542|1445|9723|3841|13062|3492|2104|1163|43344|8564|1347|975|18882|3262|18094|3230|788|605
04000C0US17|1915776|28824|362852|14467|24778|3084|459|412|6645|1420|592|360|975|618|15716|2532|7758|1559|7291|1840|667|380|391|320|29423|3805|1329|589|856|533|6134|2523|18648|2366|1491|645|965|665|0|208|30612|3324|11250|2156|12929|2076|614|444|44|74|5819|2593|0|208|275791|11956|5259|1932|3226|985|10018|2203|8571|2309|2102|860|5625|1809|2282|1252|1334|545|10026|2971|5452|2169|4049|1523|112766|8694|13245|2468|20918|3845|4596|1307|53683|7345|12639|2397|2248|1423|598185|14266|157318|9609|100665|8854|84440|8173|7282|2441|8943|2233|10186|2883|43025|4770|3442|1598|237232|10929|4045|2852|5871|2567|150|250|172391|9456|8508|2571|1440|871|2867|1362|30010|5458|2075|1402|2863|1385|7012|3383|139851|8383|5753|1887|1152|554|3126|1375|3763|1685|4557|2686|88799|7106|1065|737|8235|2003|23401|5023|0|208|54916|7384|922|1171|2343|1646|51|87|11978|3648|3540|1513|10617|2560|3267|1465|3258|1050|3988|2069|4331|1705|5566|2014|2530|1008|1684|1081|841|582|8868|2655|90036|8918|19261|3775|963|638|3422|1500|3749|1482|717|656|2662|1524|1940|858|1348|1366|4460|2177|6993|2668|4302|1847|1077|1029|682|765|932|1153|13892|3411|2210|1025|4833|1682|5194|2874|515|447|1140|624|2936|1064|2889|1063|47|78|43083|6297|0|208|7373|2536|325|368|981|816|27171|4899|158|262|853|732|3698|1809|2524|1747|3871|2172|3863|1209|3076|980|2358|813|718|445|164|268|0|208|0|208|623|415|860840|20447|838555|19500|23503|2978|396|443|281|238|8129|1939|307|451|3479|1427|0|208|3185|1542|6695|1685|0|208|163|241|419|365|112|186|337|404|682616|18949|3036|1359|1440|673|9800|2852|25979|4388|15215|4089|619379|17989|5976|2806|1614|759|177|173|132436|12971|6176|2514|1118|667|9625|2650|2991|1615|31116|5487|29427|6808|1162|766|11040|2467|211|271|37929|7450|1641|1473|22285|4213|22120|4210|165|202
04000C0US18|442663|17516|34791|4300|7544|1418|196|179|488|343|153|192|622|473|6025|1429|2484|1210|3035|943|506|296|60|73|6675|1372|152|175|146|158|982|458|4775|1143|359|234|261|238|0|211|3547|1073|1279|716|1260|623|0|211|0|211|1008|760|0|211|16845|3276|409|393|148|246|1080|704|672|674|907|517|544|359|264|234|107|128|309|271|0|211|893|586|4110|2197|1350|760|2585|956|802|505|1006|562|1659|784|180|228|144884|6052|37407|4640|22160|3374|19608|3342|540|410|2012|825|4935|2737|9445|1785|867|1020|52148|5830|4187|2647|1457|923|98|166|39902|4925|1509|1252|370|477|1137|856|3041|1247|402|392|45|75|0|211|44026|5109|13798|2587|190|220|1668|975|1007|783|2015|949|15132|3343|449|319|4490|1881|5232|1527|45|80|11040|3165|397|501|43|73|0|211|475|637|1625|818|2964|1750|104|172|262|218|1055|894|2285|2011|711|432|307|408|0|211|812|551|263|296|58420|10144|13476|5008|1470|1605|863|645|2062|1220|482|367|0|211|0|211|1307|1248|7292|4166|5846|3732|0|211|4378|3653|944|789|524|562|4522|1770|635|614|2497|1306|0|211|1390|1175|0|211|1484|726|1484|726|0|211|32705|7672|0|211|2250|1539|20|33|1149|1664|27026|7352|180|280|0|211|707|802|1373|1189|387|529|2070|616|1059|560|950|562|109|130|0|211|705|97|0|211|306|285|202498|10642|196293|10556|26820|5665|213|338|916|773|3607|1519|0|211|3362|1524|49|83|16727|5152|1705|1051|0|211|0|211|60|107|0|211|181|170|141620|8815|83|102|720|586|8017|2180|12683|3232|12060|3934|101126|8177|6240|3087|691|467|0|211|27853|4650|1840|1211|1831|1659|2378|903|784|495|3525|1475|2006|1323|139|206|3711|1773|57|97|11582|3015|0|211|6205|1718|6156|1692|49|91
04000C0US24|1060303|22677|80076|6587|15928|2195|401|380|1267|542|576|459|492|315|12671|1909|6572|1506|4216|1032|1883|1026|521|363|18072|2958|700|360|1087|905|5449|1849|9304|1686|956|411|576|279|0|228|11821|4023|2557|1250|3503|1128|1030|686|0|228|4614|3720|117|141|33653|5113|536|391|1765|966|1128|1071|1688|1075|242|243|703|415|1239|833|1291|798|711|514|1464|822|266|395|3550|1247|1483|605|7393|1849|333|316|8805|2530|1056|561|602|528|319212|8166|101671|6136|64184|5932|51149|5302|4356|1337|8679|1877|5646|1411|31841|3708|0|228|122590|8189|9931|4095|11334|3269|0|228|61781|4781|10050|2506|929|784|6095|2272|15842|4442|4597|1671|2031|1218|0|228|78463|6698|4386|1904|1944|739|3269|1374|374|347|1520|681|46108|6371|560|380|3746|983|16556|3224|0|228|16141|2781|961|1088|481|444|238|342|890|845|3482|1483|914|750|504|376|1125|747|1520|1031|1608|1111|3292|1344|415|349|0|228|711|500|347|272|208315|14242|54770|8499|4278|2169|33932|5661|6629|3172|685|598|2650|1762|2272|1742|752|604|3572|2110|22566|5292|20349|5031|449|475|1196|835|572|407|8412|2638|271|204|3465|1157|2342|1160|1422|1261|912|923|2811|997|2522|960|289|380|115156|11133|653|1111|20452|4804|3532|1859|5482|2210|55132|7556|3291|2060|14484|3958|4407|2135|7723|2784|4600|2331|2715|891|2207|832|1635|765|572|334|0|228|0|228|72|108|436|316|449985|13619|442238|13667|79230|7855|1988|1228|1689|839|3370|1892|223|238|13830|3247|1417|992|8827|2512|31713|6440|1253|664|0|228|11687|2477|704|769|2529|885|272051|15597|337|338|987|590|138736|13098|49125|6931|37523|7637|32928|5214|8342|3824|3613|1681|460|692|90957|8899|5110|1512|8039|2890|11027|3118|4749|1764|17404|3082|6062|1992|9311|2829|19891|5111|839|509|7855|2708|670|448|7747|1680|7611|1677|136|152
04000C0US25|1332623|21781|215077|10494|38881|4806|679|452|14424|3129|203|146|2186|938|20561|2865|9554|1808|9899|2152|1108|521|828|475|23883|2627|512|291|1617|794|6841|1573|10901|1836|2245|829|1632|643|135|153|69705|5274|8527|1841|13479|2140|42299|4385|10493|2105|5204|1655|196|182|82425|7669|17563|4445|3984|1388|2169|947|2166|1003|498|561|1634|827|1358|820|1082|533|1219|579|3973|3223|366|343|9017|1905|2746|1107|20054|3004|720|585|9660|2187|4216|1460|183|230|390705|9777|148594|6944|122031|7275|104108|7400|8815|1495|9108|1888|6370|1637|20193|3089|0|228|127270|8210|1433|1345|8391|2881|1119|857|87402|7272|7015|1856|1747|1158|8321|2099|7551|2388|2513|1616|1023|705|755|537|76450|6510|900|413|11428|2356|2879|1981|2829|1467|1503|576|10856|1959|641|358|6006|1370|39408|5272|0|228|37843|5570|711|391|2284|1108|375|364|5046|2753|5935|2554|1164|1061|465|406|7336|1762|1067|744|5154|1547|7052|2093|638|419|0|228|616|560|548|543|134509|9025|29527|4603|370|357|5928|2117|10309|3148|1771|1068|1658|1178|5447|2806|775|719|3269|2038|4012|1469|1315|905|1034|730|494|347|1169|689|23432|3709|1338|810|6693|1942|11054|2534|1506|1179|2841|2026|3748|977|3678|966|70|82|68673|7708|33704|5799|13105|2953|207|192|4761|2567|12153|3630|1899|1079|2013|1066|0|228|831|721|5117|2304|5376|1242|4794|1196|3771|1099|1023|455|185|143|0|228|0|228|397|146|586956|18084|561016|17806|220786|13114|265|272|3353|1639|3147|949|1987|1045|115675|9110|155|144|66579|7427|16727|3704|1032|1136|772|546|7820|2282|676|580|2598|1427|128762|11190|621|550|2657|1418|45703|6235|44600|8620|11781|3385|14536|3274|2941|1574|1659|876|4264|2165|211468|12307|2859|1015|804|530|130198|10400|2960|1187|34493|5744|20605|4971|1713|917|8908|2726|2126|1097|5641|2038|1161|981|25940|3014|25497|2989|443|438
04000C0US26|741697|16112|112381|7300|13785|1925|244|285|909|568|122|144|336|218|11586|1877|5931|1547|4306|897|1349|476|588|525|20084|2770|1168|623|656|306|2860|873|13088|2458|1787|554|525|379|0|187|12866|1752|2639|889|8101|1547|190|164|0|187|1437|612|499|339|65503|6194|12772|3111|578|553|4727|1760|1602|1387|806|568|1124|716|940|532|104|103|558|353|514|456|4004|2420|9862|2204|9442|2107|4700|1166|831|346|6924|1946|6015|1568|143|180|395494|12060|69599|5153|37120|3785|32133|3569|1212|663|3775|1147|7633|1651|24618|3533|228|226|133478|7566|1989|1170|25599|4917|0|187|87930|6477|5008|1556|453|603|2127|1051|9353|3312|837|659|182|200|0|187|51228|5058|3287|1700|2480|1470|1482|988|2727|1180|1939|742|19961|3082|472|385|5338|1525|13542|2914|0|187|139489|9750|568|605|1217|736|27|57|53479|6182|2151|1158|5304|1732|847|422|27822|3698|2935|1385|8351|3344|2079|964|1118|752|33170|5642|421|403|1700|731|44013|5981|10968|2647|733|1050|2602|1038|1755|762|381|366|1150|1202|509|513|659|594|3179|1675|7815|2864|1308|1196|2764|1561|3499|2163|244|330|6814|2153|633|604|3890|1578|367|264|1128|818|796|945|2830|1409|2774|1408|56|95|13712|2796|0|187|2334|877|0|187|790|608|8881|2258|379|386|439|428|0|187|889|600|1874|1490|2356|903|1648|582|1215|517|433|269|0|187|0|187|253|315|455|614|187453|9273|159553|8166|29314|5370|126|158|145|124|9660|2757|60|4|5187|2017|1798|1854|4247|2353|6468|2449|258|309|132|173|1233|977|0|187|0|187|98303|7011|80|96|752|427|3260|1162|9408|2247|4825|1469|76685|6587|1996|1526|1274|794|23|44|31936|5360|1838|594|515|333|8895|2071|702|402|8235|2454|1851|996|0|187|935|608|212|187|8516|4718|237|268|27900|3286|27900|3286|0|187
04000C0US27|473153|11345|43076|4596|8126|1622|353|253|883|545|357|248|1018|523|5397|1257|2970|934|2077|648|350|286|118|139|8655|1556|321|217|613|567|1336|488|4630|1025|747|411|940|810|68|112|3127|837|441|336|1319|571|512|584|0|157|852|404|3|6|23168|3977|306|515|3211|1420|2083|968|439|368|299|457|981|594|163|176|173|176|0|157|1398|778|52|94|1182|422|650|425|4429|1191|0|157|6304|2009|1498|566|0|157|164419|6366|36186|3171|20202|2292|16981|2273|902|490|2319|912|2334|929|13511|2104|139|160|41359|4238|1357|1066|2728|1426|245|312|28513|3676|2378|1021|79|102|2391|1138|1460|906|873|588|538|871|797|958|74544|4531|6943|2489|5194|1484|498|497|20988|3007|469|367|12438|3015|169|172|14277|2344|13475|2256|93|120|10891|2496|0|157|650|674|298|458|2826|1204|794|460|429|366|273|349|866|693|2131|1498|325|511|1878|1125|174|230|155|178|92|153|1439|1176|140066|8360|88984|7640|1293|946|27835|4962|16896|3354|38787|5786|1375|969|1245|919|409|289|1144|642|5692|2357|4331|2216|315|543|1046|933|0|157|4543|1969|332|304|2489|1644|644|464|307|326|771|913|1484|903|1460|899|24|46|36798|5960|295|492|3431|1573|198|227|12123|3838|11086|2940|70|136|2730|1454|674|605|6191|2915|2565|1577|1533|779|833|365|806|364|27|45|0|157|404|579|149|201|147|206|124059|6326|116799|6106|7080|1928|0|157|0|157|991|773|0|157|1622|883|0|157|1765|1113|1467|913|0|157|125|162|396|333|320|339|394|520|71719|6454|105|128|293|203|5618|2257|3745|1254|5952|2333|53493|5599|2168|1284|345|389|0|157|38000|5267|1430|806|160|277|3113|1003|933|804|5064|1248|12784|3989|3027|1080|2198|1083|372|345|8675|3370|244|216|7260|1453|7260|1453|0|157
04000C0US29|273215|11853|43353|4725|7759|1765|502|680|456|227|125|186|296|264|6326|1518|2722|1056|2633|969|971|746|54|90|7953|1813|413|297|104|143|813|422|5871|1499|586|391|166|176|0|198|2344|967|661|603|735|351|508|711|0|198|392|280|48|80|24019|3618|1399|764|345|297|8605|2478|1459|1373|746|536|473|338|565|518|0|198|89|146|174|226|0|198|750|387|770|530|3719|1167|292|386|3308|1124|1325|696|1278|1942|106228|4191|25926|2633|17679|2089|15069|1982|611|344|1999|860|2110|1010|6137|1397|0|198|39028|3997|1813|1104|2474|1061|565|657|25017|3404|1702|1025|269|273|1808|973|3984|1641|404|555|619|554|373|490|29428|3387|1105|765|151|179|683|563|760|460|661|436|12340|1929|54|91|1978|1009|11638|2474|58|81|11133|2959|0|198|235|249|304|291|2205|1582|821|506|526|573|295|357|978|703|1079|913|2046|2159|2025|1046|569|488|0|198|50|86|713|754|29816|7070|13633|6034|214|259|4179|1925|2102|916|1403|957|1449|2161|7|13|545|590|3734|4680|2208|1017|201|244|413|336|1594|957|0|198|1343|758|342|534|279|254|400|407|0|198|322|296|1920|1135|1920|1135|0|198|9716|3058|0|198|1861|1347|418|461|496|584|4599|2117|0|198|1056|978|831|1191|455|507|996|973|3656|1951|493|309|451|302|42|71|387|585|303|445|2117|1873|356|192|90162|5850|84208|5818|11594|2611|246|210|219|221|4452|1803|0|198|2041|1013|0|198|2381|1434|2101|1254|0|198|0|198|67|112|0|198|87|104|57596|5024|215|149|56|71|3494|1550|8218|2280|2969|1310|40155|4539|1872|1242|556|365|61|100|15018|2915|1280|644|261|232|2768|1153|665|702|3253|1424|738|659|610|348|1094|655|37|63|4174|2163|138|156|5954|1960|5954|1960|0|198
04000C0US32|631247|15870|42075|3744|8487|1698|49|80|1190|695|97|112|265|295|6721|1371|3290|1072|3245|907|186|167|165|221|10851|1901|405|306|239|299|2309|878|7185|1596|361|338|352|231|0|236|5364|1671|1645|1230|2642|1030|264|212|0|236|813|523|0|236|17373|3026|1172|1167|583|539|1014|653|1489|726|312|209|383|299|1809|963|47|77|269|233|117|196|262|344|2893|1276|1617|775|1849|915|555|537|1647|1014|1355|761|0|236|206617|7752|53279|6947|35070|5428|26914|5157|3457|1119|4699|1228|3443|1000|14766|3669|0|236|21667|4265|886|725|811|611|0|236|12014|3376|4731|1640|67|113|1838|2177|348|242|367|234|256|229|349|560|124183|7680|1615|1461|1377|774|1609|997|1201|715|95|119|98976|7079|361|221|6527|2240|12422|3740|0|236|7137|1634|1116|635|304|274|242|280|619|454|2016|1015|522|522|72|120|1037|631|23|41|299|248|729|536|76|129|0|236|82|138|351|405|21753|4296|13379|2981|588|512|8165|2555|1389|922|528|608|839|972|746|827|272|279|852|570|1634|1234|139|229|757|678|738|1029|0|236|668|412|252|306|196|162|172|203|0|236|48|80|755|454|755|454|0|236|3952|2369|259|426|2431|1570|298|485|0|236|211|153|113|134|0|236|0|236|640|965|1365|929|5233|1538|1438|689|1166|669|272|225|420|469|49|84|299|392|3027|1411|355569|13193|345172|12884|37247|6312|0|236|315|381|32754|6020|0|236|1750|919|0|236|178|249|883|686|159|254|0|236|1098|787|42|70|68|112|275405|11459|155|147|492|346|29147|5555|17378|4893|6134|2120|214383|11264|6953|3165|711|648|52|86|32520|5939|2645|998|512|377|10382|4394|1917|1282|6315|2266|1707|1066|200|234|5221|1563|77|128|3440|1739|104|126|10397|2192|10304|2201|93|154
04000C0US34|2376424|26296|283069|12989|31598|3173|1170|660|5878|1831|346|224|602|312|22875|2696|10001|1405|10670|1994|2204|723|727|380|28459|2851|1773|643|701|300|6872|1668|14377|1977|2227|875|2336|877|173|215|72696|6310|9254|2026|29443|3728|24543|3349|381|503|9308|2513|148|193|149627|8414|9929|3349|4450|1634|1961|1068|4612|1881|2443|913|5694|2013|3224|1103|1271|608|1276|669|1384|633|5294|2335|47634|6035|5893|1961|20595|3080|1863|828|23054|2969|9050|2041|689|524|749827|12118|199500|9469|118724|7938|92412|6997|9911|1797|16401|2607|11034|2352|69646|5745|96|143|367285|12498|1115|918|16588|3711|0|226|296806|11676|5273|1457|1467|786|5970|2155|30678|4776|4224|1671|3877|1848|1287|887|118822|7825|2000|814|1289|740|3710|1977|748|541|2714|1137|87116|7887|841|412|2346|885|18058|3634|0|226|60528|5543|1085|570|1288|682|4277|1739|2176|902|9230|2048|4266|1644|1037|588|5011|1689|3620|2076|7194|2404|18567|2992|683|525|394|483|1700|912|3692|1320|142051|11831|13208|2595|552|569|2536|1330|6366|1921|153|255|407|398|857|652|989|608|1348|765|6399|2698|3019|2081|292|232|51|92|3037|1710|40369|5645|2907|1511|28841|5057|6747|2348|202|236|1672|867|5497|1519|5342|1512|155|191|75107|9273|629|462|24859|5430|1507|1185|8879|2733|26899|4814|3799|2115|1636|1174|1980|1084|4919|2463|1471|1106|4814|1274|4306|1186|3052|941|1254|661|0|226|0|226|72|122|436|481|1196663|22827|1178247|22723|407669|18075|341|232|1886|1047|41816|4960|3622|1811|222798|12714|2852|1410|53024|9071|64407|8405|1756|899|572|490|11090|2894|742|473|2763|1155|324772|15883|1667|973|16605|3562|55423|6753|71939|9403|48756|8229|118504|9223|7854|2294|3813|1505|211|244|445806|16235|12285|2996|3311|1245|60160|7172|6792|1937|108110|9683|122301|10344|23413|3960|70491|6982|9002|2852|25145|4783|4796|1992|18416|2337|18219|2337|197|244
04000C0US36|4566458|41787|650876|17778|94118|6253|2310|1096|24352|3363|1688|777|4146|1364|59625|5484|34382|4006|22328|3287|2915|1218|1997|1032|81196|6060|5112|1269|3904|1056|25867|3390|38276|3787|4734|1521|2977|906|326|305|118871|7666|25813|4046|68400|4682|10572|2394|0|220|13308|3193|778|510|354427|13442|28601|5734|16004|3128|8881|2291|5517|1699|6345|1941|5910|1629|7553|1773|1226|472|3360|1468|5435|1677|3956|2305|60797|6548|13518|3883|61744|6340|3905|1630|83228|7877|38447|3955|2264|1206|1383654|16198|625054|13800|515918|13562|447379|13636|37259|3750|31280|3932|25209|3439|82721|6543|1206|597|464083|15260|12445|3796|148520|10463|3069|1491|153035|8611|15554|2952|5069|1343|18744|4288|61397|6812|5666|1639|34582|5851|6002|2155|161446|9145|14190|3330|3160|1509|6171|1730|1425|913|10783|2279|93442|7691|2047|775|8380|1672|21790|2944|58|96|129065|9383|1798|1117|6118|1764|13494|2946|4927|1669|31591|4195|4773|1481|977|609|7513|1926|1772|823|6368|1865|23638|3738|2918|1025|19351|5217|3827|1297|4006|1583|237459|13785|31399|5368|1668|945|7335|3051|8353|3063|4748|1881|1882|1123|1913|1208|1723|785|3777|1430|11985|3731|2011|1267|4460|2953|3263|1831|2251|1356|49610|6458|3656|1417|26658|5112|11912|2397|4108|2049|3276|1648|9036|2035|8086|1762|950|893|120639|11138|0|220|38887|6578|5924|3095|4314|1801|34638|5300|10995|4806|3320|1309|1705|1248|20856|5056|14790|3890|15608|2880|14629|2718|12096|2409|2533|1114|65|112|0|220|0|220|914|693|2278861|30976|2223459|31153|1048950|29776|2197|826|23320|3980|21223|3609|6419|2361|467790|20375|18179|4099|137090|11748|230385|14111|13628|4507|11829|2670|86557|6376|8997|2454|21336|4007|528258|21618|5114|1376|9278|2511|123152|11777|83625|11359|61433|7358|219986|11847|10018|2748|14389|2682|1263|526|646251|22034|18180|4113|5423|1605|31605|4836|16524|4685|111235|9773|214615|13968|150372|9942|58894|7901|5211|1539|25388|3986|8804|2461|55402|4597|54939|4541|463|439
04000C0US37|978417|23311|92633|7104|24704|3522|1374|1419|2068|1019|399|299|1039|536|19701|2935|8786|2027|9645|2169|1270|539|123|134|22015|3081|910|593|1844|2032|2969|1268|14437|2021|1112|550|642|448|101|175|8931|1617|2018|753|3840|995|1355|570|7|13|1544|801|174|174|36905|5055|955|952|1040|514|2137|1395|1611|866|340|266|970|465|1307|685|258|221|530|506|2902|1380|109|129|3792|1073|3867|1690|8379|2080|476|332|6068|1796|2164|1718|78|128|290252|8646|63474|5474|40839|4572|34626|4143|1942|980|4271|1387|6065|1880|15931|2722|639|722|139795|8366|2819|2175|2350|1316|37|65|112750|7926|3927|1489|1194|1169|4103|1832|8419|2755|965|867|1482|1177|1749|1616|67610|6353|3196|1688|1923|1014|1088|556|5978|1663|969|491|20246|3989|733|405|4866|1094|28611|4688|0|226|19008|4128|265|287|573|531|228|224|3408|2016|1530|832|2459|1126|882|603|1738|939|1585|1071|1367|1013|3328|1403|60|101|1010|977|575|442|365|276|82587|10265|21818|5591|3387|2533|8397|3519|4303|1631|736|819|752|653|1324|979|923|773|1996|1123|6632|2506|900|752|2708|1811|2872|1839|152|244|14923|4311|1361|1160|5304|2387|3749|1440|3606|2735|903|743|5346|1701|5294|1695|52|87|28841|5414|113|207|5545|2307|872|953|3882|2492|11462|3990|1011|885|1322|913|2642|2966|1992|1567|5027|2400|4479|1476|4042|1447|3398|1390|644|408|27|47|0|226|67|174|343|316|508466|15327|491766|14442|60381|6795|1528|976|715|532|9190|3120|186|228|16249|3754|0|226|11840|4053|14221|3010|597|577|359|427|2671|1335|496|518|2329|975|340833|14253|823|829|3951|1926|38977|6441|36991|5966|54239|7779|192920|10084|9455|3320|3477|1110|0|226|90552|8199|5048|1704|405|270|10588|2537|3171|1506|30339|5656|8618|2711|2560|1069|9166|2422|1060|1365|18514|4622|1083|581|16700|2734|16656|2733|44|61
04000C0US39|628845|17137|99904|7403|14642|2181|277|178|817|493|178|200|582|285|12528|2080|6670|1740|5023|1127|835|402|260|204|17141|2170|1316|551|670|404|2392|848|11209|1481|968|604|450|269|136|178|11778|2122|3205|1496|5573|1104|787|602|243|334|2088|897|125|157|56264|6328|3202|1197|1558|849|2252|800|773|641|2488|905|1284|624|1827|698|264|232|1065|883|438|447|777|478|3084|672|5637|2062|7860|1735|1850|1139|16556|4702|5349|1619|79|132|253761|8244|58927|5239|40380|4499|34747|4052|1201|560|4432|1919|7566|2142|10981|1885|0|211|120527|8510|1576|1127|2427|1285|19438|5041|69503|7443|5266|1620|1661|700|12459|3176|4422|1553|537|405|1482|847|1756|1565|43328|4282|3387|1582|2462|1229|1440|665|1390|689|1361|698|15557|2742|739|521|4525|1822|12467|2814|0|211|28160|4899|194|238|388|309|102|128|4245|2455|2181|1011|3447|1589|1655|1052|4386|1727|1253|962|4541|2016|3794|1754|1304|717|120|129|550|357|2819|1194|101988|10653|33035|6084|1841|1621|5283|2008|9049|2848|10688|3185|908|703|2729|1275|466|420|2071|1231|10471|4370|3555|2599|4882|3119|1317|635|717|624|15281|3260|3498|2043|4585|1249|4253|1828|2117|1312|828|691|2798|1381|2798|1381|0|211|34343|6472|0|211|9050|2251|1091|1096|2192|1393|7853|2579|1595|875|2071|1955|2262|1282|8229|3260|6060|2436|3341|982|2627|930|2282|927|345|219|0|211|16|27|698|215|0|211|169851|9896|157107|9894|33940|6342|233|299|57|93|2952|1449|333|371|8931|3405|0|211|14479|5026|4669|1423|166|207|344|373|1587|1393|0|211|189|189|78093|8000|218|218|299|329|6596|2425|11589|3678|10878|3456|44509|6280|3567|1968|318|250|119|169|45074|6988|1576|800|733|676|7995|2246|1205|690|8488|3183|5936|2798|855|561|4030|1455|815|757|13009|4818|432|448|12744|1860|12672|1847|72|116
04000C0US41|390513|11157|56463|5361|11647|1940|224|310|998|460|129|140|1164|602|8911|1672|4221|1207|4240|1063|450|290|221|190|12410|1793|433|381|523|360|1764|884|7588|1236|1492|777|610|297|0|220|3975|1465|539|330|921|769|684|608|162|160|1755|1025|76|100|28431|4445|549|593|178|249|752|622|140|208|262|282|416|248|596|341|855|915|118|156|285|309|168|285|1265|666|3721|1314|4259|1122|188|309|14005|4262|674|474|0|220|134053|4727|43590|3940|23269|3424|17038|3043|2648|975|3583|1124|6458|1865|13863|2445|0|220|34199|4710|2406|2199|3261|1694|0|220|19683|3783|2316|927|728|538|1887|1962|1561|1226|842|807|737|679|778|602|46726|3450|2748|1508|1825|879|2199|1030|3484|1195|1071|718|12406|2399|573|427|5630|2073|16790|3266|0|220|9327|2475|77|132|411|400|120|135|2143|1297|1073|476|1193|1119|245|230|621|372|601|606|893|892|1699|1053|62|106|180|251|9|17|211|171|19014|3820|8579|2898|76|147|3199|1496|2754|1594|625|593|283|274|655|476|570|567|417|420|1355|1001|449|450|0|220|588|575|318|490|2846|1861|278|329|392|535|394|299|0|220|1782|1724|2345|1154|2345|1154|0|220|3359|1248|0|220|297|296|294|470|0|220|1957|1092|69|117|0|220|0|220|742|641|530|372|6965|2331|2859|1006|1402|615|1457|778|504|473|96|185|2029|1576|1477|970|174018|7294|163013|7131|7384|2756|89|131|182|290|4919|2815|0|220|272|293|0|220|567|437|1001|721|0|220|120|212|96|144|0|220|138|165|140657|7008|421|528|929|570|1889|868|14000|4628|781|552|120159|7504|2281|1881|197|202|0|220|14972|3651|653|354|101|124|3426|1848|1318|744|3417|1432|638|573|132|223|1499|707|209|289|3469|2435|110|144|11005|1972|10961|1966|44|74
04000C0US42|1035244|30148|166919|10129|26412|3295|481|345|3636|1578|580|411|1038|673|20447|2989|9598|2163|9238|2053|1611|616|230|232|24863|2576|1724|768|1565|830|3390|1120|16877|2039|1008|400|258|223|41|67|26861|3240|6627|1665|13832|2184|3786|1594|0|192|2605|1063|11|19|88379|8456|5859|2488|5340|2107|3857|1114|1022|570|547|277|3006|846|2508|943|681|527|995|663|1032|694|26|47|11759|2441|4636|1479|16455|3592|1498|889|21490|3969|7668|2732|404|539|381929|7749|106755|7062|76164|6162|66592|5811|3280|1093|6292|1600|5980|1217|24509|3165|102|112|167002|9673|4533|2287|9666|2416|13883|3607|103353|7659|4640|1517|1366|963|6629|1912|12413|3153|2553|1575|4915|2435|3051|1707|81342|6254|1513|811|6913|2186|3049|1296|3305|2023|2024|883|21326|3431|541|388|4342|1803|38329|5298|0|192|26349|3953|2007|1275|712|414|301|356|3363|2077|3033|1253|853|582|863|542|1823|644|904|499|5274|1669|3843|1776|351|305|848|628|2174|1521|481|389|92892|10453|15679|3851|367|412|3858|2256|4783|1931|106|164|2079|1189|1442|969|496|506|2548|1249|3686|1429|1079|944|1530|1139|748|512|329|444|21661|6407|3527|1565|6609|2266|5001|2391|5530|5366|994|769|5146|2101|4722|2073|424|394|42559|6206|45|78|4662|1576|1159|1045|10700|3182|18563|5159|567|600|1794|1000|659|609|4410|2121|4161|1853|2480|1080|1679|521|1529|507|150|133|716|908|0|192|0|192|85|147|391024|20453|377578|20488|192130|15117|466|339|1278|681|10338|3323|1739|1403|115774|10369|503|484|27115|8162|27686|5045|535|492|448|488|5623|2176|0|192|625|415|108055|10629|110|146|1757|786|10354|3461|19113|6103|14391|5400|55834|5959|4171|2202|2158|884|167|259|77393|10532|3093|934|263|206|15621|4252|2940|1295|18679|4538|13831|3776|3932|1866|4766|1313|1851|1406|11483|6025|934|678|13446|2087|13366|2084|80|148
04000C0US45|329389|15477|54577|6045|11755|2093|96|132|897|476|147|183|245|318|9816|1822|4682|1362|4613|1073|521|309|554|594|13627|2519|481|647|110|139|2069|752|9666|2292|672|412|549|414|80|113|5873|1899|1640|956|2150|1183|673|471|112|190|1410|816|0|229|23241|4703|656|523|984|601|193|189|431|412|92|165|355|327|515|431|168|267|0|229|1425|877|74|112|1430|685|871|511|4946|1954|1111|1704|9411|3296|579|474|81|136|78720|5170|19180|3314|11894|3098|9510|3147|1171|659|1213|643|2870|1525|4345|1202|71|126|27556|4452|474|486|584|784|0|229|19807|3869|1664|1082|567|397|913|1011|2327|1867|739|894|381|480|100|163|26493|4463|1478|1208|620|463|295|325|2020|828|319|281|11773|2273|0|229|2054|817|7934|2719|0|229|5201|2182|321|529|0|229|342|552|311|481|598|523|0|229|289|359|459|445|275|285|1113|1305|872|781|95|125|38|61|488|497|290|399|16764|4001|2974|1454|0|229|395|450|1627|1376|0|229|100|165|183|230|380|351|289|234|2133|1461|642|739|199|320|1141|1266|151|253|4009|1827|0|229|1691|1402|1567|1087|377|623|374|521|1210|648|1210|648|0|229|6438|2410|199|164|1766|1152|0|229|540|795|1592|671|693|777|132|162|1516|1665|0|229|0|229|1538|690|1048|491|663|404|385|252|0|229|0|229|50|89|440|438|177790|12444|166075|12046|23557|6539|1213|880|153|185|4084|1611|86|138|3184|1215|83|111|1792|1140|11167|6428|0|229|0|229|1421|1017|129|3|245|104|98243|8141|435|456|555|396|5564|2155|10963|3653|12364|3541|66052|7330|389|281|1921|1134|0|229|44275|7121|1122|813|1173|956|9386|3119|480|456|16992|4790|1658|928|1067|725|2462|1539|505|379|9251|3947|179|174|11715|2048|11153|1956|562|571
04000C0US47|427677|17006|37961|4475|7360|1832|191|183|287|221|99|120|312|263|6329|1901|3375|1363|2540|969|414|448|142|170|12022|2139|36|64|129|157|1782|858|8966|1762|896|1028|213|206|0|230|2257|1245|346|268|1444|1103|45|75|0|230|422|405|0|230|16250|2757|376|430|28|47|3290|2328|628|486|330|290|291|291|137|168|0|230|285|334|801|823|264|466|1083|573|2340|1113|1945|761|380|418|3920|1587|152|186|72|116|109120|5420|27321|3326|14126|2778|12041|2394|171|210|1914|928|3016|913|9834|2087|345|549|35261|4536|786|605|873|592|952|1024|24516|3969|2067|915|54|108|1937|956|3340|1583|689|676|47|75|0|230|33456|3857|1411|1279|791|662|898|600|2994|1005|778|597|13518|3166|286|337|1896|805|10884|2491|0|230|12044|2784|297|501|69|131|74|128|3900|1504|1193|1099|1549|783|339|357|1963|1168|439|349|358|371|623|425|180|210|945|696|115|120|1038|901|49333|10122|11429|4419|189|304|3591|1685|2935|1593|270|450|275|298|225|225|569|901|3375|3900|8457|6076|6109|5708|1354|1155|546|645|448|527|16508|5985|0|230|12888|5435|375|512|3128|2091|117|208|2118|874|1881|827|237|407|9346|2654|0|230|1800|1046|599|743|919|609|3732|1631|85|142|157|223|0|230|2054|1260|1475|1137|1982|872|1432|665|1233|639|199|202|344|399|0|230|206|270|0|230|229281|13021|219491|12823|20817|4230|283|315|157|219|10422|3045|0|230|2525|1226|0|230|1762|1155|3780|1798|0|230|0|230|679|655|336|445|873|862|161720|12985|89|145|1000|863|11128|3414|35370|7004|26448|8292|83709|7479|3078|1935|898|538|0|230|36954|6194|1214|816|154|244|3108|1326|474|325|5996|2729|723|520|121|127|3462|1452|262|265|21440|4785|0|230|9790|1883|9473|1827|317|477
04000C0US48|5497041|53360|216564|9212|58987|5015|859|458|4162|1386|1101|523|2873|1327|48293|4295|24424|2890|19267|2614|4602|1684|1699|821|56796|5033|1484|589|3794|1183|9737|1890|35359|3983|4671|1569|1511|774|240|212|24671|3819|2412|880|8091|1636|2277|1278|629|744|11845|3286|46|79|75774|6084|1213|734|1204|579|3518|1749|2495|1124|2682|1299|2338|1018|2390|986|1154|607|2147|1105|3460|1775|919|1019|7870|1822|7459|2349|19790|3273|1652|846|10406|2372|5077|1868|336|316|1402147|20778|257168|13328|166165|10622|120171|9220|11003|1682|34991|4283|20495|4107|70214|6467|294|312|631304|22609|27014|6850|21408|4359|512|421|429904|20973|29268|3759|3313|1437|36817|6281|71664|8119|7778|2520|1072|800|2554|1154|393174|14106|10864|2886|9226|2439|8399|2102|9523|2345|8644|2323|120183|9846|6205|2458|16366|2893|203694|11961|70|115|117040|11980|1510|1034|3294|1841|2373|1872|26517|8155|9945|3847|11448|3003|6357|2461|10168|2710|9704|3395|6458|2323|17302|4454|8172|2337|1192|1242|2600|1106|3461|1890|350997|24287|83890|11509|4938|1972|28628|8263|23545|5383|3075|1733|5221|3104|3336|1586|6849|2630|8298|3463|36124|7483|14937|4391|9552|4674|9270|3658|2365|1734|32476|5679|4330|2229|14688|3233|3309|1650|8496|3602|1653|742|19132|4078|18411|3942|721|492|166741|15135|191|325|12638|3218|4595|2314|3445|1645|134624|13428|2755|2008|1755|1105|1963|1464|4775|1847|12634|5204|12193|2122|8378|1772|7139|1703|1239|594|169|161|484|383|2158|1060|1004|555|3515140|41152|3456966|41606|227530|15499|2441|1294|1351|796|153909|13663|2355|1157|22541|5683|219|213|6244|2492|21528|4380|1945|1004|381|443|11254|3306|790|745|2572|1178|2855056|37761|4108|1921|9408|2455|228348|17434|104866|12469|225994|19686|2228038|35198|42440|8207|8932|2093|2922|3802|374380|23948|14910|4130|6304|2608|43007|7484|11032|3363|79250|9248|12891|3690|4415|1275|23487|5165|3265|2179|171628|18016|4191|2430|58174|7937|57973|7914|201|199
04000C0US49|318718|12962|26072|3209|8736|1741|685|455|482|385|684|639|360|252|6220|1515|2124|1132|3175|906|921|608|305|239|5003|1163|89|101|177|214|707|471|3391|929|466|300|173|159|0|210|2819|1417|294|326|1546|1187|55|91|0|210|924|687|0|210|9409|2042|0|210|56|68|1510|727|195|245|112|198|209|164|411|370|225|368|111|130|96|116|146|177|854|859|729|637|1824|879|107|176|2275|1224|549|472|105|157|63839|5851|20753|3329|12393|2609|8795|2344|1270|906|2328|893|1697|677|5873|1646|790|689|13239|3409|337|332|276|285|0|210|8235|2579|978|623|159|174|1868|1686|1205|971|0|210|181|293|0|210|24498|4153|1993|1495|1272|859|250|245|2198|1036|77|124|7644|1889|393|467|3661|2675|7010|1823|0|210|4712|2146|439|513|190|182|145|175|2208|1633|413|371|325|291|121|147|0|210|0|210|613|672|210|190|48|81|0|210|0|210|637|383|9747|2132|2909|1126|0|210|513|403|36|60|562|652|86|130|67|110|365|403|1280|833|1305|881|73|127|0|210|1124|918|108|113|584|533|0|210|43|143|0|210|541|510|0|210|894|469|669|318|225|395|2395|1036|0|210|527|461|0|210|472|522|814|511|0|210|27|47|120|242|435|593|1660|1800|9981|2177|2498|1082|1326|653|1172|730|260|316|220|224|0|210|7003|1946|209079|10287|201386|10357|7636|3487|0|210|0|210|3241|3023|0|210|1936|1207|0|210|1261|1050|647|521|0|210|0|210|551|679|0|210|0|210|122292|9290|144|253|685|540|10244|3453|6780|2443|4679|2394|98353|7552|252|224|1155|1407|0|210|71458|7004|5891|2089|1490|836|8313|1975|7563|2676|15518|4438|5141|2504|289|321|7515|1857|418|327|19288|4725|32|53|7693|1689|7693|1689|0|210
04000C0US51|1157420|24268|104209|7011|23116|2470|1389|681|2099|809|283|222|2254|968|16616|1959|8721|1498|5810|1089|2085|985|475|340|23859|2950|812|380|1603|847|4258|1201|14395|2304|1862|972|929|616|0|217|14300|2793|1880|660|6388|1696|1909|768|0|217|4123|1576|0|217|42001|4227|1417|738|1333|828|2915|1314|3073|1262|547|396|1547|705|608|336|652|485|381|276|518|467|719|554|2960|972|3998|1219|9039|2057|853|594|8405|2102|3036|1478|933|1034|490348|11893|117752|6771|53851|4891|43004|4831|3918|1094|6929|1545|6992|1318|53742|5594|3167|1427|212768|11159|26559|4361|20377|4531|279|330|98883|7789|16802|3714|2429|1558|16353|3489|27033|3857|1442|1023|1177|726|1434|978|117964|7501|2105|1136|3234|1253|1443|588|2164|1050|1411|769|52928|5193|757|435|7653|1954|46269|5141|0|217|39864|6451|199|183|761|574|470|398|6385|2478|1334|487|2827|1409|1991|1213|4605|1224|2783|1723|2288|903|11591|4057|1151|606|2379|1282|1100|553|2000|845|125576|11837|46356|8171|2314|1150|29327|6023|4406|1398|3452|1404|627|687|602|446|908|817|4720|3899|5005|1621|2450|1126|189|188|2100|1137|266|302|27898|5336|1423|612|12443|3761|7748|2746|3878|1768|2406|1722|4151|1412|3878|1364|273|433|40191|5975|102|128|17609|3512|1914|1228|1516|1035|6056|2254|1141|1078|4973|2283|1547|966|5333|2272|1975|1319|2279|794|1712|761|1220|525|492|448|64|109|0|217|0|217|503|339|435008|15006|423350|14832|33706|4563|245|320|1043|688|4878|1525|342|502|4455|1410|325|289|5949|2289|11917|2245|274|265|510|531|1670|706|633|540|1465|705|270046|14798|1031|830|2699|1043|113341|10486|52403|8810|48456|7730|42993|4407|5021|1611|3931|1326|171|260|119598|8762|5318|1476|24849|4761|10579|1856|3369|1539|21377|4204|6171|2010|3189|1253|30814|5047|1267|681|11526|3530|1139|667|11658|1963|11224|1937|434|424
04000C0US53|1214622|23734|156674|9337|25439|3085|1625|754|2006|894|930|486|1082|634|18793|2720|9037|1866|8260|1665|1496|713|1003|601|26206|2762|1067|524|846|580|3990|1168|15324|2006|3042|823|1758|1005|179|173|7169|1677|855|367|2595|938|772|556|0|218|2868|1005|79|129|97764|8289|478|779|3740|1417|4522|1704|2080|1130|320|323|1407|575|1048|410|682|588|282|252|7040|2287|0|218|3453|1421|7126|1626|18246|3186|366|296|43410|6450|3564|1036|96|164|592532|12829|201799|9753|134582|8506|106520|7444|9662|2053|18400|2885|15743|2938|50243|5253|1231|857|181476|10915|17603|6049|2447|1060|216|369|133926|10280|9361|2379|1908|1089|2861|1674|7209|3181|800|683|3736|2316|1409|740|178759|9313|2067|1091|11850|2899|5576|1531|5151|1618|3367|1457|74230|6764|2683|935|10843|2308|62947|6625|45|77|29230|6003|1078|928|2208|1316|1292|1591|8336|4229|3172|1787|2515|1301|1012|668|1130|699|945|458|2387|1380|4034|1560|265|209|605|631|251|281|1268|773|86502|8379|51360|7506|3337|1600|19103|3897|13512|2968|10845|5052|563|487|925|681|653|713|2422|1247|4922|2304|1133|1068|761|649|3028|1932|0|218|6492|2358|163|267|3647|1669|1128|857|785|854|769|511|6323|1992|6240|1994|83|111|14919|3488|0|218|836|558|467|467|1532|1458|5496|2283|952|1049|286|189|430|463|4920|2444|2486|1921|21866|3726|7117|2099|5145|1726|1972|883|2023|743|2382|1437|5279|2218|5065|2486|357048|14947|315471|14210|9853|2509|445|432|27|42|1828|880|120|147|1268|701|37|73|1569|952|2697|1137|0|218|45|76|1714|1760|0|218|103|127|256043|12554|1713|937|822|545|14703|3716|10461|3328|9770|3962|213814|11608|3594|2562|986|583|180|298|49575|7722|2753|1144|440|410|11126|3439|3937|1643|9112|2681|4766|1635|841|683|7103|3371|78|139|8938|3608|481|454|41577|4144|41249|4095|328|506
04000C0US55|284003|10776|36324|4238|6516|1375|262|260|830|439|138|142|274|184|4949|1392|2220|970|2181|642|548|303|63|104|6218|1051|435|292|169|191|457|367|4411|925|670|342|76|91|0|161|3875|1431|650|541|1048|549|0|161|0|161|2177|1093|0|161|19715|3404|1383|812|334|323|1187|898|641|396|1587|1188|145|130|550|392|179|231|214|260|152|175|749|431|2017|891|552|363|3946|1236|312|379|3477|1759|2290|1117|0|161|105711|4960|23591|3057|15832|2312|13020|2138|1576|935|1236|541|2219|1262|5350|1477|190|164|31501|4161|583|817|1039|1011|0|161|23121|3365|1339|1283|93|82|1992|1219|2349|1144|125|150|575|511|285|353|41909|4121|4006|1686|467|350|794|487|10624|1625|5973|2729|8494|1903|217|186|8236|1885|3098|1314|0|161|7466|2374|0|161|30|51|84|131|601|462|51|85|1437|1239|676|436|777|613|777|594|948|952|1225|816|707|584|0|161|153|211|1244|948|19688|3666|6222|1900|232|343|1815|1211|1597|815|1544|1289|274|336|83|143|193|253|484|529|2491|1403|354|383|811|808|1137|943|189|310|3022|1278|523|451|722|734|839|729|587|570|351|312|944|745|915|751|29|54|5810|1824|0|161|172|189|130|165|146|176|2215|1276|1089|969|418|503|207|241|1433|913|1199|730|500|347|500|347|336|272|164|158|0|161|0|161|0|161|0|161|121780|7795|115911|7640|5676|1677|296|315|0|161|1733|1116|52|89|1320|821|0|161|394|361|1148|552|213|275|0|161|157|153|0|161|363|370|90838|6814|0|161|378|302|1429|1179|3034|1763|3582|1818|75089|6615|7018|2422|246|252|62|105|19397|4019|2293|1572|108|177|2163|1202|762|677|7159|3143|777|464|437|444|896|518|1017|851|3731|1840|54|81|5869|1516|5869|1516|0|161
04000C1US04|653652|19653|47438|4848|11906|2143|455|457|793|434|390|358|623|414|9070|1906|5043|1343|3533|1284|494|302|575|414|9230|1688|261|178|418|454|1843|840|5922|1208|634|329|152|126|0|237|4835|1449|630|439|2870|1034|454|581|0|237|837|650|44|72|21467|3256|934|1138|274|375|2122|821|303|213|775|684|149|179|1317|814|56|93|138|156|750|611|669|536|3058|1037|4371|1715|2366|914|715|565|2487|1565|983|921|0|237|161775|8861|43434|4536|26480|3566|17651|3225|3323|1828|5506|1727|3689|1444|13265|2955|0|237|58640|6080|2973|2214|1403|723|117|197|43820|6665|6604|1922|0|237|474|567|958|602|307|372|1125|1590|859|782|43778|4818|1011|850|1371|832|1820|1064|158|193|864|543|20763|3213|564|462|2502|908|14725|3890|0|237|15399|3804|85|141|392|467|63|107|6527|3347|1230|940|341|426|623|494|1703|961|1816|1291|831|447|1379|741|214|246|0|237|195|190|524|553|40725|6305|18307|4736|1156|1087|6421|3663|2369|1408|494|352|1410|1554|880|760|766|769|4811|2221|4690|2511|1185|1756|812|634|2619|1752|74|155|4466|2680|126|154|1626|934|68|106|2445|2467|201|259|4113|1871|3756|1757|357|474|7348|2513|0|237|874|900|352|565|1016|927|3255|1550|425|375|0|237|367|542|1059|1056|1801|1474|3151|1244|2009|1001|1426|860|583|339|0|237|283|423|609|465|250|245|400563|16498|378792|15952|20160|4658|12|28|156|232|11437|3674|0|237|2859|2220|0|237|2261|1934|1959|1069|0|237|235|285|514|420|64|141|663|730|336234|15043|181|228|1490|1329|6614|2096|10907|3250|4132|2151|308913|15081|3024|1474|973|800|0|237|22398|4404|1507|825|0|237|5128|2048|687|565|5163|2630|1278|599|166|191|3127|1505|460|433|4360|2237|522|549|21771|3817|21771|3817|0|237
04000C1US06|5643189|42932|372064|11336|79765|5072|2308|914|9169|1694|1536|628|4773|1085|60317|4618|33099|3578|23681|2706|3537|1168|1662|920|74718|5000|4546|1187|3973|1223|22761|2935|32427|2866|6320|1229|4466|1173|225|225|38980|4402|5750|1551|16390|2535|7405|1638|1690|708|8423|2711|1012|534|177834|9510|1044|749|6145|1942|4090|1536|5025|1387|4479|1658|4102|1303|5390|1563|2141|951|2167|1060|3323|987|779|638|10409|1994|13331|2373|53600|5614|2307|926|48760|6720|10742|2034|767|470|2531354|29324|805512|18685|551378|17869|404042|15714|53493|4367|93843|5924|63169|5831|187833|10056|3132|1599|684950|21774|33260|6377|13274|3011|62|104|411684|16672|157237|10134|10983|5156|12268|3419|32890|5205|5429|1854|6199|3255|1664|975|826687|18414|9667|2644|27936|3627|14847|2222|25083|3742|8169|1343|428890|13090|6491|1617|35903|3942|269653|13821|48|80|207203|12649|85568|8495|3136|1119|4053|2032|13820|3614|25529|3683|6767|2156|3412|1257|16739|3183|3538|1481|16759|4282|16860|3907|2612|1275|6049|2505|2361|1056|7002|2071|127871|9445|43384|5660|4356|1790|20999|3846|6463|1909|3167|1916|1633|882|2443|953|1196|1063|3127|1069|5727|2493|3348|2039|138|180|1308|1155|933|648|35139|4915|2491|1289|23990|4199|4855|1604|1575|703|2228|1061|12771|2057|12617|2083|154|160|28268|4628|0|225|4337|1698|849|757|965|803|19188|3893|573|411|959|774|380|516|1017|654|2582|1691|36702|4043|18137|2512|14653|2155|3484|1105|12815|2475|377|301|95|156|5278|1637|2575198|29743|2511045|28855|35997|4613|263|308|234|222|10445|2117|266|205|4189|1755|163|244|6070|2324|10556|2679|50|84|239|304|2136|931|526|488|860|489|2303400|26698|9176|3457|4861|1644|255980|13012|208007|14530|36758|5548|1744036|24330|39697|6260|4334|1312|551|501|171648|11257|12908|2500|5993|1475|29985|3749|9766|1958|46725|7732|10858|2147|1542|860|38164|6363|1408|760|12301|2746|1998|1711|64153|4833|63998|4805|155|108
04000C1US08|340426|17212|38573|3728|8912|1668|340|241|656|477|318|225|353|308|7245|1654|2898|1128|3446|1230|901|505|0|224|12216|2293|614|327|169|225|2639|1126|6922|1589|811|592|1061|791|0|224|2333|773|131|214|1233|588|92|150|0|224|877|481|0|224|15039|2905|50|87|1141|1072|693|619|1501|1304|164|201|470|343|384|290|318|361|225|214|558|488|43|69|1233|547|821|605|3277|1134|0|224|3142|1347|1019|647|73|116|71661|4713|22090|3083|11226|2139|8682|1805|1131|634|1413|695|1933|843|8500|1977|431|403|22908|3538|2722|1511|588|460|1138|894|12987|2892|1747|795|446|482|1117|730|716|618|188|255|835|636|424|528|19294|2605|982|737|207|205|1422|751|1483|1355|299|317|6997|1574|225|282|1160|556|6519|1578|0|224|7148|2205|516|542|570|701|186|161|1318|942|1892|1152|65|116|347|420|659|481|202|344|559|514|272|282|96|126|0|224|466|524|221|333|36343|6579|16476|4628|2130|1846|7866|2230|1562|952|2538|1917|0|224|315|348|289|276|1776|1353|4128|2019|1183|1117|1091|1165|1805|1254|49|94|4070|3297|147|244|498|368|497|393|2770|3202|158|282|2426|1082|2426|1082|0|224|8867|3984|0|224|2477|1381|918|1310|0|224|1067|780|1536|1583|0|224|313|380|2556|2254|376|476|5308|2613|2965|1944|2251|1871|714|485|0|224|41|70|2079|1694|223|247|188541|13061|182663|13017|13317|3444|339|337|0|224|7330|2656|0|224|1516|1126|73|121|905|1152|2832|1782|0|224|0|224|59|106|0|224|263|307|132396|11198|486|506|484|486|6400|2975|4732|2220|3392|1368|114338|11114|1897|2199|667|447|0|224|36950|7333|820|546|329|513|5470|1576|829|739|5137|2033|1789|1009|355|355|4256|1580|106|174|17773|6536|86|153|5878|1253|5851|1246|27|47
04000C1US12|1482403|27616|136734|9392|27825|3642|1475|1063|2337|913|1501|994|3100|1606|18609|2481|9099|1825|7969|1652|1541|646|803|451|29206|4023|475|269|1404|583|7280|2098|15320|2691|2877|878|1680|838|170|252|21454|3447|2196|770|8589|2118|3320|1259|458|390|7113|2270|236|283|57849|5699|7522|2853|1023|749|2535|1107|1760|992|1311|615|2439|1247|3006|1577|552|395|869|488|654|493|1284|909|7528|2166|4211|1636|8376|1890|1339|839|9835|3011|3605|1374|400|382|186758|10370|35858|4850|25381|3897|20394|3493|2645|1244|2342|1244|4161|2207|6316|1993|0|247|46969|5867|1218|1400|3552|1544|0|247|30021|4819|2876|955|1368|813|1126|760|5308|2009|1098|977|252|200|150|189|72047|6588|3852|2151|1452|746|494|419|2000|1157|646|494|39703|5938|644|502|4187|1364|19069|3805|0|247|29205|6609|148|258|94|159|992|1461|4549|4501|4561|1691|1818|992|1180|824|1830|855|1861|1425|3471|1877|7698|3474|841|583|0|247|162|273|2679|1306|35765|6517|7486|2780|218|203|2336|1986|1739|1147|0|247|1205|781|489|499|473|363|1026|585|3166|2464|2021|2202|175|284|295|348|675|714|9216|2662|790|542|2675|1495|3348|1500|109|180|2294|1621|5451|3099|5391|3103|60|72|9600|3110|571|785|885|642|364|573|1224|1199|5605|2332|119|200|0|247|832|761|0|247|846|926|5777|1798|5177|1720|4011|1640|1166|631|164|263|0|247|0|247|436|336|1117369|26310|1084597|26196|502971|22785|5482|2038|1323|773|258349|15076|1123|721|36039|6003|720|545|110939|12657|64079|7940|862|755|328|321|15716|4721|1038|969|6973|3673|202481|18556|1429|890|6594|3095|16104|4049|39028|9513|40513|7176|58374|9014|33066|5367|6504|1829|869|1163|379145|21512|17411|3250|1739|1504|64275|8603|7707|2050|101008|8815|18297|3892|6913|2155|26062|4679|3509|1406|130168|13862|2056|969|32772|4575|32614|4571|158|206
04000C1US17|841402|23126|116622|10086|10439|2213|294|376|2732|778|386|301|387|273|6508|1951|4117|1329|2036|1177|355|301|132|217|11599|2667|573|415|242|251|3825|2280|6235|1320|553|419|171|161|0|208|10097|2834|3115|1119|3184|1100|317|405|0|208|3481|2452|0|208|83812|8264|710|466|849|520|4341|1535|1627|801|710|416|1466|958|485|583|421|290|2129|1457|1516|1400|308|280|29669|4406|5315|1712|8588|2967|2006|911|20152|5710|3520|1503|675|616|268858|12433|90877|8519|74271|8592|63333|7909|5678|2403|5260|1900|3605|1677|11541|2460|1460|884|98426|9899|3570|2743|2579|1647|0|208|68853|7396|3704|1797|224|297|1946|1170|11097|3651|1523|1251|382|318|4548|2836|56155|5908|3056|1354|301|241|1395|941|1432|940|2695|2471|33216|4286|789|680|4123|1697|9148|2188|0|208|21882|4877|791|1162|1596|1473|0|208|5385|2586|1189|533|1873|922|753|465|1466|653|2078|1732|1965|1365|3120|1396|1115|834|47|82|504|522|1518|1070|47070|7321|9764|3022|873|594|2425|1345|1773|1078|335|460|1282|1473|1161|789|466|750|1449|907|5321|2599|2941|1892|803|960|645|763|932|1153|6061|1960|1708|919|1532|880|2265|1432|204|230|352|260|1847|792|1800|796|47|78|21232|4553|0|208|4896|1842|177|315|495|623|12505|3502|158|262|98|174|1768|1105|1135|859|2845|1960|1658|834|1442|674|1215|586|227|275|164|268|0|208|0|208|52|89|407194|16948|395671|16382|9651|1882|345|427|148|174|2676|986|307|451|1045|918|0|208|1173|897|3561|1259|0|208|0|208|0|208|112|186|284|392|309636|15229|1531|882|900|578|2790|1280|14771|3501|7639|2924|277540|14360|3750|2363|584|512|131|154|76384|9843|3853|2285|658|499|5120|2025|1598|1513|11876|3190|20444|5839|402|379|5281|1760|211|271|25879|6202|1062|1381|11523|2867|11523|2867|0|208
04000C1US24|212457|10946|22146|3081|4346|1330|311|385|154|266|326|278|149|173|3304|1240|1764|708|687|406|853|906|102|171|6200|2114|72|117|182|217|2729|1593|2627|1051|267|197|323|244|0|228|3657|1314|1120|786|1359|768|0|228|0|228|1104|707|74|122|7853|2058|120|196|46|75|259|426|123|170|50|95|339|242|613|531|412|439|140|175|121|147|234|388|745|718|591|385|1950|870|195|245|1742|1165|173|170|90|154|73800|6391|31298|4551|21425|4296|17497|3763|770|599|3158|1420|1901|825|7972|1769|0|228|21609|3255|1248|1325|1465|1110|0|228|9575|2091|3292|1496|802|763|1928|1526|1440|1256|1270|934|589|673|0|228|14565|3514|1149|872|310|290|1556|965|0|228|414|316|7876|2969|218|212|532|395|2510|1158|0|228|6281|1948|917|1086|0|228|197|334|637|803|1570|615|200|258|0|228|551|601|733|796|291|360|1028|558|0|228|0|228|157|220|47|78|29420|5627|6150|2565|628|612|3557|2110|301|426|0|228|47|79|0|228|81|130|1536|1477|3088|1395|2202|1110|247|339|542|441|97|97|2235|1242|61|105|835|531|428|401|857|1058|54|87|925|567|925|567|0|228|15251|3931|0|228|3053|1903|733|1004|195|216|7745|2678|845|1090|474|477|350|384|1856|1386|1771|1359|1236|539|1124|509|637|402|487|304|0|228|0|228|0|228|112|219|85855|7813|82896|7819|16591|3105|639|499|290|293|776|451|0|228|1955|1030|0|228|2220|1618|6012|2119|418|402|0|228|3519|1754|483|701|279|401|45259|7072|0|228|86|145|17687|5148|6086|3778|10070|3322|8076|3670|3178|3002|76|128|0|228|21046|3354|2304|1173|928|483|3329|1812|904|676|4298|1604|2399|1253|2066|1131|3301|1594|0|228|1244|597|273|321|2959|1179|2959|1179|0|228
04000C1US25|399945|14439|53373|5215|8506|1792|207|209|3160|1199|0|228|601|521|4494|1132|2695|890|1614|725|185|306|44|74|8471|1609|168|167|832|595|2420|1035|3233|815|671|357|1012|603|135|153|11050|2003|2419|886|4200|1163|1651|940|23|39|2780|1027|0|228|25346|4155|6718|2608|1423|853|568|696|526|429|0|228|203|249|816|650|563|485|228|260|249|412|165|204|2392|1218|502|343|6258|1773|504|523|3149|976|1082|606|0|228|114992|7636|47181|4716|39713|4512|33127|4287|3114|1024|3472|1336|2239|813|5229|1577|0|228|31213|4463|651|868|2441|1501|250|401|18069|3350|2061|821|706|547|1940|1622|3638|1914|960|1107|134|160|363|438|21305|4083|189|169|216|299|710|423|397|576|685|385|1968|803|91|109|636|406|16413|3865|0|228|15051|3788|234|200|1115|867|329|356|2503|1800|3493|2467|529|711|58|98|2383|826|368|422|1574|923|1984|834|191|226|0|228|290|391|242|392|46841|6062|13680|3860|304|336|3986|2042|2625|1468|1321|939|886|893|2260|2157|429|540|1869|1814|1119|795|527|689|478|439|0|228|114|200|4187|1718|413|481|1078|626|1474|1252|1027|861|195|170|936|411|866|405|70|82|25385|5212|9001|3450|8559|2507|0|228|3238|2277|3791|1647|209|193|65|101|0|228|522|628|1534|1054|2231|700|1856|670|1576|648|280|210|185|143|0|228|0|228|190|87|182508|10898|174680|10754|80563|7738|142|162|2286|1385|1765|778|842|703|35320|5209|0|228|23508|5159|10382|3069|599|992|448|463|3803|1668|146|206|1322|984|39271|7254|314|509|602|734|13065|3546|14538|5296|2960|1606|5178|1778|72|89|953|763|1589|1541|54846|7297|1646|710|614|543|29860|5728|905|757|12161|4103|4605|2525|1251|819|1366|769|0|228|1735|1138|703|806|7828|1745|7828|1745|0|228
04000C1US26|309906|12246|27000|3518|3410|837|0|187|86|145|45|73|111|129|2758|682|1422|628|910|410|426|276|410|452|5951|1548|311|306|251|258|964|525|3678|1289|548|333|199|268|0|187|3058|856|725|417|1490|654|94|112|0|187|636|405|113|109|14481|2918|2463|1148|445|531|1617|1253|152|250|123|120|655|599|0|187|64|79|259|265|139|232|284|265|2136|719|2756|993|809|400|105|104|1466|633|1008|750|100|164|174385|9207|30358|4521|17610|3314|15753|3118|622|526|1235|622|4586|1491|8162|2351|0|187|60890|6089|934|964|15465|4106|0|187|37690|4698|2161|994|0|187|716|536|3628|2251|296|462|0|187|0|187|21642|3870|2686|1617|75|141|992|1036|638|611|1178|713|7854|2464|65|105|2238|1086|5916|1964|0|187|61109|5949|0|187|191|189|0|187|14970|3524|793|567|1130|805|489|304|17580|3151|1730|1088|2467|1080|1420|917|520|490|19473|3725|346|326|386|337|22765|4823|5955|2362|632|1033|1058|578|318|319|381|366|902|1112|379|462|423|530|1862|1395|3935|2126|462|437|1168|1159|2253|1779|52|85|2171|1186|0|187|1592|1026|24|39|555|602|0|187|1315|884|1315|884|0|187|7737|2025|0|187|1507|746|0|187|517|517|4929|1671|169|218|86|141|0|187|529|531|1652|1472|895|663|536|337|501|332|35|58|0|187|0|187|0|187|359|562|84861|7681|79090|7741|15384|3929|126|158|0|187|4779|2333|60|4|2647|1396|26|5|3448|2272|3897|1971|89|146|0|187|312|447|0|187|0|187|49932|5507|80|96|113|157|2806|1100|4845|2167|2872|1279|37569|5297|1552|1465|95|153|0|187|13774|4744|1357|534|48|64|3078|1415|123|202|3751|2064|112|152|0|187|27|5|0|187|5278|4260|0|187|5771|1190|5771|1190|0|187
04000C1US36|3303468|38490|453929|16035|58058|5457|1652|1028|14510|2961|1128|717|2680|1163|36737|4699|25330|3903|10226|1958|1181|1065|1351|964|49689|4865|3282|1104|2581|831|19572|2961|19613|2913|2896|1418|1419|537|326|305|69693|6566|18125|3633|36899|3552|4077|1403|0|220|10316|3061|276|248|274828|13073|21836|5073|13600|2833|5209|1745|4338|1505|3887|1517|2932|875|4644|1412|771|339|1924|1124|4167|1354|3053|2213|44599|6298|10157|3473|51584|6484|3211|1590|65877|6619|33039|3757|1661|1158|1035004|14681|505779|12676|428963|13450|376039|13099|29655|3726|23269|3153|16416|2787|59308|5913|1092|629|321280|13612|7626|3183|132982|10282|1962|1102|77700|7487|7649|2030|3005|1171|15624|4057|33128|5257|3420|1357|32909|5918|5275|2119|114731|8554|12874|3347|2371|1349|4266|1369|897|863|9370|2310|62085|6445|1823|767|5905|1359|15082|2518|58|96|90310|8268|1245|1045|5593|1639|11785|2886|1577|792|21504|3478|2893|1294|439|368|5272|1667|1199|691|5282|1730|14628|3376|1664|737|14624|4233|2605|1267|2904|1440|193805|12676|21800|5109|976|705|6052|3006|5729|2891|3525|1620|1114|965|1530|1193|816|608|2058|1277|10529|3688|1507|1156|4388|2949|2820|1750|1814|1282|39483|5695|3522|1410|21498|4691|9809|2056|2550|1302|2104|1441|5871|2032|5318|1772|553|834|101962|10707|0|220|33472|6268|5632|3096|4052|1831|25291|4710|10099|4765|3080|1277|1301|990|19035|4747|14160|3732|12595|2748|12012|2610|10082|2272|1930|1019|65|112|0|220|0|220|518|477|1608135|27891|1575737|27634|816488|27937|1028|619|20343|3795|13547|2551|5666|2312|382073|19231|16017|3659|85290|9326|169565|11601|12826|4608|11042|2602|76108|6470|6827|2346|16156|3694|306817|17486|4851|1375|5620|1736|33281|6186|38365|7961|35754|5438|170852|11556|5337|1755|11782|2497|975|437|452432|17820|12319|3146|3588|1494|21189|3850|10755|4296|71932|7511|142467|10749|129468|9346|34284|5975|2295|1031|20267|3424|3868|1314|32398|4550|32037|4515|361|424
04000C1US37|561593|20063|47300|4561|12834|2233|437|348|1126|561|246|236|759|499|10266|2239|5920|1898|3594|1136|752|433|0|226|10896|2491|323|256|1573|2013|1986|1187|6169|1364|528|399|317|315|0|226|5398|1222|1405|641|2328|768|713|462|0|226|952|648|0|226|18094|3529|78|102|557|299|1500|1270|362|284|255|246|324|280|464|364|52|91|80|96|544|355|53|89|2332|934|1655|994|4950|1574|236|209|2641|1242|2011|1706|78|128|182333|8720|42492|4262|29701|3582|25462|3340|1266|810|2973|1224|2547|816|9605|2113|639|722|84145|7179|2310|2169|1413|916|37|65|65738|6856|3209|1414|416|304|2896|1646|5612|2457|865|849|1272|1172|377|293|42768|5601|2158|1525|1396|925|408|300|2693|1363|487|498|11659|3466|407|400|2359|857|21201|4149|0|226|12749|3376|130|164|42|69|122|151|3216|2036|854|511|1544|877|792|605|1091|831|323|286|1159|1032|1870|989|60|101|1010|977|536|438|179|220|58163|8404|15434|4836|2856|2393|5283|2763|2470|1269|547|850|469|550|1217|972|739|689|1853|1111|6072|2467|900|752|2299|1749|2721|1834|152|244|9175|2866|1361|1160|2752|1600|2924|1329|1691|1004|447|485|3457|1591|3405|1584|52|87|20128|4596|113|207|3183|1905|688|928|2296|1925|7683|3294|562|573|1084|880|2527|2952|1992|1567|3897|2413|3162|1246|2953|1272|2390|1216|563|397|0|226|0|226|67|174|142|215|270635|13135|263149|12730|36700|5606|908|814|715|532|5000|2575|151|219|9517|2988|0|226|8012|3561|9072|2627|354|383|204|333|1402|874|103|183|1262|688|176911|12090|18|39|1939|1760|23758|4648|21268|4830|37725|6811|81960|8711|8212|3231|2031|882|0|226|49538|5876|1823|948|157|186|6501|1924|1905|1268|15193|3229|5619|2360|1152|789|4910|1790|92|156|11903|3742|283|236|7486|1826|7486|1826|0|226
04000C1US39|245601|13649|20368|2823|4043|1269|74|123|2|5|33|55|0|211|3840|1232|2244|1064|1454|697|142|179|94|115|3096|995|225|261|0|211|898|442|1784|641|0|211|156|246|33|55|2197|738|550|345|831|351|425|448|0|211|302|288|89|146|11032|2625|850|467|358|345|284|218|0|211|358|466|296|359|542|409|91|150|136|231|0|211|90|115|461|324|962|613|2891|1436|271|276|2253|1402|1189|1187|0|211|81263|7218|18055|3064|13695|2566|11159|1908|337|265|2199|1755|2280|1406|2080|895|0|211|37574|6537|325|364|1201|851|8066|3325|17287|3977|1337|781|193|267|7200|2968|1226|915|0|211|564|483|175|221|16475|3631|2716|1550|1463|1114|275|241|764|502|604|589|5042|1828|336|336|2504|1635|2771|1389|0|211|7588|2116|72|120|95|159|40|67|709|498|544|544|2251|1486|277|280|1116|771|148|250|1442|1012|271|265|525|486|0|211|98|162|1571|948|59204|7395|22325|5568|1684|1619|3401|1745|5756|2361|9054|3132|537|609|1440|913|0|211|453|512|5693|3002|932|796|3865|2959|896|527|0|211|8543|2627|2215|1730|1265|657|3538|1721|1494|1081|31|47|682|576|682|576|0|211|18232|4014|0|211|5255|1480|674|960|1194|938|2627|1154|1000|671|1984|1950|596|559|4902|2646|3729|1707|340|272|308|266|208|240|100|116|0|211|16|27|16|27|0|211|84426|7929|82211|7885|19638|4332|0|211|57|93|1689|1293|189|300|4076|2327|0|211|10066|3772|2161|1135|120|193|223|311|1033|1229|0|211|24|42|39471|6057|152|186|200|321|3830|1914|7150|3319|6080|2665|18576|4321|3303|1948|180|194|0|211|23102|6628|586|417|251|223|3665|1787|875|588|4231|2756|4143|2472|456|462|1567|1093|102|178|7122|4283|104|164|2215|863|2215|863|0|211
04000C1US42|427688|22639|53868|6723|4672|1425|32|54|180|154|147|248|194|166|4119|1340|2170|823|1847|1085|102|127|0|192|6557|1683|656|502|640|597|1066|742|4013|1139|182|168|0|192|0|192|8149|1990|1772|1175|4075|1423|1758|973|0|192|544|458|0|192|34086|5768|3250|1969|2719|1360|1095|716|67|130|127|151|1005|362|602|527|265|319|277|278|196|252|0|192|3455|1359|1281|712|6445|2626|1093|730|8504|2512|3705|1871|404|539|121639|4467|44769|5425|37120|5226|34166|4875|1482|840|1472|783|2423|904|5124|1643|102|112|29338|4465|859|593|1652|926|1256|865|16570|3907|1471|882|310|289|758|568|2813|1538|501|339|1413|1018|1735|1552|37952|4396|815|711|3691|1601|1893|998|1015|888|1200|685|7361|2677|87|97|1994|1400|19896|3932|0|192|9381|1933|1056|1043|126|212|43|71|802|492|1865|898|523|534|71|131|588|387|302|288|2172|765|410|265|351|305|525|502|547|415|199|147|38134|7566|5421|2413|221|372|2619|2042|1260|887|0|192|0|192|1069|869|0|192|252|287|1468|1002|87|150|934|937|447|456|0|192|9557|5223|1981|1198|1407|830|1466|1016|4003|5084|700|629|798|512|663|486|135|154|17655|4124|0|192|1434|744|444|716|3428|1906|7728|3503|436|556|1028|865|281|502|2876|1882|3235|1758|638|322|553|281|553|281|0|192|0|192|0|192|0|192|85|147|213409|18130|210416|18079|125346|13843|138|183|513|452|4456|1818|1397|1366|75842|8913|316|367|21838|8301|15984|4403|340|414|375|472|3879|2040|0|192|268|325|47292|8674|0|192|609|595|4694|2822|9325|5017|10725|4891|19310|4046|2069|1588|404|356|156|259|37778|8969|1113|647|44|76|8296|3672|1992|1187|8569|2755|5094|2467|1675|973|1624|941|1603|1320|7588|5919|180|285|2993|1092|2993|1092|0|192
04000C1US48|2950600|40666|108980|7350|27840|3518|301|242|2545|1158|633|354|1014|387|22527|3130|11541|2142|9231|1946|1755|976|820|522|30596|3601|1031|506|2666|1169|7217|1544|16293|2544|2259|885|1043|607|87|113|14731|3237|1333|601|4627|1318|758|662|60|99|8013|2672|0|242|35764|5005|1098|713|487|333|1805|1335|1085|742|1614|996|1376|863|1011|555|425|305|336|330|699|711|714|950|3363|1170|3341|1292|9619|2327|427|287|4963|1754|3401|1492|49|81|635442|17419|133599|8619|86233|6479|61006|6211|5704|1471|19523|2829|13882|3634|33234|4431|250|300|284831|14310|19940|5410|10430|2449|184|302|182011|12897|15239|2682|1259|864|22963|5822|29285|5217|2263|1351|453|571|804|481|155910|9902|4801|1854|1397|669|2712|944|3666|1511|4786|1800|49115|5678|3926|1937|7429|2029|78078|7199|0|242|60248|8257|489|379|2607|1580|1390|1163|11544|4279|6196|3196|5439|2133|1127|615|4637|1685|5566|2842|4488|2286|10259|3886|3846|1510|962|1206|1698|963|854|626|180285|15798|50165|9261|3692|1813|19068|7764|11861|3124|2522|1648|3649|2693|1752|968|3081|1713|4540|1865|25105|6787|7311|2874|8110|4640|7419|3388|2265|1733|14592|3118|3158|2018|5716|1507|1180|780|3689|1728|849|483|8021|2309|7912|2280|109|179|75934|9694|191|325|6650|2697|2167|1423|868|621|58397|8551|1656|1376|795|717|1509|1340|3701|1808|6468|4503|5459|1525|3987|1264|2968|1065|1019|621|21|32|383|390|692|544|376|432|2020434|39276|1994818|39417|126660|10027|773|765|60|105|94301|8642|1416|791|8235|2007|0|242|3920|2150|10013|2589|804|533|201|314|6085|2612|261|425|591|465|1664038|35251|2384|1665|4001|1774|127292|12654|74565|11699|154493|17532|1266233|27809|28221|7281|4102|1454|2747|3760|204120|20072|7993|2031|2573|1707|17765|4033|7049|2693|40165|6475|5996|2434|2015|978|11432|3350|824|1010|106540|14962|1768|1517|25616|6635|25616|6635|0|242
04000C1US51|283537|11310|36817|4034|8091|1343|447|302|1258|720|283|222|519|405|5299|1081|2656|730|1886|557|757|627|285|275|8437|1479|338|190|459|400|2450|966|4575|1287|327|279|288|326|0|217|6158|1692|658|467|3771|1217|354|239|0|217|1375|621|0|217|14085|3158|287|254|297|241|807|658|697|567|377|347|839|442|221|222|138|230|0|217|59|98|203|335|999|636|1604|787|2403|899|264|297|3583|1589|1307|1186|46|77|110601|5387|26653|3372|16005|2684|13066|2515|1720|804|1219|772|2818|1017|6360|1772|1470|980|37031|5031|6106|2280|3202|1490|279|330|16220|3043|3902|1316|949|689|1054|671|3631|1910|983|905|564|558|141|189|36214|3754|620|737|113|193|350|395|434|477|575|536|25039|3952|143|178|2803|1274|6137|1516|0|217|10634|2986|59|97|90|157|193|270|1297|1238|364|291|655|767|193|175|1294|727|646|843|792|571|4507|2430|138|134|229|307|177|157|69|114|34200|5257|13823|3401|424|413|10191|3200|1271|926|816|623|0|217|251|216|136|117|734|775|2216|1320|878|691|107|187|1231|972|0|217|7945|2789|183|138|1690|1217|3783|2017|1471|911|818|1204|597|345|597|345|0|217|7901|2284|59|99|3370|1287|535|710|0|217|961|614|563|747|892|753|353|472|1168|701|1718|1264|1003|569|771|553|426|319|345|429|0|217|0|217|0|217|232|241|100916|7223|96559|7197|11571|2519|0|217|210|225|1705|862|342|502|1687|1011|77|141|2083|1437|4101|1240|0|217|201|324|730|565|0|217|435|365|59176|6933|306|497|1079|669|15737|3899|15654|3968|12454|4267|11473|2358|851|648|1622|949|0|217|25812|4056|1600|1010|4626|1924|3371|903|1139|1218|7051|1966|1515|802|938|977|2887|1288|508|403|1838|832|339|267|4357|1065|4031|995|326|370
04000C1US53|565003|14398|73777|5772|11500|1898|897|578|1013|700|217|153|853|585|8066|1615|4183|1332|3465|845|418|349|454|317|13697|2369|331|253|592|453|2128|879|7912|1528|1287|481|1292|974|155|181|4499|1494|479|243|1649|799|304|378|0|218|1988|988|79|129|43985|5069|0|218|1674|882|1847|986|1352|1013|320|323|637|306|488|337|515|556|178|226|2564|1072|0|218|1613|866|2972|1159|7237|1678|324|287|20677|4342|1587|663|96|164|295993|10620|106181|6586|75129|5868|60640|5278|5490|1301|8999|2312|8936|2293|21495|3603|621|579|94327|9456|13948|5743|1216|669|216|369|67544|7613|3884|1427|741|564|1149|871|2946|2106|218|225|1918|2142|547|452|81332|6774|832|543|5692|2240|3130|1270|3175|1347|1703|1016|31862|4513|2088|869|5108|1502|27742|3393|0|218|13693|4446|63|103|876|776|60|99|4527|3247|1622|1559|834|949|324|372|532|506|347|261|1070|970|2571|1331|38|62|605|631|224|279|460|345|36191|4303|23556|4243|1657|1177|7341|2215|6828|2027|5559|2756|478|464|711|626|162|280|820|653|1597|1303|0|218|517|549|1080|1258|0|218|1789|845|0|218|1040|642|158|145|16|28|575|420|3168|1552|3085|1545|83|111|5364|2194|0|218|426|388|134|158|0|218|1793|974|329|361|138|50|0|218|2544|1939|717|805|9472|3092|2856|1134|2110|1011|746|453|780|699|685|992|2223|1653|2928|2545|149570|9418|134399|8909|3445|1376|325|386|0|218|1541|841|0|218|85|138|37|73|242|382|1026|828|0|218|45|76|95|110|0|218|49|85|106683|7750|477|419|386|442|6503|2746|4223|1446|5243|2726|88083|6776|1528|1454|240|200|0|218|24271|4554|917|605|257|313|5389|2183|2118|1176|6306|2395|2459|1235|368|417|1990|1107|78|139|3983|2392|406|438|15171|2186|15171|2186|0|218
04000C2US06|5184827|53300|294557|14196|75543|5859|2292|733|7159|1632|2497|853|3315|873|58938|5372|27479|3538|27543|3311|3916|1127|1342|556|58689|4617|2196|717|2438|887|13553|2440|29818|3612|8128|1532|2108|738|448|373|36424|3557|3362|935|12131|1987|11582|2015|4355|1120|8510|2086|839|727|122014|9570|399|314|4701|1408|1447|844|3966|1670|2875|1141|4767|1544|3033|1046|1316|943|1174|510|4143|1499|669|678|10762|2154|10187|2242|31699|4885|1026|565|34446|6938|5404|1530|1887|1177|1900644|31222|610020|17137|451479|14967|315765|13304|48873|5018|86841|5595|36710|3987|120148|6906|1683|825|385320|15647|42825|7100|7602|2074|245|226|213578|11889|72171|6450|2252|841|13759|3540|23105|4319|4591|1648|3219|1191|1973|983|783882|24012|17438|4411|21333|3520|20614|3487|14196|3036|7458|1728|423987|18342|4385|1483|31149|3852|243322|11691|0|225|114381|7739|11032|3936|2622|1297|1581|1187|29795|5293|9506|2178|8166|2104|2557|989|12126|2567|3509|1491|13721|3245|9491|1811|1807|687|7186|2806|1282|632|7041|2130|104047|9503|25484|4289|2970|1771|8705|2766|5701|2812|525|478|2020|1106|1739|828|997|581|2827|1216|2830|1412|967|848|406|336|1224|965|233|281|31134|5338|1651|966|22270|4629|4841|2165|1315|679|1057|687|10862|2078|10760|2093|102|85|31335|5416|132|209|4064|1543|495|465|2206|2325|21386|5017|505|371|1422|1005|382|349|743|885|2402|1179|45945|4976|13694|2536|10459|2406|3235|989|23222|3482|190|158|0|225|8839|2426|2839634|39897|2779298|39789|33723|3880|476|388|694|381|14912|2617|0|225|3740|1376|259|318|3200|1718|6401|1632|148|190|311|468|2056|909|623|536|903|784|2589376|39959|5454|1707|7782|1698|199495|10862|124959|10797|36034|5280|2168871|34292|42845|6256|3218|1279|718|579|156199|11392|15346|2453|5068|1655|23030|3723|7332|1871|37465|5244|13414|2909|918|527|39861|6810|1596|624|10578|2967|1591|900|60336|4738|60117|4740|219|231
04000C2US09|326743|10910|81042|5597|13043|2167|334|197|1880|791|493|426|318|284|9746|1801|5650|1600|3513|1056|583|266|272|219|10682|2643|386|398|307|296|1938|748|5681|1856|1579|982|791|542|0|225|16094|2868|1334|1161|8628|1735|4735|1557|0|225|1397|928|0|225|41022|4799|3027|1163|607|479|3110|2081|974|777|135|156|675|447|1001|424|284|278|611|555|101|144|628|606|17738|2846|1156|661|3321|965|97|121|5142|2311|2415|1380|201|256|91076|6250|22548|3248|17415|3050|15688|2950|1005|513|722|411|1811|898|3322|1174|0|225|44140|5574|122|154|1124|854|0|225|34396|5307|1683|1116|598|464|1335|1162|3923|1891|63|109|851|717|45|73|15886|3010|0|225|1025|1033|431|411|1371|1064|264|271|7450|1922|1193|1281|972|540|3180|1156|0|225|8134|3088|209|236|51|87|55|87|77|128|967|1001|58|98|131|161|555|252|557|764|2489|2857|955|507|0|225|1862|1224|168|201|368|618|17433|4231|1448|1236|0|225|63|104|279|284|0|225|760|1089|143|234|0|225|203|154|1124|814|403|474|0|225|603|583|118|196|6701|3648|176|236|3994|3534|1786|952|638|718|107|122|1804|941|1698|913|106|196|4918|1486|163|221|2375|1095|59|98|40|72|1708|801|378|455|195|326|0|225|0|225|1438|1002|1090|638|1020|622|880|610|140|162|0|225|0|225|0|225|70|129|136102|9052|126346|9010|43941|5098|415|663|54|91|1906|1070|185|197|10527|3201|58|93|8255|3177|18978|3534|1363|1291|314|526|1446|675|89|101|351|401|28748|4750|0|225|974|489|4359|2168|6818|2441|2747|1210|11673|3127|1403|1182|660|459|114|188|53657|7085|2688|1276|188|240|7363|2154|2894|2372|9876|2495|15140|4473|3191|1538|10392|3448|255|321|1589|1024|81|134|9756|1887|9678|1843|78|131
04000C2US12|3837772|46537|310222|11834|65961|6291|687|375|5481|1760|738|495|2414|871|52849|5182|22235|3623|25790|3331|4824|1443|3792|1769|58199|4877|2523|867|1407|756|11265|2157|34261|3658|5761|1932|2712|1660|270|276|53428|5357|7870|1766|20088|3168|8390|2149|350|227|16711|3543|369|293|132150|8877|2270|966|3728|1415|2687|1212|4570|1968|2179|747|7164|2109|6181|1996|1535|819|4941|2657|2339|1320|1278|856|18097|3550|11307|2692|28514|5476|2317|1080|25496|4162|7547|1740|484|393|377272|15220|73938|6967|52438|6499|43411|6669|3472|905|5555|1521|6755|1725|14245|2416|500|500|118632|10047|1689|1846|9411|2962|0|247|80295|6917|7810|2502|1377|681|2425|1509|9159|2976|1550|888|2615|1244|2301|1495|124236|8992|1960|868|3850|1638|1959|840|2547|1449|2272|917|57014|5766|1608|892|9125|2269|43901|6075|0|247|53180|8513|752|774|465|290|713|599|3995|3018|11906|2353|3624|1622|1337|633|7614|2071|2836|1173|6970|6202|10678|3206|1123|730|94|109|1073|495|7286|5977|64900|7929|11916|2691|411|413|3447|1896|2922|1460|688|897|1383|687|785|518|1104|1099|1176|739|2613|1405|1300|987|44|76|633|562|636|722|22638|4135|903|690|11892|3261|6825|2118|1704|1119|1314|702|9378|2502|8657|2187|721|1088|15378|3901|207|152|3550|1956|419|490|1356|1336|7812|3157|452|624|755|786|217|274|610|718|2977|2380|7843|2438|7080|2282|6280|2267|800|516|0|247|0|247|21|44|742|634|3077535|40673|2997244|40961|1582108|34499|15714|3913|4908|1789|914988|22614|5394|2325|115772|10375|1526|851|285456|18335|184426|14903|3639|1614|1492|965|34776|5576|1587|958|12430|2459|522363|19233|3713|1522|16881|3088|36748|5524|80765|9952|80572|10625|197037|11785|88388|9395|17764|3586|495|474|892773|27641|42826|4282|8492|2243|113807|10674|17213|3652|278170|14620|45616|5465|29951|4777|71076|6751|13947|4160|269201|21083|2474|1129|80291|5636|79744|5645|547|450
04000C2US13|1012418|21430|63745|5545|16029|2849|264|192|527|365|248|213|388|248|14163|2640|6486|2074|6397|1671|1280|630|439|347|15245|2890|323|248|814|1017|2962|1509|9220|1927|1646|1159|280|217|0|232|3678|1095|1223|809|831|447|288|282|0|232|1336|485|0|232|28331|3274|190|281|552|348|4225|1600|2258|1172|186|133|627|475|609|433|239|323|83|93|788|594|0|232|3239|1552|4046|1307|4368|1377|689|431|4553|1484|1679|906|462|386|320745|8539|87818|7245|42026|4635|34304|4457|2595|919|5127|1433|5007|1507|40742|5395|43|73|136423|8496|5991|2863|7265|2027|2211|1710|97534|6715|6741|1802|725|573|4829|2482|9279|2420|1201|739|523|342|124|119|77750|6532|4735|1488|5174|1963|1540|685|3926|1296|1991|885|14912|2662|422|463|3917|1322|41133|4894|0|232|17524|3462|0|232|220|188|793|808|2319|1224|3561|1757|567|440|151|184|1497|1103|947|832|1809|1895|4646|2014|905|621|0|232|109|133|1230|989|111438|10884|41280|6115|1814|1194|19702|4883|7803|2799|1406|848|1204|674|2941|2046|726|468|5684|2797|12612|4243|4260|1790|1708|2043|4110|2568|2534|2516|4692|1831|537|473|1198|742|762|483|1764|1283|431|473|4140|1562|3706|1313|434|718|46721|6714|403|437|9472|4052|2220|1180|1833|959|23924|5091|1515|1115|1378|927|1136|748|4840|1635|1993|1081|3266|1340|2699|1067|2534|1044|165|167|0|232|0|232|479|733|88|101|513224|15686|499710|15349|124148|11141|1612|747|1645|995|13969|3921|1697|1103|10596|2730|347|436|21707|5701|57658|6143|257|260|587|588|8521|2304|1405|1236|4147|2053|265606|11850|613|656|2087|1244|26550|5596|29154|5762|17932|4074|176537|10640|7226|2562|5507|2057|0|232|109956|10540|2698|1099|685|475|14012|3567|1658|1154|32406|5911|3246|1412|8069|3474|9776|2792|1897|1124|34411|7678|1098|954|13514|2624|12946|2637|568|529
04000C2US17|1074374|20776|246230|12474|14339|1974|165|177|3913|1158|206|196|588|623|9208|1698|3641|914|5255|1323|312|221|259|235|17824|2495|756|409|614|459|2309|805|12413|2002|938|470|794|615|0|208|20515|2539|8135|2011|9745|1735|297|240|44|74|2338|1062|0|208|191979|10989|4549|1765|2377|833|5677|1743|6944|2107|1392|687|4159|1629|1797|1006|913|489|7897|2427|3936|1517|3741|1555|83097|7271|7930|1782|12330|2670|2590|895|33531|6322|9119|2027|1573|1177|329327|11455|66441|5002|26394|3220|21107|2879|1604|760|3683|1080|6581|2265|31484|4395|1982|1307|138806|8095|475|550|3292|1772|150|250|103538|6693|4804|1698|1216|803|921|554|18913|3997|552|390|2481|1334|2464|1577|83696|6916|2697|1419|851|507|1731|1107|2331|1416|1862|1229|55583|5760|276|220|4112|1158|14253|4583|0|208|33034|5163|131|176|747|677|51|87|6593|2279|2351|1310|8744|2408|2514|1424|1792|846|1910|1080|2366|1111|2446|1395|1415|766|1637|1066|337|272|7350|2148|42966|6827|9497|2283|90|112|997|576|1976|1002|382|423|1380|1010|779|464|882|1170|3011|1878|1672|874|1361|791|274|345|37|53|0|208|7831|3278|502|377|3301|1481|2929|2942|311|378|788|598|1089|748|1089|748|0|208|21851|4940|0|208|2477|1422|148|183|486|554|14666|4199|0|208|755|676|1930|1206|1389|1591|1026|828|2205|848|1634|751|1143|608|491|361|0|208|0|208|0|208|571|406|453646|14054|442884|13702|13852|2587|51|116|133|166|5453|1740|0|208|2434|1097|0|208|2012|1182|3134|1312|0|208|163|241|419|365|0|208|53|90|372980|12072|1505|1200|540|384|7010|2604|11208|2708|7576|2812|341839|12077|2226|1670|1030|634|46|80|56052|6975|2323|987|460|451|4505|1783|1393|712|19240|4474|8983|3730|760|664|5759|1715|0|208|12050|3820|579|539|10762|2942|10597|2949|165|202
04000C2US24|847846|20794|57930|5718|11582|1749|90|135|1113|450|250|359|343|280|9367|1542|4808|1254|3529|1051|1030|529|419|294|11872|2012|628|344|905|867|2720|873|6677|1357|689|350|253|188|0|228|8164|3805|1437|787|2144|732|1030|686|0|228|3510|3704|43|72|25800|4026|416|328|1719|968|869|975|1565|1052|192|222|364|293|626|580|879|665|571|487|1343|814|32|54|2805|994|892|487|5443|1523|138|178|7063|2392|883|533|512|511|245412|9652|70373|5401|42759|4198|33652|3541|3586|1250|5521|1398|3745|1158|23869|3252|0|228|100981|8007|8683|3743|9869|3014|0|228|52206|4512|6758|2029|127|175|4167|1678|14402|4270|3327|1442|1442|1104|0|228|63898|6079|3237|1724|1634|691|1713|948|374|347|1106|600|38232|5755|342|307|3214|919|14046|2973|0|228|9860|2268|44|73|481|444|41|70|253|294|1912|1332|714|701|504|376|574|421|787|748|1317|1047|2264|1208|415|349|0|228|554|483|300|256|178895|12961|48620|7442|3650|2011|30375|5173|6328|3142|685|598|2603|1751|2272|1742|671|580|2036|897|19478|5392|18147|5223|202|326|654|705|475|398|6177|2041|210|175|2630|1016|1914|1032|565|580|858|916|1886|751|1597|696|289|380|99905|10288|653|1111|17399|4102|2799|1567|5287|2177|47387|6828|2446|1693|14010|3976|4057|2160|5867|2689|2829|1709|1479|674|1083|601|998|599|85|143|0|228|0|228|72|108|324|239|364130|11784|359342|11791|62639|6904|1349|1053|1399|801|2594|1849|223|238|11875|3261|1417|992|6607|2005|25701|5734|835|525|0|228|8168|1918|221|300|2250|807|226792|13981|337|338|901|568|121049|12352|43039|6733|27453|7041|24852|3999|5164|2451|3537|1682|460|692|69911|7214|2806|1115|7111|2862|7698|2580|3845|1619|13106|2743|3663|1675|7245|2523|16590|4509|839|509|6611|2549|397|346|4788|1150|4652|1124|136|152
04000C2US25|932678|18870|161704|9733|30375|4307|472|395|11264|2859|203|146|1585|720|16067|2612|6859|1578|8285|1943|923|417|784|470|15412|2356|344|266|785|524|4421|1238|7668|1712|1574|667|620|341|0|228|58655|4941|6108|1488|9279|1713|40648|4362|10470|2101|2424|1180|196|182|57079|6672|10845|3304|2561|1080|1601|658|1640|884|498|561|1431|822|542|495|519|287|991|474|3724|3164|201|262|6625|1494|2244|1041|13796|2809|216|266|6511|1961|3134|1324|183|230|275713|8749|101413|6110|82318|6299|70981|6278|5701|1152|5636|1404|4131|1485|14964|2436|0|228|96057|7918|782|1064|5950|2637|869|766|69333|6854|4954|1596|1041|1016|6381|1640|3913|1672|1553|1280|889|694|392|289|55145|4983|711|377|11212|2314|2169|1914|2432|1381|818|459|8888|1772|550|336|5370|1320|22995|3681|0|228|22792|3616|477|360|1169|628|46|100|2543|1771|2442|1081|635|826|407|396|4953|1533|699|467|3580|1306|5068|2017|447|414|0|228|326|414|306|368|87668|7485|15847|4076|66|116|1942|1006|7684|3346|450|674|772|602|3187|1565|346|463|1400|935|2893|1068|788|582|556|439|494|347|1055|635|19245|3771|925|609|5615|1805|9580|2702|479|760|2646|2009|2812|895|2812|895|0|228|43288|5737|24703|4918|4546|1505|207|192|1523|1459|8362|3250|1690|1057|1948|1053|0|228|309|348|3583|2082|3145|1019|2938|1012|2195|922|743|386|0|228|0|228|0|228|207|116|404448|16020|386336|16166|140223|11532|123|223|1067|700|1382|619|1145|704|80355|8403|155|144|43071|6123|6345|1731|433|589|324|262|4017|1628|530|518|1276|862|89491|9881|307|294|2055|1235|32638|5313|30062|7619|8821|3142|9358|3137|2869|1566|706|460|2675|1754|156622|11799|1213|754|190|171|100338|9966|2055|928|22332|4034|16000|4287|462|388|7542|2752|2126|1097|3906|1874|458|570|18112|2674|17669|2639|443|438
04000C2US26|431791|13631|85381|6731|10375|1980|244|285|823|547|77|123|225|178|8828|1779|4509|1460|3396|811|923|359|178|290|14133|1983|857|539|405|222|1896|687|9410|1854|1239|498|326|261|0|187|9808|1635|1914|796|6611|1450|96|125|0|187|801|464|386|293|51022|5462|10309|2979|133|158|3110|1210|1450|1354|683|558|469|418|940|532|40|66|299|222|375|388|3720|2426|7726|2102|6686|1931|3891|1083|726|323|5458|1836|5007|1448|43|76|221109|10215|39241|3586|19510|2312|16380|2087|590|390|2540|1013|3047|770|16456|2787|228|226|72588|6896|1055|709|10134|3462|0|187|50240|6255|2847|1169|453|603|1411|906|5725|2070|541|490|182|200|0|187|29586|3748|601|541|2405|1456|490|305|2089|1023|761|352|12107|2151|407|374|3100|1070|7626|2414|0|187|78380|7248|568|605|1026|710|27|57|38509|5102|1358|991|4174|1386|358|326|10242|2216|1205|945|5884|3214|659|366|598|589|13697|4207|75|142|1314|663|21248|3500|5013|1589|101|166|1544|897|1437|687|0|187|248|422|130|162|236|237|1317|1032|3880|1938|846|1107|1596|1091|1246|1131|192|318|4643|1847|633|604|2298|1168|343|261|573|632|796|945|1515|936|1459|932|56|95|5975|1946|0|187|827|515|0|187|273|277|3952|1556|210|317|353|410|0|187|360|290|222|318|1461|562|1112|438|714|356|398|270|0|187|0|187|253|315|96|168|102592|6925|80463|6158|13930|3782|0|187|145|124|4881|1890|0|187|2540|1495|1772|1854|799|557|2571|1440|169|271|132|173|921|841|0|187|0|187|48371|5122|0|187|639|400|454|290|4563|1455|1953|1022|39116|4945|444|478|1179|792|23|44|18162|3339|481|305|467|332|5817|1381|579|360|4484|1749|1739|991|0|187|908|608|212|187|3238|2184|237|268|22129|2951|22129|2951|0|187
04000C2US27|260225|9127|25815|3695|3859|822|180|190|32|40|165|135|377|262|3064|779|1669|537|1281|511|114|173|41|54|4885|1221|106|102|155|221|339|249|3113|895|254|210|850|812|68|112|1252|504|331|305|439|307|108|114|0|157|371|285|3|6|15819|3490|0|157|2577|1368|1544|844|188|176|0|157|543|488|163|176|173|176|0|157|929|539|52|94|877|394|424|390|2557|977|0|157|5023|1937|769|406|0|157|85390|5766|17453|2248|9699|1647|8549|1640|386|260|764|399|1375|756|6322|1263|57|94|21442|3005|148|250|2115|1370|245|312|14637|2438|900|537|79|102|1160|541|1109|739|873|588|0|157|176|236|39667|4280|2961|1561|3113|1268|0|157|11052|2427|139|148|8421|2681|101|124|6394|1542|7486|1736|0|157|5791|1502|0|157|650|674|0|157|2117|1085|187|299|104|181|273|349|785|683|869|693|325|511|224|209|174|230|83|133|0|157|1037|1042|74900|6588|36821|5477|512|555|14032|4117|8910|2372|10382|3325|1158|930|1158|910|249|217|420|401|4212|2209|4212|2209|0|157|0|157|0|157|2580|1788|130|155|1772|1646|427|403|0|157|251|355|914|711|890|709|24|46|27849|5202|0|157|1742|831|56|97|9833|3007|9032|2748|0|157|1728|1434|234|342|5224|2738|2524|1573|1358|744|701|334|674|334|27|45|0|157|361|563|149|201|147|206|72762|5850|69083|5716|4649|1659|0|157|0|157|691|696|0|157|731|706|0|157|1201|933|1088|896|0|157|125|162|99|162|320|339|394|520|44934|5771|0|157|71|123|2999|1617|2458|1137|5025|2197|32386|4796|1724|1213|271|371|0|157|19500|3619|769|636|0|157|1464|606|314|260|2542|1074|7221|2694|2080|1003|1092|676|233|279|3617|1985|168|168|3679|883|3679|883|0|157
04000C2US34|2011960|22810|262065|12721|29092|3163|732|466|5787|1835|278|210|602|312|20966|2566|8719|1365|10104|1868|2143|714|727|380|25998|2789|1482|580|635|279|5810|1444|13710|1981|2055|835|2133|862|173|215|66010|5708|9180|2031|28124|3673|20768|2989|91|149|7896|2151|42|71|140432|8413|9744|3369|3920|1490|1961|1068|4339|1859|2443|913|5357|1974|2374|904|1271|608|1100|606|1217|594|5294|2335|46036|6036|5419|1888|18135|2634|1863|828|21269|2910|8690|1991|533|447|658108|11977|174355|8453|97894|6957|73862|6145|9455|1770|14577|2378|9395|2016|66970|5564|96|143|320561|11807|1115|918|13846|3512|0|226|259794|11246|5110|1473|748|430|4974|1903|26098|4631|4123|1683|3466|1785|1287|887|102256|7363|1684|749|1289|740|3674|1969|473|424|2295|1013|76712|7230|709|356|2278|879|13142|2970|0|226|57346|5168|952|525|1131|657|3526|1367|2176|902|7992|1911|4266|1644|928|533|4862|1687|3390|2031|7162|2401|18272|2979|683|525|394|483|1612|898|3590|1296|108978|10716|10592|2425|233|204|2208|1372|5367|1709|153|255|181|279|616|579|900|601|934|539|3871|2235|2341|2098|291|231|51|92|1188|830|32992|5428|1743|1018|24760|4735|4855|2000|202|236|1432|801|5058|1512|4903|1514|155|191|55552|7857|222|231|17784|4866|1402|1182|5171|1955|21129|4280|3673|2135|1373|1115|813|619|3985|2380|913|777|4175|1232|3753|1148|2763|941|990|609|0|226|0|226|72|122|350|452|978634|19952|962258|19925|333944|16566|341|232|1246|856|39406|4744|2914|1615|174129|11571|2852|1410|41808|7138|56973|7127|1530|811|369|370|9504|2698|493|385|2379|1186|255856|14820|1382|852|16273|3535|47977|6600|54022|8116|35731|8266|92295|9000|5799|1979|2166|1190|211|244|372458|16344|10900|2904|2817|1181|41516|5348|5783|1817|103202|10020|93049|9486|16718|3244|63257|7257|8779|2837|21775|4169|4662|2020|16376|2194|16179|2197|197|244
04000C2US36|1262990|21174|196947|7726|36060|3129|658|329|9842|1656|560|354|1466|501|22888|2352|9052|1253|12102|2042|1734|583|646|399|31507|3054|1830|735|1323|713|6295|1468|18663|2448|1838|613|1558|673|0|220|49178|4441|7688|1905|31501|3294|6495|1857|0|220|2992|1018|502|447|79599|5959|6765|2883|2404|1177|3672|1361|1179|674|2458|1167|2978|1371|2909|1049|455|326|1436|839|1268|890|903|704|16198|2877|3361|1322|10160|2097|694|514|17351|4156|5408|1362|603|434|348650|8913|119275|6311|86955|6245|71340|6065|7604|1609|8011|1783|8793|2045|23413|3290|114|190|142803|7191|4819|1727|15538|2821|1107|1085|75335|5499|7905|2008|2064|793|3120|1417|28269|4301|2246|1274|1673|721|727|661|46715|4250|1316|517|789|558|1905|1005|528|341|1413|570|31357|4024|224|215|2475|917|6708|1520|0|220|38755|4517|553|358|525|450|1709|836|3350|1518|10087|2180|1880|863|538|481|2241|946|573|462|1086|578|9010|2169|1254|706|4727|2659|1222|662|1102|650|43654|5353|9599|2456|692|571|1283|773|2624|1292|1223|874|768|643|383|422|907|533|1719|989|1456|655|504|437|72|129|443|369|437|386|10127|3077|134|213|5160|1698|2103|1005|1558|1574|1172|761|3165|1040|2768|1013|397|335|18677|3814|0|220|5415|1792|292|180|262|275|9347|2782|896|627|240|219|404|522|1821|1741|630|869|3013|895|2617|786|2014|588|603|580|0|220|0|220|0|220|396|479|670726|17071|647722|17020|232462|13108|1169|526|2977|1304|7676|2540|753|436|85717|9415|2162|1911|51800|6506|60820|8271|802|562|787|592|10449|2022|2170|1238|5180|1627|221441|13179|263|199|3658|1599|89871|9177|45260|7172|25679|5566|49134|5841|4681|2399|2607|966|288|373|193819|11837|5861|2279|1835|882|10416|2757|5769|1818|39303|7234|72148|7734|20904|3354|24610|6195|2916|1029|5121|1591|4936|2008|23004|2801|22902|2813|102|126
04000C2US37|416824|15913|45333|4869|11870|2649|937|1377|942|777|153|181|280|239|9435|1733|2866|984|6051|1554|518|338|123|134|11119|1705|587|566|271|266|983|444|8268|1542|584|454|325|277|101|175|3533|945|613|349|1512|644|642|373|7|13|592|473|174|174|18811|3301|877|942|483|393|637|546|1249|955|85|107|646|394|843|621|206|206|450|495|2358|1334|56|98|1460|611|2212|1362|3429|1334|240|262|3427|1266|153|180|0|226|107919|7412|20982|3590|11138|2564|9164|2378|676|555|1298|646|3518|1617|6326|1676|0|226|55650|5755|509|573|937|1033|0|226|47012|5881|718|434|778|1149|1207|821|2807|1192|100|150|210|290|1372|1686|24842|3443|1038|1006|527|401|680|488|3285|1070|482|313|8587|2374|326|250|2507|813|7410|1940|0|226|6259|1907|135|227|531|531|106|161|192|249|676|661|915|622|90|149|647|425|1262|1022|208|207|1458|847|0|226|0|226|39|67|186|188|24424|5616|6384|2856|531|844|3114|2129|1833|971|189|228|283|396|107|132|184|142|143|154|560|529|0|226|409|507|151|167|0|226|5748|3108|0|226|2552|1835|825|555|1915|2501|456|535|1889|752|1889|752|0|226|8713|3042|0|226|2362|1327|184|215|1586|1551|3779|2009|449|665|238|361|115|202|0|226|1130|954|1317|787|1089|677|1008|684|81|79|27|47|0|226|0|226|201|231|237831|12430|228617|12283|23681|4157|620|710|0|226|4190|1450|35|60|6732|2565|0|226|3828|2357|5149|1880|243|410|155|263|1269|925|393|489|1067|758|163922|11205|805|815|2012|1057|15219|4615|15723|4166|16514|4081|110960|8099|1243|706|1446|707|0|226|41014|6501|3225|1304|248|203|4087|1482|1266|859|15146|4369|2999|1530|1408|738|4256|1619|968|1366|6611|2130|800|518|9214|1686|9170|1687|44|61
04000C2US39|383244|13291|79536|6825|10599|1796|203|170|815|493|145|180|582|285|8688|1590|4426|1177|3569|913|693|370|166|170|14045|1948|1091|461|670|404|1494|696|9425|1448|968|604|294|218|103|170|9581|2114|2655|1557|4742|1116|362|362|243|334|1786|874|36|58|45232|5660|2352|1117|1200|759|1968|774|773|641|2130|767|988|499|1285|608|173|173|929|827|438|447|687|467|2623|730|4675|1901|4969|1359|1579|1106|14303|4224|4160|1135|79|132|172498|9036|40872|4553|26685|3683|23588|3632|864|483|2233|912|5286|1836|8901|1800|0|211|82953|7740|1251|1100|1226|902|11372|3950|52216|5709|3929|1522|1468|688|5259|2270|3196|1422|537|405|918|582|1581|1460|26853|3509|671|392|999|533|1165|626|626|490|757|453|10515|2203|403|389|2021|864|9696|2405|0|211|20572|4446|122|204|293|264|62|105|3536|2441|1637|814|1196|605|1378|1005|3270|1326|1105|925|3099|1695|3523|1720|779|495|120|129|452|314|1248|750|42784|6432|10710|2511|157|165|1882|1101|3293|1750|1634|965|371|300|1289|915|466|420|1618|1104|4778|3330|2623|2672|1017|1035|421|380|717|624|6738|1960|1283|1056|3320|1239|715|463|623|706|797|705|2116|1136|2116|1136|0|211|16111|4214|0|211|3795|1586|417|528|998|1111|5226|2166|595|546|87|104|1666|1148|3327|2199|2331|1996|3001|962|2319|915|2074|908|245|200|0|211|0|211|682|214|0|211|85425|7098|74896|6903|14302|4118|233|299|0|211|1263|569|144|233|4855|2129|0|211|4413|2986|2508|905|46|78|121|148|554|694|0|211|165|184|38622|6081|66|119|99|115|2766|1242|4439|1829|4798|2476|25933|4740|264|274|138|163|119|169|21972|3713|990|671|482|643|4330|1397|330|272|4257|1735|1793|986|399|286|2463|1120|713|731|5887|2212|328|420|10529|1910|10457|1895|72|116
04000C2US42|607556|17997|113051|7495|21740|2889|449|334|3456|1530|433|308|844|664|16328|2506|7428|1930|7391|1559|1509|607|230|232|18306|2133|1068|535|925|673|2324|937|12864|1797|826|355|258|223|41|67|18712|2391|4855|1247|9757|1641|2028|1111|0|192|2061|963|11|19|54293|6051|2609|1328|2621|1413|2762|847|955|626|420|247|2001|746|1906|848|416|417|718|580|836|648|26|47|8304|1914|3355|1290|10010|2554|405|393|12986|2615|3963|2218|0|192|260290|7863|61986|4727|39044|3626|32426|3459|1798|714|4820|1250|3557|870|19385|2893|0|192|137664|8296|3674|2190|8014|2171|12627|3359|86783|6435|3169|1078|1056|867|5871|1857|9600|2814|2052|1525|3502|2367|1316|948|43390|4798|698|339|3222|1451|1156|871|2290|1837|824|548|13965|2722|454|379|2348|1125|18433|3463|0|192|16968|3775|951|735|586|365|258|349|2561|2092|1168|887|330|259|792|543|1235|604|602|429|3102|1448|3433|1807|0|192|323|320|1627|1455|282|357|54758|7613|10258|2594|146|210|1239|709|3523|1689|106|164|2079|1189|373|344|496|506|2296|1204|2218|1257|992|936|596|685|301|226|329|444|12104|3097|1546|918|5202|1998|3535|2160|1527|1089|294|325|4348|1991|4059|1988|289|359|24904|5071|45|78|3228|1401|715|772|7272|2766|10835|3417|131|216|766|529|378|344|1534|982|926|596|1842|1030|1126|441|976|439|150|133|716|908|0|192|0|192|0|192|177615|9513|167162|9329|66784|5831|328|294|765|519|5882|2529|342|299|39932|4656|187|301|5277|1908|11702|2767|195|251|73|128|1744|755|0|192|357|269|60763|6573|110|146|1148|573|5660|2070|9788|3423|3666|1479|36524|5004|2102|1638|1754|888|11|20|39615|4778|1980|710|219|190|7325|1764|948|539|10110|3009|8737|3207|2257|1470|3142|1145|248|280|3895|1475|754|657|10453|1786|10373|1778|80|148
04000C2US48|2546441|40595|107584|6648|31147|3935|558|398|1617|807|468|365|1859|1261|25766|3685|12883|2186|10036|2095|2847|1466|879|652|26200|3473|453|345|1128|655|2520|1087|19066|2875|2412|1305|468|528|153|138|9940|2136|1079|649|3464|1258|1519|1036|569|730|3832|1882|46|79|40010|4264|115|173|717|537|1713|1082|1410|790|1068|877|962|443|1379|786|729|496|1811|1065|2761|1566|205|351|4507|1480|4118|1758|10171|2581|1225|760|5443|1527|1676|912|287|307|766705|20653|123569|8482|79932|7338|59165|6057|5299|1165|15468|3126|6613|1531|36980|5315|44|71|346473|17556|7074|3069|10978|3654|328|399|247893|14353|14029|3090|2054|1189|13854|3519|42379|7164|5515|2070|619|569|1750|1120|237264|11867|6063|2368|7829|2357|5687|1696|5857|2194|3858|1745|71068|7645|2279|1225|8937|1819|125616|9892|70|115|56792|9474|1021|1019|687|916|983|1446|14973|5766|3749|2146|6009|2293|5230|2437|5531|2068|4138|1830|1970|808|7043|2401|4326|1796|230|270|902|666|2607|1805|170712|15401|33725|6558|1246|863|9560|3014|11684|4351|553|501|1572|1565|1584|993|3768|2014|3758|2565|11019|3791|7626|3232|1442|1087|1851|1517|100|163|17884|4191|1172|700|8972|2908|2129|1436|4807|3224|804|529|11111|2983|10499|2923|612|460|90807|11576|0|242|5988|2200|2428|1827|2577|1536|76227|11085|1099|1409|960|781|454|371|1074|585|6166|3092|6734|1741|4391|1386|4171|1349|220|201|148|155|101|180|1466|940|628|368|1494706|32973|1462148|32830|100870|11796|1668|958|1291|798|59608|9857|939|808|14306|5343|219|213|2324|1121|11515|3485|1141|951|180|300|5169|2029|529|609|1981|1076|1191018|30378|1724|978|5407|1646|101056|13531|30301|5837|71501|10284|961805|29308|14219|4137|4830|1426|175|288|170260|13037|6917|2967|3731|1886|25242|6435|3983|2069|39085|6930|6895|2208|2400|757|12055|3157|2441|1916|65088|8928|2423|1964|32558|4078|32357|4047|201|199
04000C2US51|873883|22484|67392|5381|15025|2287|942|620|841|406|0|217|1735|867|11317|1744|6065|1311|3924|935|1328|680|190|197|15422|2248|474|323|1144|761|1808|766|9820|1532|1535|888|641|510|0|217|8142|2271|1222|500|2617|1086|1555|778|0|217|2748|1482|0|217|27916|3169|1130|673|1036|711|2108|1261|2376|1175|170|180|708|489|387|254|514|422|381|276|459|458|516|424|1961|799|2394|882|6636|1620|589|496|4822|1309|1729|978|887|1032|379747|10590|91099|6025|37846|4039|29938|4022|2198|725|5710|1357|4174|1058|47382|5427|1697|1079|175737|9944|20453|3775|17175|4230|0|217|82663|7488|12900|3544|1480|1398|15299|3375|23402|3667|459|357|613|496|1293|976|81750|6657|1485|812|3121|1234|1093|479|1730|949|836|550|27889|4143|614|388|4850|1286|40132|4995|0|217|29230|5435|140|153|671|558|277|280|5088|2004|970|445|2172|1198|1798|1207|3311|1056|2137|1670|1496|773|7084|3304|1013|591|2150|1213|923|520|1931|838|91376|10148|32533|6877|1890|1127|19136|4406|3135|1094|2636|1205|627|687|351|342|772|813|3986|3809|2789|985|1572|874|82|7|869|542|266|302|19953|4363|1240|588|10753|3305|3965|1547|2407|1590|1588|1319|3554|1393|3281|1341|273|433|32290|5425|43|71|14239|3285|1379|1001|1516|1035|5095|2202|578|804|4081|2089|1194|841|4165|2145|257|359|1276|447|941|386|794|368|147|127|64|109|0|217|0|217|271|213|334092|13350|326791|13150|22135|3710|245|320|833|634|3173|1243|0|217|2768|1015|248|257|3866|1669|7816|1947|274|265|309|415|940|475|633|540|1030|604|210870|13112|725|656|1620|816|97604|9641|36749|7545|36002|6566|31520|3630|4170|1540|2309|857|171|260|93786|8061|3718|1156|20223|4515|7208|1824|2230|866|14326|3638|4656|1736|2251|977|27927|4931|759|588|9688|3255|800|604|7301|1678|7193|1681|108|181
04000C2US53|649619|17505|82897|6865|13939|2199|728|476|993|589|713|458|229|238|10727|1995|4854|1258|4795|1355|1078|565|549|467|12509|1522|736|492|254|254|1862|662|7412|1198|1755|629|466|302|24|41|2670|753|376|300|946|414|468|379|0|218|880|475|0|218|53779|6365|478|779|2066|909|2675|1408|728|561|0|218|770|512|560|326|167|166|104|120|4476|1906|0|218|1840|837|4154|1282|11009|2709|42|71|22733|4834|1977|807|0|218|296539|13065|95618|7372|59453|6081|45880|5244|4172|1329|9401|2127|6807|1582|28748|3833|610|733|87149|8447|3655|1983|1231|806|0|218|66382|7516|5477|1903|1167|939|1712|1220|4263|2282|582|614|1818|1189|862|570|97427|7242|1235|912|6158|1880|2446|788|1976|974|1664|1064|42368|5396|595|335|5735|1772|35205|6401|45|77|15537|3590|1015|931|1332|1060|1232|1589|3809|2654|1550|826|1681|909|688|559|598|444|598|415|1317|1126|1463|790|227|197|0|218|27|46|808|586|50311|6983|27804|6303|1680|1169|11762|3520|6684|2141|5286|4139|85|104|214|224|491|659|1602|1061|3325|1854|1133|1068|244|321|1948|1382|0|218|4703|2021|163|267|2607|1528|970|846|769|854|194|225|3155|1183|3155|1183|0|218|9555|3117|0|218|410|399|333|393|1532|1458|3703|2146|623|986|148|184|430|463|2376|1507|1769|1746|12394|2898|4261|1687|3035|1364|1226|746|1243|663|1697|1053|3056|2085|2137|1036|207478|11820|181072|11571|6408|2023|120|192|27|42|287|258|120|147|1183|680|0|218|1327|888|1671|830|0|218|0|218|1619|1745|0|218|54|92|149360|11449|1236|837|436|307|8200|2742|6238|2972|4527|2864|125731|10677|2066|2137|746|550|180|298|25304|5648|1836|1009|183|207|5737|2447|1819|1270|2806|1122|2307|1119|473|570|5113|3086|0|218|4955|3045|75|125|26406|3202|26078|3158|328|506
040C201US04|942749|21807|74237|5880|19947|2800|700|557|1529|681|491|392|881|516|15575|2380|7813|1594|6678|1615|1084|473|771|491|15344|2081|236|173|217|222|2149|824|10933|1767|1429|477|380|241|0|237|6003|1488|735|447|3788|1178|454|581|0|237|939|654|87|100|32943|4232|1150|1176|274|375|2569|956|577|524|910|690|594|381|2820|1235|151|189|138|156|894|650|1095|888|6356|1949|6979|2555|3238|1076|764|575|2820|1545|1614|1009|0|237|222980|8861|56171|5075|33270|3869|21409|3444|4348|1906|7513|1917|5234|1551|17667|3610|0|237|70291|6541|3327|2313|1900|886|117|197|50875|6527|8549|2398|65|109|992|808|1730|957|307|372|1492|1706|937|798|70696|7124|1550|977|2298|1103|2282|1168|158|193|1533|743|38521|6027|1106|908|3322|991|19926|4187|0|237|25201|5246|85|141|467|523|133|145|12269|4773|1680|988|1114|973|783|531|2107|937|2289|1352|1547|785|2077|824|328|298|59|106|263|219|621|566|54567|7057|21412|4966|1156|1087|6892|3699|3060|1556|778|514|1916|1816|1029|805|903|767|5678|2560|6306|3112|2228|2272|1140|853|2619|1752|319|351|5801|2850|126|154|2294|1128|241|264|2764|2485|376|329|4848|1965|4491|1834|357|474|10439|2952|0|237|918|903|401|563|1480|1054|5721|2456|425|375|68|117|367|542|1059|1056|5761|3659|4642|1727|2803|1459|2126|1357|677|322|113|155|283|423|609|465|834|410|586323|19843|549286|18847|32336|5376|258|343|156|232|20355|4451|0|237|4541|2537|160|279|2344|1925|2738|1261|0|237|235|285|886|500|0|237|663|730|486533|16761|357|353|1785|1366|9511|2257|13111|3208|4322|2149|452904|17102|3387|1527|1156|830|0|237|30417|5282|2478|991|414|710|6758|2296|1147|728|8156|3017|1311|602|166|191|3785|1581|460|433|5134|2379|608|570|37037|4796|36937|4797|100|125
040C201US06|10526850|61875|643386|16001|148257|6663|4158|1176|15699|2306|3989|1074|7695|1443|114273|5878|59280|4481|47915|3463|7078|1457|2443|1020|128748|6874|6655|1414|6329|1669|34807|3546|59999|4433|13846|1896|6470|1461|642|452|70755|5072|8964|1807|27434|2974|15919|2246|4884|1185|16622|3441|1816|895|293028|12657|1443|821|10675|2289|5326|1670|8859|2214|7169|1820|8023|1975|8359|1773|3329|1229|3174|1196|7078|1554|1418|938|20965|3113|23225|3123|83809|7485|3114|1017|81166|9434|15896|2545|2598|1277|4351419|34171|1395978|24366|990807|23350|711097|20199|101837|6638|177873|8029|98124|6477|302232|11190|4815|1845|1038494|27343|75282|9755|19564|3865|307|246|601652|20324|226129|12002|13143|5097|25566|5020|54665|7054|10020|2609|8863|3527|3303|1348|1587760|24194|26856|4703|48549|5037|35025|4122|39236|4870|15926|2373|837330|20440|10699|2146|64959|5696|509132|17143|48|80|315469|13968|96256|9321|5703|1616|5585|2351|42378|6531|34167|3927|14511|3324|5908|1513|27075|3696|6916|1986|29971|5520|25865|4187|4400|1308|13148|3506|3586|1213|13718|2924|226945|13555|67659|6743|7326|2444|29757|4796|11174|3294|3652|1937|3653|1301|4077|1231|2157|1178|5863|1541|8393|2645|4178|2156|544|423|2532|1462|1139|653|65187|7294|4043|1752|45554|5839|9500|2719|2850|1043|3240|1272|23353|2546|23097|2563|256|196|57553|7563|132|209|7884|2143|1344|887|3069|2650|39639|6650|1078|554|1984|1123|663|634|1760|1177|4800|2070|80127|6220|31137|3750|24598|3443|6539|1577|34736|3693|567|347|95|156|13592|3045|5224973|48623|5106085|47542|67381|5916|556|398|815|389|24842|3279|266|205|7350|2134|422|393|9231|2930|16668|3289|198|220|550|542|3720|1110|1000|685|1763|833|4716061|45474|14744|3662|12477|2436|449951|15887|328336|17553|72495|7962|3747443|39971|81797|9008|7549|1843|1269|777|322643|15140|27710|3620|10802|2219|52363|5221|16795|2968|83519|9058|23813|3445|2522|1015|76100|9083|3004|1027|22426|3669|3589|2031|118888|6975|118573|6968|315|229
040C201US08|569787|19332|73767|5964|17592|2431|378|245|1605|1107|398|281|1127|687|13771|2195|5726|1402|6543|1630|1502|619|313|310|22096|2968|1158|508|440|323|4314|1415|13256|2290|1434|721|1494|828|0|224|3720|950|328|319|2133|722|238|242|0|224|1021|500|0|224|30286|4591|1205|1835|1889|1229|1307|796|2579|1488|209|212|1555|841|814|333|367|370|411|318|732|575|43|69|2467|912|2159|1238|7916|1967|165|195|4822|1598|1646|1013|73|116|129583|6314|40375|3775|22153|3199|17475|2903|1573|726|3105|1057|3773|1143|13884|2179|565|484|41336|4516|3567|1910|641|469|885|743|23898|3703|2654|1145|945|668|4025|1793|1768|1013|557|394|1304|912|1092|796|36584|3475|1256|802|571|390|2198|935|2576|1502|770|608|11670|2037|392|340|4055|1370|13051|2568|45|72|11031|2598|385|497|570|701|442|374|1459|976|2398|1261|553|530|774|626|819|467|575|500|912|664|1326|915|156|154|0|224|662|562|257|339|47580|6846|21657|4883|2253|1885|9551|2478|2043|1098|2538|1917|27|46|500|468|1267|1038|3478|2292|4881|1963|1183|1117|1486|1244|1979|1255|233|255|5667|3280|147|244|1166|591|1196|753|2770|3202|388|491|3356|1210|3356|1210|0|224|11487|4216|0|224|4442|1975|1175|1405|0|224|1550|841|1377|1575|0|224|313|380|2630|2248|532|544|8466|3358|5206|2345|4295|2198|911|571|687|780|41|70|2079|1694|453|402|310391|15318|299094|15094|17937|3985|339|337|142|238|9043|3407|77|138|1778|1173|73|121|1711|1315|4102|2223|153|250|0|224|171|186|0|224|348|339|221681|12745|535|516|778|567|8688|3338|7070|2651|7245|2885|193319|12564|3034|2399|1012|640|0|224|59476|9223|2462|1334|935|848|8285|2008|1499|841|11311|3302|2394|1152|355|355|10543|3506|133|160|21288|7249|271|331|11297|1666|11077|1607|220|242
040C201US09|550585|14449|101448|6617|14631|2351|334|197|3151|989|493|426|356|289|9988|2003|5590|1483|3683|1492|715|418|309|228|11745|2845|457|423|327|324|1844|711|6356|1965|1617|988|1144|723|0|225|22910|3292|2229|1258|10208|1887|8846|2234|167|266|1627|1049|0|225|51877|5542|4571|1424|598|470|4863|2367|795|757|300|257|760|466|1636|748|349|305|760|589|289|369|628|606|19329|2925|990|598|5475|1402|366|453|6210|2383|3958|1725|285|270|127693|6513|33532|4241|25743|3631|23095|3641|1546|647|1102|571|2083|947|5706|1573|0|225|57045|6325|2107|2003|2840|1391|0|225|41658|5475|2224|1216|652|476|2197|1294|4297|1906|121|151|696|697|253|320|25384|3559|61|81|1168|1075|823|595|2622|1297|264|271|11780|2600|1342|1294|1505|710|5819|1680|0|225|11364|3303|293|271|51|87|136|161|179|210|1851|1265|102|124|204|187|1106|553|629|741|3574|3221|1092|560|50|84|1862|1224|235|236|368|618|24743|4944|1445|1146|0|225|63|104|279|284|0|225|760|1089|85|141|0|225|258|218|1691|843|512|507|0|225|1061|710|118|196|7750|3706|127|222|4697|3558|2181|968|638|718|107|122|2468|1178|2159|1101|309|402|9252|2284|460|433|5026|1770|59|98|94|114|2885|1215|191|334|195|326|342|366|0|225|2137|1236|1134|635|1064|623|805|586|259|226|0|225|0|225|0|225|70|129|295567|13610|285191|13424|107889|7532|269|421|231|327|2667|1300|849|509|29595|4814|112|129|19218|4703|46686|4877|1835|1371|827|721|4294|1532|366|423|940|595|68057|7354|213|291|2291|1025|11553|3132|21509|4995|7488|2717|20829|3980|3003|1720|1057|638|114|188|109245|8722|3278|1004|435|335|20134|4210|4133|2783|18958|4307|30608|5776|7319|2793|19652|4219|548|730|3901|2302|279|357|10376|1813|10298|1762|78|131
040C201US12|5154917|55787|424835|14346|87737|7210|2044|1117|7269|1918|2049|1033|5514|1875|66536|5574|29749|3867|30597|3589|6190|1509|4325|1756|81705|6902|2793|935|2695|933|17469|3350|45624|4476|8329|2121|4392|1895|403|381|71782|6706|9660|1715|27800|3823|10644|2327|693|441|23073|4180|605|436|182727|10175|9792|2960|4751|1629|4771|1568|6486|2320|3346|1017|10541|2514|8983|2610|2245|935|5810|2694|2657|1216|2562|1425|24089|4083|14840|2948|34915|5394|3877|1540|32084|5326|10978|2163|884|580|535691|18191|102583|7105|72499|6124|59093|6215|6051|1505|7355|1825|10365|2674|19219|3085|500|500|154600|12804|2700|2275|12821|3483|0|247|102168|8425|10206|2860|2502|974|3138|1755|14107|3474|2062|1039|3056|1353|1840|1245|187208|11850|5587|2379|4898|1822|2333|965|4200|1728|2788|1053|91467|7928|1926|951|13735|3034|60274|7258|0|247|81335|10794|900|805|559|328|1745|1633|8544|5364|15456|2461|5622|1805|2517|1050|9289|2283|4602|1887|10367|6462|18441|4786|1964|925|94|109|1235|495|9965|6186|96675|9642|18694|3822|629|459|5656|2778|4216|1610|688|897|2580|1053|1225|702|1498|1150|2202|950|5627|2819|3321|2406|219|292|776|579|1311|940|30768|4554|1669|909|14306|3609|9650|2524|1643|1081|3500|1781|14559|3952|13778|3736|781|1088|23434|5066|778|788|4270|2112|446|583|2580|2048|12855|3911|571|653|275|335|1049|810|610|718|3593|2737|12286|2781|11114|2584|9148|2471|1966|809|164|263|0|247|21|44|987|705|4085430|48255|3980998|48563|2052255|36179|20645|4243|6231|1870|1154201|25097|6517|2411|149305|11239|2246|995|391260|20685|244435|15937|4501|1761|1697|1070|49528|6787|2573|1280|19116|4327|704575|24861|4745|1588|23262|4484|50629|6827|118775|13183|119743|13277|243591|13521|119728|11247|22738|3896|1364|1264|1224168|35104|58652|5283|9713|2935|165424|14262|24157|4242|368570|17026|62852|6669|35716|5202|94756|8109|17418|4430|382409|22404|4501|1602|104432|6654|103860|6677|572|360
040C201US13|1190759|24683|82360|7172|22340|3432|350|294|1194|530|173|170|705|427|19044|3146|10615|2574|7522|1616|907|544|874|469|21497|3684|462|360|1196|1150|3602|1604|13304|3001|2503|1240|430|320|0|232|6243|1548|1702|1031|1887|745|452|331|0|232|2202|840|0|232|31921|3626|180|282|762|371|4948|1739|2132|873|243|174|819|585|1029|833|254|322|229|198|794|597|90|173|3719|1546|4542|1402|5404|1544|753|438|4437|1507|1586|904|359|355|378703|8840|105435|8189|53893|5738|44408|5593|3263|1096|6222|1466|5742|1580|45757|5491|43|73|165613|9259|6108|2853|8382|2159|2211|1710|121448|7302|7973|2004|1041|703|6070|2666|9810|2458|1754|945|668|423|148|145|84931|7797|4721|1520|4548|1367|3164|1279|3324|1122|1938|892|18808|3134|533|468|3549|1198|44346|5484|0|232|21195|3605|57|101|300|219|961|803|2510|1226|4939|1996|312|261|151|184|1801|1151|1290|891|572|545|6143|2335|995|618|0|232|1164|1004|1529|1137|127353|11137|46439|6872|1814|1194|20978|5109|8252|2795|1461|850|1846|1025|3198|2153|1922|1529|6968|2934|13497|4186|4665|1797|1892|2064|4247|2585|2693|2521|6532|2393|537|473|1821|929|1770|1013|1668|1241|736|473|6541|1787|6107|1745|434|718|52552|6791|403|437|10019|4178|2537|1246|2161|1069|27105|5143|1600|1119|2143|1416|1348|850|5236|1607|1792|1111|3961|1385|3246|1149|2992|1115|254|194|0|232|0|232|494|732|221|259|598382|18747|582097|18555|136133|11676|2034|909|1796|1006|14827|4004|1697|1103|12607|2976|280|324|24448|5981|61750|7067|269|299|1220|898|9449|2491|1405|1236|4351|2031|311868|13466|837|706|2221|1364|27221|5529|47412|7941|18596|4117|199827|11706|8676|2940|7078|2300|0|232|134096|11629|3632|1446|1046|645|17536|3577|3436|1669|36677|5904|4343|1414|8725|3599|11490|3567|1867|1155|43717|8482|1627|1052|16285|3057|15497|2983|788|605
040C201US17|1917497|29514|360726|14497|24524|3075|454|412|6460|1438|584|360|964|618|15749|2515|7862|1547|7228|1826|659|381|313|284|29196|3751|1360|582|856|533|6022|2529|18516|2304|1477|642|965|665|0|208|30553|3300|11156|2139|13034|2074|614|444|44|74|5749|2579|0|208|274253|11906|5259|1932|3154|1002|10018|2203|8562|2311|2067|864|5605|1806|2259|1255|1334|545|10006|2955|5452|2169|4049|1523|111438|8626|13337|2459|21105|3826|4596|1307|53365|7378|12647|2408|2200|1429|600207|14485|157485|9431|100824|8785|84412|8123|7358|2425|9054|2225|10228|2889|42991|4632|3442|1598|239834|10883|4045|2852|6277|2530|150|250|173696|9426|8441|2520|1450|870|3065|1387|30541|5566|2075|1402|2936|1392|7158|3376|139325|8207|5786|1892|1152|554|3053|1385|3763|1685|4710|2703|88157|6961|1097|736|8521|2175|23086|4905|0|208|54588|7413|896|1166|2343|1646|51|87|11892|3656|3540|1513|10617|2560|3342|1473|3009|1036|3988|2069|4331|1705|5524|2010|2530|1008|1684|1081|841|582|8975|2657|90994|8947|19077|3798|963|638|3430|1509|3603|1463|717|656|2662|1524|1940|858|1302|1366|4460|2177|7938|2778|4302|1847|1836|1261|868|823|932|1153|13953|3420|2210|1025|4894|1691|5194|2874|515|447|1140|624|3090|1087|2861|1039|229|344|43065|6313|0|208|7395|2527|325|368|981|816|27333|4935|158|262|853|732|3496|1785|2524|1747|3871|2172|4017|1276|3168|1013|2326|814|842|535|164|268|0|208|0|208|685|422|861553|21070|839686|20126|24439|3106|446|448|281|238|8505|1965|307|451|3654|1420|0|208|3520|1584|6695|1685|0|208|163|241|419|365|112|186|337|404|682950|19221|3036|1359|1369|674|10836|3013|26490|4366|15178|4024|618211|18139|6223|2817|1430|679|177|173|132297|12807|6170|2515|1011|604|8810|2212|3256|1654|31647|5779|29598|6847|1257|768|10934|2453|211|271|37783|7378|1620|1471|21867|4155|21748|4158|119|195
040C201US18|441429|17322|31476|3898|6832|1387|150|169|390|302|153|192|622|473|5492|1349|2622|1228|2408|834|462|278|25|42|6032|1300|67|108|146|158|1137|534|4028|1074|393|237|261|238|0|211|3366|1031|1213|699|1145|534|0|211|0|211|1008|760|0|211|15066|3263|409|393|148|246|1138|709|672|674|769|472|484|347|153|187|74|123|309|271|0|211|811|561|3681|2133|1162|773|2036|806|695|483|877|550|1648|782|180|228|138787|5920|34717|4475|20142|3289|17669|3208|540|410|1933|813|4802|2721|8906|1836|867|1020|49650|5703|4187|2647|1457|923|98|166|37818|4659|1429|1238|370|477|1137|856|2707|1133|402|392|45|75|0|211|42962|5088|13688|2576|190|220|1620|964|584|433|1992|947|14997|3213|455|346|4319|1894|5072|1540|45|80|11018|3155|397|501|43|73|0|211|475|637|1625|818|2964|1750|104|172|268|231|1055|894|2285|2011|711|432|307|408|206|336|578|430|440|367|55754|9943|13394|5003|1470|1605|863|645|1980|1200|482|367|0|211|0|211|1307|1248|7292|4166|5840|3780|58|114|4378|3653|880|778|524|562|4399|1735|635|614|2374|1283|0|211|1390|1175|0|211|1484|726|1484|726|0|211|30289|7500|0|211|2264|1533|0|211|1135|1662|24852|7288|160|281|0|211|707|802|1171|1174|348|524|1965|620|848|469|739|467|109|130|0|211|750|97|0|211|367|314|213447|11039|207789|10926|29448|5596|192|329|555|705|4430|1755|0|211|4129|1701|49|83|18240|5051|1612|1029|0|211|0|211|60|107|0|211|181|170|152665|9498|83|102|660|581|8891|2287|16163|3611|12230|3940|106024|9027|7972|3164|642|462|0|211|25676|4433|1824|1210|1831|1659|1913|822|784|495|3905|1376|1934|1325|139|206|3365|1771|57|97|9924|2539|0|211|5658|1592|5658|1592|0|211
040C201US24|1015221|23225|72853|6432|13841|2103|401|380|1144|529|605|458|446|318|10787|1857|5474|1307|3743|979|1570|989|458|354|17165|2923|700|360|1041|901|5394|1789|8605|1681|956|411|469|268|0|228|10880|3879|2399|1232|2943|1031|1030|686|0|228|4391|3689|117|141|30365|4881|536|391|1425|913|1128|1071|987|612|242|243|734|440|1059|770|1247|802|711|514|1235|778|266|395|3399|1211|1257|577|7195|1863|333|316|7555|2313|1056|561|602|528|302952|8191|96809|6295|60581|6028|48556|5398|4098|1343|7927|1943|5650|1426|30578|3630|0|228|116629|8130|9931|4095|11287|3276|0|228|57081|4589|8974|2398|891|778|6177|2234|16116|4365|4175|1595|1997|1215|0|228|73445|6892|4325|1903|1550|667|3269|1374|198|194|1520|681|43530|6306|560|380|2823|923|15670|3138|0|228|15722|2631|961|1088|481|444|238|342|890|845|3649|1508|914|750|504|376|989|713|1520|1031|1381|1043|3069|1276|415|349|0|228|711|500|347|272|202730|14727|53764|8663|4278|2169|33650|5760|6300|3135|685|598|2540|1754|2267|1745|651|577|3393|2089|22191|5291|20139|5018|449|475|1108|818|495|392|8174|2597|224|197|3338|1113|2278|1143|1422|1261|912|923|2703|995|2432|953|271|377|111298|11433|653|1111|19983|4797|3532|1859|5482|2210|51894|7781|3291|2060|14296|3954|4529|2124|7638|2781|4600|2331|2490|890|2068|817|1496|743|572|334|0|228|0|228|72|108|350|291|434196|13310|427454|13422|73310|7436|1988|1228|1689|839|3175|1893|123|152|11200|2615|1417|992|8354|2533|29810|6468|1253|664|0|228|11260|2378|704|769|2337|871|265243|15265|137|166|926|582|135158|12605|48321|7082|37429|7628|31046|4871|8153|3910|3613|1681|460|692|88901|9061|5110|1512|8039|2890|10968|3076|4985|1811|16384|3039|5790|1891|9003|2851|19529|5015|812|516|7611|2665|670|448|6742|1709|6606|1704|136|152
040C201US25|1298804|22151|202874|10209|35365|4754|597|428|13371|3071|128|124|2129|908|18553|2785|8707|1713|8782|2004|1064|520|587|475|22158|2588|431|281|1617|794|6888|1944|9304|1743|2151|814|1632|643|135|153|65404|4967|8469|1854|12916|2136|38619|3995|8454|1536|5204|1655|196|182|79827|7636|17563|4445|3984|1388|2169|947|2514|1231|498|561|1634|827|1358|820|1005|567|1093|560|2501|1334|366|343|8518|1889|2746|1107|19716|2980|720|585|9342|2195|4100|1430|120|202|380328|10204|144586|6698|118792|6723|101194|6794|8717|1492|8881|1862|6315|1652|19479|2989|0|228|123424|8015|1433|1345|8356|2874|1119|857|84143|7112|6781|1896|1666|1146|8223|2172|7585|2398|2427|1612|936|680|755|537|74675|6543|887|413|11428|2356|2824|1986|2590|1443|1471|578|10651|1915|641|358|5652|1305|38531|5287|0|228|37095|5541|682|394|2230|1105|375|364|5046|2753|5838|2535|1136|1060|465|406|6896|1732|1067|744|5125|1551|6993|2086|626|411|0|228|616|560|548|543|131427|9034|29289|4574|370|357|5928|2117|10309|3148|1771|1068|1658|1178|5247|2794|737|716|3269|2038|3797|1440|1268|912|1034|730|414|358|1081|681|22384|3570|1338|810|6043|1714|10900|2520|1506|1179|2597|1988|3210|971|3140|964|70|82|67630|7538|33704|5799|12303|2828|207|192|4761|2567|11912|3590|1899|1079|2013|1066|0|228|831|721|5117|2304|5260|1272|4678|1217|3733|1143|945|435|185|143|0|228|0|228|397|146|578915|17875|554209|17612|219627|13016|265|272|3353|1639|3053|940|1944|1045|115577|9105|155|144|65776|7329|16575|3719|1032|1136|772|546|7851|2274|676|580|2598|1427|126668|11202|621|550|2541|1407|45325|6193|44221|8672|11711|3385|13407|3112|2919|1577|1659|876|4264|2165|207914|12542|2686|1061|804|530|128020|10661|2960|1187|34175|5755|20145|5001|1713|917|8205|2422|2126|1097|5975|2134|1105|976|24706|2857|24277|2830|429|437
040C201US26|723795|15957|105934|6921|13069|1862|244|285|1054|579|140|139|312|195|10731|1788|5245|1424|4162|886|1324|506|588|525|18996|2733|1092|603|483|289|2744|866|12413|2420|1772|531|492|383|0|187|12443|1754|2509|855|7842|1560|190|164|0|187|1403|609|499|339|61283|5993|12530|3114|501|535|4533|1781|1602|1387|685|557|1114|716|957|542|104|103|514|344|413|408|3758|2367|9268|2047|8848|2119|3733|972|499|279|6593|1921|5631|1539|143|180|391004|11774|67878|5066|36204|3698|31551|3441|1251|678|3402|1091|7427|1669|24052|3550|195|222|135533|7705|2184|1178|25534|4922|0|187|89880|6690|5018|1525|355|573|2204|1076|9339|3313|837|659|182|200|0|187|48628|4974|3193|1707|1480|637|1392|1011|2486|1072|1834|731|19575|3104|418|369|4651|1457|13599|2974|0|187|137442|9538|527|597|1076|703|27|57|52807|6075|1498|659|5140|1717|847|422|27646|3672|2935|1385|8345|3344|2125|938|1118|752|32930|5606|421|403|1523|617|43872|6146|10675|2624|733|1050|2529|1034|1614|712|381|366|1160|1202|509|513|570|542|3179|1675|7815|2864|1308|1196|2764|1561|3499|2163|244|330|6931|2147|633|604|3890|1578|484|344|1128|818|796|945|2761|1405|2761|1405|0|187|13816|2754|0|187|2446|898|0|187|790|608|8839|2269|413|396|439|428|0|187|889|600|1874|1490|1984|833|1529|566|1107|507|422|243|0|187|0|187|0|187|455|614|181001|9523|156075|8652|27748|5071|126|158|145|124|9025|2630|96|75|5087|2023|1798|1854|4277|2349|5593|2247|258|309|91|152|1252|979|0|187|0|187|97193|7271|80|96|675|352|3285|1203|8813|2282|4709|1350|76513|6719|1916|1522|1202|744|0|187|31134|5381|1838|594|270|242|8494|2118|642|405|8105|2442|1608|961|0|187|907|608|122|128|8949|4773|199|260|24926|3190|24926|3190|0|187
040C201US27|478280|12075|40471|4588|8117|1773|173|168|851|544|347|247|984|523|5171|1332|3075|995|1860|647|236|267|591|534|7793|1367|259|214|613|567|1290|479|4481|1054|753|419|329|327|68|112|2741|871|397|328|1223|570|441|584|0|157|677|378|3|6|21820|3913|594|551|3105|1415|1762|946|382|361|394|507|869|568|89|150|173|176|47|80|1384|775|52|94|1010|390|586|425|4392|1210|0|157|5569|2083|1412|552|0|157|164244|6338|35623|3344|20622|2511|17304|2495|939|502|2379|932|2427|932|12435|2018|139|160|41024|4248|1357|1066|2728|1426|245|312|27614|3812|2371|1022|56|95|3085|1198|1438|906|971|558|538|871|621|902|75386|4461|7828|2500|4908|1487|498|497|20224|2920|445|361|12374|2959|233|214|15060|2488|13723|2239|93|120|10772|2508|0|157|650|674|298|458|2811|1204|794|460|470|390|307|364|815|700|2094|1495|325|511|1870|1125|174|230|72|121|92|153|1439|1176|143659|8989|91783|7983|1293|946|28337|5171|16553|3235|41427|6313|1375|969|1245|919|409|289|1144|642|5692|2357|4331|2216|315|543|1046|933|0|157|4702|1955|332|304|2499|1644|644|464|307|326|920|928|1421|889|1408|890|13|20|36522|5934|295|492|3431|1573|198|227|11921|3831|10951|2930|70|136|2722|1454|674|605|6260|2936|3539|1797|1232|546|791|406|764|405|27|45|0|157|178|229|149|201|114|201|128674|6798|121849|6624|6756|1973|0|157|0|157|965|773|0|157|1608|881|0|157|1525|1090|1467|913|0|157|81|148|396|333|320|339|394|520|77202|6991|105|128|302|204|5560|2230|7554|1968|7149|2355|53728|5755|2417|1317|387|404|0|157|37891|5091|1430|806|160|277|3039|1008|914|802|5009|1193|12623|3998|2988|1081|2218|1101|372|345|8894|3297|244|216|6825|1436|6825|1436|0|157
040C201US29|277265|12137|43806|4936|7554|1677|537|684|524|233|110|183|207|203|6122|1464|2879|1073|2350|946|893|752|54|90|8351|1787|493|305|84|139|849|418|6323|1541|538|415|64|106|0|198|2202|998|591|594|626|341|508|711|0|198|429|276|48|80|24421|3712|1337|765|345|297|8682|2508|1424|1369|746|536|506|341|379|458|0|198|128|168|77|98|0|198|675|357|510|334|3672|1100|292|386|4293|1376|1355|699|1278|1942|108416|4473|26295|2755|18161|2183|15625|2093|508|292|2028|831|2114|983|6020|1398|0|198|39657|3929|1813|1104|2474|1061|565|657|25606|3546|1884|1084|297|277|1906|917|3690|1559|430|556|619|554|373|490|30081|3468|1091|764|282|247|725|585|674|492|610|419|13173|2122|54|91|1978|1009|11436|2428|58|81|11670|2999|0|198|235|249|282|288|2205|1582|821|506|526|573|295|357|978|703|1079|913|2605|2281|2025|1046|569|488|0|198|50|86|713|754|31783|7196|13687|6084|214|259|4240|1963|2102|916|1403|957|1449|2161|0|198|545|590|3734|4680|2694|1162|509|442|413|336|1772|1038|0|198|1285|751|342|534|221|233|400|407|0|198|322|296|1902|1133|1902|1133|0|198|10207|3120|0|198|2009|1376|418|461|496|584|4572|2081|370|407|1056|978|831|1191|455|507|2008|1114|3972|1950|579|339|478|309|101|120|387|585|303|445|2380|1871|323|179|89288|6060|83681|5992|11414|2581|128|213|219|221|4440|1800|0|198|1792|926|0|198|2381|1434|2311|1270|0|198|0|198|67|112|0|198|76|101|57835|5109|245|165|35|61|3940|1583|7367|2129|3602|1403|40296|4643|1690|1233|599|373|61|100|14432|2896|1255|640|198|208|2692|1123|665|702|3180|1415|704|655|610|348|846|492|37|63|4122|2155|123|156|5607|1915|5607|1915|0|198
040C201US32|628076|15975|41464|3560|8239|1603|49|80|1190|695|97|112|282|283|6456|1264|2857|970|3413|914|186|167|165|221|10863|1977|405|306|239|299|2391|929|7168|1616|308|324|352|231|0|236|5475|1714|1468|1188|2872|1069|264|212|0|236|871|546|0|236|16887|2974|1172|1167|583|539|621|404|1489|726|312|209|530|361|2081|1001|47|77|269|233|117|196|262|344|2537|1144|1512|746|1845|913|555|537|1689|1020|1266|791|0|236|204341|8147|50858|6985|33077|5579|25215|5290|3368|1114|4494|1257|3520|1013|14261|3601|0|236|22017|4226|886|725|851|609|0|236|12350|3354|4731|1640|67|113|1838|2177|348|242|341|238|256|229|349|560|124241|7897|1615|1461|1377|774|1384|947|1043|664|95|119|99300|7012|361|221|6653|2264|12413|3722|0|236|6874|1606|1116|635|224|239|242|280|619|454|2016|1015|522|522|72|120|1037|631|23|41|299|248|546|391|76|129|0|236|82|138|351|405|20478|4195|13097|2925|588|512|8165|2555|1107|813|528|608|839|972|746|827|272|279|852|570|1634|1234|139|229|757|678|738|1029|0|236|668|412|252|306|196|162|172|203|0|236|48|80|805|499|805|499|0|236|3260|2140|259|426|1739|1193|298|485|0|236|211|153|113|134|0|236|0|236|640|965|1014|830|5528|1520|1764|851|1361|723|403|332|420|469|49|84|299|392|2996|1409|356265|12922|345800|12522|37287|6268|0|236|315|381|32871|5987|0|236|1750|919|0|236|178|249|883|686|159|254|0|236|1021|777|42|70|68|112|276522|11116|162|149|492|346|29192|5580|17517|4914|6134|2120|215300|10795|6962|3162|711|648|52|86|31991|6014|2477|962|735|558|10237|4390|1917|1282|6186|2240|1672|1063|200|234|5221|1563|0|236|3242|1700|104|126|10465|2266|10372|2273|93|154
040C201US34|2318475|26833|266987|12779|27646|2997|1039|675|5628|1823|317|216|517|308|19418|2553|8597|1293|8945|1958|1876|704|727|380|26247|2634|1661|628|664|293|6748|1661|12966|1860|1823|768|2212|853|173|215|69762|6208|8858|2021|28064|3797|23852|3294|381|503|8840|2454|148|193|142694|8638|9929|3349|4277|1561|1847|1028|4366|1823|2443|913|5083|1968|3145|1099|1142|571|1276|669|1359|626|5167|2331|44222|5846|5241|1700|19908|3034|1863|828|22572|3016|8854|2007|638|527|732960|12716|195613|9471|116165|7880|90289|6919|9818|1791|16058|2665|10938|2341|68414|5712|96|143|357613|12489|1115|918|16270|3623|0|226|289448|11383|5227|1449|1432|783|5970|2155|29605|4747|3727|1670|3877|1848|942|674|116226|7420|2000|814|1289|740|3692|1977|748|541|2687|1136|85329|7602|759|416|2198|875|17524|3490|0|226|60001|5614|1085|570|1288|682|4110|1720|2095|909|9123|2062|4241|1644|1004|585|4963|1684|3593|2072|7194|2404|18528|2984|683|525|394|483|1700|912|3507|1294|139702|11975|13011|2618|552|569|2427|1303|6327|1917|153|255|407|398|857|652|940|605|1348|765|6015|2672|3019|2081|254|234|51|92|2691|1656|39241|5495|2907|1511|27944|4930|6747|2348|202|236|1441|824|5349|1532|5194|1524|155|191|74615|9289|629|462|24836|5429|1507|1185|8879|2733|26743|4824|3799|2115|1507|1143|1980|1084|4735|2462|1471|1106|4558|1221|4050|1132|2796|911|1254|661|0|226|0|226|72|122|436|481|1174268|22045|1156962|21919|402196|17311|282|246|1599|975|41503|4944|3622|1811|219323|11690|2768|1443|52876|9101|63847|8324|1756|899|572|490|10640|2853|742|473|2666|1127|316070|15969|1667|973|15924|3499|54935|6753|69583|9363|48537|8235|113661|9181|7752|2298|3800|1503|211|244|438696|16346|11643|2906|3311|1245|59141|7128|6683|1927|107210|9687|120366|10156|23060|3952|69952|6990|7938|2540|25022|4805|4370|1937|17306|2316|17109|2303|197|244
040C201US36|4498516|41457|629978|17743|88538|6416|2175|1076|23193|3345|1673|775|4123|1320|55505|5682|32583|4103|20256|3190|2666|1255|1869|995|77223|5921|4740|1197|3761|1072|25277|3346|36105|3829|4298|1526|2716|871|326|305|115096|7531|25477|3998|65478|4499|10430|2395|0|220|12933|3193|778|510|346857|13393|28247|5723|15727|3090|8481|2207|5517|1699|5814|1757|5623|1593|7047|1686|1217|473|3251|1437|5273|1659|3719|2270|59353|6397|13204|3841|61334|6372|3905|1630|81249|7893|37896|4007|2264|1206|1369927|16762|618834|13747|511115|13414|443536|13372|37181|3744|30398|3933|24733|3406|81780|6444|1206|597|460815|15312|12109|3760|148111|10521|2755|1300|152276|8349|15580|2895|4598|1338|18551|4253|60799|6840|5590|1652|34671|5831|5775|2150|158960|9408|14190|3330|3160|1509|6065|1726|1425|913|10858|2294|91922|7844|2047|775|8113|1674|21122|2854|58|96|127354|9484|1694|1115|5864|1625|13225|2903|4729|1642|30927|4019|4250|1405|914|605|7866|2087|1738|827|6300|1862|23734|3745|2842|1024|19456|5208|3815|1294|3964|1584|234486|14024|30762|5467|1668|945|7307|3048|7799|3115|4748|1881|1882|1123|1913|1208|1692|796|3753|1413|11822|3735|1896|1247|4460|2953|3263|1831|2203|1345|49036|6424|3656|1417|26398|5114|11609|2323|4119|2047|3254|1651|8580|2017|7630|1739|950|893|119557|11178|0|220|38647|6588|5924|3095|4113|1827|34077|5273|10995|4806|3320|1309|1705|1248|20776|5045|14729|3909|14846|2772|13893|2589|11360|2240|2533|1114|65|112|0|220|0|220|888|690|2249279|30487|2197657|30825|1039449|29546|2197|826|23244|3976|20336|3454|6430|2364|466033|20386|18346|4096|135901|11672|226286|13827|13945|4485|11829|2670|85627|6237|8397|2555|20878|4007|518259|21199|5175|1374|9338|2451|122875|11815|81030|10891|60289|7369|214126|11508|9983|2715|14180|2650|1263|526|639949|22381|17796|4116|5313|1587|30987|4885|16229|4698|110637|9925|211850|14019|149915|9837|58884|7890|4815|1547|25108|3952|8415|2405|51622|4779|51192|4725|430|435
040C201US37|891194|23020|82160|6088|22275|3155|1374|1419|2209|1053|399|299|898|502|17287|2592|8218|2077|7907|1710|1162|520|108|133|19166|2690|1003|614|1690|2014|2692|1248|11972|1854|1189|547|519|335|101|175|8256|1592|1934|710|3605|978|1190|590|52|92|1474|717|53|88|32385|4729|1173|991|860|405|1915|1359|1381|830|1245|1292|956|474|1081|661|258|221|374|475|1791|761|53|89|3344|981|2848|1313|7311|2019|387|282|5319|1625|2089|1712|78|128|274310|8693|60575|5241|39518|4354|33723|3945|1576|890|4219|1353|6194|1865|14224|2673|639|722|127973|8319|2768|2167|2243|1344|37|65|102961|7297|3529|1433|1194|1169|3917|1813|8447|2777|898|854|1482|1177|497|325|67008|6238|3090|1469|1870|972|804|501|5692|1766|832|520|20635|4129|733|405|4624|1133|28728|4635|0|226|18389|4084|265|287|341|348|174|186|3358|2014|1435|828|1978|972|882|603|2029|1000|1585|1071|1367|1013|3217|1395|60|101|1123|1016|575|442|365|276|80789|10173|21708|5642|3387|2533|8397|3519|4021|1632|736|819|752|653|1376|982|1011|772|2028|1132|6380|2486|900|752|2456|1760|2872|1839|152|244|13605|4155|1361|1160|4702|2148|3372|1425|3606|2735|564|518|5188|1655|5136|1644|52|87|28853|5386|113|207|5558|2323|872|953|3882|2492|11461|3989|1011|885|1322|913|2642|2966|1992|1567|5055|2398|4119|1250|3546|1269|2902|1194|644|408|27|47|66|126|67|174|413|341|449816|15734|435645|14870|58505|6436|1528|976|743|539|8436|2858|186|228|15086|3648|0|226|12067|3655|14495|3108|354|383|204|333|2949|1340|496|518|1961|898|293695|14155|823|829|3880|1955|35972|6100|33108|5795|51935|7493|155831|10492|9355|3261|2791|939|0|226|83445|7892|4310|1653|435|261|9574|2626|2793|1488|27496|5215|8657|2707|2309|1055|7670|2340|1060|1365|18058|4612|1083|581|14171|2493|14135|2491|36|60
040C201US39|615018|17166|95240|7057|14207|2293|179|137|803|497|178|200|456|236|12384|2209|6740|1870|4850|1159|794|398|207|182|15838|1918|1185|555|670|404|2577|886|9872|1376|914|593|484|284|136|178|11028|2098|3138|1492|5071|1064|739|590|243|334|1955|857|125|157|54088|6083|3202|1197|1390|833|2112|762|835|685|2121|819|1168|607|1774|693|264|232|1065|883|502|441|722|471|2843|691|5435|2039|7820|1808|1773|1126|16067|4716|4995|1554|79|132|246865|8191|57899|5309|38851|4368|33455|3844|1143|544|4253|1932|8288|2222|10760|1965|0|211|116034|8074|1576|1127|2377|1284|19147|5050|66671|7236|4783|1496|1543|635|11931|3108|4422|1553|346|283|1482|847|1756|1565|42464|4167|3387|1582|2462|1229|1506|669|1390|689|1025|630|15689|2713|726|516|4120|1769|12159|2826|0|211|27649|4842|194|238|388|309|112|129|4245|2455|2181|1011|3447|1589|1604|1050|4014|1635|1253|962|4369|1946|3868|1808|1304|717|120|129|550|357|2819|1194|100851|10825|31977|6115|1841|1621|5156|1995|8473|2960|10405|3118|738|651|2729|1275|600|400|2035|1225|10471|4370|3555|2599|4882|3119|1317|635|717|624|15115|3253|3498|2043|4419|1249|4253|1828|2117|1312|828|691|2691|1365|2634|1353|57|94|34537|6568|0|211|9050|2251|1117|1099|2156|1386|7971|2699|1595|875|2071|1955|2262|1282|8315|3264|6060|2436|3318|987|2584|937|2279|928|305|227|0|211|16|27|698|215|20|35|168744|10110|156635|10184|33696|6319|233|299|57|93|2845|1433|333|371|8571|3328|0|211|14538|5074|4784|1396|166|207|344|373|1587|1393|0|211|238|207|78032|8389|298|265|457|435|6391|2382|12951|3675|10653|3443|43278|6451|3567|1968|318|250|119|169|44907|6966|1853|851|733|676|7593|2275|1205|690|8367|3182|5849|2758|855|561|4032|1369|707|742|13281|4863|432|448|12109|1681|12037|1666|72|116
040C201US41|392825|11899|53810|5216|11180|1760|327|328|1058|472|170|159|1083|609|8277|1446|3927|1097|3942|888|408|281|265|204|10882|1728|451|382|523|360|1659|839|6629|1158|1157|650|463|274|0|220|3977|1489|584|343|842|759|641|577|119|145|1834|1043|76|100|27771|4428|371|511|178|249|752|622|140|208|262|282|378|242|509|302|836|915|118|156|285|309|168|285|1176|658|3738|1329|4291|1126|188|309|13662|4313|719|482|0|220|132221|4382|42809|4041|23268|3390|17019|3079|2609|974|3640|1152|6533|1932|13008|2351|0|220|34005|4766|2406|2199|2698|1511|0|220|20217|3842|2089|721|574|485|2121|1971|1561|1226|900|832|737|679|702|596|46295|3443|2748|1508|1792|837|2250|1033|3433|1181|1071|718|12859|2383|475|397|5254|1991|16413|3220|0|220|8901|2308|77|132|411|400|120|135|2143|1297|962|448|1193|1119|245|230|546|373|601|606|893|892|1468|996|62|106|180|251|0|220|211|171|18870|3759|8484|2869|76|147|3338|1496|2754|1594|625|593|283|274|421|305|570|567|417|420|1355|1001|449|450|0|220|588|575|318|490|2846|1861|278|329|392|535|394|299|0|220|1782|1724|2275|1144|2275|1144|0|220|3380|1249|0|220|297|296|294|470|0|220|1978|1094|69|117|0|220|0|220|742|641|530|372|6869|2342|2941|1007|1484|618|1457|778|504|473|96|185|1851|1554|1477|970|181055|8150|170636|8265|7189|2779|89|131|182|290|4884|2814|0|220|174|232|0|220|505|424|1001|721|0|220|120|212|96|144|0|220|138|165|148298|8054|421|528|901|575|3799|1973|13319|4510|925|577|126842|7671|1921|1839|170|197|0|220|15149|3613|664|352|101|124|3486|1859|1462|789|3610|1407|529|566|200|261|1467|705|51|74|3469|2435|110|144|10419|1944|10419|1944|0|220
040C201US42|1012335|30611|156623|9977|24799|3251|422|333|3509|1571|486|385|1142|700|18957|2841|8301|2017|9148|2007|1508|577|283|247|21880|2492|1777|782|1565|830|3085|1083|14571|1965|730|373|111|124|41|67|24215|3333|6232|1626|12807|2179|3107|1257|0|192|2069|940|0|192|85224|8372|6072|2540|5284|2083|3857|1114|805|477|396|286|2883|864|2290|981|335|340|856|625|930|669|0|192|12037|2475|4566|1483|15492|3505|1537|916|20366|3723|7518|2691|505|559|373280|8238|104302|7303|74823|6431|65440|6068|3262|1121|6121|1569|5575|1192|23802|3161|102|112|162593|9651|4588|2289|9866|2469|13219|3544|100967|7631|4477|1507|1246|951|6383|1686|11756|3022|2381|1547|4659|2390|3051|1707|79144|6169|1450|810|6833|2173|2906|1275|3305|2023|1950|875|19999|3417|541|388|4293|1847|37867|5281|0|192|26792|4051|2007|1275|712|414|810|822|3340|2076|3144|1277|943|601|777|529|2161|875|981|555|5122|1637|3634|1757|351|305|848|628|1962|1496|449|389|92658|10644|15302|3872|367|412|3819|2255|4698|1981|106|164|2048|1194|1392|970|496|506|2376|1208|3736|1438|1129|949|1530|1139|748|512|329|444|21549|6445|3527|1565|6415|2238|5083|2411|5530|5366|994|769|4854|2135|4430|2108|424|394|43056|6297|45|78|4716|1601|1263|1050|11171|3219|18596|5143|567|600|1794|1000|494|555|4410|2121|4161|1853|2567|1089|1533|512|1383|499|150|133|716|908|0|192|0|192|318|295|387207|20952|375057|21044|195161|15737|550|361|1203|680|10298|3350|1739|1403|118192|10806|503|484|26913|8196|28463|5059|592|492|531|493|5539|2152|0|192|638|425|101990|10455|79|138|1656|792|10248|3444|19074|6121|14069|5268|50617|6189|4177|2196|1914|832|156|259|77906|10568|2885|943|246|200|15203|4274|2940|1295|18724|4615|14459|3718|4432|1901|4503|1316|1791|1322|11584|6009|1139|737|12150|1981|12070|1989|80|148
040C201US45|284231|15855|46054|5655|10071|1850|77|133|871|540|147|183|245|318|8190|1614|3983|1250|3604|952|603|322|541|593|10880|2339|481|647|110|139|1555|599|7894|2243|310|288|450|401|80|113|5295|1838|1756|963|1862|1176|444|386|112|190|1233|796|0|229|19727|4461|656|523|771|510|193|189|421|412|92|165|355|327|463|418|168|267|0|229|696|518|74|112|1358|670|610|432|4061|1805|1111|1704|8019|3089|679|482|81|136|71323|5666|18099|3309|10895|3022|8673|3100|1009|622|1213|643|2803|1524|4330|1203|71|126|25016|3945|474|486|584|784|0|229|17354|3303|1600|1076|585|399|913|1011|2327|1867|739|894|340|467|100|163|22831|4197|1284|1210|510|414|234|280|1658|834|129|141|9272|1832|0|229|1555|685|8189|2655|0|229|5087|2141|321|529|0|229|342|552|311|481|598|523|0|229|289|359|459|445|275|285|1113|1305|757|745|95|125|38|61|489|500|290|399|16081|4098|2661|1451|0|229|265|418|1569|1378|0|229|100|165|183|230|255|294|289|234|2133|1461|642|739|199|320|1141|1266|151|253|3749|1828|0|229|1467|1383|1567|1087|377|623|338|514|1151|658|1151|658|0|229|6387|2510|141|171|1983|1344|0|229|540|795|1382|706|693|777|132|162|1516|1665|0|229|0|229|1239|704|840|490|516|406|324|223|0|229|0|229|50|89|349|408|149534|12346|139658|12247|21748|6521|1111|931|63|107|3358|1517|86|138|3233|1247|0|229|1664|1123|11031|6374|0|229|0|229|908|946|109|3|185|104|78576|7794|223|280|882|607|4438|2012|10456|3731|10920|3281|49533|6762|389|281|1735|1024|0|229|39334|6808|672|598|1157|959|8557|2691|454|451|14818|4664|1658|928|995|710|2219|1500|330|367|8295|3702|179|174|9876|1862|9528|1872|348|494
040C201US47|410835|16709|34337|4165|5789|1408|151|167|287|221|49|75|241|237|4919|1513|2876|1199|1659|670|384|450|142|170|11374|1948|36|64|318|367|1600|877|8052|1578|896|1028|472|436|0|230|2378|1330|298|258|1393|1098|45|75|0|230|642|606|0|230|14724|2896|376|430|0|230|3278|2326|529|467|224|215|228|282|137|168|0|230|197|310|895|834|264|466|795|483|2017|1068|1765|778|367|418|3506|1510|146|178|72|116|102507|5365|25399|3109|12871|2581|10781|2172|201|218|1889|931|3024|893|9159|2069|345|549|35910|4626|786|605|873|592|952|1024|25315|4010|1968|935|54|108|1937|956|3340|1583|638|657|47|75|0|230|29362|3667|781|598|775|665|846|580|2625|986|727|597|12120|3016|286|337|1919|808|9283|2171|0|230|10798|2685|297|501|0|230|74|128|3594|1465|1036|1052|1261|883|180|286|1838|1155|297|270|358|371|623|425|180|210|945|696|115|120|1038|901|47789|10013|11190|4404|189|304|3392|1654|2935|1593|270|450|275|298|185|213|569|901|3375|3900|8457|6076|6109|5708|1354|1155|546|645|448|527|15831|5895|0|230|12211|5351|375|512|3128|2091|117|208|2341|963|2104|953|237|407|8495|2308|0|230|1717|1030|599|743|850|601|3149|1416|85|142|41|79|0|230|2054|1260|1475|1137|1783|754|1233|544|1034|524|199|202|344|399|0|230|206|270|0|230|224419|13006|216606|13012|20394|4170|127|156|157|219|10192|2986|0|230|2268|1211|0|230|1688|1148|4100|1878|0|230|0|230|679|655|253|420|930|882|159740|12791|89|145|1044|867|10390|3138|36020|7106|28236|8883|80212|7227|3036|1927|713|479|0|230|36472|6182|886|725|154|244|3245|1415|418|316|6720|2929|398|367|88|119|3088|1427|270|265|21205|4837|0|230|7813|1601|7496|1545|317|477
040C201US48|5223457|59657|197013|8807|52754|4531|716|401|4085|1401|1057|519|2115|689|43505|4048|21881|2737|17653|2673|3971|1579|1276|615|50231|4666|1484|589|3441|1179|9069|1593|31135|3743|3512|1125|1350|695|240|212|24012|3873|2303|903|7753|1641|1709|1064|629|744|12201|3372|46|79|69905|5974|1123|716|1204|579|3247|1818|2307|1100|2562|1273|1789|958|2357|1017|1154|607|1793|1101|2690|1622|919|1019|7335|1685|6796|2149|18899|3217|1340|749|9460|2315|4930|1815|111|130|1340684|22330|251078|13136|163565|10373|117328|9011|10918|1662|35319|4188|19931|4067|67288|6332|294|312|598462|21894|26478|6898|20285|3924|512|421|406752|20590|27881|3656|3142|1408|35168|6291|67726|8039|7186|2525|778|663|2554|1154|375542|13734|11093|2773|9074|2374|8060|2089|8894|2187|8558|2314|110839|9736|6205|2458|15729|2803|197020|12137|70|115|111931|12190|1510|1034|3294|1841|2373|1872|24779|7964|9262|3881|11289|3025|6387|2467|9594|2648|9435|3387|6151|2341|16887|4536|7375|2223|1098|1230|2497|1096|3671|1921|339852|24410|79295|11102|4626|1906|27529|8195|22554|5252|2870|1697|5221|3104|3308|1606|6571|2586|6616|2403|36425|7540|14996|4507|9794|4673|9270|3658|2365|1734|31805|5922|4330|2229|14517|3269|2795|1450|8510|3604|1653|742|18302|4160|17751|4017|551|468|160896|15434|191|325|11755|3080|4595|2314|3411|1640|130171|13703|2755|2008|1755|1105|1963|1464|4300|1645|13129|5268|11376|2050|7716|1679|6429|1610|1287|600|144|159|418|352|2094|1059|1004|555|3334532|44447|3281058|44544|220153|15795|2284|1239|1247|810|151561|13740|2355|1157|21067|5517|219|213|6238|2589|18966|4164|1977|1007|201|314|10957|3288|790|745|2291|1132|2704342|38588|3604|1940|8044|2240|216173|16298|103557|12796|216716|19320|2102998|35011|41781|8164|8547|2038|2922|3802|356563|24138|14383|4027|5999|2599|37146|6154|11031|3366|74758|9183|11763|3472|4399|1279|22685|4968|3403|2207|167324|17861|3672|2294|53474|7920|53273|7902|201|199
040C201US49|321027|12919|25934|3236|8807|1690|712|457|451|359|746|638|391|264|6202|1456|2146|1117|3091|791|965|614|305|239|4926|1182|75|98|177|214|668|461|3341|974|492|304|173|159|0|210|3178|1445|294|326|1618|1184|55|91|0|210|1211|853|0|210|8918|2082|60|101|139|180|1433|735|267|345|112|198|209|164|411|370|225|368|111|130|96|116|146|177|854|859|363|308|1711|865|107|176|2198|1217|476|451|105|157|63942|5623|20309|3272|12320|2588|8942|2311|1208|907|2170|874|1788|710|5577|1589|624|639|12884|3329|337|332|276|285|0|210|7880|2472|978|623|159|174|1868|1686|1205|971|0|210|181|293|0|210|25327|4190|1993|1495|1272|859|250|245|2236|1036|77|124|8527|1876|393|467|3436|2676|7143|1846|0|210|4712|2146|439|513|190|182|145|175|2208|1633|413|371|325|291|121|147|0|210|0|210|613|672|210|190|48|81|0|210|0|210|710|396|10163|2164|2909|1126|0|210|513|403|36|60|562|652|86|130|67|110|365|403|1280|833|1533|873|73|127|0|210|1202|909|258|144|689|546|0|210|148|183|0|210|541|510|0|210|1068|552|843|413|225|395|2304|1024|0|210|436|438|0|210|472|522|814|511|0|210|27|47|120|242|435|593|1660|1800|10217|2212|2397|1052|1252|638|1145|712|563|494|182|224|0|210|7075|1959|210771|10592|203026|10645|7543|3463|0|210|0|210|3241|3023|0|210|1936|1207|0|210|1168|1039|647|521|0|210|0|210|551|679|0|210|0|210|124347|9094|144|253|685|540|10256|3511|7579|2668|4773|2398|99503|7631|252|224|1155|1407|0|210|71136|7210|5609|1968|2013|1061|8271|1975|7216|2678|15332|4396|5141|2504|289|321|7851|1914|530|399|18852|4713|32|53|7745|1623|7745|1623|0|210
040C201US51|1107647|24589|93281|6964|20787|2309|1389|681|2057|804|283|222|2179|957|14468|1814|7840|1421|5034|1039|1594|849|411|311|21790|2745|812|380|1479|809|4021|1188|13035|2207|1614|894|829|587|0|217|13055|2757|1798|651|5995|1683|1549|720|0|217|3713|1557|0|217|36895|3943|1317|740|934|526|2521|1192|2762|1073|547|396|1395|682|581|337|565|451|351|269|338|257|489|430|2657|896|3408|1101|7504|1962|853|594|7843|2072|2830|1469|754|1006|474724|12364|112229|6746|51318|4854|41096|4743|3795|1098|6427|1559|6665|1333|51135|5552|3111|1432|208408|11049|26487|4335|20051|4566|279|330|96589|7722|16280|3565|2377|1557|16148|3450|26366|3897|1442|1023|955|666|1434|978|113319|7520|2105|1136|2908|1219|1374|603|1606|924|1499|791|50718|5157|644|393|7715|2010|44750|5039|0|217|39147|6536|199|183|761|574|391|377|6306|2463|1334|487|2827|1409|1947|1199|4241|1193|2783|1723|2311|906|11417|4053|1151|606|2379|1282|1100|553|1621|703|121368|11782|45203|8290|2314|1150|29313|6014|3523|1068|3452|1404|605|682|692|462|880|818|4424|3921|5005|1621|2450|1126|189|188|2100|1137|266|302|26264|4950|1251|620|11650|3319|7302|2740|3655|1746|2406|1722|3394|1328|3121|1247|273|433|39527|5965|102|128|17459|3479|1914|1228|1258|958|5900|2233|1041|1062|4973|2283|1547|966|5333|2272|1975|1319|2188|786|1621|754|1166|526|455|444|64|109|0|217|0|217|503|339|416086|15486|405512|15314|31994|4319|69|141|865|620|4153|1450|342|502|4857|1363|325|289|6111|2248|11475|2100|274|265|510|531|1384|671|323|430|1306|666|258200|15132|1031|830|2648|1039|108838|10986|51970|8867|46571|7488|38019|3899|5021|1611|3931|1326|171|260|115318|8729|4725|1428|24443|4707|9451|1799|2816|1431|21119|4172|6109|2008|3163|1231|29687|5129|1267|681|11714|3621|824|484|10574|1925|10140|1910|434|424
040C201US53|1174075|23470|148183|8754|24260|2886|1625|754|1863|879|887|477|1163|612|17897|2571|8281|1731|8384|1676|1232|622|825|502|23965|2790|988|501|778|583|3668|1100|14467|2077|2376|670|1509|989|179|173|6808|1643|644|320|2705|966|726|541|0|218|2654|979|79|129|93054|8066|478|779|3740|1417|4474|1702|1955|1111|320|323|1499|590|1092|424|569|567|282|252|5770|1752|0|218|3564|1442|6803|1615|17251|3094|466|351|41496|6421|3295|1014|96|164|579672|11888|198192|9586|131105|8253|103381|7200|9646|2064|18078|2852|15296|2939|50560|5291|1231|857|175323|10567|17603|6049|2312|1116|216|369|128737|10020|9214|2362|1422|727|2849|1674|7200|3165|800|683|3694|2326|1276|722|176260|9479|2067|1091|11552|2851|5583|1543|5034|1608|3320|1445|72923|6687|2575|896|10421|2082|62740|6665|45|77|28629|5983|1078|928|2208|1316|1292|1591|8336|4229|3114|1783|2425|1298|1012|668|1130|699|945|458|2101|1322|3867|1534|265|209|605|631|251|281|1268|773|84203|8349|49468|7411|3337|1600|18058|3791|12939|2905|10845|5052|563|487|951|688|653|713|2122|1182|4883|2304|1133|1068|761|649|2989|1937|0|218|6572|2355|163|267|3557|1660|1128|857|955|886|769|511|6148|2014|6065|2014|83|111|15548|3439|0|218|836|558|467|467|1532|1458|5599|2301|952|1049|286|189|956|813|4920|2444|1584|1419|21076|3558|6437|2118|4855|1714|1582|813|1992|740|2382|1437|5287|2213|4978|2492|340941|14808|304733|14528|10464|2707|445|432|27|42|1828|880|120|147|1922|928|37|73|1569|952|2707|1137|0|218|45|76|1661|1756|0|218|103|127|246191|12479|1713|937|822|545|13626|3722|12206|3038|9447|3944|203622|11157|3594|2562|981|582|180|298|48078|7803|2645|1145|257|313|11573|3459|3181|1198|9196|2670|4365|1679|841|683|7199|3407|78|139|8262|3655|481|454|36208|3710|35811|3652|397|513
040C201US55|283657|10944|35324|4244|6144|1405|241|214|1008|584|116|137|220|161|4496|1383|2033|989|1867|617|596|292|63|104|5937|1026|398|280|155|189|597|468|4212|967|541|308|34|56|0|161|3543|1344|635|540|854|395|0|161|0|161|2054|1062|0|161|19700|3355|1383|812|334|323|1187|898|740|426|1587|1188|330|302|448|411|262|285|257|272|94|154|797|457|2362|941|575|352|3919|1274|312|379|3220|1765|1893|939|0|161|103263|5291|22863|3177|15397|2416|12703|2170|1576|935|1118|552|2114|1260|5162|1540|190|164|30170|4161|486|742|1039|1011|0|161|22120|3315|1327|1283|66|69|1992|1219|2185|1113|125|150|575|511|255|348|41471|4019|4070|1718|445|340|779|487|10412|1705|6039|2717|8479|1751|203|183|8195|1881|2849|1330|0|161|7515|2374|0|161|30|51|84|131|601|462|51|85|1437|1239|676|436|777|613|777|594|948|952|1274|824|707|584|0|161|153|211|1244|948|18932|3523|5638|1923|232|343|1331|1084|1538|805|1571|1289|274|336|83|143|125|216|484|529|2544|1404|354|383|864|816|1137|943|189|310|2959|1284|523|451|705|746|820|729|587|570|324|325|961|776|932|789|29|54|5470|1796|0|161|172|189|130|165|85|147|2038|1237|1089|969|418|503|207|241|1331|895|1360|772|516|347|491|347|327|271|164|158|0|161|0|161|25|43|0|161|125622|7842|120222|7592|5715|1631|0|161|0|161|1685|1111|52|89|1615|885|0|161|226|280|1338|579|213|275|0|161|157|153|0|161|429|392|94310|7081|0|161|139|165|1469|1175|3019|1730|3437|1807|76951|6722|8764|2640|469|372|62|105|20197|4030|2114|1562|108|177|2305|1192|740|676|7799|3110|1124|507|347|430|894|544|1017|851|3702|1840|47|81|5400|1407|5400|1407|0|161
040C243US06|375172|16358|32885|4007|9897|1881|471|285|776|515|98|120|468|372|7427|1673|2291|771|4644|1409|492|365|657|393|8039|1859|159|122|572|674|2296|1039|3509|1029|1141|580|331|226|31|51|5933|1509|413|280|1392|686|3628|1224|1210|625|465|391|35|59|8960|2273|0|225|171|179|211|261|147|132|196|243|846|720|147|133|128|120|167|204|388|371|30|51|761|509|293|207|2153|1277|219|366|2746|1459|357|254|56|84|91807|8486|21966|3955|13163|2851|9164|2469|830|398|3169|1092|2228|1070|6575|2150|0|225|34024|6548|1264|925|1443|1107|0|225|24562|5683|3598|1248|258|256|461|431|1549|949|0|225|555|551|334|355|29063|3349|249|286|818|398|552|355|1398|778|105|126|18245|3178|284|228|3012|1229|4400|1206|0|225|6394|2098|344|463|55|99|49|80|1308|957|970|644|422|420|61|101|1790|1345|237|328|509|383|486|288|19|31|87|105|57|115|360|299|6432|1882|1319|841|43|92|14|3|990|796|40|52|0|225|105|134|36|71|91|150|164|169|137|162|0|225|0|225|27|45|1198|744|99|161|818|636|196|281|40|86|45|77|950|541|904|549|46|78|2446|1369|0|225|517|819|0|225|102|126|1331|996|0|225|397|589|99|170|0|225|355|322|2900|1149|872|359|659|318|213|205|1402|882|0|225|0|225|626|534|241148|14082|232301|14381|2518|1121|183|300|113|186|633|371|0|225|579|855|0|225|39|65|334|304|0|225|0|225|472|561|149|246|16|30|223295|14377|202|197|313|345|6385|2313|7013|2752|1031|546|207426|13381|788|598|137|167|0|225|6488|1222|574|399|259|272|1118|453|303|216|1143|568|459|338|0|225|2179|837|0|225|453|427|0|225|8847|1788|8788|1785|59|98
040C243US36|122866|6849|33638|2767|8636|1427|325|241|1660|788|60|82|242|184|6204|1193|2702|829|3105|863|397|213|145|156|7332|1119|554|468|297|205|1076|502|4078|749|866|387|461|318|0|220|5803|1167|824|434|4001|962|347|222|30|52|631|376|0|220|11867|1745|364|330|350|286|417|413|26|47|531|694|410|227|685|438|102|162|206|172|374|343|272|288|2347|785|666|321|1606|699|174|195|2503|992|834|489|0|220|28644|3336|11135|2089|7578|1743|6379|1646|136|98|1063|535|642|348|2915|980|0|220|7841|1774|376|513|1034|743|314|500|3577|1224|385|219|507|367|250|232|795|442|265|198|111|122|227|333|5704|1191|132|182|0|220|239|179|0|220|43|61|3759|956|11|19|697|453|823|555|0|220|3895|1122|471|465|288|486|269|306|210|223|1077|500|630|612|63|104|163|171|68|83|285|306|226|156|76|102|0|220|69|104|69|85|5017|1607|1779|1158|0|220|28|53|789|815|0|220|58|148|0|220|845|819|59|99|163|215|115|194|0|220|0|220|48|85|767|482|10|17|260|221|387|413|0|220|110|157|788|553|788|553|0|220|1448|788|0|220|240|283|0|220|201|254|880|756|0|220|40|3|0|220|87|153|72|102|1213|507|1059|463|922|447|137|135|0|220|128|232|0|220|26|31|54354|4995|45945|4874|14676|3198|0|220|76|130|1229|944|65|41|3515|1106|5|11|1597|1113|5935|2075|0|220|0|220|1101|850|600|952|553|499|19261|3377|7|12|206|199|1927|1272|4037|2373|2168|1094|10055|1866|515|510|346|333|0|220|12008|1938|461|450|110|129|1640|725|906|860|1848|754|3411|1349|1275|625|446|282|506|363|736|540|669|481|8409|1461|8376|1461|33|58
0500000US04013|707507|18511|53112|5321|13210|1981|483|516|1014|586|491|392|680|417|9930|1753|5241|1272|3999|1088|690|371|612|426|9856|1774|200|170|111|185|1482|780|6884|1382|1017|399|162|137|0|237|4181|1273|584|418|2715|994|454|581|0|237|384|362|44|72|25865|4090|1093|1174|274|375|2419|948|303|213|910|690|302|261|1874|886|0|237|138|156|648|600|941|856|4147|1450|6603|2401|2467|1021|764|575|2300|1549|682|654|0|237|183063|8512|44393|5069|27303|3811|17090|3214|3810|1902|6403|1853|3894|1390|13196|3429|0|237|61405|6450|1267|1169|933|588|0|237|48255|6694|6913|2206|0|237|614|656|977|609|307|372|1492|1706|647|698|55220|6487|1311|925|1978|1087|1707|881|209|234|812|514|30518|5790|315|370|2403|902|15967|3499|0|237|21509|5123|85|141|467|523|133|145|10805|4561|1571|990|855|973|653|463|2043|937|1774|1300|1271|725|1554|707|103|148|0|237|195|190|536|543|42093|6251|17598|4837|1156|1087|6590|3724|3060|1556|778|514|957|1069|880|760|328|330|3849|2091|4665|2838|2131|2267|932|768|1347|1231|255|352|3087|1302|126|154|2148|1089|68|106|369|332|376|329|3603|1811|3557|1793|46|72|9019|2826|0|237|1199|1018|0|237|1480|1054|5543|2542|425|375|68|117|42|70|262|331|4121|3373|3884|1545|2408|1374|1826|1282|582|325|88|145|0|237|554|462|834|410|425355|17079|398612|16084|28195|5363|258|343|156|232|18419|4445|0|237|4541|2537|160|279|1768|1804|1764|1173|0|237|235|285|432|349|0|237|462|650|349650|14322|181|228|1785|1366|7966|2422|11283|3050|3544|2034|321586|14218|2577|1452|728|619|0|237|20767|3818|1429|793|0|237|5554|2057|606|524|4699|1556|1006|601|259|244|3439|1563|460|433|2707|1389|608|570|26743|4107|26643|4107|100|125
0500000US06001|584328|12550|30359|3351|7079|1326|109|126|528|287|31|53|473|315|5891|1280|3168|900|2644|922|79|132|47|79|7331|1399|407|354|523|527|1521|603|3897|1027|772|464|211|169|0|225|4434|901|465|462|1623|639|1226|454|347|322|890|448|230|292|11428|2443|0|225|180|226|503|450|193|193|42|9|1134|723|185|191|116|194|145|178|651|641|0|225|1017|469|1588|852|2752|1294|0|225|2177|930|745|633|87|147|366948|8258|134763|7792|118158|7734|89250|7416|14162|2256|14746|2145|3850|1061|11581|2193|1174|1143|124731|7946|7909|3122|256|250|62|104|102622|7732|6288|1677|293|337|2985|1677|3341|1487|762|637|213|264|0|225|99429|7025|3423|1461|3370|1580|2320|898|2122|1170|1607|704|56488|5623|970|642|4590|2105|24539|4123|0|225|7397|2422|214|248|51|85|258|398|458|425|1047|634|465|482|53|90|289|197|182|173|182|303|1223|605|58|98|2739|1867|178|149|628|619|19061|3565|9697|2673|2161|1409|4594|1728|698|481|0|225|0|225|1378|933|240|274|626|606|273|236|117|188|0|225|48|77|108|135|4169|1711|807|733|2232|1465|482|354|546|454|102|118|599|425|599|425|0|225|3725|1536|132|209|257|366|0|225|0|225|2255|1322|509|462|0|225|546|623|26|4|598|764|8224|1985|2598|1306|1157|645|1441|1035|5185|1756|38|8|95|156|308|232|159736|7476|151890|7274|2260|856|233|295|77|134|410|480|64|106|79|94|0|225|359|353|933|550|0|225|0|225|105|173|0|225|0|225|131599|6751|264|368|992|781|16622|3540|15837|4470|4075|1781|88578|6451|4894|1755|337|436|0|225|18031|4071|986|474|659|474|3528|1653|478|329|2364|1734|383|465|0|225|4606|2438|451|410|3169|1693|1407|1731|7846|1562|7846|1562|0|225
0500000US06037|3317967|34997|180648|8601|43307|4200|870|435|2793|877|1129|592|2475|827|35058|4003|19100|2986|14013|2275|1945|719|982|605|35076|3087|2472|911|1755|772|11157|1842|14952|2092|2572|637|1952|933|216|152|16144|2686|2797|984|8551|1729|776|453|0|225|3575|1263|445|528|85257|7253|724|576|1911|641|964|620|2319|841|2412|1079|1692|695|3611|1449|681|416|1211|720|1645|791|715|675|6560|1950|5528|1344|28983|4511|1437|645|19643|3884|5221|1673|864|814|1202918|20026|450504|14491|280563|11449|193375|9980|27519|3948|59669|4903|35488|4492|133653|8971|800|624|202235|11225|6099|3447|10624|2790|0|225|56357|6382|105835|6736|2949|1711|3995|1531|9511|3221|3744|1483|2423|1421|698|470|389124|12383|7209|2452|20629|3221|10141|2035|1885|641|4676|1451|234514|11318|3446|1509|21261|3389|85363|7409|0|225|158551|10670|86517|8356|2755|1099|3140|1851|7191|2267|16062|2983|3044|1354|1338|728|15187|3167|1937|1196|12912|3766|5075|1443|774|556|572|911|2047|1028|2504|1351|65743|7143|16134|3427|1275|878|8794|2701|2470|1574|281|371|1157|654|1090|662|119|163|948|582|3502|2034|1864|1514|0|225|1308|1155|330|384|21125|4210|394|377|17127|3805|1568|885|386|326|1650|1026|6455|1500|6338|1489|117|129|18189|4150|0|225|2281|880|256|317|0|225|14248|3852|106|91|1117|848|0|225|181|175|338|420|15159|2956|9977|2208|9073|2141|904|617|2356|1182|0|225|0|225|2826|1302|1853499|24239|1822652|24566|27513|4121|42|70|103|121|13216|2213|126|150|2977|1374|108|180|3598|2163|5463|1621|50|84|239|304|925|541|0|225|666|390|1684002|24736|11732|3449|5129|1529|264728|14142|198619|13168|34375|4967|1132868|22931|33803|5684|1959|845|789|572|111137|8531|10646|2093|6032|1712|12308|2698|7242|2017|28097|4451|12959|2872|662|472|24663|3951|526|335|7358|2181|644|540|30847|3329|30736|3343|111|192
0500000US06059|1000380|17201|53274|4503|12948|1913|345|340|1438|599|641|406|359|248|9995|1800|4490|1350|5058|1392|447|351|170|213|12960|2337|1069|698|387|253|2383|944|6823|1539|1728|752|480|326|90|154|5502|1460|939|607|1589|819|277|216|46|74|2697|1036|0|225|21783|3561|405|523|1153|1292|203|327|1220|659|465|435|1298|817|543|377|74|103|142|175|154|256|397|578|2262|849|4223|1385|4825|1403|344|510|3152|1477|923|580|81|139|531595|11255|163025|9060|84069|6818|53255|6284|7270|1890|23544|3119|10442|2390|67873|6220|641|751|97549|8367|3459|1475|500|466|0|225|35577|5421|44015|6606|4903|3988|1594|1804|5718|2144|1446|1263|0|225|337|545|243522|10520|1098|793|4190|1729|4288|1232|1382|911|1271|521|61379|7232|936|507|4106|1361|164872|9087|0|225|24646|4971|926|792|260|340|580|605|2157|1476|2737|1285|941|687|701|507|3849|1078|661|575|2585|1180|8205|3602|904|578|63|105|77|130|2853|1823|19729|4047|4015|1826|577|893|1494|1031|441|328|1036|1177|116|141|77|124|90|147|184|185|42|68|0|225|0|225|42|68|0|225|10096|3117|376|514|7172|2447|2309|1709|140|235|99|118|4211|1535|4211|1535|0|225|1051|526|0|225|100|164|0|225|243|369|558|371|0|225|150|187|0|225|0|225|314|359|5606|1512|2884|957|1789|791|1095|504|516|419|245|302|0|225|1961|1395|390176|12378|380439|12198|4583|1560|0|225|0|225|2643|1055|0|225|309|294|0|225|53|83|945|625|0|225|287|466|346|469|0|225|0|225|343006|12770|423|500|375|299|15646|3435|16478|4270|4774|2647|298215|12205|5913|2838|879|529|303|462|32850|5448|2693|1093|1430|987|7274|2577|1387|915|8554|2820|1540|727|440|500|7750|3072|155|246|1241|737|386|469|9737|1829|9737|1829|0|225
0500000US06073|782179|16728|55112|4976|14637|2036|409|261|1910|897|63|103|778|421|11300|1806|5378|1096|5032|1317|890|439|177|129|11138|1851|339|255|454|350|3305|1019|4924|1043|1305|662|632|458|179|291|6255|1489|464|278|3162|1124|687|393|0|225|1839|799|103|122|22575|3700|122|205|1026|660|271|293|578|420|885|945|517|352|708|401|78|131|705|667|271|254|79|131|2627|1253|1936|974|6908|2263|302|267|4478|1522|1084|545|507|669|313763|10210|66874|5947|42317|5053|33304|4432|3589|1244|5424|1299|10971|2198|13521|2583|65|109|72348|8480|12611|5021|542|620|0|225|36718|6267|14029|2929|1803|1082|1034|864|2346|1479|180|191|2579|2438|506|395|135188|7762|1638|1064|2871|1253|1243|707|3189|1566|854|555|92729|7903|281|280|3558|1250|28825|3605|0|225|38943|5846|186|210|218|300|1069|1204|23561|4935|2004|727|1799|1179|1063|794|1308|668|906|795|4020|2744|2098|792|372|334|167|273|172|220|410|321|19383|3768|6321|2110|0|225|1947|1066|1077|854|1173|768|760|807|178|211|176|171|1010|884|1488|941|0|225|242|206|761|904|485|562|3733|1179|98|159|1480|814|1359|920|660|530|136|182|3898|1207|3863|1195|35|62|3631|2277|0|225|434|346|357|430|0|225|2066|1894|0|225|70|108|55|92|649|862|312|331|5914|1934|2331|968|1686|762|645|370|660|614|94|161|0|225|2829|1415|388007|12118|376095|11436|11693|3154|0|225|82|98|2327|1402|0|225|602|403|0|225|4109|2020|3900|1832|0|225|0|225|244|217|193|256|236|249|339885|11046|164|145|1470|929|5785|3496|9578|3466|2228|1095|318364|10398|1663|832|507|401|126|214|24517|3782|2131|673|1079|642|7616|1948|810|518|6107|1993|1658|809|416|383|3074|1105|102|169|1524|795|0|225|11912|2095|11813|2077|99|118
0500000US06085|811040|14260|59902|4102|12347|2137|760|602|681|334|309|213|627|450|9481|1776|5410|1528|3483|898|588|361|489|454|12030|2041|710|508|990|677|3265|1152|4996|1377|1238|589|831|469|0|225|7814|1602|898|542|2353|836|3265|1080|917|508|1156|666|142|166|27086|3413|83|140|1255|781|1962|1227|625|555|1249|800|299|226|200|199|277|210|135|176|111|133|111|185|900|601|1263|629|8280|1584|329|350|8358|2484|1649|758|625|601|561360|10285|191036|8865|152491|8611|107303|6963|10031|1880|35157|3517|12712|2679|25688|4103|145|179|185056|10272|1646|1333|3090|1621|0|225|153841|9021|18258|2898|461|347|2253|1548|4367|1590|705|434|435|316|0|225|169038|10096|1585|922|1729|586|2460|911|977|613|2174|701|48510|5723|1782|678|3122|1109|106651|8665|48|80|15531|3182|161|194|800|507|203|203|488|400|6872|2293|690|464|678|591|434|266|498|474|115|113|3252|1256|831|1029|172|178|337|319|699|504|13571|2798|7886|2392|1187|703|4576|1966|953|657|252|395|421|512|213|263|45|74|239|300|294|249|149|181|92|163|0|225|53|86|2063|838|53|90|997|650|612|499|48|78|353|236|1857|1030|1857|1030|0|225|733|528|0|225|214|244|0|225|161|263|127|159|0|225|0|225|62|106|169|317|738|680|3422|1251|2419|1201|2322|1196|97|116|515|400|0|225|0|225|488|444|172785|9179|163200|9087|2332|1131|0|225|0|225|788|631|0|225|615|572|0|225|82|136|310|398|0|225|0|225|116|139|329|377|92|135|136647|8158|77|133|208|203|9139|2784|6501|3195|1544|1257|115788|7106|3107|1853|283|180|0|225|24221|4783|1087|512|688|478|2587|1028|1656|813|11527|4558|1073|832|265|280|4125|2499|182|303|866|458|165|163|9585|1540|9585|1540|0|225
0500000US12011|782708|19372|58358|5139|8059|2169|0|247|543|522|77|91|777|500|5569|1568|2605|816|2921|1301|43|72|1093|1366|8116|2311|191|181|421|304|3283|1841|3390|1201|471|388|360|336|0|247|9420|2403|660|616|4780|1794|1643|1040|192|318|2227|822|110|184|32731|3898|806|701|937|596|190|236|1316|1049|455|329|1797|1191|1686|833|93|151|643|907|692|578|624|736|4191|2086|3463|1516|7512|2992|359|298|6140|2013|1827|815|32|53|61143|5787|11045|2739|9390|2594|7893|2299|984|511|513|426|773|415|882|538|0|247|22486|4043|0|247|2007|1462|0|247|13874|3605|766|746|431|353|102|172|3840|1489|562|653|646|698|258|342|12331|2830|42|71|0|247|159|166|0|247|128|156|4914|1716|114|117|622|464|6352|2485|0|247|12738|2691|604|752|52|86|0|247|1080|1393|5722|1599|706|614|445|514|1530|882|219|277|333|321|1616|861|257|306|0|247|174|170|2543|2964|6712|1785|1424|948|62|107|0|247|255|268|0|247|582|593|0|247|44|59|481|535|492|663|0|247|44|76|0|247|448|657|1224|589|183|308|754|503|287|180|0|247|0|247|966|590|966|590|0|247|2412|1364|0|247|128|222|0|247|0|247|2178|1328|0|247|0|247|0|247|106|173|194|248|780|421|598|378|530|340|68|88|0|247|0|247|0|247|182|199|655715|18109|640528|18204|315774|14278|6643|1976|1747|734|78931|8119|2870|1899|20916|3836|544|532|100160|9872|81028|9097|647|656|0|247|18709|4799|559|523|3020|1158|67525|9233|636|496|3006|1176|10123|3398|12436|5029|10418|3061|15866|4395|11840|5392|3200|1250|0|247|257229|12372|13216|2646|1009|715|36739|5085|6084|3139|88622|10608|13125|2968|6465|2069|18374|3127|4766|2763|68347|9599|482|454|15187|2816|15023|2816|164|207
0500000US12086|1570170|16991|58454|5368|3905|1177|93|127|148|173|204|333|183|214|3227|1006|2313|858|871|516|43|72|50|83|12305|2793|232|162|832|675|5240|2008|3162|970|1097|563|1742|1443|0|247|18583|3407|462|472|4771|1414|1606|770|0|247|11744|2723|0|247|23661|4035|364|308|795|565|45|78|425|387|509|433|593|367|1601|1288|704|613|226|224|198|243|0|247|1276|694|1065|706|7751|2058|329|347|6473|2653|1307|594|0|247|37537|3677|8466|1907|6994|1784|5779|1545|990|869|225|205|318|239|1154|572|0|247|10026|2598|0|247|1340|986|0|247|5403|2366|1806|956|0|247|123|179|735|544|243|235|376|439|0|247|9158|2128|441|383|189|230|307|305|120|225|497|457|4888|1529|251|304|136|228|2329|1220|0|247|9532|2530|20|33|193|214|268|413|59|101|3998|1716|0|247|193|255|917|552|785|562|332|205|2702|1592|65|106|0|247|0|247|355|519|9037|2754|802|469|0|247|0|247|104|178|0|247|323|419|0|247|0|247|375|387|364|347|90|149|0|247|136|237|138|188|2621|1259|62|103|603|327|1288|647|0|247|668|1034|549|433|549|433|0|247|4637|2262|0|247|905|1402|0|247|0|247|3228|1890|0|247|0|247|0|247|504|702|64|75|1119|912|582|442|412|400|170|212|164|263|0|247|0|247|373|440|1464023|16997|1456745|16816|873142|17903|4300|1324|358|324|717451|15818|539|440|38147|4312|442|503|75986|8101|26955|4548|819|1070|191|259|4813|2179|263|432|2878|1395|208429|12450|447|488|5713|3102|16680|4199|23599|4173|44716|6706|28647|4127|82295|7440|6158|1498|174|300|375174|14748|28574|3524|4936|2316|22965|3303|9311|1972|115244|9805|16339|3381|1946|1074|33512|5097|4989|1392|135377|11127|1981|1141|7278|2033|7278|2033|0|247
0500000US17031|1185306|25622|239397|12659|13636|2459|352|386|4351|1171|413|314|359|247|7936|1949|4710|1326|2871|1309|355|287|225|242|16670|3217|375|381|339|287|5055|2494|9366|1593|789|559|746|604|0|208|17521|3221|7174|1508|6013|1480|414|358|0|208|3920|2468|0|208|189885|10726|2194|1174|1687|685|7080|1989|6108|2037|1497|595|4507|1698|1606|1067|622|351|5949|2356|3058|1717|1079|596|81397|7201|9217|2127|13886|3482|2590|1008|39310|6630|8098|2097|1685|1363|342158|11966|104426|8300|66731|7850|55594|7471|6246|2387|4891|1601|7809|2844|27025|4095|2861|1598|114780|9046|3252|2672|3896|2533|0|208|74635|7051|5828|2138|568|584|2188|1235|15646|3686|1660|1281|1211|854|5896|3250|73824|5831|2355|1393|533|341|2147|1329|716|863|3115|2506|47145|4329|867|707|4678|1773|12268|3235|0|208|41978|6876|896|1166|2262|1632|0|208|10616|3513|2241|1239|8861|2477|2252|1416|2036|887|2863|1940|3010|1432|3211|1440|1745|1045|1684|1081|301|329|7150|2550|55687|7300|8393|2363|931|625|2714|1394|1517|842|335|460|175|161|761|574|466|750|1494|884|4716|2458|2891|1891|803|960|90|151|932|1153|8882|3161|1638|785|2203|1317|4133|2829|385|399|523|383|2323|935|2323|935|0|208|29037|5709|0|208|5233|2159|263|345|462|616|19369|4316|0|208|585|639|1129|978|1996|1634|2336|1657|2275|1046|1817|854|1590|785|227|275|164|268|0|208|0|208|294|319|545789|18755|531836|17998|15321|2489|345|427|281|238|5033|1490|307|451|2319|1223|0|208|2141|1314|4698|1510|0|208|0|208|0|208|112|186|85|104|423037|16114|1583|897|1023|590|6650|2580|18671|3827|5753|1799|384933|14684|3838|2374|409|356|177|173|93478|11712|4119|2234|343|390|4839|1979|2165|1522|16881|4261|27042|6710|402|379|8751|2386|211|271|27586|6936|1139|1383|13953|3636|13953|3636|0|208
0500000US24031|364713|12294|30074|5039|4916|1214|301|375|552|322|0|228|116|127|3558|1112|1997|711|1445|806|116|145|389|340|6654|1741|109|126|374|351|3061|1194|2772|921|200|158|138|115|0|228|6209|3867|296|247|1611|800|540|443|0|228|3688|3718|74|122|12165|2717|190|235|443|413|0|228|1115|896|107|172|245|204|415|536|418|574|140|175|92|107|32|54|1223|652|536|429|3490|1360|123|152|2912|1271|684|512|130|170|131199|4615|49421|4697|35843|4672|27946|4296|2251|843|5646|1236|2738|956|10840|2390|0|228|46492|4466|2055|1834|3976|1907|0|228|24282|3205|6120|2084|710|739|2153|1500|3245|1193|3169|1464|782|710|0|228|28345|5213|597|525|926|494|1837|1098|102|121|415|366|15610|4797|277|307|1398|720|7183|1975|0|228|6812|2000|917|1086|0|228|238|342|144|170|1638|643|747|731|149|243|402|337|730|652|313|317|1286|983|0|228|0|228|248|187|129|157|66830|5861|30940|5416|861|741|23798|5210|1609|1272|293|362|1761|1598|1035|1334|603|572|980|702|4906|1970|4255|1938|0|228|485|356|166|157|3226|1410|180|179|1417|724|373|316|458|494|798|904|1516|773|1516|773|0|228|25466|4130|653|1111|5465|2172|1267|795|2685|1715|5497|1872|982|1144|2797|1516|3449|1932|2671|1681|776|1269|1159|608|1159|608|911|534|248|189|0|228|0|228|0|228|0|228|135451|7543|133113|7447|14123|2955|123|208|743|777|2066|1806|0|228|2947|1253|343|482|2049|1083|3861|1637|515|518|0|228|752|481|76|90|648|472|74440|9742|89|143|76|97|45293|8617|11121|4208|9463|3778|4830|1751|2915|1528|653|655|0|228|44550|5626|2708|1167|4821|2247|6002|1960|2676|1510|8989|2748|2524|1240|663|520|11382|3481|448|293|3928|2063|409|336|2338|863|2338|863|0|228
0500000US25017|399745|11234|57600|5494|10767|2031|355|358|3414|1283|37|63|903|599|5789|1402|2946|1029|2438|787|405|386|269|244|7705|1577|288|225|879|585|2730|1027|2850|1023|605|463|353|286|0|228|16034|2632|2415|1015|4881|1247|6842|1709|931|561|1835|794|61|103|23094|3765|718|617|1210|699|599|390|494|418|0|228|558|588|1144|846|428|340|281|268|303|422|316|329|1473|709|1650|823|8054|2112|660|577|3021|1102|2185|1180|0|228|165518|5993|66933|5033|54248|5068|47138|4766|3738|1222|3372|1021|3267|1420|9418|2158|0|228|60359|5776|35|55|3010|1844|0|228|45648|5709|2890|1256|621|515|3781|1089|2699|1641|1028|1196|83|98|564|478|25545|3423|373|234|7501|2090|995|496|1042|1119|774|417|2667|1033|252|226|2542|773|9399|2423|0|228|12583|3033|449|367|1105|711|197|226|500|443|3790|2475|190|221|175|178|1370|756|279|274|2019|997|2320|737|144|187|0|228|45|75|98|162|29251|4571|10249|3057|187|232|2592|1263|3232|2176|96|158|215|321|2927|2333|506|516|494|365|1108|744|33|65|634|603|284|337|157|257|8931|2627|494|413|1941|1096|4169|1856|0|228|2327|1961|1473|589|1473|589|0|228|6284|2105|523|398|1421|686|0|228|610|624|1989|1395|848|838|685|508|0|228|208|317|1206|1358|1718|528|1390|510|1052|466|338|229|93|100|0|228|0|228|235|89|145658|8714|136486|8933|23873|3304|0|228|487|498|943|646|266|379|5864|1863|0|228|13950|2763|970|665|0|228|0|228|1188|819|205|356|0|228|31175|5122|74|136|619|646|12953|3798|9459|4167|1956|2042|4439|2502|1359|1019|245|284|71|11|81438|8801|997|551|462|521|61407|7900|1408|589|6476|1923|5441|2855|150|142|2557|1029|522|538|1957|1272|61|106|9172|1761|9172|1761|0|228
0500000US32003|537188|14377|35218|3436|7238|1665|49|80|892|649|50|82|265|295|5942|1351|3041|1044|2782|839|119|142|40|66|8488|1784|296|243|239|299|2028|893|5353|1340|308|324|264|226|0|236|4680|1621|1564|1220|2374|1038|156|171|0|236|586|352|0|236|14812|2864|1172|1167|222|262|983|650|1270|647|222|211|200|197|1469|854|47|77|161|198|117|196|262|344|2841|1274|1107|596|1513|808|555|537|1316|949|1355|761|0|236|181546|7157|48194|6665|31339|5199|24897|4902|3074|1075|3368|832|3080|954|13775|3633|0|236|16187|3979|684|630|133|119|0|236|9038|2994|3630|1022|0|236|1808|2175|140|136|248|215|157|160|349|560|110458|7134|1330|1366|1377|774|1521|977|1201|715|95|119|88203|6316|361|221|5261|2041|11109|3522|0|236|6425|1463|1116|635|304|274|242|280|516|438|1876|994|239|229|0|236|1037|631|0|236|256|242|681|529|76|129|0|236|82|138|282|390|20575|4254|12769|2942|588|512|8122|2556|1262|912|528|608|839|972|306|510|272|279|852|570|1634|1234|139|229|757|678|738|1029|0|236|623|409|252|306|151|146|172|203|0|236|48|80|706|445|706|445|0|236|3633|2337|259|426|2217|1556|298|485|0|236|106|140|113|134|0|236|0|236|640|965|1210|874|4163|1398|1269|665|997|644|272|225|420|469|49|84|0|236|2425|1289|295686|12049|287167|11872|36808|6254|0|236|315|381|32695|6009|0|236|1693|907|0|236|178|249|883|686|159|254|0|236|775|529|42|70|68|112|222685|10388|155|147|116|99|22226|4186|13424|4591|5830|2025|174681|10556|5563|2917|638|632|52|86|27674|5766|1939|874|512|377|9509|4385|898|909|5576|2249|1591|1055|200|234|4492|1466|77|128|2776|1590|104|126|8519|2010|8426|2009|93|154
0500000US34003|324432|10571|60154|5408|4538|1649|0|226|2267|1615|0|226|109|138|2122|814|1040|577|926|466|156|254|40|67|4283|1261|45|77|98|145|1189|739|2486|912|47|74|418|445|0|226|10641|2431|2842|1212|5542|1650|764|631|0|226|1493|1083|0|226|40596|5112|6045|2972|1013|655|841|754|464|383|1926|753|316|297|647|672|224|315|34|58|263|204|1437|822|11880|2915|1897|1105|5417|1485|193|182|4834|1269|3165|1244|96|163|133652|6068|66193|4826|16454|2897|12391|2685|1741|823|2322|976|5399|1673|44340|4685|0|226|33392|4141|40|69|1977|1617|0|226|22932|3921|1556|723|314|290|734|510|4892|1936|684|581|126|162|137|155|16929|2491|729|524|346|518|17|30|0|226|271|266|13278|2327|189|205|764|606|1335|810|0|226|16362|2823|358|272|320|472|482|480|659|642|4760|1699|70|90|177|162|918|765|800|604|2598|1600|4802|1501|0|226|228|375|190|246|776|650|9079|2572|1431|999|0|226|555|659|631|703|0|226|0|226|0|226|172|198|73|125|23|38|0|226|0|226|0|226|23|38|4220|1517|85|129|3758|1457|377|421|0|226|0|226|620|362|620|362|0|226|2785|1292|0|226|1353|1023|73|136|438|414|780|505|80|132|0|226|0|226|61|91|0|226|480|306|480|306|480|306|0|226|0|226|0|226|0|226|0|226|121067|6270|118740|6346|37318|4542|0|226|513|499|6057|1808|262|431|21784|4051|0|226|1369|1058|5940|1857|0|226|49|84|1059|1190|48|83|237|243|26147|4801|52|88|880|724|6503|2527|7596|2326|1707|1105|8168|2542|809|569|432|393|0|226|55275|5687|2276|1265|874|671|2821|1290|687|631|26951|4794|10713|2945|1656|1151|4296|1452|1179|932|2908|1456|914|900|2327|897|2284|916|43|78
0500000US36047|934118|20258|183893|9832|16781|2580|316|218|2021|1168|467|457|849|628|12856|2525|8645|2273|3959|1038|252|219|272|285|15698|2956|987|569|820|515|8165|2327|4227|1458|830|529|343|236|326|305|14282|2810|2326|837|8243|1801|1249|839|0|220|2464|1859|0|220|136831|8315|4522|2108|10148|2382|156|185|585|411|442|355|810|393|2355|1043|563|306|241|228|2658|1028|330|394|15565|3817|1272|660|30948|4604|486|428|49873|5192|15877|2866|301|244|268452|6941|132895|5684|125136|5911|114488|5862|8608|1545|2040|741|1972|751|5409|1533|378|294|72365|6548|305|343|24309|5403|0|220|7059|1671|2454|1257|2013|987|349|480|14632|3514|173|165|16675|4026|4396|1821|18258|2670|1825|1032|580|303|383|300|40|64|2432|1292|6105|1324|540|326|763|573|5590|1545|0|220|44330|5435|832|985|4524|1533|9420|2562|299|396|10665|1919|694|532|0|220|2549|1142|481|402|2850|986|4998|1730|267|252|6105|2800|646|585|604|407|39817|7676|2428|2108|0|220|406|440|1786|2098|0|220|51|10|0|220|185|210|0|220|1380|1272|640|1027|109|182|67|53|564|823|9519|2470|1094|911|3216|1366|4380|1876|697|634|132|169|1544|996|1544|996|0|220|24284|6327|0|220|2808|2106|2076|2887|270|281|8621|3095|4526|3717|749|588|94|162|5140|2476|662|600|5124|1360|5050|1356|4888|1314|162|137|0|220|0|220|0|220|74|115|436832|16330|426774|16204|256425|14039|406|332|13651|3176|1207|542|1173|832|48633|6521|13600|3499|48652|5741|60289|8206|10695|4355|8339|2241|41272|4375|3289|1462|5219|2119|84179|9179|2582|1144|1767|946|7546|3640|11433|3829|5910|2357|47751|6657|1224|785|5966|1712|0|220|86170|9292|2463|873|284|219|4339|1687|2760|1673|10769|4536|21855|5269|34585|5353|2283|808|887|893|5702|1937|243|211|10058|2484|10058|2484|0|220
0500000US36059|346767|9362|35609|3970|5482|1381|190|222|2021|878|179|208|52|85|2944|896|1217|690|1568|644|159|199|96|115|5148|1359|599|433|247|398|910|674|2981|1019|221|181|190|256|0|220|11028|1961|2129|824|7804|1649|276|265|0|220|652|355|167|99|13868|2858|420|347|267|265|92|151|52|84|790|609|555|674|580|385|10|16|65|80|432|544|0|220|3068|1082|1063|810|2233|985|215|265|3546|1800|480|381|83|143|124108|4271|50343|4563|39021|4190|31339|3778|4487|1470|3195|1163|1531|933|9677|2281|114|190|56838|4704|1121|713|5685|1592|0|220|30162|4160|6118|1766|144|147|510|565|11970|2716|120|131|898|572|110|129|10097|2536|515|405|0|220|879|923|0|220|708|378|6952|2077|0|220|572|443|471|339|0|220|6587|1562|62|87|57|96|972|714|122|190|2698|1058|112|186|75|140|53|93|79|144|79|91|1581|743|316|319|0|220|381|341|243|326|10247|2636|1793|1182|0|220|0|220|101|85|30|49|621|647|353|418|128|219|560|743|140|154|108|144|0|220|32|54|0|220|3257|1410|0|220|2053|1188|948|627|0|220|256|242|506|438|506|438|0|220|4551|1996|0|220|250|262|73|123|0|220|4196|2044|0|220|0|220|0|220|32|7|0|220|451|504|122|142|122|142|0|220|0|220|0|220|0|220|329|479|176352|8120|173512|8170|65722|7263|200|232|1213|870|720|497|222|214|16088|3694|716|786|21712|4089|17546|4419|211|291|71|127|5138|1565|663|544|1222|779|61318|6921|52|20|168|164|33844|5657|8413|2964|10191|3098|7139|1948|1135|1344|376|312|0|220|46472|7017|632|520|552|500|1928|920|2117|1216|9432|3043|9961|2774|10807|2606|8969|5853|323|304|734|511|1017|872|2840|963|2840|963|0|220
0500000US36061|462935|16108|85440|7779|21115|3442|841|834|4495|1658|566|527|1329|878|13113|3209|9940|2670|2518|1258|655|977|771|845|22511|3784|1170|671|1264|681|7896|1980|9800|2698|1736|1371|645|405|0|220|13448|2791|1410|750|7096|1597|819|538|0|220|4039|2068|84|146|27734|5350|2402|1633|263|324|301|306|807|738|1108|861|812|576|792|742|96|159|108|188|510|525|43|71|4953|1983|3381|2989|5229|1483|574|483|2599|1284|3756|2020|632|933|153200|6493|92321|5867|72031|6141|62560|5968|4959|1660|4512|1436|6867|1763|13175|2721|248|404|30132|4927|172|288|3993|2471|0|220|20252|3924|3045|1245|88|119|639|537|1593|774|149|183|97|167|104|174|14109|3406|1255|1207|0|220|480|366|221|347|538|369|9361|3107|772|626|795|733|629|551|58|96|15772|3588|0|220|496|483|900|672|267|399|5206|2056|60|97|144|171|991|592|234|255|582|529|4365|1870|1219|652|1308|1582|0|220|866|1084|21506|5118|2561|1432|0|220|1016|787|315|388|72|120|981|952|0|220|123|214|54|91|0|220|0|220|0|220|0|220|0|220|4312|2157|254|423|2303|1580|1583|1096|0|220|172|228|3113|1676|2586|1303|527|834|10079|3742|0|220|2033|1644|760|584|669|857|504|318|3000|2526|481|568|0|220|2632|2183|1441|1374|5143|1742|5143|1742|3586|1494|1557|960|0|220|0|220|0|220|0|220|197646|12851|184506|12667|116136|10967|52|86|405|678|4331|2020|163|267|95839|9608|332|435|6503|4224|3262|1468|0|220|414|404|2734|1432|43|4|2058|1195|25805|5158|473|355|274|290|1650|1370|856|807|3563|1663|15136|4309|1073|1030|1930|1233|850|417|42565|6324|5326|2694|589|690|9017|2476|3162|2674|5609|1883|8650|3507|812|586|4624|2699|294|321|3636|1744|846|591|13140|2719|13043|2725|97|157
0500000US36081|1099420|17575|100712|7848|12248|3622|0|220|5357|1943|95|162|247|215|6496|3062|4484|2819|1919|791|93|155|53|88|5526|1339|1002|733|271|243|1925|866|2027|762|211|203|90|155|0|220|24508|3550|10618|2140|10428|2351|860|616|0|220|2458|1233|144|191|57788|5646|4952|2455|379|328|1683|1191|1943|1004|1924|1218|769|577|689|374|61|101|982|965|0|220|257|329|18137|3592|4743|1374|7156|2727|2094|1409|5483|2263|6536|1957|642|647|439150|9568|229560|9255|187431|9027|158332|8821|13544|2632|15555|2751|6099|1891|35711|4397|319|285|148073|9450|969|634|66420|7250|1502|1047|38554|5434|1462|863|173|282|13705|4076|11479|2929|1016|634|12431|3991|362|342|49162|5841|3718|1663|915|1116|2900|1164|33|52|3345|1172|33365|5033|423|293|1631|750|2832|1153|0|220|11856|2327|362|325|0|220|567|418|168|206|3419|1262|249|315|167|282|830|453|105|131|83|101|3638|1494|49|80|724|614|1495|1054|499|436|30844|5416|2362|1629|0|220|261|266|402|510|0|220|82|135|608|950|0|220|1009|852|469|449|0|220|0|220|0|220|469|449|14864|4109|2085|1062|9010|3280|2122|925|0|220|1647|1469|775|572|749|571|26|44|10715|2592|0|220|2874|1998|333|288|347|377|5638|1662|278|370|278|349|0|220|967|1003|1659|1326|1111|1023|1046|1020|909|987|137|172|65|112|0|220|0|220|0|220|527603|14303|522796|14115|172130|11260|286|349|3876|1372|3645|1425|2063|1796|50907|6384|1900|942|25852|4951|53299|6579|1325|1017|1360|680|23593|3407|1882|1539|2142|906|100437|9043|734|431|2296|1073|16688|3429|16603|5089|8969|3686|50875|6481|1713|1026|2526|1019|33|56|250229|14511|3638|1413|1994|1045|3865|1093|2725|1376|45648|5757|88363|9117|73976|6891|20225|4663|874|634|6332|1786|2589|1134|4807|1685|4543|1644|264|362
0500000US36119|277441|10205|46080|4691|8942|1703|63|105|3293|986|90|107|762|434|4734|1258|1988|692|2462|916|284|255|0|220|7524|1885|232|235|434|430|1639|684|4161|1470|370|249|688|482|0|220|12769|2466|1380|747|6732|1335|3499|1434|0|220|1158|668|0|220|16695|3375|4316|2583|266|228|0|220|698|507|346|186|763|554|304|197|85|144|0|220|0|220|0|220|1951|784|799|533|2446|1274|483|394|1922|1030|2316|1048|150|262|50029|3625|19832|2313|10973|1825|8752|1729|1309|549|912|541|5342|1549|3517|1044|0|220|13541|2644|130|216|960|682|0|220|9902|2208|52|90|769|637|0|220|1319|899|82|135|0|220|327|530|9636|2065|0|220|95|158|67|80|107|186|405|355|8133|1853|137|163|144|190|548|599|0|220|6903|2599|101|165|0|220|267|364|239|247|2507|1318|534|493|58|97|898|702|0|220|0|220|445|548|41|70|1749|1657|64|106|117|188|9352|2172|1121|613|0|220|202|303|342|311|0|220|53|46|0|220|0|220|524|488|253|284|0|220|0|220|0|220|253|284|797|589|0|220|117|93|58|98|0|220|622|576|909|516|615|424|294|310|5754|1919|0|220|3107|1526|196|145|0|220|1641|1041|561|548|114|194|0|220|135|165|518|859|626|339|585|332|585|332|0|220|0|220|0|220|0|220|41|70|171354|9603|169123|9319|67449|8100|381|263|1356|1095|1063|566|515|373|33723|6386|1192|1668|4039|1886|20724|5053|177|182|449|557|1813|986|454|443|1563|796|40748|5450|0|220|917|617|3660|1511|10643|3240|3528|2410|19699|3775|1818|1213|483|408|0|220|60926|8270|2293|1825|251|335|4284|1500|985|692|10839|3804|25932|6030|3238|1302|8270|2665|1278|940|1539|938|2017|1277|2231|1213|2231|1213|0|220
0500000US48113|668988|19594|16061|2837|4671|1319|28|47|672|504|0|242|170|166|3754|1204|2278|1069|1148|526|328|352|47|78|3488|1117|168|207|33|58|1310|756|1851|826|75|89|51|88|0|242|2658|1188|62|101|746|520|139|242|0|242|1711|1069|0|242|5244|1722|451|532|370|352|416|658|625|621|127|147|0|242|71|117|29|46|0|242|0|242|0|242|637|455|268|364|1495|1003|0|242|368|268|387|292|0|242|149108|6477|20427|3416|11512|2084|8186|1778|439|280|2887|1236|1029|471|7886|2693|0|242|77734|7971|3397|3124|1241|743|0|242|55302|7099|2095|1092|103|123|8024|3340|6621|3044|865|661|86|145|0|242|40287|4995|2892|1538|998|785|252|208|1105|796|374|249|8756|2180|27|43|1949|812|23934|4319|0|242|10429|2607|0|242|0|242|143|246|1722|1385|521|333|1753|1005|485|398|1003|893|1331|909|1103|1172|1876|1694|330|298|0|242|162|160|231|363|57533|9321|24452|7676|1806|1343|13833|7035|4344|2498|1207|1191|693|728|101|118|1347|994|1121|1033|4371|2410|1488|990|389|596|1685|1782|809|932|3867|1973|46|74|1381|1111|300|487|1685|1427|455|419|2777|1496|2777|1496|0|242|20514|5127|0|242|943|911|662|920|785|623|15117|4686|1056|991|569|609|113|202|1269|1034|1552|1174|1135|620|1058|580|857|570|201|217|77|123|0|242|0|242|0|242|445151|13254|441426|13096|17408|5560|674|775|0|242|11562|4857|170|284|2470|1462|75|124|856|876|1061|683|0|242|0|242|456|248|0|242|84|140|380465|13600|1191|1199|838|655|42292|6964|12160|3897|27727|7608|291748|11543|3571|2372|763|484|175|288|43553|8388|656|435|71|119|3234|1157|2706|2484|6788|2815|2269|1579|1086|696|3494|1774|788|1295|22231|6234|230|270|3725|1449|3725|1449|0|242
0500000US48201|1421711|25542|50496|5161|17301|2740|99|115|706|495|311|297|730|1008|14675|2361|7349|1882|5628|1630|1698|915|780|501|9023|2041|149|165|913|543|2188|817|3929|1247|1093|700|654|551|97|158|7192|2191|767|458|1976|1061|680|738|522|724|3769|1731|0|242|16980|3339|229|230|208|243|1294|1129|0|242|560|508|217|226|782|516|42|70|89|143|443|580|758|982|1688|816|2169|1160|5039|1663|428|402|1834|920|1200|639|0|242|289869|8854|56980|6640|44175|6354|33180|5673|3271|1012|7724|2132|3211|1249|9497|2360|97|173|93915|9681|7887|3559|3151|1899|180|309|46883|6453|9771|2462|892|809|2828|1645|18948|4158|1545|833|422|569|1408|974|119275|8108|2484|1780|2587|1666|3124|1564|2316|1617|1464|987|30077|7064|2963|1835|3270|1305|70990|6759|0|242|19061|3834|562|791|1880|1595|424|443|5243|2765|1072|794|1391|771|882|583|1733|963|2315|1138|640|439|1626|1163|897|832|63|107|333|307|638|624|90792|10453|12113|3394|745|675|3234|1348|3450|2492|84|145|1361|1224|518|569|1256|777|1465|876|7617|3248|4455|2564|895|846|1266|966|1001|1347|8155|3263|1431|1103|3594|1792|764|1042|1892|2039|474|477|3027|1495|2883|1464|144|175|58478|9127|191|325|2269|1224|916|800|634|460|51187|8959|731|828|294|495|1067|1269|1189|995|1402|1293|2485|1091|1846|870|1765|880|81|96|21|32|0|242|618|703|0|242|988069|19683|976214|18928|100521|9680|751|598|60|105|72401|8133|761|539|9841|4041|82|136|1167|724|9573|3285|856|741|381|443|3983|1506|261|425|404|378|759304|19546|999|789|1613|1436|112660|11032|52466|7048|113102|11685|455476|17704|18260|5328|1981|1141|2747|3760|116389|13070|5665|2412|2607|1797|11227|4787|3426|1392|32363|7115|3138|1509|1155|706|4325|1883|669|508|50161|9585|1653|1767|11855|5450|11855|5450|0|242
0500000US48439|417560|17324|14234|2729|2731|1084|0|242|231|191|0|242|193|234|2231|996|764|474|1353|861|114|142|76|127|3885|1269|226|293|272|276|262|190|2924|1169|85|99|116|140|0|242|1004|609|0|242|785|539|172|277|0|242|47|79|0|242|6614|1738|113|188|0|242|694|870|216|352|969|807|162|209|47|77|161|262|0|242|392|626|0|242|791|457|1172|739|909|556|0|242|465|338|523|665|0|242|117189|6752|11880|2420|6592|1785|5050|1704|323|232|1219|496|1106|689|4138|1407|44|71|50566|5383|4926|3049|3758|2020|332|282|23272|4214|2271|909|0|242|12771|4078|2850|1089|311|358|75|129|0|242|38008|4100|1109|765|449|341|678|468|2425|1091|566|395|6135|1774|0|242|2448|1435|24198|3902|0|242|16611|4735|0|242|56|92|0|242|5791|3599|253|208|2828|1937|229|232|2353|1741|1160|1280|1460|1563|995|747|795|663|0|242|691|693|124|213|47632|9746|11791|3736|608|617|1242|1703|4783|2164|1206|1074|388|388|1774|1372|293|280|1497|740|12210|4503|3401|2569|5410|3596|3399|2615|0|242|3677|1906|984|1455|728|581|153|188|1640|947|172|161|1796|1171|1687|1105|109|179|13246|5302|0|242|1724|1204|0|242|250|321|10078|4850|826|1319|0|242|108|181|260|372|4912|4190|1535|846|998|742|891|722|107|178|0|242|0|242|241|386|296|170|236970|12007|232660|12098|11582|3453|0|242|99|171|6514|2570|0|242|2166|1552|62|103|0|242|1727|1263|0|242|0|242|596|544|0|242|418|675|194373|10166|205|345|712|553|13372|4523|3861|1710|12824|5112|159681|9549|3049|1522|669|485|0|242|26705|6131|1301|834|244|253|3794|2436|357|206|4102|1485|994|780|621|421|2399|1817|0|242|12893|4740|0|242|4310|1431|4244|1421|66|110
0500000US51059|358633|12527|24668|3849|4326|1358|432|493|402|258|0|217|826|727|2558|930|1732|780|559|311|267|430|108|129|6166|1446|231|255|1196|772|1204|623|2824|911|536|383|175|277|0|217|3424|1268|792|489|914|504|824|547|0|217|894|729|0|217|10005|1979|637|700|331|244|95|109|373|369|0|217|326|297|136|190|134|152|121|137|220|202|516|482|504|261|318|224|2676|1231|427|364|2384|913|807|457|747|1017|184620|7217|59312|5133|25047|3696|19948|3665|1226|544|3873|1230|1884|760|31132|3859|1249|963|69474|6128|6660|2071|6098|2207|0|217|29320|4163|9900|3252|895|1325|5650|2249|9834|2940|693|755|0|217|424|377|38516|4931|258|225|1012|625|519|328|259|325|316|227|10835|2726|436|348|2205|891|22676|3756|0|217|16729|4332|86|101|197|190|277|280|1554|995|846|415|1258|1047|472|309|1816|769|1753|1667|619|504|6074|3137|761|458|633|555|383|300|589|450|41780|6920|21867|6234|1534|1076|14317|3748|727|521|1570|1005|544|674|194|234|219|176|2762|3766|650|564|467|508|0|217|100|173|83|140|11368|2884|365|367|6268|2467|2858|1272|892|588|985|981|1497|1039|1497|1039|0|217|6398|2063|59|99|2596|1284|84|142|636|688|1444|1191|0|217|489|650|0|217|1090|1138|0|217|473|291|252|219|252|219|0|217|64|109|0|217|0|217|157|160|107092|6287|105738|6219|4084|1381|0|217|0|217|823|571|0|217|1369|829|0|217|616|681|777|580|117|137|41|69|280|276|0|217|61|98|58649|7112|252|400|438|347|23317|4914|13045|4183|14229|4171|4759|1578|2004|1152|605|477|0|217|43005|5736|1885|668|11840|3490|2265|909|846|549|5825|1709|1402|808|802|521|12931|3767|228|225|4447|2834|534|496|1354|546|1354|546|0|217
0500000US53033|634674|15702|78220|6914|12391|2074|773|504|1330|770|453|415|810|580|8338|1747|4734|1282|3181|988|423|433|687|468|11800|2123|576|299|328|293|2623|979|5597|1522|1195|481|1457|970|24|41|4121|1338|464|287|1786|837|359|394|0|218|1512|714|0|218|49908|6268|478|779|2948|1320|1869|1111|1147|935|161|271|689|290|548|339|557|559|178|226|2633|1459|0|218|2110|956|4182|1384|9821|2690|324|287|20536|4363|1727|667|0|218|375422|9250|142418|7863|104842|7302|84914|6504|7137|1847|12791|2403|8933|2177|28060|4417|583|580|121701|8078|11938|4732|1320|767|216|369|92342|8313|6741|2251|1498|1033|1435|976|3618|2179|250|224|1982|2131|361|335|91475|5960|1614|1067|3142|1361|3420|1237|3708|1502|2083|1074|30333|3478|2276|874|5649|1371|39250|4667|0|218|19563|5196|205|254|1984|1304|124|146|7016|4062|2332|1669|1026|687|544|584|750|581|826|414|1543|1047|2295|1171|161|162|605|631|152|251|265|225|50860|6511|33724|6569|1242|794|13143|3172|7078|2314|10148|5029|515|482|331|325|162|280|1105|792|3283|1910|227|356|505|507|2551|1777|0|218|1884|739|163|267|1213|560|97|161|62|86|349|347|4631|1792|4631|1792|0|218|6668|2434|0|218|508|433|0|218|634|809|2123|1405|790|1023|131|50|189|321|2293|1756|670|803|9263|2679|4137|1456|2834|1206|1303|767|1073|643|0|218|478|503|3575|2441|120909|7519|103691|7019|4053|1367|318|390|0|218|455|329|0|218|473|450|0|218|896|822|1559|951|0|218|45|76|258|193|0|218|49|85|73444|6359|891|747|172|213|6669|2548|4439|2023|6918|3752|51969|5819|1896|2119|490|455|0|218|26194|5300|1580|899|109|181|6812|2499|2204|984|4712|2075|2419|1246|380|556|3747|2902|0|218|4146|2460|85|140|17218|2320|17218|2320|0|218
0600000US1703114000|597415|21718|84347|8757|7336|1751|294|376|2303|723|285|267|209|171|4113|1492|2921|1208|1048|877|144|237|132|217|8726|2683|285|347|200|242|3569|2280|3952|1191|553|419|167|161|0|208|7473|2634|2234|1050|1887|705|317|405|0|208|3035|2425|0|208|60137|7042|151|218|221|184|3026|1356|1063|621|556|368|1273|938|485|583|266|271|1371|1409|194|226|252|257|22818|3464|3827|1577|6613|2769|1744|874|14862|4491|1415|830|675|616|152828|10093|62542|7799|52578|7886|44732|7459|4951|2406|2895|1471|1986|1381|7048|1897|930|722|43076|6274|172|278|1735|1461|0|208|26628|4233|2767|1617|175|287|1352|1047|5264|2619|1523|1251|259|252|3201|2185|32406|5153|1677|1158|179|191|1265|928|0|208|2520|2452|17614|3074|753|677|2418|1527|5980|1868|0|208|13543|3933|791|1162|345|344|0|208|3806|2286|813|454|1317|854|233|310|1058|652|1459|1624|1225|1290|1561|729|746|703|12|2|177|291|1261|993|28633|4982|4928|1832|439|415|2007|1262|1010|821|60|100|71|117|258|432|466|750|617|605|4325|2439|2500|1876|803|960|90|151|932|1153|3230|1549|1199|710|642|624|1231|1224|99|130|59|97|1188|762|1188|762|0|208|13331|3181|0|208|4013|1757|177|315|83|143|7567|2278|0|208|98|174|769|804|624|610|1631|1475|1443|820|1227|675|1000|598|227|275|164|268|0|208|0|208|52|89|330164|16452|321531|16044|7296|1845|345|427|148|174|2230|921|307|451|967|909|0|208|1063|883|2092|1146|0|208|0|208|0|208|112|186|32|52|252032|14296|1354|848|512|353|2065|1197|11862|3380|4462|1531|227715|13497|3750|2363|181|228|131|154|62203|9257|2920|2080|303|366|3598|1834|1430|1460|8630|2736|19696|5833|235|256|4709|1742|211|271|19409|5539|1062|1381|8633|2448|8633|2448|0|208
0600000US3604710022|934118|20258|183893|9832|16781|2580|316|218|2021|1168|467|457|849|628|12856|2525|8645|2273|3959|1038|252|219|272|285|15698|2956|987|569|820|515|8165|2327|4227|1458|830|529|343|236|326|305|14282|2810|2326|837|8243|1801|1249|839|0|220|2464|1859|0|220|136831|8315|4522|2108|10148|2382|156|185|585|411|442|355|810|393|2355|1043|563|306|241|228|2658|1028|330|394|15565|3817|1272|660|30948|4604|486|428|49873|5192|15877|2866|301|244|268452|6941|132895|5684|125136|5911|114488|5862|8608|1545|2040|741|1972|751|5409|1533|378|294|72365|6548|305|343|24309|5403|0|220|7059|1671|2454|1257|2013|987|349|480|14632|3514|173|165|16675|4026|4396|1821|18258|2670|1825|1032|580|303|383|300|40|64|2432|1292|6105|1324|540|326|763|573|5590|1545|0|220|44330|5435|832|985|4524|1533|9420|2562|299|396|10665|1919|694|532|0|220|2549|1142|481|402|2850|986|4998|1730|267|252|6105|2800|646|585|604|407|39817|7676|2428|2108|0|220|406|440|1786|2098|0|220|51|10|0|220|185|210|0|220|1380|1272|640|1027|109|182|67|53|564|823|9519|2470|1094|911|3216|1366|4380|1876|697|634|132|169|1544|996|1544|996|0|220|24284|6327|0|220|2808|2106|2076|2887|270|281|8621|3095|4526|3717|749|588|94|162|5140|2476|662|600|5124|1360|5050|1356|4888|1314|162|137|0|220|0|220|0|220|74|115|436832|16330|426774|16204|256425|14039|406|332|13651|3176|1207|542|1173|832|48633|6521|13600|3499|48652|5741|60289|8206|10695|4355|8339|2241|41272|4375|3289|1462|5219|2119|84179|9179|2582|1144|1767|946|7546|3640|11433|3829|5910|2357|47751|6657|1224|785|5966|1712|0|220|86170|9292|2463|873|284|219|4339|1687|2760|1673|10769|4536|21855|5269|34585|5353|2283|808|887|893|5702|1937|243|211|10058|2484|10058|2484|0|220
0600000US3606144919|462935|16108|85440|7779|21115|3442|841|834|4495|1658|566|527|1329|878|13113|3209|9940|2670|2518|1258|655|977|771|845|22511|3784|1170|671|1264|681|7896|1980|9800|2698|1736|1371|645|405|0|220|13448|2791|1410|750|7096|1597|819|538|0|220|4039|2068|84|146|27734|5350|2402|1633|263|324|301|306|807|738|1108|861|812|576|792|742|96|159|108|188|510|525|43|71|4953|1983|3381|2989|5229|1483|574|483|2599|1284|3756|2020|632|933|153200|6493|92321|5867|72031|6141|62560|5968|4959|1660|4512|1436|6867|1763|13175|2721|248|404|30132|4927|172|288|3993|2471|0|220|20252|3924|3045|1245|88|119|639|537|1593|774|149|183|97|167|104|174|14109|3406|1255|1207|0|220|480|366|221|347|538|369|9361|3107|772|626|795|733|629|551|58|96|15772|3588|0|220|496|483|900|672|267|399|5206|2056|60|97|144|171|991|592|234|255|582|529|4365|1870|1219|652|1308|1582|0|220|866|1084|21506|5118|2561|1432|0|220|1016|787|315|388|72|120|981|952|0|220|123|214|54|91|0|220|0|220|0|220|0|220|0|220|4312|2157|254|423|2303|1580|1583|1096|0|220|172|228|3113|1676|2586|1303|527|834|10079|3742|0|220|2033|1644|760|584|669|857|504|318|3000|2526|481|568|0|220|2632|2183|1441|1374|5143|1742|5143|1742|3586|1494|1557|960|0|220|0|220|0|220|0|220|197646|12851|184506|12667|116136|10967|52|86|405|678|4331|2020|163|267|95839|9608|332|435|6503|4224|3262|1468|0|220|414|404|2734|1432|43|4|2058|1195|25805|5158|473|355|274|290|1650|1370|856|807|3563|1663|15136|4309|1073|1030|1930|1233|850|417|42565|6324|5326|2694|589|690|9017|2476|3162|2674|5609|1883|8650|3507|812|586|4624|2699|294|321|3636|1744|846|591|13140|2719|13043|2725|97|157
0600000US3608160323|1099420|17575|100712|7848|12248|3622|0|220|5357|1943|95|162|247|215|6496|3062|4484|2819|1919|791|93|155|53|88|5526|1339|1002|733|271|243|1925|866|2027|762|211|203|90|155|0|220|24508|3550|10618|2140|10428|2351|860|616|0|220|2458|1233|144|191|57788|5646|4952|2455|379|328|1683|1191|1943|1004|1924|1218|769|577|689|374|61|101|982|965|0|220|257|329|18137|3592|4743|1374|7156|2727|2094|1409|5483|2263|6536|1957|642|647|439150|9568|229560|9255|187431|9027|158332|8821|13544|2632|15555|2751|6099|1891|35711|4397|319|285|148073|9450|969|634|66420|7250|1502|1047|38554|5434|1462|863|173|282|13705|4076|11479|2929|1016|634|12431|3991|362|342|49162|5841|3718|1663|915|1116|2900|1164|33|52|3345|1172|33365|5033|423|293|1631|750|2832|1153|0|220|11856|2327|362|325|0|220|567|418|168|206|3419|1262|249|315|167|282|830|453|105|131|83|101|3638|1494|49|80|724|614|1495|1054|499|436|30844|5416|2362|1629|0|220|261|266|402|510|0|220|82|135|608|950|0|220|1009|852|469|449|0|220|0|220|0|220|469|449|14864|4109|2085|1062|9010|3280|2122|925|0|220|1647|1469|775|572|749|571|26|44|10715|2592|0|220|2874|1998|333|288|347|377|5638|1662|278|370|278|349|0|220|967|1003|1659|1326|1111|1023|1046|1020|909|987|137|172|65|112|0|220|0|220|0|220|527603|14303|522796|14115|172130|11260|286|349|3876|1372|3645|1425|2063|1796|50907|6384|1900|942|25852|4951|53299|6579|1325|1017|1360|680|23593|3407|1882|1539|2142|906|100437|9043|734|431|2296|1073|16688|3429|16603|5089|8969|3686|50875|6481|1713|1026|2526|1019|33|56|250229|14511|3638|1413|1994|1045|3865|1093|2725|1376|45648|5757|88363|9117|73976|6891|20225|4663|874|634|6332|1786|2589|1134|4807|1685|4543|1644|264|362
1600000US0644000|1401236|23803|99161|6614|20784|3018|598|391|1187|655|541|425|1763|738|16428|2507|8949|1671|6654|1556|825|473|267|224|19881|2126|1813|868|1284|716|7237|1403|6679|1141|1072|357|1661|936|135|135|7814|1826|1470|798|4382|1236|272|302|0|225|1690|798|0|225|50517|5911|424|492|1031|489|219|238|1082|609|964|663|987|638|2443|1363|367|317|667|644|1084|630|130|157|3431|1276|2712|785|17619|3985|1031|533|13156|2787|3170|1448|165|210|443397|15512|137980|7229|51700|4326|38273|4174|4752|1356|8675|1802|13609|2487|71961|6620|710|620|105550|9056|4787|3174|6481|2122|0|225|24763|4213|58991|6726|2622|1739|1343|740|3124|1280|2236|1222|1029|643|174|188|117116|7786|1033|856|2519|1089|2691|935|340|244|1509|681|85578|7441|1503|878|8968|2149|12975|2439|0|225|81347|8371|44054|6428|1136|676|1876|987|2748|1568|12544|2738|1630|1092|435|372|6947|2236|1466|1163|4496|1616|2791|1212|147|153|572|911|505|403|1404|1203|29276|3916|6678|2335|626|710|3993|1957|311|309|281|371|521|377|380|361|109|161|457|393|1046|1081|69|113|0|225|977|1076|0|225|9994|2993|49|82|7833|2593|898|727|0|225|1214|892|4584|1286|4539|1285|45|91|6879|1885|0|225|1657|890|73|125|0|225|4236|1728|59|97|742|728|0|225|112|133|95|151|7683|1841|6459|1522|5814|1486|645|481|602|593|0|225|0|225|622|594|821719|17850|806954|17980|10917|2379|0|225|52|87|4355|1268|0|225|1267|1066|0|225|1559|1465|2693|919|50|84|239|304|365|348|0|225|337|249|749556|18500|6743|3517|1835|1007|156690|10800|127400|10230|17978|3237|419770|14146|18068|4476|886|498|186|231|46481|4540|4892|1392|2876|1121|5732|1700|3900|1423|12594|3093|4877|1804|196|230|7657|1767|148|115|3494|1437|115|115|14765|2233|14765|2233|0|225
1600000US0666000|374225|13172|30528|3635|6701|1565|0|225|1073|821|0|225|471|355|5106|1293|3038|954|1970|768|98|116|51|85|6600|1409|283|201|333|353|2552|945|2561|817|631|409|240|209|0|225|3311|1381|156|188|1842|1080|378|298|0|225|891|552|44|73|13916|2890|0|225|919|670|60|99|347|372|280|279|238|234|492|326|0|225|705|667|114|140|0|225|1181|505|857|497|5249|2256|203|238|2737|1152|534|372|0|225|175464|7545|45841|5032|32193|4480|26206|4106|2438|1054|3549|971|5582|1834|8001|1796|65|109|46457|6703|2666|1802|99|157|0|225|27920|5365|10297|2763|1494|1045|575|757|1040|751|148|178|1955|2262|263|256|71811|6101|1017|844|1974|930|397|259|1962|1010|708|520|44263|5838|62|101|2225|1043|19203|3201|0|225|11355|3679|107|176|48|80|1020|1193|2839|2090|1409|662|600|434|942|779|423|311|399|439|1978|2340|1238|590|180|218|0|225|172|220|0|225|10871|2805|4062|1837|0|225|1271|873|927|804|949|764|313|502|178|211|114|131|310|507|351|498|0|225|46|81|0|225|305|493|2151|926|98|159|650|503|875|747|392|382|136|182|2316|914|2316|914|0|225|1901|1786|0|225|366|334|0|225|0|225|1535|1744|0|225|0|225|0|225|0|225|90|143|3270|1448|1336|616|909|554|427|300|614|603|94|161|0|225|1226|1149|154092|8618|147710|7997|6685|2417|0|225|0|225|459|435|0|225|416|370|0|225|3272|1868|2297|1450|0|225|0|225|103|117|0|225|138|221|128680|7807|0|225|749|606|916|411|2960|1695|1237|892|122012|7448|404|527|276|345|126|214|12345|2253|818|399|270|244|4258|1523|610|448|3221|1387|493|400|387|382|1092|487|102|169|1094|738|0|225|6382|1533|6342|1537|40|65
1600000US1714000|597415|21718|84347|8757|7336|1751|294|376|2303|723|285|267|209|171|4113|1492|2921|1208|1048|877|144|237|132|217|8726|2683|285|347|200|242|3569|2280|3952|1191|553|419|167|161|0|208|7473|2634|2234|1050|1887|705|317|405|0|208|3035|2425|0|208|60137|7042|151|218|221|184|3026|1356|1063|621|556|368|1273|938|485|583|266|271|1371|1409|194|226|252|257|22818|3464|3827|1577|6613|2769|1744|874|14862|4491|1415|830|675|616|152828|10093|62542|7799|52578|7886|44732|7459|4951|2406|2895|1471|1986|1381|7048|1897|930|722|43076|6274|172|278|1735|1461|0|208|26628|4233|2767|1617|175|287|1352|1047|5264|2619|1523|1251|259|252|3201|2185|32406|5153|1677|1158|179|191|1265|928|0|208|2520|2452|17614|3074|753|677|2418|1527|5980|1868|0|208|13543|3933|791|1162|345|344|0|208|3806|2286|813|454|1317|854|233|310|1058|652|1459|1624|1225|1290|1561|729|746|703|12|2|177|291|1261|993|28633|4982|4928|1832|439|415|2007|1262|1010|821|60|100|71|117|258|432|466|750|617|605|4325|2439|2500|1876|803|960|90|151|932|1153|3230|1549|1199|710|642|624|1231|1224|99|130|59|97|1188|762|1188|762|0|208|13331|3181|0|208|4013|1757|177|315|83|143|7567|2278|0|208|98|174|769|804|624|610|1631|1475|1443|820|1227|675|1000|598|227|275|164|268|0|208|0|208|52|89|330164|16452|321531|16044|7296|1845|345|427|148|174|2230|921|307|451|967|909|0|208|1063|883|2092|1146|0|208|0|208|0|208|112|186|32|52|252032|14296|1354|848|512|353|2065|1197|11862|3380|4462|1531|227715|13497|3750|2363|181|228|131|154|62203|9257|2920|2080|303|366|3598|1834|1430|1460|8630|2736|19696|5833|235|256|4709|1742|211|271|19409|5539|1062|1381|8633|2448|8633|2448|0|208
1600000US3651000|3108115|37484|429504|15821|54380|5288|1157|904|13771|2768|1128|717|2425|1158|34548|4632|24150|3921|9257|1915|1141|1054|1351|964|46630|4866|3240|1098|2467|860|18634|2997|17930|2925|2777|1406|1256|507|326|305|65733|6465|17066|3483|34658|3612|3991|1410|0|220|9746|3081|272|249|261100|13154|21312|4997|12485|2757|2263|1287|3668|1369|3515|1457|2758|908|4422|1408|771|339|1813|1089|4074|1346|2927|2209|43298|6227|9532|3463|50178|6447|3154|1591|63399|6355|31531|3741|1661|1158|959574|14520|490483|12923|417986|13526|366301|13246|29103|3726|22582|3113|15411|2802|56141|5906|945|580|290765|12784|1446|755|119256|10192|1502|1047|70988|7169|7087|1908|2868|1163|15043|4034|31098|5115|3372|1350|32830|5891|5275|2119|94266|7936|6998|2155|1681|1146|3763|1214|294|357|7349|1776|57374|6345|1781|760|3542|1103|11426|2027|58|96|81937|7642|1245|1045|5593|1639|11030|2620|734|597|20151|3190|1522|796|381|343|4872|1604|820|490|4524|1570|13918|3341|1535|702|13148|4012|2464|1273|2123|1355|168619|11645|11044|3700|385|371|4124|2640|2755|2197|72|120|1114|965|726|970|591|487|1277|884|3506|1702|1039|1054|313|346|482|516|1672|1259|37456|5590|3522|1410|21000|4604|9550|2085|1433|949|1951|1441|5871|2032|5318|1772|553|834|97518|10529|0|220|32686|6266|5241|3257|3813|1828|22726|4682|9991|4734|2869|1265|1207|981|18985|4746|13224|3565|12081|2698|11532|2574|9676|2223|1856|1010|65|112|0|220|0|220|484|476|1538337|26461|1508910|26135|788741|27362|1028|619|19449|3780|10877|2409|5547|2292|372579|18805|15832|3669|84036|9153|158984|11560|12826|4608|11042|2602|74575|6352|6562|2334|15404|3680|289586|17311|4851|1375|5177|1621|31690|6096|36391|7766|32084|5495|161943|11268|4819|1384|11748|2506|883|429|430583|17277|11892|3126|3588|1494|18169|3517|10275|4267|69291|7044|139552|10523|121231|8906|30574|5961|2295|1031|19848|3396|3868|1314|29427|4482|29066|4470|361|424
1600000US4835000|734716|22117|26516|3495|8757|1785|58|93|347|307|311|297|76|125|7220|1650|4574|1401|2213|976|433|349|745|516|4805|1423|47|74|596|428|1527|659|1482|616|669|508|484|537|0|242|4209|1755|645|442|1792|1187|186|249|0|242|1586|1002|0|242|8745|2376|214|232|46|76|450|499|0|242|415|474|144|188|627|485|42|70|89|143|0|242|553|907|443|329|1528|1050|2188|991|102|177|1052|650|852|590|0|242|132043|9327|32808|4621|25104|4253|19606|3958|1555|818|3943|1106|2440|1198|5167|1572|97|173|44224|5912|5131|2632|934|630|0|242|21457|4174|5250|1846|0|242|1378|1101|8855|2823|443|400|422|569|354|354|45529|5616|1454|1087|131|170|1043|513|208|283|1306|967|9003|2585|2487|1694|1305|737|28592|3893|0|242|9377|2427|82|136|1193|1300|337|407|1946|1905|718|516|832|569|163|207|1165|873|1034|766|360|381|961|630|190|227|63|107|333|307|105|133|55201|8581|6058|1809|593|636|1969|1046|894|562|0|242|567|627|226|304|1028|672|781|710|5956|2705|2616|1881|785|823|1654|1291|901|1340|3889|1548|1336|1077|1491|808|126|146|681|447|255|370|807|463|807|463|0|242|37987|8021|0|242|886|531|622|715|52|88|33256|7618|731|828|294|495|1067|1269|1079|1029|504|809|1077|631|1056|631|1015|624|41|68|21|32|0|242|0|242|0|242|519879|18980|516378|18876|50761|6269|0|242|60|105|42263|5945|372|435|2063|948|0|242|543|539|3235|1622|166|204|201|314|1646|884|0|242|212|276|401981|18292|307|300|666|555|58805|7827|35588|5467|71461|10045|224473|13612|7226|2627|708|664|2747|3760|63636|9161|3387|1165|1740|1635|3320|1444|1863|913|14697|4393|1246|960|658|556|2069|1428|114|132|34383|7320|159|203|3501|1193|3501|1193|0|242
310M700US12060|1027241|22174|72832|7262|21695|3507|391|278|1061|499|118|143|705|427|18783|3206|9872|2652|7802|2095|1109|569|637|406|15174|3232|481|371|818|999|3023|1354|8228|2220|2234|1211|390|286|0|232|5329|1429|1522|983|1738|661|141|112|0|232|1928|716|0|232|30275|3562|62|72|887|430|4664|1744|2178|887|179|133|874|596|916|822|72|119|229|198|758|585|0|232|3462|1505|3982|1281|4966|1560|753|438|4666|1577|1627|906|359|355|342085|7986|92463|6928|47387|5129|38802|5018|3124|1085|5461|1421|5156|1547|39877|4980|43|73|154190|8212|5386|2712|7926|2148|2211|1710|111787|6882|8162|2123|932|680|5754|2653|9827|2580|1356|835|668|423|181|152|74256|6521|4391|1472|4823|1875|2228|848|3954|1352|2043|859|14033|2768|560|487|2664|1009|39560|4878|0|232|19695|3755|57|101|285|217|669|750|2332|1162|4608|1908|567|440|151|184|1711|1140|1176|928|1556|1865|5087|2173|905|621|0|232|591|490|1481|1133|120112|11231|44635|6579|1814|1194|20432|4966|8325|2688|1416|848|1725|902|3016|2056|1431|1401|6476|2981|11680|4177|3026|1349|1786|2052|4175|2580|2693|2521|5271|2049|537|473|1258|688|1641|990|1366|1166|469|491|5410|1992|4976|1812|434|718|51174|6681|403|437|10147|4177|2799|1332|1852|959|26022|5208|1600|1119|2143|1416|1136|748|5072|1630|1942|1154|3145|1212|2578|926|2324|899|254|194|0|232|0|232|479|733|88|101|489067|16207|474491|16024|121248|11701|952|497|1508|851|13294|3855|1516|1053|10507|2800|347|436|22840|6056|56055|6606|225|243|587|588|8501|2312|1405|1236|3511|1965|234278|10871|761|675|1390|1034|23958|5346|30762|6166|14858|3507|149862|9636|8559|2945|4128|1707|0|232|118965|10314|3421|1395|722|546|16260|3659|1879|1207|33729|5905|3505|1356|8830|3644|10350|2934|1870|1113|37742|7789|657|369|14576|2975|13933|2944|643|537
310M700US12580|349506|12896|33368|4332|6811|1681|100|176|515|377|376|296|288|271|5502|1578|2730|1062|1457|629|1315|1006|30|51|7323|1933|417|250|683|785|1284|1041|4108|1372|445|292|386|260|0|228|3244|1267|1804|1016|1045|510|111|130|0|228|284|288|0|228|15679|3208|346|303|1254|869|1107|1070|334|322|135|170|301|274|219|193|480|391|571|487|1326|819|0|228|1939|954|729|418|2720|985|210|274|3684|1528|324|251|311|430|129224|5555|41322|3380|21536|3091|18545|3202|1513|1019|1478|623|1801|764|17985|2716|0|228|51061|5195|1873|1334|4133|1820|0|228|25926|3306|3294|1322|181|228|3419|1629|10548|3709|613|432|1074|1063|0|228|29529|3425|2674|1351|796|502|1004|664|176|279|962|620|15899|2655|172|166|1247|616|6599|2136|0|228|7267|2209|0|228|251|268|0|228|746|830|1458|1236|117|186|107|125|516|594|647|779|1061|970|1524|841|377|343|0|228|463|444|45|78|67233|8396|12704|3904|1822|1347|4093|1632|3524|2455|392|467|262|232|840|968|48|85|1723|1486|5322|2059|4871|1974|195|330|159|270|97|97|3915|1686|31|54|1775|897|1091|680|964|1100|54|87|721|559|679|573|42|68|42910|8478|0|228|8152|3140|761|1024|982|895|26491|6112|969|1114|4280|2948|0|228|1275|1267|1661|1190|965|494|651|410|491|382|160|180|0|228|0|228|0|228|314|239|118716|8238|115095|8334|25022|3891|909|690|694|433|1004|486|100|177|2908|1367|88|146|1568|744|10906|3075|418|402|0|228|4309|1713|628|775|1490|762|65478|7150|48|84|350|351|25548|4633|9176|3161|12610|4245|14385|4342|2876|2963|485|353|0|228|24595|4561|1589|1031|353|384|3875|2247|1453|831|4462|1559|1880|1155|3679|2056|5975|2854|0|228|1329|964|0|228|3621|1055|3485|1051|136|152
310M700US14460|1037969|18207|144276|9453|30637|4163|498|442|11686|2967|159|124|1774|799|16086|2426|7995|1550|7176|1679|915|498|434|402|19019|2367|448|282|1462|767|5630|1517|8395|1754|1607|765|1386|562|91|128|36347|4149|7519|2007|11837|2094|11902|2269|1682|826|4914|1540|175|174|58273|6318|10671|3152|2707|1131|1645|720|1808|905|498|561|1787|945|1416|820|798|400|610|354|1213|936|366|343|4996|1109|2252|961|15676|2438|720|585|7724|1888|3386|1328|0|213|329716|8168|137422|6439|112353|7168|95780|7534|8581|1481|7992|1775|5760|1587|19309|3075|0|213|103219|6765|1270|1335|6851|2747|0|213|73115|6435|5666|1650|1316|1112|7121|2017|4805|1839|2102|1538|340|264|633|493|60452|5347|750|340|10576|2345|3024|1116|1509|1202|1353|564|8295|1995|641|358|4920|1183|29384|4438|0|213|28317|4366|641|403|2056|1072|375|364|1532|863|5697|2569|1136|1060|465|406|5668|1585|724|665|3474|1206|5434|1689|617|412|0|213|498|484|306|368|93990|7462|22643|4221|370|357|5772|2103|7110|3253|1771|1068|514|490|4502|2513|775|719|1829|1129|2922|1126|395|460|866|650|604|374|1057|669|17910|3366|1338|810|3683|1326|9850|2470|574|777|2465|1980|2972|833|2902|817|70|82|43743|5604|25646|4278|2516|968|72|89|739|645|10890|3694|1224|906|2013|1066|0|213|643|521|3800|1987|5076|1204|4575|1167|3825|1100|750|404|185|143|0|213|0|213|316|108|464911|14301|443801|14196|185896|12293|165|142|3124|1571|2599|871|1959|1045|99161|8569|155|144|57417|7024|9886|2520|433|589|772|546|7353|2266|572|550|2300|1386|106491|10191|513|507|1615|1150|38018|5207|36701|8302|10597|3358|10833|2878|2782|1553|1253|766|4179|2168|151414|9940|2095|708|731|536|89043|8568|2906|1181|30824|5474|11039|3886|1399|861|6203|1872|740|616|5273|2027|1161|981|21110|2706|20948|2681|162|170
310M700US16740|372184|12623|34272|4719|7045|1589|181|193|555|437|140|175|170|169|5930|1478|2966|1124|2805|1061|159|155|69|94|5551|1317|150|141|124|151|1118|628|3528|1039|581|446|50|82|0|213|3668|1531|853|449|1906|1356|363|292|0|213|546|436|0|213|18008|4182|984|942|999|463|1125|1055|914|857|45|78|432|313|212|228|0|213|407|479|1727|1042|109|129|1103|534|1145|1162|4844|2388|236|209|3039|1315|687|515|0|213|107302|5165|14972|2441|9451|2096|8125|1903|758|471|568|507|1246|630|4204|1349|71|126|60806|5007|957|1425|0|213|0|213|53320|4767|1059|735|246|257|1543|1202|1248|758|118|169|698|853|1617|1606|24606|4135|2114|1336|783|833|605|383|2588|1259|97|149|5526|1846|113|174|1314|573|11466|3337|0|213|6813|2782|180|243|341|348|0|213|1626|1981|556|649|704|720|0|213|1024|828|801|794|125|204|986|710|60|101|49|83|361|368|105|177|26125|5388|5618|2044|1368|1195|1556|966|1196|707|0|213|0|213|953|861|275|248|270|253|3109|1921|487|371|1143|1299|1327|1288|152|244|1287|805|70|119|601|539|616|534|0|213|0|213|2547|1108|2495|1114|52|87|9999|2841|113|207|1486|1292|0|213|2872|2039|3373|1905|235|304|727|757|573|618|620|851|3565|2225|2044|1212|1655|1110|1377|1076|278|256|0|213|0|213|0|213|389|485|202441|8915|196208|8296|23209|4576|673|796|366|426|4175|2499|59|71|6964|2341|0|213|5305|3002|3961|1836|0|213|0|213|747|790|282|447|677|605|123558|7379|9|18|1502|895|16325|4583|10614|3229|27760|5570|62378|5347|4041|2107|929|477|0|213|49441|5835|2111|1019|262|275|3366|1686|1728|1085|16650|4295|6238|2315|1330|850|5776|2253|41|76|11272|3649|667|494|6233|1699|6233|1699|0|213
310M700US16980|1825700|28683|357555|13864|22257|2940|454|412|6338|1411|491|332|852|590|13809|2323|7057|1491|6125|1647|627|338|313|284|27027|3731|1171|588|821|534|5855|2499|16759|2322|1468|642|953|666|0|213|29629|3389|11731|2228|12367|2044|414|358|0|213|5117|2507|0|213|276442|11818|5259|1932|3171|998|9903|2228|8584|2357|2582|972|5672|1794|2156|1224|1243|524|10135|2957|5233|2120|4818|1497|113699|8774|13531|2517|20050|3741|4892|1320|52831|7388|12683|2325|2200|1429|554399|14013|140902|9267|90618|8644|74942|8111|7181|2424|8495|2093|9475|2884|37598|4372|3211|1628|223651|11247|3481|2768|5442|2460|150|250|161527|9509|8039|2475|1440|871|2656|1354|29420|5441|1994|1387|2567|1259|6935|3357|127379|8160|4442|1832|1152|554|3051|1390|2620|1415|4044|2646|82853|6485|946|716|6754|1926|21517|4963|0|213|54029|7695|922|1171|2262|1632|51|87|11920|3633|3358|1487|11246|3012|2946|1446|2929|1020|3995|2132|4422|1714|5317|1923|2408|985|1684|1081|569|444|8438|2549|76651|8264|15284|3090|963|638|3247|1486|2821|1255|717|656|1040|513|1404|712|1201|1345|3891|2149|6293|2542|4252|1847|1009|1020|100|153|932|1153|12520|3334|2110|1017|4471|1625|4414|2838|385|399|1140|624|2994|1081|2994|1081|0|213|37142|6221|0|213|7062|2456|325|368|981|816|24507|4688|0|213|853|732|1129|978|2285|1666|2418|1668|3494|1198|2707|964|2125|788|582|417|164|268|0|213|0|213|623|415|833601|20591|813415|19868|23028|3173|345|427|281|238|8137|1998|307|451|3333|1404|49|83|3116|1489|6799|1816|0|213|163|241|301|285|112|186|85|104|664826|19140|3078|1356|1351|647|9157|2872|25758|4599|13345|3884|604442|17947|6083|2801|1435|766|177|173|125561|13166|5776|2394|890|850|9421|2705|2959|1619|29301|5507|29087|6847|1269|785|11355|2520|211|271|33672|6756|1620|1471|20186|3978|20186|3978|0|213
310M700US18140|226695|11631|19367|3000|3561|1208|0|211|45|6|0|211|97|111|3360|1199|2285|1136|993|432|82|101|59|100|3757|987|39|64|195|191|1002|541|2431|754|90|108|0|211|0|211|1483|620|159|187|707|421|314|353|243|334|214|211|89|146|10487|2533|914|533|581|451|296|240|77|127|26|11|408|371|347|273|134|166|136|231|0|211|435|364|413|327|563|336|2128|830|0|211|3003|1582|1026|880|79|132|86440|4762|24347|3725|16901|3029|13779|2497|410|329|2712|1805|3934|1758|3512|1215|0|211|45001|5770|0|211|394|307|10983|3566|23522|4339|1926|1017|545|467|5937|2489|1285|833|0|211|143|182|266|431|11169|2920|1561|1347|1393|1128|168|193|663|501|614|554|3473|1400|275|329|470|355|2552|1096|0|211|4634|1629|72|120|230|233|0|211|499|378|532|531|1131|1251|266|280|170|170|329|299|423|285|421|311|252|358|0|211|309|330|1289|940|53893|7245|21621|4860|536|483|2513|1300|5480|2172|10625|3185|616|670|744|733|78|98|1029|1013|2966|1430|835|730|1317|992|615|528|199|335|9044|3211|2878|1929|1365|844|3576|1828|1225|989|0|211|502|636|502|636|0|211|16405|3910|0|211|4687|1429|0|211|1722|1380|2183|1211|970|616|1648|1907|387|391|4808|2520|3355|1684|1020|672|988|671|844|663|144|113|0|211|16|27|16|27|0|211|65975|7433|62871|7252|15263|5035|0|211|0|211|423|681|189|300|2993|1648|0|211|9514|4893|717|560|166|207|274|357|938|1214|0|211|49|81|28921|5137|90|154|200|321|2653|1422|978|553|3743|2019|19897|4292|1241|993|0|211|119|169|18687|5482|331|296|682|666|3984|1934|633|552|1894|764|2345|2153|0|211|445|355|75|123|8194|4296|104|164|3104|1188|3104|1188|0|211
310M700US19100|1691268|32110|64431|5162|17044|2499|397|329|1046|562|147|168|1028|628|14159|2203|6931|1501|6580|1642|648|436|267|234|15266|3252|402|347|644|397|3144|1354|9404|2319|1505|1217|167|168|0|242|6665|1868|606|462|2660|912|1033|790|60|99|2366|1328|0|242|25383|3223|719|598|637|467|1417|1220|1682|994|1221|856|363|271|474|315|538|454|614|575|1441|1115|161|215|3218|1251|2278|1054|4710|1443|580|482|3613|1539|1717|925|73|91|576333|12376|92385|7727|54678|5761|40940|4814|2540|843|11198|2537|5355|1337|32308|4534|44|71|312034|14099|9007|4113|9381|2774|332|282|228366|13733|10121|2632|336|240|25192|4933|25856|5270|2787|1566|455|514|201|324|122373|7218|5884|1966|2896|1114|2747|985|4625|1353|2898|1190|29180|3879|748|670|6139|1868|67256|6480|0|242|47874|7045|339|331|56|92|1458|1596|12480|4767|1706|791|7153|2448|1777|1016|5477|2179|4233|2077|4353|2202|5725|2442|1648|817|94|158|1375|819|1667|1083|152071|16468|49970|9807|2597|1444|18990|7670|12623|3875|2413|1587|1145|846|1986|1390|4603|2234|5613|2812|19278|5494|6625|3125|5882|3749|5962|3291|809|932|13680|4187|1302|1517|5210|2460|1163|1030|5235|2764|770|496|7998|2646|7591|2496|407|441|52995|8909|0|242|5716|2450|1301|1155|1035|697|40148|7762|2024|1706|637|623|221|277|1913|1151|8150|4492|4214|1166|3221|1103|2832|1065|389|275|102|127|0|242|406|424|485|231|894219|19548|875843|19294|40179|6923|1340|986|326|296|22911|6124|905|834|5864|2318|137|161|1415|979|5075|1916|0|242|0|242|1333|678|0|242|873|759|722451|16795|1614|1271|3814|1429|63821|9041|19834|5445|46270|10231|577532|15891|7707|2997|1684|710|175|288|113213|13285|3815|1613|1848|1376|14225|4394|3500|2543|16802|3753|4122|2074|2089|872|8029|2645|1531|1756|57022|10083|230|270|18376|2832|18229|2801|147|181
310M700US19740|410672|15875|47494|5066|10962|2249|159|163|1281|1099|170|169|892|661|8386|1722|2789|822|4766|1284|831|531|74|133|10825|1987|629|327|255|269|1864|763|6131|1399|1157|670|789|518|0|224|2214|800|127|206|1371|639|92|150|0|224|624|414|0|224|23493|3982|1155|1833|1898|1231|892|567|1987|1325|209|212|1037|717|430|300|367|370|310|262|385|398|43|69|1889|758|1736|1187|5716|1760|88|148|4271|1528|1080|667|0|224|99212|5408|27907|3460|14935|3045|10973|2758|1439|720|2523|997|2694|946|9754|1976|524|478|37073|4378|3783|1816|177|163|1138|894|22125|3463|2060|1039|945|668|3855|1815|1218|950|338|362|897|759|537|557|25650|2726|970|595|1331|1024|1962|887|2304|1460|625|567|6633|1458|293|301|1326|447|10206|2287|0|224|8373|2407|516|542|386|633|290|334|1210|988|1597|1007|553|530|455|452|678|409|373|369|912|664|817|804|60|92|0|224|526|531|209|292|41165|6679|19572|5060|2163|1890|8292|2419|1635|1014|2538|1917|27|46|500|468|1166|1041|3251|2099|3632|1713|1183|1117|696|660|1705|1250|48|79|5395|3261|147|244|936|543|1154|753|2770|3202|388|491|2293|1148|2293|1148|0|224|10273|4085|0|224|4114|1844|800|1283|0|224|1089|760|1536|1583|0|224|214|360|2520|2228|0|224|5646|2687|3878|2076|3022|2012|856|538|513|719|41|70|1027|763|187|195|217155|13026|208763|12862|12125|3999|139|242|0|224|5723|3240|0|224|1206|1020|73|121|1187|1220|3420|2101|0|224|0|224|29|46|0|224|348|339|148600|10575|224|234|116|136|7253|3278|2558|1437|5068|2366|130880|10453|2149|2242|352|347|0|224|48038|8635|1303|800|935|848|5913|1666|1364|806|7443|2464|1469|946|148|258|9903|3947|106|174|19368|7263|86|153|8392|1333|8282|1299|110|146
310M700US19820|508039|15104|83468|6732|7620|1638|77|127|314|190|45|73|43|71|6911|1601|3881|1312|2212|649|818|336|230|291|11858|2175|569|368|478|262|1466|658|8465|1956|428|290|452|376|0|187|10096|1611|1987|737|6753|1390|96|125|0|187|761|506|499|339|53751|6074|12303|3137|56|93|3137|1598|1602|1387|354|219|634|499|401|287|42|68|433|276|413|408|4004|2420|7477|2088|8211|2026|2692|853|625|277|6059|2048|5308|1542|143|180|299902|11083|37800|3970|19416|2935|17049|2784|515|501|1852|610|5671|1633|12713|2451|0|187|107863|6415|432|420|22470|4607|0|187|71921|5709|2001|970|453|603|1565|992|8058|3240|781|638|182|200|0|187|26536|3783|307|465|363|316|167|208|1092|759|778|536|13701|2440|257|329|2527|922|7344|2407|0|187|126550|9180|196|258|764|645|0|187|51180|5948|968|629|4565|1601|641|341|26342|3575|1451|703|5792|1725|1230|800|1091|747|32053|5578|277|341|1153|542|20744|3554|2636|1418|632|1033|1018|674|273|282|0|187|386|495|115|143|93|112|119|198|1834|1513|846|1107|118|144|678|760|192|318|4258|1577|172|281|2842|1309|326|241|247|250|671|905|1835|1038|1835|1038|0|187|9383|2338|0|187|563|376|0|187|480|367|6855|1953|252|258|439|428|0|187|794|575|798|972|1453|588|1200|509|885|443|315|254|0|187|0|187|253|315|0|187|102472|7487|82701|6605|10707|3352|0|187|42|71|1356|1195|0|187|3400|1825|0|187|1239|859|3968|2002|258|309|0|187|444|487|0|187|0|187|50632|4945|0|187|199|178|1902|881|1262|596|2166|890|43001|4771|1429|1416|673|467|0|187|21362|4952|951|460|33|56|5868|1718|393|316|4973|2130|1224|832|0|187|294|234|29|47|7398|4666|199|260|19771|2842|19771|2842|0|187
310M700US26420|1979300|30946|76958|5836|24196|2928|271|254|1049|720|443|402|1111|1068|20542|2490|10691|2175|7330|1727|2521|1224|780|501|15343|2688|573|393|1263|569|2858|966|8059|1906|1764|825|729|570|97|158|10272|2681|889|484|2675|1195|870|794|522|724|5838|2163|0|242|27147|4057|229|230|208|243|1294|1129|433|421|725|523|1153|737|1189|662|121|152|460|455|1639|1263|758|982|2498|1044|3209|1649|8164|2125|748|605|2710|1123|1609|836|0|242|493446|13099|96353|8494|77322|7999|56361|6876|5870|1203|15091|2688|4642|1564|14292|2850|97|173|178126|12767|9069|3794|5433|2510|180|309|103989|9748|12227|2732|1350|1020|3697|1800|36293|5663|3399|1765|586|616|1903|1093|179678|10676|2770|1828|4504|2006|5018|1622|2890|1668|2444|974|49323|7578|4297|2234|4841|1561|103521|9920|70|115|37647|7038|562|791|2126|1636|915|932|9352|5943|1832|954|2745|1403|3258|2127|3434|1166|3024|1234|1222|760|3995|1617|3946|1690|804|1182|432|363|1642|1571|138113|12956|16749|4646|991|741|3722|1480|5881|3186|289|357|2075|1680|620|599|1256|777|1915|1090|11878|3709|6145|2623|1848|1093|2884|1781|1001|1347|12121|3537|1890|1283|6111|2300|983|1086|2564|2122|573|504|5089|1891|4945|1870|144|175|89662|10450|191|325|3141|1476|1013|811|1009|593|80528|10245|731|828|707|757|1067|1269|1275|992|2614|1966|3419|1230|2734|1134|2514|1068|220|205|67|92|0|242|618|703|0|242|1267364|24326|1247678|23729|118048|11037|751|598|439|498|81514|8718|990|703|11177|4405|82|136|1324|743|11406|3672|1252|847|381|443|6422|2175|790|745|1520|1051|959594|23903|1413|889|2046|1508|140231|13382|60592|7096|126477|12291|603414|23277|19916|5312|2758|1242|2747|3760|170036|15065|8445|2917|3483|1880|16212|4999|4754|1800|45780|7947|6084|2501|1361|721|6105|2088|731|517|74962|11678|2119|1785|19686|5892|19632|5894|54|87
310M700US29820|537188|14377|35218|3436|7238|1665|49|80|892|649|50|82|265|295|5942|1351|3041|1044|2782|839|119|142|40|66|8488|1784|296|243|239|299|2028|893|5353|1340|308|324|264|226|0|236|4680|1621|1564|1220|2374|1038|156|171|0|236|586|352|0|236|14812|2864|1172|1167|222|262|983|650|1270|647|222|211|200|197|1469|854|47|77|161|198|117|196|262|344|2841|1274|1107|596|1513|808|555|537|1316|949|1355|761|0|236|181546|7157|48194|6665|31339|5199|24897|4902|3074|1075|3368|832|3080|954|13775|3633|0|236|16187|3979|684|630|133|119|0|236|9038|2994|3630|1022|0|236|1808|2175|140|136|248|215|157|160|349|560|110458|7134|1330|1366|1377|774|1521|977|1201|715|95|119|88203|6316|361|221|5261|2041|11109|3522|0|236|6425|1463|1116|635|304|274|242|280|516|438|1876|994|239|229|0|236|1037|631|0|236|256|242|681|529|76|129|0|236|82|138|282|390|20575|4254|12769|2942|588|512|8122|2556|1262|912|528|608|839|972|306|510|272|279|852|570|1634|1234|139|229|757|678|738|1029|0|236|623|409|252|306|151|146|172|203|0|236|48|80|706|445|706|445|0|236|3633|2337|259|426|2217|1556|298|485|0|236|106|140|113|134|0|236|0|236|640|965|1210|874|4163|1398|1269|665|997|644|272|225|420|469|49|84|0|236|2425|1289|295686|12049|287167|11872|36808|6254|0|236|315|381|32695|6009|0|236|1693|907|0|236|178|249|883|686|159|254|0|236|775|529|42|70|68|112|222685|10388|155|147|116|99|22226|4186|13424|4591|5830|2025|174681|10556|5563|2917|638|632|52|86|27674|5766|1939|874|512|377|9509|4385|898|909|5576|2249|1591|1055|200|234|4492|1466|77|128|2776|1590|104|126|8519|2010|8426|2009|93|154
310M700US31080|4318347|39806|233922|9078|56255|4612|1215|559|4231|1141|1770|675|2834|863|45053|4409|23590|3241|19071|2979|2392|760|1152|666|48036|4000|3541|1161|2142|822|13540|2117|21775|2593|4300|933|2432|994|306|236|21646|2972|3736|1246|10140|1901|1053|480|46|74|6272|1576|445|528|107040|7313|1129|774|3064|1420|1167|698|3539|986|2877|1095|2990|1085|4154|1479|755|434|1353|789|1799|777|1112|885|8822|2209|9751|1922|33808|4321|1781|815|22795|4292|6144|1676|945|831|1734513|24544|613529|17311|364632|14046|246630|12601|34789|4407|83213|6022|45930|4587|201526|10888|1441|984|299784|13403|9558|3662|11124|2784|0|225|91934|8548|149850|8684|7852|4480|5589|2464|15229|4013|5190|1838|2423|1421|1035|863|632646|15941|8307|2594|24819|3531|14429|2174|3267|1086|5947|1601|295893|13253|4382|1620|25367|3658|250235|10222|0|225|183197|11484|87443|8404|3015|1132|3720|1950|9348|2659|18799|3096|3985|1518|2039|872|19036|3376|2598|1343|15497|3963|13280|3937|1678|787|635|915|2124|1033|5357|2266|85472|8130|20149|3917|1852|1229|10288|2773|2911|1603|1317|1215|1273|654|1167|685|209|232|1132|615|3544|2041|1864|1514|0|225|1350|1161|330|384|31221|4958|770|600|24299|4218|3877|1919|526|363|1749|1033|10666|2045|10549|2038|117|129|19240|4058|0|225|2381|905|256|317|243|369|14806|3798|106|91|1267|876|0|225|181|175|652|541|20765|3395|12861|2451|10862|2404|1999|801|2872|1209|245|302|0|225|4787|1886|2243675|27198|2203091|27085|32096|4282|42|70|103|121|15859|2371|126|150|3286|1409|108|180|3651|2185|6408|1788|50|84|526|541|1271|683|0|225|666|390|2027008|27251|12155|3478|5504|1573|280374|14493|215097|14654|39149|5450|1431083|25693|39716|6563|2838|975|1092|740|143987|10442|13339|2366|7462|2075|19582|3540|8629|2132|36651|5999|14499|2950|1102|697|32413|4892|681|417|8599|2217|1030|815|40584|3662|40473|3680|111|192
310M700US33100|2812880|33030|158757|9020|19908|2916|272|247|1193|571|322|355|1355|683|14005|2163|7102|1618|6777|1804|126|123|2761|1619|28130|4320|918|560|1660|811|10222|2958|10459|1985|2657|1075|2214|1488|0|247|34410|5095|2573|996|12914|2678|4051|1365|287|358|14762|2886|110|184|75986|6610|1343|830|2133|832|314|268|1974|1245|1077|575|3291|1253|3851|1634|885|657|2895|2446|1047|662|880|796|7972|2388|6874|1982|19930|3954|1280|829|15019|3481|5221|1606|323|342|141378|8968|26377|4204|21324|4243|18184|3821|2135|1103|1005|526|2003|897|3050|982|0|247|48401|5893|0|247|6697|2416|0|247|27532|4808|4620|1753|984|579|379|370|5413|1946|1113|739|1241|980|422|392|30677|4827|657|505|401|321|466|343|120|225|796|480|12834|3142|393|336|1837|811|13173|3505|0|247|32771|5214|817|790|245|232|351|427|1305|1403|12054|2224|1382|1079|1050|709|3284|1296|1113|564|1333|697|9266|3342|322|341|0|247|249|211|3152|3046|27457|5204|4216|1425|309|340|906|679|512|393|0|247|1006|768|312|359|315|357|856|663|856|744|90|149|44|76|136|237|586|680|6659|1755|423|380|2016|757|3311|1214|128|213|781|1046|6014|3139|6014|3139|0|247|7884|2640|0|247|1033|1405|272|457|8|13|5855|2389|106|180|0|247|0|247|610|718|1828|2318|2960|1247|2241|976|1553|878|688|416|164|263|0|247|0|247|555|451|2482328|30864|2445871|31050|1364636|25162|12234|2733|2463|954|851825|19069|3971|2094|67319|6654|986|730|244105|17141|144261|12590|2095|1410|191|259|27014|5043|1391|961|6781|2139|360016|18158|1083|712|10848|3336|32976|5598|72546|11372|68514|7915|64315|7929|99556|10017|9683|1995|495|474|721219|20486|45585|4352|6353|2334|77868|8689|16664|3297|231175|12998|33224|4488|11231|2718|64299|6616|13131|3810|219020|14784|2669|1163|36457|4089|36293|4116|164|207
310M700US33460|428776|11112|38913|4318|7077|1523|353|253|641|367|319|244|989|520|4686|1247|2623|925|1780|610|283|290|89|134|7425|1486|259|214|334|383|1330|490|4017|1054|477|298|940|810|68|112|2809|862|441|336|1108|559|512|584|0|213|748|392|0|213|21602|3834|306|515|3106|1420|1368|844|173|175|384|410|972|593|124|161|173|176|0|213|1398|778|52|94|912|349|628|429|4317|1188|0|213|6201|2006|1488|568|0|213|148687|6010|31475|3012|18882|2246|15920|2275|821|448|2141|928|1553|744|10983|1915|57|94|38231|3959|868|859|2571|1418|245|312|27050|3667|1919|953|79|102|2391|1138|1422|892|351|333|538|871|797|958|69374|4608|5885|2266|4329|1396|498|497|20872|3038|254|192|11475|2949|169|172|13820|2335|11979|2144|93|120|8485|2270|0|213|390|491|298|458|1352|717|794|460|429|366|273|349|815|700|1723|1345|325|511|1665|1090|174|230|155|178|92|153|1122|1054|126216|8255|78251|7350|1293|946|26428|4903|14341|3201|32329|5063|1375|969|1245|919|337|264|903|540|5692|2357|4331|2216|315|543|1046|933|0|213|4266|2040|261|282|2481|1643|553|438|173|227|798|917|1507|877|1483|874|24|46|34309|5807|295|492|3006|1400|198|227|11873|3833|10985|2912|0|213|2359|1408|674|605|4919|2502|2191|1515|1474|774|807|372|780|372|27|45|0|213|404|579|149|201|114|201|113486|6080|107353|5942|6043|1836|296|315|0|213|946|772|0|213|1075|820|0|213|1323|1049|1168|747|0|213|125|162|396|333|320|339|394|520|64589|6206|105|128|293|203|5374|2230|3323|1197|5942|2334|47497|5367|1726|1163|329|389|0|213|36721|5275|1292|784|160|277|2750|992|955|804|4689|1226|12702|3986|3095|1079|1872|1113|372|345|8666|3370|168|168|6133|1393|6133|1393|0|213
310M700US35620|6143359|43867|804347|21234|102065|6879|2334|1004|26638|3340|1909|788|4117|1307|64836|5935|37811|4366|23489|3422|3536|1354|2231|1090|89347|6954|5968|1302|3989|1134|29207|3686|40512|4559|5090|1631|4194|1141|387|322|167056|9763|31201|4288|81787|5703|32953|4180|381|503|20613|3982|502|273|443340|17079|36865|6261|17074|3198|4254|1630|8005|2122|7281|1816|10465|2426|8396|1658|2003|713|3951|1558|5330|1456|8039|3151|97845|8471|17761|4564|75282|6892|5456|1865|91968|7730|43365|4781|2539|1311|1845916|18808|755989|15849|584993|15522|498286|14835|44682|4079|42025|4635|32540|4356|137301|7917|1155|594|708147|16160|5260|1508|140630|11093|1502|1047|384821|12763|18293|3134|5839|1744|20999|4128|78748|7437|7742|2139|37659|6375|6654|2237|215261|10816|9000|2324|2257|1353|8175|2425|704|543|10483|2051|153142|9828|2680|840|6469|1542|22293|3446|58|96|160629|10100|2540|1254|6939|1866|16740|3255|3108|1089|37381|4595|6306|1767|1403|676|10225|2602|4290|2062|11854|2851|35594|4483|2627|986|16718|4726|4904|1524|5890|2029|308645|16507|26267|4200|937|670|6714|2673|8928|2952|102|105|2128|1084|1808|1265|2183|1012|3467|1415|8822|3061|4166|2297|500|489|565|528|3591|1513|79194|8290|6295|2124|50173|7262|15504|3150|2504|1655|4718|1749|12201|2629|11096|2441|1105|924|166977|13402|629|462|56668|7961|6980|3450|7812|2743|52588|7062|14351|4612|3231|1331|3020|1467|21698|5049|15184|4036|17550|2726|16123|2520|13292|2157|2831|1106|65|112|0|213|72|122|1290|755|3166901|35789|3113989|35537|1355221|34666|2276|819|24221|3897|54533|5704|9922|2939|652639|24061|20713|4349|177881|15263|260834|15647|14857|4518|12107|2679|94340|7297|8705|2519|22193|3969|742025|25846|6571|1766|22941|4189|167257|11492|130765|12496|91752|11036|288686|14064|15236|3306|17479|3102|1338|628|1016743|25553|28163|4959|8360|1716|81211|8390|21436|4827|203817|13107|320305|17537|161420|9910|119595|10735|13694|3235|47027|6295|11715|2863|52912|4849|52493|4825|419|430
310M700US36740|675787|25747|38261|5227|13610|3190|0|247|1031|574|654|776|77|136|11848|3030|6889|2594|4193|1273|766|425|0|247|7126|2072|281|375|0|247|1758|729|3948|1275|899|1027|191|330|49|85|4641|1237|388|289|1321|610|1550|851|67|114|1382|687|0|247|12884|3516|292|317|173|211|56|94|594|721|96|156|366|288|436|273|0|247|145|171|518|625|123|203|905|596|1343|701|2110|996|496|517|4552|2792|679|488|0|247|94089|6378|22133|3663|15537|3324|12425|3220|1268|586|1844|1198|1224|784|5372|1712|0|247|26546|3773|71|118|1290|986|0|247|17297|2883|1899|1115|697|566|205|352|3848|1570|286|376|399|563|554|682|35611|5800|484|353|834|603|199|234|1214|1065|675|551|18440|4235|128|151|1691|1228|11946|3888|0|247|9610|3313|0|247|92|149|277|447|2574|3021|678|862|1022|793|256|251|1845|850|365|273|396|358|1565|988|490|340|50|81|0|247|189|291|20428|5260|4355|2295|224|282|1531|1431|1337|1234|0|247|261|236|137|228|678|1030|187|224|641|495|151|262|0|247|301|378|189|219|8951|2295|525|481|4408|2101|2910|1216|529|740|579|537|1403|1388|682|522|721|1088|5013|2520|571|785|132|221|364|573|1691|1445|1700|1570|0|247|480|743|75|126|0|247|65|107|3179|1888|3078|1890|2912|1888|166|276|0|247|0|247|0|247|101|185|519830|24507|510138|24067|187334|13776|2701|1352|607|473|49904|8163|660|691|37700|5443|124|156|51536|9055|28805|4903|1102|664|1062|819|7825|2923|181|81|5127|2826|61281|8721|691|722|2909|1328|3239|1595|7004|3154|9495|3564|30007|6109|2419|1651|5517|3103|0|247|261523|19893|4269|2224|1036|1171|53204|9824|3184|1506|54298|8166|14147|3610|11433|3040|9936|2539|667|672|109121|14216|228|370|9692|2269|9479|2192|213|367
310M700US37980|784181|25357|125526|9866|20565|2873|303|299|2355|867|313|335|662|606|16650|2925|7722|2011|7792|1868|1136|510|282|303|16954|2304|951|542|987|763|2730|975|10376|1650|1180|570|730|551|0|213|21117|2639|5254|1575|10622|1929|3009|1362|0|213|2232|1037|0|213|66435|8162|5891|2465|4196|1952|369|362|390|436|188|175|1637|607|1298|700|352|311|579|572|1280|764|93|166|9905|2263|2529|1106|12204|3271|1344|820|17016|3244|7164|2633|455|549|308831|7136|92895|7508|66160|6392|57206|5910|3125|1137|5829|1506|3488|939|23148|3388|99|135|124483|8908|317|338|11183|2753|149|257|90078|8150|3100|1400|617|408|971|589|10046|2588|1085|727|4572|2434|2365|1483|73879|5313|698|591|5872|1949|2389|1079|1936|1136|1706|784|23186|3747|314|249|2639|1601|35139|5510|0|213|16926|2386|1922|1271|695|460|301|356|1845|881|2500|1195|680|480|520|341|1509|638|435|338|1153|685|3981|1248|174|233|665|587|546|346|648|512|90614|11614|11253|3418|267|377|3471|2175|4167|1585|153|255|490|534|626|714|406|486|1673|943|1857|1086|1031|840|597|552|129|178|100|126|18743|6872|2900|1412|5036|1956|5134|2460|4893|5238|780|649|2772|836|2600|885|172|178|49345|8025|0|213|7629|2712|751|776|14246|3439|17424|5007|1031|959|2373|938|339|512|5552|2962|6644|3138|1376|501|1269|473|1225|451|44|76|107|176|0|213|0|213|0|213|257834|16937|250363|16909|98061|11603|431|342|1269|752|4563|1605|506|863|32361|5953|503|484|22160|7963|29541|5959|630|550|492|498|5076|2104|0|213|529|605|90402|10260|210|250|1391|659|7975|2749|16912|6309|10682|4569|48138|6589|3692|1956|1235|703|167|259|61900|9869|2161|868|111|123|14654|4882|1702|933|14837|4134|8764|3062|3140|1240|4690|1660|728|692|10246|6212|867|574|7471|1588|7252|1583|219|269
310M700US38060|748922|18551|57870|5618|14966|2285|483|516|1014|586|491|392|680|417|11686|1963|5910|1378|4942|1268|834|361|612|426|11414|2017|200|170|469|481|1651|837|7710|1473|1112|426|272|234|0|237|4367|1304|584|418|2856|1010|454|581|0|237|429|372|44|72|27123|4157|1093|1174|274|375|2419|948|303|213|910|690|302|261|1935|871|95|165|138|156|648|600|941|856|4560|1561|6958|2424|2602|1019|764|575|2409|1558|772|677|0|237|190277|8618|45730|5121|27454|3822|17157|3205|3810|1902|6487|1836|3979|1350|14297|3381|0|237|62182|6294|1309|1171|1292|840|0|237|48466|6697|7078|2220|0|237|614|656|977|609|307|372|1492|1706|647|698|59697|6579|1446|942|2488|1171|1757|885|209|234|812|514|32694|5880|372|385|2667|934|17252|3930|0|237|22132|5132|85|141|467|523|133|145|10834|4557|1654|1006|855|973|653|463|2185|939|1774|1300|1271|725|1554|707|103|148|0|237|564|548|536|543|42814|6241|17747|4823|1156|1087|6590|3724|3060|1556|778|514|957|1069|1029|805|328|330|3849|2091|4665|2838|2131|2267|932|768|1347|1231|255|352|3173|1304|126|154|2234|1091|68|106|369|332|376|329|3809|1876|3763|1858|46|72|9247|2845|0|237|1199|1018|0|237|1480|1054|5543|2542|425|375|296|346|42|70|262|331|4173|3380|3952|1565|2476|1395|1894|1299|582|325|88|145|0|237|554|462|834|410|454009|16914|422605|15741|28791|5329|258|343|156|232|18532|4445|0|237|4541|2537|160|279|1768|1804|2136|1189|0|237|235|285|543|387|0|237|462|650|371730|14117|181|228|1785|1366|8250|2437|11491|3019|3639|2028|343079|14026|2577|1452|728|619|0|237|22084|3996|2015|952|0|237|5612|2056|606|524|5020|1720|1006|601|259|244|3602|1583|460|433|2896|1382|608|570|31404|4428|31304|4429|100|125
310M700US38900|333542|11508|56881|5710|10137|1800|750|600|953|456|18|30|1126|597|7146|1536|3704|1156|3039|896|403|280|144|165|9806|1801|423|368|777|524|1037|508|6195|1410|999|578|375|248|0|213|2944|1258|539|342|748|763|187|181|0|213|1412|889|58|96|33898|4887|371|511|178|249|1448|840|92|155|262|282|316|234|636|337|733|907|29|51|696|393|168|285|1107|665|4207|1390|5588|1536|0|213|17007|4819|1060|575|96|164|132407|5156|41818|3890|22402|3011|15633|2763|2459|1016|4310|1134|5938|1814|13397|2290|81|138|33776|4625|2381|2159|3248|1695|0|213|18762|3613|2393|769|851|540|1887|1962|1685|1215|765|797|1022|741|782|607|48724|4649|2687|1501|1674|817|1490|684|3020|1167|1096|715|13036|2562|583|449|5689|2110|19449|4073|0|213|7878|2312|144|174|411|400|57|94|2370|1280|827|397|1066|1111|133|167|396|278|601|606|591|632|1174|978|62|106|46|79|0|213|211|171|18805|3898|8788|2982|149|196|3203|1476|2992|1677|625|593|264|271|613|492|525|560|417|420|789|626|201|249|0|213|588|575|0|213|2607|1772|278|329|392|535|415|290|0|213|1522|1638|2224|1150|2224|1150|0|213|3867|1473|0|213|80|131|294|470|49|79|1712|978|182|246|106|184|0|213|1444|1072|530|372|7211|2157|1568|609|1049|492|519|333|880|593|96|185|3588|2162|1079|728|118238|6146|108838|6069|5954|2744|89|131|0|213|3884|2678|0|213|272|293|0|213|459|417|957|717|0|213|120|212|96|144|0|213|77|135|90215|5860|421|528|714|565|1491|653|10154|3829|832|559|75624|6173|626|501|353|353|0|213|12669|3468|498|291|101|124|3173|1816|778|696|2364|1250|419|539|0|213|1380|685|51|74|3538|2279|367|418|9400|1824|9400|1824|0|213
310M700US40140|1056918|18953|34456|4234|10377|2076|182|157|1170|989|64|68|539|453|8293|1810|3202|877|3886|1345|1205|650|129|151|7026|1356|347|360|228|293|818|387|4236|1060|1321|619|45|76|31|51|3914|1318|681|371|1752|1026|1076|483|82|136|390|256|15|26|13021|2953|57|94|503|788|71|119|378|490|308|504|925|816|825|529|0|225|363|366|103|136|0|225|2202|1136|3653|1577|2146|883|0|225|1291|1159|196|168|118|137|257595|8927|85516|7601|64838|7283|46723|6309|5199|2333|12916|2887|3235|856|17045|3143|398|423|34776|4999|1338|731|1998|1685|0|225|20364|3803|4777|1862|213|231|732|621|4327|1622|824|591|144|232|59|73|116984|6440|1102|886|4104|1655|5460|2248|2485|1118|954|578|73314|6459|638|570|5894|1522|23033|4198|0|225|19669|3223|815|712|76|101|0|225|2991|1317|583|215|3811|1626|626|485|1896|917|1684|884|5546|2023|792|642|299|207|369|536|181|177|650|451|29281|5927|4357|2038|135|233|367|425|2016|1567|872|1145|202|199|140|155|436|491|189|265|421|317|146|158|210|262|0|225|65|107|11582|3442|99|161|10465|3401|725|809|276|211|17|28|959|376|959|376|0|225|11123|3135|0|225|2708|1405|82|104|0|225|8245|2908|0|225|0|225|0|225|88|111|839|809|4518|1709|2004|1133|1795|1040|209|160|1403|959|33|5|0|225|1078|731|731068|16930|717935|16914|8517|2047|257|336|137|190|2850|912|0|225|1739|1018|151|256|138|150|1910|794|0|225|0|225|761|615|0|225|574|726|683523|16799|997|835|2317|1034|39996|5013|24739|4594|9306|2859|593298|16207|11328|3093|1491|997|51|84|25895|3280|2791|1206|130|160|2678|1126|1041|635|6542|1734|2882|1161|146|243|5894|1906|549|446|3015|1626|227|264|13133|2310|13133|2310|0|225
310M700US40900|508488|12380|80401|8595|6828|1596|200|206|411|304|98|118|154|156|5851|1453|2314|803|3349|1173|188|159|114|136|6190|1293|128|128|115|160|1095|583|3950|1124|697|428|152|135|53|90|4510|1287|535|323|1768|828|1374|761|904|597|798|557|35|59|62568|8494|0|225|2620|1008|309|266|468|419|716|522|531|398|283|251|1007|919|289|345|3789|1230|0|225|1445|696|2408|1110|16082|4392|154|198|30670|7095|1797|900|305|273|255841|8007|49366|4363|38567|4262|31224|4222|3296|722|4047|1327|3849|1090|6761|1498|189|206|95040|8379|25895|5530|451|447|0|225|44824|6539|7160|1770|1214|875|2177|1162|9459|3140|592|423|2359|995|909|577|96461|6121|1110|599|1703|1078|1768|818|9045|1889|252|252|50005|4486|271|239|5930|1627|26377|4340|0|225|13465|4263|3194|3162|330|332|131|125|2483|1349|331|425|1590|883|736|603|1054|868|419|476|1541|1756|1113|955|423|519|56|100|64|115|1509|1059|16925|3940|5902|2680|189|238|3873|2109|681|450|38|62|81|104|0|225|625|967|415|311|354|392|24|40|0|225|330|388|0|225|1685|930|340|398|1096|732|126|160|45|79|78|97|1135|905|1077|913|58|100|6480|2872|0|225|0|225|94|159|2262|2403|3579|1716|0|225|430|587|0|225|115|198|1369|1179|13821|2169|767|403|551|327|216|232|12227|2184|147|8|0|225|680|403|141500|7328|133646|7303|1841|1215|0|225|148|190|275|277|0|225|64|110|0|225|68|86|857|1064|0|225|24|41|289|463|0|225|116|228|120603|6993|0|225|432|353|7760|2686|5605|2476|2042|1560|101921|6487|2578|1177|265|228|0|225|11202|2843|291|225|411|303|2052|993|1332|840|3532|1662|592|732|0|225|2138|1221|173|180|541|375|140|169|7854|1813|7854|1813|0|225
310M700US41740|782179|16728|55112|4976|14637|2036|409|261|1910|897|63|103|778|421|11300|1806|5378|1096|5032|1317|890|439|177|129|11138|1851|339|255|454|350|3305|1019|4924|1043|1305|662|632|458|179|291|6255|1489|464|278|3162|1124|687|393|0|225|1839|799|103|122|22575|3700|122|205|1026|660|271|293|578|420|885|945|517|352|708|401|78|131|705|667|271|254|79|131|2627|1253|1936|974|6908|2263|302|267|4478|1522|1084|545|507|669|313763|10210|66874|5947|42317|5053|33304|4432|3589|1244|5424|1299|10971|2198|13521|2583|65|109|72348|8480|12611|5021|542|620|0|225|36718|6267|14029|2929|1803|1082|1034|864|2346|1479|180|191|2579|2438|506|395|135188|7762|1638|1064|2871|1253|1243|707|3189|1566|854|555|92729|7903|281|280|3558|1250|28825|3605|0|225|38943|5846|186|210|218|300|1069|1204|23561|4935|2004|727|1799|1179|1063|794|1308|668|906|795|4020|2744|2098|792|372|334|167|273|172|220|410|321|19383|3768|6321|2110|0|225|1947|1066|1077|854|1173|768|760|807|178|211|176|171|1010|884|1488|941|0|225|242|206|761|904|485|562|3733|1179|98|159|1480|814|1359|920|660|530|136|182|3898|1207|3863|1195|35|62|3631|2277|0|225|434|346|357|430|0|225|2066|1894|0|225|70|108|55|92|649|862|312|331|5914|1934|2331|968|1686|762|645|370|660|614|94|161|0|225|2829|1415|388007|12118|376095|11436|11693|3154|0|225|82|98|2327|1402|0|225|602|403|0|225|4109|2020|3900|1832|0|225|0|225|244|217|193|256|236|249|339885|11046|164|145|1470|929|5785|3496|9578|3466|2228|1095|318364|10398|1663|832|507|401|126|214|24517|3782|2131|673|1079|642|7616|1948|810|518|6107|1993|1658|809|416|383|3074|1105|102|169|1524|795|0|225|11912|2095|11813|2077|99|118
310M700US41860|1506259|18886|123375|7180|33811|3008|672|422|5838|1508|1060|607|2121|788|23816|2364|14280|2100|8477|1419|1059|587|304|294|28325|2872|1138|579|1809|855|9631|1964|11540|1585|2586|792|1517|637|104|175|14710|2012|1823|841|5940|1342|2251|704|577|365|3722|1019|974|734|46375|4676|0|225|1785|665|1519|703|2471|1618|633|469|2243|882|548|322|955|600|335|318|1180|764|78|131|3651|1033|3261|1131|13716|2645|476|427|9895|2378|3629|1174|154|186|861471|13270|344716|12791|297377|11787|222908|10739|42104|3733|32365|2922|15200|2419|29664|3411|2475|1480|229104|9206|14246|3329|1546|1115|161|193|168175|8770|20882|2932|1350|1477|10854|3137|8622|2316|1237|873|1264|598|767|667|263427|11054|12093|4038|4876|1746|7368|1750|4051|1710|4321|1248|165276|9548|2863|962|10047|2779|52532|5925|0|225|21518|3749|531|457|1013|944|408|446|1770|907|3643|988|1100|743|342|303|1289|626|725|456|345|348|4529|1315|536|377|4809|2435|478|543|2706|1173|41248|4669|17476|3253|3348|1923|6504|2102|2553|1452|0|225|656|672|1609|924|447|389|2359|999|390|308|234|275|0|225|48|77|108|135|11062|2670|2782|1468|5312|2091|1249|611|1104|627|615|466|2475|852|2475|852|0|225|9244|2748|132|209|531|588|198|240|0|225|6523|2340|772|521|180|295|546|623|362|513|601|764|20639|3141|8084|1879|5321|1336|2763|1319|10234|2389|38|8|95|156|2188|1062|459526|12113|437153|11832|6633|1551|254|297|357|336|1393|802|64|106|873|626|0|225|527|738|2195|882|51|87|0|225|445|317|395|341|79|131|369900|11460|1001|731|1912|992|56138|6277|46790|6790|10105|2948|235600|10920|17531|3944|823|593|0|225|60620|6911|6057|1451|840|484|12634|2450|1542|705|12740|3560|1926|797|132|219|16558|3868|667|470|5842|2120|1682|1758|22373|2964|22260|2953|113|83
310M700US41940|823947|14457|60226|4066|12426|2127|760|602|681|334|309|213|627|450|9560|1766|5424|1525|3517|895|619|365|489|454|12190|2041|710|508|990|677|3305|1155|5036|1378|1318|602|831|469|0|225|7875|1601|898|542|2353|836|3326|1081|917|508|1156|666|142|166|27110|3409|83|140|1255|781|1962|1227|625|555|1249|800|299|226|200|199|277|210|135|176|111|133|111|185|900|601|1263|629|8304|1582|329|350|8358|2484|1649|758|625|601|563657|10327|191192|8860|152647|8609|107379|6952|10057|1885|35211|3532|12712|2679|25688|4103|145|179|185333|10319|1646|1333|3090|1621|0|225|154118|9052|18258|2898|461|347|2253|1548|4367|1590|705|434|435|316|0|225|170863|10137|1585|922|1787|595|2487|913|1099|601|2174|701|50037|5770|1782|678|3122|1109|106742|8674|48|80|15570|3178|161|194|800|507|203|203|488|400|6911|2296|690|464|678|591|434|266|498|474|115|113|3252|1256|831|1029|172|178|337|319|699|504|13571|2798|7886|2392|1187|703|4576|1966|953|657|252|395|421|512|213|263|45|74|239|300|294|249|149|181|92|163|0|225|53|86|2063|838|53|90|997|650|612|499|48|78|353|236|1857|1030|1857|1030|0|225|733|528|0|225|214|244|0|225|161|263|127|159|0|225|0|225|62|106|169|317|738|680|3447|1255|2444|1206|2347|1200|97|116|515|400|0|225|0|225|488|444|183046|9606|173290|9525|2332|1131|0|225|0|225|788|631|0|225|615|572|0|225|82|136|310|398|0|225|0|225|116|139|329|377|92|135|146421|8432|77|133|254|198|9181|2784|6532|3202|1544|1257|125249|7204|3301|1891|283|180|0|225|24537|4771|1182|517|688|478|2587|1028|1656|813|11641|4560|1073|832|265|280|4232|2473|182|303|866|458|165|163|9756|1526|9756|1526|0|225
310M700US42660|917149|19882|113834|8460|17690|2425|966|531|1377|769|858|494|1039|629|12546|2134|6022|1459|5838|1527|686|491|904|570|17482|2250|840|477|369|303|3347|1103|9732|1829|1642|551|1528|977|24|41|5256|1411|606|308|2241|883|772|556|0|218|1637|725|0|218|73406|7993|478|779|3345|1353|2894|1617|1673|1060|221|295|1012|459|732|382|612|572|282|252|5610|1983|0|218|2964|1403|6118|1507|12689|2780|324|287|31924|5937|2528|854|0|218|518772|11186|180187|9060|122782|8212|98314|6994|8983|2056|15485|2839|12859|2677|43438|4947|1108|849|165154|10253|16278|5975|2026|989|216|369|123600|9734|8271|2373|1576|1065|2861|1674|6734|3176|737|667|2397|2180|458|374|147440|7559|1933|1047|10862|2859|5109|1526|4222|1529|2661|1304|55512|5469|2320|875|9052|2090|55724|5963|45|77|25041|5520|947|924|2046|1306|1292|1591|7431|4080|3116|1793|1722|915|936|638|838|595|945|458|1638|1065|3009|1276|265|209|605|631|251|281|950|662|77576|8077|47310|7335|3218|1587|17870|3809|11706|2952|10781|5049|515|482|678|626|600|702|1942|1082|4569|2293|1133|1068|505|507|2931|1904|0|218|5662|2177|163|267|3196|1574|985|837|758|853|560|419|5207|1953|5207|1953|0|218|12533|3254|0|218|789|541|403|413|1483|1459|4526|2129|790|1023|131|50|430|463|3981|2217|2295|1916|13193|3108|4732|1577|3391|1366|1341|772|1238|603|560|800|2561|1608|4102|2456|193774|10123|168357|9866|6461|1647|318|390|27|42|748|500|68|117|981|683|0|218|1569|952|2234|1178|0|218|45|76|368|234|0|218|103|127|120974|8264|891|747|240|226|10537|3252|5782|2304|7576|3827|93097|7567|2093|2131|578|468|180|298|40922|7261|2203|1048|198|287|9677|3221|3056|1189|7266|2171|3878|1613|473|570|6247|3180|78|139|7686|3493|160|191|25417|2975|25417|2975|0|218
310M700US45300|553335|18069|75991|6088|13924|1923|96|117|1411|648|636|547|912|754|10661|1712|4316|1050|5192|1224|1153|618|208|219|13208|1922|438|273|242|304|2481|788|8655|1474|1000|446|392|572|0|247|14090|3466|4677|1220|4823|2067|1907|780|65|101|2683|2175|0|247|34684|4916|4044|2449|808|674|2684|1143|2541|1200|1119|685|2450|1109|998|702|254|243|1001|696|94|156|912|721|6074|1788|2182|1030|4402|1460|560|496|2779|1309|1782|1028|85|148|117140|8455|17429|3106|11418|2350|9570|2368|521|432|1327|735|3265|1839|2343|975|403|482|42258|5763|1426|1810|2583|1962|0|247|32649|5124|1416|768|320|414|1235|905|2217|1202|258|409|154|153|0|247|39987|4682|689|598|1754|1298|526|421|2478|1376|467|332|14020|2785|249|294|3698|1466|16106|3406|0|247|16656|6852|83|136|0|247|905|1451|1078|1101|1373|935|1784|968|0|247|1909|1120|1330|1377|5167|6205|2101|1501|437|570|0|247|489|464|810|558|20503|4463|3762|1356|96|150|656|623|904|574|688|897|713|610|145|178|158|270|402|358|3357|2583|2628|2388|175|284|193|312|361|603|7243|2667|189|261|4912|2330|1055|698|665|750|422|431|1603|1065|1603|1065|0|247|3781|1620|207|152|1091|1054|82|137|0|247|1299|755|346|587|133|228|623|519|0|247|757|831|1824|1423|1475|1326|1384|1325|91|154|0|247|0|247|21|44|328|492|337877|14686|323247|14389|168546|13765|1625|1333|965|852|110927|10789|524|586|19363|5268|59|98|12533|4762|15316|3634|260|254|105|108|5203|2083|0|247|1666|817|71718|8355|528|478|2956|1361|4965|1865|6476|2503|11016|3876|38343|5971|4640|2422|2794|1192|0|247|82983|9922|1537|887|413|395|8309|2034|1915|1188|32226|6193|7989|3026|1732|765|7813|2432|644|690|19892|5775|513|325|14630|2356|14515|2316|115|203
310M700US47900|1589838|29196|115488|7938|24952|3113|1439|749|2336|712|217|201|2198|953|17801|2479|11169|2026|5654|1246|978|586|961|509|26331|3375|769|357|2748|1148|7343|1639|12224|1967|2354|950|856|490|37|62|19044|4394|2771|1297|5785|1515|2709|1030|0|213|7618|4019|161|126|44039|4585|1303|810|1178|554|801|440|3085|1318|262|228|1398|768|1322|790|746|639|552|413|589|411|707|530|3579|1141|2939|1015|10701|1938|841|561|10302|2656|3734|1624|1122|1076|557459|11681|154152|9322|84380|6672|65505|5871|6132|1384|12743|2312|9296|1795|57512|5638|2964|1446|240759|13332|27682|4556|24540|5644|169|270|112468|8180|21774|4169|2131|1574|15865|3643|28547|4316|4707|1947|1973|1058|903|596|120116|10266|3104|1378|2914|1113|3036|1230|1856|1033|1605|699|51218|6819|1117|507|6827|1548|48439|6593|0|213|40484|5953|1178|1098|847|590|592|455|3440|1292|3466|985|3047|1524|2563|1259|5097|1232|3411|2194|2725|1055|11147|3541|1001|508|971|712|999|495|1948|687|260539|17160|96376|11813|4986|1684|69018|9541|5472|1943|3627|1406|3199|1943|1988|1572|1166|659|6920|4008|19989|4861|17790|4620|309|375|1270|810|620|484|27830|5137|1493|636|11131|3492|8259|2940|3720|1595|3227|1629|5305|1534|5007|1501|298|385|106612|9600|755|1119|26295|4629|4720|2007|5439|2108|34382|4846|3252|1797|14689|3956|6159|2353|10921|3243|4427|2075|3810|886|3170|805|2305|686|865|367|64|109|0|213|72|108|504|362|652542|14874|642103|15136|66860|7203|1121|1080|1489|956|4744|1996|246|318|12023|3291|1491|996|8017|2112|24737|5685|1059|579|371|383|9179|2036|399|436|1984|768|406391|18285|833|672|2268|898|216808|14470|78367|9060|53877|9919|38250|4679|10061|3114|5296|1978|631|744|168852|11010|8665|1752|32426|5491|13146|2673|6174|2235|30123|4905|8554|2084|6392|2122|43965|7076|2170|861|15843|4270|1394|727|10439|1973|10439|1973|0|213
312M700US169801714000|597415|21718|84347|8757|7336|1751|294|376|2303|723|285|267|209|171|4113|1492|2921|1208|1048|877|144|237|132|217|8726|2683|285|347|200|242|3569|2280|3952|1191|553|419|167|161|0|208|7473|2634|2234|1050|1887|705|317|405|0|208|3035|2425|0|208|60137|7042|151|218|221|184|3026|1356|1063|621|556|368|1273|938|485|583|266|271|1371|1409|194|226|252|257|22818|3464|3827|1577|6613|2769|1744|874|14862|4491|1415|830|675|616|152828|10093|62542|7799|52578|7886|44732|7459|4951|2406|2895|1471|1986|1381|7048|1897|930|722|43076|6274|172|278|1735|1461|0|208|26628|4233|2767|1617|175|287|1352|1047|5264|2619|1523|1251|259|252|3201|2185|32406|5153|1677|1158|179|191|1265|928|0|208|2520|2452|17614|3074|753|677|2418|1527|5980|1868|0|208|13543|3933|791|1162|345|344|0|208|3806|2286|813|454|1317|854|233|310|1058|652|1459|1624|1225|1290|1561|729|746|703|12|2|177|291|1261|993|28633|4982|4928|1832|439|415|2007|1262|1010|821|60|100|71|117|258|432|466|750|617|605|4325|2439|2500|1876|803|960|90|151|932|1153|3230|1549|1199|710|642|624|1231|1224|99|130|59|97|1188|762|1188|762|0|208|13331|3181|0|208|4013|1757|177|315|83|143|7567|2278|0|208|98|174|769|804|624|610|1631|1475|1443|820|1227|675|1000|598|227|275|164|268|0|208|0|208|52|89|330164|16452|321531|16044|7296|1845|345|427|148|174|2230|921|307|451|967|909|0|208|1063|883|2092|1146|0|208|0|208|0|208|112|186|32|52|252032|14296|1354|848|512|353|2065|1197|11862|3380|4462|1531|227715|13497|3750|2363|181|228|131|154|62203|9257|2920|2080|303|366|3598|1834|1430|1460|8630|2736|19696|5833|235|256|4709|1742|211|271|19409|5539|1062|1381|8633|2448|8633|2448|0|208
312M700US264204835000|734716|22117|26516|3495|8757|1785|58|93|347|307|311|297|76|125|7220|1650|4574|1401|2213|976|433|349|745|516|4805|1423|47|74|596|428|1527|659|1482|616|669|508|484|537|0|242|4209|1755|645|442|1792|1187|186|249|0|242|1586|1002|0|242|8745|2376|214|232|46|76|450|499|0|242|415|474|144|188|627|485|42|70|89|143|0|242|553|907|443|329|1528|1050|2188|991|102|177|1052|650|852|590|0|242|132043|9327|32808|4621|25104|4253|19606|3958|1555|818|3943|1106|2440|1198|5167|1572|97|173|44224|5912|5131|2632|934|630|0|242|21457|4174|5250|1846|0|242|1378|1101|8855|2823|443|400|422|569|354|354|45529|5616|1454|1087|131|170|1043|513|208|283|1306|967|9003|2585|2487|1694|1305|737|28592|3893|0|242|9377|2427|82|136|1193|1300|337|407|1946|1905|718|516|832|569|163|207|1165|873|1034|766|360|381|961|630|190|227|63|107|333|307|105|133|55201|8581|6058|1809|593|636|1969|1046|894|562|0|242|567|627|226|304|1028|672|781|710|5956|2705|2616|1881|785|823|1654|1291|901|1340|3889|1548|1336|1077|1491|808|126|146|681|447|255|370|807|463|807|463|0|242|37987|8021|0|242|886|531|622|715|52|88|33256|7618|731|828|294|495|1067|1269|1079|1029|504|809|1077|631|1056|631|1015|624|41|68|21|32|0|242|0|242|0|242|519879|18980|516378|18876|50761|6269|0|242|60|105|42263|5945|372|435|2063|948|0|242|543|539|3235|1622|166|204|201|314|1646|884|0|242|212|276|401981|18292|307|300|666|555|58805|7827|35588|5467|71461|10045|224473|13612|7226|2627|708|664|2747|3760|63636|9161|3387|1165|1740|1635|3320|1444|1863|913|14697|4393|1246|960|658|556|2069|1428|114|132|34383|7320|159|203|3501|1193|3501|1193|0|242
312M700US310800644000|1401236|23803|99161|6614|20784|3018|598|391|1187|655|541|425|1763|738|16428|2507|8949|1671|6654|1556|825|473|267|224|19881|2126|1813|868|1284|716|7237|1403|6679|1141|1072|357|1661|936|135|135|7814|1826|1470|798|4382|1236|272|302|0|225|1690|798|0|225|50517|5911|424|492|1031|489|219|238|1082|609|964|663|987|638|2443|1363|367|317|667|644|1084|630|130|157|3431|1276|2712|785|17619|3985|1031|533|13156|2787|3170|1448|165|210|443397|15512|137980|7229|51700|4326|38273|4174|4752|1356|8675|1802|13609|2487|71961|6620|710|620|105550|9056|4787|3174|6481|2122|0|225|24763|4213|58991|6726|2622|1739|1343|740|3124|1280|2236|1222|1029|643|174|188|117116|7786|1033|856|2519|1089|2691|935|340|244|1509|681|85578|7441|1503|878|8968|2149|12975|2439|0|225|81347|8371|44054|6428|1136|676|1876|987|2748|1568|12544|2738|1630|1092|435|372|6947|2236|1466|1163|4496|1616|2791|1212|147|153|572|911|505|403|1404|1203|29276|3916|6678|2335|626|710|3993|1957|311|309|281|371|521|377|380|361|109|161|457|393|1046|1081|69|113|0|225|977|1076|0|225|9994|2993|49|82|7833|2593|898|727|0|225|1214|892|4584|1286|4539|1285|45|91|6879|1885|0|225|1657|890|73|125|0|225|4236|1728|59|97|742|728|0|225|112|133|95|151|7683|1841|6459|1522|5814|1486|645|481|602|593|0|225|0|225|622|594|821719|17850|806954|17980|10917|2379|0|225|52|87|4355|1268|0|225|1267|1066|0|225|1559|1465|2693|919|50|84|239|304|365|348|0|225|337|249|749556|18500|6743|3517|1835|1007|156690|10800|127400|10230|17978|3237|419770|14146|18068|4476|886|498|186|231|46481|4540|4892|1392|2876|1121|5732|1700|3900|1423|12594|3093|4877|1804|196|230|7657|1767|148|115|3494|1437|115|115|14765|2233|14765|2233|0|225
312M700US356203651000|3108115|37484|429504|15821|54380|5288|1157|904|13771|2768|1128|717|2425|1158|34548|4632|24150|3921|9257|1915|1141|1054|1351|964|46630|4866|3240|1098|2467|860|18634|2997|17930|2925|2777|1406|1256|507|326|305|65733|6465|17066|3483|34658|3612|3991|1410|0|220|9746|3081|272|249|261100|13154|21312|4997|12485|2757|2263|1287|3668|1369|3515|1457|2758|908|4422|1408|771|339|1813|1089|4074|1346|2927|2209|43298|6227|9532|3463|50178|6447|3154|1591|63399|6355|31531|3741|1661|1158|959574|14520|490483|12923|417986|13526|366301|13246|29103|3726|22582|3113|15411|2802|56141|5906|945|580|290765|12784|1446|755|119256|10192|1502|1047|70988|7169|7087|1908|2868|1163|15043|4034|31098|5115|3372|1350|32830|5891|5275|2119|94266|7936|6998|2155|1681|1146|3763|1214|294|357|7349|1776|57374|6345|1781|760|3542|1103|11426|2027|58|96|81937|7642|1245|1045|5593|1639|11030|2620|734|597|20151|3190|1522|796|381|343|4872|1604|820|490|4524|1570|13918|3341|1535|702|13148|4012|2464|1273|2123|1355|168619|11645|11044|3700|385|371|4124|2640|2755|2197|72|120|1114|965|726|970|591|487|1277|884|3506|1702|1039|1054|313|346|482|516|1672|1259|37456|5590|3522|1410|21000|4604|9550|2085|1433|949|1951|1441|5871|2032|5318|1772|553|834|97518|10529|0|220|32686|6266|5241|3257|3813|1828|22726|4682|9991|4734|2869|1265|1207|981|18985|4746|13224|3565|12081|2698|11532|2574|9676|2223|1856|1010|65|112|0|220|0|220|484|476|1538337|26461|1508910|26135|788741|27362|1028|619|19449|3780|10877|2409|5547|2292|372579|18805|15832|3669|84036|9153|158984|11560|12826|4608|11042|2602|74575|6352|6562|2334|15404|3680|289586|17311|4851|1375|5177|1621|31690|6096|36391|7766|32084|5495|161943|11268|4819|1384|11748|2506|883|429|430583|17277|11892|3126|3588|1494|18169|3517|10275|4267|69291|7044|139552|10523|121231|8906|30574|5961|2295|1031|19848|3396|3868|1314|29427|4482|29066|4470|361|424
312M700US417400666000|374225|13172|30528|3635|6701|1565|0|225|1073|821|0|225|471|355|5106|1293|3038|954|1970|768|98|116|51|85|6600|1409|283|201|333|353|2552|945|2561|817|631|409|240|209|0|225|3311|1381|156|188|1842|1080|378|298|0|225|891|552|44|73|13916|2890|0|225|919|670|60|99|347|372|280|279|238|234|492|326|0|225|705|667|114|140|0|225|1181|505|857|497|5249|2256|203|238|2737|1152|534|372|0|225|175464|7545|45841|5032|32193|4480|26206|4106|2438|1054|3549|971|5582|1834|8001|1796|65|109|46457|6703|2666|1802|99|157|0|225|27920|5365|10297|2763|1494|1045|575|757|1040|751|148|178|1955|2262|263|256|71811|6101|1017|844|1974|930|397|259|1962|1010|708|520|44263|5838|62|101|2225|1043|19203|3201|0|225|11355|3679|107|176|48|80|1020|1193|2839|2090|1409|662|600|434|942|779|423|311|399|439|1978|2340|1238|590|180|218|0|225|172|220|0|225|10871|2805|4062|1837|0|225|1271|873|927|804|949|764|313|502|178|211|114|131|310|507|351|498|0|225|46|81|0|225|305|493|2151|926|98|159|650|503|875|747|392|382|136|182|2316|914|2316|914|0|225|1901|1786|0|225|366|334|0|225|0|225|1535|1744|0|225|0|225|0|225|0|225|90|143|3270|1448|1336|616|909|554|427|300|614|603|94|161|0|225|1226|1149|154092|8618|147710|7997|6685|2417|0|225|0|225|459|435|0|225|416|370|0|225|3272|1868|2297|1450|0|225|0|225|103|117|0|225|138|221|128680|7807|0|225|749|606|916|411|2960|1695|1237|892|122012|7448|404|527|276|345|126|214|12345|2253|818|399|270|244|4258|1523|610|448|3221|1387|493|400|387|382|1092|487|102|169|1094|738|0|225|6382|1533|6342|1537|40|65
314M700US1206012054|843258|21157|56702|6583|16024|3163|239|246|956|475|118|143|487|360|13945|3016|7990|2405|5091|1601|864|571|279|202|11270|2776|481|371|202|237|2319|1301|6645|2012|1297|668|326|285|0|232|3715|1189|588|624|1575|650|97|83|0|232|1455|648|0|232|25394|3300|62|72|821|430|4284|1806|1542|698|179|133|792|582|624|756|72|119|194|191|661|607|0|232|2797|1437|2944|963|4254|1411|405|253|4136|1570|1627|906|299|333|298031|7896|83529|6728|42062|4954|34218|4847|2991|1063|4853|1321|4426|1484|37041|4802|0|232|130687|8187|4572|2639|6899|1994|2211|1710|97008|6972|5526|1826|932|680|4335|2493|7446|2209|1143|781|525|356|90|116|64616|6200|4211|1474|4639|1863|2069|834|3425|1281|1833|823|10680|2263|304|266|2262|941|35193|4562|0|232|17718|3773|0|232|213|181|605|745|2137|1194|4417|1917|498|432|41|67|1387|1161|1015|910|1508|1896|4446|2062|905|621|0|232|546|507|1481|1133|101452|10434|39652|6251|1814|1194|19615|4859|5296|1979|1361|814|1725|902|2430|1980|1431|1401|5980|2948|10752|4197|2402|1289|1786|2052|3871|2555|2693|2521|4554|1849|537|473|1024|619|1518|986|1366|1166|109|130|4049|1796|3615|1588|434|718|40642|6069|403|437|9573|4128|2478|1301|1140|698|18919|3796|1540|1122|1901|1409|530|464|4158|1498|1803|1148|2587|1154|2061|841|1929|818|132|125|0|232|0|232|479|733|47|74|384486|13949|373424|13786|103219|10660|782|437|1302|836|11346|3748|1002|691|9205|2686|347|436|18021|5311|49657|6417|164|213|587|588|6537|2122|1016|1138|3253|1988|178920|9751|761|675|1016|991|19770|4755|20193|4550|12071|3200|114618|9042|7031|2545|3460|1605|0|232|91285|10286|2456|1215|640|530|9116|2184|1810|1205|26012|5094|2495|1173|6993|2550|8258|2890|1544|1083|31370|7360|591|351|11062|2354|10419|2332|643|537
314M700US1446014454|440531|11720|60583|6353|15362|3373|104|172|7567|2647|75|123|484|331|6967|1601|3232|1130|3507|1155|228|195|165|278|8612|1746|143|171|375|363|2234|1001|4095|1168|796|558|878|408|91|128|12576|2263|2749|1171|4088|1095|3239|1303|76|131|2500|1256|0|228|24033|3277|7315|2364|1265|751|467|355|942|632|498|561|553|419|214|207|329|232|329|233|253|218|50|79|2496|862|114|191|5246|1474|60|102|2966|1160|936|495|0|228|129756|4911|60541|4991|51857|4911|44011|5117|3971|1042|3875|1606|1893|792|6791|1930|0|228|33574|4210|1235|1332|2399|1670|0|228|22754|3149|1716|948|695|979|1821|1250|2106|1314|591|978|257|244|0|228|23178|3784|275|223|697|506|481|304|123|114|484|349|2869|910|307|230|1631|850|16311|3751|0|228|12255|2466|103|125|951|861|178|301|425|433|1587|871|946|999|290|364|2996|1100|445|443|1239|777|2392|1399|473|415|0|228|230|380|208|332|50394|6316|7976|2481|183|281|2620|1338|1544|987|1675|1056|299|368|118|195|269|495|1268|1069|948|543|103|182|232|255|0|228|613|485|4743|1453|534|507|1455|700|2617|1406|95|162|42|71|991|569|921|566|70|82|33872|5026|24961|4277|988|615|72|89|27|7|6035|2470|376|330|978|863|0|228|435|415|1864|1310|2580|861|2407|825|1995|785|412|324|92|108|0|228|0|228|81|62|197218|10202|188681|10132|94679|9404|123|158|2044|1355|1087|445|1106|804|32302|5406|45|76|40127|6688|8363|2301|0|228|772|546|6165|2240|245|346|2300|1386|44871|5729|314|509|854|875|15725|3122|10074|3573|7163|2559|5891|1897|234|229|927|711|3689|2047|49131|5576|962|431|269|245|16673|3187|1442|923|19925|4645|2668|1347|1249|852|2217|1173|110|197|2913|1477|703|806|8537|1752|8537|1752|0|228
314M700US1446015764|572607|13469|76903|6308|13739|2415|394|374|4003|1395|84|97|970|607|8019|1701|3850|1166|3493|910|676|461|269|244|9194|1576|288|225|1087|660|3178|1111|3477|1087|811|466|353|286|0|228|20994|2862|3539|1104|6832|1467|8514|1837|1591|819|1970|827|139|163|32976|5154|3356|2020|1442|799|1023|550|866|626|0|228|837|667|1144|846|428|340|281|268|960|905|316|329|2305|868|2065|924|10138|2208|660|577|4705|1530|2450|1194|0|228|188722|6368|72548|5044|57951|5128|49667|4852|4426|1292|3858|1131|3778|1455|10819|2262|0|228|66866|6078|35|55|4008|2007|0|228|49532|5801|3634|1331|621|515|4110|1133|2699|1641|1511|1249|83|98|633|493|34127|3738|475|268|9599|2273|1028|499|1386|1201|869|447|4215|1338|334|251|3148|859|13073|2774|0|228|15083|3293|538|380|1105|711|197|226|871|632|4022|2498|190|221|175|178|2400|980|279|274|2235|1014|2882|852|144|187|0|228|45|75|98|162|42111|5485|14310|3448|187|232|3104|1351|5474|2908|96|158|215|321|4167|2500|506|516|561|373|1367|834|292|411|634|603|284|337|157|257|13167|3347|804|616|2228|1130|7233|2541|479|760|2423|1980|1892|576|1892|576|0|228|9439|3108|617|417|1528|738|0|228|712|645|4491|2619|848|838|1035|637|0|228|208|317|1936|1582|2203|730|1875|715|1537|649|338|229|93|100|0|228|0|228|235|89|262668|10668|251650|10828|90378|8091|0|228|1080|728|1465|750|853|644|66148|6879|110|142|17251|3064|1523|813|433|589|0|228|1188|819|327|407|0|228|61291|8634|199|215|761|691|22184|4859|26482|7252|3395|2357|4928|2518|2548|1528|304|319|490|676|99981|10049|1133|596|462|521|71482|8139|1464|611|10059|2640|8371|3700|150|142|3735|1448|630|575|2037|1275|458|570|11018|2039|10856|2020|162|170
314M700US1698016984|1524442|28979|313965|13787|19643|2852|352|386|5888|1331|421|314|765|570|11904|2252|6127|1500|5263|1605|514|333|313|284|22422|3597|763|499|772|527|5255|2502|13622|1933|1061|557|949|665|0|208|24938|3413|9638|2114|10497|1970|414|358|0|208|4389|2479|0|208|244966|11605|5143|1927|2208|823|9360|2215|7407|2188|1979|865|5417|1812|2044|1219|710|365|9644|2964|4677|1980|3851|1410|103691|8296|11202|2321|15733|3443|4149|1274|47402|7185|10349|2240|1996|1379|473916|13153|125225|8717|82032|8294|68141|7927|6828|2413|7063|2023|8851|2872|31349|4223|2993|1607|189032|10416|3481|2768|5138|2428|0|208|132597|8781|7262|2397|715|609|2300|1253|26705|4922|1885|1376|2181|1228|6768|3375|103839|7458|3645|1793|1086|504|2862|1358|1116|940|3368|2469|66050|5833|946|716|5561|1817|19205|4613|0|208|47588|7054|922|1171|2262|1632|51|87|10854|3569|2371|1264|10139|2599|2920|1437|2625|917|3306|1937|4105|1673|3702|1502|2262|1008|1684|1081|385|345|8232|2530|67264|8047|12646|3157|963|638|3247|1486|2162|1022|518|561|662|446|1058|626|512|752|3524|2151|5900|2546|3859|1855|1009|1020|100|153|932|1153|10580|3179|1638|785|3579|1499|4229|2820|385|399|749|484|2852|1060|2852|1060|0|208|32907|6087|0|208|6685|2395|263|345|894|793|21355|4528|0|208|585|639|1129|978|1996|1634|2379|1664|2907|1162|2364|973|1901|815|463|369|164|268|0|208|0|208|379|348|666390|20292|648689|19566|19074|2776|345|427|281|238|6669|1665|307|451|2942|1281|0|208|2811|1454|5313|1575|0|208|60|101|149|192|112|186|85|104|520098|17677|1706|920|1212|636|6864|2607|21976|4364|8767|2681|473870|16250|4647|2595|879|538|177|173|109517|12375|4925|2328|429|406|5649|2074|2513|1605|23356|4828|28768|6841|913|723|9996|2426|211|271|31518|6595|1239|1388|17701|3755|17701|3755|0|208
314M700US1910019124|1242523|25512|48228|3915|13894|2067|397|329|815|533|147|168|835|587|11509|1925|5891|1413|5084|1329|534|404|191|193|10227|2546|176|207|372|356|2882|1308|5326|1599|1420|1224|51|88|0|242|5567|1796|606|462|1781|796|861|721|60|99|2319|1321|0|242|18540|2854|606|565|637|467|723|745|1466|933|252|256|166|156|427|307|377|361|614|575|1049|914|161|215|2427|1200|1048|683|3731|1327|580|482|3148|1490|1128|546|0|242|455032|9651|79475|6866|47641|5352|35578|4375|2217|790|9846|2513|4065|1170|27769|4197|0|242|260528|11617|4081|3194|5623|2164|0|242|204242|12273|7762|2417|336|240|12421|3345|23006|5123|2476|1533|380|496|201|324|83096|6714|4593|1925|2447|1079|1882|847|2200|867|2332|1144|22423|3415|748|670|3691|1240|42780|5889|0|242|30390|5018|339|331|0|242|1458|1596|6497|2876|1453|805|4262|1955|1201|792|2947|1198|3073|1592|2893|1623|4730|2272|853|473|94|158|590|466|1543|1064|102410|11456|37928|8762|1989|1346|17748|7489|7589|3233|1207|1191|757|731|212|230|4310|2175|4116|2762|7068|2759|3224|1402|472|618|2563|2137|809|932|9892|3387|318|363|4371|2482|1010|1007|3595|2516|598|520|6155|2265|5857|2141|298|405|38129|6844|0|242|3992|2225|1301|1155|785|623|28450|5566|1198|1004|637|623|113|202|1653|1107|3238|2020|2606|781|2150|754|1868|747|282|220|102|127|0|242|165|200|189|140|634247|16718|620551|16212|27941|6160|1268|980|227|239|16303|5456|905|834|3579|1682|75|124|1415|979|3348|1567|0|242|0|242|737|415|0|242|84|140|506725|14710|1409|1213|3102|1447|50215|7655|15973|4989|32112|8211|398438|12901|4286|2475|1015|536|175|288|85885|12345|2476|1327|1604|1344|10294|3209|2986|2499|12613|3619|3128|1719|1468|751|5485|1885|1531|1756|44070|9479|230|270|13696|2486|13615|2461|81|139
314M700US1910023104|448745|17867|16203|2864|3150|1130|0|242|231|191|0|242|193|234|2650|1044|1040|537|1496|879|114|142|76|127|5039|1518|226|293|272|276|262|190|4078|1390|85|99|116|140|0|242|1098|618|0|242|879|548|172|277|0|242|47|79|0|242|6843|1745|113|188|0|242|694|870|216|352|969|807|197|217|47|77|161|262|0|242|392|626|0|242|791|457|1230|746|979|567|0|242|465|338|589|664|73|91|121301|6883|12910|2450|7037|1820|5362|1744|323|232|1352|506|1290|712|4539|1492|44|71|51506|5524|4926|3049|3758|2020|332|282|24124|4250|2359|917|0|242|12771|4078|2850|1089|311|358|75|129|0|242|39277|4265|1291|844|449|341|865|538|2425|1091|566|395|6757|1850|0|242|2448|1435|24476|3896|0|242|17484|4868|0|242|56|92|0|242|5983|3592|253|208|2891|1952|576|622|2530|1779|1160|1280|1460|1563|995|747|795|663|0|242|785|704|124|213|49661|9745|12042|3706|608|617|1242|1703|5034|2134|1206|1074|388|388|1774|1372|293|280|1497|740|12210|4503|3401|2569|5410|3596|3399|2615|0|242|3788|1864|984|1455|839|579|153|188|1640|947|172|161|1843|1166|1734|1100|109|179|14866|5278|0|242|1724|1204|0|242|250|321|11698|4857|826|1319|0|242|108|181|260|372|4912|4190|1608|842|1071|748|964|728|107|178|0|242|0|242|241|386|296|170|259972|12328|255292|12338|12238|3404|72|124|99|171|6608|2568|0|242|2285|1568|62|103|0|242|1727|1263|0|242|0|242|596|544|0|242|789|753|215726|10391|205|345|712|553|13606|4521|3861|1710|14158|5455|179094|10243|3421|1544|669|485|0|242|27328|6141|1339|835|244|253|3931|2428|514|332|4189|1497|994|780|621|421|2544|1823|0|242|12952|4763|0|242|4680|1461|4614|1452|66|110
314M700US3108011244|1000380|17201|53274|4503|12948|1913|345|340|1438|599|641|406|359|248|9995|1800|4490|1350|5058|1392|447|351|170|213|12960|2337|1069|698|387|253|2383|944|6823|1539|1728|752|480|326|90|154|5502|1460|939|607|1589|819|277|216|46|74|2697|1036|0|225|21783|3561|405|523|1153|1292|203|327|1220|659|465|435|1298|817|543|377|74|103|142|175|154|256|397|578|2262|849|4223|1385|4825|1403|344|510|3152|1477|923|580|81|139|531595|11255|163025|9060|84069|6818|53255|6284|7270|1890|23544|3119|10442|2390|67873|6220|641|751|97549|8367|3459|1475|500|466|0|225|35577|5421|44015|6606|4903|3988|1594|1804|5718|2144|1446|1263|0|225|337|545|243522|10520|1098|793|4190|1729|4288|1232|1382|911|1271|521|61379|7232|936|507|4106|1361|164872|9087|0|225|24646|4971|926|792|260|340|580|605|2157|1476|2737|1285|941|687|701|507|3849|1078|661|575|2585|1180|8205|3602|904|578|63|105|77|130|2853|1823|19729|4047|4015|1826|577|893|1494|1031|441|328|1036|1177|116|141|77|124|90|147|184|185|42|68|0|225|0|225|42|68|0|225|10096|3117|376|514|7172|2447|2309|1709|140|235|99|118|4211|1535|4211|1535|0|225|1051|526|0|225|100|164|0|225|243|369|558|371|0|225|150|187|0|225|0|225|314|359|5606|1512|2884|957|1789|791|1095|504|516|419|245|302|0|225|1961|1395|390176|12378|380439|12198|4583|1560|0|225|0|225|2643|1055|0|225|309|294|0|225|53|83|945|625|0|225|287|466|346|469|0|225|0|225|343006|12770|423|500|375|299|15646|3435|16478|4270|4774|2647|298215|12205|5913|2838|879|529|303|462|32850|5448|2693|1093|1430|987|7274|2577|1387|915|8554|2820|1540|727|440|500|7750|3072|155|246|1241|737|386|469|9737|1829|9737|1829|0|225
314M700US3108031084|3317967|34997|180648|8601|43307|4200|870|435|2793|877|1129|592|2475|827|35058|4003|19100|2986|14013|2275|1945|719|982|605|35076|3087|2472|911|1755|772|11157|1842|14952|2092|2572|637|1952|933|216|152|16144|2686|2797|984|8551|1729|776|453|0|225|3575|1263|445|528|85257|7253|724|576|1911|641|964|620|2319|841|2412|1079|1692|695|3611|1449|681|416|1211|720|1645|791|715|675|6560|1950|5528|1344|28983|4511|1437|645|19643|3884|5221|1673|864|814|1202918|20026|450504|14491|280563|11449|193375|9980|27519|3948|59669|4903|35488|4492|133653|8971|800|624|202235|11225|6099|3447|10624|2790|0|225|56357|6382|105835|6736|2949|1711|3995|1531|9511|3221|3744|1483|2423|1421|698|470|389124|12383|7209|2452|20629|3221|10141|2035|1885|641|4676|1451|234514|11318|3446|1509|21261|3389|85363|7409|0|225|158551|10670|86517|8356|2755|1099|3140|1851|7191|2267|16062|2983|3044|1354|1338|728|15187|3167|1937|1196|12912|3766|5075|1443|774|556|572|911|2047|1028|2504|1351|65743|7143|16134|3427|1275|878|8794|2701|2470|1574|281|371|1157|654|1090|662|119|163|948|582|3502|2034|1864|1514|0|225|1308|1155|330|384|21125|4210|394|377|17127|3805|1568|885|386|326|1650|1026|6455|1500|6338|1489|117|129|18189|4150|0|225|2281|880|256|317|0|225|14248|3852|106|91|1117|848|0|225|181|175|338|420|15159|2956|9977|2208|9073|2141|904|617|2356|1182|0|225|0|225|2826|1302|1853499|24239|1822652|24566|27513|4121|42|70|103|121|13216|2213|126|150|2977|1374|108|180|3598|2163|5463|1621|50|84|239|304|925|541|0|225|666|390|1684002|24736|11732|3449|5129|1529|264728|14142|198619|13168|34375|4967|1132868|22931|33803|5684|1959|845|789|572|111137|8531|10646|2093|6032|1712|12308|2698|7242|2017|28097|4451|12959|2872|662|472|24663|3951|526|335|7358|2181|644|540|30847|3329|30736|3343|111|192
314M700US3310022744|782708|19372|58358|5139|8059|2169|0|247|543|522|77|91|777|500|5569|1568|2605|816|2921|1301|43|72|1093|1366|8116|2311|191|181|421|304|3283|1841|3390|1201|471|388|360|336|0|247|9420|2403|660|616|4780|1794|1643|1040|192|318|2227|822|110|184|32731|3898|806|701|937|596|190|236|1316|1049|455|329|1797|1191|1686|833|93|151|643|907|692|578|624|736|4191|2086|3463|1516|7512|2992|359|298|6140|2013|1827|815|32|53|61143|5787|11045|2739|9390|2594|7893|2299|984|511|513|426|773|415|882|538|0|247|22486|4043|0|247|2007|1462|0|247|13874|3605|766|746|431|353|102|172|3840|1489|562|653|646|698|258|342|12331|2830|42|71|0|247|159|166|0|247|128|156|4914|1716|114|117|622|464|6352|2485|0|247|12738|2691|604|752|52|86|0|247|1080|1393|5722|1599|706|614|445|514|1530|882|219|277|333|321|1616|861|257|306|0|247|174|170|2543|2964|6712|1785|1424|948|62|107|0|247|255|268|0|247|582|593|0|247|44|59|481|535|492|663|0|247|44|76|0|247|448|657|1224|589|183|308|754|503|287|180|0|247|0|247|966|590|966|590|0|247|2412|1364|0|247|128|222|0|247|0|247|2178|1328|0|247|0|247|0|247|106|173|194|248|780|421|598|378|530|340|68|88|0|247|0|247|0|247|182|199|655715|18109|640528|18204|315774|14278|6643|1976|1747|734|78931|8119|2870|1899|20916|3836|544|532|100160|9872|81028|9097|647|656|0|247|18709|4799|559|523|3020|1158|67525|9233|636|496|3006|1176|10123|3398|12436|5029|10418|3061|15866|4395|11840|5392|3200|1250|0|247|257229|12372|13216|2646|1009|715|36739|5085|6084|3139|88622|10608|13125|2968|6465|2069|18374|3127|4766|2763|68347|9599|482|454|15187|2816|15023|2816|164|207
314M700US3310033124|1570170|16991|58454|5368|3905|1177|93|127|148|173|204|333|183|214|3227|1006|2313|858|871|516|43|72|50|83|12305|2793|232|162|832|675|5240|2008|3162|970|1097|563|1742|1443|0|247|18583|3407|462|472|4771|1414|1606|770|0|247|11744|2723|0|247|23661|4035|364|308|795|565|45|78|425|387|509|433|593|367|1601|1288|704|613|226|224|198|243|0|247|1276|694|1065|706|7751|2058|329|347|6473|2653|1307|594|0|247|37537|3677|8466|1907|6994|1784|5779|1545|990|869|225|205|318|239|1154|572|0|247|10026|2598|0|247|1340|986|0|247|5403|2366|1806|956|0|247|123|179|735|544|243|235|376|439|0|247|9158|2128|441|383|189|230|307|305|120|225|497|457|4888|1529|251|304|136|228|2329|1220|0|247|9532|2530|20|33|193|214|268|413|59|101|3998|1716|0|247|193|255|917|552|785|562|332|205|2702|1592|65|106|0|247|0|247|355|519|9037|2754|802|469|0|247|0|247|104|178|0|247|323|419|0|247|0|247|375|387|364|347|90|149|0|247|136|237|138|188|2621|1259|62|103|603|327|1288|647|0|247|668|1034|549|433|549|433|0|247|4637|2262|0|247|905|1402|0|247|0|247|3228|1890|0|247|0|247|0|247|504|702|64|75|1119|912|582|442|412|400|170|212|164|263|0|247|0|247|373|440|1464023|16997|1456745|16816|873142|17903|4300|1324|358|324|717451|15818|539|440|38147|4312|442|503|75986|8101|26955|4548|819|1070|191|259|4813|2179|263|432|2878|1395|208429|12450|447|488|5713|3102|16680|4199|23599|4173|44716|6706|28647|4127|82295|7440|6158|1498|174|300|375174|14748|28574|3524|4936|2316|22965|3303|9311|1972|115244|9805|16339|3381|1946|1074|33512|5097|4989|1392|135377|11127|1981|1141|7278|2033|7278|2033|0|247
314M700US3562029484|570801|14726|71222|5889|7367|1367|455|464|1304|419|218|188|218|225|4962|1130|2357|847|2180|804|425|289|210|215|7277|1239|350|214|211|176|1877|746|3645|872|605|373|589|460|0|226|17353|2415|1718|944|7620|1773|7298|1618|91|149|675|559|42|71|39225|5011|1429|1578|1078|700|0|226|964|1101|256|322|2360|1689|534|492|415|330|672|466|382|280|1776|1639|11843|3176|1567|729|4337|1364|159|202|9434|2413|2019|829|0|226|256841|5803|49116|4739|39428|4594|30731|4588|3475|1126|5222|1290|1462|851|8226|1786|0|226|164422|6695|203|208|2048|1059|0|226|143187|7150|1356|882|720|760|887|768|11718|3549|2032|1012|1801|829|470|517|31754|4189|411|351|0|226|2724|1768|0|226|612|365|25443|3856|170|126|323|234|2071|901|0|226|11386|3043|461|474|340|275|1464|1058|257|262|1499|649|494|653|379|294|2037|1130|1596|1773|226|216|1793|780|359|428|0|226|481|339|163|161|29074|4256|5100|2023|0|226|859|1029|3450|1661|0|226|56|101|413|522|37|64|285|322|325|247|0|226|28|9|51|92|246|220|12609|2684|1107|899|10454|2586|725|526|92|165|231|264|1995|1251|1949|1251|46|78|8917|2828|90|150|2955|1324|0|226|845|953|4663|2428|313|507|0|226|0|226|51|9|128|157|1332|752|1256|748|1080|714|176|192|0|226|0|226|0|226|76|139|212332|11282|207305|11187|70270|7976|113|136|166|189|4471|1191|1821|1496|44207|7123|596|438|6537|2599|9271|3283|309|289|129|218|2040|788|255|311|355|427|71521|6977|357|472|6776|2403|6452|2399|11398|3391|10354|3859|33327|4172|1820|1183|993|1023|44|75|65514|7436|2638|1312|742|762|9871|2694|1296|841|14488|3450|13696|4012|3188|1244|12854|3789|913|499|3721|1725|2107|1312|5027|1314|5027|1314|0|226
314M700US3562035004|620822|13052|68265|4778|10188|1896|190|222|3055|907|340|288|317|217|6047|1431|2397|792|3341|1278|309|248|239|200|10975|1885|748|487|394|443|2296|910|6635|1530|495|353|407|381|0|220|20320|2689|4056|1173|12433|1853|2147|1230|0|220|1517|841|167|99|26631|3326|724|634|361|286|92|151|135|160|915|636|1473|1020|717|403|60|84|810|708|432|544|0|220|8288|1786|1842|981|3574|1183|215|265|5952|2120|1041|610|151|186|177324|5711|67384|5376|51626|5015|41612|4685|5490|1528|4524|1379|2288|1095|13356|2476|114|190|79801|5507|2400|917|9328|2105|0|220|40360|4805|6807|1896|625|507|580|548|18219|3351|212|193|1160|617|110|129|17038|3322|571|414|0|220|1235|982|0|220|735|380|11681|2848|0|220|832|528|1984|945|0|220|12673|2562|109|116|57|96|1207|746|466|308|3098|1085|225|320|75|140|243|247|240|212|223|173|5650|2095|316|319|0|220|764|436|428|449|15546|3317|3154|1302|0|220|134|235|521|450|30|49|679|642|383|422|770|502|637|743|188|194|108|144|0|220|32|54|48|79|5109|2122|0|220|2691|1249|1021|645|869|1406|528|481|966|615|863|549|103|175|6078|2283|0|220|892|662|73|123|61|101|4836|2114|0|220|41|70|0|220|175|174|51|61|1141|733|812|564|366|225|446|516|0|220|0|220|0|220|329|479|358546|11414|353407|11544|108905|8264|585|415|1858|1112|2113|802|247|217|33652|5327|837|807|34090|5968|25264|5481|388|350|247|249|7224|1767|705|548|1695|923|145159|11177|184|173|1907|1390|81628|8501|24100|5826|17933|4819|15421|3593|2300|1935|1442|801|244|368|99343|8872|1470|801|1225|711|4007|1398|3287|1427|21278|4524|32073|5747|14856|2994|15965|6060|1025|560|2292|1110|1865|1139|5139|1209|5139|1209|0|220
314M700US3562035084|628036|14740|69249|5679|8776|1526|146|145|731|375|0|226|138|142|7517|1468|3242|931|3676|1129|599|352|244|204|7319|1788|859|547|90|110|2183|939|3217|1209|446|290|463|327|61|100|23786|3303|2708|952|6093|1416|11733|2178|290|478|3252|1213|0|226|29152|3778|1222|968|669|565|817|647|1021|773|44|73|1451|699|529|377|388|291|43|76|132|192|1087|707|10493|2552|1170|957|4518|1640|523|440|3144|1043|1901|1004|216|368|109872|5178|25788|3098|20066|2931|14418|2427|1916|717|3732|1311|1353|596|4273|1133|96|143|51397|4449|872|904|1095|675|0|226|40269|4149|819|500|35|62|890|973|5030|1968|637|489|1500|1649|250|264|21863|2999|120|148|135|222|118|138|28|48|591|459|17422|2696|234|179|739|542|2476|1409|0|226|10056|2683|0|226|197|232|1287|1123|656|370|430|272|554|463|172|239|323|294|720|635|1486|980|3631|2017|109|145|0|226|491|446|768|699|52496|6985|2602|1097|442|550|631|690|374|275|0|226|0|226|45|77|613|560|497|401|3581|2195|2765|2078|16|5|0|226|800|803|4376|1806|183|179|2467|1134|1487|1149|110|181|129|218|1380|674|1271|681|109|178|39319|6588|395|358|14849|4359|535|700|2612|1471|15670|4049|1533|1814|207|190|1813|1069|1705|1368|1238|1081|1072|592|798|362|557|292|241|227|0|226|0|226|0|226|274|441|395347|14576|390274|14572|131060|12512|120|190|668|710|13223|3119|1212|1007|42529|4896|2256|1368|34343|8066|28430|5383|661|474|191|300|5881|1822|190|234|1356|686|83663|7801|924|753|3602|1349|23017|4284|20998|4761|13525|3693|18248|4609|2075|1179|1195|815|79|128|175551|10863|4642|2206|907|592|33874|5637|1063|747|35981|5740|60411|7273|12143|2850|15521|3894|5883|2461|4609|1997|517|349|5073|1360|5058|1360|15|3
314M700US3562035614|4323700|38853|595611|18646|75734|6235|1543|910|21548|3225|1351|748|3444|1290|46310|5111|29815|4035|14292|2618|2203|1166|1538|971|63776|5792|4011|1103|3294|1017|22851|3258|27015|3809|3544|1488|2735|858|326|305|105597|7620|22719|3871|55641|4928|11775|2711|0|213|15169|3493|293|258|348332|15900|33490|6107|14966|3047|3345|1483|5885|1689|6066|1631|5181|1387|6616|1578|1140|511|2426|1188|4384|1356|5176|2430|67221|7242|13182|4066|62853|6763|4559|1744|73438|6775|38404|4234|2172|1263|1301879|16857|613701|14569|473873|14545|411525|13914|33801|3972|28547|3999|27437|3988|111446|7199|945|580|412527|13121|1785|885|128159|10479|1502|1047|161005|9230|9311|2018|4459|1379|18642|4071|43781|5977|4861|1853|33198|5917|5824|2161|144606|9139|7898|2216|2122|1331|4098|1215|676|538|8545|1846|98596|8042|2276|840|4575|1209|15762|2720|58|96|126514|8368|1970|1136|6345|1793|12782|2751|1729|953|32354|4348|5033|1580|777|450|7622|2075|1734|720|9919|2797|24520|3878|1843|744|16718|4726|3168|1509|4531|1889|211529|13562|15411|3907|495|409|5090|2525|4583|2422|72|120|1393|999|967|1018|763|509|2048|1076|4728|1776|1293|1116|456|482|482|516|2497|1289|57100|7262|5005|1937|34561|6110|12271|2467|1433|949|3830|1722|7860|2081|7013|1831|847|885|112663|10660|144|178|37972|6189|6372|3351|4294|1795|27419|4923|12505|5017|2983|1294|1207|981|19767|4822|13767|3727|14005|2745|13257|2581|11289|2232|1968|1024|65|112|0|213|72|122|611|494|2200676|29995|2163003|29848|1044986|32152|1458|663|21529|3770|34726|4277|6642|2325|532251|22254|17024|3940|102911|10101|197869|14243|13499|4583|11540|2652|79195|6831|7555|2540|18787|3833|441682|20241|5106|1382|10656|2593|56160|8357|74269|9368|49940|7687|221690|12781|9041|2323|13849|2645|971|447|676335|22940|19413|4192|5486|1672|33459|4758|15790|4667|132070|10465|214125|13691|131233|8844|75255|7861|5873|1881|36405|4838|7226|2148|37673|4606|37269|4574|404|430
314M700US3798033874|237434|9393|50819|6061|9380|1985|265|291|882|502|113|186|534|587|7398|1848|3681|1472|2951|1033|766|462|188|223|6360|1298|428|252|360|451|1264|674|3966|985|195|125|147|160|0|192|7440|1797|1017|600|4700|1314|920|600|0|192|803|604|0|192|27639|4774|1860|1127|1943|1323|369|362|140|142|76|125|605|496|960|564|70|122|357|495|635|597|0|192|4475|1512|1558|976|5226|2031|57|96|6497|1944|2811|2031|0|192|113259|3861|31576|3351|18206|2810|14621|2697|1034|558|2551|932|1426|647|11944|2297|0|192|59651|5067|29|49|3884|1512|149|257|45793|4919|835|491|326|262|373|354|3160|1708|835|703|2951|2254|1316|948|15720|3112|313|275|552|615|56|95|649|641|189|174|4565|1431|188|196|1113|1047|8095|2273|0|192|6312|1706|866|729|312|267|258|349|1013|746|952|870|190|193|336|238|380|346|73|109|725|485|797|560|0|192|140|235|270|231|0|192|16093|3463|2438|1040|46|78|290|271|719|490|0|192|167|201|48|66|357|480|811|709|412|367|307|343|71|130|34|56|0|192|5739|2477|684|670|1990|1200|2272|1905|694|712|99|84|1358|746|1289|767|69|115|6100|2556|0|192|1328|809|63|120|1140|764|2676|1544|0|192|196|342|0|192|697|770|46|76|462|297|355|247|355|247|0|192|107|176|0|192|0|192|0|192|56801|5925|53353|5819|8604|2341|0|192|154|162|1075|593|0|192|2783|1251|187|301|760|745|3373|1314|0|192|0|192|272|202|0|192|0|192|32175|5374|0|192|685|426|2268|1655|5478|3044|1754|1067|19872|4382|1622|1602|485|345|11|20|12574|2837|581|410|0|192|3310|1220|50|100|4667|2551|1747|1626|85|99|687|651|76|98|1113|735|258|244|3448|880|3368|868|80|148
314M700US4186036084|908330|13593|59046|4976|14994|2503|272|268|1451|628|470|424|697|391|12057|2135|5713|1622|5792|1336|552|387|47|79|11934|1682|479|371|717|601|2674|783|6424|1245|1308|530|332|226|0|225|7060|1396|465|462|2349|712|1942|675|411|340|1789|633|515|497|24904|3786|0|225|531|390|1024|682|2041|1627|297|321|1703|815|235|207|541|532|145|178|854|738|0|225|1994|674|1758|877|7225|1848|333|405|4844|1889|1379|839|154|186|519521|10215|172384|8065|146763|7940|108682|7540|19437|2748|18644|2251|5695|1341|18246|2891|1680|1405|180928|8518|13572|3287|256|250|161|193|138249|8346|13392|2725|293|337|6880|2481|6596|2131|1135|855|213|264|181|226|152962|8463|4853|1638|3767|1581|4560|1376|3265|1539|2252|866|96928|7510|1487|802|6568|2505|29282|4158|0|225|11629|2827|459|441|192|191|258|398|848|540|1873|751|509|486|156|200|713|436|373|366|182|303|2148|950|261|328|3479|2077|178|149|1618|1005|30283|4113|13161|2886|3036|1879|5175|1791|1241|604|0|225|656|672|1494|943|286|284|1273|747|273|236|117|188|0|225|48|77|108|135|7650|2233|1532|1028|4290|1978|688|493|1038|619|102|118|1583|891|1583|891|0|225|7018|2408|132|209|335|383|116|193|0|225|5018|2186|665|478|180|295|546|623|26|4|598|764|12169|2233|3519|1411|1905|826|1614|1046|8037|2018|38|8|95|156|480|367|287311|8946|276262|8715|3981|1278|233|295|357|336|862|740|64|106|205|235|0|225|396|360|1455|730|51|87|0|225|160|196|198|268|0|225|240068|8606|398|408|1101|797|31917|4750|22623|5026|7349|2514|166961|8331|9382|2934|337|436|0|225|32213|5817|2384|1098|659|474|5908|1933|855|499|4742|2221|1068|727|132|219|10665|3646|451|410|3942|1990|1407|1731|11049|1908|11000|1895|49|83
314M700US4186041884|547740|14408|55876|4796|15247|2091|400|328|4073|1331|384|286|1295|674|8838|1590|6595|1381|1819|687|424|441|257|287|14186|2508|659|510|966|602|6237|1798|4105|972|1132|557|983|564|104|175|6646|1457|1113|725|3040|989|252|180|109|128|1782|783|459|373|19797|2639|0|225|1039|497|495|326|430|291|240|202|453|340|313|215|366|276|190|230|326|223|78|131|1341|702|1503|725|6203|1803|143|137|4549|1233|2128|828|0|225|328722|9260|169148|8981|147841|8870|112558|8222|22050|2884|13233|2259|9375|2309|11196|1883|736|562|41847|4612|674|208|485|492|0|225|28458|3873|5046|1207|1057|1440|3222|1592|1166|498|102|122|1051|516|586|642|107006|7570|7240|3703|1064|697|2663|952|741|708|1968|695|66237|6754|1376|605|3153|1127|22564|4226|0|225|9633|2403|72|119|758|920|150|173|892|728|1738|664|591|534|186|234|576|466|352|264|163|186|2250|975|275|223|1330|1579|300|525|1088|667|10557|2619|4266|1686|312|262|1329|776|1312|1292|0|225|0|225|66|113|161|270|1086|695|117|196|117|196|0|225|0|225|0|225|3297|1361|1250|1033|976|701|492|333|66|90|513|434|755|524|755|524|0|225|2119|1224|0|225|196|336|82|133|0|225|1505|1018|0|225|0|225|0|225|336|512|3|2|6844|1639|3586|1126|2786|954|800|573|1633|908|0|225|0|225|1625|1011|145741|7353|135849|7284|2349|972|21|40|0|225|478|329|0|225|510|521|0|225|131|632|648|549|0|225|0|225|285|258|197|240|79|131|109329|6570|603|618|723|642|21818|4138|14527|4502|2708|1334|60834|7081|7630|2536|486|397|0|225|24171|3810|3394|1014|181|177|5425|1504|687|412|7105|2743|539|319|0|225|4741|1438|124|178|1700|1012|275|293|9892|1988|9828|1988|64|7
314M700US4266042644|634674|15702|78220|6914|12391|2074|773|504|1330|770|453|415|810|580|8338|1747|4734|1282|3181|988|423|433|687|468|11800|2123|576|299|328|293|2623|979|5597|1522|1195|481|1457|970|24|41|4121|1338|464|287|1786|837|359|394|0|218|1512|714|0|218|49908|6268|478|779|2948|1320|1869|1111|1147|935|161|271|689|290|548|339|557|559|178|226|2633|1459|0|218|2110|956|4182|1384|9821|2690|324|287|20536|4363|1727|667|0|218|375422|9250|142418|7863|104842|7302|84914|6504|7137|1847|12791|2403|8933|2177|28060|4417|583|580|121701|8078|11938|4732|1320|767|216|369|92342|8313|6741|2251|1498|1033|1435|976|3618|2179|250|224|1982|2131|361|335|91475|5960|1614|1067|3142|1361|3420|1237|3708|1502|2083|1074|30333|3478|2276|874|5649|1371|39250|4667|0|218|19563|5196|205|254|1984|1304|124|146|7016|4062|2332|1669|1026|687|544|584|750|581|826|414|1543|1047|2295|1171|161|162|605|631|152|251|265|225|50860|6511|33724|6569|1242|794|13143|3172|7078|2314|10148|5029|515|482|331|325|162|280|1105|792|3283|1910|227|356|505|507|2551|1777|0|218|1884|739|163|267|1213|560|97|161|62|86|349|347|4631|1792|4631|1792|0|218|6668|2434|0|218|508|433|0|218|634|809|2123|1405|790|1023|131|50|189|321|2293|1756|670|803|9263|2679|4137|1456|2834|1206|1303|767|1073|643|0|218|478|503|3575|2441|120909|7519|103691|7019|4053|1367|318|390|0|218|455|329|0|218|473|450|0|218|896|822|1559|951|0|218|45|76|258|193|0|218|49|85|73444|6359|891|747|172|213|6669|2548|4439|2023|6918|3752|51969|5819|1896|2119|490|455|0|218|26194|5300|1580|899|109|181|6812|2499|2204|984|4712|2075|2419|1246|380|556|3747|2902|0|218|4146|2460|85|140|17218|2320|17218|2320|0|218
314M700US4530045294|430627|16737|39327|4002|7961|1533|96|117|1025|569|636|547|789|745|5248|1074|2027|745|2774|750|447|307|167|209|8372|1485|338|231|242|304|1185|527|5552|1368|713|393|342|565|0|247|7181|2177|1914|851|3267|1695|1092|542|0|247|908|595|0|247|15813|2709|550|550|677|654|1021|612|1145|854|276|324|1209|954|509|488|40|66|43|73|94|156|526|635|4021|1453|1257|824|2263|937|79|137|1810|1030|293|355|0|247|85300|7793|13058|2669|8976|2137|7735|2128|322|387|919|642|1646|1099|2033|948|403|482|36647|5294|1426|1810|1757|1682|0|247|29654|4781|854|483|89|148|693|616|1885|1177|258|409|31|57|0|247|22581|3867|689|598|31|54|465|396|588|848|333|345|9260|2600|249|294|2742|1283|8224|2423|0|247|12505|6617|83|136|0|247|0|247|500|794|653|654|1665|938|0|247|1414|873|1238|1365|4743|6181|1762|1483|339|547|0|247|108|126|509|399|15266|3834|3495|1343|96|150|656|623|733|561|688|897|617|606|145|178|158|270|402|358|1720|1250|991|925|175|284|193|312|361|603|5121|2333|0|247|3433|1966|727|641|665|750|296|342|588|496|588|496|0|247|3585|1628|207|152|1091|1054|82|137|0|247|1299|755|346|587|133|228|427|523|0|247|757|831|584|569|235|221|235|221|0|247|0|247|0|247|21|44|328|492|290150|13684|281950|13378|153206|12717|1563|1325|965|852|103131|10734|524|586|17850|5258|59|98|11139|4293|11753|3011|260|254|70|120|4494|2038|0|247|1398|775|61688|7907|495|478|2651|1353|3780|1912|6294|2471|10257|3877|31011|5460|4524|2434|2676|1181|0|247|67056|9284|1311|890|261|288|5769|1990|1804|1181|26419|5819|7416|3097|1357|775|5499|2414|557|673|16176|5521|487|324|8200|1762|8197|1762|3|5
314M700US4790011694|807915|20821|57225|5846|12161|1971|1056|672|1290|616|91|146|1531|863|8085|1569|5114|1437|2377|615|594|526|108|129|12072|1980|457|303|1385|801|2298|771|5945|1433|1437|834|550|447|0|213|8349|2058|1427|624|2463|911|1790|786|0|213|2669|1355|0|213|23850|3467|915|772|581|336|720|426|1540|933|93|115|1004|669|386|275|221|234|168|158|451|408|675|530|1707|912|1786|660|5353|1551|668|497|4765|1764|2817|1417|793|1019|354379|9804|89140|5970|39147|4115|30888|3980|2686|895|5573|1420|4266|1109|42804|4653|2923|1444|165593|10234|19385|3532|17731|4416|169|270|74169|6806|14433|3505|1391|1379|12242|3079|23320|3656|953|802|897|659|903|596|69094|6165|1090|915|1766|936|954|411|1658|953|622|351|22192|3475|644|393|4376|1158|35792|4997|0|213|28906|5295|140|153|761|574|315|286|3290|1261|1196|488|2118|1317|1939|1204|3837|1139|2538|1814|1998|888|8165|3360|915|501|971|712|723|457|1646|666|100830|10985|41445|8080|2314|1150|27933|5960|2711|922|3258|1382|566|679|424|335|295|200|3944|3828|2139|1025|1664|967|107|187|233|237|135|172|22157|4856|1087|570|8871|3235|7112|2745|2718|1498|2369|1716|2873|1269|2873|1269|0|213|30729|5735|102|128|13767|3664|1411|1019|939|829|4151|2020|574|813|4560|2242|1009|794|4216|2040|1487|1242|1544|524|1098|470|949|449|149|132|64|109|0|213|0|213|382|265|293937|11145|288541|11256|12962|2471|176|287|550|533|1630|776|0|213|2466|1058|113|138|1754|977|4135|1410|224|247|309|415|573|380|323|430|709|483|183738|12231|686|668|1802|840|92261|8881|36874|7295|28225|6051|17775|3146|4258|1594|1686|802|171|260|91841|8088|3653|977|24301|4728|4962|1263|2417|1316|12782|2783|4425|1586|1270|597|28709|5342|1123|651|7583|3215|616|513|5396|1104|5396|1104|0|213
314M700US4790023224|409973|12783|35182|5550|5993|1267|301|375|631|316|0|228|116|127|4556|1157|2626|890|1750|797|180|174|389|340|7089|1772|109|126|374|351|3133|1193|3023|969|260|186|190|145|0|228|6729|3902|296|247|1888|853|583|449|0|228|3888|3758|74|122|15080|3560|190|235|511|422|21|37|1115|896|107|172|288|218|707|734|418|574|140|175|92|107|32|54|1325|684|536|429|4090|1428|123|152|4701|2235|684|512|291|315|146090|4939|51851|4808|36899|4854|28879|4472|2290|846|5730|1260|3335|1091|11617|2484|0|228|53755|5016|2355|1876|4136|1937|0|228|29573|3490|6284|2108|710|739|2286|1518|3904|1280|3599|1573|908|734|0|228|32654|5096|1313|865|926|494|1837|1098|198|194|501|413|17637|4833|277|307|1921|795|8044|2095|0|228|7701|2058|917|1086|0|228|238|342|144|170|1893|764|747|731|361|345|473|357|730|652|393|365|1519|1056|38|67|0|228|248|187|129|157|73359|6413|31499|5483|861|741|24068|5241|1609|1272|293|362|1960|1629|1040|1330|603|572|1065|712|5916|1974|5118|1939|0|228|632|417|166|157|3503|1431|196|180|1519|743|532|415|458|494|798|904|1720|829|1720|829|0|228|29254|4445|653|1111|7034|2663|1367|814|2797|1734|6743|1997|1057|1160|2884|1531|3586|1948|3133|1827|1467|1486|1435|680|1323|654|911|534|412|300|0|228|0|228|0|228|112|219|153907|7817|151197|7746|17508|3202|164|216|783|778|2284|1818|0|228|4029|1547|343|482|2862|1415|4874|1962|515|518|0|228|930|506|76|90|648|472|85183|9771|147|209|296|287|49812|8799|12614|4323|11207|3697|6921|1906|2976|1532|750|668|460|692|48506|5803|3150|1293|5430|2287|6069|1957|2755|1526|9977|2968|3079|1329|914|697|11967|3663|653|424|3928|2063|584|451|2710|950|2710|950|0|228
314M700US4790047764|371950|13472|23081|2414|6798|1316|82|133|415|303|126|147|551|471|5160|1207|3429|1015|1527|642|204|207|464|358|7170|1522|203|231|989|751|1912|694|3256|1005|657|362|116|137|37|62|3966|1124|1048|869|1434|628|336|530|0|213|1061|645|87|99|5109|1420|198|163|86|149|60|100|430|310|62|107|106|124|229|199|107|131|244|330|46|77|0|213|547|386|617|607|1258|529|50|82|836|701|233|214|38|66|56990|4177|13161|2462|8334|1986|5738|1339|1156|546|1440|840|1695|726|3091|981|41|70|21411|4443|5942|3095|2673|1828|0|213|8726|1886|1057|661|30|55|1337|1236|1323|1138|155|250|168|169|0|213|18368|3523|701|570|222|272|245|259|0|213|482|363|11389|2681|196|177|530|349|4603|2301|0|213|3877|1606|121|147|86|150|39|66|6|17|377|277|182|179|263|276|787|560|143|254|334|275|1463|1099|48|84|0|213|28|46|173|209|86350|8314|23432|5730|1811|1426|17017|4892|1152|774|76|127|673|530|524|546|268|234|1911|1192|11934|4283|11008|4107|202|326|405|659|319|353|2170|958|210|223|741|584|615|481|544|485|60|96|712|544|414|379|298|385|46629|5494|0|213|5494|1779|1942|1488|1703|801|23488|4089|1621|1299|7245|2775|1564|1227|3572|2103|1473|838|831|455|749|432|445|363|304|220|0|213|0|213|72|108|10|6|204698|9152|202365|9051|36390|5911|781|897|156|199|830|448|246|318|5528|2834|1035|836|3401|1594|15728|4816|320|309|62|102|7676|1889|0|213|627|348|137470|8974|0|213|170|175|74735|6522|28879|6255|14445|5374|13554|2723|2827|2213|2860|1577|0|213|28505|5080|1862|777|2695|1686|2115|1070|1002|687|7364|2351|1050|649|4208|1869|3289|1563|394|421|4332|1715|194|230|2333|979|2333|979|0|213
330M700US122|1118956|23200|78053|7186|23231|3606|436|291|1061|499|173|170|705|427|20219|3323|10553|2732|8557|2131|1109|569|637|406|16564|3236|548|386|890|1011|3101|1406|9035|2258|2511|1229|479|326|0|213|5362|1434|1522|983|1738|661|141|112|0|213|1961|720|0|213|32463|3636|62|72|887|430|4948|1739|2222|895|250|174|874|596|948|821|72|119|229|198|815|598|0|213|3462|1505|4738|1429|5634|1605|753|438|4942|1655|1627|906|433|385|360571|8370|99135|7186|49973|5188|40954|5048|3198|1087|5821|1387|5383|1545|43736|5067|43|73|158296|8193|5386|2712|8211|2160|2211|1710|114694|6865|8215|2124|932|680|5968|2662|10076|2536|1754|945|668|423|181|152|80311|6600|4735|1488|5341|1910|2263|846|4526|1398|2043|859|15279|2723|560|487|3669|1301|41895|4909|0|213|21172|3923|57|101|300|219|669|750|2332|1162|4671|1907|567|440|151|184|1711|1140|1228|886|1679|1854|5738|2314|905|621|0|213|1164|1004|1657|1172|123920|11325|46152|6709|1814|1194|21028|5074|8560|2745|1416|848|1846|1025|3339|2167|1673|1409|6476|2981|11976|4086|3026|1349|1892|2064|4365|2607|2693|2521|5435|2068|537|473|1276|688|1691|1001|1366|1166|565|521|5879|1976|5445|1875|434|718|52536|6769|403|437|10293|4192|2799|1332|2147|1075|26731|5300|1600|1119|2143|1416|1348|850|5072|1630|1942|1154|3441|1210|2726|913|2472|890|254|194|0|213|0|213|494|732|221|259|552971|17098|536907|16947|124704|11608|952|497|1508|851|13842|3883|1614|1090|12432|3041|414|445|22875|6055|56571|6684|225|243|587|588|8768|2346|1405|1236|3511|1965|285345|11326|761|675|2037|1261|26867|5515|41980|7920|16575|3516|184357|10149|8640|2961|4128|1707|0|213|126858|10813|3618|1443|910|609|17126|3528|2580|1361|35268|5910|4140|1383|8830|3644|11736|3091|1870|1113|40123|8006|657|369|16064|3157|15421|3127|643|537
330M700US148|1517063|23624|239977|11046|44114|4895|739|493|15089|3201|203|146|2058|845|24807|3117|11765|1977|11417|2278|1625|661|1218|644|26819|2724|682|313|1749|799|7422|1604|12340|1869|2523|849|2012|727|91|128|85834|6258|10181|2334|16582|2321|53368|5157|13232|2326|5471|1603|232|193|83098|7584|17659|4482|3479|1260|2505|991|2323|1014|611|590|2156|979|1628|847|1320|596|1421|630|2817|3171|560|475|8066|1750|3820|1304|19197|2913|720|585|10055|2108|4761|1517|112|133|431453|10044|157701|6680|126601|7215|108825|7687|8938|1484|8838|1961|7538|1898|23562|3443|0|213|136931|8080|1677|1394|8298|2825|250|401|96683|7505|8321|2616|1316|1112|10040|2738|6625|2170|2651|1595|437|319|633|493|92501|7180|1076|465|13993|2636|4641|2408|6423|2463|1484|567|15514|2727|1016|541|8504|1523|39850|5312|0|213|43677|5960|744|457|2111|1073|375|364|6085|2829|6102|2641|1319|1068|705|511|10143|3113|1149|772|5087|1552|8389|2292|970|595|0|213|498|484|643|571|156721|10544|32548|4810|641|659|7917|2952|11661|2903|2082|1181|514|490|5664|2824|786|720|3283|2037|5563|1823|1286|913|1553|778|1220|664|1504|776|23229|3608|1388|810|6828|1936|10912|2547|1215|977|2886|1998|3905|1004|3835|998|70|82|85976|8692|43424|7005|12485|2731|365|270|7108|2729|15859|4430|3404|1717|2348|1014|0|213|983|695|5500|2230|6066|1375|5164|1237|4155|1122|1009|462|226|168|0|213|0|213|676|413|682846|18732|650351|18537|256898|13110|203|152|3353|1639|3786|1096|1987|1045|149838|9920|155|144|68245|7624|16188|3516|1034|1136|865|572|7889|2349|614|550|2741|1352|159002|13550|661|561|2734|1437|47990|6265|68175|11016|13059|3509|17899|3371|2833|1553|1451|758|4200|2168|234451|12200|2852|911|4423|2864|135136|10312|3011|1180|42437|5906|21193|4982|1641|907|9873|2854|2220|1065|10048|3230|1617|1282|32495|3242|31933|3207|562|460
330M700US172|403376|14025|37091|4809|7228|1596|181|193|555|437|140|175|170|169|6113|1501|2966|1124|2895|1067|252|226|69|94|6287|1354|259|225|124|151|1118|628|4155|1108|581|446|50|82|0|213|4034|1562|1021|499|1906|1356|363|292|0|213|744|516|0|213|19542|4326|984|942|999|463|1125|1055|914|857|45|78|537|356|212|228|0|213|407|479|1727|1042|109|129|1567|793|1848|1409|4907|2386|236|209|3238|1378|687|515|0|213|114424|5387|16171|2580|10048|2105|8722|1915|758|471|568|507|1246|630|4806|1481|71|126|61114|5060|957|1425|0|213|0|213|53520|4816|1167|756|246|257|1543|1202|1248|758|118|169|698|853|1617|1606|30152|4348|2114|1336|783|833|605|383|5442|1444|97|149|6757|2165|113|174|2415|825|11826|3411|0|213|6882|2798|180|243|341|348|52|111|1626|1981|556|649|704|720|0|213|1024|828|801|794|125|204|1003|711|60|101|49|83|361|368|105|177|26540|5336|5618|2044|1368|1195|1556|966|1196|707|0|213|0|213|953|861|275|248|270|253|3109|1921|487|371|1143|1299|1327|1288|152|244|1491|761|70|119|805|516|616|534|0|213|0|213|2547|1108|2495|1114|52|87|10210|2837|113|207|1554|1288|0|213|2872|2039|3516|1929|235|304|727|757|573|618|620|851|3565|2225|2448|1448|2059|1256|1754|1237|305|264|0|213|0|213|0|213|389|485|222873|9675|216246|9104|25308|4689|673|796|498|469|5045|2649|59|71|7009|2341|0|213|6083|3100|4021|1844|0|213|0|213|961|819|282|447|677|605|138306|8114|9|18|1628|906|16728|4554|16476|3842|28886|5636|69375|5664|4240|2131|964|460|0|213|52632|6237|2253|1036|262|275|3582|1686|1728|1085|18703|4681|6521|2382|1533|878|6042|2285|41|76|11300|3651|667|494|6627|1800|6627|1800|0|213
330M700US176|1852294|28797|362362|13675|22776|2939|454|412|6338|1411|491|332|852|590|14328|2333|7277|1519|6424|1646|627|338|313|284|28058|3809|1277|593|821|534|5904|2520|17547|2451|1548|654|961|665|0|213|30535|3372|11809|2235|12634|2091|414|358|0|213|5678|2534|0|213|278793|11692|5407|1957|3171|998|9903|2228|8715|2355|2582|972|5672|1794|2156|1224|1452|605|10135|2957|5233|2120|4992|1434|114367|8827|13531|2517|20958|3825|4892|1320|52831|7388|12796|2314|2200|1429|559282|13981|141751|9231|90997|8688|75321|8145|7181|2424|8495|2093|9637|2843|37906|4406|3211|1628|225443|11341|3481|2768|5442|2460|150|250|162858|9615|8174|2511|1440|871|2656|1354|29746|5599|1994|1387|2567|1259|6935|3357|129273|8131|4442|1832|1163|552|3101|1382|2715|1426|4325|2661|83894|6521|978|715|7093|1980|21562|4972|0|213|54327|7705|922|1171|2262|1632|51|87|11920|3633|3374|1487|11246|3012|2985|1446|3114|1080|3995|2132|4480|1710|5317|1923|2408|985|1684|1081|569|444|8488|2556|77431|8296|15370|3104|963|638|3247|1486|2821|1255|717|656|1040|513|1404|712|1287|1356|3891|2149|6293|2542|4252|1847|1009|1020|100|153|932|1153|12581|3337|2110|1017|4532|1637|4414|2838|385|399|1140|624|3088|1058|3088|1058|0|213|37442|6253|0|213|7062|2456|325|368|1021|798|24507|4688|0|213|1011|795|1129|978|2387|1680|2657|1723|3545|1208|2758|973|2125|788|633|430|164|268|0|213|0|213|623|415|849674|20654|829039|19884|23340|3166|345|427|281|238|8155|2003|307|451|3350|1405|49|83|3116|1489|6958|1851|0|213|163|241|419|365|112|186|85|104|679403|19031|3078|1356|1487|685|9164|2870|25934|4569|13438|3888|618446|18005|6244|2789|1435|766|177|173|126296|13209|5863|2433|1035|907|9421|2705|2959|1619|29642|5485|29087|6847|1269|785|11517|2538|211|271|33672|6756|1620|1471|20635|3957|20635|3957|0|213
330M700US184|196665|9976|53605|6158|5300|1268|203|170|649|496|145|180|192|150|4034|999|1688|782|1816|641|530|334|77|129|7256|1424|579|358|120|119|803|501|5186|1071|431|413|137|124|0|211|5898|1840|1789|1457|3610|1007|302|407|0|211|161|162|36|58|35151|5422|2017|1179|479|435|1956|760|72|117|2237|849|770|436|861|437|130|157|778|782|438|447|194|248|1999|659|4757|2024|2776|1172|1084|536|11280|4105|3323|1398|0|211|80810|3999|15869|2489|11051|1954|9842|1923|184|224|1025|560|1814|898|3004|1238|0|211|33142|4279|944|814|1009|831|4728|1942|17901|3309|1873|870|367|375|4640|1783|1287|1100|147|157|103|172|143|145|18166|2945|1616|924|463|325|449|326|220|256|160|234|5620|1472|195|224|3381|1746|6062|2129|0|211|12568|2729|122|204|113|190|50|70|1242|902|1299|737|708|546|316|220|3128|1455|818|896|2413|1379|1480|813|518|408|120|129|241|165|1065|718|18824|5195|4570|2053|905|1495|347|593|1352|955|63|108|292|275|1186|820|256|367|169|223|4830|3609|1334|1900|2597|3076|547|456|352|432|2601|1175|586|680|1309|733|204|297|0|211|502|530|1019|648|1019|648|0|211|4904|1794|0|211|1779|1102|417|528|159|275|1465|981|0|211|342|399|290|299|452|517|900|1145|410|322|410|322|410|322|0|211|0|211|0|211|0|211|0|211|43016|4767|37587|4771|5267|2051|0|211|0|211|469|367|0|211|2174|1480|0|211|956|826|1429|705|0|211|0|211|239|233|0|211|0|211|20561|3936|80|138|99|115|2314|1213|3367|1235|3977|1945|9799|2655|787|1190|138|163|0|211|11759|2370|370|327|0|211|2496|912|134|214|2418|1459|2190|1362|527|425|1593|896|108|173|1678|909|245|395|5429|1280|5429|1280|0|211
330M700US198|233248|11855|20997|2941|3838|1237|0|211|45|6|0|211|97|111|3637|1227|2498|1172|1057|452|82|101|59|100|4235|1020|39|64|195|191|1007|541|2833|804|90|108|71|106|0|211|1544|615|159|187|768|428|314|353|243|334|214|211|89|146|11301|2530|914|533|581|451|296|240|283|344|26|11|408|371|419|292|134|166|136|231|64|85|548|416|413|327|635|349|2262|833|0|211|3156|1612|1026|880|79|132|88950|5059|25198|3692|17379|3007|14111|2471|556|382|2712|1805|4211|1755|3608|1233|0|211|45223|5747|0|211|394|307|10983|3566|23574|4331|1926|1017|545|467|5937|2489|1455|913|0|211|143|182|266|431|12287|2979|1605|1359|1393|1128|168|193|663|501|614|554|4395|1437|275|329|470|355|2704|1097|0|211|4953|1660|72|120|230|233|0|211|499|378|540|531|1239|1258|266|280|170|170|329|299|423|285|624|490|252|358|0|211|309|330|1289|940|54357|7311|21621|4860|536|483|2513|1300|5480|2172|10625|3185|616|670|744|733|78|98|1029|1013|2998|1431|835|730|1349|993|615|528|199|335|9044|3211|2878|1929|1365|844|3576|1828|1225|989|0|211|665|671|608|660|57|94|16674|3939|0|211|4695|1428|26|39|1722|1380|2332|1292|970|616|1648|1907|387|391|4894|2529|3355|1684|1020|672|988|671|844|663|144|113|0|211|16|27|16|27|0|211|67924|7341|64493|7262|15523|5032|0|211|0|211|423|681|189|300|2993|1648|0|211|9575|4895|867|573|166|207|274|357|938|1214|0|211|98|118|29880|5191|90|154|358|430|2653|1422|1039|561|3743|2019|20396|4367|1403|1001|79|125|119|169|19090|5475|608|412|682|666|3984|1934|633|552|1894|764|2345|2153|0|211|512|367|75|123|8253|4302|104|164|3431|1174|3431|1174|0|211
330M700US206|1731975|32116|67254|5224|18047|2496|397|329|1084|572|197|186|1028|628|15074|2235|7273|1533|7095|1642|706|446|267|234|16445|3386|402|347|664|404|3316|1364|10026|2366|1870|1189|167|168|0|213|6731|1869|606|462|2726|922|1033|790|60|99|2366|1328|0|213|25958|3280|719|598|637|467|1417|1220|1682|994|1221|856|422|274|474|315|538|454|614|575|1441|1115|198|225|3276|1268|2278|1054|5011|1494|580|482|3733|1540|1717|925|73|91|580766|12362|93173|7695|55294|5647|41359|4765|2540|843|11395|2516|5441|1364|32394|4555|44|71|313502|13962|9007|4113|9407|2775|332|282|228659|13737|10121|2632|336|240|25468|4961|26729|5338|2787|1566|455|514|201|324|124550|7269|6255|2043|3180|1192|2767|983|4625|1353|2898|1190|29935|3865|781|687|6384|1897|67725|6431|0|213|47874|7045|339|331|56|92|1458|1596|12480|4767|1706|791|7153|2448|1777|1016|5477|2179|4233|2077|4353|2202|5725|2442|1648|817|94|158|1375|819|1667|1083|152895|16470|50051|9828|2597|1444|18990|7670|12704|3877|2413|1587|1145|846|1986|1390|4603|2234|5613|2812|19278|5494|6625|3125|5882|3749|5962|3291|809|932|13680|4187|1302|1517|5210|2460|1163|1030|5235|2764|770|496|8397|2705|7990|2553|407|441|53295|8940|0|213|5779|2456|1301|1155|1035|697|40385|7769|2024|1706|637|623|221|277|1913|1151|8194|4500|4705|1187|3434|1101|2979|1066|455|294|102|127|214|244|431|424|524|240|926355|19666|907595|19426|41019|6942|1340|986|326|296|23154|6153|905|834|5959|2279|137|161|1735|1116|5184|1924|0|213|0|213|1406|678|0|213|873|759|752112|16881|1721|1275|3814|1429|66686|9097|19999|5439|47537|10330|602738|15628|7719|2997|1723|707|175|288|114464|13218|3835|1613|1848|1376|14352|4403|3666|2544|17172|3788|4124|2072|2089|872|8060|2645|1531|1756|57557|10105|230|270|18760|2842|18613|2808|147|181
330M700US216|481190|16782|60824|5974|14449|2505|260|211|1569|1103|170|169|1292|672|11084|2069|4472|1240|5732|1463|880|544|74|133|15403|2334|1071|507|379|311|2759|951|8678|1667|1499|742|1017|572|0|224|3343|937|328|319|1959|713|140|171|0|224|916|485|0|224|27629|4417|1205|1835|1898|1231|1037|568|2508|1496|209|212|1284|814|599|329|367|370|411|318|385|398|43|69|2261|846|1925|1221|7316|1922|165|195|4566|1575|1450|955|0|224|113458|5657|32204|3548|18240|3034|13781|2725|1439|720|3020|1089|3176|1003|10264|2004|524|478|41364|4620|3783|1816|308|240|1138|894|24655|3698|2488|1093|945|668|4742|1966|1288|952|557|394|923|762|537|557|30083|3237|1189|781|1331|1024|1962|887|2304|1460|825|617|8234|1675|293|301|2966|1243|10979|2455|0|224|9598|2518|516|542|386|633|290|334|1210|988|2181|1215|553|530|741|617|678|409|575|500|912|664|908|820|122|141|0|224|526|531|209|292|43666|6703|20448|5126|2163|1890|8664|2386|1635|1014|2538|1917|27|46|500|468|1211|1050|3710|2265|4117|1917|1183|1117|1094|945|1705|1250|135|221|5548|3258|147|244|936|543|1307|779|2770|3202|388|491|2576|1180|2576|1180|0|224|10668|4134|0|224|4114|1844|800|1283|0|224|1275|778|1536|1583|0|224|313|380|2630|2248|309|460|7421|3274|4331|2210|3332|2100|999|546|687|780|41|70|2079|1694|283|254|255821|14043|246052|14132|12998|3989|139|242|0|224|6060|3222|77|138|1401|1039|73|121|1368|1250|3420|2101|0|224|0|224|112|154|0|224|348|339|180552|10654|224|234|410|298|7869|3344|3987|1760|5676|2450|159700|10938|2149|2242|537|399|0|224|52502|9204|1542|823|935|848|6674|1741|1554|865|8148|2483|1575|961|274|327|11310|4674|106|174|20298|7332|86|153|9769|1659|9549|1605|220|242
330M700US220|577138|15953|93251|6917|9888|1719|77|127|314|190|122|144|116|142|8671|1727|4685|1391|3033|720|953|373|588|525|14138|2497|920|549|568|286|1807|717|9760|2252|591|341|492|383|0|187|11155|1746|2137|743|7344|1549|139|144|0|187|1016|547|519|341|57927|6051|12577|3127|372|491|3137|1598|1602|1387|354|219|922|669|458|313|42|68|433|276|514|456|4004|2420|8454|2214|8597|2015|3642|983|677|306|6506|1967|5636|1530|143|180|334580|11708|52902|4364|28915|3162|24954|2971|964|604|2997|934|6714|1645|17273|2960|0|187|117257|6630|927|740|23305|4708|0|187|78086|5714|3456|1217|453|603|1732|1027|8335|3278|781|638|182|200|0|187|31145|3928|307|465|363|316|449|286|1493|880|1080|585|16137|2604|257|329|3207|1092|7852|2422|0|187|131968|9224|237|270|855|660|27|57|51939|5914|1974|1133|4977|1678|680|357|27460|3674|2040|1087|6158|1781|1793|893|1118|752|32433|5607|277|341|1308|570|26747|3901|4031|1662|733|1050|1275|773|822|619|0|187|386|495|185|192|332|302|298|365|2869|1755|846|1107|629|598|1202|1099|192|318|5621|1862|633|604|3309|1447|326|241|567|588|786|945|2476|1098|2420|1097|56|95|10211|2383|0|187|682|386|0|187|480|367|7342|2041|379|386|439|428|0|187|889|600|1539|1399|1715|633|1462|562|1147|503|315|254|0|187|0|187|253|315|0|187|120845|8283|98308|7252|15330|4066|0|187|42|71|4337|1835|0|187|3422|1822|1266|1674|1239|859|4275|2045|258|309|0|187|491|491|0|187|0|187|58292|5260|0|187|663|393|2178|908|2533|1008|2527|905|48186|5047|1509|1419|673|467|23|44|24686|5110|1204|526|72|86|6553|1784|393|316|6661|2334|1282|841|0|187|761|609|29|47|7532|4673|199|260|22537|3091|22537|3091|0|187
330M700US288|1997364|31011|77313|5816|24316|2913|271|254|1049|720|443|402|1111|1068|20662|2482|10709|2175|7432|1711|2521|1224|780|501|15488|2681|573|393|1263|569|2858|966|8204|1894|1764|825|729|570|97|158|10320|2680|889|484|2675|1195|870|794|522|724|5886|2158|0|242|27189|4073|229|230|208|243|1294|1129|433|421|725|523|1153|737|1189|662|121|152|460|455|1639|1263|758|982|2498|1044|3251|1671|8164|2125|748|605|2710|1123|1609|836|0|242|494560|13164|96568|8482|77415|7972|56361|6876|5870|1203|15184|2680|4689|1573|14367|2831|97|173|178375|12743|9069|3794|5480|2511|180|309|104191|9755|12227|2732|1350|1020|3697|1800|36293|5663|3399|1765|586|616|1903|1093|180242|10624|2770|1828|4504|2006|5018|1622|2890|1668|2444|974|49603|7648|4297|2234|4879|1562|103767|9891|70|115|37688|7043|562|791|2126|1636|915|932|9352|5943|1832|954|2745|1403|3258|2127|3434|1166|3024|1234|1263|773|3995|1617|3946|1690|804|1182|432|363|1687|1571|139412|13260|16868|4669|991|741|3722|1480|5881|3186|289|357|2075|1680|739|626|1256|777|1915|1090|11878|3709|6145|2623|1848|1093|2884|1781|1001|1347|12135|3550|1890|1283|6111|2300|983|1086|2578|2123|573|504|5127|1888|4983|1866|144|175|90790|10667|191|325|3141|1476|1013|811|1009|593|81656|10439|731|828|707|757|1067|1269|1275|992|2614|1966|3575|1234|2890|1142|2670|1078|220|205|67|92|0|242|618|703|0|242|1282504|24044|1262757|23537|118648|11029|751|598|439|498|81902|8709|990|703|11177|4405|82|136|1324|743|11497|3679|1252|847|381|443|6543|2227|790|745|1520|1051|973271|24211|1413|889|2046|1508|140485|13411|60930|7048|126623|12290|616341|23601|19916|5312|2770|1242|2747|3760|170838|15122|8445|2917|3483|1880|16258|5000|4754|1800|45780|7947|6084|2501|1361|721|6501|2174|869|602|75184|11712|2119|1785|19747|5895|19693|5897|54|87
330M700US332|541914|14774|36149|3536|7667|1663|49|80|892|649|50|82|265|295|6371|1367|3161|1074|3091|867|119|142|40|66|8831|1849|296|243|239|299|2110|943|5614|1379|308|324|264|226|0|236|4839|1650|1723|1245|2374|1038|156|171|0|236|586|352|0|236|14812|2864|1172|1167|222|262|983|650|1270|647|222|211|200|197|1469|854|47|77|161|198|117|196|262|344|2841|1274|1107|596|1513|808|555|537|1316|949|1355|761|0|236|182555|7328|48194|6665|31339|5199|24897|4902|3074|1075|3368|832|3080|954|13775|3633|0|236|16389|3911|684|630|133|119|0|236|9212|2981|3630|1022|0|236|1808|2175|140|136|248|215|157|160|377|564|111265|7282|1330|1366|1377|774|1521|977|1201|715|95|119|88871|6326|361|221|5400|2058|11109|3522|0|236|6425|1463|1116|635|304|274|242|280|516|438|1876|994|239|229|0|236|1037|631|0|236|256|242|681|529|76|129|0|236|82|138|282|390|20767|4273|12797|2947|588|512|8122|2556|1262|912|528|608|839|972|306|510|272|279|880|571|1634|1234|139|229|757|678|738|1029|0|236|760|485|252|306|288|285|172|203|0|236|48|80|706|445|706|445|0|236|3660|2334|259|426|2217|1556|298|485|0|236|133|152|113|134|0|236|0|236|640|965|1210|874|4163|1398|1269|665|997|644|272|225|420|469|49|84|0|236|2425|1289|298280|12073|289473|11874|36808|6254|0|236|315|381|32695|6009|0|236|1693|907|0|236|178|249|883|686|159|254|0|236|775|529|42|70|68|112|224935|10427|155|147|116|99|22417|4211|13563|4617|5830|2025|176601|10574|5563|2917|638|632|52|86|27730|5765|1939|874|512|377|9509|4385|898|909|5632|2242|1591|1055|200|234|4492|1466|77|128|2776|1590|104|126|8807|2022|8714|2022|93|154
330M700US348|5570599|43131|281550|10560|71154|5046|1739|728|5724|1526|2163|745|3702|1079|56498|4564|27746|3453|24883|3000|3869|930|1328|688|57612|4649|3976|1246|2591|1003|14741|2112|27222|2800|6044|1284|2701|1004|337|242|26834|3164|4549|1299|12458|2168|2317|714|128|157|6960|1658|550|542|124887|8681|1186|777|3748|1604|1238|697|4025|1118|3224|1247|4189|1404|5474|1623|755|434|1716|847|1943|789|1180|889|11230|2564|13690|2494|36910|4478|1781|815|26150|4444|6448|1684|1063|841|2040047|24793|709510|19637|435271|16580|297378|14429|40364|4892|97529|6792|50458|4809|221928|11041|1853|1134|348238|15056|11246|3819|13380|3435|0|225|119630|9136|158878|9197|8114|4502|6543|2440|19882|4197|6904|2198|2567|1453|1094|868|769935|17099|9472|2709|29015|4061|20644|3269|5803|1426|7192|1944|383298|15608|5108|1765|32219|3897|277184|10241|0|225|206357|11817|88412|8456|3091|1141|3770|1930|12401|3074|20428|3278|8345|2455|2665|1040|21613|3333|4282|1590|21950|4477|14114|3946|1977|823|1004|1060|2305|1065|6007|2329|115813|10584|24609|4641|1987|1251|10758|2776|4927|2668|2189|1664|1475|713|1307|717|645|531|1321|595|3965|1982|2010|1523|210|262|1350|1161|395|397|43117|5912|869|621|34927|4977|4654|2301|802|411|1865|1042|12268|2080|12151|2081|117|129|30363|5706|0|225|5089|1708|338|337|243|369|23051|5102|106|91|1267|876|0|225|269|204|1491|1014|25703|3727|15056|2657|12804|2606|2252|786|4275|1458|278|301|0|225|6094|2103|3107486|34335|3051506|33920|41263|4696|366|360|240|217|19251|2462|126|150|5025|1679|259|318|3789|2166|8359|2125|50|84|526|541|2032|846|0|225|1240|792|2832559|34517|13152|3442|8010|1762|327662|15840|243181|15804|49325|6057|2133774|30613|51736|7322|4576|1441|1143|747|177684|11102|16568|2752|7697|2088|23564|3580|9918|2278|45192|5938|17901|3202|1248|805|41033|5673|1582|739|11680|2804|1301|855|55980|4051|55869|4073|111|192
330M700US370|2960318|33804|176955|9737|25486|3395|308|247|1641|725|411|382|1835|777|17982|2450|7952|1656|9252|1957|778|514|3309|1693|31268|4389|918|560|1697|817|11326|3178|11996|2055|2834|1117|2497|1552|0|247|36926|4992|2679|1010|14402|2774|4841|1604|320|362|14805|2880|199|286|82952|7008|1843|1039|2133|832|410|320|2228|1295|1449|612|4716|1937|3940|1633|1043|714|2895|2446|1047|662|880|796|9558|2604|7073|1972|20171|4016|2050|1120|16194|4001|5322|1603|323|342|154060|8940|28824|4584|22211|4335|19013|3918|2193|1102|1005|526|2357|1020|4256|1517|0|247|52410|6256|0|247|6850|2420|0|247|29027|4978|4676|1748|984|579|851|793|6212|2318|1900|1224|1488|1050|422|392|35910|5121|657|505|401|321|647|443|200|245|1142|674|15766|3338|393|336|3319|1584|13385|3499|0|247|33764|5144|817|790|245|232|391|430|1404|1413|12373|2234|1564|1131|1194|694|3348|1263|1113|564|1333|697|9367|3376|322|341|44|77|249|211|3152|3046|28833|5170|4441|1413|309|340|906|679|542|389|0|247|1006|768|413|374|409|320|856|663|898|747|90|149|44|76|178|252|586|680|7248|1855|423|380|2341|836|3463|1235|128|213|893|1062|6454|3137|6413|3139|41|72|7964|2648|0|247|1113|1418|272|457|8|13|5855|2389|106|180|0|247|0|247|610|718|1828|2318|3387|1330|2668|1083|1980|969|688|416|164|263|0|247|0|247|555|451|2597083|31790|2556642|31928|1430020|25910|12826|2862|2540|967|873619|18727|3971|2094|70628|6738|1413|882|263684|17777|158272|12984|2234|1447|455|522|28980|5129|1445|927|9953|3963|389128|19604|1126|736|11693|3358|33932|5537|76793|11500|72776|8420|81272|8770|100925|10060|10116|1994|495|474|737494|20734|47408|4646|6422|2388|80520|8726|17083|3373|237362|12819|34564|4407|11801|2716|65257|6631|13131|3810|221088|15043|2858|1263|40441|4108|40152|4130|289|264
330M700US378|453419|11341|41052|4325|7594|1605|353|253|928|548|319|244|989|520|4916|1228|2784|922|1794|611|338|287|89|134|7749|1461|259|214|334|383|1330|490|4341|1056|477|298|940|810|68|112|3273|1118|441|336|1108|559|512|584|0|213|1212|850|0|213|22436|3843|594|551|3106|1420|1464|862|173|175|384|410|972|593|163|176|173|176|47|80|1398|778|52|94|1053|375|628|429|4448|1207|0|213|6240|2007|1541|574|0|213|152795|5961|32685|3063|19174|2284|16212|2312|821|448|2141|928|2008|862|11446|1944|57|94|38519|3991|868|859|2673|1424|245|312|27111|3666|2035|965|79|102|2391|1138|1422|892|360|334|538|871|797|958|71316|4707|6706|2467|4329|1396|498|497|21030|3016|254|192|11666|2911|169|172|14055|2360|12516|2185|93|120|9137|2291|0|213|390|491|298|458|1588|834|794|460|429|366|273|349|860|692|2094|1495|325|511|1665|1090|174|230|155|178|92|153|1138|1056|136374|8759|86869|8125|1293|946|27606|5032|15725|3308|38334|6038|1375|969|1267|945|337|264|932|542|5692|2357|4331|2216|315|543|1046|933|0|213|4276|2040|261|282|2491|1643|553|438|173|227|798|917|1606|888|1582|885|24|46|35740|5838|295|492|3195|1493|198|227|11873|3833|11038|2923|0|213|2359|1408|674|605|6108|2936|2191|1515|1579|798|807|372|780|372|27|45|0|213|509|614|149|201|114|201|121619|6237|114927|6068|6602|1814|296|315|0|213|1096|739|0|213|1226|857|0|213|1581|1093|1168|747|0|213|125|162|396|333|320|339|394|520|70516|6506|105|128|293|203|5456|2244|4682|1634|6712|2307|50765|5450|2158|1284|345|389|0|213|37809|5215|1387|806|194|287|2900|1020|977|806|4781|1205|12702|3986|3095|1079|2133|1059|372|345|9024|3333|244|216|6692|1428|6692|1428|0|213
330M700US405|356748|11851|73563|5966|7154|1463|153|192|1474|724|124|74|236|264|4950|1135|2467|783|2115|725|368|202|217|201|9452|2475|327|321|41|68|1477|615|5796|1831|1046|912|765|512|0|225|17454|2808|1355|578|8518|1713|6531|2033|167|266|1050|916|0|225|39272|4622|3985|1416|557|466|4561|2357|366|279|165|207|267|214|794|361|250|273|693|557|45|75|494|581|17112|2720|903|564|2972|1072|0|225|3425|2167|2683|1518|231|261|98554|5932|25151|3503|18846|3041|17286|3079|1101|554|459|377|1260|650|5045|1574|0|225|46371|5296|2107|2003|1475|981|0|225|34132|4648|1818|1166|296|235|2053|1263|3588|1795|58|106|799|710|45|73|16233|2727|61|81|299|359|839|614|1861|1072|141|174|7669|2052|174|143|834|485|4355|1333|0|225|10431|3291|293|271|51|87|95|162|179|210|1543|1106|102|124|131|161|892|439|558|734|3656|3219|784|511|50|84|1862|1224|235|236|368|618|21052|4859|777|424|0|225|63|104|279|284|0|225|0|225|143|234|53|86|239|224|1473|858|512|507|0|225|961|723|0|225|7408|3681|232|253|4794|3559|1637|931|638|718|107|122|1199|629|996|555|203|345|8101|2126|120|211|4913|1761|59|98|94|114|2187|960|191|334|195|326|342|366|0|225|2094|1249|487|272|417|241|323|194|94|141|0|225|0|225|0|225|70|129|163092|9176|153872|8890|67745|6479|684|772|54|91|1219|817|492|358|16982|3408|58|93|7396|2789|34316|4666|1747|1403|743|720|3199|1324|69|92|786|605|30812|4961|49|82|1061|888|4709|2270|8776|2748|2758|1925|12174|2975|848|795|437|406|0|225|55315|6344|1216|655|55|93|7256|2849|1211|1042|8262|3283|17163|4866|6574|2472|11706|3198|409|415|1156|724|307|354|9220|1794|9142|1748|78|131
330M700US408|6607320|43477|877213|22451|120377|7376|2924|1036|30277|3462|2331|838|4460|1332|77767|6703|44458|4324|28832|4191|4477|1378|2618|1136|99992|7510|6794|1381|4863|1239|31865|3924|45030|4671|6056|1751|4885|1251|499|382|180905|9739|32802|4388|89402|5817|36266|4214|381|503|21933|4014|502|273|473175|18285|38048|6290|17672|3354|4556|1779|9042|2298|7868|1994|11909|2532|10604|1888|2170|750|4215|1597|5772|1543|8262|3104|105660|8879|18860|4656|80370|7314|5915|1927|96490|7873|45762|4826|2764|1366|1941383|19469|788474|15921|610411|15544|517989|15012|46482|4179|45940|4923|35053|4577|141855|8140|1155|594|748627|17213|5292|1515|142892|11164|1502|1047|415728|13186|19127|3097|6470|1741|22422|4315|82307|7577|8226|2143|37799|6340|6862|2255|232197|10383|9088|2319|3126|1868|8899|2386|1465|949|11023|2104|162713|10150|3905|1535|7522|1639|24398|3719|58|96|166071|10129|2644|1258|6939|1866|17721|3403|3233|1114|38950|4844|6936|1949|1539|695|10799|2635|4591|2098|11953|2815|36517|4442|2627|986|16718|4726|4904|1524|6014|2036|329694|16564|30020|4421|1070|704|6823|2701|10622|3067|102|105|3013|1518|1893|1273|2446|1044|4051|1418|9226|3106|4352|2304|500|489|665|554|3709|1523|81360|8333|6295|2124|51234|7327|16609|3215|2504|1655|4718|1749|14364|2794|13153|2596|1211|923|179436|13799|969|585|60055|8008|7022|3448|10268|2911|55910|7173|14873|4618|4084|1697|3591|1602|22664|5175|15288|4027|18978|2786|17551|2576|14251|2308|3300|1135|65|112|0|213|72|122|1290|755|3440052|35908|3380606|36054|1436686|34812|2359|849|24669|3898|57995|6144|10279|3000|677439|23559|21067|4310|193728|15386|292017|16970|15182|4506|12445|2757|96732|7634|9340|2647|23434|3955|834096|26169|6735|1762|25924|4480|179992|12199|162966|13951|106434|11566|313422|14054|18768|3750|18403|3146|1452|667|1109824|27947|32120|4923|8740|1764|99112|9468|25133|5522|222446|13689|345294|17833|165885|10384|132375|11009|14655|3369|51142|6840|12922|3132|59446|4820|58994|4775|452|434
330M700US422|889425|33491|60734|6011|19626|3550|80|141|1788|903|722|781|174|186|16755|3376|9657|2833|5519|1506|1579|617|107|126|12786|2712|479|413|337|332|1796|733|7877|1831|1693|1310|555|560|49|85|8559|1624|530|360|2757|939|2862|1225|67|114|2358|897|52|86|19763|3683|324|321|370|329|220|299|594|721|335|387|549|342|1490|1569|347|448|556|435|915|892|123|203|1791|769|1402|696|3414|1401|496|517|5796|3005|1041|576|0|247|125783|8573|27980|4069|19795|3639|15588|3465|1517|681|2690|1408|1964|983|6221|1781|0|247|32990|4349|71|118|1618|1064|0|247|21041|3454|2011|1119|697|566|205|352|4717|1791|286|376|640|628|1704|1339|48610|6356|484|353|1673|1039|266|250|1407|1102|726|534|24965|4782|128|151|2673|1407|16288|3964|0|247|11493|3269|0|247|92|149|277|447|2744|2891|731|868|1438|862|401|320|2089|883|684|440|694|520|1803|1091|490|340|50|81|0|247|4710|5259|25144|5215|5280|2524|224|282|1810|1470|1520|1254|0|247|645|502|137|228|757|1041|187|224|745|521|151|262|0|247|405|411|189|219|10251|2388|855|671|4811|2092|3272|1341|529|740|784|573|2061|1444|1321|652|740|1088|6415|2691|571|785|1163|857|364|573|1691|1445|1929|1632|0|247|622|765|75|126|0|247|392|498|3578|1919|3477|1919|3181|1929|296|320|0|247|0|247|0|247|101|185|674186|29455|655050|29235|248788|16643|2815|1343|1525|1089|74251|10863|826|843|44382|5872|242|198|67873|10798|38308|5399|1281|693|1109|821|10235|3041|181|81|5760|2860|97035|10025|880|773|3555|1530|4904|1798|10153|3527|15092|5616|51589|7173|4538|1797|6324|3213|0|247|309227|23437|4775|2253|1036|1171|56380|9976|3474|1571|67145|8775|16722|3622|14301|3805|12043|2537|2041|1704|130764|17078|546|525|19136|3002|18923|2923|213|367
330M700US428|922084|26025|138646|9842|22182|2953|340|301|2494|878|313|335|662|606|18060|3006|8328|2071|8530|1906|1202|524|313|307|19395|2209|1096|573|1014|766|3178|1079|11975|1634|1348|566|784|529|0|213|23151|2650|5429|1605|12195|1910|3078|1366|0|213|2343|1043|106|178|73463|8110|6084|2486|4416|1980|431|367|1289|810|188|175|2553|914|1625|725|352|311|579|572|1280|764|93|166|11160|2534|3478|1298|12804|3313|1423|840|18544|3456|7164|2633|455|549|336658|7225|97726|7495|69353|6463|60176|6031|3246|1122|5931|1494|3755|1018|24519|3519|99|135|137118|9052|317|338|13916|2836|149|257|97369|8616|3899|1745|617|408|971|589|11743|2721|1188|806|4584|2432|2365|1483|83259|5552|1267|809|6039|1983|2456|1084|2061|1144|1822|801|27520|3904|314|249|2875|1618|38905|5780|0|213|17907|2484|1922|1271|695|460|301|356|1845|881|2675|1209|736|495|520|341|1697|674|489|344|1153|685|4401|1329|174|233|665|587|634|405|648|512|99148|12155|12009|3547|267|377|3498|2176|4623|1666|153|255|763|676|626|714|406|486|1673|943|3140|1794|1230|943|597|552|129|178|1184|1507|20926|7033|3034|1437|6818|2440|5401|2472|4893|5238|780|649|3393|1313|3221|1342|172|178|52990|8254|0|213|7781|2702|751|776|14625|3536|19782|5478|1031|959|2863|1148|424|542|5733|2993|6690|3138|2008|1013|1292|473|1248|451|44|76|716|908|0|213|0|213|0|213|345624|18669|336950|18685|141044|13701|442|343|1556|883|6690|2411|777|951|65834|8077|503|484|25944|8772|31962|5923|630|550|492|498|5685|2210|0|213|529|605|124159|11149|210|250|1391|659|11041|3361|19358|6320|14304|5547|72141|8286|4312|2061|1235|703|167|259|71747|10400|2311|862|128|128|15619|4914|1958|1001|17838|4664|10070|3141|3630|1313|7023|2472|772|698|11531|6302|867|574|8674|1731|8383|1707|291|314
330M700US429|751268|18640|58382|5615|15188|2307|483|516|1014|586|491|392|680|417|11793|1976|6017|1380|4942|1268|834|361|727|472|11630|1982|200|170|469|481|1751|844|7826|1446|1112|426|272|234|0|237|4367|1304|584|418|2856|1010|454|581|0|237|429|372|44|72|27197|4157|1093|1174|274|375|2419|948|303|213|910|690|302|261|1994|880|95|165|138|156|648|600|941|856|4560|1561|6958|2424|2602|1019|764|575|2424|1557|772|677|0|237|190439|8636|45753|5121|27477|3821|17180|3205|3810|1902|6487|1836|3979|1350|14297|3381|0|237|62260|6283|1309|1171|1292|840|0|237|48466|6697|7156|2216|0|237|614|656|977|609|307|372|1492|1706|647|698|59697|6579|1446|942|2488|1171|1757|885|209|234|812|514|32694|5880|372|385|2667|934|17252|3930|0|237|22193|5127|85|141|467|523|133|145|10834|4557|1654|1006|916|984|653|463|2185|939|1774|1300|1271|725|1554|707|103|148|0|237|564|548|536|543|42814|6241|17747|4823|1156|1087|6590|3724|3060|1556|778|514|957|1069|1029|805|328|330|3849|2091|4665|2838|2131|2267|932|768|1347|1231|255|352|3173|1304|126|154|2234|1091|68|106|369|332|376|329|3809|1876|3763|1858|46|72|9247|2845|0|237|1199|1018|0|237|1480|1054|5543|2542|425|375|296|346|42|70|262|331|4173|3380|3952|1565|2476|1395|1894|1299|582|325|88|145|0|237|554|462|834|410|455681|16823|423990|15685|28791|5329|258|343|156|232|18532|4445|0|237|4541|2537|160|279|1768|1804|2136|1189|0|237|235|285|543|387|0|237|462|650|372985|14016|181|228|1785|1366|8250|2437|11491|3019|3639|2028|344253|13907|2577|1452|809|643|0|237|22214|3962|2137|969|0|237|5612|2056|606|524|5020|1720|1006|601|259|244|3602|1583|460|433|2904|1382|608|570|31691|4399|31591|4399|100|125
330M700US440|407802|11945|64624|5770|11913|1899|796|602|953|456|89|124|1207|589|8676|1664|4387|1217|3791|1061|498|295|192|185|11869|1918|423|368|777|524|1369|633|7464|1359|1345|732|491|262|0|213|3782|1486|539|342|800|762|187|181|0|213|2180|1194|76|100|36964|4931|549|593|178|249|1448|840|92|155|262|282|368|247|708|391|813|913|118|156|696|393|168|285|1162|673|4219|1390|6846|1641|0|213|18277|4978|1060|575|96|164|144224|5423|46785|4223|24798|3345|17162|2813|2765|1029|4871|1291|6696|1842|15210|2619|81|138|35734|4740|2381|2159|3261|1694|0|213|20087|3720|2739|962|918|561|1887|1962|1775|1239|842|807|1022|741|822|610|52172|4801|2687|1501|1897|861|1837|858|3230|1159|1096|715|14587|2656|628|461|6013|2137|20197|4171|0|213|9322|2448|144|174|411|400|57|94|2370|1280|911|431|1066|1111|245|230|667|384|601|606|978|907|1621|1061|62|106|180|251|9|17|211|171|19396|3917|8926|2966|149|196|3203|1476|3130|1702|625|593|264|271|613|492|525|560|417|420|1037|821|449|450|0|213|588|575|0|213|2607|1772|278|329|392|535|415|290|0|213|1522|1638|2312|1155|2312|1155|0|213|3984|1462|0|213|197|208|294|470|49|79|1712|978|182|246|106|184|0|213|1444|1072|530|372|9086|2525|1955|726|1049|492|906|536|880|593|96|185|4334|2270|1821|1053|170472|6796|159486|6480|6635|2775|89|131|0|213|4460|2702|0|213|272|293|0|213|459|417|1001|721|0|213|120|212|96|144|0|213|138|165|137883|6075|421|528|742|565|2284|832|13602|4529|832|559|119023|6523|626|501|353|353|0|213|14968|3776|609|322|101|124|3692|1870|939|734|3129|1442|419|539|132|223|1394|686|209|289|3977|2575|367|418|10986|1887|10986|1887|0|213
330M700US450|343980|12529|32696|4539|8842|2262|1089|1401|1099|765|171|204|291|230|6192|1644|3277|1100|2573|773|342|290|0|226|9490|2633|709|565|1645|2013|1145|1093|5219|1250|200|248|471|391|101|175|2872|1105|290|301|1447|614|507|448|7|13|575|506|53|88|11414|2334|54|92|298|355|838|880|450|298|137|174|629|385|327|341|160|153|32|56|602|383|0|226|1352|698|1241|805|3134|1177|151|184|1685|863|324|343|78|128|125576|5115|36709|4279|23925|3446|20035|3086|1025|800|2865|1086|3664|1318|8871|2026|249|417|64425|5689|695|1096|1715|1211|0|226|53203|5306|2137|1125|817|1150|1131|625|4182|2212|252|218|206|345|87|144|16169|3401|574|734|325|464|104|123|372|400|661|449|7063|2840|558|431|694|417|5818|2065|0|226|8087|2146|0|226|0|226|0|226|1481|887|536|410|1081|611|690|491|562|424|292|305|1052|1073|1859|918|163|240|0|226|371|390|186|188|34156|7146|10457|3986|783|1172|5341|3156|2505|1358|736|819|468|455|34|56|112|156|478|606|1405|1473|0|226|513|632|892|1086|0|226|9842|4008|858|933|4238|2283|1965|1063|1956|2496|825|725|1917|965|1917|965|0|226|9414|3496|0|226|2706|1920|89|147|919|1355|4528|2198|403|656|365|458|0|226|404|409|1121|895|1627|709|1491|738|1112|634|379|317|27|47|0|226|0|226|109|144|149925|6627|142662|6499|17421|3401|131|180|85|137|1980|899|127|214|6369|2649|0|226|812|573|5439|2012|0|226|0|226|1281|950|111|184|1086|777|100233|6825|67|120|790|708|12461|3536|12435|3796|19282|5037|52902|6341|1522|999|774|641|0|226|25008|4743|2071|1155|190|164|4378|2151|148|199|8003|2552|460|394|491|404|2414|1117|1060|1365|5479|2437|314|277|7263|1535|7222|1543|41|58
330M700US472|549440|13582|82774|8506|7918|1750|228|214|529|369|98|118|154|156|6795|1605|2761|984|3702|1175|332|238|114|136|6441|1285|128|128|162|176|1095|583|4154|1134|697|428|152|135|53|90|4980|1368|653|410|1966|883|1374|761|904|597|952|573|35|59|63130|8435|0|225|2620|1008|420|258|468|419|727|522|531|398|283|251|1007|919|400|390|3789|1230|0|225|1445|696|2408|1110|16252|4373|154|198|30829|7104|1797|900|305|273|271654|8563|49981|4438|38710|4256|31344|4217|3319|727|4047|1327|4022|1172|7060|1522|189|206|106415|8817|27164|5852|451|447|0|225|53431|6819|7526|1840|1276|881|2177|1162|10126|3203|592|423|2573|1014|1099|640|99909|6118|1110|599|1703|1078|1768|818|9597|1948|504|435|50865|4514|271|239|7601|1840|26490|4328|0|225|13642|4252|3194|3162|330|332|131|125|2483|1349|433|458|1590|883|736|603|1054|868|419|476|1616|1765|1113|955|423|519|56|100|64|115|1707|1079|19371|4306|7422|3002|189|238|5393|2496|681|450|38|62|81|104|0|225|625|967|415|311|354|392|24|40|0|225|330|388|0|225|1788|941|340|398|1199|737|126|160|45|79|78|97|1561|1041|1503|1047|58|100|6877|2889|0|225|0|225|94|159|2262|2403|3579|1716|0|225|827|830|0|225|115|198|1369|1179|14463|2207|767|403|551|327|216|232|12869|2215|147|8|0|225|680|403|161178|7887|152016|7937|2338|1339|0|225|148|190|275|277|0|225|410|623|0|225|182|131|857|1064|0|225|24|41|326|470|0|225|116|228|137817|7778|0|225|576|423|8724|2669|5717|2481|2042|1560|117102|7211|3391|1354|265|228|0|225|11861|2859|291|225|411|303|2072|993|1348|841|3768|1651|592|732|0|225|2497|1298|173|180|569|375|140|169|9162|1884|9162|1884|0|225
330M700US482|309729|12072|25897|3229|8059|1538|640|446|269|184|934|626|374|274|5623|1387|2103|1125|3015|802|505|306|219|199|5062|1141|0|213|177|214|764|488|3516|940|466|286|139|147|0|213|2997|1457|294|326|1437|1180|55|91|0|213|1211|853|0|213|9674|2138|0|213|157|170|1510|727|409|409|112|198|209|164|411|370|225|368|111|130|121|116|241|253|801|855|729|637|1707|871|107|176|2275|1224|549|472|105|157|61280|5760|19611|3191|11574|2626|8341|2365|1270|906|1963|707|1827|715|5420|1585|790|689|13186|3394|337|332|276|285|0|213|8182|2574|978|623|159|174|1868|1686|1205|971|0|213|181|293|0|213|23134|4186|1993|1495|842|588|250|245|2198|1036|77|124|7910|1893|393|467|3539|2674|5932|1501|0|213|4712|2146|439|513|190|182|145|175|2208|1633|413|371|325|291|121|147|0|213|0|213|613|672|210|190|48|81|0|213|0|213|637|383|9405|2199|2746|1093|0|213|513|403|36|60|562|652|86|130|67|110|304|348|1178|830|1305|881|73|127|0|213|1124|918|108|113|541|510|0|213|0|213|0|213|541|510|0|213|964|495|739|344|225|395|2189|1013|0|213|408|386|0|213|472|522|727|508|0|213|27|47|120|242|435|593|1660|1800|9773|2224|2201|947|1029|539|1172|730|260|316|182|224|0|213|7130|1952|203374|10008|195847|10001|7542|3475|0|213|0|213|3241|3023|0|213|1936|1207|0|213|1261|1050|553|503|0|213|0|213|551|679|0|213|0|213|116593|8722|0|213|685|540|8224|2933|4662|1806|4373|2392|97242|7123|252|224|1155|1407|0|213|71712|7052|5365|2008|1490|836|8313|1975|7591|2649|16082|4453|4980|2501|353|342|7684|1875|639|456|19183|4722|32|53|7527|1619|7527|1619|0|213
330M700US488|2915297|29983|210892|8959|52427|4065|1611|723|6969|1650|1407|655|2988|934|38515|3518|22466|2841|14099|1898|1950|769|937|568|46818|3692|1975|790|2861|1124|13689|2300|20292|2214|5455|1133|2442|806|104|175|32053|3868|2852|897|9229|1628|11949|2099|4131|984|6907|2637|1116|758|78815|6142|135|171|3040|1013|3548|1440|3477|1735|2180|959|3054|1076|1313|583|1300|626|470|364|1291|779|189|225|5039|1242|4935|1368|22804|3239|892|556|19278|3317|5870|1586|779|631|1622045|19356|556160|16538|464446|15176|340012|13273|54011|4760|70423|4316|31331|3869|57763|5049|2620|1489|489457|15453|23369|4523|5762|2043|307|246|374649|13708|44786|5200|1811|1548|13968|3732|20200|4038|2139|1137|1699|699|767|667|529256|14457|14346|3969|12560|2555|10255|1834|9328|2465|6727|1334|283991|11065|4906|1116|16393|3040|170702|10793|48|80|43061|4710|692|498|2008|1093|611|483|3355|1096|11390|2747|2761|1328|1160|700|2524|779|1223|664|783|498|8083|1739|1552|1093|5954|2683|965|661|4111|1378|63244|6055|26614|4385|4535|2031|11255|3005|4122|1637|252|395|1077|865|2065|954|668|438|2640|1024|1560|1131|1134|1119|92|163|48|77|286|240|14865|3291|2835|1473|6976|2375|2883|1212|1152|616|1019|533|4999|1416|4953|1409|46|78|13635|3233|132|209|1756|1200|239|250|537|570|8744|2695|772|521|217|300|707|648|531|587|1571|1075|31686|3957|11670|2347|8521|1819|3149|1377|16054|2703|38|8|95|156|3829|1347|987430|20406|950192|19859|11634|2151|373|330|458|378|2543|1179|64|106|1555|860|0|225|781|787|3299|940|148|190|0|225|1286|779|956|681|171|189|843291|19044|1118|756|2296|1022|81528|7948|61268|8934|13530|3278|658791|16846|23363|4860|1397|769|0|225|95267|9158|8007|1514|1675|707|16748|2860|3624|1188|26225|6263|3239|1309|732|513|25109|5645|942|571|6931|2090|2035|1800|37238|3438|37125|3430|113|83
330M700US500|987353|20309|123127|8357|20521|2662|1053|544|1716|870|930|486|1174|615|14744|2391|6977|1600|6669|1699|1098|609|904|570|20966|2504|1013|501|474|346|3614|1162|11751|1989|2495|723|1528|977|91|97|5821|1485|616|309|2525|926|772|556|0|218|1908|763|0|218|75819|7930|478|779|3345|1353|2894|1617|1863|1098|231|296|1126|506|732|382|682|588|282|252|5928|2012|0|218|3184|1412|6475|1490|13338|2886|324|287|32202|5905|2735|891|0|218|546778|11891|188326|9323|125779|8366|100207|7018|9332|2019|16240|2938|14255|2758|47142|4988|1150|858|168053|10330|16278|5975|2026|989|216|369|126213|9738|8413|2384|1590|1067|2867|1674|6795|3168|800|683|2397|2180|458|374|163642|8452|1933|1047|11227|2882|5714|1562|4330|1555|3137|1441|67580|6448|2433|887|9768|2219|57475|5857|45|77|25751|5587|1011|922|2074|1307|1292|1591|7431|4080|3242|1793|1947|909|936|638|838|595|945|458|1638|1065|3276|1347|265|209|605|631|251|281|1006|667|79787|8194|48035|7391|3218|1587|17870|3809|11985|2963|10781|5049|879|592|678|626|653|713|1971|1083|4666|2322|1133|1068|505|507|3028|1932|0|218|5662|2177|163|267|3196|1574|985|837|758|853|560|419|5728|2065|5728|2065|0|218|13357|3236|0|218|836|558|403|413|1483|1459|4777|2168|790|1023|131|50|956|813|3981|2217|2339|1917|15159|3251|6347|2069|4586|1656|1761|895|1238|603|708|850|2573|1608|4293|2451|222502|11405|192829|11133|9467|2608|445|432|27|42|992|563|120|147|1764|898|37|73|1569|952|2651|1140|0|218|45|76|1714|1760|0|218|103|127|139569|9160|1623|952|262|227|12490|3748|7442|2506|7845|3781|106710|8034|2360|2187|657|473|180|298|43793|7317|2203|1048|292|314|10226|3249|3812|1628|7769|2193|4149|1590|550|581|6701|3339|78|139|7853|3507|160|191|29673|3311|29345|3299|328|506
330M700US548|1994742|32727|154826|8332|33327|3622|1539|741|2851|818|858|502|2557|946|24531|2866|14696|2401|7410|1288|2425|1232|991|514|35549|4013|1212|434|3431|1370|8701|2243|18074|2463|2852|961|1242|502|37|62|22769|4704|4575|1740|7068|1608|2909|1076|0|213|8056|3968|161|126|61748|5821|1729|892|2432|1005|1990|1144|3604|1409|397|279|1848|804|1727|875|1512|848|1123|638|1915|936|733|531|5591|1372|3801|1051|13724|2169|1112|646|14417|3118|4093|1618|1433|1176|698861|12637|199193|9727|108226|7785|84790|6912|7836|1852|15600|2648|11139|2033|76864|6249|2964|1446|295190|14305|29586|4452|28780|5961|369|427|140147|8538|25326|4435|2350|1592|19393|4047|39739|6026|5550|2005|3047|1408|903|596|154118|10981|5778|2133|3710|1243|4040|1359|2267|1089|2567|867|69714|7621|1334|557|8876|1758|55832|7106|0|213|48367|6329|1178|1098|1328|765|592|455|4186|1563|4924|1613|3272|1616|2754|1266|5670|1359|4058|2341|3786|1312|12808|3501|1378|597|971|712|1462|709|1993|684|333285|20165|110198|12934|6808|2177|73162|9537|9973|3644|4019|1509|3461|1953|2918|1845|1214|660|8643|4393|26437|5604|23735|5272|556|508|1429|874|717|492|32238|5644|1524|637|13268|3728|9481|3003|4684|2015|3281|1634|6103|1586|5763|1545|340|392|151956|12353|755|1119|34759|5811|5852|2303|6421|2332|61796|7535|4221|2158|19171|5114|6738|2474|12243|3396|6353|2443|4997|1085|4043|943|3018|901|1025|401|64|109|0|213|72|108|818|433|802773|18518|787585|18649|95419|8556|2030|1301|2183|966|5813|2084|346|379|16576|3434|1579|1005|9735|2350|36187|6785|1477|725|371|383|13946|2542|1027|880|4149|1364|492573|20498|1023|731|2679|965|247626|15703|94543|9546|69043|10636|58043|6573|13076|4181|5909|1976|631|744|199593|12221|10305|1794|32825|5558|17474|3464|7811|2413|35652|4831|11001|2427|10753|2817|51414|8032|2325|902|18639|4608|1394|727|15188|2411|15052|2395|136|152
400C200US03817|964107|20394|66342|7156|18880|3439|305|279|1061|499|118|143|705|427|16237|3123|9605|2626|5790|1525|842|551|454|267|14237|3249|413|347|818|999|2893|1361|7638|2197|2234|1211|241|239|0|232|5273|1422|1522|983|1682|663|141|112|0|232|1928|716|0|232|27678|3542|26|43|762|371|4664|1744|2088|866|179|133|819|585|916|822|72|119|229|198|737|584|0|232|3450|1504|3419|1240|4380|1480|753|438|3749|1280|1435|891|274|327|325384|7595|88956|6877|46118|5031|37751|4926|3026|1080|5341|1406|4565|1319|38230|4941|43|73|148784|7850|5386|2712|7926|2148|2211|1710|108050|6618|7334|2044|694|544|5754|2653|9257|2407|1356|835|668|423|148|145|68984|6411|4391|1472|3796|1266|2155|837|2599|1090|1762|820|12783|2774|514|469|2474|953|38510|4915|0|232|17400|3452|57|101|285|217|669|750|2332|1162|4568|1914|312|261|151|184|1711|1140|1176|928|196|254|4596|2069|756|571|0|232|591|490|1260|1080|115280|11183|42611|6616|1814|1194|20339|5004|7151|2577|1416|848|1725|902|2710|2005|1209|1359|6247|2924|11386|4139|2732|1289|1786|2052|4175|2580|2693|2521|5243|2055|537|473|1230|685|1641|990|1366|1166|469|491|5115|1910|4681|1795|434|718|49301|6621|403|437|9870|4160|2537|1246|1852|959|24688|4921|1600|1119|2143|1416|1136|748|5072|1630|1624|1082|2813|1141|2246|842|1992|810|254|194|0|232|0|232|479|733|88|101|454288|16891|441200|16597|113326|11527|952|497|1508|851|12448|3825|1516|1053|9417|2751|213|308|22047|5929|52884|6551|148|199|587|588|7324|2080|1405|1236|2877|1882|215411|10875|710|671|1311|1017|23000|5201|28937|6001|12625|2967|136564|9618|8237|2948|4027|1727|0|232|112463|10275|3224|1373|722|546|15385|3691|1879|1207|31809|5660|3447|1344|8165|3565|8646|2730|1704|1099|36825|7683|657|369|13088|2834|12445|2770|643|537
400C200US04843|304771|12781|25865|3676|4857|1386|100|176|441|366|376|296|242|260|3668|1337|1507|765|1003|515|1158|963|30|51|6393|1804|366|230|637|781|1284|1041|3396|1196|379|272|331|244|0|228|2806|1209|1634|991|840|476|48|79|0|228|284|288|0|228|11498|2622|346|303|914|820|853|983|299|318|135|170|187|231|166|166|287|302|472|462|729|497|0|228|1780|987|534|318|2573|971|210|274|1799|922|214|161|311|430|110255|5644|35737|3499|17894|2951|15486|3036|1246|946|1162|599|1593|741|16250|2788|0|228|42969|5045|1873|1334|3166|1619|0|228|22033|3213|2677|1153|92|156|3220|1580|8476|3525|462|333|970|1053|0|228|25442|3520|2613|1347|402|352|937|680|0|228|920|618|14213|2647|172|166|642|391|5543|1861|0|228|6107|2110|0|228|191|249|0|228|600|796|1458|1236|117|186|107|125|516|594|647|779|834|889|986|589|188|211|0|228|463|444|0|228|60724|8453|12042|3702|1822|1347|4093|1632|3066|2160|392|467|152|181|840|968|48|85|1629|1466|5014|2020|4563|1937|195|330|159|270|97|97|3494|1635|0|228|1426|761|1050|677|964|1100|54|87|604|545|604|545|0|228|37909|8359|0|228|7306|3120|761|1024|982|895|22348|5880|969|1114|4268|2948|0|228|1275|1267|1661|1190|853|471|651|410|491|382|160|180|0|228|0|228|0|228|202|192|107074|8157|104273|8181|21817|3414|757|670|694|433|835|484|0|228|2863|1363|88|146|1095|777|9096|2828|418|402|0|228|4230|1704|443|720|1298|736|61270|7078|48|84|350|351|23586|4539|8367|3039|12563|4211|13068|4288|2876|2963|412|311|0|228|21186|4587|1589|1031|353|384|3525|2127|882|659|4261|1559|1729|1078|3679|2056|4304|2321|0|228|864|571|0|228|2801|934|2665|918|136|152
400C200US09271|1016804|18705|137840|8948|27692|4039|498|442|10796|2890|84|97|1580|732|14300|2269|7115|1491|6210|1525|975|502|434|402|16355|2223|431|281|1462|767|5218|1473|6378|1578|1614|780|1161|474|91|128|37387|4272|6731|1768|10911|1934|15102|3258|2042|913|4504|1424|139|163|56406|6188|10509|3123|2796|1143|1490|667|1732|869|498|561|1340|805|1358|820|680|437|532|335|1170|929|366|343|4684|987|2252|961|15133|2429|720|585|7436|1889|3710|1394|0|213|311251|8573|130451|6450|107390|6445|91271|6699|8361|1483|7758|1793|5736|1595|17325|2802|0|213|95546|6824|1270|1335|6419|2678|0|213|68031|6271|5116|1666|1316|1112|5623|1718|4869|1841|2016|1532|253|216|633|493|57843|5388|750|340|10360|2276|1599|679|1844|1306|1298|543|7597|1794|641|358|4646|1123|29108|4406|0|213|27105|4262|641|403|2002|1070|375|364|1296|788|5620|2551|1136|1060|465|406|5068|1514|724|665|3474|1206|5297|1695|573|407|0|213|434|482|306|368|93704|7256|22416|4249|370|357|5724|2114|7361|3267|1771|1068|514|490|4295|2522|737|716|1644|1081|2570|1078|480|488|866|650|349|349|875|626|17808|3361|1338|810|3581|1308|9850|2470|574|777|2465|1980|2452|766|2382|748|70|82|44658|5513|26900|4299|2516|968|72|89|739|645|10659|3635|1224|906|1905|1037|0|213|643|521|3800|1987|4517|1210|3952|1172|3374|1081|578|333|185|143|0|213|0|213|380|147|469492|15932|450608|15675|186749|12564|123|158|3124|1571|2552|870|1916|1045|98828|8420|155|144|58560|7459|10105|2580|433|589|772|546|7247|2268|572|550|2362|1394|107269|10245|513|507|1910|1283|38655|5340|36702|8279|10558|3358|10739|2876|2782|1553|1231|767|4179|2168|156590|10199|1937|682|731|536|92874|8772|2880|1178|30475|5499|13500|4244|1399|861|5999|1874|740|616|4950|1965|1105|976|18884|2589|18736|2562|148|168
400C200US16264|1752139|28379|344931|13953|20777|2979|454|412|6012|1475|483|331|852|590|12663|2196|6691|1446|5447|1584|525|333|313|284|25134|3621|924|529|821|534|5855|2499|15192|2203|1389|628|953|666|0|213|28448|3365|11178|2213|12133|2045|414|358|0|213|4723|2513|0|213|268372|11898|5259|1932|3099|1016|9641|2215|8399|2320|2521|974|5672|1794|1969|1203|1153|522|10051|2952|5233|2120|4434|1534|110024|8646|13123|2543|19186|3649|4785|1304|51882|7499|11941|2316|2200|1429|534001|14059|138285|9280|89096|8632|73570|8144|7135|2416|8391|2088|9330|2906|36648|4285|3211|1628|215606|10715|3481|2768|5442|2460|150|250|155427|9071|8039|2475|1296|792|2504|1333|27820|5209|1945|1366|2567|1259|6935|3357|119809|8011|4375|1826|1086|504|3010|1390|2573|1416|3505|2479|76799|6251|946|716|6489|1950|21026|4891|0|213|51863|7241|896|1166|2262|1632|51|87|11564|3633|3278|1472|10564|2550|2946|1446|2551|920|3539|1970|4422|1714|5275|1919|2262|1008|1684|1081|569|444|8438|2549|74774|8156|14521|3063|963|638|3247|1486|2232|1056|717|656|1040|513|1404|712|1155|1346|3763|2155|6293|2542|4252|1847|1009|1020|100|153|932|1153|12200|3290|2026|969|4381|1623|4268|2822|385|399|1140|624|2814|1036|2814|1036|0|213|36528|6144|0|213|6881|2416|263|345|981|816|24338|4681|0|213|853|732|1129|978|2083|1633|2418|1668|3175|1182|2388|948|1925|787|463|369|164|268|0|213|0|213|623|415|795258|21023|775849|20363|22620|3199|345|427|281|238|7987|2000|307|451|3333|1404|49|83|2891|1512|6766|1822|0|213|163|241|301|285|112|186|85|104|632661|18788|3078|1356|1241|637|8840|2845|25446|4498|12243|3652|574638|17814|6083|2801|915|590|177|173|120568|13116|5509|2378|872|852|8283|2243|2932|1619|27337|5279|29015|6861|1183|765|10814|2461|211|271|32792|6756|1620|1471|19409|3992|19409|3992|0|213
400C200US19234|210876|11746|15990|2766|3169|1093|0|211|45|6|0|211|97|111|2968|1082|2006|1009|880|409|82|101|59|100|2358|813|39|64|195|191|958|535|1166|499|0|211|0|211|0|211|1095|476|159|187|586|335|129|149|58|98|132|158|89|146|9289|2329|914|533|494|398|232|218|77|127|0|211|408|371|286|245|134|166|136|231|0|211|435|364|413|327|524|331|1861|772|0|211|2361|1452|1014|880|79|132|80647|4660|22547|3686|15742|3005|12668|2441|410|329|2664|1798|3934|1758|2871|1064|0|211|42583|5720|0|211|305|284|10845|3562|21929|4247|1926|1017|318|315|5624|2406|1285|833|0|211|102|165|249|432|9997|2819|1497|1334|1393|1128|168|193|663|501|614|554|2917|1356|275|329|325|286|2145|1095|0|211|4231|1597|72|120|230|233|0|211|499|378|532|531|1100|1250|226|271|170|170|282|310|423|285|272|270|116|185|0|211|309|330|1289|940|52449|7158|20776|4797|536|483|2427|1278|5143|2236|10342|3119|517|634|744|733|38|62|1029|1013|2966|1430|835|730|1317|992|615|528|199|335|8897|3214|2801|1928|1351|844|3520|1824|1225|989|0|211|454|632|454|632|0|211|16001|3871|0|211|4687|1429|0|211|1722|1380|1779|918|970|616|1648|1907|387|391|4808|2520|3355|1684|720|573|688|572|584|567|104|91|0|211|16|27|16|27|0|211|61070|7351|58790|7189|15263|5035|0|211|0|211|423|681|189|300|2993|1648|0|211|9514|4893|717|560|166|207|274|357|938|1214|0|211|49|81|26598|4923|90|154|200|321|2448|1394|869|590|3743|2019|17888|4172|1241|993|0|211|119|169|16929|5524|331|296|682|666|3510|1850|633|552|1646|707|2264|2149|0|211|229|238|75|123|7455|4261|104|164|2280|1005|2280|1005|0|211
400C200US22042|1321649|27315|45587|4040|11416|2236|330|318|893|535|147|168|439|300|9484|2077|4439|1323|4452|1508|593|435|123|148|10654|2135|402|347|644|397|2461|1084|6820|1737|160|149|167|168|0|242|4674|1481|233|295|1785|721|371|383|60|99|2285|1263|0|242|18843|2766|719|598|637|467|1228|1185|1594|976|1221|856|162|209|275|206|453|435|0|242|751|863|161|215|2048|817|1809|939|3378|1167|364|420|2392|1128|1651|921|0|242|400935|12574|66446|6428|40172|4606|29457|3578|1821|610|8894|2351|3375|1214|22855|3425|44|71|196901|12558|8628|4065|6936|2315|332|282|133380|11598|7341|1822|145|138|21780|5111|16713|3801|1284|725|161|206|201|324|97381|6429|3890|1595|2453|1017|1866|889|4051|1333|1666|824|19471|3071|220|291|5295|1833|58469|5842|0|242|38598|6234|194|226|56|92|562|727|11006|4481|1379|742|6148|2459|1123|759|3938|2081|2750|1610|3921|2183|5073|2263|1488|814|0|242|960|679|1609|1078|123841|15436|41296|8626|2597|1444|17219|7404|10411|3295|2413|1587|1145|846|1894|1378|2428|1253|3189|1396|17156|5359|5364|2957|5799|3746|5184|3127|809|932|9070|2793|1107|1457|3373|1525|453|523|3406|1789|731|496|5626|1958|5517|1908|109|179|42543|8689|0|242|4078|2087|1301|1155|1035|697|31709|7617|1882|1669|637|623|221|277|1680|1108|8150|4492|3258|1160|2492|1026|2135|986|357|267|77|123|0|242|320|410|369|189|748028|17848|736212|17881|33600|6743|727|778|128|181|20227|5877|400|472|5179|2249|137|161|1140|936|3817|1518|0|242|0|242|1253|667|0|242|592|714|611308|16171|1451|1254|1881|898|56884|8190|18057|5489|42614|9853|481778|15483|6965|2838|1503|680|175|288|91304|12222|2939|1291|513|437|8245|2749|3063|2532|14209|3508|2784|1765|2089|872|6912|2650|788|1295|49532|9556|230|270|11816|2374|11750|2372|66|110
400C200US23527|389567|15638|44591|5050|9433|2103|159|163|1192|1091|120|148|878|629|7010|1576|2439|821|3858|1352|713|469|74|133|10221|2041|629|327|255|269|1752|746|5762|1473|1039|652|784|517|0|224|2008|675|127|206|1165|457|92|150|0|224|624|414|0|224|22929|4086|1155|1833|1846|1228|838|555|1942|1321|209|212|1084|769|408|290|367|370|310|262|385|398|43|69|1691|750|1736|1187|5500|1750|165|195|4301|1563|949|625|0|224|90810|5391|26409|3351|13708|2847|10009|2588|1324|677|2375|964|2619|927|9558|1983|524|478|32702|4133|3498|1860|159|161|885|743|20176|3439|1886|1020|945|668|2817|1630|597|473|305|356|897|759|537|557|23429|2753|822|583|515|391|1628|774|2265|1469|691|586|6195|1374|293|301|1117|404|9903|2252|0|224|8061|2349|380|497|386|633|288|334|1210|988|1496|1005|553|530|455|452|678|409|373|369|912|664|744|786|60|92|0|224|526|531|209|292|38900|6455|18180|4814|2163|1890|8292|2419|1476|1004|2538|1917|27|46|500|468|227|383|2957|2087|3632|1713|1183|1117|696|660|1705|1250|48|79|5284|3265|147|244|936|543|1043|726|2770|3202|388|491|1949|967|1949|967|0|224|9855|4033|0|224|4002|1838|800|1283|0|224|942|627|1377|1575|0|224|214|360|2520|2228|0|224|5449|2666|3681|2063|2933|2020|748|504|513|719|41|70|1027|763|187|195|209817|12266|203032|12196|12109|3999|139|242|0|224|5710|3240|0|224|1206|1020|73|121|1187|1220|3417|2101|0|224|0|224|29|46|0|224|348|339|146207|10834|151|197|116|136|7253|3278|2558|1437|5035|2366|128593|10653|2149|2242|352|347|0|224|44716|8312|924|618|734|792|5595|1694|1019|718|7204|2381|1469|946|148|258|8426|2984|106|174|19005|7231|86|153|6785|1162|6675|1121|110|146
400C200US23824|483905|14554|76583|6417|6300|1574|77|127|126|125|45|73|43|71|5779|1556|3345|1345|1773|551|661|329|230|291|10240|2103|543|364|336|252|1188|645|7531|1843|272|285|370|341|0|187|9352|1553|1655|668|6373|1306|96|125|0|187|729|521|499|339|50548|5879|12132|3111|56|93|3137|1598|1602|1387|219|167|634|499|315|251|42|68|329|242|413|408|3758|2367|6995|1855|7573|1991|2346|779|294|186|5881|2030|4822|1505|143|180|292342|10983|35888|3895|18370|2857|16305|2664|515|501|1550|574|5536|1622|11982|2394|0|187|104949|6467|432|420|22243|4619|0|187|69558|5540|1925|961|343|574|1427|971|8058|3240|781|638|182|200|0|187|25006|3810|307|465|363|316|167|208|1063|760|684|510|12488|2369|257|329|2378|930|7299|2398|0|187|125346|9109|196|258|764|645|0|187|50434|5813|897|618|4352|1589|641|341|26342|3575|1451|703|5618|1693|1230|800|1091|747|32053|5578|277|341|1153|542|18944|3420|2502|1359|632|1033|1018|674|139|143|0|187|386|495|115|143|93|112|119|198|1448|1359|846|1107|118|144|484|688|0|187|4179|1568|172|281|2842|1309|247|198|247|250|671|905|1266|733|1266|733|0|187|8751|2169|0|187|563|376|0|187|480|367|6223|1785|252|258|439|428|0|187|794|575|798|972|1041|494|1041|494|777|435|264|237|0|187|0|187|0|187|0|187|94995|7415|78830|6504|10166|3191|0|187|42|71|1356|1195|0|187|3400|1825|0|187|1043|828|3623|1895|258|309|0|187|444|487|0|187|0|187|48041|4885|0|187|199|178|1902|881|1142|559|2166|890|40530|4672|1429|1416|673|467|0|187|20623|4945|951|460|33|56|5763|1717|347|312|4786|2135|996|780|0|187|231|238|29|47|7288|4664|199|260|16165|2622|16165|2622|0|187
400C200US40429|1740448|26867|59498|5362|18613|2607|142|133|1030|719|443|402|384|354|15834|2288|8175|1891|6190|1693|1469|875|780|501|11086|2353|331|304|913|543|2420|910|5286|1484|1310|755|729|570|97|158|8991|2503|816|467|2555|1233|870|794|522|724|4750|2010|0|242|20808|3710|229|230|208|243|1294|1129|190|219|624|512|368|294|906|564|42|70|298|370|1080|1142|758|982|2224|969|2714|1347|6006|1771|331|376|1987|1015|1549|832|0|242|450480|11904|88559|8062|71390|7406|52702|6785|5692|1206|12996|2251|4277|1430|12795|2712|97|173|162214|11453|9069|3794|5102|2459|180|309|97194|9607|10991|2446|938|848|2828|1645|31352|5571|2158|952|586|616|1816|1080|164598|10238|2711|1826|4205|1963|4969|1620|1723|1123|2124|1005|40133|7333|4030|2183|3964|1370|100669|9738|70|115|33467|6801|562|791|1880|1595|424|443|8688|5902|1525|892|2585|1383|2919|2116|3154|1126|2969|1233|779|484|3869|1604|2877|1474|804|1182|432|363|1642|1571|128303|13131|15181|4558|991|741|3514|1439|5216|3076|84|145|2075|1680|553|574|1028|672|1720|1095|11022|3596|6145|2623|1343|958|2533|1555|1001|1347|11516|3477|1613|1210|5978|2290|885|1059|2467|2114|573|504|4067|1681|3923|1659|144|175|84165|10655|191|325|3130|1474|1013|811|853|528|75198|10481|731|828|707|757|1067|1269|1275|992|2352|1918|2742|1043|2057|922|1876|869|181|195|67|92|0|242|618|703|0|242|1099425|20239|1086369|19903|112054|10388|751|598|439|498|78010|8374|990|703|10590|4103|82|136|1324|743|9811|3283|1252|847|201|314|6422|2175|790|745|1392|1019|827261|21863|1160|838|1581|1412|122001|10935|56076|7071|117688|11856|504162|21032|19355|5278|2491|1158|2747|3760|147054|13942|8177|2936|3271|1855|10653|3038|4606|1792|39360|8080|5332|2286|1361|721|5388|1977|669|508|66273|10883|1964|1752|13056|2803|13002|2810|54|87
400C200US47995|523327|14050|33256|3162|6454|1555|49|80|892|649|50|82|217|284|5206|1218|2416|911|2671|860|119|142|40|66|8325|1760|296|243|239|299|2028|893|5190|1313|308|324|264|226|0|236|4503|1630|1387|1178|2374|1038|156|171|0|236|586|352|0|236|13974|2727|1172|1167|222|262|590|401|1270|647|222|211|200|197|1469|854|47|77|161|198|117|196|262|344|2485|1141|1107|596|1513|808|555|537|1316|949|1266|791|0|236|176150|7270|45836|6694|29437|5320|23192|5035|2985|1070|3260|838|3033|949|13366|3549|0|236|15813|3924|684|630|133|119|0|236|8737|2926|3630|1022|0|236|1808|2175|140|136|175|176|157|160|349|560|108057|7205|1330|1366|1377|774|1296|927|1043|664|95|119|86306|6293|361|221|5171|2032|11078|3518|0|236|6162|1438|1116|635|224|239|242|280|516|438|1876|994|239|229|0|236|1037|631|0|236|256|242|498|380|76|129|0|236|82|138|282|390|19250|4132|12487|2888|588|512|8122|2556|980|801|528|608|839|972|306|510|272|279|852|570|1634|1234|139|229|757|678|738|1029|0|236|623|409|252|306|151|146|172|203|0|236|48|80|706|445|706|445|0|236|2941|2099|259|426|1525|1162|298|485|0|236|106|140|113|134|0|236|0|236|640|965|859|779|4132|1396|1269|665|997|644|272|225|420|469|49|84|0|236|2394|1288|290539|11870|282880|11663|36578|6196|0|236|315|381|32542|5968|0|236|1693|907|0|236|178|249|883|686|159|254|0|236|698|511|42|70|68|112|218987|10200|155|147|116|99|22156|4191|13275|4587|5830|2025|171202|10418|5563|2917|638|632|52|86|27315|5710|1867|868|512|377|9428|4384|898|909|5447|2218|1591|1055|200|234|4492|1466|0|236|2776|1590|104|126|7659|1964|7566|1960|93|154
400C200US51445|4094129|37128|207785|9071|48815|4497|1089|539|3317|942|1675|688|2696|850|39206|4235|20400|2995|16729|2643|2077|671|832|622|40478|3299|2941|990|2012|810|12531|1981|17398|2130|3163|667|2127|938|306|236|20819|2840|3421|1194|10133|1864|1532|560|46|74|5288|1394|445|528|97367|7162|1083|756|2775|1389|1167|698|2880|873|2877|1095|2114|977|4198|1461|681|416|1297|790|1377|685|584|606|7649|2083|8853|1902|31131|4440|1620|762|21257|4133|5824|1620|306|299|1634318|23889|590564|17638|355227|14648|242146|12501|33699|4343|79382|6185|43623|4339|189999|10771|1715|1172|258739|13460|8214|3668|9694|2362|0|225|81989|7619|124433|7636|6831|4290|5671|2464|13898|3723|4870|1872|2212|1420|927|843|606752|14646|8265|2533|23752|3178|14432|2107|3311|1082|5972|1680|277598|11673|4049|1588|24917|3667|244456|10062|0|225|173805|12007|84670|8258|2582|1089|3605|1962|9098|2893|17408|3074|3385|1403|1827|850|17264|3472|3182|1476|15091|3987|11633|3823|1506|709|635|915|1919|972|4458|1837|81271|7780|18997|3859|1987|1251|9586|2588|2713|1587|1317|1215|1161|666|982|639|119|163|1132|615|3403|2026|1792|1522|0|225|1308|1155|303|380|30289|5231|463|360|25031|4607|2952|1498|386|326|1457|917|7940|1616|7823|1611|117|129|19893|3893|0|225|2874|1193|256|317|243|369|14966|3605|106|91|1267|876|0|225|181|175|749|527|19757|3355|12129|2392|10403|2316|1726|780|2684|1255|248|302|0|225|4696|1888|2150998|25548|2116884|25468|29677|4056|42|70|52|87|15209|2218|126|150|2732|1497|108|180|3324|2198|5571|1671|50|84|526|541|1271|683|0|225|666|390|1957870|24776|11921|3442|6088|1609|266905|14558|205400|13339|35864|5345|1390248|24213|38380|6577|2140|842|924|701|129337|8945|11361|2088|6790|1917|17946|3410|7641|1925|33670|5540|13714|2788|957|653|27339|4099|645|401|8244|2082|1030|815|34114|3397|34114|3397|0|225
400C200US56602|2790318|32964|157683|9111|19924|2977|272|247|1193|571|322|355|1504|727|13872|2180|6995|1617|6751|1808|126|123|2761|1619|27705|4350|918|560|1660|811|9943|2966|10313|2001|2657|1075|2214|1488|0|247|34164|5069|2513|995|12834|2655|3945|1349|287|358|14762|2886|110|184|75567|6627|1343|830|2133|832|281|259|1974|1245|1077|575|3125|1283|3851|1634|885|657|2895|2446|1047|662|880|796|7831|2381|6849|1977|19876|3948|1280|829|15019|3481|5221|1606|323|342|140434|9246|26027|4088|20974|4140|17834|3704|2135|1103|1005|526|2003|897|3050|982|0|247|48401|5893|0|247|6697|2416|0|247|27532|4808|4620|1753|984|579|379|370|5413|1946|1113|739|1241|980|422|392|30083|4820|432|384|401|321|466|343|120|225|796|480|12568|3148|393|336|1837|811|13070|3479|0|247|32771|5214|817|790|245|232|351|427|1305|1403|12054|2224|1382|1079|1050|709|3284|1296|1113|564|1333|697|9266|3342|322|341|0|247|249|211|3152|3046|27185|5138|4216|1425|309|340|906|679|512|393|0|247|1006|768|312|359|315|357|856|663|856|744|90|149|44|76|136|237|586|680|6659|1755|423|380|2016|757|3311|1214|128|213|781|1046|6014|3139|6014|3139|0|247|7612|2551|0|247|1033|1405|0|247|8|13|5855|2389|106|180|0|247|0|247|610|718|1828|2318|2928|1252|2209|982|1521|883|688|416|164|263|0|247|0|247|555|451|2462088|31045|2425968|31075|1352182|24977|11766|2440|2310|919|846479|19293|3971|2094|67049|6597|986|730|239745|16965|142503|12594|2095|1410|191|259|26915|5043|1391|961|6781|2139|354966|18438|1083|712|10848|3336|32352|5644|72519|11370|68017|7967|62123|7940|97846|9813|9683|1995|495|474|718820|20643|45376|4353|6353|2334|77651|8710|16664|3297|229866|12955|33109|4472|11197|2723|64518|6608|13093|3795|218324|14807|2669|1163|36120|4026|35956|4055|164|207
400C200US57628|402189|11257|33317|4205|5899|1511|173|168|564|355|319|244|798|482|3968|1214|2337|904|1450|606|181|242|77|130|5922|1183|259|214|334|383|1290|479|3180|976|462|297|329|327|68|112|2393|855|397|328|1017|546|404|584|0|157|575|367|0|157|19103|3773|306|515|3049|1417|1140|809|131|162|299|457|869|568|89|150|173|176|0|157|1384|775|52|94|811|341|586|425|3749|1084|0|157|5053|2028|1412|552|0|157|140312|5759|29877|2921|18413|2254|15478|2305|794|466|2141|928|1518|745|9889|1841|57|94|36768|3903|868|859|2571|1418|245|312|25829|3646|1887|954|56|95|2391|1138|1411|893|351|333|538|871|621|902|65069|4238|5853|2271|4175|1410|498|497|19138|2873|254|192|10340|2598|169|172|13131|2297|11418|2069|93|120|7741|2236|0|157|390|491|298|458|1352|717|794|460|429|366|39|70|815|700|1621|1340|0|157|1665|1090|174|230|72|121|92|153|857|991|122273|8207|75448|7206|1293|946|24760|4983|13522|3136|32257|5064|1131|869|1245|919|337|264|903|540|5692|2357|4331|2216|315|543|1046|933|0|157|4239|2034|261|282|2481|1643|553|438|173|227|771|913|1380|890|1380|890|0|157|33323|5769|295|492|2868|1373|198|227|11504|3813|10506|2917|0|157|2359|1408|674|605|4919|2502|2191|1515|878|438|572|307|545|306|27|45|0|157|43|99|149|201|114|201|105409|6169|100140|5984|5575|1843|0|157|0|157|831|766|0|157|1066|818|0|157|1319|1049|1168|747|0|157|81|148|396|333|320|339|394|520|59644|5808|105|128|293|203|5261|2193|3144|1202|3752|1484|45091|5090|1700|1161|298|388|0|157|34921|5098|1177|749|160|277|2565|964|837|803|4192|1148|12592|4000|2988|1081|1332|993|372|345|8538|3324|168|168|5269|1315|5269|1315|0|157
400C200US63217|6051332|44123|782678|21370|96401|6764|2513|1052|25677|3235|1894|787|3843|1304|60447|5886|35738|4274|21790|3400|2919|1336|2027|1061|85894|6799|5910|1301|3953|1141|28819|3688|38372|4484|4453|1543|4000|1124|387|322|163041|9849|30653|4283|79168|5671|32270|4131|381|503|20448|3976|502|273|434803|17272|36840|6261|16887|3125|4202|1615|7771|2064|7167|1792|9834|2466|8109|1627|1947|697|3582|1462|5405|1470|7912|3142|94988|8476|17040|4385|74011|6965|5456|1865|90684|7586|42968|4806|2539|1311|1829740|18145|754551|15743|584386|15233|497571|14601|44495|4128|42320|4704|33066|4453|135944|7801|1155|594|698138|15753|5260|1508|140255|11046|1502|1047|377117|12240|18178|3108|5559|1725|20980|4130|77684|7254|7290|2176|37659|6375|6654|2237|211664|10756|9000|2324|2257|1353|8137|2430|676|538|10269|2016|150330|9873|2555|845|6451|1539|21931|3337|58|96|159497|9996|2540|1254|6939|1866|16280|3240|2922|1051|36896|4576|6466|1765|1370|675|9699|2472|4417|2086|11816|2851|35903|4431|2627|986|16718|4726|4904|1524|5890|2029|306973|16588|26334|4198|937|670|6714|2673|9096|2957|102|105|2128|1084|1778|1264|2112|997|3467|1415|8774|3035|4166|2297|500|489|565|528|3543|1503|78097|8255|6295|2124|49337|7168|15419|3137|2504|1655|4542|1714|11897|2626|10792|2412|1105|924|166687|13410|629|462|56643|7890|6957|3450|7762|2742|52585|7067|14300|4603|3231|1331|3020|1467|21560|5032|15184|4036|17633|2719|16206|2509|13154|2168|3052|1144|65|112|0|213|72|122|1290|755|3114308|35891|3062254|35520|1346489|34731|2276|819|24221|3897|53913|5707|9788|2899|647654|23901|20629|4368|177398|15447|258752|15513|14857|4518|12107|2679|94045|7282|8656|2519|22193|3969|719790|24960|6571|1766|21665|4075|164958|11595|116742|11528|91253|10937|284576|13875|15208|3244|17479|3102|1338|628|995975|25829|27548|4862|8360|1716|80080|8474|21121|4934|199555|13087|313019|17467|160692|10045|115605|10943|12320|2993|46891|6320|10784|2633|52054|4807|51635|4788|419|430
400C200US69076|748078|25169|117229|9788|18173|2856|303|299|2225|831|313|335|642|603|14408|2815|6493|1876|6845|1841|1070|490|282|303|15220|2321|936|542|987|763|2532|958|9222|1582|1128|591|415|426|0|213|19337|2562|4751|1470|9791|1854|2869|1326|0|213|1926|1074|0|213|64095|8165|5891|2465|4196|1952|369|362|365|433|112|129|1592|599|1180|736|223|221|579|572|1178|770|93|166|9077|2219|2444|1105|11631|3269|1344|820|16723|3295|7098|2608|404|539|297040|7600|90529|7535|64839|6389|56282|5891|3050|1134|5507|1461|3330|895|22261|3351|99|135|118465|8718|168|231|10870|2796|149|257|85478|7836|2944|1363|589|414|805|522|9714|2549|1085|727|4298|2374|2365|1483|71468|5610|698|591|5872|1949|2389|1079|1885|1130|1706|784|22089|3754|314|249|2456|1615|34059|5495|0|213|16222|2370|1922|1271|695|460|301|356|1845|881|2500|1195|680|480|446|317|1234|574|430|338|1091|675|3754|1238|174|233|665|587|485|331|356|327|86264|11227|11060|3410|267|377|3471|2175|4032|1566|153|255|490|534|617|714|357|480|1673|943|1733|1049|907|790|597|552|129|178|100|126|18490|6761|2900|1412|4838|1923|5134|2460|4893|5238|725|644|2291|827|2137|867|154|174|47363|7610|0|213|6520|2330|751|776|14180|3440|16810|4920|1031|959|2214|965|339|512|5518|2948|5327|2342|1085|441|978|411|934|389|44|76|107|176|0|213|0|213|0|213|246460|16764|239510|16704|95762|11498|372|326|1269|752|4265|1592|503|863|31581|5872|503|484|21624|7946|28918|5881|630|550|492|498|5076|2104|0|213|529|605|85624|10325|210|250|1227|618|7729|2718|15657|6137|10193|4529|45525|6352|3692|1956|1235|703|156|259|58124|9839|1952|782|96|122|14341|4894|1702|933|13814|4068|8381|3057|2834|1158|4690|1660|728|692|9148|6140|438|309|6950|1567|6731|1547|219|269
400C200US69184|603056|18149|49249|4936|11808|2040|358|451|554|351|491|392|680|417|9194|1730|4989|1337|3570|1041|635|362|531|405|9518|1788|140|142|111|185|1482|780|6688|1359|935|416|162|137|0|237|4035|1260|584|418|2569|986|454|581|0|237|384|362|44|72|23888|3895|1093|1174|274|375|2419|948|303|213|910|690|302|261|1868|886|0|237|138|156|648|600|941|856|3854|1394|5299|2028|2181|876|764|575|2212|1545|682|654|0|237|167441|8476|42173|4821|26036|3758|16330|3063|3732|1910|5974|1772|3448|1382|12689|3270|0|237|56762|6150|1267|1169|1207|821|0|237|43847|6746|6712|2136|0|237|306|400|977|609|307|372|1492|1706|647|698|47743|6038|1311|925|2057|1059|1413|717|87|143|518|385|24140|4859|315|370|1970|830|15932|3701|0|237|20227|5145|85|141|467|523|133|145|10243|4582|1368|952|831|957|583|445|1862|949|1774|1300|1046|584|1554|707|86|148|0|237|195|190|536|543|34255|6162|15872|4728|915|1021|6462|3742|2812|1528|709|488|451|583|1029|805|328|330|3166|2008|3051|2281|1185|1756|474|540|1137|1225|255|352|2413|1093|126|154|1665|947|68|106|178|182|376|329|3329|1753|3283|1735|46|72|7591|2649|0|237|871|902|0|237|1480|1054|4443|2353|425|375|68|117|42|70|262|331|1999|2248|2860|1071|1595|914|1154|782|441|263|88|145|0|237|554|462|623|288|349251|16281|322867|15183|25351|5333|258|343|156|232|16680|4347|0|237|3752|2500|0|237|1768|1804|1497|1029|0|237|235|285|543|387|0|237|462|650|278135|13104|181|228|1554|1358|5378|1678|10571|3022|1768|876|255991|13303|2096|1395|596|700|0|237|19381|3716|1341|762|0|237|5237|1994|606|524|4205|1454|1006|601|166|191|3202|1527|460|433|2707|1389|451|536|26384|4213|26284|4213|100|125
400C200US71317|309401|11395|53075|5833|9391|1726|750|600|803|382|18|30|1067|580|6609|1491|3539|1118|2667|763|403|280|144|165|7926|1675|423|368|777|524|664|356|4986|1194|701|447|375|248|0|213|2843|1233|438|300|748|763|187|181|0|213|1412|889|58|96|32819|4903|371|511|178|249|1448|840|92|155|262|282|245|239|594|352|733|907|29|51|630|378|168|285|959|649|4095|1403|5509|1535|0|213|16648|4808|858|539|96|164|126958|4938|40371|3934|21729|2957|15008|2789|2411|1012|4310|1134|5813|1806|12748|2276|81|138|32831|4579|2381|2159|2685|1513|0|213|18610|3637|2348|782|851|540|1887|1962|1643|1214|765|797|879|722|782|607|45845|4561|2200|1409|1674|817|1459|680|2446|1024|1096|715|12597|2503|324|298|4969|1948|19080|4031|0|213|7700|2198|144|174|411|400|57|94|2370|1280|827|397|1066|1111|133|167|396|278|601|606|591|632|996|927|62|106|46|79|0|213|211|171|18082|3830|8246|2954|149|196|3147|1484|2799|1638|625|593|205|244|379|328|525|560|417|420|789|626|201|249|0|213|588|575|0|213|2607|1772|278|329|392|535|415|290|0|213|1522|1638|2154|1138|2154|1138|0|213|3756|1470|0|213|80|131|294|470|49|79|1675|984|182|246|106|184|0|213|1370|1058|530|372|6660|2148|1526|600|1007|489|519|333|589|462|96|185|3444|2137|1005|739|104626|6172|96349|6230|5760|2753|89|131|0|213|3884|2678|0|213|174|232|0|213|459|417|957|717|0|213|120|212|0|213|0|213|77|135|78432|6033|421|528|714|565|1019|562|9612|3737|546|484|65178|6098|589|494|353|353|0|213|12157|3442|498|291|101|124|3083|1761|588|634|2247|1229|352|538|0|213|1332|671|51|74|3538|2279|367|418|8277|1745|8277|1745|0|213
400C200US77068|437638|12283|71513|8574|5136|1356|159|193|324|272|54|93|80|95|4450|1270|1924|765|2409|935|117|115|69|116|4798|1125|122|128|95|157|833|539|3172|987|482|384|41|66|53|90|3475|1262|470|323|1376|757|975|584|861|591|654|535|0|225|57932|8424|0|225|2537|1006|309|266|367|395|716|522|263|280|229|237|1007|919|289|345|3662|1221|0|225|1343|678|2359|1108|14819|4313|108|181|28203|6894|1721|916|172|168|230449|7858|41467|4029|32154|3979|25986|3910|3202|731|2966|1190|3229|957|5895|1435|189|206|83779|8246|24747|5713|451|447|0|225|37653|6468|6168|1816|1214|875|1561|1018|8643|3010|592|423|2015|957|735|490|90936|5685|881|543|1018|837|1352|794|8901|1863|155|147|46943|4450|271|239|5749|1573|25666|4254|0|225|12758|4225|3194|3162|330|332|131|125|2483|1349|243|327|1590|883|736|603|895|844|255|378|1487|1756|984|925|423|519|0|225|7|10|1509|1059|16192|3899|5849|2675|189|238|3873|2109|681|450|38|62|28|46|0|225|625|967|415|311|354|392|24|40|0|225|330|388|0|225|1396|904|271|385|921|695|126|160|45|79|33|55|818|817|760|809|58|100|6406|2870|0|225|0|225|94|159|2262|2403|3505|1718|0|225|430|587|0|225|115|198|1369|1179|13395|2131|532|330|485|316|47|79|12202|2178|147|8|0|225|514|336|106089|7141|101135|7122|1552|1147|0|225|148|190|275|277|0|225|64|110|0|225|68|86|857|1064|0|225|24|41|0|225|0|225|116|228|90054|6531|0|225|432|353|5493|2473|3942|1875|2042|1560|75961|5919|2010|884|174|151|0|225|9529|2580|179|182|341|278|1932|1001|978|686|3094|1525|55|89|0|225|2138|1221|131|159|541|375|140|169|4954|1312|4954|1312|0|225
400C200US78661|748129|16449|52214|5029|13363|2171|230|231|1777|864|0|225|706|423|10473|1844|5255|1124|4522|1286|696|314|177|129|10368|1854|339|255|454|350|3216|1018|4481|1103|1067|564|632|458|179|291|5908|1501|401|261|3058|1173|602|370|0|225|1744|763|103|122|22124|3690|122|205|973|653|60|99|578|420|885|945|517|352|689|399|78|131|705|667|271|254|79|131|2627|1253|1936|974|6804|2265|302|267|4414|1528|1084|545|451|629|305359|9922|65179|5951|41948|5046|33082|4412|3545|1266|5321|1281|10396|2246|12770|2396|65|109|71497|8490|12600|5022|542|620|0|225|36397|6259|13626|2869|1729|1071|1034|864|2304|1475|180|191|2579|2438|506|395|131282|7560|1588|1067|2833|1246|1243|707|3184|1566|854|555|89232|7781|281|280|3558|1250|28509|3603|0|225|37070|5754|186|210|218|300|1020|1193|22155|4841|1928|721|1708|1168|1063|794|1308|668|906|795|3850|2718|2017|835|372|334|167|273|172|220|331|293|19053|3699|6259|2089|0|225|1947|1066|1077|854|1173|768|760|807|178|211|114|131|1010|884|1488|941|0|225|242|206|761|904|485|562|3722|1175|98|159|1480|814|1348|915|660|530|136|182|3898|1207|3863|1195|35|62|3374|2192|0|225|434|346|357|430|0|225|1809|1790|0|225|70|108|55|92|649|862|312|331|5778|1909|2286|970|1641|766|645|370|660|614|94|161|0|225|2738|1377|365725|11399|354473|10705|11514|3111|0|225|82|98|2327|1402|0|225|602|403|0|225|4109|2020|3870|1832|0|225|0|225|244|217|44|71|236|249|319319|10151|164|145|1470|929|5528|3386|7174|2496|2056|1103|300631|9749|1663|832|507|401|126|214|23640|3830|2092|677|1079|642|7591|1943|810|518|5423|1865|1658|809|416|383|2945|1101|102|169|1524|795|0|225|11252|2044|11212|2037|40|65
400C200US78904|1179256|20704|88002|5597|24477|2604|437|334|4957|1384|621|450|1848|746|16310|1976|11083|1650|4420|1146|807|539|304|294|21530|2757|966|592|1211|609|7704|1859|8392|1389|1851|685|1302|598|104|175|11992|1950|1823|841|4676|1256|1669|609|470|339|2902|850|922|719|29916|2794|0|225|1373|603|794|456|623|338|378|262|1293|726|548|322|530|357|335|318|709|503|78|131|2579|910|2738|1043|8305|1856|143|137|6802|1505|2688|1008|87|147|678743|14871|295145|12851|259343|12043|197702|11428|35627|3599|26014|2699|13342|2413|20196|2945|2264|1424|146025|8746|7543|2653|1546|1115|99|162|105513|8128|12147|2052|1277|1464|9535|3032|5993|1902|522|502|1264|598|586|642|218211|10528|10923|3981|4558|1746|4863|1449|3206|1467|3569|1091|134142|9235|1847|630|6968|2218|48135|6056|0|225|17911|3563|286|282|872|879|326|417|1380|855|2866|942|1056|740|342|303|840|475|534|324|345|348|3479|1149|417|270|4690|2437|478|543|1451|711|30020|4214|13668|2966|2473|1398|6028|2054|2010|1349|0|225|87|105|1259|823|401|384|1410|791|390|308|234|275|0|225|48|77|108|135|7289|2295|2057|1266|3008|1675|1043|510|623|421|558|452|1491|624|1491|624|0|225|6581|2240|132|209|531|588|82|133|0|225|4156|1783|772|521|0|225|546|623|362|513|601|764|17599|2953|6959|1832|4436|1271|2523|1260|8357|2160|0|225|95|156|2188|1062|364892|12483|348231|12074|4632|1186|79|81|0|225|941|581|64|106|668|580|0|225|490|731|1673|744|51|87|0|225|390|302|197|240|79|131|295787|11658|962|721|1671|895|48087|5907|43934|6794|9316|2886|175506|10360|15542|3820|769|583|0|225|47812|5879|4626|1112|698|456|10766|2352|1165|548|10529|3252|1367|585|0|225|11641|3131|584|447|4754|1706|1682|1758|16661|2478|16597|2478|64|7
400C200US79039|789346|13969|60515|4088|12288|2184|879|617|726|334|309|213|627|450|9258|1792|5488|1527|3182|873|588|361|489|454|12894|2132|710|508|990|677|3503|1139|5299|1426|1477|618|915|486|0|225|7728|1652|898|542|2201|814|3127|1116|917|508|1360|702|142|166|26980|3369|83|140|1255|781|1962|1227|625|555|1130|743|299|226|200|199|277|210|135|176|111|133|111|185|900|601|1383|649|8173|1511|329|350|8358|2484|1649|758|625|601|554886|10605|190208|9106|151433|8818|106297|7175|10079|1887|35057|3500|12860|2691|25770|4073|145|179|185067|10344|1646|1333|2868|1619|0|225|154398|8933|18035|2876|534|371|2253|1548|4313|1576|705|434|315|244|0|225|163516|10005|1585|922|1525|559|2293|880|934|609|2135|705|46253|5496|1682|663|3122|1109|103939|8561|48|80|15439|3105|161|194|800|507|285|244|488|400|6788|2285|580|409|678|591|434|266|498|474|115|113|3272|1240|831|1029|172|178|337|319|656|500|11607|2683|7262|2279|1025|632|4114|1866|953|657|252|395|421|512|213|263|45|74|239|300|294|249|149|181|92|163|0|225|53|86|1712|634|53|90|589|323|612|499|48|78|410|283|1203|646|1203|646|0|225|733|528|0|225|214|244|0|225|161|263|127|159|0|225|0|225|62|106|169|317|403|449|3697|1360|2694|1315|2477|1202|217|227|515|400|0|225|0|225|488|444|158641|8927|149221|8738|2332|1131|0|225|0|225|788|631|0|225|615|572|0|225|82|136|310|398|0|225|0|225|116|139|329|377|92|135|124023|7801|77|133|208|203|8916|2801|5711|2926|1368|1206|104273|6864|3187|1847|283|180|0|225|22866|4746|1087|512|688|478|2644|1032|1524|777|10626|4314|1073|832|265|280|3827|2456|182|303|785|439|165|163|9420|1449|9420|1449|0|225
400C200US80389|860576|19331|106133|7934|16546|2341|966|531|1277|771|806|479|1039|629|11732|2061|5561|1407|5555|1506|616|462|726|472|15558|2177|761|478|369|303|3208|1076|8560|1627|1278|463|1358|960|24|41|4942|1375|565|314|2166|906|574|472|0|218|1637|725|0|218|69087|7782|478|779|3345|1353|2894|1617|1390|953|221|295|998|459|732|382|569|567|282|252|4554|1562|0|218|2922|1394|5772|1549|12166|2710|324|287|30045|5880|2395|864|0|218|491042|11027|174134|8881|118848|7893|94867|6762|8846|2037|15135|2842|11449|2424|42805|4889|1032|840|153933|10217|16213|5973|1891|1046|216|369|113758|9733|7891|2369|1090|701|2849|1674|6433|3139|737|667|2397|2180|458|374|137781|7437|1933|1047|10676|2848|5048|1553|4222|1529|2661|1304|49858|5003|2233|899|7691|1583|53414|5647|45|77|24244|5234|464|495|2046|1306|1292|1591|7353|4070|3058|1788|1632|910|936|638|750|581|945|458|1638|1065|3009|1276|265|209|605|631|251|281|950|662|73524|8414|46243|7356|2860|1474|17590|3750|11277|2911|10781|5049|515|482|678|626|600|702|1942|1082|4524|2294|1088|1066|505|507|2931|1904|0|218|5572|2169|163|267|3106|1566|985|837|758|853|560|419|4910|1877|4910|1877|0|218|10882|3229|0|218|689|530|403|413|1483|1459|4016|2172|790|1023|131|50|430|463|2940|1772|1393|1410|12167|3129|3706|1400|2646|1187|1060|660|1238|603|560|800|2561|1608|4102|2456|177710|10112|155593|9937|6216|1624|318|390|27|42|748|500|68|117|789|582|0|218|1569|952|2234|1178|0|218|45|76|315|217|0|218|103|127|110621|7611|891|747|216|223|9545|3184|5782|2304|7576|3827|83760|7040|2093|2131|578|468|180|298|38756|7378|2111|1037|109|181|9069|3026|2950|1194|7050|2159|3712|1594|473|570|6051|3185|78|139|6993|3547|160|191|22117|2687|22117|2687|0|218
400C200US86599|497413|16846|69286|5521|12334|1928|96|117|1302|638|636|547|912|754|9245|1750|3845|1012|4411|1233|989|591|143|182|11306|1725|321|233|242|304|2398|779|7092|1388|861|413|392|572|0|247|13049|3311|4564|1215|4354|2048|1526|693|65|101|2605|2163|0|247|32512|4555|4044|2449|808|674|2684|1143|2541|1200|1119|685|1780|908|968|701|254|243|1001|696|94|156|912|721|5555|1722|1863|939|3809|1360|560|496|2738|1309|1782|1028|85|148|107097|8616|15654|3084|10097|2172|8298|2083|521|432|1278|714|3019|1847|2135|918|403|482|37096|5604|1426|1810|2583|1962|0|247|27900|4855|1416|768|320|414|822|730|2217|1202|258|409|154|153|0|247|37722|4752|689|598|1754|1298|526|421|2478|1376|362|275|13173|2779|168|220|3327|1426|15245|3353|0|247|15841|6819|83|136|0|247|905|1451|1078|1101|1006|725|1726|961|0|247|1799|1101|1330|1377|5167|6205|1821|1184|437|570|0|247|489|464|784|559|19649|4362|3535|1307|96|150|656|623|726|488|688|897|713|610|96|158|158|270|402|358|3357|2583|2628|2388|175|284|193|312|361|603|7172|2634|189|261|4912|2330|984|685|665|750|422|431|1603|1065|1603|1065|0|247|3455|1576|156|121|1091|1054|82|137|0|247|1024|641|346|587|133|228|623|519|0|247|527|744|1452|1313|1407|1313|1316|1311|91|154|0|247|0|247|21|44|24|44|299929|13731|286689|13389|155509|13106|1625|1333|523|618|105715|10456|201|338|16998|5146|0|247|10211|4669|13703|3510|260|254|105|108|4673|1985|0|247|1495|798|60312|7653|528|478|2876|1357|3601|1555|4821|2235|10213|3892|31702|5528|4112|2351|2459|1052|0|247|70868|8047|1537|887|413|395|7604|2107|1679|1177|25577|4016|7175|3029|1234|681|7190|2323|644|690|17426|5419|389|338|13240|2316|13125|2263|115|203
400C200US92242|1454266|27777|100183|8038|21195|2875|1439|749|2073|727|217|201|2123|955|14445|2250|9753|1844|4236|1152|456|479|898|502|23316|3331|769|357|2704|1142|6851|1612|10110|1870|2041|877|804|487|37|62|17416|4312|2646|1279|5004|1390|2306|1020|0|213|7299|3948|161|126|37385|4411|1303|810|1110|551|780|438|2550|1081|220|219|1307|758|972|621|659|625|552|413|358|216|521|432|2904|1014|2622|920|8879|1828|841|561|8214|2450|3593|1619|871|1024|516669|11565|144974|8622|79964|6324|62136|5517|5820|1354|12008|2196|8571|1601|53475|5138|2964|1446|224574|12708|25528|4401|23660|5679|169|270|104135|7877|20362|3972|1860|1523|15079|3518|26844|4345|4236|1864|1798|1002|903|596|107802|10437|2388|1225|2482|967|2987|1213|1514|913|1379|617|45370|6839|1090|506|5744|1435|44848|6103|0|213|37840|5860|1178|1098|847|590|513|436|3031|1250|3015|841|3047|1524|2307|1233|4327|1178|3083|2174|2645|1060|10914|3523|963|492|971|712|999|495|1479|595|244081|16724|93915|12006|4986|1684|68174|9450|5001|1918|3516|1419|2767|1859|1983|1576|1037|625|6451|3996|18360|4811|16396|4573|309|375|1035|772|620|484|26755|5131|1305|634|11029|3478|7726|2902|3497|1595|3198|1631|4849|1507|4551|1466|298|385|96466|9478|755|1119|22581|4375|4340|1908|5327|2085|31070|4798|3095|1729|14036|3873|5908|2360|9354|2998|3736|1956|3230|858|2702|752|2051|693|651|268|64|109|0|213|72|108|392|265|590103|14897|581030|15019|56962|7267|311|325|1312|925|4375|1966|246|318|9043|2573|1391|992|6914|1888|21574|5659|952|531|371|383|8307|1976|182|190|1984|768|370802|17634|775|679|1665|758|198967|14124|73719|8572|50469|10237|30879|4743|9446|2912|4882|1863|0|213|153266|10411|7471|1752|30816|5396|12435|2663|5894|2191|27974|4671|7535|1888|5823|2080|37932|6549|1834|809|14449|4107|1103|611|9073|1934|9073|1934|0|213
5001900US2408|242796|12000|24665|4955|4545|1140|301|375|552|322|0|228|116|127|3387|1092|1945|689|1352|784|90|139|189|252|5525|1542|109|126|374|351|2391|981|2421|912|142|125|88|77|0|228|5515|3824|194|177|1389|746|495|438|0|228|3363|3705|74|122|8950|2230|190|235|443|413|0|228|879|842|107|172|245|204|415|536|55|90|140|175|50|81|32|54|698|422|257|300|2668|1004|76|127|2250|1178|445|258|130|170|81585|5058|33789|3495|23268|3003|18055|3008|1451|583|3762|1108|2420|862|8101|2023|0|228|28007|4102|1672|1769|2886|1651|0|228|13436|2359|3707|1192|305|420|1595|1412|1474|877|2692|1324|240|258|0|228|14378|2484|333|238|369|239|965|638|58|99|415|366|6207|1920|240|301|1207|703|4584|1603|0|228|5364|1944|814|1079|0|228|0|228|64|104|1482|602|552|685|149|243|173|147|638|644|63|103|1181|981|0|228|0|228|248|187|47|78|44310|5295|23584|5008|711|692|19206|4798|1098|1149|293|362|1326|1559|98|165|269|337|583|414|1887|1437|1510|1394|0|228|263|252|114|131|2138|899|110|131|1371|727|220|208|370|473|67|88|1424|759|1424|759|0|228|15277|3421|653|1111|3124|1513|675|674|1162|1103|4090|1589|201|245|738|547|2997|1911|1637|1405|0|228|822|550|822|550|574|461|248|189|0|228|0|228|0|228|0|228|91414|6394|89563|6454|9415|2401|123|208|743|777|1789|1804|0|228|1733|966|300|472|719|579|2468|1014|281|339|0|228|571|395|40|69|648|472|50092|6561|0|228|76|97|28353|5485|8257|2998|6818|3648|4012|1533|2002|1169|574|639|0|228|30056|4607|1981|904|2094|1167|5162|2103|2235|1684|5987|2260|1825|1107|500|439|7365|2937|345|295|2153|1470|409|336|1851|721|1851|721|0|228
5001900US3609|282009|13650|33797|4299|2680|900|35|58|171|183|42|83|0|220|2381|869|1488|736|893|444|0|220|51|87|3060|1065|551|467|263|319|1098|565|614|489|271|266|47|78|216|280|1626|729|422|379|1042|735|0|220|0|220|162|158|0|220|26384|3880|545|504|2869|1602|0|220|67|110|0|220|252|251|872|548|81|94|54|94|292|172|53|94|2184|764|324|284|8444|2299|291|406|9266|2542|790|542|47|78|64004|6606|15913|3155|14459|3026|12132|3025|1586|629|741|553|657|469|797|394|0|220|31558|5528|123|174|13072|5312|0|220|1389|1211|967|780|714|339|0|220|7165|2310|129|148|7159|2822|840|505|2417|887|152|197|0|220|0|220|0|220|83|136|1391|718|119|116|30|49|642|500|0|220|14072|2687|0|220|2354|1187|2712|1298|10|17|6009|1301|50|81|0|220|504|580|0|220|795|595|1238|825|70|114|293|290|37|62|44|72|14061|4318|293|399|0|220|250|400|0|220|0|220|43|9|0|220|0|220|0|220|49|40|0|220|0|220|49|40|0|220|2286|1110|93|154|345|225|1229|860|619|628|0|220|319|324|319|324|0|220|11114|4155|0|220|2129|1963|63|105|121|203|2616|1215|3321|3459|531|523|0|220|2333|1283|0|220|1296|704|1296|704|1257|706|39|65|0|220|0|220|0|220|0|220|168851|12029|166326|11817|123117|10763|36|60|7745|2032|351|246|862|729|4848|1820|8856|3045|29354|5004|34764|7044|3833|1695|4424|1817|22865|3923|1881|1048|3298|1570|17287|4561|201|267|647|632|2776|2939|1275|956|2045|1161|7936|3405|126|158|2281|1090|0|220|25922|5512|731|464|0|220|268|233|850|852|1940|1018|3069|1932|16808|4087|429|386|0|220|1613|1231|214|203|2525|1404|2525|1404|0|220
5001900US5108|216070|10837|18938|3194|3868|937|615|586|829|591|91|146|397|406|1936|562|1322|517|614|273|0|217|0|217|3747|933|457|303|616|466|941|416|1372|608|143|172|218|291|0|217|2759|1085|436|460|1376|672|331|263|0|217|616|428|0|217|8518|2483|693|715|250|233|254|330|176|183|51|88|476|398|143|178|62|101|57|88|0|217|0|217|417|535|326|278|1749|733|494|470|2180|1406|1190|1129|46|77|75238|5129|21407|3165|10577|2209|8439|1989|1237|620|901|610|1622|859|6737|1862|2471|1349|28657|4051|5010|1512|3481|1662|169|270|9267|1990|3608|2386|221|280|986|694|5152|2229|176|246|391|473|196|222|18906|2838|611|739|703|575|480|261|485|542|214|189|5969|1784|474|361|1028|442|8942|2197|0|217|6199|2073|0|217|90|157|38|65|185|237|473|381|587|757|182|189|1487|772|587|833|733|648|1691|853|60|96|44|74|42|69|69|114|33678|5881|18330|4705|1042|582|14728|4345|734|506|943|663|58|97|230|215|77|127|518|377|277|344|170|284|107|187|0|217|0|217|7472|3263|253|322|2125|1942|3703|2334|639|694|752|1195|341|250|341|250|0|217|6028|1896|0|217|3119|1385|248|297|171|211|454|497|96|159|788|767|0|217|1152|755|1230|1184|735|354|533|330|434|316|99|113|0|217|0|217|0|217|202|191|87481|8065|85303|8055|3763|1220|0|217|0|217|942|571|0|217|828|674|0|217|714|655|987|687|72|113|0|217|164|244|0|217|56|101|50303|7404|252|400|367|325|22735|5380|13177|3873|9125|3069|2763|1068|965|718|919|662|0|217|31237|5770|792|485|12141|3803|1276|505|1076|1138|4436|1565|1723|871|307|212|5766|3207|439|374|3024|2523|257|243|2178|817|2178|817|0|217
5001900US5111|249121|11831|17903|3210|2875|1096|97|117|262|219|0|217|521|601|1887|876|1303|721|317|225|267|430|108|129|4030|1204|0|217|725|649|999|521|1862|636|444|337|0|217|0|217|2676|1218|458|350|668|461|608|496|0|217|942|748|0|217|7665|1770|108|146|331|244|95|109|373|369|0|217|273|283|136|190|72|113|64|107|220|202|330|399|430|252|234|201|1755|911|174|225|1872|810|1198|727|657|1004|142434|7811|47960|4504|19753|3138|15442|3110|1016|583|3295|1131|1658|712|26421|3706|128|221|53782|5288|3423|1484|4607|2005|0|217|26299|4043|6646|2548|854|1322|4917|2168|6013|1855|693|755|0|217|330|338|24965|3863|394|501|309|327|177|158|72|117|139|136|7195|2118|105|130|1401|829|15173|3046|0|217|15138|4146|86|101|197|190|277|280|1578|1003|506|315|1375|1066|495|341|1012|566|1685|1665|700|491|5557|3052|740|493|589|550|341|294|589|450|29782|5610|14609|5281|916|980|8376|2435|484|502|1249|949|486|671|194|234|142|165|2762|3766|650|564|467|508|0|217|100|173|83|140|9135|2150|360|312|5102|1909|1980|895|708|546|985|981|1355|1027|1355|1027|0|217|4033|1661|59|99|1150|880|0|217|465|649|1444|1191|0|217|368|603|0|217|547|859|0|217|321|241|205|200|205|200|0|217|64|109|0|217|0|217|52|84|58681|6690|57868|6691|2064|785|0|217|106|188|384|334|0|217|939|649|0|217|92|114|280|248|45|77|41|69|116|136|0|217|61|98|31730|5598|0|217|692|501|10661|3515|7952|3518|7285|3644|3383|1426|1494|1086|263|245|0|217|24074|3340|1602|722|4162|1475|1519|834|587|369|3437|1184|569|422|654|566|9203|2491|101|166|1997|1423|243|395|813|361|813|361|0|217
9700000US0622710|1671027|27513|106825|7198|23058|3382|598|391|1415|686|541|425|1806|741|18431|3009|10555|2196|7051|1589|825|473|267|224|21644|2447|1813|868|1369|732|7840|1566|7716|1338|1152|363|1619|935|135|135|8351|1864|1470|798|4832|1229|359|337|0|225|1690|798|0|225|53607|6088|424|492|1031|489|565|523|1260|684|1316|857|987|638|2443|1363|367|317|786|682|1084|630|130|157|3954|1519|2754|789|18619|4143|1031|533|13582|2900|3274|1408|165|210|484524|16897|152138|8283|55982|4826|40710|4510|4970|1366|10302|2018|17161|3237|78285|6898|710|620|109180|9687|4787|3174|6531|2129|0|225|25742|4262|59534|6658|2622|1739|1478|748|4697|2488|2415|1246|1200|700|174|188|138625|8023|1232|899|2869|1192|3024|976|393|264|1604|709|103081|7829|1503|878|9757|2204|15162|2442|0|225|83177|8714|44066|6428|1526|921|1876|987|2748|1568|13093|2814|1630|1092|435|372|7501|2331|1551|1196|4496|1616|2791|1212|387|424|572|911|505|403|1404|1203|32875|4368|6804|2295|626|710|4119|1912|311|309|281|371|521|377|380|361|109|161|457|393|2022|1672|827|1205|0|225|977|1076|218|353|10512|2982|49|82|8181|2636|1068|756|0|225|1214|892|4854|1288|4809|1286|45|91|8588|2171|0|225|1657|890|73|125|0|225|5945|2055|59|97|742|728|0|225|112|133|95|151|8347|2020|7016|1666|6371|1615|645|481|602|593|0|225|0|225|729|602|1038456|21180|1023114|21267|12133|2435|0|225|52|87|5196|1343|65|109|1267|1066|108|180|1559|1465|2693|919|50|84|239|304|467|413|0|225|437|302|956624|21061|8183|3610|1884|1011|182342|12767|145291|10929|20260|3632|576401|16889|20884|4811|1193|583|186|231|54357|5012|5277|1395|3716|1318|6179|1766|4171|1479|14413|3203|6286|2258|403|408|9468|2000|148|115|4181|1495|115|115|15342|2284|15342|2284|0|225
9700000US1200180|782708|19372|58358|5139|8059|2169|0|247|543|522|77|91|777|500|5569|1568|2605|816|2921|1301|43|72|1093|1366|8116|2311|191|181|421|304|3283|1841|3390|1201|471|388|360|336|0|247|9420|2403|660|616|4780|1794|1643|1040|192|318|2227|822|110|184|32731|3898|806|701|937|596|190|236|1316|1049|455|329|1797|1191|1686|833|93|151|643|907|692|578|624|736|4191|2086|3463|1516|7512|2992|359|298|6140|2013|1827|815|32|53|61143|5787|11045|2739|9390|2594|7893|2299|984|511|513|426|773|415|882|538|0|247|22486|4043|0|247|2007|1462|0|247|13874|3605|766|746|431|353|102|172|3840|1489|562|653|646|698|258|342|12331|2830|42|71|0|247|159|166|0|247|128|156|4914|1716|114|117|622|464|6352|2485|0|247|12738|2691|604|752|52|86|0|247|1080|1393|5722|1599|706|614|445|514|1530|882|219|277|333|321|1616|861|257|306|0|247|174|170|2543|2964|6712|1785|1424|948|62|107|0|247|255|268|0|247|582|593|0|247|44|59|481|535|492|663|0|247|44|76|0|247|448|657|1224|589|183|308|754|503|287|180|0|247|0|247|966|590|966|590|0|247|2412|1364|0|247|128|222|0|247|0|247|2178|1328|0|247|0|247|0|247|106|173|194|248|780|421|598|378|530|340|68|88|0|247|0|247|0|247|182|199|655715|18109|640528|18204|315774|14278|6643|1976|1747|734|78931|8119|2870|1899|20916|3836|544|532|100160|9872|81028|9097|647|656|0|247|18709|4799|559|523|3020|1158|67525|9233|636|496|3006|1176|10123|3398|12436|5029|10418|3061|15866|4395|11840|5392|3200|1250|0|247|257229|12372|13216|2646|1009|715|36739|5085|6084|3139|88622|10608|13125|2968|6465|2069|18374|3127|4766|2763|68347|9599|482|454|15187|2816|15023|2816|164|207
9700000US1200390|1570170|16991|58454|5368|3905|1177|93|127|148|173|204|333|183|214|3227|1006|2313|858|871|516|43|72|50|83|12305|2793|232|162|832|675|5240|2008|3162|970|1097|563|1742|1443|0|247|18583|3407|462|472|4771|1414|1606|770|0|247|11744|2723|0|247|23661|4035|364|308|795|565|45|78|425|387|509|433|593|367|1601|1288|704|613|226|224|198|243|0|247|1276|694|1065|706|7751|2058|329|347|6473|2653|1307|594|0|247|37537|3677|8466|1907|6994|1784|5779|1545|990|869|225|205|318|239|1154|572|0|247|10026|2598|0|247|1340|986|0|247|5403|2366|1806|956|0|247|123|179|735|544|243|235|376|439|0|247|9158|2128|441|383|189|230|307|305|120|225|497|457|4888|1529|251|304|136|228|2329|1220|0|247|9532|2530|20|33|193|214|268|413|59|101|3998|1716|0|247|193|255|917|552|785|562|332|205|2702|1592|65|106|0|247|0|247|355|519|9037|2754|802|469|0|247|0|247|104|178|0|247|323|419|0|247|0|247|375|387|364|347|90|149|0|247|136|237|138|188|2621|1259|62|103|603|327|1288|647|0|247|668|1034|549|433|549|433|0|247|4637|2262|0|247|905|1402|0|247|0|247|3228|1890|0|247|0|247|0|247|504|702|64|75|1119|912|582|442|412|400|170|212|164|263|0|247|0|247|373|440|1464023|16997|1456745|16816|873142|17903|4300|1324|358|324|717451|15818|539|440|38147|4312|442|503|75986|8101|26955|4548|819|1070|191|259|4813|2179|263|432|2878|1395|208429|12450|447|488|5713|3102|16680|4199|23599|4173|44716|6706|28647|4127|82295|7440|6158|1498|174|300|375174|14748|28574|3524|4936|2316|22965|3303|9311|1972|115244|9805|16339|3381|1946|1074|33512|5097|4989|1392|135377|11127|1981|1141|7278|2033|7278|2033|0|247
9700000US1709930|597415|21718|84347|8757|7336|1751|294|376|2303|723|285|267|209|171|4113|1492|2921|1208|1048|877|144|237|132|217|8726|2683|285|347|200|242|3569|2280|3952|1191|553|419|167|161|0|208|7473|2634|2234|1050|1887|705|317|405|0|208|3035|2425|0|208|60137|7042|151|218|221|184|3026|1356|1063|621|556|368|1273|938|485|583|266|271|1371|1409|194|226|252|257|22818|3464|3827|1577|6613|2769|1744|874|14862|4491|1415|830|675|616|152828|10093|62542|7799|52578|7886|44732|7459|4951|2406|2895|1471|1986|1381|7048|1897|930|722|43076|6274|172|278|1735|1461|0|208|26628|4233|2767|1617|175|287|1352|1047|5264|2619|1523|1251|259|252|3201|2185|32406|5153|1677|1158|179|191|1265|928|0|208|2520|2452|17614|3074|753|677|2418|1527|5980|1868|0|208|13543|3933|791|1162|345|344|0|208|3806|2286|813|454|1317|854|233|310|1058|652|1459|1624|1225|1290|1561|729|746|703|12|2|177|291|1261|993|28633|4982|4928|1832|439|415|2007|1262|1010|821|60|100|71|117|258|432|466|750|617|605|4325|2439|2500|1876|803|960|90|151|932|1153|3230|1549|1199|710|642|624|1231|1224|99|130|59|97|1188|762|1188|762|0|208|13331|3181|0|208|4013|1757|177|315|83|143|7567|2278|0|208|98|174|769|804|624|610|1631|1475|1443|820|1227|675|1000|598|227|275|164|268|0|208|0|208|52|89|330164|16452|321531|16044|7296|1845|345|427|148|174|2230|921|307|451|967|909|0|208|1063|883|2092|1146|0|208|0|208|0|208|112|186|32|52|252032|14296|1354|848|512|353|2065|1197|11862|3380|4462|1531|227715|13497|3750|2363|181|228|131|154|62203|9257|2920|2080|303|366|3598|1834|1430|1460|8630|2736|19696|5833|235|256|4709|1742|211|271|19409|5539|1062|1381|8633|2448|8633|2448|0|208
9700000US2400480|364713|12294|30074|5039|4916|1214|301|375|552|322|0|228|116|127|3558|1112|1997|711|1445|806|116|145|389|340|6654|1741|109|126|374|351|3061|1194|2772|921|200|158|138|115|0|228|6209|3867|296|247|1611|800|540|443|0|228|3688|3718|74|122|12165|2717|190|235|443|413|0|228|1115|896|107|172|245|204|415|536|418|574|140|175|92|107|32|54|1223|652|536|429|3490|1360|123|152|2912|1271|684|512|130|170|131199|4615|49421|4697|35843|4672|27946|4296|2251|843|5646|1236|2738|956|10840|2390|0|228|46492|4466|2055|1834|3976|1907|0|228|24282|3205|6120|2084|710|739|2153|1500|3245|1193|3169|1464|782|710|0|228|28345|5213|597|525|926|494|1837|1098|102|121|415|366|15610|4797|277|307|1398|720|7183|1975|0|228|6812|2000|917|1086|0|228|238|342|144|170|1638|643|747|731|149|243|402|337|730|652|313|317|1286|983|0|228|0|228|248|187|129|157|66830|5861|30940|5416|861|741|23798|5210|1609|1272|293|362|1761|1598|1035|1334|603|572|980|702|4906|1970|4255|1938|0|228|485|356|166|157|3226|1410|180|179|1417|724|373|316|458|494|798|904|1516|773|1516|773|0|228|25466|4130|653|1111|5465|2172|1267|795|2685|1715|5497|1872|982|1144|2797|1516|3449|1932|2671|1681|776|1269|1159|608|1159|608|911|534|248|189|0|228|0|228|0|228|0|228|135451|7543|133113|7447|14123|2955|123|208|743|777|2066|1806|0|228|2947|1253|343|482|2049|1083|3861|1637|515|518|0|228|752|481|76|90|648|472|74440|9742|89|143|76|97|45293|8617|11121|4208|9463|3778|4830|1751|2915|1528|653|655|0|228|44550|5626|2708|1167|4821|2247|6002|1960|2676|1510|8989|2748|2524|1240|663|520|11382|3481|448|293|3928|2063|409|336|2338|863|2338|863|0|228
9700000US3200060|537188|14377|35218|3436|7238|1665|49|80|892|649|50|82|265|295|5942|1351|3041|1044|2782|839|119|142|40|66|8488|1784|296|243|239|299|2028|893|5353|1340|308|324|264|226|0|236|4680|1621|1564|1220|2374|1038|156|171|0|236|586|352|0|236|14812|2864|1172|1167|222|262|983|650|1270|647|222|211|200|197|1469|854|47|77|161|198|117|196|262|344|2841|1274|1107|596|1513|808|555|537|1316|949|1355|761|0|236|181546|7157|48194|6665|31339|5199|24897|4902|3074|1075|3368|832|3080|954|13775|3633|0|236|16187|3979|684|630|133|119|0|236|9038|2994|3630|1022|0|236|1808|2175|140|136|248|215|157|160|349|560|110458|7134|1330|1366|1377|774|1521|977|1201|715|95|119|88203|6316|361|221|5261|2041|11109|3522|0|236|6425|1463|1116|635|304|274|242|280|516|438|1876|994|239|229|0|236|1037|631|0|236|256|242|681|529|76|129|0|236|82|138|282|390|20575|4254|12769|2942|588|512|8122|2556|1262|912|528|608|839|972|306|510|272|279|852|570|1634|1234|139|229|757|678|738|1029|0|236|623|409|252|306|151|146|172|203|0|236|48|80|706|445|706|445|0|236|3633|2337|259|426|2217|1556|298|485|0|236|106|140|113|134|0|236|0|236|640|965|1210|874|4163|1398|1269|665|997|644|272|225|420|469|49|84|0|236|2425|1289|295686|12049|287167|11872|36808|6254|0|236|315|381|32695|6009|0|236|1693|907|0|236|178|249|883|686|159|254|0|236|775|529|42|70|68|112|222685|10388|155|147|116|99|22226|4186|13424|4591|5830|2025|174681|10556|5563|2917|638|632|52|86|27674|5766|1939|874|512|377|9509|4385|898|909|5576|2249|1591|1055|200|234|4492|1466|77|128|2776|1590|104|126|8519|2010|8426|2009|93|154
9700000US3620580|3108115|37484|429504|15821|54380|5288|1157|904|13771|2768|1128|717|2425|1158|34548|4632|24150|3921|9257|1915|1141|1054|1351|964|46630|4866|3240|1098|2467|860|18634|2997|17930|2925|2777|1406|1256|507|326|305|65733|6465|17066|3483|34658|3612|3991|1410|0|220|9746|3081|272|249|261100|13154|21312|4997|12485|2757|2263|1287|3668|1369|3515|1457|2758|908|4422|1408|771|339|1813|1089|4074|1346|2927|2209|43298|6227|9532|3463|50178|6447|3154|1591|63399|6355|31531|3741|1661|1158|959574|14520|490483|12923|417986|13526|366301|13246|29103|3726|22582|3113|15411|2802|56141|5906|945|580|290765|12784|1446|755|119256|10192|1502|1047|70988|7169|7087|1908|2868|1163|15043|4034|31098|5115|3372|1350|32830|5891|5275|2119|94266|7936|6998|2155|1681|1146|3763|1214|294|357|7349|1776|57374|6345|1781|760|3542|1103|11426|2027|58|96|81937|7642|1245|1045|5593|1639|11030|2620|734|597|20151|3190|1522|796|381|343|4872|1604|820|490|4524|1570|13918|3341|1535|702|13148|4012|2464|1273|2123|1355|168619|11645|11044|3700|385|371|4124|2640|2755|2197|72|120|1114|965|726|970|591|487|1277|884|3506|1702|1039|1054|313|346|482|516|1672|1259|37456|5590|3522|1410|21000|4604|9550|2085|1433|949|1951|1441|5871|2032|5318|1772|553|834|97518|10529|0|220|32686|6266|5241|3257|3813|1828|22726|4682|9991|4734|2869|1265|1207|981|18985|4746|13224|3565|12081|2698|11532|2574|9676|2223|1856|1010|65|112|0|220|0|220|484|476|1538337|26461|1508910|26135|788741|27362|1028|619|19449|3780|10877|2409|5547|2292|372579|18805|15832|3669|84036|9153|158984|11560|12826|4608|11042|2602|74575|6352|6562|2334|15404|3680|289586|17311|4851|1375|5177|1621|31690|6096|36391|7766|32084|5495|161943|11268|4819|1384|11748|2506|883|429|430583|17277|11892|3126|3588|1494|18169|3517|10275|4267|69291|7044|139552|10523|121231|8906|30574|5961|2295|1031|19848|3396|3868|1314|29427|4482|29066|4470|361|424
9700000US5101260|358633|12527|24668|3849|4326|1358|432|493|402|258|0|217|826|727|2558|930|1732|780|559|311|267|430|108|129|6166|1446|231|255|1196|772|1204|623|2824|911|536|383|175|277|0|217|3424|1268|792|489|914|504|824|547|0|217|894|729|0|217|10005|1979|637|700|331|244|95|109|373|369|0|217|326|297|136|190|134|152|121|137|220|202|516|482|504|261|318|224|2676|1231|427|364|2384|913|807|457|747|1017|184620|7217|59312|5133|25047|3696|19948|3665|1226|544|3873|1230|1884|760|31132|3859|1249|963|69474|6128|6660|2071|6098|2207|0|217|29320|4163|9900|3252|895|1325|5650|2249|9834|2940|693|755|0|217|424|377|38516|4931|258|225|1012|625|519|328|259|325|316|227|10835|2726|436|348|2205|891|22676|3756|0|217|16729|4332|86|101|197|190|277|280|1554|995|846|415|1258|1047|472|309|1816|769|1753|1667|619|504|6074|3137|761|458|633|555|383|300|589|450|41780|6920|21867|6234|1534|1076|14317|3748|727|521|1570|1005|544|674|194|234|219|176|2762|3766|650|564|467|508|0|217|100|173|83|140|11368|2884|365|367|6268|2467|2858|1272|892|588|985|981|1497|1039|1497|1039|0|217|6398|2063|59|99|2596|1284|84|142|636|688|1444|1191|0|217|489|650|0|217|1090|1138|0|217|473|291|252|219|252|219|0|217|64|109|0|217|0|217|157|160|107092|6287|105738|6219|4084|1381|0|217|0|217|823|571|0|217|1369|829|0|217|616|681|777|580|117|137|41|69|280|276|0|217|61|98|58649|7112|252|400|438|347|23317|4914|13045|4183|14229|4171|4759|1578|2004|1152|605|477|0|217|43005|5736|1885|668|11840|3490|2265|909|846|549|5825|1709|1402|808|802|521|12931|3767|228|225|4447|2834|534|496|1354|546|1354|546|0|217
