GEO_ID|B05006_E001|B05006_M001|B05006_E002|B05006_M002|B05006_E003|B05006_M003|B05006_E004|B05006_M004|B05006_E005|B05006_M005|B05006_E006|B05006_M006|B05006_E007|B05006_M007|B05006_E008|B05006_M008|B05006_E009|B05006_M009|B05006_E010|B05006_M010|B05006_E011|B05006_M011|B05006_E012|B05006_M012|B05006_E013|B05006_M013|B05006_E014|B05006_M014|B05006_E015|B05006_M015|B05006_E016|B05006_M016|B05006_E017|B05006_M017|B05006_E018|B05006_M018|B05006_E019|B05006_M019|B05006_E020|B05006_M020|B05006_E021|B05006_M021|B05006_E022|B05006_M022|B05006_E023|B05006_M023|B05006_E024|B05006_M024|B05006_E025|B05006_M025|B05006_E026|B05006_M026|B05006_E027|B05006_M027|B05006_E028|B05006_M028|B05006_E029|B05006_M029|B05006_E030|B05006_M030|B05006_E031|B05006_M031|B05006_E032|B05006_M032|B05006_E033|B05006_M033|B05006_E034|B05006_M034|B05006_E035|B05006_M035|B05006_E036|B05006_M036|B05006_E037|B05006_M037|B05006_E038|B05006_M038|B05006_E039|B05006_M039|B05006_E040|B05006_M040|B05006_E041|B05006_M041|B05006_E042|B05006_M042|B05006_E043|B05006_M043|B05006_E044|B05006_M044|B05006_E045|B05006_M045|B05006_E046|B05006_M046|B05006_E047|B05006_M047|B05006_E048|B05006_M048|B05006_E049|B05006_M049|B05006_E050|B05006_M050|B05006_E051|B05006_M051|B05006_E052|B05006_M052|B05006_E053|B05006_M053|B05006_E054|B05006_M054|B05006_E055|B05006_M055|B05006_E056|B05006_M056|B05006_E057|B05006_M057|B05006_E058|B05006_M058|B05006_E059|B05006_M059|B05006_E060|B05006_M060|B05006_E061|B05006_M061|B05006_E062|B05006_M062|B05006_E063|B05006_M063|B05006_E064|B05006_M064|B05006_E065|B05006_M065|B05006_E066|B05006_M066|B05006_E067|B05006_M067|B05006_E068|B05006_M068|B05006_E069|B05006_M069|B05006_E070|B05006_M070|B05006_E071|B05006_M071|B05006_E072|B05006_M072|B05006_E073|B05006_M073|B05006_E074|B05006_M074|B05006_E075|B05006_M075|B05006_E076|B05006_M076|B05006_E077|B05006_M077|B05006_E078|B05006_M078|B05006_E079|B05006_M079|B05006_E080|B05006_M080|B05006_E081|B05006_M081|B05006_E082|B05006_M082|B05006_E083|B05006_M083|B05006_E084|B05006_M084|B05006_E085|B05006_M085|B05006_E086|B05006_M086|B05006_E087|B05006_M087|B05006_E088|B05006_M088|B05006_E089|B05006_M089|B05006_E090|B05006_M090|B05006_E091|B05006_M091|B05006_E092|B05006_M092|B05006_E093|B05006_M093|B05006_E094|B05006_M094|B05006_E095|B05006_M095|B05006_E096|B05006_M096|B05006_E097|B05006_M097|B05006_E098|B05006_M098|B05006_E099|B05006_M099|B05006_E100|B05006_M100|B05006_E101|B05006_M101|B05006_E102|B05006_M102|B05006_E103|B05006_M103|B05006_E104|B05006_M104|B05006_E105|B05006_M105|B05006_E106|B05006_M106|B05006_E107|B05006_M107|B05006_E108|B05006_M108|B05006_E109|B05006_M109|B05006_E110|B05006_M110|B05006_E111|B05006_M111|B05006_E112|B05006_M112|B05006_E113|B05006_M113|B05006_E114|B05006_M114|B05006_E115|B05006_M115|B05006_E116|B05006_M116|B05006_E117|B05006_M117|B05006_E118|B05006_M118|B05006_E119|B05006_M119|B05006_E120|B05006_M120|B05006_E121|B05006_M121|B05006_E122|B05006_M122|B05006_E123|B05006_M123|B05006_E124|B05006_M124|B05006_E125|B05006_M125|B05006_E126|B05006_M126|B05006_E127|B05006_M127|B05006_E128|B05006_M128|B05006_E129|B05006_M129|B05006_E130|B05006_M130|B05006_E131|B05006_M131|B05006_E132|B05006_M132|B05006_E133|B05006_M133|B05006_E134|B05006_M134|B05006_E135|B05006_M135|B05006_E136|B05006_M136|B05006_E137|B05006_M137|B05006_E138|B05006_M138|B05006_E139|B05006_M139|B05006_E140|B05006_M140|B05006_E141|B05006_M141|B05006_E142|B05006_M142|B05006_E143|B05006_M143|B05006_E144|B05006_M144|B05006_E145|B05006_M145|B05006_E146|B05006_M146|B05006_E147|B05006_M147|B05006_E148|B05006_M148|B05006_E149|B05006_M149|B05006_E150|B05006_M150|B05006_E151|B05006_M151|B05006_E152|B05006_M152|B05006_E153|B05006_M153|B05006_E154|B05006_M154|B05006_E155|B05006_M155|B05006_E156|B05006_M156|B05006_E157|B05006_M157|B05006_E158|B05006_M158|B05006_E159|B05006_M159|B05006_E160|B05006_M160|B05006_E161|B05006_M161|B05006_E162|B05006_M162|B05006_E163|B05006_M163|B05006_E164|B05006_M164|B05006_E165|B05006_M165|B05006_E166|B05006_M166|B05006_E167|B05006_M167|B05006_E168|B05006_M168|B05006_E169|B05006_M169|B05006_E170|B05006_M170|B05006_E171|B05006_M171|B05006_E172|B05006_M172|B05006_E173|B05006_M173|B05006_E174|B05006_M174|B05006_E175|B05006_M175|B05006_E176|B05006_M176|B05006_E177|B05006_M177|B05006_E178|B05006_M178
0100000US|47831053|190452|4819049|54785|920821|14783|25005|3005|117219|6934|21321|2261|43413|4195|693465|14588|311722|10354|331370|10148|50373|3694|20398|2064|903646|22164|37929|4182|32883|3502|187003|8696|520418|14234|82469|5133|40589|3665|2355|904|699801|15430|113433|7158|295002|9622|160729|7853|20868|2966|126067|7690|4570|1387|2280708|42972|106957|10337|75035|7433|104381|9074|70801|5881|36087|4027|63945|4924|62703|4604|20081|2862|32627|4657|47498|5078|29314|4234|382844|13725|152470|8268|415809|16684|39571|5080|468780|18854|171805|11171|14073|2592|14607826|63903|4209517|45630|2827634|38074|2193250|34762|242372|10740|392012|14402|337877|14207|1017250|22064|26756|5192|4747690|52153|218612|15119|333026|15195|37287|4916|2910042|47128|419885|14687|50833|5137|179930|12344|428795|18261|62151|5749|74967|7294|32162|5394|4358976|43370|159647|10231|151167|8787|91521|6452|161116|9120|86332|7363|2051900|33412|38040|3340|252628|11499|1365841|26269|784|399|1230804|30952|104153|8879|25071|3691|32353|4854|215693|15938|133393|9174|88695|7189|35817|5003|146143|8268|60809|7095|110697|9778|156956|9758|26444|3395|71471|9215|23109|3797|60839|5571|2791326|52071|793251|29477|49755|6681|278182|17853|174734|13665|92401|10509|40420|5695|49120|7379|24490|4010|84149|8768|223462|16153|90749|8921|43066|8110|62547|6675|27100|5868|465301|21903|42129|6214|225665|13711|109370|9469|59305|6901|28832|4743|139452|8821|133359|8208|6093|1904|1079164|31040|31441|4454|241477|17757|25426|4718|100769|8773|476008|22078|28581|4898|45532|6988|36951|5745|92979|9905|90696|10620|297323|14144|130934|6026|97250|5149|33684|2917|39665|4536|22780|4532|34547|5731|69397|9472|25315529|124489|24479660|124023|4832034|55475|37791|4518|52052|6205|1450808|30065|30327|4676|1265231|31308|31346|5393|777845|23909|817294|21710|27310|5303|26251|4269|237946|13050|21697|3924|56136|5242|15240591|104914|50003|5578|104798|9264|1494869|36429|1250053|35453|934617|30981|10918205|87367|377152|22443|103174|7750|7720|2759|4407035|54419|216190|11803|90820|9236|707052|26255|137644|12312|1049821|24898|539546|19483|278215|15032|529682|22735|47344|5623|769664|29362|41057|4345|835869|16906|828396|16901|7473|1513
01000A0US|47266282|189310|4750536|54112|903038|14147|24135|3050|116165|6870|20726|2246|42060|4103|679967|14193|307165|10270|323580|10093|49222|3610|19985|2077|879105|21766|37426|4219|32231|3483|183906|8709|503107|14033|80303|5099|39861|3658|2271|888|695070|15539|112463|7179|292847|9680|159993|7855|20693|2937|125297|7675|4470|1373|2259341|42953|106318|10348|74873|7442|103769|9057|69832|5939|35483|4055|62590|4828|61793|4613|19817|2875|32259|4643|47239|5034|28957|4246|379723|13537|150357|8317|412680|16647|39101|5068|463908|18524|170642|11225|13982|2599|14523562|63937|4189470|45309|2816956|37819|2185210|34458|241361|10716|390385|14294|335079|14065|1010713|22191|26722|5200|4730036|52331|218261|15156|332183|15271|37287|4916|2899448|47559|418606|14706|49753|4951|178965|12330|426847|18415|61971|5733|74747|7299|31968|5409|4316027|42870|157729|10323|149645|8734|90867|6368|158532|9122|85942|7392|2024102|32938|37797|3370|249766|11531|1360863|26253|784|399|1227420|30977|104133|8881|24897|3697|32188|4831|214996|15937|133241|9175|88390|7190|35804|5003|145996|8261|60610|7105|110431|9755|156185|9730|26211|3396|71229|9201|23109|3797|60609|5563|2772576|52011|788019|29751|49469|6675|277133|17850|173853|13688|91585|10578|40235|5708|48832|7363|24226|3989|82686|8685|222964|16188|90715|8910|42917|8109|62381|6686|26951|5849|462589|21847|42044|6227|224423|13645|108948|9506|58761|6891|28413|4735|134529|8807|128459|8211|6070|1904|1075022|31072|31342|4464|240614|17688|25342|4701|100040|8862|474967|22096|28213|4911|45295|6983|36384|5715|92825|9884|89453|10712|289438|13845|128148|6067|95561|5250|32587|2748|39665|4536|20991|4402|32604|5722|68030|9356|24930170|123751|24120159|122931|4804477|55790|37345|4537|51756|6188|1442422|30224|30291|4678|1260989|31489|31102|5444|772874|23818|810212|22063|27284|5307|25866|4217|236918|12986|21578|3926|55840|5245|14931004|103534|49322|5525|104262|9164|1483752|36332|1231214|35646|915643|30692|10664163|87018|373560|22402|101368|7812|7720|2759|4384678|54606|214461|11727|89848|9127|703997|26280|136061|12343|1044038|24972|538083|19497|277716|15061|526357|22787|47083|5671|766405|29384|40629|4358|810011|16956|802706|16937|7305|1528
01000C0US|45939616|187279|4596665|53832|862524|13860|23346|2989|113706|6752|19553|2212|40265|4002|646851|14180|295224|10383|305314|9950|46313|3628|18803|2056|835094|21416|35967|4040|31454|3527|178051|8693|472894|13546|77280|5117|37230|3434|2218|890|680813|15524|110958|7112|286439|9601|156913|8108|20303|2909|122109|7687|4394|1384|2204465|42672|105493|10258|73796|7443|102471|9001|68188|5916|35080|4065|60114|4805|59933|4474|17879|2674|31573|4637|45379|4842|27943|4105|370284|13270|146162|8137|401766|16707|38094|5015|452529|18478|167781|10953|13769|2540|14281531|63501|4124829|45167|2782476|37843|2157503|34589|239820|10655|385153|14163|323101|13507|992705|21785|26547|5142|4679392|51751|216852|15093|329490|15396|37287|4916|2867037|46867|416084|14810|48299|5142|175348|12108|422855|18334|60743|5710|73812|7213|31585|5401|4210307|42325|150473|10253|147842|8800|88875|6306|150784|9027|84561|7167|1966632|31805|36582|3488|239026|11410|1344748|25719|784|399|1208399|30596|103966|8877|24523|3701|31750|4780|212927|15577|131836|9038|87051|7136|35097|5002|144259|8166|57971|6938|109286|9883|152829|9344|25394|3388|68558|8928|22952|3785|58604|5491|2717892|51005|772248|29138|48370|6756|274731|17735|170372|13524|87744|10699|39767|5695|47589|7381|23604|3934|80071|8866|218230|16009|89273|9086|42517|8156|59683|6414|26757|5838|455539|21711|41787|6213|220853|13542|106760|9526|58054|6833|28085|4730|128047|8675|122659|8129|5388|1901|1056124|30817|31342|4464|233923|17328|25235|4705|99565|8848|465218|22067|27795|4886|45058|7007|35706|5687|92282|9904|87704|10559|271413|13556|120033|6250|90252|5364|29781|2728|38929|4547|18374|4210|28468|5610|65609|9106|24072115|120094|23306829|119687|4732363|54058|36385|4480|51278|6196|1418600|29266|29342|4633|1244034|31158|30952|5435|762834|23502|796247|21581|26926|5283|25626|4230|234780|12895|20729|3803|54630|5125|14258396|100227|48811|5518|101750|9407|1452234|36524|1165625|35699|885453|29627|10132906|85427|365020|21943|98877|7659|7720|2759|4316070|53653|208761|11729|87336|9109|694732|26428|130388|11848|1028401|24856|532404|19634|275218|15121|517873|22179|46236|5701|755051|29668|39670|4310|765286|16880|758381|16851|6905|1465
01000C1US|21212473|110126|1926331|31735|357756|10974|11310|2330|45508|4211|6509|1258|18814|3137|267718|9513|131542|7382|121509|6601|14667|2009|7897|1602|361397|12777|16816|2678|13993|2218|100313|6129|181407|7787|30620|3316|17309|2126|939|536|253662|10763|49075|4851|109147|6458|35422|3685|3817|1328|58668|6103|1350|642|945781|24226|46869|6877|32287|4292|39663|5187|27515|3646|14171|2524|23049|2614|24614|2983|7516|1502|13422|3010|19584|3161|10478|2858|123120|8029|58385|5329|200324|12556|16572|3503|206761|11719|81451|7746|7735|2193|6879952|53545|2157011|31284|1522837|29088|1205997|27920|130432|8963|186408|8523|178935|9571|441695|16363|13544|4000|2116250|39661|97540|10683|204277|13228|17894|3554|1212873|32731|231702|12132|22213|3371|80176|8698|155466|10231|28694|4535|47782|5854|17633|3568|1992429|28530|94861|9052|62667|5666|41646|4915|68934|5933|48736|6090|911855|21849|20917|2688|125073|7914|617385|19838|355|252|591242|20175|86139|8662|14161|3017|21406|3957|74483|7686|71548|6936|35462|5270|14479|3007|66918|5697|28432|5493|45596|7046|63044|5614|13172|2766|45418|7586|10984|2653|23020|3175|1306671|41763|390502|23121|23300|4556|127906|12566|76935|8947|64493|9547|24051|4904|20709|5856|9989|2359|43119|6230|108967|12145|31074|6451|30064|7480|33143|5156|14686|4213|204650|15254|20474|4476|97376|10231|41358|5421|32658|6420|12784|3350|57309|5672|55423|5541|1886|806|497637|22294|6676|1932|113652|11877|15673|3881|43660|6315|198145|14561|18881|4242|19618|5104|19884|4684|61448|9243|47606|8379|139071|11166|60369|4595|46815|3962|13554|2026|15898|2785|13129|3581|17593|4071|32082|7635|10960448|74326|10646790|73346|2022210|35173|15150|3211|28780|4414|423616|19446|13503|2735|686332|24044|19893|4019|289671|16022|352639|15185|15726|4337|16957|4312|120573|9889|11776|3349|27594|4412|6807846|61737|27801|4171|37873|4952|617984|24480|593167|26963|438668|22677|4894427|54957|152898|13974|41795|6213|3233|1549|1816734|37028|81533|6535|31248|4912|278759|16511|53425|6931|406838|17917|269178|15621|172236|10987|184358|13264|15178|3027|307764|17919|16217|2856|313658|9564|310693|9491|2965|1421
01000C2US|24727143|126227|2670334|41568|504768|11385|12036|1972|68198|5246|13044|2047|21451|2586|379133|11030|163682|7369|183805|7828|31646|3071|10906|1568|473697|15715|19151|2625|17461|2742|77738|5832|291487|10238|46660|3775|19921|2241|1279|744|427151|12112|61883|5419|177292|7387|121491|7156|16486|2537|63441|6188|3044|1232|1258684|33250|58624|7215|41509|6131|62808|7175|40673|5168|20909|3623|37065|4090|35319|3169|10363|2201|18151|3554|25795|3465|17465|2913|247164|11381|87777|6779|201442|10231|21522|3492|245768|14909|86330|6725|6034|1505|7401579|55731|1967818|30271|1259639|26854|951506|23589|109388|6929|198745|8981|144166|8326|551010|15799|13003|3821|2563142|39068|119312|10729|125213|10156|19393|3785|1654164|33822|184382|9854|26086|4332|95172|9011|267389|14205|32049|4824|26030|4101|13952|3577|2217878|35669|55612|5767|85175|7642|47229|4663|81850|6934|35825|3763|1054777|24162|15665|2483|113953|7324|727363|19378|429|298|617157|21168|17827|2940|10362|2126|10344|2560|138444|13232|60288|5587|51589|5556|20618|3617|77341|6359|29539|4753|63690|7952|89785|8510|12222|2212|23140|4060|11968|2213|35584|4795|1411221|32526|381746|19401|25070|5295|146825|12209|93437|10397|23251|5020|15716|3285|26880|4700|13615|2767|36952|6925|109263|9775|58199|7203|12453|3639|26540|4403|12071|3682|250889|14074|21313|4314|123477|8791|65402|7288|25396|3912|15301|3404|70738|6203|67236|5704|3502|1778|558487|22150|24666|4434|120271|11495|9562|2560|55905|5849|267073|17404|8914|2511|25440|4723|15822|3995|30834|4609|40098|6626|132342|8092|59664|4731|43437|4065|16227|2294|23031|3544|5245|2653|10875|3260|33527|4303|13111667|86711|12660039|87829|2710153|44348|21235|3529|22498|3412|994984|22812|15839|3710|557702|23960|11059|2977|473163|20845|443608|18061|11200|2431|8669|1950|114207|8156|8953|2212|27036|3160|7450550|73949|21010|3438|63877|7728|834250|23934|572458|26606|446785|22792|5238479|57763|212122|14933|57082|5397|4487|2234|2499336|42178|127228|9988|56088|6932|415973|21014|76963|8024|621563|19288|263226|15631|102982|8430|333515|16526|31058|4684|447287|22344|23453|3606|451628|13344|447688|13348|3940|946
01000E0US|1326666|23598|153871|8403|40514|3245|789|402|2459|828|1173|472|1795|510|33116|2829|11941|1771|18266|2183|2909|887|1182|557|44011|3249|1459|649|777|292|5855|1258|30213|2480|3023|596|2631|1261|53|87|14257|2319|1505|520|6408|1513|3080|1030|390|375|3188|872|76|96|54876|5841|825|822|1077|686|1298|738|1644|687|403|264|2476|684|1860|734|1938|1071|686|415|1860|1106|1014|759|9439|2279|4195|1162|10914|3154|1007|470|11379|2260|2861|974|213|279|242031|8192|64641|5290|34480|3667|27707|3131|1541|609|5232|1509|11978|2126|18008|2731|175|292|50644|4043|1409|754|2693|1312|0|210|32411|3655|2522|1060|1454|840|3617|1283|3992|942|1228|538|935|611|383|254|105720|5776|7256|1833|1803|733|1992|759|7748|1448|1381|720|57470|4113|1215|582|10740|1773|16115|3509|0|210|19021|3735|167|183|374|310|438|280|2069|1475|1405|901|1339|765|707|538|1737|672|2639|1449|1145|870|3356|1312|817|599|2671|1146|157|191|2005|973|54684|5084|15771|2551|1099|671|2402|711|3481|1142|3841|1555|468|391|1243|859|622|382|2615|1265|4734|1652|1442|746|400|403|2698|1646|194|167|7050|1979|257|274|3570|1616|2188|1171|707|308|328|234|6482|1483|5800|1368|682|505|18898|3546|0|210|6691|2402|107|132|475|294|9749|2612|418|339|237|338|678|714|543|419|1749|802|18025|2724|8115|1563|5309|1215|2806|1069|736|469|2617|1221|4136|1698|2421|910|858055|17664|813330|17941|72114|5794|960|526|478|286|23822|3589|949|586|16955|3034|150|200|10040|2287|13965|3166|358|333|240|259|2138|737|849|972|1210|588|672608|15899|511|259|2512|1014|31518|4928|65589|6369|30190|5658|531257|13921|8540|2097|2491|857|0|210|68608|6265|5700|1757|2512|1024|9265|2033|5673|2194|15637|2602|5679|1462|2498|795|8484|1830|847|481|11354|3127|959|542|44725|3918|44325|3848|400|373
01000E1US|587846|16984|49715|4880|11771|1748|376|250|1122|653|298|265|516|258|9193|1501|2860|708|5931|1338|402|263|266|199|15189|2123|440|523|93|111|2126|826|10747|1677|706|355|1077|633|0|210|5743|1576|541|333|2720|1068|758|579|202|294|1724|747|0|210|16807|3844|603|793|189|340|429|336|486|438|163|200|643|346|471|266|209|212|62|100|377|303|424|443|1320|638|997|461|4661|2415|776|526|4090|1567|907|458|205|279|121700|6491|32158|4024|17328|3148|14483|2882|335|290|2510|1071|5874|1626|8781|1798|175|292|27225|3491|1213|778|1948|1236|0|210|16254|2872|1450|874|221|216|2640|963|1753|700|820|493|676|596|250|241|52873|4922|6337|1806|780|419|804|435|3343|1165|1142|701|23335|2878|344|281|6765|1497|10023|2858|0|210|9011|2282|13|23|285|296|102|168|463|355|4|2|884|633|484|502|1028|516|1307|1074|935|860|1086|574|608|455|1812|984|0|210|433|353|35422|4716|10307|2415|1099|671|1236|615|2249|955|3613|1530|142|212|153|193|201|200|1614|981|3650|1598|794|669|278|373|2453|1598|125|143|3138|1057|202|265|1129|673|948|842|594|285|265|228|2862|1016|2625|934|237|339|14134|3311|0|210|5120|2288|47|85|90|125|7425|2526|418|339|237|338|322|385|475|420|1331|725|6894|1880|3023|1014|2028|825|995|725|281|300|645|615|2176|1518|769|468|374115|14155|360194|14167|29109|4195|460|358|262|208|11966|2797|0|210|5883|1544|0|210|3772|1589|4890|2130|145|131|126|235|597|386|789|961|219|146|299667|12513|40|48|1025|612|14490|3371|35030|5276|14108|3894|229264|9866|5194|1994|516|395|0|210|31418|3658|2813|1361|808|698|4055|1348|3837|1946|6677|1504|2359|1084|1036|616|3973|1358|355|291|4976|1753|529|414|13921|2282|13921|2282|0|210
01000E2US|738820|17455|104156|5826|28743|2796|413|335|1337|555|875|454|1279|419|23923|2448|9081|1500|12335|1934|2507|838|916|550|28822|2427|1019|464|684|284|3729|859|19466|1961|2317|519|1554|1031|53|87|8514|1537|964|387|3688|1019|2322|945|188|184|1464|460|76|96|38069|3773|222|209|888|599|869|657|1158|551|240|162|1833|614|1389|635|1729|1078|624|409|1483|1040|590|602|8119|2041|3198|995|6253|1818|231|226|7289|1730|1954|860|8|2|120331|6426|32483|3310|17152|2335|13224|1853|1206|540|2722|1029|6104|1427|9227|1788|0|210|23419|2901|196|223|745|525|0|210|16157|2659|1072|579|1233|819|977|721|2239|692|408|202|259|167|133|95|52847|4032|919|460|1023|621|1188|594|4405|1182|239|137|34135|3240|871|503|3975|985|6092|1590|0|210|10010|2348|154|182|89|107|336|246|1606|1425|1401|901|455|408|223|199|709|453|1332|858|210|199|2270|1119|209|273|859|583|157|191|1572|949|19262|2757|5464|1383|0|210|1166|499|1232|749|228|166|326|357|1090|837|421|319|1001|783|1084|591|648|360|122|153|245|416|69|68|3912|1697|55|70|2441|1443|1240|764|113|122|63|52|3620|1193|3175|1066|445|380|4764|1557|0|210|1571|763|60|95|385|268|2324|890|0|210|0|210|356|601|68|105|418|275|11131|2289|5092|1235|3281|905|1811|820|455|343|1972|1090|1960|1014|1652|798|483940|13384|453136|13601|43005|4781|500|423|216|210|11856|2265|949|586|11072|2558|150|200|6268|1756|9075|2512|213|283|114|125|1541|663|60|69|991|584|372941|12203|471|256|1487|840|17028|3429|30559|4707|16082|3502|301993|11150|3346|1131|1975|665|0|210|37190|4847|2887|1165|1704|1035|5210|1415|1836|970|8960|2190|3320|948|1462|619|4511|1434|492|391|6378|2716|430|406|30804|3124|30404|3027|400|373
01000G0US|564771|11904|68513|4438|17783|1830|870|479|1054|487|595|332|1353|607|13498|1481|4557|853|7790|1279|1151|576|413|235|24541|2660|503|266|652|306|3097|1535|17311|1735|2166|506|728|333|84|101|4731|1071|970|591|2155|625|736|418|175|224|770|456|100|93|21367|2775|639|393|162|156|612|426|969|553|604|399|1355|1012|910|417|264|174|368|291|259|372|357|327|3121|820|2113|1342|3129|938|470|403|4872|1149|1163|476|91|110|84264|4539|20047|2321|10678|1968|8040|1457|1011|682|1627|913|2798|647|6537|1087|34|63|17654|2317|351|269|843|450|0|210|10594|1945|1279|494|1080|862|965|531|1948|680|180|149|220|151|194|156|42949|3322|1918|861|1522|682|654|468|2584|720|390|244|27798|2982|243|282|2862|902|4978|982|0|210|3384|934|20|35|174|168|165|180|697|404|152|88|305|273|13|25|147|105|199|136|266|334|771|414|233|100|242|246|0|210|230|170|18750|2639|5232|1175|286|238|1049|352|881|446|816|462|185|134|288|213|264|192|1463|707|498|264|34|63|149|64|166|221|149|108|2712|757|85|113|1242|469|422|377|544|292|419|346|4923|1388|4900|1382|23|48|4142|1169|99|130|863|541|84|95|729|421|1041|447|368|168|237|241|567|569|154|191|1243|598|7885|1751|2786|787|1689|567|1097|522|0|210|1789|1044|1943|726|1367|596|385359|10289|359501|10076|27557|4000|446|341|296|219|8386|1540|36|59|4242|1038|244|305|4971|2304|7082|2160|26|36|385|502|1028|493|119|191|296|327|309587|10199|681|509|536|343|11117|2112|18839|2979|18974|4182|254042|9027|3592|891|1806|892|0|210|22357|2954|1729|920|972|494|3055|845|1583|608|5783|1416|1463|531|499|270|3325|790|261|316|3259|1131|428|340|25858|2490|25690|2481|168|180
01000H0US|1891437|26343|222384|9394|58297|4092|1659|646|3513|957|1768|588|3148|805|46614|3458|16498|2150|26056|2764|4060|1101|1595|590|68552|4344|1962|689|1429|456|8952|2090|47524|3023|5189|771|3359|1280|137|159|18988|2565|2475|838|8563|1571|3816|1054|565|421|3958|934|176|139|76243|6254|1464|907|1239|697|1910|902|2613|747|1007|463|3831|1261|2770|804|2202|1078|1054|472|2119|1148|1371|802|12560|2572|6308|1653|14043|3198|1477|597|16251|2552|4024|1045|304|307|326295|9455|84688|5899|45158|4199|35747|3546|2552|836|6859|1725|14776|2262|24545|2871|209|299|68298|4077|1760|824|3536|1258|0|210|43005|3661|3801|1161|2534|1297|4582|1288|5940|1196|1408|552|1155|620|577|270|148669|6533|9174|1979|3325|945|2646|915|10332|1577|1771|761|85268|4591|1458|656|13602|1928|21093|3440|0|210|22405|4005|187|185|548|345|603|309|2766|1435|1557|930|1644|851|720|538|1884|683|2838|1459|1411|932|4127|1379|1050|621|2913|1162|157|191|2235|994|73434|5603|21003|2502|1385|711|3451|775|4362|1233|4657|1595|653|425|1531|857|886|465|4078|1501|5232|1682|1476|745|549|409|2864|1658|343|211|9762|2092|342|305|4812|1736|2610|1217|1251|412|747|432|11405|1974|10700|1830|705|502|23040|3629|99|130|7554|2454|191|167|1204|512|10790|2641|786|369|474|486|1245|928|697|462|2992|934|25910|3093|10901|1658|6998|1303|3903|1223|736|469|4406|1686|6079|1792|3788|1074|1243414|19754|1172831|19886|99671|7055|1406|638|774|362|32208|3990|985|587|21197|3225|394|370|15011|3155|21047|3921|384|332|625|569|3166|906|968|997|1506|662|982195|19103|1192|607|3048|1071|42635|5079|84428|6999|49164|7272|785299|16796|12132|2228|4297|1251|0|210|90965|7025|7429|1909|3484|1133|12320|2328|7256|2252|21420|2785|7142|1557|2997|841|11809|2026|1108|548|14613|3501|1387|690|70583|4228|70015|4147|568|406
010C201US|44942592|189455|4386071|48099|812518|14327|22081|2869|109889|6691|18164|2136|39026|3991|605160|13625|275690|10079|286548|10011|42922|3368|18198|2018|773239|18606|34563|4314|28350|3201|172761|8385|432431|12393|68324|5078|34671|3153|2139|892|654462|14785|107332|6950|276553|8952|146013|7918|17814|2631|120440|7691|4124|1357|2132157|39703|103457|9844|70895|7434|101636|8901|67099|5778|33850|4049|56695|4846|57183|4390|17101|2584|30452|4636|44301|4655|27662|4118|357117|13276|139995|7842|388267|16602|38010|5038|434665|16921|163772|11153|13695|2600|14055498|64243|4050108|43299|2739208|36904|2125509|34228|236645|10415|377054|13317|316571|13201|967791|21291|26538|5210|4601685|52458|215546|15154|325801|14777|36006|4819|2812046|46710|408692|14203|47630|5178|174797|11856|417273|17694|60188|5625|73417|7238|30289|5442|4150912|39876|151299|10527|145266|8752|86243|6626|146086|8784|83032|7107|1942140|31194|36173|3471|234497|11395|1325419|25826|757|396|1193785|31301|103300|8872|24279|3726|31659|4875|209601|15494|129993|8940|85365|6962|34854|5014|140990|8227|58467|6982|107322|9796|150804|9702|25532|3365|69225|8851|22394|3839|59008|5577|2697282|52659|770650|29328|49294|6613|273165|17830|168100|13068|90166|10450|39213|5660|47166|7366|22776|3858|80770|8684|218114|16076|87392|8835|42778|8116|61469|6661|26475|5809|451807|21397|41245|6275|219189|13330|104671|9305|58527|6840|28175|4789|123344|8433|117863|7749|5481|1874|1045721|30822|30432|4357|231840|17844|24931|4697|98419|8863|459423|21512|27571|4898|44896|6997|35873|5739|92336|9875|87646|10651|271493|14103|116258|5771|87358|4999|28900|2803|38089|4688|20850|4408|30751|5647|65545|9364|23532248|122394|22808767|120952|4683284|54527|35560|4452|50531|6174|1394983|29602|29508|4604|1240133|31975|30608|5269|757985|23055|786755|21196|26782|5322|25776|4278|229766|12585|20961|3892|53936|5073|13890985|100114|46853|5653|98841|8724|1432520|35665|1174991|35400|883751|30881|9789138|81139|362089|22023|95299|7446|7503|2750|4234498|54091|202445|11771|85901|9156|673532|25404|128789|11834|1009917|24725|526641|19392|273716|15140|509346|21931|44772|5669|742512|29668|36927|4134|723481|16414|716861|16457|6620|1439
010C243US|2888461|37689|432978|14742|108303|5760|2924|773|7330|1415|3157|1040|4387|1046|88305|5104|36032|2823|44822|3618|7451|1541|2200|804|130407|6917|3366|872|4533|1592|14242|2279|87987|5653|14145|1824|5918|1494|216|165|45339|3983|6101|1222|18449|2645|14716|2482|3054|1566|5627|1177|446|379|148551|9690|3500|1531|4140|1532|2745|1045|3702|1082|2237|819|7250|1881|5520|1407|2980|1361|2175|886|3197|1355|1652|845|25727|3813|12475|1938|27542|3824|1561|616|34115|4706|8033|1973|378|216|552328|17640|159409|8038|88426|6196|67741|5116|5727|1270|14958|2496|21306|2740|49459|4091|218|202|146005|9620|3066|1109|7225|2381|1281|788|97996|8175|11193|2020|3203|1083|5133|1980|11522|3028|1963|613|1550|732|1873|900|208064|10603|8348|2534|5901|1340|5278|1306|15030|2398|3300|1062|109760|6903|1867|771|18131|2204|40422|4620|27|50|37019|4531|853|506|792|613|694|376|6092|2539|3400|1271|3330|1186|963|369|5153|1074|2342|1104|3375|1669|6152|1560|912|369|2246|1159|715|424|1831|729|94044|7435|22601|2955|461|340|5017|1347|6634|1924|2235|1085|1207|654|1954|743|1714|621|3379|1211|5348|2186|3357|1979|288|267|1078|869|625|501|13494|2480|884|607|6476|1422|4699|1705|778|360|657|489|16108|2640|15496|2533|612|397|33443|5959|1009|670|9637|3325|495|461|2350|772|16585|4770|1010|589|636|532|1078|967|643|414|3050|1015|25830|2783|14676|2108|9892|1778|4784|1297|1576|718|1930|1035|3796|888|3852|876|1783281|31037|1670893|29496|148750|10511|2231|914|1521|678|55825|6551|819|701|25098|4014|738|516|19860|3173|30539|4727|528|402|475|393|8180|2067|736|746|2200|706|1349606|27213|3150|1021|5957|1906|62349|6983|75062|7962|50866|7302|1129067|24578|15063|3534|7875|1555|217|265|172537|11445|13745|2498|4919|1522|33520|5154|8855|2269|39904|4910|12905|2668|4499|1102|20336|3120|2572|1007|27152|5739|4130|1375|112388|5997|111535|5849|853|453
0200000US1|9992446|59702|1534856|26765|233939|9738|4249|1232|55531|5794|5489|1421|9308|1442|155353|7842|75464|5009|68434|5128|11455|1877|4009|1059|185272|8983|9409|2157|9145|1602|48843|4786|91849|6074|13518|2070|12114|1760|394|336|356289|12939|55238|5349|150995|7205|111729|6700|12074|2202|36456|4689|1871|986|756422|22412|58134|7415|31933|6115|20410|4713|12495|2576|10385|2406|18309|2960|17893|2590|4617|1183|9135|2706|10187|2007|13488|3649|144479|8782|32497|3190|123726|7822|11246|3018|154103|10697|83385|9976|2934|1249|2999439|26196|1093886|19146|828578|17945|690970|16640|70293|6394|67315|5447|54047|5425|209929|9892|1332|1044|1146666|21831|16499|4304|177433|11442|12451|2945|659222|18950|40866|4601|15631|3082|37620|4992|117193|9205|16856|3072|44707|5981|8188|2157|478965|12795|19682|2995|33745|4773|16194|3610|12708|2833|19453|2788|223769|10763|7612|1619|27116|3201|118474|7762|212|258|269513|12875|6005|1794|8298|2006|19590|4069|17377|3904|45169|5125|13906|2740|4698|1268|31196|4267|11231|3043|24725|3866|54437|5003|4446|1282|21836|5544|6599|1872|10409|2474|625709|22140|89309|8456|2176|1011|19077|3520|27092|4989|4198|1516|5934|1965|12352|3487|4205|1429|14275|3333|36292|5697|8627|3307|6703|2076|10366|3180|10596|3207|143218|11384|14172|3334|75792|8323|37003|5931|10956|3406|5295|2065|20827|2742|19423|2628|1404|713|313065|17467|29647|4369|86854|10054|7059|2622|30661|6258|91780|8515|10187|2875|12749|3866|7935|2895|36193|7511|22998|4228|30063|3673|27101|3431|22718|3234|4383|1150|478|308|177|269|144|238|2163|1012|4802379|42145|4644325|42243|1986940|35050|3282|1135|32730|4967|80753|6520|18505|3825|977223|27522|20226|3797|301071|16027|366865|13329|15716|4110|18101|4021|119929|9791|10695|2883|21844|2886|1147004|33586|10016|2757|31845|5924|227590|17623|237998|17202|132941|12945|447098|17050|34591|8202|21535|3434|3390|2090|1510381|32238|41675|4246|15140|3845|279299|17269|29776|4560|306939|15267|364219|16936|195098|12547|175984|13779|15801|3191|69839|8390|16611|2786|158054|8257|157004|8155|1050|564
0200000US2|5390446|53700|809654|20595|104579|6271|2491|839|13213|2143|1904|727|5033|2178|79496|5265|33185|3615|40938|4084|5373|970|2442|711|122090|5970|6202|1466|2736|1071|16279|1892|80407|5181|11448|1769|4770|1399|248|188|69650|4586|17612|2578|36722|3239|1935|807|88|101|12080|2341|1301|592|510328|19348|23988|4484|11944|2545|34264|4496|22478|4095|8432|1629|9562|1629|7857|1580|4440|1303|12187|3192|8150|1977|10744|2052|147126|8818|35049|3894|52869|5134|10078|2359|83499|7972|27661|3404|3007|1614|1910699|20095|418206|11874|255488|9431|212898|9353|14218|2104|28372|3186|44492|4839|112637|6961|5589|1766|697127|19196|23189|6517|40985|5506|15172|3072|462306|15643|29106|3934|4890|1807|30310|5468|66380|7527|10121|2181|7702|2530|6966|2065|520059|15003|55150|7187|15296|3233|9167|1843|49723|3794|14268|3579|202115|9010|3294|933|60090|5239|110834|7900|122|146|260848|14210|1421|804|2202|726|2102|1053|81608|8112|9804|1822|24080|4405|5953|1510|37685|4898|15105|3431|25030|6592|15724|2953|3369|1161|33227|4858|3538|1301|14459|2774|565793|24529|206769|12181|9592|2488|52030|5664|43350|5791|56648|7487|10721|3324|6653|2697|4336|1494|23439|4299|52234|6904|16861|3761|11732|4065|20877|4632|2764|1316|66243|7808|11008|3780|21490|4611|14857|3930|14078|3774|4810|1552|22325|3916|21608|3840|717|469|203769|15765|133|143|41862|5571|6013|2221|35204|6168|79835|9972|8478|3500|3637|1253|10781|3523|17826|4197|14453|4487|26751|3134|16350|2219|12066|2022|4284|1240|426|503|1842|1246|6078|1693|2055|770|2077549|29885|1967160|27377|144865|12504|2591|1445|1124|591|41727|5737|406|331|27034|4384|1397|1045|31545|7394|29017|3233|599|446|790|449|6714|2395|173|201|1748|712|1562029|24439|9411|2581|7321|2228|76167|7895|110121|8612|75627|8581|1251866|25144|22206|4536|9054|2289|256|262|260266|13402|16048|3085|4507|1847|36327|4024|12167|3805|62349|6446|36991|7586|4890|1322|25367|4405|1593|671|55723|8548|4304|1418|110389|6513|109842|6443|547|300
0200000US3|17041075|107692|1289161|30023|304929|11945|8422|2129|23996|2727|6996|1609|13903|2268|243072|11210|105601|7175|117926|7059|19545|2546|8540|1397|321535|12689|10662|1835|11162|2171|61672|5064|198915|9084|27854|3286|10227|2030|1043|738|163442|9211|24565|3044|64024|5003|19256|3010|1186|465|54841|5867|756|442|493920|19356|18491|3635|11779|1947|26590|4886|18292|2745|9564|2971|19103|2796|21279|2783|5073|1434|7148|1627|12101|2637|3431|1169|51312|5287|42027|4852|105634|9066|11095|2593|100496|9185|30505|3992|5335|1915|3804157|33504|824117|18460|491490|16234|388795|13764|32167|3424|70528|5870|71678|5588|256825|10750|4124|2388|1554671|27295|78795|10979|84222|7350|6748|2806|969183|22649|111205|8552|15364|3045|75514|8036|178535|13683|16379|2394|11451|3180|7275|2909|1106289|24070|45818|5667|31386|4309|19226|2860|40888|4479|22863|3722|414301|13289|9690|1795|61438|5920|460515|18128|164|153|302360|14832|3099|1131|5920|1680|4198|1440|45120|7359|32906|4737|27771|4765|15377|3553|37070|4002|21750|3514|29451|5338|50955|5391|12936|2760|8602|2889|7205|1677|16720|2920|1154425|35632|321542|19928|25046|5691|138903|13346|69071|8978|15212|5729|16181|3328|18031|4072|9975|2331|29123|5610|110519|13030|54486|7492|19547|6844|25231|4821|11255|3884|158723|11239|9301|2650|78176|8261|41869|6143|19919|3490|9458|3022|60446|6113|57921|5772|2525|1282|466725|23617|1300|638|93988|11691|9160|2381|29436|4698|252583|16579|7067|2077|23569|4513|16359|4070|33263|5672|36470|6251|62668|7947|31807|3070|23996|2875|7811|1626|1594|688|7584|2273|10181|3792|11502|6055|10730664|82067|10448418|80243|2542202|41015|30332|3988|15488|3138|1254131|27151|10894|2389|239864|14819|8633|2498|433019|19146|393559|17717|10369|2842|6570|1895|101767|9235|8821|2582|28755|3789|5850395|65235|10882|2122|44996|5242|662213|24114|486139|22592|619381|24512|3748154|54944|221835|16350|55529|5868|1266|648|2055821|37853|113373|8965|52264|7117|295361|17105|58262|6863|541295|19077|99032|8537|71834|7118|208211|11567|24264|4079|576144|26810|15781|3284|282246|12263|278227|12044|4019|1145
0200000US4|15407086|80333|1185378|21187|277374|8012|9843|1737|24479|2613|6932|1169|15169|2317|215544|7624|97472|4705|104072|5828|14000|1935|5407|1180|274749|8872|11656|2041|9840|2081|60209|5553|149247|6706|29649|3052|13478|1955|670|322|110420|6149|16018|2289|43261|3593|27809|3706|7520|2072|22690|2683|642|340|520038|15751|6344|3044|19379|3297|23117|4479|17536|3247|7706|1789|16971|2398|15674|2579|5951|1585|4157|1256|17060|3334|1651|674|39927|3994|42897|4641|133580|7330|7152|1298|130682|9873|30254|3542|2797|1003|5893531|39465|1873308|26755|1252078|20466|900587|20059|125694|6209|225797|9629|167660|10240|437859|16352|15711|4819|1349226|29558|100129|10438|30386|5816|2916|1970|819331|24490|238708|11641|14948|2273|36486|6012|66687|7854|18795|3409|11107|2344|9733|2555|2253663|28544|38997|6096|70740|6870|46934|4207|57797|6059|29748|3645|1211715|26022|17444|2518|103984|7194|676018|21224|286|212|398083|17453|93628|8413|8651|2723|6463|2377|71588|9049|45514|5791|22938|4139|9789|2519|40192|4215|12723|2637|31491|4877|35840|4224|5693|1652|7806|2547|5767|1851|19251|3132|445399|20121|175631|12398|12941|3401|68172|7097|35221|6000|16343|3977|7584|3335|12084|5445|5974|1837|17312|4427|24417|4932|10775|3462|5084|2124|6073|2091|2485|1199|97117|10179|7648|2322|50207|6247|15641|3507|14352|4227|9269|2596|35854|4897|34407|4521|1447|1346|95605|9412|361|264|18773|3323|3194|1684|5468|2179|51810|7880|2849|920|5577|2557|1876|1158|5697|1809|16775|5635|177841|9541|55676|3793|38470|2961|17206|2374|37167|4441|13177|3500|18144|3875|53677|5924|7704937|57219|7419757|55764|158027|9676|1586|651|2710|961|74197|6856|522|575|21110|4402|1090|930|12210|2541|27853|4445|626|530|790|598|9536|2436|2008|1045|3789|1101|6681163|54001|19694|3163|20636|3136|528899|21183|415795|19202|106668|11366|5471087|50984|98520|9787|17056|2976|2808|1569|580567|21294|45094|4120|18909|4105|96065|7277|37439|6048|139238|12249|39304|5503|6393|1678|120120|9955|5686|1515|67958|6537|4361|1203|285180|9948|283323|9955|1857|1020
02000A0US1|9955921|59636|1522081|26787|230996|9690|4230|1230|55317|5782|5406|1412|9165|1447|153134|7786|74762|4995|67038|5143|11334|1855|3744|1049|182002|8921|9386|2161|9007|1594|48369|4790|89754|6035|13150|2085|11942|1703|394|336|355154|12973|54786|5349|150529|7176|111603|6710|12074|2202|36365|4677|1871|986|751008|22596|57715|7397|31916|6117|19963|4696|12360|2583|10290|2405|17469|2741|17880|2591|4589|1183|8990|2682|10187|2007|13488|3649|143446|8700|31559|3221|123363|7802|11178|3007|153467|10643|83148|9941|2921|1253|2992334|26211|1091277|19134|826963|17904|689556|16570|70293|6394|67114|5442|53651|5425|209331|9851|1332|1044|1144491|21934|16490|4306|177414|11442|12451|2945|657803|19018|40786|4597|15631|3082|37332|4945|116949|9202|16740|3094|44707|5981|8188|2157|476976|12818|19682|2995|33619|4761|16193|3610|12708|2833|19406|2787|222378|10807|7612|1619|26883|3170|118283|7780|212|258|269181|12892|6005|1794|8277|2005|19590|4069|17377|3904|45107|5124|13906|2740|4698|1268|31139|4264|11231|3043|24725|3866|54377|5013|4446|1282|21704|5538|6599|1872|10409|2474|624150|22006|88937|8422|2176|1011|19077|3520|26989|4980|4198|1516|5886|1961|12235|3480|4142|1435|14234|3326|36108|5706|8627|3307|6624|2079|10338|3184|10519|3207|143152|11377|14172|3334|75792|8323|36937|5929|10956|3406|5295|2065|20391|2641|18987|2549|1404|713|312582|17443|29647|4369|86805|10058|7059|2622|30519|6279|91488|8520|10187|2875|12749|3866|7935|2895|36193|7511|22980|4227|29854|3661|26892|3420|22554|3223|4338|1151|478|308|177|269|144|238|2163|1012|4787502|42345|4636781|42253|1985109|35034|3265|1138|32730|4967|80448|6517|18505|3825|976829|27573|20209|3802|301045|16027|365847|13306|15716|4110|18101|4021|119875|9795|10695|2883|21844|2886|1143725|33490|10009|2755|31845|5924|227374|17628|237663|17220|132702|12950|445283|17038|34028|8147|21431|3420|3390|2090|1507947|32290|41537|4235|15096|3840|278928|17267|29497|4488|306635|15297|363969|16937|194974|12542|175534|13820|15801|3191|69467|8410|16509|2775|150721|8145|149671|8018|1050|564
02000A0US2|5250977|53465|790873|20415|100091|6341|2038|820|12995|2117|1716|757|4613|2183|76380|5274|31965|3674|39205|4040|5210|973|2349|707|116030|5971|5857|1455|2554|1035|16009|1872|76118|5125|10708|1716|4591|1383|193|140|68449|4589|17517|2578|36084|3215|1915|813|68|98|11644|2257|1289|591|503353|19200|23768|4483|11883|2551|34248|4494|21907|4117|8270|1609|9496|1629|7693|1588|4286|1315|12165|3191|8117|1966|10617|2047|145831|8781|34603|3836|52038|5155|9875|2388|81337|7860|27219|3448|2950|1605|1887512|20354|412755|11841|253171|9466|210769|9339|14132|2095|28270|3200|43702|4846|110327|6955|5555|1765|692826|19120|23189|6517|40602|5506|15172|3072|459650|15612|28911|3953|4747|1775|30136|5471|65886|7506|10116|2181|7582|2526|6835|2089|507862|14974|54205|7207|14909|3214|8723|1742|48436|3664|14090|3586|195017|8651|3261|938|59391|5244|109708|7947|122|146|259788|14158|1401|804|2192|724|2093|1053|81259|8071|9766|1815|23860|4424|5940|1508|37640|4901|15060|3430|24958|6575|15602|2936|3264|1163|33215|4857|3538|1301|14281|2730|559314|24428|204394|12125|9463|2499|51618|5681|42762|5710|56066|7494|10671|3328|6520|2676|4297|1494|22997|4292|52035|6917|16861|3761|11732|4065|20739|4646|2703|1312|65411|7776|10949|3791|21223|4617|14592|3913|14045|3765|4602|1559|20447|3776|19753|3701|694|465|202837|15796|34|60|41807|5571|5974|2211|34850|6224|79698|9971|8478|3500|3637|1253|10533|3458|17826|4197|14190|4521|23678|2978|15613|2262|11489|2042|4124|1226|426|503|1579|1199|4433|1559|1627|711|1989600|30363|1885682|27668|138963|12408|2591|1445|1124|591|39760|5741|370|325|25408|4333|1397|1045|31092|7422|27455|3296|599|446|789|449|6457|2362|173|201|1748|712|1491645|24586|9263|2581|7056|2181|73807|7895|102919|8477|73322|8340|1196650|25045|20264|4390|8108|2052|256|262|255074|13395|15540|3097|4369|1835|35598|3979|11735|3855|60810|6518|36729|7580|4858|1314|24642|4413|1563|661|55047|8530|4183|1410|103918|6487|103414|6437|504|300
02000A0US3|16744579|105982|1265217|29245|299146|11700|8272|2141|23722|2700|6764|1578|13572|2246|238322|11082|104100|7147|115218|6865|19004|2440|8494|1389|310790|12326|10527|1840|10830|2166|60017|4969|191048|8661|27184|3248|10163|2039|1021|726|161769|9243|24201|2965|63295|5052|18928|3042|1186|465|54670|5858|675|437|488177|19387|18491|3635|11779|1947|26510|4870|18076|2819|9272|2985|18689|2816|20783|2748|5045|1428|6971|1637|12101|2637|3360|1171|50714|5361|41368|4771|104378|9139|11068|2593|99497|9163|30075|4031|5335|1915|3768836|33182|815854|18315|486532|16125|385601|13745|31554|3451|69377|5836|70923|5541|254275|10706|4124|2388|1545388|27490|78453|11014|83824|7418|6748|2806|963388|22659|110735|8556|14520|2879|75230|8036|177424|13797|16379|2394|11426|3180|7261|2909|1089928|23519|45023|5674|30750|4369|19086|2844|40006|4503|22820|3732|405010|13185|9488|1813|60211|5859|457370|18165|164|153|300956|14818|3099|1131|5920|1680|4042|1421|44825|7394|32854|4739|27686|4764|15377|3553|37029|4009|21688|3515|29257|5306|50661|5416|12809|2760|8504|2893|7205|1677|16710|2919|1146918|35595|319861|19846|24889|5675|138489|13378|68889|8970|15212|5729|16094|3358|17993|4055|9813|2301|28482|5594|110404|13025|54452|7484|19477|6848|25231|4821|11244|3885|157513|11257|9275|2652|77257|8228|41869|6143|19865|3485|9247|3004|59124|6140|56599|5766|2525|1282|464307|23609|1300|638|93361|11636|9115|2374|29258|4699|252025|16610|6767|2096|23332|4503|16040|4019|33109|5658|35709|6277|59493|7968|30840|3048|23371|2884|7469|1504|1594|688|6105|2105|9962|3822|10992|6046|10504115|81097|10229142|78925|2524569|40641|29903|4006|15192|3103|1248686|27251|10894|2389|238036|14715|8406|2513|428737|19125|389842|18045|10343|2841|6186|1842|101064|9237|8821|2582|28459|3825|5660048|64110|10391|1988|44725|5225|654668|23867|475883|22137|603347|24450|3593882|55133|220946|16299|54940|5856|1266|648|2044525|37716|113076|8980|51474|7076|293982|16998|57532|6890|538101|19107|98353|8608|71491|7117|206798|11588|24033|4099|574109|26800|15576|3253|274973|12194|271042|11973|3931|1151
02000A0US4|15314805|80234|1172365|21069|272805|7912|9595|1655|24131|2522|6840|1180|14710|2185|212131|7606|96338|4639|102119|5804|13674|2031|5398|1181|270283|8717|11656|2041|9840|2081|59511|5625|146187|6749|29261|2998|13165|1951|663|322|109698|6158|15959|2288|42939|3621|27547|3688|7365|2064|22618|2688|635|340|516803|15788|6344|3044|19295|3290|23048|4459|17489|3255|7651|1769|16936|2390|15437|2597|5897|1589|4133|1257|16834|3288|1492|650|39732|3973|42827|4641|132901|7323|6980|1289|129607|9815|30200|3550|2776|999|5874880|39069|1869584|26828|1250290|20606|899284|20206|125382|6181|225624|9623|166803|10218|436780|16399|15711|4819|1347331|29527|100129|10438|30343|5877|2916|1970|818607|24430|238174|11670|14855|2289|36267|5977|66588|7857|18736|3436|11032|2351|9684|2540|2241261|28479|38819|6091|70367|6846|46865|4207|57382|6050|29626|3669|1201697|25878|17436|2519|103281|7225|675502|21297|286|212|397495|17522|93628|8413|8508|2716|6463|2377|71535|9052|45514|5791|22938|4139|9789|2519|40188|4217|12631|2631|31491|4877|35545|4171|5692|1652|7806|2547|5767|1851|19209|3132|442194|20074|174827|12413|12941|3401|67949|7077|35213|5997|16109|3978|7584|3335|12084|5445|5974|1837|16973|4449|24417|4932|10775|3462|5084|2124|6073|2091|2485|1199|96513|10120|7648|2322|50151|6245|15550|3520|13895|4191|9269|2596|34567|4709|33120|4315|1447|1346|95296|9402|361|264|18641|3269|3194|1684|5413|2199|51756|7870|2781|908|5577|2557|1876|1158|5697|1809|16574|5693|176413|9453|54803|3727|38147|2965|16656|2326|37167|4441|13130|3502|18065|3889|53248|5860|7648953|56737|7368554|55339|155836|9568|1586|651|2710|961|73528|6921|522|575|20716|4391|1090|930|12000|2542|27068|4349|626|530|790|598|9522|2435|1889|983|3789|1101|6635586|53786|19659|3151|20636|3136|527903|21187|414749|19173|106272|11380|5428348|50599|98322|9780|16889|2967|2808|1569|577132|21196|44308|4025|18909|4105|95489|7280|37297|6028|138492|12179|39032|5517|6393|1678|119383|9987|5686|1515|67782|6510|4361|1203|280399|9908|278579|9911|1820|1021
02000C0US1|9817623|59079|1482733|26612|221484|9631|4131|1198|54312|5676|5224|1388|8591|1442|145767|7864|71938|4929|63550|5231|10279|1792|3459|970|174526|9062|9144|2163|8586|1595|47358|4763|85059|6061|12406|2053|11579|1672|394|336|350295|13009|54087|5303|148237|7107|110024|6820|11903|2182|36076|4685|1871|986|733507|22334|57014|7299|31309|6152|19594|4692|12078|2605|10221|2403|16661|2729|17259|2502|4484|1191|8733|2675|9518|1978|13205|3600|139504|8500|30126|3146|120124|7899|11031|3030|150012|10522|82634|9894|2921|1253|2961260|25888|1080243|19140|819570|17896|683096|16564|69991|6409|66483|5492|53178|5339|206163|9942|1332|1044|1135299|21909|16411|4321|176408|11377|12451|2945|652447|18870|40476|4586|15226|3144|36280|4934|116160|9236|16710|3100|44542|6024|8188|2157|469985|12712|19588|2975|33614|4760|16010|3619|12505|2843|19282|2754|217291|10705|7476|1625|26259|3114|117748|7842|212|258|265512|12664|5907|1783|8277|2005|19350|4048|16953|3904|44971|5123|13717|2739|4623|1280|30221|4296|11009|2985|24183|3800|53552|4938|4446|1282|21704|5538|6599|1872|10221|2478|616051|22033|87484|8443|2176|1011|18822|3543|26489|4984|4189|1516|5823|1956|12197|3476|3996|1360|13792|3357|34252|5554|8277|3304|6426|2016|9153|2893|10396|3197|141167|11250|14117|3326|74111|8126|36729|5964|10956|3406|5254|2066|19757|2604|18411|2515|1346|717|310475|17517|29647|4369|85732|10088|6999|2621|30392|6286|90954|8550|10187|2875|12749|3866|7935|2895|35880|7526|22916|4222|28200|3622|25585|3447|21701|3259|3884|1095|296|254|177|269|144|238|1998|933|4729379|41824|4588722|42095|1964691|34508|3035|1177|32611|4940|79056|6518|18194|3808|967263|27272|20173|3803|299009|15907|360558|13272|15571|4077|17991|4001|118925|9758|10670|2874|21635|2857|1130885|33191|9977|2764|31714|5908|226183|17608|234857|17089|131590|12849|438636|16921|33570|8100|20968|3388|3390|2090|1493146|32020|40873|4194|14700|3783|276119|17358|28923|4445|304023|15163|360955|16897|193163|12542|174558|13734|15382|3217|68187|8379|16263|2727|140657|8039|139607|7904|1050|564
02000C0US2|4954921|51334|757750|20569|93377|6056|2027|820|12847|2115|1618|742|4479|2167|70462|5097|30378|3678|35121|3824|4963|970|1944|693|105512|5634|5721|1439|2462|1013|14725|1796|67839|4883|10083|1652|4542|1386|140|123|66241|4338|17217|2548|35295|3106|1850|815|52|93|10590|2196|1289|591|489670|19296|23644|4460|11859|2549|33960|4471|21610|4118|8073|1570|9044|1660|7113|1546|3125|858|12012|3213|7965|1968|9964|1839|142947|8803|33947|3818|48697|4845|9673|2381|79271|7980|26766|3472|2950|1605|1822791|20497|397538|11461|246819|9353|205800|9265|13995|2078|27024|3075|39789|4732|105375|6841|5555|1765|677755|19248|22715|6522|40170|5531|15172|3072|449760|15643|28062|3916|4560|1800|29437|5459|64094|7438|9663|2164|7345|2508|6777|2090|478591|14717|48326|7006|14664|3161|8203|1654|45668|3550|14029|3562|186359|8440|2879|878|53299|5019|105042|7715|122|146|255099|14107|1401|804|2032|696|1947|1031|81006|8056|9511|1831|23510|4398|5804|1486|37122|4821|14584|3393|24531|6518|15016|2981|3055|1129|32058|4698|3522|1307|13808|2744|536370|24445|196132|11860|8636|2466|50401|5691|41831|5625|52368|7211|10444|3325|6372|2633|4185|1485|21895|4347|50092|6909|16242|3804|11592|4055|19574|4549|2684|1317|63458|7849|10949|3791|20706|4658|13989|3866|13402|3752|4412|1505|17590|3509|17240|3457|350|259|195353|15568|34|60|38949|5562|5930|2194|34718|6211|75726|9774|8263|3475|3586|1246|10326|3458|17821|4197|13745|4491|20665|2858|14651|2224|10765|2053|3886|1172|426|503|1579|1199|2616|1072|1393|648|1817345|28939|1722481|26697|126657|11966|2440|1442|1022|591|32991|5009|370|325|23351|4329|1397|1045|29764|7259|26000|3407|599|446|659|389|6324|2375|173|201|1567|719|1351663|23493|9164|2584|6657|2160|61599|7634|86598|8101|66755|8171|1095523|23135|17531|4295|7580|2000|256|262|244161|13732|14318|3015|4223|1806|33759|3840|11323|3851|57795|6540|35773|7539|4640|1340|23223|4213|1540|659|53938|8257|3629|1323|94864|6027|94439|5989|425|261
02000C0US3|16211984|102822|1219969|28145|286732|11166|8172|2137|23093|2647|6370|1500|13110|2217|227733|10681|100885|7060|109168|6460|17680|2428|8254|1408|295732|12103|10169|1841|10673|2175|58066|4691|179651|8359|26276|3213|9876|2027|1021|726|158036|9148|23870|3005|61560|5005|18215|2967|1155|466|53751|5833|640|438|474347|18950|18491|3635|11564|1943|25886|4808|17389|2825|9147|2978|18104|2792|20440|2761|4686|1399|6743|1642|11111|2440|3282|1169|49138|5298|40106|4765|101781|9139|10693|2463|96803|9084|28983|3863|5122|1902|3694700|32484|796921|18474|475892|16201|376437|13829|30988|3476|68467|5826|68671|5395|248234|10094|4124|2388|1527060|27130|77794|11032|83022|7479|6748|2806|950535|22882|110004|8510|13846|2922|74514|7953|176239|13772|15818|2434|11296|3180|7244|2909|1062095|23591|43942|5688|30075|4319|18652|2873|36142|4338|22101|3665|392679|12818|9109|1818|58634|5884|450597|18003|164|153|292853|13727|3086|1136|5706|1667|4031|1419|43848|6952|31935|4470|27340|4810|15037|3470|36893|3996|20116|3498|29169|5305|48895|5281|12671|2715|7062|2785|7064|1651|15771|2778|1127495|35559|314632|19818|24659|5692|137846|13330|67198|9034|15078|5715|15916|3324|16948|3974|9530|2243|27457|5582|109793|12978|54127|7449|19475|6846|24999|4741|11192|3875|154758|11129|9220|2632|75961|8168|40570|6169|19801|3484|9206|3005|57205|6073|54911|5680|2294|1243|455907|23702|1300|638|90883|11360|9115|2374|29042|4693|247169|16857|6688|2094|23146|4495|15618|3913|32946|5641|35200|6286|54754|7459|28335|3016|21860|2924|6475|1410|1577|682|5988|2115|8128|3476|10726|6040|10115066|79922|9849596|77514|2488823|39826|29324|3937|14935|3130|1233990|26814|10256|2309|233133|14869|8292|2481|422315|18919|384025|17988|10130|2793|6186|1842|100282|9244|7997|2474|27958|3830|5342647|62582|10164|1992|42795|5312|640152|23559|440252|21970|582399|23535|3354360|54901|217368|16119|53891|5811|1266|648|2018126|37149|109783|9004|50786|7087|290984|17044|56226|6916|530711|19146|96931|8659|71022|7136|204498|11451|23771|4126|567961|26923|15453|3258|265470|12118|261604|11906|3866|1150
02000C0US4|14955088|78202|1136213|21237|260931|7964|9016|1608|23454|2447|6341|1198|14085|2128|202889|7443|92023|4550|97475|5789|13391|2065|5146|1150|259324|8749|10933|1931|9733|2111|57902|5702|140345|6756|28515|2985|11233|1735|663|322|106241|6093|15784|2281|41347|3602|26824|3646|7193|2042|21692|2639|594|332|506941|15825|6344|3044|19064|3229|23031|4456|17111|3247|7639|1767|16305|2352|15121|2598|5584|1565|4085|1248|16785|3289|1492|650|38695|3950|41983|4640|131164|7296|6697|1326|126443|9464|29398|3656|2776|999|5802780|38488|1850127|26923|1240195|20457|892170|20096|124846|6129|223179|9633|161463|9806|432933|16564|15536|4775|1339278|29597|99932|10474|29890|5789|2916|1970|814295|24344|237542|11674|14667|2221|35117|6038|66362|7849|18552|3357|10629|2205|9376|2566|2199636|27923|38617|6074|69489|6847|46010|4216|56469|6039|29149|3476|1170303|25283|17118|2562|100834|7117|671361|21072|286|212|394935|17397|93572|8410|8508|2716|6422|2376|71120|9032|45419|5785|22484|4021|9633|2576|40023|4211|12262|2585|31403|4879|35366|4199|5222|1685|7734|2553|5767|1851|18804|3109|437976|19987|174000|12432|12899|3401|67662|7051|34854|5971|16109|3978|7584|3335|12072|5449|5893|1840|16927|4458|24093|4999|10627|3480|5024|2127|5957|2130|2485|1199|96156|10087|7501|2312|50075|6254|15472|3524|13895|4191|9213|2600|33495|4576|32097|4171|1398|1347|94389|9309|361|264|18359|3280|3191|1684|5413|2199|51369|7766|2657|883|5577|2557|1827|1156|5635|1786|15843|5623|167794|9042|51462|3612|35926|2799|15536|2247|36630|4441|10630|3234|17580|3840|51492|5630|7410325|53558|7146030|52053|152192|9719|1586|651|2710|961|72563|6909|522|575|20287|4373|1090|930|11746|2537|25664|4304|626|530|790|598|9249|2431|1889|983|3470|1124|6433201|51758|19506|3165|20584|3134|524300|21332|403918|18788|104709|11073|5244387|49261|96551|9908|16438|3007|2808|1569|560637|20251|43787|3987|17627|4028|93870|7141|33916|5449|135872|12072|38745|5509|6393|1678|115594|9697|5543|1516|64965|6386|4325|1185|264295|9948|262731|9993|1564|960
02000C1US1|4706595|37176|606607|19271|72717|5553|1739|878|16568|2926|1023|512|3859|1248|48461|4981|28364|3927|18505|3315|1592|638|1067|496|73546|6260|5135|1800|3651|1275|28213|4257|27032|2965|3867|1226|5455|1060|193|229|112087|9421|26142|3707|50110|4928|17370|2946|648|540|18055|3985|410|425|346686|16105|31076|5792|14515|3081|7642|3013|3730|1498|4030|1549|6092|1913|7237|1801|1977|736|5592|2444|4546|1430|5901|2613|42584|5517|11864|2137|63852|6805|5049|2187|84316|7482|46683|6803|1571|942|1374481|19499|614607|14210|511458|14974|438490|13863|43803|5621|29165|3816|27266|3961|74972|6725|911|991|436692|15294|7522|3898|134538|9710|4256|1951|160503|9672|13655|2342|8500|2344|17554|3504|44918|6261|4691|1513|35103|5711|5452|1705|197823|11051|14743|2610|7530|2243|7509|2284|3068|1314|11855|2444|79793|5993|3898|1383|14554|2785|54796|5698|77|127|121276|10032|2889|1304|4986|1779|14225|3462|5773|2141|23702|3651|3201|1683|1766|877|9912|2536|5539|2944|8789|2170|16973|3274|1856|725|17995|5222|3670|1391|4083|1581|310925|17471|38504|5516|888|670|10372|2551|9251|2800|3457|1317|2179|935|3201|1806|1763|815|7393|2419|19560|4419|3525|2774|4347|1727|4845|2130|6843|2890|60190|7344|6023|2165|32181|6241|14358|3655|6009|2555|1619|680|8359|2275|7849|2191|510|478|169103|14309|6107|1853|54670|9034|4254|2360|13439|4273|44505|6202|7112|2619|4400|1847|6579|2786|28037|7234|15209|3945|16836|2945|15268|2686|13168|2591|2100|914|55|94|177|269|0|210|1336|874|2397746|31214|2342288|30900|1162043|27002|1813|1038|22840|3908|19845|3142|10508|2540|591516|23489|17216|3613|144438|10682|223596|11685|10840|3719|15136|4121|81695|8239|7652|2489|14948|2823|475923|18232|6793|2319|6419|1423|54439|8790|101063|10964|54906|7710|223144|13206|16141|5811|12489|2468|529|624|704322|24401|15427|2587|5547|2264|99214|11153|10820|2999|124234|10258|194108|13040|148089|10854|58407|7843|4525|1526|35163|6122|8788|2382|55458|5497|55027|5407|431|432
02000C1US2|2384378|35173|248965|11796|36746|4028|995|585|4970|1537|552|423|2672|2069|26753|3223|12075|2035|13067|2513|1611|558|804|559|36783|3917|1256|520|1458|743|7642|1527|20984|2784|3204|716|2239|1269|0|210|20992|2615|5230|1313|9776|1812|1103|699|52|93|4577|1555|306|249|152653|9420|4887|1502|3102|1183|10751|2807|7183|2595|2617|896|3593|1333|2480|1066|861|412|2434|1102|1815|1021|1630|742|41262|4622|12781|2706|19994|3885|1836|688|28342|5434|7085|1905|1791|1397|866889|16328|202113|9702|136929|7856|114245|7519|8191|1705|14493|2322|17940|2683|45042|4231|2202|1267|306708|13660|14430|4437|20711|4344|9154|2379|192797|10448|12880|2644|2379|1385|15538|3423|25630|5115|5297|1746|3455|1128|4437|1776|247360|12865|41024|6950|5986|1939|5132|1562|24168|2774|10519|3350|80242|7039|1653|674|30947|4165|47689|4822|0|210|106511|9081|262|270|667|419|270|239|27891|4241|4138|1185|7810|2390|2222|874|19714|3699|5510|2080|8076|3073|5693|1603|1905|974|20690|4169|1663|777|4197|1276|310947|18315|123646|10659|5064|1920|30373|5605|20858|4632|41782|6740|8418|3402|2013|1255|1534|721|13604|3578|28118|5226|5637|2103|8348|3588|12128|3721|2005|1084|34205|6541|6702|3302|11433|4036|6003|1940|7893|3002|2174|1133|8055|2705|7783|2679|272|222|110006|11408|0|210|24358|4371|3833|1666|16746|4426|36607|7313|6914|3333|1709|868|6510|2524|13329|3875|6917|2732|8380|1857|5503|1131|4007|1123|1496|658|64|120|812|732|1378|1022|623|491|949197|19426|915588|18702|69189|7796|1232|988|529|438|19474|4271|280|295|12800|2855|384|460|17774|5265|12322|2871|304|331|394|289|2420|1130|142|194|1134|648|709535|16386|4550|1706|4067|1809|37973|6137|54096|7169|35337|5823|560122|15627|10522|3780|2612|1101|256|262|136864|11431|6604|1968|2399|1554|15011|2419|6728|3517|33790|6169|25023|7607|2009|829|11217|3519|392|350|32337|6100|1354|851|33609|3548|33415|3537|194|234
02000C1US3|6273597|61349|459917|16408|107853|6968|3593|1615|10174|2050|2138|817|4978|1268|83880|5704|38783|4408|39586|3267|5511|1215|3090|1043|116215|6978|3929|1106|3801|1188|29356|3855|64617|4451|10164|2122|3874|1318|474|438|63658|5248|9304|2062|25857|3483|5369|1630|548|319|22751|3796|377|342|169689|10508|6631|1939|4217|1391|9316|2124|6445|1791|3348|1148|5708|1425|6685|1650|1332|609|2844|905|3878|1328|1970|927|16530|2882|14122|2687|38472|5527|5183|2133|31871|4417|11137|2315|2502|1565|1385741|25461|310063|11702|194467|9744|154005|9030|12709|2197|27753|3272|33395|3445|81085|6558|1116|645|557659|20008|31835|7305|27308|4027|3105|1617|346718|15822|49463|5919|3689|1194|33811|5998|49210|6757|7204|1644|3505|1351|1811|928|396087|16094|19306|4042|11542|2582|7340|1779|12137|2249|8155|1974|152940|7836|4263|1425|22050|4161|158302|11842|52|89|117655|8600|711|558|2002|1066|2822|1288|16924|3842|13189|2662|11753|3078|4545|1909|14418|2178|9062|2213|12938|3431|18103|3362|6405|2180|2580|1836|2203|823|4277|1065|434830|25114|129344|14544|10045|3003|51358|9088|26108|5793|8860|5280|9097|2809|6480|2893|4315|1581|13081|3652|45340|10210|15579|4723|13318|6383|12180|3844|4263|2426|62663|7908|4235|2372|30163|5257|13866|3196|9454|3039|4945|2573|20751|3549|19909|3425|842|573|160279|11741|319|291|23267|4909|5123|1632|9987|2191|86208|8724|2902|1400|9188|3128|6041|2895|17244|4308|16453|5322|31426|6562|12506|2019|9997|1826|2509|789|903|536|5569|2136|5174|2560|7274|5960|3961683|52112|3874017|51518|708890|23747|11335|2894|4755|1675|341043|17493|2298|967|71666|6985|1983|1242|122320|11384|103315|8872|4023|2136|1163|893|32089|5080|3173|1988|9727|3139|2482103|41054|2720|863|17575|4031|231410|15115|195331|14702|294744|18428|1638213|35979|82439|9598|19228|4931|443|389|683024|22105|37124|4589|12912|3090|114311|11396|18561|3103|167994|11250|32461|5192|18938|3936|60145|7251|6933|1891|209918|15600|3727|1285|87666|5559|86438|5598|1228|928
02000C1US4|7847903|58886|610842|15167|140440|6495|4983|1296|13796|2175|2796|802|7305|1594|108624|5859|52320|3922|50351|4529|5953|1301|2936|975|134853|6169|6496|1528|5083|1071|35102|3789|68774|4882|13385|1693|5741|1146|272|197|56925|4350|8399|1801|23404|2439|11580|2379|2569|1176|13285|2127|257|186|276753|11272|4275|2594|10453|2248|11954|2568|10157|2043|4176|1320|7656|1534|8212|1854|3346|1015|2552|1014|9345|2639|977|543|22744|3099|19618|2638|78006|5762|4504|1245|62232|6493|16546|3136|1871|852|3252841|34739|1030228|20766|679983|17697|499257|17079|65729|5415|114997|6781|100334|7785|240596|12783|9315|3786|815191|22847|43753|6667|21720|4903|1379|877|512855|20850|155704|10754|7645|1438|13273|2770|35708|5903|11502|2707|5719|1671|5933|2248|1151159|21876|19788|4760|37609|4216|21665|3357|29561|3905|18207|2897|598880|20905|11103|2179|57522|5351|356598|14642|226|202|245800|13232|82277|8489|6506|2389|4089|1754|23895|4566|30519|4787|12698|3281|5946|2292|22874|3022|8321|2578|15793|3092|22275|3451|3006|1196|4153|1852|3448|1617|10463|2300|249969|16185|99008|10283|7303|2515|35803|5288|20718|4403|10394|2655|4357|3098|9015|4985|2377|1218|9041|2100|15949|3891|6333|2601|4051|1982|3990|1972|1575|1108|47592|6073|3514|1415|23599|2916|7131|1816|9302|4047|4046|1537|20144|3235|19882|3215|262|308|58249|7688|250|251|11357|2788|2463|1635|3488|1669|30825|6084|1953|863|4321|2512|754|809|2838|1046|9027|4600|82429|7102|27092|2726|19643|1920|7449|1752|14876|2769|6571|2518|11041|3183|22849|4328|3651822|42458|3514897|41786|82088|7260|770|479|656|390|43254|6047|417|552|10350|2474|310|366|5139|1393|13406|2874|559|514|264|212|4369|980|809|701|1785|841|3140285|40820|13738|2632|9812|2190|294162|15839|242677|15863|53681|7222|2472948|38130|43796|7145|7466|1958|2005|1349|292524|15474|22378|2915|10390|2720|50223|5740|17316|3299|80820|10104|17586|2793|3200|1199|54589|6378|3328|1335|30346|4622|2348|834|136925|6153|135813|6151|1112|928
02000C2US1|5111028|42361|876126|21298|148767|8788|2392|796|37744|4558|4201|1277|4732|960|97306|6149|43574|4231|45045|3849|8687|1668|2392|774|100980|6465|4009|985|4935|1239|19145|2275|58027|4897|8539|1682|6124|1185|201|251|238208|9868|27945|3627|98127|5764|92654|6214|11255|2009|18021|2466|1461|964|386821|15896|25938|4646|16794|5219|11952|3472|8348|2152|6191|1855|10569|1946|10022|1986|2507|930|3141|1002|4972|1354|7304|2063|96920|7318|18262|2419|56272|5190|5982|1894|65696|7127|35951|5245|1350|793|1586779|20715|465636|12597|308112|11106|244606|10572|26188|2719|37318|3333|25912|2956|131191|7286|421|392|698607|17132|8889|2503|41870|5605|8195|2068|491944|16462|26821|3838|6726|2558|18726|3479|71242|6962|12019|2717|9439|2486|2736|1184|272162|10592|4845|1616|26084|3968|8501|2416|9437|2563|7427|1891|137498|9323|3578|1014|11705|1857|62952|6375|135|227|144236|9583|3018|1227|3291|1308|5125|2107|11180|3135|21269|3119|10516|2281|2857|898|20309|3621|5470|1481|15394|2799|36579|4855|2590|973|3709|2074|2929|1036|6138|1916|305126|12906|48980|6099|1288|755|8450|2576|17238|3857|732|544|3644|1904|8996|2972|2233|968|6399|2105|14692|3097|4752|1848|2079|1076|4308|1993|3553|1215|80977|7488|8094|2730|41930|5122|22371|4120|4947|2394|3635|1924|11398|1806|10562|1699|836|587|141372|10176|23540|4297|31062|4712|2745|1304|16953|3904|46449|5971|3075|1482|8349|3380|1356|812|7843|2365|7707|2412|11364|1998|10317|1882|8533|1735|1784|543|241|234|0|210|144|238|662|402|2331633|31625|2246434|31549|802648|24724|1222|538|9771|2602|59211|6039|7686|2647|375747|18127|2957|1229|154571|11893|136962|9345|4731|1684|2855|1417|37230|4353|3018|1203|6687|1563|654962|25713|3184|1452|25295|5477|171744|14508|133794|12630|76684|9577|215492|11693|17429|4975|8479|2168|2861|2004|788824|22614|25446|3498|9153|2898|176905|14364|18103|2994|179789|10182|166847|12826|45074|6086|116151|10191|10857|2782|33024|5147|7475|2102|85199|5850|84580|5852|619|355
02000C2US2|2570543|36396|508785|16077|56631|4513|1032|489|7877|1703|1066|488|1807|691|43709|4035|18303|3246|22054|3143|3352|879|1140|453|68729|3882|4465|1351|1004|678|7083|1226|46855|3578|6879|1438|2303|733|140|123|45249|4179|11987|2354|25519|2905|747|411|0|210|6013|1612|983|541|337017|15462|18757|4060|8757|2381|23209|3546|14427|3318|5456|1274|5451|1012|4633|1275|2264|733|9578|2944|6150|1718|8334|1667|101685|7524|21166|3204|28703|3268|7837|2153|50929|7003|19681|3186|1159|778|955902|19858|195425|9550|109890|6189|91555|6381|5804|1454|12531|2045|21849|4254|60333|5682|3353|1241|371047|16842|8285|3757|19459|5603|6018|1781|256963|11828|15182|2903|2181|1185|13899|4337|38464|5395|4366|1562|3890|2114|2340|999|231231|9765|7302|1485|8678|2232|3071|977|21500|2521|3510|962|106117|6364|1226|628|22352|2827|57353|5643|122|146|148588|10911|1139|742|1365|573|1677|970|53115|6886|5373|1250|15700|3551|3582|1331|17408|3001|9074|3028|16455|6328|9323|2863|1150|548|11368|2478|1859|920|9611|2448|225423|13485|72486|7410|3572|1514|20028|4065|20973|4430|10586|2168|2026|933|4359|2236|2651|1297|8291|2942|21974|3910|10605|3084|3244|1565|7446|2456|679|660|29253|4483|4247|1974|9273|2385|7986|3342|5509|1855|2238|1154|9535|2112|9457|2104|78|139|85347|8999|34|60|14591|3532|2097|1315|17972|3976|39119|6484|1349|972|1877|813|3816|2365|4492|1686|6828|3553|12285|2600|9148|2083|6758|1911|2390|943|362|500|767|974|1238|453|770|486|868148|23647|806893|21833|57468|7698|1208|962|493|425|13517|2681|90|154|10551|2990|1013|958|11990|4457|13678|2595|295|269|265|257|3904|2028|31|53|433|289|642128|16931|4614|2070|2590|1093|23626|3843|32502|4468|31418|5672|535401|16067|7009|2346|4968|1765|0|210|107297|9017|7714|2459|1824|743|18748|3009|4595|1471|24005|3545|10750|2149|2631|958|12006|2429|1148|574|21601|4792|2275|1060|61255|4777|61024|4725|231|133
02000C2US3|9938387|75557|760052|20617|178879|8379|4579|1242|12919|2125|4232|1416|8132|1758|143853|8394|62102|5320|69582|5058|12169|1883|5164|1176|179517|9187|6240|1404|6872|1603|28710|3074|115034|7216|16112|2410|6002|1406|547|590|94378|7113|14566|2344|35703|3956|12846|2273|607|341|31000|4758|263|227|304658|13295|11860|3100|7347|1450|16570|4191|10944|2316|5799|2797|12396|2479|13755|2046|3354|1180|3899|1251|7233|2001|1312|745|32608|4073|25984|3769|63309|6594|5510|1663|64932|7741|17846|2996|2620|994|2308959|31677|486858|15336|281425|11947|222432|10218|18279|2786|40714|4237|35276|4381|167149|8269|3008|2304|969401|22548|45959|7805|55714|6315|3643|2329|603817|18586|60541|6008|10157|2796|40703|5533|127029|11685|8614|1904|7791|2767|5433|2741|666008|19281|24636|4480|18533|3492|11312|2091|24005|3762|13946|3184|239739|11798|4846|1478|36584|4127|292295|15268|112|119|175198|12012|2375|972|3704|1343|1209|626|26924|5993|18746|3301|15587|3503|10492|2817|22475|3293|11054|2686|16231|4344|30792|4455|6266|1548|4482|2333|4861|1345|11494|2691|692665|24026|185288|13753|14614|4856|86488|9855|41090|7203|6218|2501|6819|1983|10468|2733|5215|1667|14376|4368|64453|8200|38548|6202|6157|2747|12819|3315|6929|3211|92095|8753|4985|1905|45798|6583|26704|5227|10347|2507|4261|1555|36454|4642|35002|4322|1452|1080|295628|19807|981|602|67616|9846|3992|1599|19055|3976|160961|14050|3786|1531|13958|3286|9577|2963|15702|3248|18747|3634|23328|3859|15829|2362|11863|2269|3966|1148|674|349|419|356|2954|2079|3452|1639|6153383|59798|5975579|59972|1779933|33915|17989|3044|10180|2320|892947|20993|7958|2165|161467|13400|6309|2273|299995|16364|280710|15382|6107|1720|5023|1548|68193|7309|4824|1808|18231|2997|2860544|48805|7444|1708|25220|3856|408742|17709|244921|17484|287655|18929|1716147|34707|134929|11514|34663|4309|823|544|1335102|30569|72659|8173|37874|6119|176673|12058|37665|5589|362717|15248|64470|7485|52084|5603|144353|10134|16838|3549|358043|19529|11726|2640|177804|10344|175166|10226|2638|800
02000C2US4|7107185|52134|525371|17330|120491|5461|4033|1127|9658|1618|3545|1007|6780|1257|94265|4848|39703|3529|47124|3605|7438|1535|2210|679|124471|6999|4437|1239|4650|1593|22800|3623|71571|4769|15130|2218|5492|1315|391|268|49316|4114|7385|1777|17943|2584|15244|2752|4624|1564|8407|1952|337|258|230188|13155|2069|1367|8611|2293|11077|3116|6954|2282|3463|1188|8649|1938|6909|1622|2238|1145|1533|638|7440|1771|515|412|15951|2585|22365|3433|53158|6307|2193|820|64211|7932|12852|2415|905|462|2549939|29499|819899|16236|560212|13684|392913|11925|59117|4477|108182|6358|61129|4718|192337|9710|6221|2995|524087|17580|56179|7739|8170|2584|1537|1595|301440|13577|81838|6557|7022|1784|21844|4702|30654|5032|7050|2240|4910|1454|3443|1249|1048477|26221|18829|3308|31880|5022|24345|3108|26908|4014|10942|1771|571423|18692|6015|1297|43312|4886|314763|12900|60|75|149135|11128|11295|2614|2002|1079|2333|1517|47225|7595|14900|2820|9786|2461|3687|1137|17149|3151|3941|1305|15610|3632|13091|2934|2216|968|3581|2141|2319|836|8341|1971|188007|13275|74992|8332|5596|2137|31859|5122|14136|3560|5715|2945|3227|1196|3057|1512|3516|1347|7886|3771|8144|2697|4294|1968|973|965|1967|986|910|650|48564|7593|3987|1816|26476|4813|8341|3258|4593|1960|5167|2275|13351|2496|12215|1991|1136|1317|36140|4747|111|111|7002|2501|728|426|1925|1089|20544|3875|704|402|1256|737|1073|784|2797|1521|6816|3609|85365|7019|24370|2834|16283|2155|8087|1687|21754|3505|4059|2429|6539|2531|28643|4170|3758503|41396|3631133|40010|70104|6920|816|487|2054|850|29309|4323|105|154|9937|3284|780|873|6607|2232|12258|2526|67|114|526|568|4880|2412|1080|709|1685|697|3292916|37006|5768|1800|10772|2393|230138|13173|161241|12643|51028|8041|2771439|32208|52755|6433|8972|2372|803|692|268113|15351|21409|3083|7237|2348|43647|4714|16600|3674|55052|7158|21159|3831|3193|1088|61005|7616|2215|882|34619|4615|1977|1041|127370|6598|126918|6611|452|301
02000E0US1|138298|7261|39348|4144|9512|1741|99|139|1005|518|182|134|574|278|7367|1658|2824|958|3488|987|1055|473|285|266|7476|1230|242|214|421|204|1011|451|4695|899|744|397|363|273|0|210|4859|1372|699|397|2292|821|1579|801|171|262|289|237|0|210|17501|3257|701|822|607|545|369|329|282|248|69|73|808|389|621|589|105|102|257|248|669|512|283|471|3942|1324|1433|674|3239|1597|147|159|3455|1440|514|299|0|210|31074|2931|11034|1621|7393|1179|6460|1244|302|214|631|449|473|294|3168|1006|0|210|9192|1574|79|142|1006|915|0|210|5356|1135|310|256|405|432|1052|673|789|366|30|56|165|148|0|210|6991|1433|94|158|5|9|183|178|203|290|124|162|5087|1193|136|139|624|319|535|312|0|210|3669|1520|98|160|0|210|240|257|424|476|136|109|189|206|75|92|918|521|222|303|542|793|825|740|0|210|0|210|0|210|188|177|8099|2093|1453|711|0|210|255|263|500|403|9|2|63|67|38|72|146|227|442|493|1856|1163|350|165|198|326|1185|1334|123|117|1985|1356|55|70|1681|1316|208|189|0|210|41|44|634|378|576|366|58|104|2107|1073|0|210|1073|738|60|95|127|214|534|340|0|210|0|210|0|210|313|355|64|102|1654|569|1307|539|853|333|454|386|182|191|0|210|0|210|165|240|58123|4549|48059|3887|20418|3435|230|183|119|154|1392|611|311|292|9566|2424|36|60|2036|1049|5289|1852|145|131|110|125|950|420|25|45|209|217|12840|2049|32|56|131|146|1191|802|2806|879|1112|656|6647|1822|458|403|463|283|0|210|14801|2500|664|430|396|577|2809|1156|574|581|2612|898|3014|1117|1811|704|976|453|419|355|1280|951|246|290|10064|1552|10064|1552|0|210
02000E0US2|296056|9864|33123|4397|6714|1488|11|18|148|174|98|107|134|109|5918|1437|1587|520|4084|1263|247|164|405|368|10518|1726|136|135|92|83|1284|559|8279|1435|625|267|49|53|53|87|2208|811|300|188|789|419|65|90|16|28|1054|585|0|210|13683|3404|124|150|24|40|288|265|297|315|197|214|452|246|580|310|1161|1004|153|142|152|154|653|611|2884|1221|656|330|3341|2274|202|173|2066|820|453|320|0|210|64721|4324|15217|2734|6352|1550|4969|1342|137|219|1246|671|3913|1363|4952|1261|0|210|15071|2449|474|636|432|329|0|210|9890|1842|849|772|187|194|699|494|1792|702|453|349|237|218|58|39|29271|2707|5879|1747|245|360|520|388|2768|870|61|76|8658|1792|382|287|6092|1399|4666|1313|0|210|4689|1701|0|210|160|158|146|192|253|236|255|236|350|400|136|155|518|391|476|492|427|412|586|410|209|273|1157|889|16|34|473|402|22944|2766|8262|2091|827|545|1217|509|931|597|3698|1547|227|271|148|194|112|155|1102|802|1943|966|619|658|140|179|1165|804|19|34|1953|613|0|210|517|344|603|386|643|284|190|201|2857|1025|2513|983|344|385|7484|1608|0|210|2858|1075|44|85|132|172|3972|1027|215|230|51|86|207|366|5|15|445|285|3013|1040|962|412|724|327|238|234|0|210|0|210|1817|959|234|282|172255|6470|163201|6669|12306|2638|151|147|102|185|6769|2033|0|210|2057|839|0|210|1328|664|1455|823|0|210|130|235|133|128|0|210|181|133|139982|6523|99|132|399|504|12208|2779|16321|2679|6567|1849|101127|5471|2733|1419|528|345|0|210|10913|1950|1222|725|146|179|1839|748|412|269|3015|1037|956|622|218|227|1419|729|23|43|1109|792|554|438|9054|1597|8975|1624|79|142
02000E0US3|532595|12990|45248|4131|12414|2074|100|101|629|343|394|370|462|337|10589|1991|3215|956|6050|1428|1324|680|240|260|15058|2233|358|240|157|138|1951|888|11397|1886|908|389|287|226|0|210|3733|1027|331|265|1735|859|713|450|31|54|919|445|35|65|13830|2309|0|210|215|225|624|572|687|497|125|136|585|391|343|207|359|306|228|289|990|830|78|141|1576|711|1262|678|2597|1016|375|476|2694|1181|1092|831|213|279|74136|5412|18933|2908|10640|2163|9164|1974|566|426|910|625|2252|874|6041|1620|0|210|18328|2912|659|411|802|620|0|210|12853|2761|731|439|674|575|716|683|1185|550|561|315|130|172|17|32|27833|2949|1081|583|675|492|434|312|3864|1062|719|487|12331|2049|379|324|1577|544|6773|1870|0|210|8103|2577|13|23|214|270|11|20|977|1288|919|840|346|314|340|429|136|227|1572|1161|88|155|1766|882|138|169|1442|741|141|187|939|812|19423|3955|5229|1445|230|374|643|561|1691|837|134|119|178|292|1045|831|283|217|1025|795|611|498|325|259|2|5|232|416|52|98|2755|1319|55|96|1296|891|1299|996|64|108|41|56|1919|714|1688|645|231|277|8400|3018|0|210|2478|1925|0|210|216|149|4856|2280|79|146|186|318|422|610|163|196|509|484|4739|1986|2505|1004|1511|721|994|718|17|32|117|200|1834|1542|266|237|389049|11445|379546|11253|35746|4501|579|504|257|192|14696|2853|638|543|4903|1736|114|194|6422|1875|5817|2061|213|283|0|210|782|565|824|971|501|398|317401|10592|227|158|1930|938|14516|3143|35631|5032|20948|5278|239522|8677|3578|1707|1049|506|0|210|26399|3453|3293|1360|688|530|2998|1162|1306|837|7390|1724|1422|572|469|308|2300|859|262|247|6148|1775|123|213|9503|1852|9438|1841|65|102
02000E0US4|359717|11297|36152|3873|11874|1663|579|388|677|529|499|280|625|335|9242|1491|4315|936|4644|1211|283|185|252|210|10959|1841|723|500|107|108|1609|687|5842|1255|746|327|1932|1216|0|210|3457|1028|175|195|1592|775|723|407|172|181|926|448|41|67|9862|2052|0|210|231|358|17|32|378|229|12|20|631|398|316|312|313|281|48|78|49|69|0|210|1037|502|844|434|1737|680|283|263|3164|1354|802|552|0|210|72100|5030|19457|2709|10095|2521|7114|2202|536|357|2445|1066|5340|1250|3847|1054|175|292|8053|1477|197|269|453|635|0|210|4312|1441|632|382|188|286|1150|678|226|256|184|332|403|569|308|256|41625|4657|202|257|878|482|855|509|913|557|477|509|31394|3702|318|353|2447|989|4141|2216|0|210|2560|1026|56|83|0|210|41|65|415|368|95|113|454|509|156|283|165|174|369|373|88|114|179|147|470|420|72|96|0|210|405|427|4218|1133|827|412|42|2|287|239|359|299|0|210|0|210|12|22|81|97|46|78|324|352|148|258|60|105|116|218|0|210|357|255|147|253|76|96|78|140|0|210|56|97|1072|627|1023|613|49|96|907|408|0|210|282|248|3|2|0|210|387|295|124|190|0|210|49|70|62|87|731|528|8619|1813|3341|940|2221|794|1120|595|537|413|2500|1227|485|379|1756|837|238628|9890|222524|9958|3644|1108|0|210|0|210|965|760|0|210|429|465|0|210|254|286|1404|647|0|210|0|210|273|295|0|210|319|354|202385|8757|153|154|52|91|3603|1353|10831|3114|1563|1122|183961|8434|1771|901|451|330|0|210|16495|4241|521|486|1282|541|1619|897|3381|1901|2620|1223|287|203|0|210|3789|1384|143|228|2817|2377|36|92|16104|2490|15848|2393|256|323
02000E2US1|105975|6420|32067|3495|8011|1641|18|33|619|417|182|134|574|278|6387|1566|2689|932|2679|820|1019|473|231|304|6231|1071|242|214|421|204|889|389|3709|743|702|389|268|214|0|210|3507|1028|516|276|1475|527|1270|749|0|210|246|220|0|210|14318|2635|173|209|607|545|235|246|282|248|34|42|718|366|621|589|105|102|257|248|402|446|0|210|3640|1291|1360|664|3103|1589|70|88|2242|881|469|290|0|210|22796|2379|8690|1573|5894|1094|5142|1141|302|214|450|436|350|262|2446|849|0|210|6296|1352|79|142|393|341|0|210|4044|1046|155|139|405|432|429|236|596|329|30|56|165|148|0|210|5086|1080|4|9|5|9|183|178|19|53|6|13|3951|948|136|139|320|161|462|324|0|210|2536|962|98|160|0|210|230|254|368|473|136|109|82|91|75|92|653|448|35|52|34|57|825|740|0|210|0|210|0|210|188|177|4225|1614|772|443|0|210|255|263|261|280|9|2|63|67|38|72|146|227|0|210|410|175|350|165|0|210|13|3|47|59|1424|1216|55|70|1123|1183|205|188|0|210|41|44|501|359|443|346|58|104|1118|784|0|210|670|621|60|95|116|212|272|245|0|210|0|210|0|210|0|210|0|210|1383|498|1036|488|667|286|369|354|182|191|0|210|0|210|165|240|45504|4062|37416|3667|16490|3251|230|183|119|154|951|502|311|292|7566|2260|36|60|2014|1044|4001|1637|0|210|110|125|918|429|25|45|209|217|11078|1583|32|56|69|92|938|482|2710|886|876|607|5532|1287|458|403|463|283|0|210|9848|1737|387|271|396|577|2077|930|321|423|2353|844|1738|685|933|496|790|423|320|306|287|352|246|290|8088|1246|8088|1246|0|210
02000E2US3|307510|11840|30100|3322|9203|1807|33|57|489|280|394|370|179|216|7969|1667|2234|750|4555|1255|1180|624|139|221|9426|1433|244|193|79|94|1054|526|7189|1267|700|321|160|147|0|210|2414|698|229|219|1132|511|501|370|0|210|517|299|35|65|9049|1938|0|210|215|225|526|555|389|329|125|136|534|409|248|187|234|263|228|289|932|795|0|210|900|526|762|554|1570|651|0|210|1560|878|826|805|8|2|40224|3833|9301|1999|4639|1350|3797|1192|460|413|382|289|1141|535|3521|1277|0|210|9374|2120|13|25|194|313|0|210|6371|2012|331|309|672|576|440|644|1055|505|281|162|0|210|17|32|15798|2284|387|348|255|332|228|225|2963|989|171|126|7519|1446|379|324|1005|449|2891|1184|0|210|4833|1956|0|210|0|210|11|20|896|1283|919|840|42|61|84|159|0|210|698|605|88|155|1129|636|0|210|825|583|141|187|918|815|8784|1943|3392|1190|0|210|192|221|789|675|134|119|157|293|1031|831|200|177|889|782|258|419|23|52|0|210|232|416|3|6|1951|1135|0|210|1143|880|729|681|64|108|15|24|1159|541|928|440|231|277|1822|947|0|210|603|474|0|210|216|149|584|412|0|210|0|210|356|601|63|102|202|196|1678|690|1213|665|896|561|317|305|17|32|0|210|219|217|229|216|226724|11345|219489|11176|21643|3503|243|376|97|134|9227|2222|638|543|2326|1095|114|194|3689|1291|4092|1523|213|283|0|210|584|538|35|52|385|375|183692|10310|225|158|1304|825|8522|2471|20110|3793|12372|3067|138939|8160|1253|562|967|487|0|210|14154|2652|1581|877|507|426|1745|824|1010|775|3688|1291|803|409|385|297|1232|646|6|12|3092|1383|105|208|7235|1582|7170|1583|65|102
02000G0US2|139469|4680|18781|1902|4488|864|453|353|218|126|188|118|420|277|3116|685|1220|385|1733|490|163|100|93|91|6060|844|345|204|182|168|270|151|4289|745|740|326|179|168|55|96|1201|527|95|114|638|331|20|33|20|33|436|374|12|21|6975|1352|220|149|61|69|16|23|571|397|162|127|66|61|164|111|154|138|22|27|33|60|127|153|1295|455|446|270|831|434|203|248|2162|795|442|253|57|102|23187|1925|5451|987|2317|647|2129|624|86|93|102|110|790|387|2310|707|34|63|4301|879|0|210|383|99|0|210|2656|746|195|199|143|110|174|147|494|356|5|3|120|115|131|122|12197|1224|945|551|387|215|444|362|1287|561|178|192|7098|1109|33|54|699|330|1126|430|0|210|1060|468|20|35|10|19|9|17|349|283|38|56|220|250|13|25|45|54|45|61|72|98|122|100|105|89|12|22|0|210|178|161|6479|1249|2375|810|129|150|412|256|588|350|582|452|50|53|133|130|39|73|442|343|199|242|0|210|0|210|138|217|61|106|832|437|59|104|267|192|265|336|33|36|208|206|1878|755|1855|752|23|48|932|444|99|130|55|53|39|82|354|256|137|107|0|210|0|210|248|318|0|210|263|240|3073|893|737|402|577|370|160|154|0|210|263|354|1645|679|428|299|87949|3994|81478|4014|5902|1324|0|210|0|210|1967|768|36|59|1626|698|0|210|453|314|1562|641|0|210|1|210|257|301|0|210|0|210|70384|3974|148|98|265|291|2360|856|7202|1897|2305|903|55216|4172|1942|714|946|699|0|210|5192|1093|508|301|138|177|729|344|432|204|1539|735|262|177|32|48|725|387|30|43|676|378|121|170|6471|1072|6428|1065|43|57
02000G0US3|296496|10789|23944|2847|5783|1043|150|160|274|199|232|251|331|231|4750|910|1501|477|2708|774|541|417|46|75|10745|2047|135|127|332|175|1655|1361|7867|1351|670|372|64|106|22|39|1673|736|364|473|729|370|328|267|0|210|171|186|81|91|5743|1548|0|210|0|210|80|107|216|264|292|384|414|375|496|374|28|47|177|185|0|210|71|150|598|381|659|460|1256|740|27|46|999|475|430|314|0|210|35321|3520|8263|1695|4958|1504|3194|1033|613|610|1151|821|755|399|2550|711|0|210|9283|2178|342|265|398|361|0|210|5795|1773|470|272|844|843|284|186|1111|594|0|210|25|3|14|2|16361|2639|795|594|636|457|140|156|882|323|43|83|9291|2236|202|271|1227|771|3145|838|0|210|1404|612|0|210|0|210|156|185|295|240|52|4|85|106|0|210|41|72|62|63|194|326|294|279|127|55|98|120|0|210|10|17|7507|1440|1681|823|157|217|414|274|182|211|0|210|87|110|38|44|162|163|641|600|115|87|34|63|70|65|0|210|11|20|1210|497|26|45|919|406|0|210|54|69|211|267|1322|685|1322|685|0|210|2418|881|0|210|627|471|45|57|178|163|558|345|300|133|237|241|319|467|154|191|761|491|3175|1202|967|549|625|373|342|387|0|210|1479|1019|219|270|510|409|226549|8977|219276|8974|17633|3699|429|335|296|219|5445|1313|0|210|1828|823|227|297|4282|2295|3717|1760|26|36|384|502|703|401|0|210|296|327|190347|8753|491|521|271|220|7545|1876|10256|2156|16034|3908|154272|7389|889|548|589|492|0|210|11296|2202|297|227|790|479|1379|580|730|548|3194|975|679|428|343|232|1413|630|231|307|2035|949|205|243|7273|1486|7185|1494|88|132
02000H0US1|174823|7598|52123|4520|12455|1818|118|142|1219|539|265|155|717|314|9586|1655|3526|971|4884|1045|1176|496|550|316|10746|1367|265|216|559|285|1485|480|6790|1014|1112|425|535|331|0|210|5994|1492|1151|525|2758|896|1705|816|171|262|380|263|0|210|22915|3589|1120|904|624|549|816|564|417|351|164|115|1648|1043|634|590|133|116|402|317|669|512|283|471|4975|1506|2371|1324|3602|1613|215|185|4091|1527|751|342|13|22|38179|3288|13643|1877|9008|1408|7874|1428|302|214|832|551|869|367|3766|1027|0|210|11367|1741|88|142|1025|922|0|210|6775|1257|390|269|405|432|1340|785|1033|418|146|144|165|148|0|210|8980|1604|94|158|131|102|184|179|203|290|171|163|6478|1288|136|139|857|380|726|351|0|210|4001|1568|98|160|21|40|240|257|424|476|198|130|189|206|75|92|975|516|222|303|542|793|885|738|0|210|132|188|0|210|188|177|9658|2171|1825|784|0|210|255|263|603|431|9|2|111|107|155|189|209|242|483|496|2040|1161|350|165|277|326|1213|1334|200|119|2051|1377|55|70|1681|1316|274|214|0|210|41|44|1070|488|1012|488|58|104|2590|1096|0|210|1122|734|60|95|269|293|826|397|0|210|0|210|0|210|313|355|82|109|1863|595|1516|557|1017|359|499|391|182|191|0|210|0|210|165|240|73000|4677|55603|3820|22249|3516|247|185|119|154|1697|665|311|292|9960|2421|53|75|2062|1050|6307|2006|145|131|110|125|1004|421|25|45|209|217|16119|2238|39|57|131|146|1407|850|3141|907|1351|681|8462|2050|1021|701|567|331|0|210|17235|2607|802|427|440|585|3180|1110|853|638|2916|913|3264|1159|1935|715|1426|563|419|355|1652|965|348|327|17397|1883|17397|1883|0|210
02000H0US2|435525|11207|51904|5093|11202|1528|464|352|366|213|286|155|554|309|9034|1445|2807|612|5817|1256|410|190|498|377|16578|1961|481|214|274|184|1554|581|12568|1673|1365|397|228|174|108|157|3409|969|395|214|1427|505|85|96|36|44|1490|681|12|21|20658|3615|344|174|85|78|304|264|868|503|359|244|518|237|744|320|1315|1008|175|140|185|163|780|617|4179|1315|1102|444|4172|2206|405|278|4228|1132|895|414|57|102|87908|4776|20668|2840|8669|1595|7098|1364|223|238|1348|676|4703|1320|7262|1516|34|63|19372|2549|474|636|815|347|0|210|12546|1948|1044|789|330|225|873|485|2286|772|458|350|357|209|189|128|41468|2824|6824|1804|632|405|964|574|4055|1039|239|211|15756|2072|415|278|6791|1382|5792|1407|0|210|5749|1781|20|35|170|159|155|192|602|377|293|239|570|476|149|157|563|397|521|492|499|422|708|414|314|289|1169|890|16|34|651|436|29423|2728|10637|2150|956|569|1629|571|1519|688|4280|1587|277|273|281|229|151|172|1544|835|2142|992|619|658|140|179|1303|827|80|108|2785|730|59|104|784|387|868|504|676|283|398|282|4735|1270|4368|1225|367|386|8416|1633|99|130|2913|1071|83|117|486|302|4109|1032|215|230|51|86|455|502|5|15|708|341|6086|1369|1699|542|1301|479|398|267|0|210|263|354|3462|1156|662|375|260204|7743|244679|7983|18208|3004|151|147|102|185|8736|2186|36|59|3683|1042|0|210|1781|735|3017|1041|0|210|131|235|390|314|0|210|181|133|210366|7917|247|178|664|570|14568|2908|23523|2937|8872|2218|156343|6460|4675|1758|1474|800|0|210|16105|2206|1730|777|284|253|2568|776|844|342|4554|1183|1218|638|250|224|2144|884|53|64|1785|802|675|504|15525|1782|15403|1794|122|142
02000H0US3|829091|16371|69192|5335|18197|2318|250|191|903|400|626|464|793|423|15339|2102|4716|1124|8758|1744|1865|805|286|268|25803|3044|493|282|489|218|3606|1591|19264|2271|1578|544|351|241|22|39|5406|1165|695|564|2464|897|1041|516|31|54|1090|485|116|109|19573|2599|0|210|215|225|704|566|903|554|417|404|999|556|839|423|387|310|405|340|990|830|149|233|2174|759|1921|806|3853|1194|402|478|3693|1288|1522|861|213|279|109457|6690|27196|3597|15598|2713|12358|2211|1179|733|2061|1022|3007|1035|8591|1759|0|210|27611|3152|1001|508|1200|702|0|210|18648|2844|1201|522|1518|1014|1000|725|2296|816|561|315|155|172|31|32|44194|4333|1876|835|1311|587|574|334|4746|1055|762|469|21622|3088|581|430|2804|837|9918|2100|0|210|9507|2644|13|23|214|270|167|184|1272|1283|971|840|431|356|340|429|177|238|1634|1166|282|357|2060|943|265|183|1540|737|141|187|949|813|26930|4277|6910|1793|387|439|1057|610|1873|869|134|119|265|310|1083|834|445|293|1666|1036|726|506|359|269|72|64|232|416|63|101|3965|1304|81|105|2215|960|1299|996|118|141|252|294|3241|1005|3010|959|231|277|10818|3155|0|210|3105|1966|45|57|394|229|5414|2315|379|193|423|472|741|768|317|273|1270|655|7914|2392|3472|1122|2136|738|1336|810|17|32|1596|1047|2053|1593|776|474|615598|13700|598822|13332|53379|6153|1008|616|553|307|20141|3192|638|543|6731|1965|341|365|10704|2928|9534|3018|239|285|384|502|1485|735|824|971|797|492|507748|12336|718|524|2201|937|22061|3301|45887|5476|36982|6569|393794|11149|4467|1785|1638|700|0|210|37695|3812|3590|1395|1478|706|4377|1404|2036|948|10584|1911|2101|800|812|385|3713|965|493|403|8183|2092|328|347|16776|2025|16623|2030|153|178
02000H0US4|451998|12177|49165|4421|16443|2013|827|503|1025|663|591|285|1084|560|12655|1763|5449|1111|6597|1425|609|400|261|209|15425|2107|723|500|107|108|2307|891|8902|1443|1134|419|2245|1221|7|12|4179|1069|234|220|1914|780|985|482|327|278|998|431|48|67|13097|2412|0|210|315|388|86|113|425|229|67|110|666|384|553|403|367|304|72|88|275|374|159|213|1232|580|914|434|2416|845|455|365|4239|1475|856|562|21|30|90751|5631|23181|2901|11883|2648|8417|2378|848|394|2618|1096|6197|1322|4926|1072|175|292|9948|1639|197|269|496|684|0|210|5036|1449|1166|552|281|335|1369|762|325|272|243|342|478|575|357|270|54027|4796|380|321|1251|673|924|518|1328|677|599|537|41412|3874|326|354|3150|998|4657|2204|0|210|3148|1049|56|83|143|162|41|65|468|363|95|113|454|509|156|283|169|174|461|367|88|114|474|358|471|419|72|96|0|210|447|429|7423|1701|1631|415|42|2|510|267|367|306|234|43|0|210|12|22|81|97|385|149|324|352|148|258|60|105|116|218|0|210|961|455|147|253|132|97|169|202|457|275|56|97|2359|1024|2310|1014|49|96|1216|517|0|210|414|321|3|2|55|111|441|305|192|219|0|210|49|70|62|87|932|600|10047|1899|4214|1014|2544|835|1670|714|537|413|2547|1232|564|370|2185|915|294612|10455|273727|10531|5835|1402|0|210|0|210|1634|834|0|210|823|486|0|210|464|404|2189|869|0|210|0|210|287|299|119|191|319|354|247962|9310|188|167|52|91|4599|1609|11877|3176|1959|1144|226700|9062|1969|934|618|392|0|210|19930|4462|1307|759|1282|541|2195|1033|3523|1938|3366|1329|559|216|0|210|4526|1498|143|228|2993|2375|36|92|20885|2693|20592|2589|293|330
020C201US1|9617685|61004|1414435|25282|206666|9530|3710|1193|52952|5699|4999|1355|8269|1372|133499|7403|66367|4723|57917|4985|9215|1571|3237|828|161553|8752|8740|2197|8239|1589|45145|4524|77362|5804|10513|1956|11160|1657|394|336|334588|12813|52694|5232|141568|7056|103561|6725|11116|2015|34951|4698|1814|959|708707|21618|57017|7251|30014|6081|19686|4708|11279|2474|10021|2428|15601|2826|15984|2359|4284|1199|8566|2662|9590|2009|13378|3641|132092|8217|28450|3083|115772|7618|10735|2995|146244|10291|79994|9904|2921|1253|2906974|26415|1062174|18523|809388|17542|675026|16190|69404|6367|64958|5252|50867|5306|200617|9549|1302|1041|1114903|22927|16263|4303|176554|11434|12044|2896|637520|19025|38578|4624|15060|3063|36499|4886|114346|9146|16189|3013|44097|5972|7753|2119|459143|12586|18688|2888|32930|4778|15813|3595|12088|2744|19346|2785|212062|10504|7190|1602|25828|3012|114986|7636|212|258|260697|12767|5901|1783|8201|2002|19362|4106|16762|3902|44267|5116|13236|2660|4350|1262|29404|4113|11140|3047|23906|3779|51488|4818|4379|1264|21733|5570|6568|1871|10057|2436|609792|22139|85773|8350|2176|1011|18726|3538|25564|4825|4159|1519|5673|1930|11856|3439|3852|1416|13767|3290|35308|5678|8380|3299|6647|2076|10231|3198|10050|3181|139111|10979|13841|3394|73440|8210|35627|5719|10956|3406|5247|2064|18898|2566|17657|2480|1241|719|307938|17446|29121|4286|85863|10017|6999|2621|29860|6238|89157|8291|10097|2900|12749|3866|7935|2895|36157|7518|22764|4226|26896|3317|24488|3170|20803|3055|3685|1124|448|306|177|269|144|238|1639|885|4659588|43157|4530797|42693|1956815|34881|2896|1121|32196|4841|77150|6425|18053|3746|967594|27605|19815|3679|296737|15642|359281|13263|15520|4076|17733|4014|117477|9618|10670|2874|21693|2868|1104449|33333|9707|2728|30298|5815|224236|17681|228828|16972|130174|12898|424175|16379|33434|8149|20337|3406|3260|2062|1469533|31583|38843|4176|14656|3855|268619|16374|28387|4449|299327|15505|356817|16930|193670|12518|171787|13568|15099|3178|67358|8560|14970|2560|128791|7701|127753|7603|1038|564
020C201US2|5026934|53883|736532|20009|89246|5828|1896|798|12226|2000|1296|642|4602|2178|67165|4749|27837|3597|34432|3721|4896|974|2061|725|99374|5515|5462|1400|2431|1003|14752|1833|64150|4702|8447|1447|3922|1341|210|196|65247|4316|16251|2310|34738|3152|1664|802|52|93|11305|2242|1289|591|479846|18626|23001|4436|11710|2557|33755|4482|21463|4114|7585|1473|8857|1647|6792|1462|3242|869|11716|3240|7984|1979|9465|1829|140640|8802|33110|3844|48293|5164|9764|2386|76534|7556|25935|3431|2819|1562|1825874|20926|392946|11599|243860|9383|204068|9290|13607|2066|26185|2843|40166|4557|103447|6815|5473|1761|678315|19280|22800|6484|40390|5503|14774|3038|448772|15528|28528|3917|4630|1799|29815|5395|64269|7191|10052|2180|7541|2542|6744|2092|485221|15157|52841|7543|14679|3268|8373|1762|45360|3738|13369|3545|186237|8744|3255|937|55926|5038|105059|7991|122|146|255136|14270|1401|804|2103|708|1916|1075|80184|7904|9483|1823|23480|4390|5860|1505|37144|4866|14345|3367|24598|6613|15138|2995|3168|1163|32836|4787|3480|1309|14256|2748|549730|24655|201305|12095|9543|2480|50681|5708|42090|5585|55454|7414|10346|3301|6370|2664|4027|1475|22794|4246|51551|6968|16293|3745|11732|4065|20781|4629|2745|1321|64254|7817|10923|3791|20472|4539|14316|3922|13930|3775|4613|1536|18246|3593|17685|3566|561|389|200293|15911|34|60|41154|5604|5974|2211|34618|6242|78086|9881|8385|3502|3593|1242|10731|3524|17718|4195|14081|4512|21817|2907|14417|2111|10672|1936|3745|1128|396|501|1720|1256|3730|1487|1554|722|1892981|30494|1803025|28179|132486|12219|2449|1436|1114|590|35996|5489|370|325|24283|4364|1363|1051|30368|7393|27569|3143|492|377|784|449|5995|2336|173|201|1530|708|1427351|25474|8654|2632|6704|2084|69036|7602|100662|8372|71032|8480|1143773|24673|20003|4451|7231|1997|256|262|243188|13554|13738|2871|4172|1794|33571|3882|10935|3742|58810|6387|35981|7561|4637|1337|23381|4424|1484|658|52802|8396|3677|1429|89956|5872|89531|5810|425|261
020C201US3|15617574|98651|1137451|26381|266134|10881|7775|2076|21422|2574|5751|1352|12668|2187|210586|9980|94269|7039|100147|6147|16170|2316|7932|1350|268290|10654|9647|1817|9144|1929|56347|4819|159746|7470|23580|3150|8914|1933|912|717|150902|9204|22709|2797|58562|5021|16932|2992|992|422|52164|5758|535|406|446846|18705|17654|3578|10806|1878|25428|4868|17392|2735|8904|2936|16911|2756|19871|2729|4323|1278|6181|1513|10065|2476|3360|1171|46925|5356|37430|4588|96039|9003|10697|2598|86363|8803|28497|3860|5279|1912|3572071|30939|764986|18028|458225|15367|362999|13429|29709|3381|65517|5623|64918|5075|237791|10362|4052|2438|1487638|26079|77324|10854|79422|7414|6485|2813|925610|22024|106677|8454|13626|2978|72378|7761|172680|13707|15550|2313|10984|3111|6902|2876|1016780|23019|42152|5326|29023|4267|17277|2718|33139|4089|21560|3609|373854|12931|8736|1782|52188|5454|438714|17609|137|141|286748|14218|2852|1096|5467|1634|3960|1449|42285|6803|31606|4432|26120|4684|15148|3545|35235|3978|20340|3481|27854|5094|49196|5415|12293|2718|7766|2810|6626|1658|15919|2863|1106227|36470|312068|19633|24655|5609|137153|13232|66013|8735|14444|5674|15855|3328|17253|4012|9241|2205|27454|5600|107030|12823|51965|7333|19407|6827|24463|4674|11195|3876|153998|11080|9071|2606|75717|8183|39897|6157|19865|3485|9448|3021|53860|5864|51396|5465|2464|1274|445067|24088|963|568|87493|11601|8764|2337|28528|4540|241803|16978|6308|2005|23006|4512|15331|3995|32871|5614|34204|6282|55703|7920|26528|2727|19916|2615|6612|1485|1298|629|7584|2273|9441|3809|10852|6071|9746122|76100|9498486|73949|2443246|40394|28629|3947|14511|3092|1209921|26841|10563|2463|228021|15070|8340|2461|419399|18581|374993|17549|10144|2794|6469|1888|97022|9165|8164|2566|27070|3706|5090258|58101|9206|2000|41940|4806|618959|24384|441770|21892|577855|24243|3136194|51610|211550|16087|51580|5698|1204|636|1964982|36811|108146|8904|49581|7042|279397|16696|54203|6834|515765|19284|95414|8685|69143|7203|199298|11901|22643|3993|557246|26466|14146|3084|247636|11861|243991|11761|3645|1138
020C201US4|14680399|80401|1097653|20654|250472|7791|8700|1610|23289|2525|6118|1163|13487|2064|193910|7405|87217|4472|94052|5800|12641|1760|4968|1161|244022|7612|10714|2009|8536|1761|56517|5511|131173|6069|25784|2856|10675|1605|623|315|103725|5934|15678|2288|41685|3597|23856|3196|5654|1571|22020|2621|486|292|496758|15989|5785|2944|18365|3100|22767|4442|16965|3196|7340|1743|15326|2362|14536|2597|5252|1424|3989|1235|16662|3247|1459|646|37460|3886|41005|4487|128163|7209|6814|1297|125524|9691|29346|3571|2676|1005|5750579|39849|1830002|26975|1227735|21036|883416|20360|123925|6104|220394|9411|160620|9704|425936|16419|15711|4819|1320829|29358|99159|10517|29435|5634|2703|1796|800144|24625|234909|11274|14314|2242|36105|5972|65978|7865|18397|3467|10795|2319|8890|2484|2189768|27892|37618|6036|68634|6675|44780|4423|55499|5831|28757|3408|1169987|25043|16992|2542|100555|7232|666660|21134|286|212|391204|17644|93146|8450|8508|2716|6421|2374|70370|8900|44637|5711|22529|4105|9496|2458|39207|4228|12642|2631|30964|5001|34982|4259|5692|1652|6890|2395|5720|1853|18776|3129|431533|19774|171504|12406|12920|3401|66605|6964|34433|5993|16109|3978|7339|3336|11687|5430|5656|1839|16755|4464|24225|4904|10754|3460|4992|2150|5994|2076|2485|1199|94444|9887|7410|2215|49560|6113|14831|3502|13776|4180|8867|2562|32340|4481|31125|4061|1215|1334|92423|9232|314|270|17330|3061|3194|1684|5413|2199|50377|7901|2781|908|5548|2558|1876|1158|5590|1809|16597|5667|167077|9613|50825|3679|35967|2827|14858|2251|35947|4574|11369|3319|17436|3878|51500|5774|7233557|55886|6976459|55257|150737|9696|1586|651|2710|961|71916|6807|522|575|20235|4416|1090|930|11481|2505|24912|4308|626|530|790|598|9272|2430|1954|1026|3643|1114|6268927|54378|19286|3172|19899|3152|520289|20839|403731|18294|104690|11332|5084996|50827|97102|9774|16151|2985|2783|1571|556795|20162|41718|3771|17492|4032|91945|7386|35264|5873|136015|12216|38429|5451|6266|1654|114880|9472|5546|1570|65106|6650|4134|1215|257098|9933|255586|9976|1512|953
020C243US1|374761|13611|120421|7106|27273|2734|539|298|2579|800|490|334|1039|381|21854|2611|9097|1723|10517|1496|2240|889|772|582|23719|2580|669|351|906|371|3698|1316|14487|1763|3005|820|954|402|0|210|21701|3051|2544|795|9427|1844|8168|2048|958|923|1505|497|57|95|47715|5367|1117|724|1919|985|724|480|1216|770|364|230|2708|1363|1909|1025|333|227|569|415|597|327|110|131|12387|2718|4047|1392|7954|2142|511|366|7859|1969|3391|1356|13|22|92465|6306|31712|3188|19190|2665|15944|2513|889|428|2357|894|3180|1041|9312|1868|30|56|31763|4605|236|223|879|715|407|446|21702|4018|2288|921|571|366|1121|702|2847|1221|667|424|610|463|435|357|19822|2435|994|905|815|408|381|265|620|435|107|92|11707|1952|422|267|1288|510|3488|1224|0|210|8816|1953|104|159|97|92|228|230|615|507|902|471|670|457|348|232|1792|646|91|87|819|848|2949|1250|67|113|103|146|31|51|352|309|15917|2785|3536|1148|0|210|351|337|1528|942|39|49|261|344|496|398|353|264|508|328|984|595|247|330|56|4|135|138|546|480|4107|1477|331|320|2352|966|1376|1158|0|210|48|59|1929|723|1766|713|163|161|5127|1940|526|607|991|560|60|95|801|508|2623|1806|90|146|0|210|0|210|36|71|234|186|3167|1018|2613|928|1915|836|698|322|30|56|0|210|0|210|524|391|142791|9242|113528|7882|30125|3949|386|215|534|470|3603|911|452|551|9629|2338|411|462|4334|1596|7584|2154|196|253|368|379|2452|1005|25|45|151|172|42555|4955|309|288|1547|745|3354|940|9170|2184|2767|1161|22923|4013|1157|572|1198|481|130|222|40848|5544|2832|1084|484|327|10680|3367|1389|711|7612|1922|7402|2464|1428|678|4197|1282|702|452|2481|1408|1641|876|29263|3026|29251|3022|12|24
020C243US2|363512|12985|73122|4981|15333|2069|595|353|987|461|608|310|431|244|12331|1890|5348|943|6506|1598|477|196|381|302|22716|2070|740|445|305|211|1527|548|16257|1783|3001|652|848|331|38|62|4403|1066|1361|876|1984|604|271|167|36|44|775|340|12|21|30482|3806|987|699|234|144|509|334|1015|526|847|597|705|336|1065|420|1198|959|471|309|166|135|1279|734|6486|1553|1939|588|4576|1030|314|278|6965|2407|1726|643|188|191|84825|5924|25260|3455|11628|1968|8830|1496|611|336|2187|1006|4326|1427|9190|1802|116|147|18812|2804|389|259|595|237|398|431|13534|2571|578|345|260|196|495|345|2111|954|69|80|161|144|222|157|34838|3687|2309|964|617|445|794|513|4363|1022|899|438|15878|2143|39|57|4164|1065|5775|1520|0|210|5712|1846|20|35|99|109|186|196|1424|1189|321|191|600|474|93|117|541|355|760|546|432|314|586|390|201|152|391|556|58|58|203|192|16063|2018|5464|1311|49|106|1349|755|1260|574|1194|744|375|295|283|173|309|244|645|378|683|645|568|640|0|210|96|102|19|34|1989|799|85|110|1018|592|541|376|148|139|197|189|4079|1321|3923|1272|156|225|3476|891|99|130|708|377|39|82|586|323|1749|695|93|127|44|94|50|71|108|163|372|241|4934|1055|1933|660|1394|623|539|301|30|53|122|156|2348|641|501|274|184568|7819|164135|7672|12379|2151|142|189|10|23|5731|1475|36|59|2751|998|34|60|1177|519|1448|385|107|188|6|3|719|485|0|210|218|133|134678|6376|757|557|617|419|7131|1828|9459|1855|4595|1150|108093|5499|2203|821|1823|949|0|210|17078|2665|2310|1003|335|287|2756|783|1232|584|3539|1139|1010|423|253|241|1986|810|109|107|2921|1511|627|446|20433|1908|20311|1919|122|142
020C243US3|1423501|32961|151710|10684|38795|3807|647|382|2574|718|1245|913|1235|561|32486|3384|11332|1479|17779|2677|3375|1010|608|343|53245|5075|1015|409|2018|948|5325|1526|39169|4191|4274|1269|1313|654|131|163|12540|2034|1856|772|5462|1467|2324|823|194|186|2677|1035|221|222|47074|5438|837|667|973|460|1162|720|900|464|660|507|2192|952|1408|627|750|652|967|695|2036|1139|71|150|4387|1071|4597|1533|9595|1886|398|311|14133|3596|2008|964|56|51|232086|10772|59131|4564|33265|3787|25796|3018|2458|853|5011|1592|6760|1328|19034|2515|72|120|67033|7090|1471|815|4800|2257|263|411|43573|5123|4528|1393|1738|781|3136|1826|5855|2097|829|472|467|374|373|408|89509|7058|3666|1815|2363|916|1949|827|7749|1778|1303|584|40447|4445|954|580|9250|1647|21801|3559|27|50|15612|2934|247|296|453|566|238|229|2835|1799|1300|991|1651|840|229|214|1835|855|1410|931|1597|1114|1759|726|643|380|836|564|579|422|801|531|48198|5879|9474|2125|391|316|1750|871|3058|1196|768|851|326|339|778|424|734|374|1669|1089|3489|2159|2521|1965|140|219|768|851|60|101|4725|1382|230|262|2459|887|1972|1053|54|69|10|16|6586|1666|6525|1670|61|82|21658|5844|337|266|6495|2886|396|438|908|503|10780|4484|759|526|563|532|1028|971|392|350|2266|934|6965|1567|5279|1420|4080|1267|1199|707|296|266|0|210|740|518|650|325|984542|27159|949932|26121|98956|9698|1703|877|977|483|44210|6231|331|318|11843|3067|293|272|13620|3147|18566|4031|225|283|101|72|4745|1563|657|743|1685|636|760137|24107|1676|753|3056|1410|43254|5594|44369|6052|41526|6917|611960|20770|10285|3409|3949|873|62|119|90839|8060|5227|1592|2683|1330|15964|3463|4059|1481|25530|3819|3618|1107|2691|953|8913|2272|1621|871|18898|4536|1635|925|34610|3640|34236|3619|374|257
020C243US4|726687|18594|87725|5270|26902|2751|1143|552|1190|641|814|370|1682|652|21634|2707|10255|1901|10020|1594|1359|772|439|344|30727|3688|942|378|1304|1071|3692|797|18074|2902|3865|1087|2803|1230|47|68|6695|1475|340|236|1576|514|3953|1368|1866|1162|670|295|156|210|23280|3341|559|875|1014|995|350|274|571|412|366|269|1645|621|1138|757|699|581|168|185|398|534|192|219|2467|894|1892|911|5417|1531|338|306|5158|1367|908|635|121|86|142952|8261|43306|4228|24343|3636|17171|3326|1769|627|5403|1329|7040|1590|11923|2030|0|210|28397|3911|970|616|951|877|213|359|19187|3683|3799|1172|634|484|381|380|709|382|398|308|312|271|843|745|63895|5120|1379|872|2106|850|2154|846|2298|983|991|731|41728|3880|452|388|3429|926|9358|1971|0|210|6879|1832|482|369|143|162|42|70|1218|854|877|573|409|259|293|251|985|513|81|107|527|638|858|478|1|5|916|1061|47|79|475|439|13866|2765|4127|1165|21|37|1567|766|788|694|234|43|245|337|397|368|318|279|557|209|192|193|21|51|92|148|79|104|0|210|2673|1091|238|362|647|414|810|512|576|342|402|517|3514|1062|3282|1043|232|264|3182|1769|47|55|1443|1122|0|210|55|111|1433|1401|68|105|29|44|0|210|107|133|178|204|10764|1767|4851|1137|2503|636|2348|1022|1220|751|1808|1042|708|444|2177|843|471380|16228|443298|15778|7290|1572|0|210|0|210|2281|1267|0|210|875|399|0|210|729|577|2941|935|0|210|0|210|264|247|54|88|146|180|412236|15341|408|331|737|638|8610|2777|12064|4129|1978|788|386091|15237|1418|818|905|458|25|46|23772|3593|3376|1294|1417|675|4120|1265|2175|1147|3223|1145|875|414|127|211|5240|1766|140|180|2852|1779|227|214|28082|2872|27737|2754|345|337
0300000US1|2192752|32583|395381|12105|75574|4426|1107|557|16380|2217|2190|788|3948|921|50271|3739|23340|2858|22633|2527|4298|1007|1678|776|46575|3998|988|414|2723|855|12132|2063|24502|2458|3445|1120|2785|825|0|210|124051|7407|12586|2405|31320|3569|72452|5300|11905|2208|7643|1941|50|83|148824|9621|18946|4155|3613|1352|5575|2190|4080|1621|1558|984|3048|1111|2455|878|606|397|2270|952|2069|1112|1608|1026|36699|3966|7679|2007|27268|4517|1852|1117|19642|3498|9856|2412|357|343|590478|10798|200209|8474|158745|8300|133679|7420|11971|2051|13095|2212|12021|2029|29004|3936|439|422|208111|11321|5616|2770|11940|3607|938|705|137445|10669|12830|2572|3708|2254|11803|3236|16668|3750|4034|1664|2444|987|685|503|124981|8712|1604|875|24354|4094|3989|1119|7636|2339|2530|843|30126|4026|1889|588|7837|1685|45016|4531|0|210|56311|6212|2244|1102|1271|677|1184|673|6155|2211|6491|2079|1778|742|1242|858|14742|3313|2787|1309|5434|1694|10268|2362|654|409|1261|1630|800|487|866|554|179881|9774|40375|5314|630|547|8536|2071|10969|2931|1475|780|2178|1190|9184|3336|1436|716|5967|2017|17831|3290|2456|1221|5045|1948|6710|2501|3620|1307|28511|4633|2082|1046|8605|1885|14153|3956|2124|1682|1547|1032|6481|1482|6316|1440|165|208|81882|7419|29385|4372|17485|3086|1354|1060|6559|2166|18850|3246|1948|1107|4066|2467|242|295|1993|868|4801|1676|7904|1608|6778|1403|5392|1356|1386|475|212|201|0|210|0|210|914|672|1019108|25382|952643|25010|370178|17308|664|415|5575|1982|9826|2581|3388|1365|174950|12618|453|624|91909|8792|66161|5909|2448|1032|504|493|10265|3118|714|783|3321|1207|211162|14365|1496|1269|4728|1939|47960|7420|70400|7732|28057|6738|42629|5712|11064|6254|2056|1034|2772|2050|371303|17267|8545|2311|4319|1756|167398|14160|9110|2433|61864|7533|61532|7414|7493|2587|29569|5752|3241|1310|16079|3263|2153|1157|66465|4533|65902|4498|563|416
0300000US2|7799694|52283|1139475|22968|158365|8833|3142|1087|39151|5044|3299|1157|5360|1301|105082|7243|52124|4411|45801|4409|7157|1614|2331|690|138697|7997|8421|2058|6422|1407|36711|4216|67347|5890|10073|1658|9329|1458|394|336|232238|10417|42652|4635|119675|6235|39277|4243|169|139|28813|4276|1821|975|607598|19081|39188|6061|28320|6103|14835|3639|8415|2075|8827|2020|15261|2637|15438|2403|4011|1110|6865|2556|8118|1720|11880|3719|107780|7852|24818|2770|96458|6815|9394|2827|134461|9462|73529|9918|2577|1110|2408961|23631|893677|17716|669833|16314|557291|15114|58322|5947|54220|5185|42026|4453|180925|9611|893|1003|938555|19200|10883|3402|165493|10742|11513|2907|521777|16825|28036|3992|11923|2334|25817|3833|100525|8937|12822|2781|42263|5818|7503|2033|353984|12520|18078|2847|9391|2112|12205|3496|5072|1399|16923|2712|193643|10066|5723|1563|19279|2903|73458|5826|212|258|213202|10733|3761|1392|7027|1948|18406|3939|11222|3018|38678|4554|12128|2625|3456|1018|16454|2539|8444|2808|19291|3500|44169|4389|3792|1288|20575|5340|5799|1843|9543|2400|445828|20780|48934|5727|1546|879|10541|2611|16123|3612|2723|1252|3756|1343|3168|1371|2769|1123|8308|2782|18461|4758|6171|3179|1658|792|3656|2055|6976|2862|114707|10738|12090|3221|67187|8232|22850|4392|8832|3006|3748|1937|14346|2437|13107|2385|1239|699|231183|17256|262|217|69369|9886|5705|2363|24102|5955|72930|7530|8239|2702|8683|2757|7693|2885|34200|7422|18197|3849|22159|3209|20323|3126|17326|2923|2997|1025|266|253|177|269|144|238|1249|759|3783271|37847|3691682|37428|1616762|33577|2618|1067|27155|4243|70927|6219|15117|3359|802273|25958|19773|3730|209162|12025|300704|13160|13268|4039|17597|4008|109664|9344|9981|2661|18523|2568|935842|29655|8520|2365|27117|5341|179630|13908|167598|14940|104884|11321|404469|16569|23527|4791|19479|3201|618|463|1139078|28284|33130|3650|10821|3347|111901|10588|20666|3591|245075|14162|302687|16863|187605|12066|146415|11825|12560|2856|53760|7867|14458|2667|91589|7036|91102|6980|487|353
0300000US3|3978856|45576|669628|19991|78306|5423|2036|772|10534|2062|1125|595|3645|2002|59228|4146|24545|2705|30570|3703|4113|900|1738|607|93195|5120|5041|1307|1849|743|12406|1732|61467|4556|8640|1608|3582|1426|210|196|60045|4634|16029|2544|32588|3041|1474|777|0|210|8753|2162|1201|538|435807|18423|22861|4298|9895|2478|16239|3055|19792|4057|6737|1512|8199|1507|6848|1506|3069|1126|11927|3119|6185|1661|10635|2000|142293|8887|31481|3896|37674|4747|9462|2304|68691|7687|23819|2943|2275|1308|1454547|18605|318501|11334|196303|9153|163773|9034|11253|1837|21277|2609|33290|3999|83545|6351|5363|1741|560326|16722|12646|4409|35848|5138|12641|2879|374120|14424|22919|3337|3433|1617|20787|4421|60345|6873|5999|1669|6291|2453|5297|1885|327217|11791|34779|6318|8818|2435|6117|1599|23561|3109|9794|3040|158317|8121|1801|632|28699|3568|55209|5262|122|146|235809|13373|1245|778|1791|583|1823|990|74834|7700|9165|1888|21355|4256|4990|1529|35719|4460|12783|3651|23332|7042|12078|2336|2600|1037|31431|4896|2663|1150|12694|2622|302275|19184|75434|6954|3326|1463|16384|3101|11715|2563|17219|4485|7594|2822|4299|1999|3399|1331|11498|2920|28478|5914|7390|2469|5912|2355|12585|4191|2591|1301|48963|6582|9499|3546|17361|4160|11946|3697|6386|2423|3771|1280|12352|2565|12093|2498|259|240|128049|12772|133|143|29953|5283|3201|1639|6003|1801|62080|9545|5838|3022|2445|1128|4460|2242|13936|4088|8999|3935|14194|2579|12088|2146|8766|1851|3322|1095|396|501|1103|1060|299|304|308|257|1538212|25514|1454934|23193|101123|9375|1734|1174|876|499|24084|3642|370|325|18279|3659|1202|1005|24843|6625|22738|3391|369|355|584|403|4311|1541|155|197|1578|692|1148166|21553|8341|2621|4158|1305|35110|4792|65357|6676|53063|6836|961500|21542|14002|3479|6521|1968|114|189|205645|12284|13001|2799|2793|1460|28858|3673|10508|3798|48164|6090|28542|7225|1569|611|19490|3961|1197|612|49195|8455|2328|1047|83278|6050|82822|6001|456|268
0300000US4|1411590|22853|140026|8110|26273|2555|455|278|2679|1022|779|344|1388|581|20268|2707|8640|1940|10368|1695|1260|512|704|538|28895|2894|1161|703|887|691|3873|1016|18940|2393|2808|820|1188|412|38|62|9605|1769|1583|666|4134|1192|461|281|88|101|3327|1020|100|168|74521|6797|1127|822|2049|787|18025|3990|2686|904|1695|839|1363|648|1009|560|1371|751|260|227|1965|1028|109|136|4833|1397|3568|1621|15195|2821|616|371|14808|2514|3842|1572|732|856|456152|10621|99705|5474|59185|4471|49125|3962|2965|1246|7095|1724|11202|2547|29092|3280|226|253|136801|9169|10543|4565|5137|1620|2531|1094|88186|6809|6187|1776|1457|623|9523|2570|6035|1557|4122|1430|1411|748|1669|638|192842|8689|20371|3184|6478|1791|3050|1067|26162|2872|4474|1930|43798|4393|1493|676|31391|3897|55625|5648|0|210|25039|5035|176|203|411|384|279|276|6774|2381|639|373|2725|1304|963|539|1966|912|2322|1405|1698|1485|3646|1820|769|463|1796|1306|875|515|1765|795|263518|13434|131335|10954|6266|2244|35646|5071|31635|5601|39429|6354|3127|2107|2354|1563|937|693|11941|3555|23756|4409|9471|3017|5820|3222|8292|2364|173|160|17280|3536|1509|1262|4129|1527|2911|1187|7692|2698|1039|886|9973|2865|9515|2801|458|376|75720|7873|0|210|11909|2651|2812|1508|29201|5516|17755|2555|2640|1939|1192|786|6321|2578|3890|1583|5454|2040|12557|2380|4262|1055|3300|1006|962|490|30|53|739|730|5779|1671|1747|715|539337|12111|512226|11511|43742|6052|857|845|248|284|17643|3863|36|59|8755|2650|195|303|6702|2723|6279|1353|230|268|206|184|2403|1743|18|37|170|152|413863|11080|1070|690|3163|1710|41057|6234|44764|4503|22564|4479|290366|10588|8204|2702|2533|949|142|196|54621|4912|3047|1245|1714|1098|7469|1611|1659|564|14185|2680|8449|2260|3321|1225|5877|1381|396|322|6528|2003|1976|997|27111|2796|27020|2817|91|144
0300000US5|10040943|68570|923477|24982|215872|9450|5796|1497|17546|2561|4155|1279|9641|2008|172049|8454|75228|4921|83954|5676|12867|1981|6685|1272|212252|9367|7304|1681|8425|1999|43620|4019|126229|6541|17472|2283|8319|1853|883|711|131575|8301|19443|2769|54690|4591|16946|2967|1041|447|39880|5365|616|413|359218|15579|15250|3137|9460|1550|17037|4127|14458|2705|4629|1093|13395|2364|17864|2720|3757|1230|4859|1429|10693|2467|1888|735|40668|4415|28039|3836|77413|7814|6203|1419|70232|7508|23373|3552|4560|1847|2094806|23955|488848|15271|277655|12721|220980|10440|18240|2405|38435|4330|42557|4379|165215|8636|3421|2354|842615|18875|49896|7464|50923|6337|2675|1464|512702|15091|60486|6336|10417|2432|35420|5739|96144|9620|10363|1888|9103|3189|4486|2060|575623|16129|24312|4492|17218|3344|11093|2008|19828|3326|10949|2604|245989|9780|4759|1155|39004|5346|202392|10194|79|109|177122|11341|2534|1103|3525|1419|3909|1398|19363|4439|25288|3661|13479|3135|8267|2675|20659|2961|12240|2923|21157|4986|33498|3570|5837|1488|3617|1514|3749|1228|10598|2068|712130|24268|199420|13174|14427|3685|99338|9995|33497|5065|8871|4421|9557|2509|11899|3306|4485|1472|17346|4594|69549|9161|40257|6346|7075|3617|12950|3968|9267|3516|102077|8607|4933|1594|46181|6463|31974|5377|12587|2727|6402|2728|40718|5351|39486|5314|1232|493|278772|18308|1300|638|62713|8711|6200|1987|23367|4934|125215|12186|4729|1798|20364|4384|13863|3996|21021|3857|21594|4876|24415|3473|16756|2171|12755|2252|4001|1036|783|522|429|360|4071|2196|2376|836|6286115|56761|6091636|57010|2274486|38157|27571|3916|14446|3065|1103210|21564|9001|2393|209806|13813|6573|1985|416263|18987|359260|18077|7931|2525|5965|1836|84034|8843|6333|2296|24093|3382|2172474|35280|6347|1415|35143|4695|398651|17795|291889|18155|309650|17079|917869|24745|171301|13205|41258|5190|366|335|1644676|34762|93514|7558|46281|6548|241247|13264|45693|5404|443815|17038|78637|7953|65741|6994|169400|11290|20847|3778|426107|23679|13394|3058|194479|9756|191553|9601|2926|879
0300000US6|912000|21978|91616|6133|19894|2684|470|490|1680|955|617|408|1004|519|15391|2336|6239|2020|7910|1856|1242|586|732|491|28887|2618|578|310|1095|757|2945|915|21731|2316|2045|869|471|321|22|39|6588|1781|1019|526|2433|1129|828|585|50|84|2308|1143|0|210|35937|4221|607|421|658|463|3712|1615|993|736|1016|593|803|482|904|499|408|327|423|260|199|189|429|528|2232|761|4085|1541|6893|1576|1016|770|9063|2357|2496|976|310|341|238259|7196|67764|4879|35585|4162|32626|3869|1416|570|1543|611|8167|1618|23905|3015|107|147|77565|6076|1045|987|6040|2123|1774|1248|48470|4263|6361|1708|306|300|5681|2009|5514|1589|1471|946|848|589|55|94|69158|5151|5506|2020|3608|1525|1724|702|5919|1561|2916|1101|25816|3591|801|697|3486|1173|19297|2353|85|118|22442|4108|97|156|420|407|59|98|4159|1587|1331|885|2410|941|1021|852|1590|900|1994|1191|910|711|2892|1146|473|275|4528|2428|558|501|1330|982|90518|10550|29317|8343|816|655|6984|4579|7816|3652|3766|3277|2695|2098|1585|1031|1281|838|4374|2128|10656|3941|668|545|5355|3396|4458|2198|175|238|21192|3940|59|98|15074|3724|2962|1352|1938|1153|1159|880|4191|1201|4142|1202|49|87|22768|4441|0|210|6604|2658|470|434|1345|904|7998|2454|774|929|687|681|535|467|4355|2321|2394|1367|7278|2422|4327|1175|3098|1021|1229|738|17|32|81|150|1569|1593|1284|1371|484329|16214|461045|15781|70909|7612|1079|534|285|243|39985|5448|0|210|8545|2699|360|327|6214|2635|10950|2660|502|431|51|83|2279|1148|0|210|659|579|328409|14387|1190|702|1444|769|15895|3841|63402|6619|49196|7540|188993|10189|4566|2349|3433|884|290|346|61727|7861|2605|1302|865|774|7484|1902|3990|2443|14866|3379|3764|1254|883|554|4200|1324|735|602|21435|4994|900|806|23284|3386|22598|3185|686|884
0300000US7|6088132|69276|274068|11446|69163|5108|2156|1366|4770|1124|2224|859|3258|1180|55632|4899|24134|3883|26062|3082|5436|1575|1123|524|80396|6131|2780|808|1642|630|15107|2795|50955|4269|8337|2447|1437|571|138|117|25279|3534|4103|1159|6901|1687|1482|687|95|125|12653|2881|140|205|98765|8417|2634|1528|1661|966|5841|2015|2841|980|3919|2824|4905|1228|2511|1019|908|654|1866|1019|1209|750|1114|913|8412|1881|9903|2283|21328|4311|3876|1769|21201|4145|4636|1390|465|522|1471092|20517|267505|11644|178250|10043|135189|9480|12511|2759|30550|3464|20954|3035|67705|4555|596|423|634491|20485|27854|8045|27259|4557|2299|2006|408011|14017|44358|6220|4641|2137|34413|5260|76877|9350|4545|1492|1500|706|2734|1508|461508|15363|16000|3792|10560|2726|6409|1766|15141|2827|8998|2186|142496|8428|4130|1593|18948|2896|238826|15271|0|210|102796|8061|468|458|1975|959|230|186|21598|4956|6287|2173|11882|3280|6089|2054|14821|2485|7516|2424|7384|2209|14565|3481|6626|2131|457|369|2898|1224|4792|1324|351777|21042|92805|9922|9803|3772|32581|6834|27758|5742|2575|1674|3929|1412|4547|1781|4209|1595|7403|2718|30314|7040|13561|3797|7117|3708|7823|3013|1813|1117|35454|5695|4309|2214|16921|4047|6933|2399|5394|2369|1897|972|15537|2914|14293|2691|1244|1107|165185|13389|0|210|24671|7040|2490|1247|4724|1741|119370|10574|1564|572|2518|1266|1961|1291|7887|2812|12482|3516|30975|6564|10724|1967|8143|1834|2581|905|794|449|7074|2296|4541|2392|7842|5842|3960220|53239|3895737|52452|196807|16144|1682|929|757|586|110936|12355|1893|926|21513|4153|1700|1883|10542|2795|23349|5113|1936|1052|554|360|15454|3320|2488|1475|4003|1680|3349512|45699|3345|1234|8409|2170|247667|16342|130848|13373|260535|18114|2641292|45633|45968|7440|10838|2242|610|457|349418|19086|17254|3871|5118|1898|46630|8285|8579|2612|82614|9593|16631|3834|5210|1668|34611|5949|2682|1022|128602|13575|1487|673|64483|7023|64076|7062|407|331
0300000US8|2836198|38432|271016|11688|72113|4311|2649|904|6118|1438|1399|528|3491|1126|57278|3826|23991|2622|29258|2865|4029|1143|1178|512|74524|5401|3426|1109|2941|1658|11134|2115|45496|3569|7371|1267|4077|1272|79|92|20302|2756|2918|931|9263|1677|2104|873|461|380|5985|1575|32|53|103966|8784|3896|2710|3626|1769|9346|2776|4792|1306|1799|901|5199|1725|4672|1412|1052|616|1138|635|1575|702|468|382|12660|2599|10937|2708|20182|2671|2252|799|14323|2911|6049|1845|111|138|670880|15843|169628|7508|96428|6677|73991|6117|6292|1317|16145|2638|20865|2845|49408|4495|2927|2035|170239|12626|12416|3591|4654|1673|1877|1817|104355|10611|19191|3500|3022|1072|8734|2447|7547|2805|3504|1489|2422|1171|2517|1364|277975|12892|6286|3616|6529|2242|8914|2040|5112|1412|6002|1999|164895|10552|2168|772|17474|2814|60562|7505|33|55|51821|5350|1305|797|384|306|908|667|16430|3529|6934|2123|5825|2809|1833|766|4160|1175|1675|752|3604|1700|6191|1904|1683|867|46|87|843|801|1217|723|141780|14102|61024|8532|2750|1480|21420|4229|9679|3906|6006|2132|2956|2479|6136|4729|1889|1264|10188|4092|12782|3872|5319|2587|3531|1980|3455|1777|477|488|18240|4055|2253|1198|4155|1373|4509|1590|3269|1711|4054|1823|11150|2649|10809|2643|341|294|27435|5313|111|111|8068|2767|1594|1509|1852|1141|12119|3462|357|326|2091|2252|755|713|488|479|11149|5016|29653|3765|12760|2146|7754|1484|5006|1358|640|494|673|472|3438|1659|12142|2551|1722869|30673|1632291|30053|69113|7826|708|322|1302|726|41467|6367|186|190|9216|2805|0|210|3357|1116|8654|2859|44|74|38|64|3256|1035|383|471|502|420|1390752|29277|2756|1575|4635|1492|61740|6476|55535|6822|18366|4324|1229458|27483|12770|3899|4540|1224|952|1039|172426|12657|9625|1879|4515|1715|22357|4223|13040|3597|39526|6054|7199|1889|1258|668|34960|6559|2064|1135|36485|5385|1397|674|90578|6069|90271|6071|307|216
0300000US9|12570888|66416|914362|19480|205261|6714|7194|1622|18361|2205|5533|1168|11678|1906|158266|6325|73481|3816|74814|5162|9971|1570|4229|1144|200225|7869|8230|1670|6899|1361|49075|5315|103751|5733|22278|2528|9401|1634|591|308|90118|5619|13100|2154|33998|3280|25705|3428|7059|2045|16705|2396|610|344|416072|14305|2448|1290|15753|2749|13771|3449|12744|2896|5907|1572|11772|1889|11002|2103|4899|1335|3019|1009|15485|3293|1183|517|27267|3045|31960|3737|113398|7316|4900|1241|116359|9017|24205|3133|2686|998|5222651|35498|1703680|26312|1155650|20729|826596|18532|119402|6337|209652|9242|146795|8933|388451|15655|12784|4711|1178987|26405|87713|9532|25732|5476|1039|725|714976|22131|219517|11512|11926|2218|27752|5810|59140|6857|15291|3093|8685|2086|7216|2156|1975688|28865|32711|4674|64211|6617|38020|3920|52685|5512|23746|3197|1046820|23799|15276|2421|86510|6625|615456|20096|253|193|346262|16817|92323|8418|8267|2697|5555|2207|55158|8219|38580|5569|17113|3097|7956|2532|36032|4290|11048|2605|27887|4773|29649|4032|4010|1522|7760|2553|4924|1755|18034|3197|303619|15267|114607|7508|10191|3087|46752|5441|25542|3729|10337|3157|4628|1606|5948|1926|4085|1384|7124|1750|11635|2357|5456|1986|1553|1045|2618|885|2008|1026|78877|9217|5395|1874|46052|5875|11132|3251|11083|4132|5215|1836|24704|3531|23598|3099|1106|1328|68170|7846|250|251|10705|2230|1600|772|3616|1870|39691|6931|2492|882|3486|1440|1121|838|5209|1722|5626|2383|148188|9016|42916|3235|30716|2769|12200|1961|36527|4350|12504|3508|14706|3082|41535|5103|5982068|50233|5787466|48472|88914|6116|878|593|1408|601|32730|3667|336|544|11894|3009|1090|930|8853|2230|19199|2660|582|524|752|595|6280|2395|1625|947|3287|1205|5290411|46552|16938|3016|16001|2714|467159|20315|360260|17848|88302|9768|4241629|40978|85750|8912|12516|2681|1856|1086|408141|18574|35469|3732|14394|3767|73708|6686|24399|4135|99712|10816|32105|5100|5135|1557|85160|7798|3622|905|31473|4823|2964|1176|194602|8134|193052|8171|1550|967
03000A0US1|2173913|32200|389812|12152|74019|4449|1099|550|16319|2221|2190|788|3908|918|48825|3795|22877|2874|21771|2538|4177|1003|1678|776|44931|3939|988|414|2585|815|11764|2112|23474|2404|3398|1126|2722|826|0|210|123701|7392|12450|2405|31207|3551|72442|5300|11905|2208|7552|1898|50|83|146804|9621|18946|4155|3613|1352|5323|2207|3945|1636|1558|984|3029|1107|2442|878|578|393|2270|952|2069|1112|1608|1026|36618|3964|6855|1722|27032|4517|1784|1108|19311|3464|9823|2403|357|343|587265|10746|198809|8447|157732|8278|132676|7407|11971|2051|13085|2213|11738|2003|28900|3951|439|422|207256|11296|5607|2772|11921|3609|938|705|136964|10614|12813|2574|3708|2254|11515|3205|16627|3754|4034|1664|2444|987|685|503|124056|8626|1604|875|24320|4075|3989|1119|7636|2339|2518|842|29600|3975|1889|588|7636|1653|44864|4525|0|210|56278|6219|2244|1102|1271|677|1184|673|6155|2211|6491|2079|1778|742|1242|858|14724|3314|2787|1309|5434|1694|10253|2363|654|409|1261|1630|800|487|866|554|178705|9740|40180|5298|630|547|8536|2071|10891|2911|1475|780|2178|1190|9067|3337|1436|716|5967|2017|17661|3292|2456|1221|4966|1950|6696|2504|3543|1307|28511|4633|2082|1046|8605|1885|14153|3956|2124|1682|1547|1032|6084|1452|5919|1410|165|208|81468|7406|29385|4372|17485|3086|1354|1060|6417|2123|18578|3276|1948|1107|4066|2467|242|295|1993|868|4801|1676|7727|1615|6601|1404|5260|1359|1341|470|212|201|0|210|0|210|914|672|1010404|25139|949780|24890|369153|17291|664|415|5575|1982|9757|2583|3388|1365|174865|12635|453|624|91909|8792|65290|5896|2448|1032|504|493|10265|3118|714|783|3321|1207|210369|14344|1496|1269|4728|1939|47846|7435|70400|7732|27818|6743|42225|5717|11046|6237|2038|1032|2772|2050|370258|17300|8434|2313|4319|1756|167254|14171|8954|2370|61588|7544|61443|7416|7493|2587|29412|5741|3241|1310|16033|3260|2087|1140|60624|4275|60061|4224|563|416
03000A0US2|7782008|52322|1132269|23034|156977|8816|3131|1088|38998|5028|3216|1154|5257|1302|104309|7203|51885|4414|45267|4370|7157|1614|2066|656|137071|7963|8398|2061|6422|1407|36605|4195|66280|5857|9752|1651|9220|1396|394|336|231453|10417|42336|4623|119322|6230|39161|4243|169|139|28813|4276|1821|975|604204|19116|38769|6056|28303|6105|14640|3619|8415|2075|8732|2018|14440|2369|15438|2403|4011|1110|6720|2534|8118|1720|11880|3719|106828|7753|24704|2798|96331|6812|9394|2827|134156|9497|73325|9886|2564|1115|2405069|23751|892468|17700|669231|16270|556880|15068|58322|5947|54029|5168|41913|4454|180431|9601|893|1003|937235|19331|10883|3402|165493|10742|11513|2907|520839|16902|27973|3988|11923|2334|25817|3833|100322|8919|12706|2815|42263|5818|7503|2033|352920|12628|18078|2847|9299|2117|12204|3495|5072|1399|16888|2717|192778|10132|5723|1563|19247|2907|73419|5834|212|258|212903|10738|3761|1392|7006|1948|18406|3939|11222|3018|38616|4553|12128|2625|3456|1018|16415|2550|8444|2808|19291|3500|44124|4394|3792|1288|20443|5335|5799|1843|9543|2400|445445|20766|48757|5719|1546|879|10541|2611|16098|3611|2723|1252|3708|1331|3168|1371|2706|1131|8267|2774|18447|4760|6171|3179|1658|792|3642|2059|6976|2862|114641|10729|12090|3221|67187|8232|22784|4386|8832|3006|3748|1937|14307|2436|13068|2383|1239|699|231114|17256|262|217|69320|9889|5705|2363|24102|5955|72910|7539|8239|2702|8683|2757|7693|2885|34200|7422|18179|3849|22127|3202|20291|3119|17294|2920|2997|1025|266|253|177|269|144|238|1249|759|3777098|37858|3687001|37487|1615956|33562|2601|1069|27155|4243|70691|6218|15117|3359|801964|25961|19756|3736|209136|12025|300557|13177|13268|4039|17597|4008|109610|9350|9981|2661|18523|2568|933356|29593|8513|2363|27117|5341|179528|13908|167263|14938|104884|11321|403058|16605|22982|4674|19393|3191|618|463|1137689|28303|33103|3639|10777|3344|111674|10583|20543|3548|245047|14166|302526|16879|187481|12061|146122|11841|12560|2856|53434|7889|14422|2662|90097|7062|89610|7000|487|353
03000A0US3|3929469|45360|659108|19839|76032|5452|1746|758|10380|2054|1107|596|3467|1997|57635|4130|23778|2732|29835|3611|4022|894|1697|608|90398|5234|4780|1303|1811|733|12217|1699|59492|4561|8451|1598|3492|1425|155|146|59160|4667|15934|2544|32030|3032|1474|777|0|210|8533|2142|1189|536|431243|18281|22711|4300|9876|2479|16228|3051|19578|4082|6579|1495|8141|1512|6785|1501|2915|1115|11905|3118|6185|1661|10508|1994|141138|8858|31115|3856|37139|4775|9363|2311|67681|7639|23396|2976|2275|1308|1445525|18349|316435|11276|195470|9170|163000|9020|11248|1837|21222|2619|33048|3970|82588|6346|5329|1740|558486|16756|12646|4409|35848|5138|12641|2879|372747|14424|22872|3332|3409|1619|20787|4421|59995|6861|5999|1669|6291|2453|5251|1883|322799|11834|34631|6327|8772|2436|5759|1507|23271|3064|9698|3034|155629|8081|1801|632|28465|3577|54651|5286|122|146|235144|13266|1245|778|1781|582|1823|990|74551|7631|9156|1887|21219|4268|4990|1529|35674|4462|12738|3649|23260|7025|12040|2328|2585|1038|31419|4895|2663|1150|12661|2627|300584|19277|75055|6954|3326|1463|16380|3101|11552|2542|17219|4485|7594|2822|4255|1972|3360|1325|11369|2903|28363|5922|7390|2469|5912|2355|12470|4203|2591|1301|48462|6582|9440|3560|17239|4167|11796|3686|6386|2423|3601|1293|12104|2567|11845|2501|259|240|127630|12791|34|60|29905|5283|3201|1639|6003|1801|62056|9546|5838|3022|2445|1128|4212|2211|13936|4088|8970|3941|13822|2587|11739|2132|8502|1843|3237|1090|396|501|1103|1060|276|304|308|257|1510430|25556|1430338|23268|99667|9269|1734|1174|876|499|23571|3606|370|325|18170|3661|1202|1005|24736|6621|22011|3356|369|355|584|403|4311|1541|155|197|1578|692|1127548|21569|8202|2620|4103|1306|34947|4824|63804|6621|52850|6823|943581|21618|13700|3462|6247|1949|114|189|203123|12269|12679|2831|2793|1460|28511|3616|10216|3837|47542|6098|28539|7224|1569|611|19066|3957|1184|611|48696|8409|2328|1047|80092|6046|79679|6005|413|261
03000A0US4|1321508|22303|131765|7919|24059|2625|292|237|2615|1024|609|352|1146|527|18745|2712|8187|1930|9370|1646|1188|514|652|516|25632|2784|1077|699|743|685|3792|1018|16626|2254|2257|765|1099|389|38|62|9289|1714|1583|666|4054|1185|441|280|68|98|3111|942|100|168|72110|6630|1057|816|2007|783|18020|3989|2329|830|1691|838|1355|647|908|564|1371|751|260|227|1932|1024|109|136|4693|1395|3488|1621|14899|2818|512|340|13656|2517|3823|1571|675|852|441987|10208|96320|5367|57701|4374|47769|3824|2884|1249|7048|1726|10654|2561|27739|3178|226|253|134340|8982|10543|4565|4754|1613|2531|1094|86903|6630|6039|1775|1338|602|9349|2557|5891|1561|4117|1430|1291|758|1584|634|185063|8546|19574|3180|6137|1780|2964|1059|25165|2814|4392|1929|39388|4078|1460|678|30926|3885|55057|5651|0|210|24644|5091|156|206|411|384|270|274|6708|2398|610|365|2641|1308|950|541|1966|912|2322|1405|1698|1485|3562|1807|679|448|1796|1306|875|515|1620|779|258730|13466|129339|10900|6137|2255|35238|5088|31210|5479|38847|6353|3077|2108|2265|1562|937|693|11628|3556|23672|4415|9471|3017|5820|3222|8269|2357|112|122|16949|3483|1509|1262|3984|1533|2796|1156|7659|2696|1001|880|8343|2568|7908|2517|435|372|75207|7893|0|210|11902|2651|2773|1499|28847|5571|17642|2571|2640|1939|1192|786|6321|2578|3890|1583|5220|2049|9856|2111|3874|1037|2987|988|887|473|30|53|476|599|4157|1542|1319|647|479170|12025|455344|11514|39296|6032|857|845|248|284|16189|3839|0|210|7238|2491|195|303|6356|2747|5444|1307|230|268|205|184|2146|1700|18|37|170|152|364097|10844|1061|689|2953|1657|38860|6239|39115|4425|20472|4250|253069|10188|6564|2554|1861|743|142|196|51951|4961|2861|1236|1576|1086|7087|1589|1519|568|13268|2681|8190|2239|3289|1216|5576|1410|379|328|6351|1947|1855|986|23826|2656|23735|2683|91|144
03000A0US5|9917382|68105|909309|24741|212521|9254|5764|1501|17398|2557|3987|1255|9517|1992|169216|8289|74434|4916|82309|5508|12473|1850|6639|1266|206370|9277|7230|1686|8267|1991|42096|3963|122315|6382|17260|2255|8319|1853|883|711|130208|8373|19079|2670|54043|4637|16711|2969|1041|447|39840|5357|535|406|355650|15688|15250|3137|9460|1550|16995|4115|14242|2774|4592|1094|13080|2406|17424|2678|3729|1221|4732|1420|10693|2467|1888|735|40313|4465|27492|3774|76731|7897|6203|1419|69737|7465|23089|3571|4560|1847|2077358|23322|484352|14958|275172|12429|219343|10334|17677|2315|38152|4315|42206|4357|163553|8581|3421|2354|836802|19033|49656|7487|50569|6385|2675|1464|509333|14897|60198|6323|9697|2152|35420|5739|95316|9649|10363|1888|9103|3189|4472|2060|569522|15952|23732|4416|16968|3373|11028|2001|19762|3332|10906|2611|243011|9743|4557|1115|38489|5345|200990|10253|79|109|176094|11342|2534|1103|3525|1419|3753|1379|19168|4476|25236|3662|13394|3126|8267|2675|20659|2961|12178|2927|20963|4954|33271|3590|5837|1488|3560|1506|3749|1228|10588|2066|707800|24175|198067|13058|14270|3633|98988|10014|33354|5037|8871|4421|9557|2509|11861|3287|4406|1464|16760|4587|69515|9152|40223|6335|7075|3617|12950|3968|9267|3516|101307|8579|4907|1594|45447|6425|31974|5377|12587|2727|6392|2729|40361|5309|39129|5271|1232|493|277424|18287|1300|638|62255|8653|6200|1987|23350|4935|124898|12153|4729|1798|20127|4369|13544|3976|21021|3857|21126|4863|23788|3427|16404|2145|12441|2218|3963|1034|783|522|419|356|3986|2191|2196|819|6199127|56322|6007763|56462|2260005|38008|27215|3949|14206|3017|1099892|21422|9001|2393|208351|13786|6346|1991|411981|19064|355710|18398|7919|2526|5591|1778|83663|8817|6333|2296|23797|3413|2109815|35275|6246|1401|35066|4708|393311|17918|286338|17811|298803|17217|877946|24571|170551|13148|41188|5173|366|335|1637943|34729|93411|7585|45562|6495|240561|13270|45160|5448|442038|17004|78157|8032|65472|6983|168704|11232|20623|3783|424894|23761|13361|3050|191364|9736|188518|9584|2846|881
03000A0US6|883467|22067|87512|6029|18979|2661|414|483|1680|955|553|388|863|463|14737|2368|5810|1990|7741|1834|1186|580|732|491|26974|2578|517|306|1065|757|2875|925|20433|2274|1662|829|422|298|0|210|6334|1770|1019|526|2378|1123|735|570|50|84|2202|1124|0|210|34915|4262|607|421|658|463|3712|1615|993|736|761|487|803|482|848|514|408|327|373|244|199|189|358|499|2019|746|4065|1540|6845|1583|989|764|8825|2343|2452|976|310|341|232391|6955|66535|4880|35143|4116|32249|3837|1416|570|1478|584|7969|1613|23316|3024|107|147|76489|6040|1045|987|6040|2123|1774|1248|47502|4255|6278|1709|306|300|5681|2009|5489|1584|1471|946|848|589|55|94|65636|4675|5436|2022|3527|1519|1724|702|5919|1561|2916|1101|22989|3070|801|697|3383|1171|18856|2287|85|118|22401|4095|97|156|420|407|59|98|4159|1587|1331|885|2410|941|1021|852|1549|891|1994|1191|910|711|2892|1146|473|275|4528|2428|558|501|1330|982|89490|10496|29202|8334|816|655|6948|4578|7777|3647|3766|3277|2655|2122|1585|1031|1281|838|4374|2128|10586|3943|668|545|5285|3405|4458|2198|175|238|21138|3923|59|98|15074|3724|2962|1352|1884|1152|1159|880|3731|1134|3682|1134|49|87|22439|4461|0|210|6522|2658|470|434|1325|902|7884|2453|774|929|687|681|535|467|4242|2298|2394|1367|6770|2344|4034|1115|2993|1010|1041|594|17|32|0|210|1435|1579|1284|1371|467304|15590|445356|15121|69621|7453|1079|534|238|222|38927|5339|0|210|8500|2694|360|327|6214|2635|10905|2670|502|431|51|83|2186|1107|0|210|659|579|315340|13723|853|514|1329|742|15642|3779|61678|6696|48614|7529|179207|9693|4566|2349|3161|860|290|346|60395|7611|2592|1301|828|778|7153|1846|3990|2443|14374|3340|3719|1244|883|554|4200|1324|735|602|21178|4951|743|762|21948|3293|21262|3082|686|884
03000A0US7|5943730|68817|268396|11426|67646|5000|2094|1367|4644|1112|2224|859|3192|1179|54369|4817|23856|3886|25168|2939|5345|1557|1123|524|77446|6086|2780|808|1498|628|15046|2805|48300|4142|8262|2436|1422|570|138|117|25227|3534|4103|1159|6874|1684|1482|687|95|125|12628|2883|140|205|97612|8305|2634|1528|1661|966|5803|2004|2841|980|3919|2824|4806|1234|2511|1019|908|654|1866|1019|1209|750|1114|913|8382|1886|9811|2282|20802|4222|3876|1769|20935|4141|4534|1391|465|522|1459087|20277|264967|11630|176217|10072|134009|9528|12461|2761|29747|3482|20748|3008|67406|4485|596|423|632097|20378|27752|8045|27215|4566|2299|2006|406553|13983|44259|6227|4517|2133|34129|5264|76619|9370|4545|1492|1475|706|2734|1508|454770|15400|15855|3793|10255|2741|6334|1765|14325|2884|8998|2186|139010|8322|4130|1593|18339|2848|237524|15200|0|210|102461|8035|468|458|1975|959|230|186|21498|4958|6287|2173|11882|3280|6089|2054|14821|2485|7516|2424|7384|2209|14498|3483|6499|2129|416|380|2898|1224|4792|1324|349628|21099|92592|9918|9803|3772|32553|6836|27758|5742|2575|1674|3882|1413|4547|1781|4126|1581|7348|2703|30303|7042|13561|3797|7117|3708|7823|3013|1802|1116|35068|5684|4309|2214|16736|4032|6933|2399|5394|2369|1696|926|15032|2931|13788|2702|1244|1107|164444|13430|0|210|24584|7040|2445|1240|4583|1723|119243|10587|1264|576|2518|1266|1961|1291|7846|2797|12189|3505|28935|6566|10402|1952|7937|1792|2465|908|794|449|5686|2131|4541|2392|7512|5825|3837684|53021|3776023|52005|194943|16142|1609|922|748|585|109867|12425|1893|926|21185|4188|1700|1883|10542|2795|23227|5113|1922|1053|544|362|15215|3304|2488|1475|4003|1680|3234893|45262|3292|1227|8330|2190|245715|16358|127867|13328|255930|17938|2536729|45416|45829|7447|10591|2234|610|457|346187|19180|17073|3903|5084|1894|46268|8262|8382|2575|81689|9728|16477|3832|5136|1696|33894|5994|2675|1021|128037|13571|1472|672|61661|6940|61262|6984|399|330
03000A0US8|2796023|38532|264854|11784|69633|4378|2401|870|5770|1381|1368|535|3202|1035|55723|3940|23439|2649|28541|2935|3743|1257|1169|512|72465|5386|3426|1109|2941|1658|10864|2136|44066|3524|7064|1176|4025|1269|79|92|19825|2740|2889|929|9041|1705|1950|867|351|333|5913|1576|32|53|102825|8793|3896|2710|3626|1769|9277|2764|4763|1309|1744|856|5164|1729|4507|1420|1052|616|1138|635|1575|702|468|382|12465|2536|10918|2703|19796|2598|2252|799|14135|2893|6049|1845|106|138|665164|15799|168162|7474|95898|6662|73761|6096|6105|1303|16032|2641|20369|2802|48968|4492|2927|2035|169070|12602|12416|3591|4611|1658|1877|1817|104075|10560|18657|3407|2929|1043|8515|2401|7547|2805|3504|1489|2422|1171|2517|1364|275039|12915|6108|3618|6452|2252|8914|2040|5030|1410|5952|2010|162951|10449|2160|768|17019|2826|60420|7534|33|55|51718|5372|1305|797|384|306|908|667|16402|3532|6934|2123|5825|2809|1833|766|4156|1176|1604|753|3604|1700|6191|1904|1683|867|46|87|843|801|1175|722|140096|14119|61006|8530|2750|1480|21402|4225|9679|3906|6006|2132|2956|2479|6136|4729|1889|1264|10188|4092|12782|3872|5319|2587|3531|1980|3455|1777|477|488|18149|4051|2253|1198|4155|1373|4418|1560|3269|1711|4054|1823|10003|2314|9662|2308|341|294|27208|5299|111|111|7936|2746|1594|1509|1797|1168|12079|3453|357|326|2091|2252|755|713|488|479|10948|5089|28770|3710|12108|2034|7550|1446|4558|1269|640|494|648|469|3438|1659|11936|2529|1697139|30515|1609314|30019|68802|7815|708|322|1302|726|41287|6353|186|190|9174|2799|0|210|3274|1101|8648|2859|44|74|38|64|3256|1035|383|471|502|420|1370040|29372|2732|1563|4635|1492|61519|6496|54766|6868|18226|4309|1210145|27580|12624|3913|4441|1208|952|1039|170472|12643|9291|1824|4515|1715|22135|4112|12944|3581|39022|5987|6949|1890|1258|668|34493|6656|2064|1135|36404|5355|1397|674|87825|5947|87542|5959|283|216
03000A0US9|12518782|65621|907511|19462|203172|6635|7194|1622|18361|2205|5472|1176|11508|1916|156408|6271|72899|3755|73578|5068|9931|1564|4229|1144|197818|7742|8230|1670|6899|1361|48647|5307|102121|5708|22197|2527|9140|1609|584|308|89873|5642|13070|2155|33898|3281|25597|3426|7014|2061|16705|2396|603|344|413978|14307|2448|1290|15669|2743|13771|3449|12726|2899|5907|1572|11772|1889|10930|2103|4845|1340|2995|1011|15259|3243|1024|481|27267|3045|31909|3738|113105|7347|4728|1238|115472|8978|24151|3130|2670|993|5209716|35420|1701422|26359|1154392|20834|825523|18685|119277|6311|209592|9235|146434|8965|387812|15677|12784|4711|1178261|26301|87713|9532|25732|5476|1039|725|714532|22038|219517|11512|11926|2218|27752|5810|59041|6860|15232|3112|8610|2082|7167|2141|1966222|28887|32711|4674|63915|6576|37951|3919|52352|5489|23674|3212|1038746|23694|15276|2421|86262|6648|615082|20173|253|193|345777|16861|92323|8418|8124|2693|5555|2207|55133|8220|38580|5569|17113|3097|7956|2532|36032|4290|11027|2599|27887|4773|29354|3991|4009|1521|7760|2553|4924|1755|18034|3197|302098|15222|113821|7519|10191|3087|46547|5420|25534|3723|10103|3159|4628|1606|5948|1926|4085|1384|6785|1762|11635|2357|5456|1986|1553|1045|2618|885|2008|1026|78364|9160|5395|1874|45996|5872|11132|3251|10626|4111|5215|1836|24564|3535|23458|3106|1106|1328|68088|7866|250|251|10705|2230|1600|772|3616|1870|39677|6937|2424|869|3486|1440|1121|838|5209|1722|5626|2383|147643|9015|42695|3200|30597|2745|12098|1970|36527|4350|12482|3508|14627|3097|41312|5075|5951814|49571|5759240|47801|87034|6096|878|593|1408|601|32241|3708|336|544|11542|3011|1090|930|8726|2240|18420|2564|582|524|752|595|6266|2395|1506|883|3287|1205|5265546|46091|16927|3014|16001|2714|466384|20304|359983|17792|88046|9768|4218203|40445|85698|8905|12448|2679|1856|1086|406660|18507|35017|3650|14394|3767|73354|6704|24353|4137|99470|10795|32083|5101|5135|1557|84890|7838|3622|905|31378|4826|2964|1176|192574|8156|191037|8183|1537|966
03000C0US1|2121960|32552|373023|12264|68334|4286|1000|539|15971|2185|2115|782|3495|902|44306|3744|21245|2835|19507|2537|3554|927|1447|692|41535|4004|943|409|2308|806|11305|2076|21455|2390|2960|1055|2564|786|0|210|121070|7304|12235|2358|30075|3467|71373|5469|11734|2189|7337|1869|50|83|141727|9732|18913|4155|3563|1356|5110|2252|3945|1636|1558|984|2872|1096|2334|855|518|387|2045|889|1735|1055|1325|872|34905|3758|6533|1683|26475|4532|1784|1108|18360|3342|9752|2404|357|343|573445|10516|194857|8119|155647|8130|130777|7220|11922|2042|12948|2208|11408|1929|27363|3892|439|422|202510|11167|5528|2774|11308|3418|938|705|134232|10453|12503|2562|3658|2257|10968|3134|16212|3729|4034|1664|2444|987|685|503|120397|8565|1510|806|24320|4075|3954|1119|7452|2319|2433|812|26974|3862|1820|604|7390|1664|44544|4538|0|210|54832|6075|2244|1102|1271|677|1184|673|6155|2211|6491|2079|1657|724|1242|858|14113|3314|2787|1309|4926|1497|10047|2308|654|409|1261|1630|800|487|849|554|174612|9516|39349|5340|630|547|8281|2095|10797|2932|1466|780|2178|1190|9067|3337|1290|701|5640|1943|16151|3094|2408|1204|4768|1878|5511|1988|3464|1296|28116|4616|2082|1046|8279|1877|14099|3949|2124|1682|1532|1032|5853|1400|5688|1354|165|208|80388|7266|29385|4372|16851|3037|1354|1060|6417|2123|18315|3266|1948|1107|4066|2467|242|295|1810|814|4755|1669|6523|1562|5731|1450|4693|1366|1038|374|30|56|0|210|0|210|762|546|994357|25561|939421|24934|365283|17185|664|415|5507|1968|9465|2551|3388|1365|173195|12503|453|624|91453|8741|64051|5779|2303|1021|504|493|10265|3118|714|783|3321|1207|207646|14364|1496|1269|4677|1937|47568|7378|69392|7616|27773|6743|41023|5543|10970|6230|1975|1033|2772|2050|366492|17260|8424|2316|4319|1756|166208|14227|8945|2366|60843|7494|60155|7464|7390|2574|29011|5700|3192|1304|15918|3260|2087|1140|54936|4184|54373|4114|563|416
03000C0US2|7695663|50891|1109710|22944|153150|8841|3131|1088|38341|4910|3109|1145|5096|1283|101461|7259|50693|4426|44043|4403|6725|1572|2012|643|132991|7932|8201|2064|6278|1392|36053|4173|63604|5839|9446|1649|9015|1367|394|336|229225|10460|41852|4592|118162|6176|38651|4218|169|139|28739|4286|1821|975|591780|19001|38101|5884|27746|6108|14484|3561|8133|2092|8663|2018|13789|2336|14925|2324|3966|1114|6688|2534|7783|1741|11880|3719|104599|7663|23593|2762|93649|6962|9247|2849|131652|9442|72882|9837|2564|1115|2387815|23631|885386|17618|663923|16178|552319|15015|58069|5949|53535|5192|41770|4419|178800|9678|893|1003|932789|19155|10883|3402|165100|10766|11513|2907|518215|16748|27973|3988|11568|2423|25312|3881|99948|8931|12676|2822|42098|5864|7503|2033|349588|12596|18078|2847|9294|2117|12056|3503|5053|1397|16849|2717|190317|10094|5656|1565|18869|2946|73204|5852|212|258|210680|10582|3663|1381|7006|1948|18166|3916|10798|3020|38480|4551|12060|2628|3381|1025|16108|2563|8222|2754|19257|3499|43505|4361|3792|1288|20443|5335|5799|1843|9372|2402|441439|20778|48135|5685|1546|879|10541|2611|15692|3581|2723|1252|3645|1327|3130|1382|2706|1131|8152|2767|18101|4757|5869|3190|1658|792|3642|2059|6932|2857|113051|10539|12035|3211|65832|8041|22630|4416|8832|3006|3722|1936|13904|2431|12723|2385|1181|702|230087|17334|262|217|68881|9919|5645|2364|23975|5957|72639|7547|8239|2702|8683|2757|7693|2885|34070|7451|18161|3857|21677|3153|19854|3080|17008|2921|2846|1020|266|253|177|269|144|238|1236|758|3735022|37132|3649301|37129|1599408|33346|2371|1104|27104|4240|69591|6226|14806|3332|794068|25827|19720|3737|207556|11994|296507|13229|13268|4039|17487|3990|108660|9292|9956|2652|18314|2529|923239|29275|8481|2374|27037|5337|178615|13863|165465|14812|103817|11241|397613|16555|22600|4592|18993|3169|618|463|1126654|27855|32449|3567|10381|3292|109911|10576|19978|3473|243180|13949|300800|16921|185773|12091|145547|11891|12190|2844|52269|7894|14176|2609|85721|6944|85234|6885|487|353
03000C0US3|3789504|43974|637976|19748|71535|5283|1735|757|10276|2057|1016|586|3364|1994|53785|4015|22903|2806|27012|3362|3870|892|1359|482|84058|5037|4644|1286|1734|728|11626|1691|54456|4277|8004|1520|3492|1425|102|125|57758|4501|15728|2513|31418|2908|1474|777|0|210|7949|2111|1189|536|422350|18115|22587|4278|9852|2477|16007|3064|19351|4060|6518|1483|7728|1541|6362|1433|2062|628|11774|3137|6185|1661|9855|1801|138445|8865|30479|3848|36280|4761|9354|2312|66532|7766|22979|2993|2275|1308|1410971|18359|307840|11006|192066|9107|160083|8945|11240|1839|20743|2605|30161|3850|80284|6243|5329|1740|547865|16673|12622|4412|35503|5152|12641|2879|365471|14332|22109|3220|3222|1639|20453|4405|58668|6816|5692|1692|6261|2453|5223|1882|311169|11692|34543|6322|8772|2436|5408|1454|21273|2983|9649|3008|150492|8058|1767|631|26681|3415|52462|5051|122|146|231758|13269|1245|778|1692|561|1769|1024|74443|7632|8956|1898|20944|4212|4854|1511|35361|4433|12334|3630|23070|7033|11763|2335|2418|997|30262|4763|2647|1155|12339|2639|294094|18789|73717|6969|3326|1463|16097|3124|10771|2533|17219|4485|7488|2817|4246|1973|3248|1310|11322|2902|27427|5761|7390|2469|5776|2345|11689|4019|2572|1307|47631|6599|9440|3560|16967|4162|11357|3636|6372|2418|3495|1262|11449|2510|11190|2443|259|240|125051|12581|34|60|29341|5268|3201|1639|5953|1794|60142|9224|5838|3022|2394|1120|4212|2211|13936|4088|8819|3956|13172|2553|11089|2076|8051|1831|3038|1049|396|501|1103|1060|276|304|308|257|1433291|24948|1359229|22936|94921|9069|1615|1168|774|483|22302|3541|370|325|17018|3694|1202|1005|23613|6555|21410|3363|369|355|458|336|4222|1554|155|197|1413|687|1067463|21576|8181|2624|4050|1303|30348|4522|59214|6403|50319|6853|896498|21293|12667|3543|6072|1950|114|189|196845|12390|11992|2767|2766|1453|27277|3531|10120|3838|45886|6128|28092|7242|1425|584|18150|3857|1161|607|47727|8126|2249|1040|74062|5750|73649|5715|413|261
03000C0US4|1165417|20500|119774|7188|21842|2567|292|237|2571|1015|602|352|1115|526|16677|2669|7475|1871|8109|1657|1093|494|585|506|21454|2568|1077|699|728|687|3099|845|13383|2048|2079|724|1050|387|38|62|8483|1636|1489|666|3877|1148|376|266|52|93|2641|885|100|168|67320|5908|1057|816|2007|783|17953|3967|2259|831|1555|810|1316|648|751|512|1063|635|238|223|1780|1020|109|136|4502|1366|3468|1621|12417|1954|319|285|12739|2530|3787|1577|675|852|411820|10000|89698|5078|54753|4261|45717|3802|2755|1233|6281|1598|9628|2504|25091|3137|226|253|129890|8977|10093|4554|4667|1606|2531|1094|84289|6616|5953|1771|1338|602|8984|2555|5426|1525|3971|1394|1084|729|1554|633|167422|8289|13783|2778|5892|1682|2795|1005|24395|2817|4380|1928|35867|3996|1112|597|26618|3357|52580|5411|0|210|23341|5097|156|206|340|362|178|199|6563|2397|555|361|2566|1312|950|541|1761|848|2250|1385|1461|1445|3253|1881|637|428|1796|1306|875|515|1469|763|242276|13001|122415|10345|5310|2173|34304|5119|31060|5461|35149|6050|2956|2066|2126|1503|937|693|10573|3556|22665|4537|8852|3090|5816|3222|7885|2363|112|122|15827|3459|1509|1262|3739|1561|2632|1146|7030|2642|917|860|6141|2346|6050|2323|91|128|70302|7575|0|210|9608|2458|2729|1494|28765|5574|15584|2522|2425|1930|1192|786|6114|2569|3885|1585|4926|2031|7493|1902|3562|1012|2714|973|848|471|30|53|476|599|2340|1043|1085|574|384054|10467|363252|9828|31736|5323|825|844|248|284|10689|3071|0|210|6333|2412|195|303|6151|2631|4590|1258|230|268|201|184|2102|1701|18|37|154|150|284200|9441|983|662|2607|1631|31251|5700|27384|4216|16436|3758|199025|8835|4864|2197|1508|660|142|196|47316|5045|2326|1168|1457|1064|6482|1526|1203|541|11909|2591|7681|2185|3215|1214|5073|1382|379|328|6211|1930|1380|878|20802|2451|20790|2451|12|19
03000C0US5|9679459|67063|883960|24123|205420|9157|5664|1491|16900|2459|3683|1142|9190|1960|163473|8196|73067|4882|78584|5429|11822|1854|6510|1267|199680|9067|7120|1685|8240|1991|40995|3719|117450|6245|16867|2191|8125|1857|883|711|127960|8259|18913|2682|52780|4601|16279|2942|1041|447|39453|5324|535|406|346545|15509|15250|3137|9245|1541|16556|4007|13934|2730|4533|1097|12704|2398|17187|2686|3617|1211|4680|1426|9703|2239|1888|735|39143|4431|26889|3737|75109|7839|6104|1369|67687|7408|22316|3393|4355|1833|2043121|22811|476178|14834|271034|12257|215628|10177|17402|2295|38004|4324|41377|4319|160346|8246|3421|2354|828420|18574|49243|7421|50486|6393|2675|1464|503734|14900|59867|6314|9100|2182|35357|5716|94556|9619|9974|1932|8973|3175|4455|2060|556788|16158|23016|4430|16713|3336|10610|2004|18066|3223|10820|2612|237075|9764|4479|1118|37516|5277|198414|10302|79|109|171728|10647|2534|1103|3440|1401|3742|1377|18291|3929|24952|3613|13329|3119|8183|2661|20659|2961|11533|2877|20875|4948|31958|3555|5837|1488|2646|1414|3749|1228|10007|1946|699420|23767|195583|12883|14270|3633|98680|10009|32638|4984|8871|4421|9400|2480|11332|3198|4226|1409|16166|4491|69154|9154|40094|6357|7075|3617|12718|3913|9267|3516|99086|8402|4907|1594|44414|6262|30891|5348|12523|2722|6351|2731|38931|5211|37881|5207|1050|460|276034|18210|1300|638|62039|8710|6200|1987|23287|4933|124429|12117|4729|1798|19941|4341|13188|3888|20921|3848|20632|4798|21828|3069|16158|2113|12290|2186|3868|1030|783|522|419|356|2406|1624|2062|781|6031130|56107|5845185|55929|2233076|37088|26842|3962|14036|3024|1088484|21033|8538|2276|205564|13883|6232|1952|406344|18991|350377|18182|7876|2499|5591|1778|83301|8780|6333|2296|23558|3403|1991384|35014|6182|1391|33853|4854|385811|17795|268298|17662|285539|16914|803131|24319|167606|13088|40598|5197|366|335|1620725|34206|90967|7491|45260|6514|238987|13298|43962|5369|437593|17056|77255|8037|65075|6992|167330|11257|20382|3806|420571|23887|13343|3053|185945|9716|183164|9565|2781|866
03000C0US6|790391|21244|77158|6017|16653|2498|414|483|1680|955|463|373|794|462|12681|2216|4853|1916|7010|1659|818|434|621|446|22222|2456|383|275|1020|761|2206|875|16851|2113|1412|779|350|275|0|210|5648|1697|854|508|2280|1101|485|512|50|84|2029|1114|0|210|32325|4155|607|421|658|463|3673|1613|993|736|695|481|803|482|802|505|161|153|329|236|199|189|280|473|1863|746|3507|1454|6223|1509|753|639|8383|2344|2396|981|310|341|210650|6786|60037|4380|31896|3880|29322|3654|1253|538|1321|548|6843|1379|21191|2825|107|147|71570|5765|1045|987|5513|2087|1774|1248|44287|4161|5956|1630|231|261|5180|1881|5382|1571|1299|943|848|589|55|94|57775|4835|5402|2017|3343|1530|1708|697|4835|1465|2490|1049|19997|2961|736|688|3021|1148|16158|2032|85|118|20073|3894|97|156|420|407|59|98|4078|1575|1311|881|2174|914|1021|852|1549|891|1080|766|910|711|2522|1011|373|277|4000|2348|479|477|1195|958|84203|10693|28450|8276|816|655|6948|4578|7442|3568|3632|3271|2634|2122|1431|1015|1209|785|4338|2127|10534|3945|668|545|5285|3405|4458|2198|123|211|20788|3857|4|8|14971|3713|2770|1350|1884|1152|1159|880|3638|1146|3638|1146|0|210|18399|3580|0|210|4521|1949|470|434|1172|901|6064|1796|774|929|687|681|469|453|4242|2298|2394|1367|5674|2160|3142|1027|2408|944|734|503|0|210|0|210|1351|1573|1181|1365|412706|15095|392635|14690|65152|7047|1079|534|151|188|37254|5383|0|210|6853|2181|360|327|6009|2628|10480|2661|332|322|51|83|2186|1107|0|210|397|447|271161|13432|790|514|1329|742|14005|3699|48547|6009|44240|7420|154684|9431|4367|2337|2909|893|290|346|56322|7624|2423|1284|692|758|6875|1801|3990|2443|13051|3331|3435|1230|822|536|3696|1293|729|603|19971|4942|638|675|20071|3179|19385|3006|686|884
03000C0US7|5742134|67448|258851|11218|64659|4834|2094|1367|4513|1136|2224|859|3126|1174|51579|4688|22965|3769|23574|2870|5040|1597|1123|524|73830|5840|2666|831|1413|660|14865|2765|45350|3847|7997|2428|1401|570|138|117|24428|3493|4103|1159|6500|1543|1451|690|64|110|12269|2905|105|193|95477|8226|2634|1528|1661|966|5657|2033|2462|873|3919|2824|4597|1203|2451|1012|908|654|1734|892|1209|750|1114|913|8132|1896|9710|2298|20449|4135|3836|1761|20733|4167|4271|1403|457|522|1440929|20525|260706|11810|172962|10236|131487|9580|12333|2775|29142|3366|20451|3030|66697|4455|596|423|627070|20516|27506|8056|27023|4551|2299|2006|402514|14023|44181|6212|4515|2133|33977|5266|76301|9402|4545|1492|1475|706|2734|1508|447532|15322|15524|3783|10019|2670|6334|1765|13241|2815|8791|2175|135607|8070|3894|1580|18097|2848|236025|15156|0|210|101052|7895|455|456|1846|960|230|186|21479|4957|5672|2041|11837|3285|5833|1980|14685|2487|7503|2424|7384|2209|14415|3481|6461|2126|416|380|2836|1210|4569|1305|343872|21238|90599|9962|9573|3803|32218|6751|27118|5750|2575|1674|3882|1413|4185|1777|4095|1574|6953|2675|30105|7009|13365|3752|7115|3708|7823|3013|1802|1116|34884|5717|4309|2214|16576|4052|6909|2400|5394|2369|1696|926|14636|2944|13392|2710|1244|1107|161474|13527|0|210|24323|7031|2445|1240|4583|1723|116676|10855|1185|554|2518|1266|1961|1291|7783|2806|12174|3496|27252|6341|9035|1887|7162|1728|1873|725|794|449|5569|2136|4371|2372|7483|5827|3671230|51208|3611776|50196|190595|15877|1403|842|748|585|108252|12347|1718|837|20716|4177|1700|1883|9962|2723|23168|5117|1922|1053|544|362|14795|3230|1664|1205|4003|1680|3080102|44030|3192|1214|7613|2052|240336|16108|123407|13027|252620|17826|2396545|44857|45395|7479|10384|2234|610|457|341079|18746|16393|3851|4834|1819|45122|8206|8274|2554|80067|9638|16241|3843|5125|1695|33472|5833|2660|1021|127419|13564|1472|672|59454|6802|59055|6851|399|330
03000C0US8|2613420|36781|247373|11868|64103|4345|2189|836|5348|1269|1097|478|2956|1005|51404|3935|21093|2525|26653|3097|3658|1247|1109|490|66642|5203|2903|946|2914|1658|10158|2062|41115|3568|6694|1152|2779|793|79|92|17684|2574|2736|914|8020|1602|1690|808|351|333|5206|1530|32|53|98838|8872|3896|2710|3437|1730|9260|2764|4540|1257|1744|856|4941|1677|4424|1418|1052|616|1138|635|1564|700|468|382|11721|2513|10615|2655|18918|2557|1997|822|13221|2709|5902|1861|106|138|641131|15543|160189|7053|90694|6227|70177|5928|6005|1278|14512|2453|19279|2801|47289|4410|2927|2035|164568|12605|12299|3613|4506|1642|1877|1817|101933|10413|18461|3436|2741|992|7451|2275|7490|2805|3454|1477|2019|911|2337|1356|265583|12833|6108|3618|5906|2152|8375|1923|5030|1410|5475|1934|156741|10160|2061|750|16463|2864|59391|7532|33|55|49669|5210|1299|797|384|306|908|667|15987|3470|6934|2123|5428|2727|1677|698|4102|1161|1235|579|3550|1698|6109|1907|1213|778|0|210|843|801|1122|731|138506|14118|60960|8539|2750|1480|21402|4225|9679|3906|6006|2132|2956|2479|6136|4729|1889|1264|10142|4100|12518|3910|5171|2596|3531|1980|3339|1840|477|488|17926|4000|2106|1177|4079|1371|4418|1560|3269|1711|4054|1823|9755|2263|9463|2260|292|279|26667|5278|111|111|7667|2754|1594|1509|1797|1168|11869|3417|357|326|2091|2252|755|713|426|479|10680|5062|26666|3667|10198|1884|6392|1313|3806|1199|640|494|618|465|3438|1659|11772|2529|1559744|29975|1479955|29367|67340|7780|708|322|1302|726|40551|6256|186|190|9113|2804|0|210|3044|1015|8470|2856|44|74|38|64|2999|995|383|471|502|420|1250179|29127|2688|1566|4583|1495|60370|6509|50746|6713|17101|4176|1098127|27245|11423|3847|4189|1185|952|1039|162436|12403|9072|1722|3404|1458|21451|4059|11018|3325|37938|5919|6784|1904|1258|668|32439|6355|2064|1135|35647|5421|1361|651|79789|5877|79627|5876|162|153
03000C0US9|12341668|64134|888840|19374|196828|6724|6827|1590|18106|2177|5244|1159|11129|1895|151485|6207|70930|3789|70822|5007|9733|1596|4037|1126|192682|7540|8030|1659|6819|1382|47744|5302|99230|5694|21821|2503|8454|1580|584|308|88557|5634|13048|2155|33327|3249|25134|3433|6842|2040|16486|2369|562|337|408103|14584|2448|1290|15627|2731|13771|3449|12571|2901|5895|1572|11364|1944|10697|2106|4532|1306|2947|1002|15221|3246|1024|481|26974|3077|31368|3800|112246|7378|4700|1239|113222|8882|23496|3179|2670|993|5161649|35111|1689938|26429|1149501|20821|821993|18731|118841|6281|208667|9236|142184|8569|385644|15671|12609|4673|1174710|26356|87633|9528|25384|5447|1039|725|712362|21951|219081|11516|11926|2218|27666|5798|58872|6871|15098|3053|8610|2082|7039|2156|1934053|28449|32509|4668|63583|6576|37635|3939|51439|5465|23674|3212|1013562|23299|15057|2479|84371|6526|611970|20045|253|193|345266|16888|92273|8415|8124|2693|5514|2206|55133|8220|38485|5560|17056|3072|7956|2532|35921|4277|11027|2599|27853|4769|29257|3988|4009|1521|7734|2553|4924|1755|17682|3171|299470|15151|113040|7528|10149|3087|46260|5379|25175|3719|10103|3159|4628|1606|5936|1928|4004|1389|6785|1762|11575|2350|5456|1986|1493|1038|2618|885|2008|1026|78230|9149|5395|1874|45996|5872|11054|3242|10626|4111|5159|1837|23740|3443|22634|2996|1106|1328|67722|7892|250|251|10692|2228|1597|772|3616|1870|39500|6916|2300|841|3486|1440|1072|835|5209|1722|5163|2313|141128|8559|41264|3159|29534|2649|11730|1984|35990|4345|10012|3232|14142|3040|39720|4864|5850581|47202|5666075|45393|84852|6226|878|593|1408|601|32012|3760|336|544|11174|3065|1090|930|8702|2240|17194|2618|582|524|752|595|6250|2396|1506|883|2968|1200|5183022|44619|16818|3024|16001|2714|463930|20313|353172|17653|87608|9786|4146260|39732|85128|8967|12249|2699|1856|1086|398201|17748|34715|3630|14223|3768|72419|6565|22898|3890|97934|10689|31961|5106|5135|1557|83155|7712|3479|901|29318|4349|2964|1176|184506|8051|183104|8126|1402|946
03000C1US1|719816|18754|85379|6331|12996|1749|123|156|3692|1098|320|260|1102|629|7402|1403|3943|1000|2852|912|607|367|357|310|12108|1946|508|278|899|615|4515|1238|4788|1145|328|250|1070|442|0|210|21401|3544|3297|1120|6482|1491|7999|2295|570|533|3623|1559|0|210|38874|5297|6421|2015|1646|977|1501|1041|1003|847|502|405|872|592|339|278|380|362|830|541|604|956|962|1046|5159|1531|1777|811|8552|3191|669|611|5462|1921|2195|997|0|210|174911|8297|63832|4939|51416|4663|44782|4648|2864|872|3770|1119|3982|1280|8252|1515|182|230|57308|6709|2395|2410|4740|2618|780|651|35317|5049|4268|1611|688|386|3178|1183|3873|1767|1258|844|685|585|126|208|37463|4968|699|627|2987|1476|1110|693|1541|911|748|438|6436|1839|922|372|2165|1053|20855|3872|0|210|15761|3197|429|325|415|445|644|556|1410|921|2778|1317|707|641|670|741|1932|740|1057|686|1827|955|3260|1420|254|288|0|210|378|356|547|500|60871|6759|15137|3361|157|244|4543|1630|2917|1383|1338|781|798|633|2031|1741|318|235|3035|1579|7587|2045|163|209|3116|1497|2868|1282|1440|943|6175|1962|332|283|1925|761|1747|1030|1701|1668|470|327|1932|957|1767|930|165|208|27449|4682|5922|1854|8521|2388|0|210|2889|1588|8263|2647|311|317|1064|812|0|210|479|484|2591|1435|2705|1092|2303|896|2026|853|277|242|0|210|0|210|0|210|402|452|395950|18372|379104|18292|168939|12668|156|189|2948|1755|3013|1640|1611|1126|82560|8229|0|210|35924|6895|33096|4481|967|623|137|176|6010|2562|523|743|1994|1016|82393|9650|1306|1283|1290|594|13448|2677|32535|5952|7721|3063|19342|4406|5991|5005|476|407|284|466|127772|11041|2597|1109|1852|1196|48400|7608|3406|1677|23776|5147|24598|5413|3931|1894|11305|3638|888|537|6210|2130|809|582|16846|2892|16541|2863|305|358
03000C1US2|3986779|33896|521228|18127|59721|5515|1616|848|12876|2674|703|457|2757|1073|41059|4934|24421|3816|15653|3151|985|538|710|389|61438|5773|4627|1718|2752|999|23698|3798|22244|2912|3539|1186|4385|907|193|229|90686|8451|22845|3636|43628|4541|9371|2100|78|93|14432|3527|410|425|307812|15144|24655|5124|12869|2833|6141|2736|2727|1075|3528|1480|5220|1676|6898|1668|1597|652|4762|2408|3942|1095|4939|2866|37425|5521|10087|1983|55300|5969|4380|2086|78854|7011|44488|6874|1571|942|1199570|17279|550775|13218|460042|13757|393708|12664|40939|5461|25395|3493|23284|3479|66720|6736|729|988|379384|13737|5127|2758|129798|9443|3476|1885|125186|7900|9387|2168|7812|2271|14376|3245|41045|5723|3433|1196|34418|5580|5326|1656|160360|10034|14044|2560|4543|1652|6399|2086|1527|1019|11107|2401|73357|6139|2976|1370|12389|2577|33941|4120|77|127|105515|9265|2460|1271|4571|1633|13581|3404|4363|1966|20924|3291|2494|1575|1096|469|7980|2363|4482|2822|6962|1911|13713|2668|1602|698|17995|5222|3292|1325|3536|1452|250054|15983|23367|4224|731|633|5829|1908|6334|2424|2119|1062|1381|656|1170|952|1445|779|4358|1819|11973|4030|3362|2793|1231|645|1977|1534|5403|2740|54015|6740|5691|2197|30256|6214|12611|3527|4308|1835|1149|591|6427|2185|6082|2129|345|431|141654|13452|185|183|46149|8721|4254|2360|10550|4050|36242|5556|6801|2567|3336|1646|6579|2786|27558|7013|12618|3697|14131|2653|12965|2517|11142|2417|1823|868|55|94|177|269|0|210|934|749|2001796|26161|1963184|26115|993104|24933|1657|1015|19892|3501|16832|2508|8897|2384|508956|21890|17216|3613|108514|8492|190500|10849|9873|3707|14999|4161|75685|7512|7129|2305|12954|2575|393530|15739|5487|1844|5129|1296|40991|8622|68528|9131|47185|6693|203802|12341|10150|2958|12013|2449|245|413|576550|18767|12830|2382|3695|1797|50814|7310|7414|2428|100458|9048|169510|11948|144158|10500|47102|6321|3637|1447|28953|5689|7979|2318|38612|4263|38486|4225|126|216
03000C1US3|1735847|29261|196016|11526|26778|3915|765|538|3382|1210|469|407|2053|1913|19764|2918|9094|1686|9477|2382|1193|440|345|257|27883|3665|1093|529|787|456|5598|1387|16348|2474|2334|638|1723|1356|0|210|17320|2533|4396|1272|8287|1712|859|678|0|210|3472|1499|306|249|122919|9088|4395|1351|2356|1072|6365|2488|6190|2578|1796|741|2909|1195|1879|879|554|312|2257|986|915|577|1549|716|38850|4458|11305|2502|13544|3747|1517|583|21635|4901|4903|1289|1116|1037|643395|14169|158853|8234|110672|7351|92962|7319|6590|1456|11120|1859|13796|2645|32327|3721|2058|1245|233497|11236|8943|3185|18362|4255|7155|2258|147558|9471|9059|1925|1497|1316|11157|2812|21745|4749|2258|1292|2420|1104|3343|1618|153102|9962|29635|5957|3243|1601|2894|1185|12886|2174|7405|2808|62378|5909|1136|501|15603|2774|17922|2780|0|210|94316|8200|262|270|533|337|270|239|23752|3687|3916|1195|7109|2334|1529|665|18902|3463|4456|1993|6753|2782|4173|1430|1545|919|20261|4090|855|522|3627|1255|170411|13713|45840|5514|1232|946|9199|2787|5688|1990|15612|4476|6177|2892|912|759|1212|622|5808|2052|16121|4250|3258|1767|3319|1728|7645|3373|1899|1070|24633|5437|6447|3319|9372|3794|4800|1867|2631|1708|1383|784|4564|1461|4383|1422|181|197|74937|8921|0|210|19168|4018|1775|1148|3340|1332|29961|6803|4582|2825|1566|828|2993|2019|11552|3834|4316|2334|4165|1134|3504|1052|2540|996|964|425|64|120|389|412|25|41|183|210|721860|18931|698173|18280|52569|6951|441|631|348|313|12219|3106|280|295|10769|2523|384|460|14078|4892|10433|2724|238|305|229|229|1998|1110|124|189|1028|626|531404|16198|3725|1652|2275|1125|18339|3468|34219|5135|25797|5084|438461|15063|6489|2700|1985|1043|114|189|114200|10831|5314|1861|1690|1366|12170|2155|6394|3493|26972|5816|21005|7184|453|326|9390|3445|159|214|30222|6205|431|335|23687|3018|23493|3018|194|234
03000C1US4|648531|16681|52949|4179|9968|1643|230|217|1588|943|83|100|619|375|6989|1346|2981|949|3590|1082|418|338|459|483|8900|1723|163|170|671|678|2044|737|4636|1018|870|492|516|294|0|210|3672|1097|834|562|1489|534|244|235|52|93|1105|596|0|210|29734|3731|492|587|746|427|4386|1639|993|507|821|615|684|506|601|481|307|315|177|207|900|856|81|132|2412|1082|1476|703|6450|1525|319|285|6707|2207|2182|1283|675|852|223494|9802|43260|4229|26257|3176|21283|2788|1601|1107|3373|1277|4144|1159|12715|2094|144|215|73211|7497|5487|2815|2349|979|1999|966|45239|6253|3821|1611|882|479|4381|1764|3885|1277|3039|1275|1035|715|1094|558|94258|7384|11389|2694|2743|1158|2238|953|11282|2202|3114|1805|17864|3491|517|440|15344|2959|29767|4234|0|210|12195|2867|0|210|134|236|0|210|4139|1748|222|166|701|416|693|491|812|521|1054|891|1323|1437|1520|670|360|341|429|537|808|532|570|503|140536|11319|77806|9780|3832|1985|21174|4979|15170|4269|26170|5545|2241|1950|1101|981|322|399|7796|2835|11997|3741|2379|1005|5029|3125|4483|1945|106|121|9572|2898|255|267|2061|1239|1203|766|5262|2477|791|841|3491|2082|3400|2064|91|128|35069|5324|0|210|5190|1975|2058|1278|13406|3873|6646|1603|2332|1937|143|241|3517|1542|1777|1144|2601|1340|4215|1747|1999|799|1467|715|532|434|0|210|423|591|1353|1018|440|422|227337|8157|217415|7732|16620|3528|791|818|181|262|7255|2628|0|210|2031|1242|0|210|3696|1560|1889|863|66|102|165|174|422|381|18|37|106|141|178131|8288|825|613|1792|1453|19634|4783|19877|4135|9540|2651|121661|7294|4033|2113|627|420|142|196|22664|3468|1290|611|709|767|2841|1060|334|298|6818|1733|4018|1572|1556|768|1827|848|233|291|2115|1053|923|792|9922|1781|9922|1781|0|210
03000C1US5|2734258|36345|292433|13571|68913|5381|1759|846|6728|1812|964|566|3282|1079|53846|4465|25147|2896|25483|2942|3216|1091|2334|900|65006|5090|2420|823|2855|1059|18415|2766|33099|3254|4653|1407|3179|1262|385|427|47367|4783|6625|1586|20741|3241|4902|1617|548|319|14827|2954|272|302|109081|7889|5606|1851|2647|1075|4127|1130|3916|1450|1630|624|3890|1453|5340|1447|1013|583|1383|691|3139|1256|893|536|12430|2440|7861|1485|24768|4740|2365|757|20268|3576|7805|2143|2066|1499|595875|16467|149575|8771|90344|6897|73063|6257|5452|1234|11829|2035|18019|2949|40510|4617|702|500|222822|11485|11663|3757|11428|2461|533|474|141015|8475|21124|3682|2099|885|10421|4414|16729|3365|4509|1398|2073|1216|1228|767|167946|9200|6822|2177|5151|1691|3352|1031|4763|1433|2910|1164|83934|6157|1648|701|10681|3104|48633|5516|52|89|53201|5263|614|541|901|815|2612|1264|3109|1234|8024|1865|3565|1249|1565|766|7243|1506|4450|1813|8239|3314|9569|2144|2026|802|368|283|916|518|2331|952|195043|15401|57569|9490|3424|1514|29037|5759|7921|2439|4169|3909|4087|1715|3068|2380|1578|843|4285|2167|17826|5610|6653|3205|3448|3299|4865|2773|2860|2196|29349|4663|1358|648|10346|2557|8975|2662|6020|1935|2650|2216|13120|2850|12746|2820|374|289|68482|8521|319|291|12344|4037|2827|1245|6480|2256|26216|4659|1546|999|6491|2958|4198|2617|8061|2675|8697|4239|9502|2234|7078|1674|5718|1533|1360|553|417|396|0|210|1360|1231|647|451|1641405|27369|1584355|27118|563453|21065|9623|2742|4133|1582|248242|14640|1759|878|60731|6006|1684|1170|112650|11114|86378|8632|2788|1931|966|854|25051|4579|2047|1655|7401|2905|534519|18487|1378|558|13480|3609|86351|8825|76099|7636|101684|10662|187593|12103|55206|7390|12591|4331|137|218|486383|18601|28360|4045|10407|2724|86687|8899|13062|2893|120583|9556|23565|4576|16180|3863|43831|6427|5095|1682|135968|13340|2645|1116|57050|4785|56615|4829|435|294
03000C1US6|461198|16850|40369|4722|8277|2005|327|400|1185|928|264|294|326|269|5867|1701|2366|1602|3214|1092|287|304|308|321|11010|2049|112|131|258|263|1291|824|8272|1623|1077|697|0|210|0|210|3870|1482|489|496|1694|1058|60|102|0|210|1627|1037|0|210|16902|3032|422|368|524|457|2205|1417|790|708|249|227|235|201|350|299|57|93|138|168|129|152|0|210|591|369|2114|1278|3971|1280|559|605|3069|1223|1499|735|310|341|113390|6132|30475|3718|15190|2500|14290|2398|347|309|553|396|3394|968|11784|2349|107|147|39763|5089|471|593|4091|1896|1761|1249|20818|2907|4035|1230|145|241|4279|1805|2957|1270|697|791|509|543|0|210|31354|3895|4606|1982|2373|1355|230|261|2266|982|1148|774|10743|2233|80|135|1785|1033|8123|1555|0|210|11719|3152|97|156|147|242|59|98|3166|1465|1016|865|1205|617|238|304|860|603|667|607|195|202|1129|841|301|241|2212|1805|427|445|79|125|63878|9915|22588|7930|756|640|5088|4378|4687|3068|3574|3305|2488|2138|1190|1010|977|762|3828|2063|8374|3732|344|376|4925|3408|2982|1785|123|211|15149|3947|4|8|11330|3875|1558|894|1152|881|1105|867|1542|763|1542|763|0|210|13929|3205|0|210|3219|1553|470|434|905|872|3375|1278|758|929|687|681|469|453|4046|2265|2296|1386|2433|1546|1237|513|992|456|245|225|0|210|0|210|83|128|1113|1380|241128|11555|232613|11521|46203|6081|781|524|105|173|30394|4541|0|210|3185|1499|140|250|4442|2490|5163|1754|197|225|51|83|1369|1012|0|210|376|445|154231|10873|315|339|555|462|7445|2749|31355|5172|34328|6694|75772|7839|3106|2206|1302|785|53|89|32179|5767|1437|908|572|717|2871|1369|1539|805|7702|2747|1858|918|378|442|2210|1152|594|563|12456|3972|562|675|8515|1988|7867|1808|648|882
03000C1US7|3078141|44550|127115|7347|30663|3492|1507|1293|2261|882|910|468|1370|717|24167|3045|11270|2261|10889|2010|2008|742|448|327|40199|4219|1397|732|688|585|9650|2520|23246|2447|4434|1451|695|468|89|105|12421|2440|2190|917|3422|1096|407|324|0|210|6297|1794|105|193|43706|4905|603|641|1046|787|2984|1189|1739|790|1469|951|1583|702|995|619|262|211|1323|834|610|441|1077|932|3509|1215|4147|1233|9733|2561|2259|1860|8534|1887|1833|721|126|112|676476|20895|130013|8381|88933|6550|66652|6213|6910|1703|15371|2151|11982|2321|28791|3470|307|337|295074|17320|19701|5936|11789|2396|811|911|184885|12747|24304|4704|1445|882|19111|3808|29524|5562|1998|816|923|496|583|550|196787|11510|7878|2288|4018|1725|3758|1392|5108|1615|4097|1443|58263|5173|2535|1194|9584|2408|101546|9734|0|210|52735|6378|0|210|954|666|151|152|10649|3448|4149|1762|6983|3058|2742|1525|6315|1445|3945|1400|4504|1946|7405|2487|4078|1816|0|210|860|609|1867|870|175909|14352|49187|7987|5865|2044|17233|5282|13500|4040|1117|802|2522|1319|2222|894|1760|1107|4968|2374|19140|6221|8582|3357|4945|3507|4333|2063|1280|1022|18165|5513|2873|2141|8487|3205|3333|1346|2282|1936|1190|813|6089|1645|5621|1589|468|467|77868|8403|0|210|7704|2307|1826|1045|2602|1331|56617|7597|598|374|2010|1210|1374|1021|5137|2237|5460|2106|19491|5906|4191|1269|3287|1022|904|606|486|364|5569|2136|3731|2229|5514|5614|2079150|38582|2057049|38421|99234|8667|931|763|517|456|62407|8206|539|581|7750|2096|159|198|5228|1980|11774|3464|1038|832|146|99|5669|1989|1126|1029|1950|1042|1793353|34506|1027|506|3540|1254|137614|12358|87877|11258|158732|14194|1374848|32085|24127|5944|5335|1527|253|295|164462|14113|7327|1514|1933|1054|24753|6010|3960|1498|39709|6709|7038|2611|2380|1078|14104|3427|1244|670|61494|9114|520|402|22101|2610|21956|2591|145|172
03000C1US8|1494852|31318|130011|8525|33094|3282|1378|717|3029|1065|482|391|1501|753|26314|2980|11533|2077|12856|2202|1925|834|390|275|33883|3554|2010|861|923|534|6279|1508|20301|2543|2771|895|1560|596|39|65|8827|1623|1460|713|3360|889|990|592|334|329|2985|998|32|53|54134|6094|2805|2372|1551|1104|6244|1908|2746|963|832|480|2293|899|2624|1192|386|262|831|564|1007|600|187|216|6078|2018|5618|1733|9631|1869|1118|596|6588|2221|3595|1434|73|127|361998|13395|86457|5392|47611|4523|36593|4306|2903|874|8115|1901|10532|2106|26302|3142|2012|1769|105029|9410|6746|2804|3762|1487|507|510|68981|8583|12485|3268|1888|720|3457|1286|3148|1570|1501|831|1012|626|1542|1220|145095|9880|5194|3573|3033|1227|4053|1423|2592|1064|4223|1701|82810|7240|1304|620|9998|2694|31855|4912|33|55|24521|3370|257|261|174|172|440|468|6186|1880|3678|1605|2804|2299|1189|597|2256|977|950|558|1304|1009|4390|1619|446|277|0|210|447|624|896|723|86873|12942|35575|7159|1511|1061|11519|2504|5638|2832|3333|1193|2227|2382|5708|4668|1074|1041|4565|2227|9842|3470|3530|2283|3439|2016|2634|1771|239|317|9049|2688|1607|1079|2544|1083|1876|1014|1720|1059|1302|859|5572|1552|5489|1548|83|111|19459|5040|0|210|4580|2067|1594|1509|1244|1014|9395|3209|149|160|2002|2242|291|457|204|334|7376|4464|13269|2311|5902|1353|3817|947|2085|812|406|346|397|393|1804|1339|4760|1580|902701|25597|861769|25833|42605|6537|319|235|270|236|27667|5267|81|105|4510|1722|0|210|1916|838|4876|2312|44|74|38|64|1999|860|383|471|502|420|734871|25207|2260|1495|2209|949|35575|5102|31917|6480|10579|3520|642017|23030|6442|2726|2920|1014|952|1039|84293|8584|6054|1399|1719|742|10746|2894|4765|1453|22398|4354|3754|1331|838|588|16247|3863|1410|931|15562|3739|800|558|40932|4346|40881|4360|51|81
03000C1US9|6353051|41990|480831|12734|107346|5456|3605|1100|10767|1895|2314|757|5804|1274|82310|4554|40787|3143|37495|3783|4028|898|2546|949|100970|5686|4486|1167|4160|1015|28823|3613|48473|4286|10614|1427|4181|1044|233|186|48098|3973|6939|1677|20044|2367|10590|2221|2235|1126|10300|1856|225|192|222619|9889|1470|921|8902|1967|5710|1988|7411|1793|3344|1231|5363|1630|5588|1549|2960|942|1721|813|8338|2583|790|443|16666|2213|14000|2221|68375|5744|3386|1099|55644|5795|12951|2631|1798|848|2890843|32030|943771|20038|632372|17202|462664|15686|62826|5214|106882|6493|89802|6889|214294|12030|7303|3312|710162|20638|37007|6364|17958|4491|872|655|443874|18101|143219|10324|5757|1399|9816|2495|32560|5779|10001|2575|4707|1715|4391|1789|1006064|20464|14594|3172|34576|4278|17612|2946|26969|3663|13984|2607|516070|19546|9799|2097|47524|4937|324743|14110|193|182|221279|12817|82020|8493|6332|2378|3649|1643|17709|4103|26841|4739|9894|2454|4757|2246|20618|2895|7371|2536|14489|2835|17885|3169|2560|1190|4153|1852|3001|1557|9567|2390|163096|11729|63433|6415|5792|2239|24284|4288|15080|3040|7061|2443|2130|1311|3307|1497|1303|667|4476|1542|6107|1561|2803|1239|612|448|1356|720|1336|1001|38543|5401|1907|923|21055|2766|5255|1472|7582|3926|2744|1328|14572|2556|14393|2537|179|290|38790|6049|250|251|6777|2054|869|649|2244|1431|21430|5340|1804|841|2319|1303|463|615|2634|987|1651|1065|69160|7020|21190|2310|15826|1885|5364|1454|14470|2793|6174|2478|9237|2879|18089|3958|2749121|32372|2653128|31858|39483|3931|451|413|386|324|15587|2770|336|544|5840|1888|310|366|3223|1153|8530|1627|515|508|226|203|2370|677|426|536|1283|920|2405414|31937|11478|2335|7603|1973|258587|15544|210760|14776|43102|6043|1830931|27598|37354|6296|4546|1592|1053|865|208231|13752|16324|2646|8671|2689|39477|4899|12551|2799|58422|9242|13832|2784|2362|996|38342|4760|1918|773|14784|3230|1548|848|95993|4922|94932|4904|1061|924
03000C2US1|1402144|28442|287644|11396|55338|3927|877|515|12279|1968|1795|739|2393|726|36904|3506|17302|2610|16655|2413|2947|870|1090|588|29427|3437|435|344|1409|580|6790|1529|16667|2057|2632|976|1494|594|0|210|99669|6674|8938|2046|23593|3360|63374|4858|11164|2009|3714|1049|50|83|102853|7482|12492|3548|1917|921|3609|1945|2942|1309|1056|918|2000|837|1995|884|138|129|1215|797|1131|567|363|304|29746|3363|4756|1517|17923|3085|1115|738|12898|2403|7557|2288|357|343|398534|10827|131025|6670|104231|6604|85995|6055|9058|1793|9178|1940|7426|1514|19111|3128|257|352|145202|9618|3133|1767|6568|2031|158|195|98915|9080|8235|2384|2970|2240|7790|2710|12339|3065|2776|1279|1759|934|559|453|82934|6758|811|568|21333|3811|2844|824|5911|2212|1685|724|20538|3358|898|489|5225|1329|23689|3508|0|210|39071|4858|1815|1044|856|533|540|463|4745|2110|3713|1449|950|591|572|419|12181|3045|1730|1061|3099|1146|6787|1803|400|303|1261|1630|422|323|302|214|113741|9056|24212|4237|473|505|3738|1643|7880|2377|128|146|1380|1014|7036|2847|972|632|2605|1306|8564|2259|2245|1196|1652|995|2643|1534|2024|923|21941|4424|1750|959|6354|1908|12352|3981|423|263|1062|968|3921|1094|3921|1094|0|210|52939|6697|23463|4298|8330|2425|1354|1060|3528|1371|10052|2661|1637|1096|3002|2355|242|295|1331|656|2164|1079|3818|1131|3428|1073|2667|952|761|306|30|56|0|210|0|210|360|354|598407|18869|560317|18252|196344|12305|508|344|2559|898|6452|2268|1777|866|90635|9187|453|624|55529|6755|30955|4866|1336|927|367|465|4255|1204|191|213|1327|609|125253|11464|190|197|3387|1875|34120|6591|36857|5573|20052|5843|21681|3358|4979|3136|1499|798|2488|1966|238720|14134|5827|1971|2467|1242|117808|11967|5539|1742|37067|5673|35557|6166|3459|1510|17706|4478|2304|1206|9708|2603|1278|1011|38090|3405|37832|3386|258|221
03000C2US2|3708884|36597|588482|17118|93429|7282|1515|612|25465|4049|2406|1053|2339|661|60402|4873|26272|2950|28390|2880|5740|1444|1302|526|71553|5338|3574|948|3526|1022|12355|2023|41360|4524|5907|1249|4630|1003|201|251|138539|7383|19007|2730|74534|4544|29280|3862|91|108|14307|2387|1411|951|283968|12385|13446|2816|14877|5272|8343|2190|5406|1660|5135|1445|8569|1739|8027|1757|2369|920|1926|707|3841|1211|6941|2068|67174|6167|13506|2257|38349|4614|4867|1803|52798|6404|28394|4843|993|717|1188245|16893|334611|9934|203881|8571|158611|8322|17130|2306|28140|3199|18486|2278|112080|6927|164|177|553405|14222|5756|1709|35302|5478|8037|2045|393029|14184|18586|3094|3756|1302|10936|2466|58903|6694|9243|2422|7680|2376|2177|1083|189228|9317|4034|1483|4751|1804|5657|2373|3526|1181|5742|1872|116960|8388|2680|920|6480|1269|39263|4937|135|227|105165|7917|1203|644|2435|1288|4585|1908|6435|2318|17556|2755|9566|2168|2285|886|8128|1712|3740|1162|12295|2713|29792|4388|2190|962|2448|1302|2507|1015|5836|1882|191385|10377|24768|3928|815|568|4712|1814|9358|2552|604|527|2264|1346|1960|911|1261|718|3794|1675|6128|2230|2507|1395|427|520|1665|1140|1529|735|59036|6878|6344|2596|35576|4769|10019|2921|4524|2344|2573|1802|7477|1468|6641|1341|836|587|88433|8483|77|105|22732|4278|1391|689|13425|3756|36397|4894|1438|1011|5347|2128|1114|736|6512|2308|5543|2096|7546|1668|6889|1603|5866|1509|1023|461|211|231|0|210|144|238|302|215|1733226|27123|1686117|26573|606304|21987|714|414|7212|2267|52759|5934|5909|2398|285112|15591|2504|1172|99042|8784|106007|8659|3395|1416|2488|1342|32975|4476|2827|1181|5360|1448|529709|22268|2994|1414|21908|5007|137624|11142|96937|11094|56632|8287|193811|11208|12450|3738|6980|1874|373|415|550104|19115|19619|2959|6686|2504|59097|8686|12564|2482|142722|9466|131290|12529|41615|5776|98445|9350|8553|2365|23316|4682|6197|1726|47109|5050|46748|5042|361|280
03000C2US3|2053657|33249|441960|15073|44757|4030|970|446|6894|1718|547|324|1311|602|34021|3604|13809|2734|17535|2877|2677|803|1014|441|56175|3542|3551|1191|947|662|6028|1176|38108|3057|5670|1275|1769|674|102|125|40438|4082|11332|2325|23131|2680|615|398|0|210|4477|1448|883|479|299431|14528|18192|3986|7496|2289|9642|2199|13161|3266|4722|1287|4819|961|4483|1253|1508|514|9517|2936|5270|1573|8306|1658|99595|7480|19174|3018|22736|3135|7837|2153|44897|6941|18076|2891|1159|778|767576|17788|148987|9491|81394|5935|67121|5648|4650|1437|9623|1793|16365|2967|47957|5227|3271|1242|314368|14933|3679|2200|17141|4971|5486|1722|217913|11325|13050|2578|1725|1089|9296|3871|36923|5214|3434|1261|3841|2120|1880|899|158067|8020|4908|1397|5529|1724|2514|985|8387|1957|2244|775|88114|5717|631|539|11078|1819|34540|4410|122|146|137442|10634|983|716|1159|528|1499|962|50691|6551|5040|1280|13835|3257|3325|1315|16459|2891|7878|2982|16317|6346|7590|2276|873|421|10001|2742|1792|902|8712|2284|123683|11239|27877|4252|2094|1133|6898|1770|5083|1575|1607|741|1311|763|3334|1861|2036|1184|5514|2187|11306|2964|4132|1444|2457|1445|4044|1768|673|658|22998|4176|2993|1269|7595|1935|6557|3102|3741|1619|2112|1137|6885|2092|6807|2083|78|139|50114|7709|34|60|10173|3292|1426|1040|2613|1181|30181|5933|1256|946|828|715|1219|1070|2384|1096|4503|2974|9007|2359|7585|1972|5511|1790|2074|919|332|498|714|970|251|300|125|116|711431|21588|661056|19847|42352|6123|1174|957|426|403|10083|1962|90|154|6249|2468|818|907|9535|4001|10977|2519|131|219|229|251|2224|1014|31|53|385|270|536059|15756|4456|2048|1775|766|12009|2813|24995|4428|24522|4954|458037|14110|6178|2314|4087|1725|0|210|82645|7794|6678|2354|1076|524|15107|2724|3726|1448|18914|2975|7087|1747|972|451|8760|2229|1002|553|17505|4496|1818|986|50375|4828|50156|4768|219|135
03000C2US4|516886|14692|66825|5640|11874|2293|62|103|983|489|519|316|496|351|9688|2179|4494|1663|4519|1228|675|366|126|124|12554|1775|914|682|57|96|1055|395|8747|1680|1209|596|534|263|38|62|4811|1275|655|346|2388|940|132|136|0|210|1536|686|100|168|37586|4316|565|547|1261|654|13567|3176|1266|691|734|508|632|442|150|143|756|536|61|90|880|596|28|33|2090|849|1992|1488|5967|1487|0|210|6032|1477|1605|898|0|210|188326|7251|46438|4237|28496|3580|24434|3526|1154|481|2908|1064|5484|2291|12376|2197|82|136|56679|5683|4606|2963|2318|1272|532|416|39050|3872|2132|843|456|319|4603|1902|1541|732|932|650|49|85|460|274|73164|4921|2394|945|3149|1338|557|330|13113|1994|1266|484|18003|2697|595|433|11274|2159|22813|3453|0|210|11146|3707|156|206|206|173|178|199|2424|1629|333|266|1865|1281|257|269|949|678|1196|1060|138|137|1733|1788|277|277|1367|1135|67|93|899|573|101740|8658|44609|6051|1478|990|13130|3307|15890|4280|8979|2067|715|548|1025|1147|615|562|2777|2232|10668|3050|6473|2869|787|707|3402|1495|6|13|6255|2059|1254|1229|1678|939|1429|768|1768|1046|126|161|2650|1000|2650|1000|0|210|35233|4683|0|210|4418|1888|671|864|15359|3789|8938|2271|93|127|1049|739|2597|1981|2108|1081|2325|1881|3278|903|1563|707|1247|665|316|234|30|53|53|95|987|334|645|474|156717|7700|145837|7592|15116|3786|34|56|67|110|3434|1828|0|210|4302|2045|195|303|2455|2106|2701|962|164|214|36|60|1680|1647|0|210|48|48|106069|5554|158|235|815|727|11617|2907|7507|1935|6896|2794|77364|5680|831|523|881|464|0|210|24652|3487|1036|905|748|505|3641|1061|869|447|5091|1872|3663|1457|1659|826|3246|1174|146|151|4096|1684|457|434|10880|1673|10868|1672|12|19
03000C2US5|6945201|58006|591527|17279|136507|7247|3905|1114|10172|1896|2719|1054|5908|1472|109627|6790|47920|4103|53101|4479|8606|1576|4176|1062|134674|7176|4700|1315|5385|1454|22580|2650|84351|5865|12214|1819|4946|1433|498|573|80593|6748|12288|2125|32039|3631|11377|2187|493|313|24626|4386|263|227|237464|11312|9644|2637|6598|1259|12429|3775|10018|2255|2903|895|8814|2019|11847|2000|2604|953|3297|1195|6564|1845|995|513|26713|3432|19028|3330|50341|5613|3739|1212|47419|6508|14511|2661|2289|899|1447246|21510|326603|10868|180690|9015|142565|7750|11950|2119|26175|3395|23358|3374|119836|6920|2719|2298|605598|17475|37580|6710|39058|5898|2142|1558|362719|12756|38743|4933|7001|1982|24936|4510|77827|9287|5465|1194|6900|2789|3227|1975|388842|13704|16194|3601|11562|2630|7258|1676|13303|2834|7910|2237|153141|9052|2831|981|26835|4094|149781|9034|27|53|118527|9062|1920|945|2539|1160|1130|619|15182|3684|16928|3231|9764|2705|6618|2513|13416|2626|7083|2013|12636|3890|22389|3290|3811|1289|2278|1431|2833|983|7676|1871|504377|18167|138014|10513|10846|3397|69643|8119|24717|4684|4702|2133|5313|1899|8264|2256|2648|1041|11881|4268|51328|7701|33441|6078|3627|1784|7853|2966|6407|3059|69737|7225|3549|1452|34068|5878|21916|4682|6503|1937|3701|1489|25811|4058|25135|4099|676|450|207552|15815|981|602|49695|7077|3373|1437|16807|4040|98213|11313|3183|1457|13450|3246|8990|2905|12860|2763|11935|2749|12326|2163|9080|1492|6572|1481|2508|842|366|262|419|356|1046|965|1415|724|4389725|46975|4260830|47794|1669623|32756|17219|3034|9903|2317|840242|16823|6779|2055|144833|12380|4548|1620|293694|16540|263999|15349|5088|1518|4625|1479|58250|6776|4286|1771|16157|2807|1456865|32351|4804|1288|20373|3516|299460|14342|192199|15296|183855|14358|615538|20283|112400|10345|28007|3835|229|254|1134342|29288|62607|6830|34853|5895|152300|10468|30900|4371|317010|14310|53690|6819|48895|5599|123499|9520|15287|3353|284603|17426|10698|2693|128895|7964|126549|7828|2346|787
03000C2US6|329193|13465|36789|3989|8376|1310|87|153|495|243|199|209|468|359|6814|1281|2487|810|3796|1120|531|251|313|257|11212|1699|271|228|762|731|915|352|8579|1425|335|251|350|275|0|210|1778|701|365|202|586|317|425|505|50|84|402|299|0|210|15423|3003|185|211|134|141|1468|814|203|215|446|515|568|459|452|353|104|120|191|232|70|116|280|473|1272|657|1393|575|2252|936|194|178|5314|1998|897|673|0|210|97260|5731|29562|3523|16706|2817|15032|2632|906|429|768|396|3449|1054|9407|2130|0|210|31807|3889|574|609|1422|824|13|25|23469|3699|1921|971|86|148|901|799|2425|980|602|523|339|315|55|94|26421|3713|796|668|970|664|1478|705|2569|1339|1342|709|9254|2187|656|683|1236|621|8035|1818|85|118|8354|2480|0|210|273|327|0|210|912|567|295|197|969|711|783|802|689|676|413|386|715|681|1393|803|72|120|1788|1806|52|89|1116|958|20325|3823|5862|2302|60|94|1860|1127|2755|1780|58|99|146|197|241|183|232|215|510|465|2160|1401|324|397|360|428|1476|1246|0|210|5639|2452|0|210|3641|1951|1212|1091|732|894|54|92|2096|822|2096|822|0|210|4470|1598|0|210|1302|966|0|210|267|189|2689|1270|16|28|0|210|0|210|196|239|98|161|3241|1846|1905|905|1416|794|489|449|0|210|0|210|1268|1522|68|123|171578|10842|160022|10493|18949|3707|298|236|46|79|6860|2586|0|210|3668|1509|220|222|1567|973|5317|1922|135|231|0|210|817|517|0|210|21|40|116930|9651|475|370|774|670|6560|2236|17192|4075|9912|2778|78912|7492|1261|723|1607|766|237|332|24143|4901|986|859|120|161|4004|1397|2451|2276|5349|1405|1577|881|444|318|1486|704|135|157|7515|3421|76|97|11556|2223|11518|2209|38|65
03000C2US7|2663993|44554|131736|9545|33996|3714|587|411|2252|880|1314|758|1756|990|27412|3691|11695|2556|12685|2169|3032|1267|675|437|33631|4567|1269|590|725|288|5215|1441|22104|3384|3563|1873|706|358|49|85|12007|2737|1913|747|3078|1161|1044|625|64|110|5972|2182|0|210|51771|6637|2031|1363|615|547|2673|1484|723|436|2450|2592|3014|1000|1456|825|646|638|411|420|599|580|37|64|4623|1639|5563|1831|10716|2557|1577|996|12199|3899|2438|1014|331|515|764453|20353|130693|9081|84029|8038|64835|7043|5423|1933|13771|2431|8469|1836|37906|4347|289|252|331996|13178|7805|4383|15234|4028|1488|1804|217629|10549|19877|3620|3070|1917|14866|3397|46777|6255|2547|1305|552|490|2151|1345|250745|13876|7646|2867|6001|2080|2576|989|8133|2378|4694|1579|77344|6759|1359|910|8513|1385|134479|12645|0|210|48317|6608|455|456|892|622|79|132|10830|3885|1523|653|4854|1747|3091|1333|8370|1798|3558|2184|2880|1693|7010|2501|2383|804|416|380|1976|989|2702|1130|167963|15737|41412|7508|3708|3230|14985|4470|13618|4380|1458|1342|1360|670|1963|1484|2335|1163|1985|1089|10965|3300|4783|1855|2170|1769|3490|2130|522|440|16719|3873|1436|913|8089|2498|3576|2211|3112|1582|506|340|8547|2270|7771|2095|776|993|83606|11055|0|210|16619|6503|619|503|1981|1001|60059|7451|587|395|508|409|587|632|2646|1731|6714|2558|7761|2368|4844|1648|3875|1562|969|600|308|248|0|210|640|701|1969|1489|1592080|34878|1554727|34173|91361|12752|472|361|231|271|45845|9016|1179|713|12966|3671|1541|1870|4734|1916|11394|2993|884|644|398|342|9126|2541|538|650|2053|1117|1286749|30144|2165|1093|4073|1355|102722|9364|35530|5909|93888|11803|1021697|27616|21268|4387|5049|1459|357|365|176617|13362|9066|3199|2901|1420|20369|4796|4314|1980|40358|6241|9203|3196|2745|1259|19368|4574|1416|926|65925|10251|952|550|37353|6058|37099|6120|254|286
03000C2US8|1118568|24771|117362|6580|31009|2884|811|365|2319|921|615|299|1455|511|25090|2586|9560|1563|13797|2145|1733|966|719|423|32759|3347|893|458|1991|1317|3879|1259|20814|2456|3923|946|1219|481|40|67|8857|1809|1276|523|4660|1249|700|473|17|29|2221|1254|0|210|44704|5254|1091|1029|1886|1298|3016|1636|1794|738|912|710|2648|1332|1800|925|666|557|307|329|557|392|281|329|5643|1389|4997|1783|9287|2083|879|629|6633|1609|2307|1319|33|55|279133|12036|73732|5477|43083|4017|33584|4117|3102|921|6397|1402|8747|1785|20987|3482|915|935|59539|6814|5553|2286|744|545|1370|1560|32952|4785|5976|1570|853|675|3994|1620|4342|2353|1953|1172|1007|704|795|554|120488|9306|914|855|2873|1825|4322|1462|2438|988|1252|716|73931|7508|757|407|6465|1669|27536|4886|0|210|25148|3999|1042|773|210|248|468|427|9801|2855|3256|1256|2624|1665|488|314|1846|725|285|240|2246|1108|1719|945|767|749|0|210|396|510|226|154|51633|7400|25385|5632|1239|1101|9883|2972|4041|2498|2673|1842|729|515|428|385|815|803|5577|3659|2676|1719|1641|1278|92|148|705|667|238|319|8877|2936|499|500|1535|787|2542|995|1549|1225|2752|1757|4183|1232|3974|1217|209|264|7208|2568|111|111|3087|1957|0|210|553|574|2474|1352|208|289|89|141|464|545|222|343|3304|2569|13397|2413|4296|1117|2575|907|1721|787|234|391|221|251|1634|1048|7012|1591|657043|20592|618186|20367|24735|4568|389|241|1032|696|12884|3851|105|154|4603|2148|0|210|1128|678|3594|1283|0|210|0|210|1000|457|0|210|0|210|515308|19266|428|337|2374|1296|24795|5264|18829|3983|6522|2225|456110|16628|4981|2529|1269|743|0|210|78143|9188|3018|1266|1685|1263|10705|2808|6253|2746|15540|3675|3030|1274|420|317|16192|4773|654|560|20085|4178|561|383|38857|3817|38746|3817|111|132
03000C2US9|5988617|46471|408009|16104|89482|5196|3222|1082|7339|1400|2930|964|5325|1238|69175|4746|30143|3133|33327|3369|5705|1224|1491|586|91712|5980|3544|1199|2659|812|18921|3387|50757|3899|11207|1885|4273|1227|351|258|40459|3622|6109|1739|13283|2428|14544|2600|4607|1562|6186|1416|337|258|185484|12205|978|937|6725|1929|8061|2592|5160|2060|2551|943|6001|1310|5109|1387|1572|987|1226|565|6883|1730|234|233|10308|2342|17368|2859|43871|5944|1314|697|57578|7389|10545|2063|872|463|2270806|26825|746167|15569|517129|13659|359329|11307|56015|4601|101785|6246|52382|4325|171350|9005|5306|2982|464548|16424|50626|7470|7426|2518|167|275|268488|12919|75862|6433|6169|1737|17850|4598|26312|4066|5097|1827|3903|1218|2648|1117|927989|24578|17915|3206|29007|4449|20023|3066|24470|3740|9690|1733|497492|16591|5258|1266|36847|4207|287227|12466|60|75|123987|10418|10253|2432|1792|1038|1865|1436|37424|6896|11644|2658|7162|1864|3199|1119|15303|3038|3656|1283|13364|3732|11372|2713|1449|652|3581|2141|1923|642|8115|1950|136374|9807|49607|5728|4357|1952|21976|4359|10095|2492|3042|2037|2498|1121|2629|1423|2701|1178|2309|770|5468|1950|2653|1360|881|937|1262|699|672|562|39687|6807|3488|1603|24941|4711|5799|3142|3044|1620|2415|1402|9168|1994|8241|1502|927|1300|28932|4026|0|210|3915|1350|728|426|1372|863|18070|3648|496|302|1167|710|609|563|2575|1472|3512|1975|71968|6443|20074|2658|13708|1997|6366|1594|21520|3387|3838|2433|4905|2036|21631|4002|3101460|38632|3012947|37115|45369|5129|427|438|1022|529|16425|2448|0|210|5334|2052|780|873|5479|2098|8664|1993|67|114|526|568|3880|2410|1080|709|1685|697|2777608|35490|5340|1790|8398|1964|205343|11625|142412|12113|44506|7506|2315329|31809|47774|6086|7703|2215|803|692|189970|12968|18391|2765|5552|1840|32942|4436|10347|2443|39512|6127|18129|3490|2773|1058|44813|6385|1561|721|14534|3078|1416|903|88513|5751|88172|5752|341|273
03000H0US2|104031|5917|29765|3605|5215|914|11|19|810|465|190|132|264|168|3621|709|1431|508|1758|495|432|152|319|221|5706|874|220|208|144|135|658|268|3743|721|627|268|314|271|0|210|3013|926|800|458|1513|640|626|481|0|210|74|88|0|210|15818|3060|1087|904|574|540|351|342|282|248|164|115|1472|1029|513|582|45|66|177|206|335|403|0|210|3181|1144|1225|517|2809|1450|147|159|2809|1276|647|346|13|22|21146|1980|8291|1508|5910|1169|4972|1163|253|199|685|533|256|161|2125|748|0|210|5766|1047|0|210|393|341|0|210|3562|841|63|79|355|423|505|229|577|331|146|144|165|148|0|210|4396|1015|0|210|97|89|149|178|19|53|74|68|3326|902|67|108|410|264|254|250|0|210|2522|991|98|160|21|40|240|257|424|476|198|130|68|86|75|92|346|308|222|303|34|57|664|680|0|210|132|188|0|210|171|176|4389|1658|799|410|0|210|0|210|431|340|0|210|111|107|38|72|63|89|156|183|360|164|302|155|0|210|14|25|44|43|1656|1330|55|70|1355|1280|220|203|0|210|26|44|442|345|384|337|58|104|1096|738|0|210|488|408|60|95|127|214|291|331|0|210|0|210|0|210|130|205|36|57|482|305|469|304|318|205|151|212|0|210|0|210|0|210|13|22|48249|3780|42381|3442|17354|3280|247|185|51|91|1336|584|311|292|8205|2323|53|75|1606|1023|4197|1604|0|210|110|125|1004|421|25|45|209|217|12603|1803|39|57|80|116|1015|497|2133|783|1067|631|6856|1662|927|683|486|319|0|210|12424|2149|681|423|440|585|1990|929|688|593|1895|763|1887|789|1832|671|868|451|370|352|1491|933|282|296|5868|1109|5868|1109|0|210
03000H0US3|189352|7984|31652|3313|6771|1461|301|325|258|198|109|108|281|206|5443|1351|1642|507|3558|1247|243|147|379|351|9137|1389|397|205|115|86|780|316|7011|1271|636|262|90|56|108|157|2287|765|301|212|1170|482|0|210|0|210|804|522|12|21|13457|2292|274|160|43|50|232|260|441|413|219|155|471|228|486|273|1007|946|153|136|0|210|780|617|3848|1284|1002|451|1394|480|108|164|2159|864|840|417|0|210|43576|3824|10661|2159|4237|1095|3690|1068|13|18|534|271|3129|1360|3261|944|34|63|12461|2154|24|46|345|307|0|210|8649|1690|810|754|211|199|334|317|1677|646|307|223|30|45|74|64|16048|1798|236|163|46|75|709|517|2288|824|145|140|7825|1331|34|88|2018|855|2747|1088|0|210|4051|1560|0|210|99|109|54|73|391|273|209|235|411|430|136|155|358|310|449|486|262|266|315|225|182|247|1169|890|16|34|355|388|8181|1583|1717|777|0|210|287|255|944|629|0|210|106|172|53|93|151|172|176|176|1051|796|0|210|136|179|896|756|19|34|1332|578|59|104|394|346|589|377|14|24|276|258|903|482|903|482|0|210|2998|813|99|130|612|433|0|210|50|111|1938|742|0|210|51|86|248|318|0|210|180|143|1022|471|999|465|715|366|284|251|0|210|0|210|23|39|0|210|104921|5345|95705|5211|6202|1199|119|144|102|185|1782|638|0|210|1261|593|0|210|1230|604|1328|519|0|210|126|235|89|109|0|210|165|130|80703|4994|160|109|108|86|4762|1708|6143|2035|2744|1085|65002|4415|1335|934|449|347|0|210|8800|1569|1009|626|27|75|1581|547|388|185|2278|893|450|296|144|215|1340|722|36|54|1468|798|79|101|9216|1366|9173|1364|43|57
03000H0US4|246173|8257|20252|3213|4431|742|163|159|108|82|177|114|273|208|3591|723|1165|490|2259|540|167|107|119|143|7441|1175|84|75|159|159|774|486|5557|1009|729|325|138|158|0|210|1122|490|94|88|257|161|85|96|36|44|686|418|0|210|7201|2841|70|93|42|50|72|109|427|318|140|194|47|45|258|228|308|393|22|38|185|163|0|210|331|203|100|70|2778|2220|297|236|2069|665|55|60|57|102|44332|3322|10007|1787|4432|1152|3408|909|210|238|814|629|1574|561|4001|1134|0|210|6911|1605|450|650|470|167|0|210|3897|1282|234|239|119|107|539|443|609|378|151|222|327|207|115|115|25420|2413|6588|1795|586|408|255|200|1767|653|94|136|7931|1594|381|255|4773|1178|3045|957|0|210|1698|721|20|35|71|121|101|167|211|259|84|74|159|159|13|25|205|267|72|121|237|329|393|360|132|133|0|210|0|210|296|197|21242|2595|8920|1976|956|569|1342|474|575|340|4280|1587|171|220|228|221|0|210|1368|817|1091|766|619|658|4|3|407|396|61|106|1453|490|0|210|390|215|279|273|662|286|122|134|3832|1199|3465|1124|367|386|5418|1486|0|210|2301|1007|83|117|436|277|2171|939|215|230|0|210|207|366|5|15|528|333|5064|1315|700|349|586|323|114|116|0|210|263|354|3439|1152|662|375|155283|5669|148974|5608|12006|2637|32|40|0|210|6954|2178|36|59|2422|878|0|210|551|316|1689|863|0|210|5|3|301|303|0|210|16|29|129663|5844|87|128|556|556|9806|2453|17380|2549|6128|1888|91341|5097|3340|1423|1025|667|0|210|7305|1497|721|470|257|234|987|452|456|276|2276|857|768|585|106|122|804|522|17|33|317|247|596|495|6309|1418|6230|1427|79|142
03000H0US5|361484|11633|39517|4491|10452|1658|132|117|646|333|472|416|451|321|8576|1530|2161|665|5370|1244|1045|545|175|159|12572|2073|184|141|185|148|2625|1460|8779|1369|605|322|194|176|0|210|3615|963|530|517|1910|589|667|398|0|210|427|289|81|91|12673|2430|0|210|215|225|481|537|524|387|96|115|691|517|677|411|140|203|179|192|990|830|0|210|1525|687|1150|656|2304|1028|99|163|2545|1163|1057|819|205|279|51685|4112|12670|2218|6621|1449|5352|1218|838|683|431|425|1180|667|4869|1463|0|210|14195|2629|653|460|437|375|0|210|8968|2197|619|363|1317|1013|63|136|1588|701|389|325|130|172|31|32|18835|2675|1296|670|505|385|483|325|1762|665|129|117|8914|1643|280|301|1488|655|3978|1312|0|210|5394|1896|0|210|85|152|167|184|1072|1281|336|383|150|147|84|159|0|210|707|700|282|357|1540|829|0|210|971|527|0|210|591|791|12710|2547|3837|1356|157|217|658|347|859|706|0|210|157|293|567|650|259|208|1180|926|395|438|163|142|0|210|232|416|0|210|2991|1288|26|45|1767|921|1083|977|64|108|51|65|1787|704|1605|654|182|261|2738|1139|0|210|674|481|0|210|80|96|786|454|0|210|423|472|675|760|100|178|962|601|2587|1600|598|346|465|300|133|184|0|210|10|31|1665|1532|314|260|254985|10529|246451|10365|41410|5519|729|540|410|280|14726|2834|463|582|4242|1428|341|365|9919|2905|8883|2910|55|78|374|502|733|361|0|210|535|418|181090|7797|165|138|1290|781|12840|2286|23591|3852|24111|5146|114738|6383|3695|1702|660|385|0|210|23951|3060|2547|1233|1021|584|2260|812|1731|844|6222|1592|1382|743|666|365|2070|783|465|403|5536|1773|51|71|8534|1779|8389|1768|145|177
030C201US1|2053337|32468|346528|10927|61448|4111|1007|529|15362|2139|2089|781|3370|863|38346|3550|18411|2612|17043|2332|2892|786|1274|631|37577|3498|896|401|2199|816|10893|1950|18271|2203|2677|1012|2641|843|0|210|113486|6904|11680|2359|28603|3352|66099|5326|10947|2010|7054|1877|50|83|133660|9287|18254|3977|3424|1333|5535|2188|3568|1544|1558|984|2647|1082|1814|626|518|387|2058|940|1644|1132|1608|1026|32050|3630|6332|1865|24983|4407|1784|1108|17495|3352|8388|2179|357|343|557527|11522|187916|8258|151769|8066|127896|7277|11685|2048|12188|2116|9927|1806|25781|3809|439|422|197447|11766|5483|2766|11910|3609|938|705|130378|10862|11594|2427|3521|2245|11182|3125|15658|3696|3779|1651|2419|987|585|482|117648|8628|1490|804|24075|4074|3847|1133|7417|2311|2518|842|25819|3772|1685|550|7233|1628|43564|4502|0|210|53700|6131|2244|1102|1232|666|1173|675|5993|2212|6477|2078|1597|732|1209|865|13335|3150|2761|1313|5312|1689|9690|2297|654|409|1223|1628|800|487|816|553|172247|9682|38774|5255|630|547|8207|2093|10577|2896|1466|780|1969|1154|8783|3312|1293|652|5849|2003|17174|3328|2449|1221|4989|1948|6618|2495|3118|1240|27049|4413|1962|1033|8348|1910|13090|3746|2124|1682|1525|1032|5350|1386|5185|1351|165|208|79099|7307|28865|4299|17204|3048|1354|1060|6358|2101|17159|3105|1858|1106|4066|2467|242|295|1993|868|4801|1676|6216|1503|5587|1367|4693|1321|894|408|182|191|0|210|0|210|447|455|970819|26126|922262|25594|363370|16942|503|373|5241|1911|9079|2483|3388|1365|173141|12334|447|630|90647|8723|63909|5933|2322|968|504|493|10165|3129|714|783|3310|1206|204821|14437|1496|1269|4192|1876|47052|7511|68469|7740|27260|6723|40852|5624|11014|6235|1844|1012|2642|2027|354071|16783|7664|2262|4165|1748|160784|13500|8440|2401|58665|7291|59298|7674|7493|2587|28001|5674|3090|1283|14842|3207|1629|1014|48557|3832|47994|3768|563|416
030C201US2|7564348|53307|1067907|22659|145218|8848|2703|1008|37590|4916|2910|1105|4899|1280|95153|7149|47956|4476|40874|4452|6323|1416|1963|598|123976|7757|7844|2107|6040|1366|34252|4015|59091|5527|7836|1579|8519|1318|394|336|221102|10440|41014|4530|112965|6220|37462|4153|169|139|27897|4292|1764|948|575047|18893|38763|6043|26590|6078|14151|3603|7711|2006|8463|2048|12954|2434|14170|2185|3766|1117|6508|2475|7946|1726|11770|3709|100042|7684|22118|2615|90789|6618|8951|2821|128749|9302|71606|9902|2564|1115|2349447|23685|874258|17498|657619|16339|547130|14992|57719|5920|52770|5006|40940|4458|174836|9490|863|1005|917456|19974|10780|3404|164644|10707|11106|2861|507142|16473|26984|3965|11539|2294|25317|3868|98688|8731|12410|2747|41678|5820|7168|1988|341495|12351|17198|2777|8855|2147|11966|3458|4671|1359|16828|2715|186243|9886|5505|1569|18595|2878|71422|5699|212|258|206997|10650|3657|1381|6969|1948|18189|3977|10769|3000|37790|4559|11639|2547|3141|998|16069|2519|8379|2811|18594|3427|41798|4210|3725|1266|20510|5367|5768|1842|9241|2365|437545|20923|46999|5595|1546|879|10519|2613|14987|3446|2693|1255|3704|1331|3073|1363|2559|1142|7918|2744|18134|4746|5931|3169|1658|792|3613|2060|6932|2861|112062|10551|11879|3259|65092|8126|22537|4385|8832|3006|3722|1936|13548|2358|12472|2324|1076|702|228839|17117|256|217|68659|9868|5645|2364|23502|5911|71998|7520|8239|2702|8683|2757|7693|2885|34164|7430|17963|3852|20680|2945|18901|2830|16110|2672|2791|988|266|253|177|269|144|238|1192|761|3688769|38350|3608535|37728|1593445|33567|2393|1061|26955|4235|68071|6150|14665|3280|794453|25823|19368|3611|206090|11773|295372|12998|13198|4034|17229|4001|107312|9160|9956|2652|18383|2543|899628|29186|8211|2334|26106|5343|177184|13885|160359|14769|102914|11170|383323|15915|22420|4735|18493|3177|618|463|1115462|28174|31179|3528|10491|3359|107835|10430|19947|3512|240662|14222|297519|16827|186177|12069|143786|11803|12009|2829|52516|7835|13341|2508|80234|6395|79759|6362|475|351
030C201US3|3763591|44669|618239|19420|68017|5251|1560|735|9806|2001|923|551|3360|1998|50934|3915|21008|2718|26067|3427|3859|887|1434|535|78198|4838|4743|1301|1689|713|11606|1769|50562|4090|6296|1362|3092|1403|210|196|56458|4455|14748|2305|30962|2966|1377|775|0|210|8182|2092|1189|536|413422|17661|21944|4252|9852|2477|16049|3068|19204|4062|5913|1396|7666|1530|5952|1378|2041|624|11478|3165|6185|1661|9384|1800|136456|8837|30098|3879|34950|4669|9252|2307|64489|7207|22509|2951|2144|1257|1401550|18451|302813|11230|188607|9274|157868|9065|10882|1794|19857|2517|30664|3913|78213|6220|5329|1740|547076|16769|12372|4383|35636|5131|12243|2832|364669|14347|22450|3305|3342|1619|20483|4376|58442|6622|5946|1668|6270|2453|5223|1882|307952|11906|34218|6309|8650|2440|5440|1502|21645|3131|9301|3008|148638|8247|1795|631|26308|3500|51835|5288|122|146|231213|13373|1245|778|1692|561|1769|1024|73669|7481|8898|1887|20875|4214|4910|1529|35178|4422|12049|3618|22938|7048|11830|2322|2504|1036|31040|4811|2616|1157|12496|2584|296063|19373|73433|6951|3326|1463|15643|3134|11460|2511|17173|4490|7367|2828|4224|1970|3274|1323|10966|2871|28337|5950|7297|2469|5912|2355|12556|4190|2572|1307|47402|6550|9440|3560|16542|4079|11429|3699|6372|2418|3619|1272|11626|2608|11367|2541|259|240|126388|12757|34|60|29647|5311|3201|1639|5891|1816|61067|9450|5838|3022|2445|1128|4432|2244|13833|4097|8877|3945|12596|2439|10632|1984|7695|1739|2937|1002|396|501|1033|1066|260|300|275|252|1435143|25610|1365997|23567|95064|9090|1613|1162|876|499|21469|3508|370|325|17294|3619|1168|1012|24039|6608|21816|3327|369|355|584|403|3922|1524|155|197|1389|675|1075987|21337|8057|2604|3760|1224|32421|4679|61694|6552|50656|6656|900707|20860|13115|3506|5463|1799|114|189|194946|12290|11795|2728|2653|1444|27236|3609|9733|3719|45804|5969|28024|7232|1359|577|18243|4115|1152|605|46820|8291|2127|1041|69146|5497|68733|5447|413|261
030C201US4|1263343|23877|118293|8049|21229|2449|336|247|2420|999|373|246|1242|550|16231|2548|6829|1894|8365|1560|1037|492|627|512|21176|2644|719|573|742|686|3146|862|13588|2101|2151|757|830|395|0|210|8789|1642|1503|672|3776|1129|287|247|52|93|3123|999|100|168|66424|6691|1057|816|1858|788|17706|3972|2259|831|1672|838|1191|604|840|558|1201|718|238|223|1799|1028|81|132|4184|1325|3012|1638|13343|2814|512|340|12045|2622|3426|1502|675|852|424324|10859|90133|5140|55253|4272|46200|3837|2725|1250|6328|1516|9502|2413|25234|3041|144|215|131239|9355|10428|4571|4754|1613|2531|1094|84103|6912|6078|1776|1288|573|9332|2571|5827|1528|4106|1430|1271|735|1521|626|177269|8773|18623|3206|6029|1725|2933|1055|23715|2841|4068|1929|37599|4269|1460|678|29618|3850|53224|5697|0|210|23923|5074|156|206|411|384|147|190|6515|2399|585|362|2605|1309|950|541|1966|912|2296|1405|1660|1484|3308|1889|664|448|1796|1306|864|515|1760|797|253667|13811|127872|10781|6217|2237|35038|5089|30630|5343|38281|6264|2979|2084|2146|1547|753|655|11828|3551|23214|4503|8996|3048|5820|3222|8225|2355|173|160|16852|3532|1483|1261|3930|1560|2887|1189|7558|2698|994|882|6620|2403|6318|2385|302|313|73905|8007|0|210|11507|2650|2773|1499|28727|5609|17019|2537|2547|1945|1148|786|6299|2576|3885|1585|5204|2043|9221|2169|3785|1013|2977|966|808|472|0|210|687|730|3470|1465|1279|655|457838|12285|437028|11997|37422|5966|836|844|238|284|14527|3601|0|210|6989|2509|195|303|6329|2763|5753|1309|123|141|200|184|2073|1698|18|37|141|148|351364|11891|597|421|2944|1656|36615|6105|38968|4558|20376|4583|243066|10351|6888|2505|1768|715|142|196|48242|4919|1943|739|1519|1070|6335|1465|1202|529|13006|2698|7957|2221|3278|1217|5138|1322|332|319|5982|1877|1550|944|20810|2396|20798|2397|12|19
030C201US5|9345261|63407|828024|22212|191532|8759|5326|1496|16007|2376|3339|987|8779|1940|151851|7689|68159|4650|72734|5263|10958|1678|6230|1219|181018|8011|6680|1662|7230|1823|39847|3928|104446|5702|14550|2030|7513|1814|752|691|122014|8315|17874|2457|50011|4555|15441|2936|897|412|38153|5326|535|406|328931|15018|14413|3071|8487|1500|16184|4011|13908|2694|4376|1059|12387|2406|16905|2614|3362|1174|4146|1293|8729|2267|1888|735|37463|4463|25392|3582|71296|7708|5876|1373|61876|7203|22243|3443|4529|1844|1971152|23880|455208|14796|259774|12107|207551|10169|16523|2248|35700|4121|38612|4179|153473|8153|3349|2405|808196|18399|49076|7386|49019|6279|2412|1468|489259|14366|57937|6210|9232|2274|35097|5718|93002|9731|9978|1855|8729|3121|4455|2060|530888|15080|22920|4303|15974|3385|10247|1951|15585|3029|10271|2556|225296|9407|4374|1126|33503|4959|192639|9618|79|109|166742|10952|2446|1081|3182|1254|3671|1407|17036|3771|24647|3573|12136|3200|8158|2660|19525|2875|11380|2891|19836|4651|32491|3574|5614|1493|3116|1469|3504|1207|10118|2074|683283|24468|193632|12959|14242|3693|97904|9857|31721|4929|8871|4421|9337|2479|11546|3284|4185|1406|15826|4450|67058|9120|38235|6318|6935|3617|12621|3921|9267|3516|98500|8402|4703|1513|44395|6381|30413|5326|12587|2727|6402|2728|36992|4918|35821|4895|1171|498|266336|18445|963|568|59642|8444|5848|1917|22751|4800|118926|12401|4266|1679|19801|4359|13294|3937|20845|3821|20765|4883|21793|3410|14733|2181|11091|2171|3642|1057|729|513|429|360|3926|2189|1976|788|5841009|54756|5666326|54486|2193854|38340|25975|3840|13571|3012|1068300|21839|8881|2417|200802|14045|6428|1947|403635|18739|342939|18010|7876|2499|5924|1829|80914|8792|5676|2240|22933|3362|1889831|34615|5923|1403|33185|4403|372589|17848|269938|17286|285860|17087|718601|25000|164478|13355|38891|5130|366|335|1582641|33409|90214|7555|43957|6426|228566|12764|42290|5317|426307|17331|76739|7896|63718|6912|163647|11434|19940|3717|415084|23388|12179|2845|174683|9723|172085|9635|2598|852
030C201US6|763146|21570|69418|5739|14410|2346|414|483|1312|922|385|348|712|416|10966|2131|4136|1886|6087|1535|743|434|621|446|19479|2413|349|269|540|295|2263|867|14737|2150|1393|778|175|186|22|39|5045|1592|777|469|2053|1099|89|113|0|210|2126|1121|0|210|30174|3973|607|421|658|463|3532|1608|873|717|695|481|401|263|761|506|408|327|301|201|199|189|358|499|1804|736|3341|1450|5833|1488|945|763|7315|2300|2143|919|310|341|205764|6825|57276|4225|30759|3458|28538|3390|939|452|1282|554|6758|1371|19652|2724|107|147|69093|6150|852|990|5559|2066|1774|1248|42685|4315|5846|1595|231|261|4968|1962|5192|1564|1083|835|848|589|55|94|57219|4434|5248|2031|3422|1499|1151|557|4757|1562|2780|1076|19295|2823|736|688|2744|1086|17028|2162|58|104|20902|3982|97|156|420|407|59|98|4006|1568|1311|881|2321|941|1021|852|1219|674|1856|1172|883|713|2451|995|473|275|4279|2370|506|468|1274|970|86882|10357|28143|8284|756|640|6779|4566|7501|3572|3632|3271|2589|2125|1435|1015|1122|777|4329|2126|10607|3944|668|545|5355|3396|4458|2198|126|212|20658|3910|59|98|14877|3709|2679|1286|1884|1152|1159|880|3308|1097|3259|1104|49|87|21772|4351|0|210|6306|2588|470|434|1194|901|7517|2343|774|929|687|681|469|453|4355|2321|2394|1367|5706|2240|3098|1056|2427|957|671|488|0|210|81|150|1270|1566|1257|1371|395376|15365|377744|14806|63503|7214|1079|534|192|209|36141|5126|0|210|7455|2645|360|327|5774|2637|9661|2413|332|322|51|83|2148|1115|0|210|310|372|261598|13302|427|381|1313|744|12016|3433|52119|5733|46651|7549|142413|9907|3962|2221|2469|796|228|321|52643|7348|2107|1104|758|756|6165|1799|3568|2386|12666|3348|3142|1136|778|531|3659|1309|572|568|18646|4902|582|676|17632|3088|16984|2843|648|882
030C201US7|5509167|64712|240009|10190|60192|4755|2035|1358|4103|1078|2027|847|3177|1178|47769|4525|21974|3825|21326|2603|4469|1521|1081|519|67793|5260|2618|810|1374|648|14237|2735|40563|3455|7637|2389|1226|540|138|117|23843|3477|4058|1168|6498|1671|1402|700|95|125|11885|2794|0|210|87741|7607|2634|1528|1661|966|5712|2014|2611|913|3833|2824|4123|1189|2205|922|553|411|1734|892|1137|737|1114|913|7658|1908|8697|2181|18910|4081|3876|1769|17172|3435|4111|1407|440|522|1395155|17986|252502|11253|167692|9364|126910|8965|12247|2780|28535|3218|19548|3008|64666|4545|596|423|610349|19364|27396|8055|24844|4556|2299|2006|393666|14165|42894|6165|4163|2079|32313|5023|74486|9257|4489|1469|1407|709|2392|1419|428673|14863|13984|3218|9627|2689|5879|1698|12797|2850|8509|2159|129263|8256|3626|1471|15941|2811|229047|14816|0|210|99104|7935|309|376|1865|933|230|186|21243|4949|5648|2028|11663|3279|5969|2054|14491|2493|7104|2357|7135|2205|14254|3477|6206|2120|371|341|2616|1207|4527|1292|336062|21275|90293|9818|9657|3646|32470|6851|26791|5672|1941|1369|3929|1412|4272|1672|3934|1571|7299|2704|29365|6928|13062|3711|7117|3708|7384|2906|1802|1116|34840|5670|4309|2214|16445|4020|6805|2428|5394|2369|1887|972|13560|2789|12316|2523|1244|1107|156959|13229|0|210|21545|6869|2446|1241|4583|1723|115360|10430|1268|559|2518|1266|1568|1053|7671|2790|11045|3426|28204|6461|8697|1644|6398|1371|2299|858|569|381|7074|2296|4245|2333|7619|5836|3509737|47896|3454416|46763|185889|15508|1575|904|748|585|105480|12325|1682|849|19764|3994|1552|1877|9990|2714|22393|5152|1936|1052|494|357|13960|3183|2488|1475|3827|1644|2938829|40152|2856|1199|7442|2181|234354|16756|119713|13240|245344|17360|2275180|40953|43110|7302|10220|2238|610|457|329698|18816|15825|3812|4866|1848|44666|8324|8345|2625|76792|9520|15533|3748|4647|1596|31992|5827|2131|926|123516|13474|1385|667|55321|6322|54922|6383|399|330
030C201US8|2607953|38888|241100|11503|61673|4234|2391|875|5345|1386|1158|496|2944|989|48936|3802|19847|2656|25788|2821|3301|907|899|381|63119|4676|3274|1086|2180|1125|9807|1942|38785|3256|6144|1169|2890|815|39|65|18915|2728|2774|917|8621|1685|1832|857|334|329|5656|1556|32|53|97320|8428|3896|2710|3509|1771|9147|2729|4539|1271|1628|849|4522|1677|4672|1412|606|303|1042|629|1564|700|435|377|11349|2536|10502|2616|18170|2379|2252|799|13561|2916|5926|1865|73|127|639377|15755|158981|7415|91359|6587|69948|5903|5972|1283|15439|2612|18377|2556|46318|4266|2927|2035|164703|12793|12316|3606|4520|1644|1664|1637|100733|10700|18675|3560|2890|1024|8629|2453|7483|2802|3351|1488|2185|1114|2257|1332|263833|12496|5644|3582|6207|2229|8489|1961|5018|1382|5369|1913|155652|10187|2046|720|16513|2674|58862|7430|33|55|50685|5225|1299|797|384|306|908|667|15947|3438|6691|2100|5736|2811|1833|766|4160|1175|1675|752|3545|1699|5935|1885|1683|867|46|87|843|801|1175|722|135396|14134|58935|8566|2750|1480|20391|4255|9147|3954|6006|2132|2878|2465|5828|4679|1889|1264|10046|4095|12621|3855|5298|2583|3439|2016|3407|1766|477|488|17535|3963|2015|1119|4115|1377|4082|1554|3269|1711|4054|1823|9276|2315|9167|2321|109|152|26008|5162|64|95|7167|2598|1594|1509|1797|1168|11708|3388|357|326|2091|2252|755|713|475|479|11021|5067|27690|3645|11120|1951|6885|1405|4235|1231|614|490|673|472|3350|1660|11933|2557|1564390|29969|1485766|30172|66975|7671|708|322|1302|726|40070|6218|186|190|9076|2778|0|210|3225|1086|8255|2779|44|74|38|64|3186|1040|383|471|502|420|1256999|28978|2688|1566|4327|1379|60556|6466|51731|7013|17337|4329|1102841|27033|12426|3871|4141|1213|952|1039|161792|12698|9100|1778|3609|1587|20697|4195|12356|3573|37837|6118|6663|1824|1201|658|32456|6440|2064|1135|34588|5662|1221|646|78624|6307|78462|6308|162|153
030C201US9|12072446|63979|856553|19172|188799|6177|6309|1526|17944|2174|4960|1098|10543|1797|144974|5797|67370|3554|68264|4889|9340|1535|4069|1120|180903|7456|7440|1630|6356|1366|46710|5326|92388|5349|19640|2462|7785|1484|584|308|84810|5510|12904|2178|33064|3267|22024|3043|5320|1565|16364|2392|454|297|399438|14618|1889|968|14856|2549|13620|3471|12426|2884|5712|1578|10804|1927|9864|2168|4646|1330|2947|1002|15098|3208|1024|481|26111|3108|30503|3694|109993|7345|4562|1223|111963|8848|23420|3116|2603|1004|5111202|35814|1671021|26502|1136376|20900|813468|18610|117953|6233|204955|8973|142243|8717|379618|15874|12784|4711|1156126|25691|86843|9598|24915|5218|1039|725|699411|22045|216234|11201|11424|2230|27476|5761|58495|6866|15046|3115|8610|2082|6633|2061|1925935|28601|31974|4671|62427|6405|36291|4127|50481|5302|23388|3156|1014335|23481|14946|2474|84042|6624|607798|20159|253|193|340519|17075|91847|8455|8124|2693|5513|2205|54423|8125|37946|5484|16793|3059|7663|2471|35047|4306|10967|2597|27419|4864|29047|4009|4009|1521|6844|2396|4877|1755|17601|3200|296137|15124|112569|7470|10170|3087|46214|5378|25286|3735|10103|3159|4461|1634|5859|1939|3767|1345|6709|1762|11604|2357|5456|1986|1553|1045|2587|888|2008|1026|76909|8993|5395|1874|45445|5731|10749|3223|10507|4113|4813|1791|23064|3319|21958|2839|1106|1328|66415|8091|250|251|10163|2268|1600|772|3616|1870|38669|7151|2424|869|3457|1441|1121|838|5115|1727|5576|2378|139387|8998|39705|3228|29082|2659|10623|1866|35333|4484|10696|3326|14086|3114|39567|4982|5669167|48314|5490693|46644|83762|6185|878|593|1408|601|31846|3684|336|544|11159|3027|1090|930|8256|2212|16657|2598|582|524|752|595|6086|2379|1571|927|3141|1222|5011928|45688|16598|3023|15572|2728|459733|19888|352000|17011|87353|9841|3982155|40502|84676|8965|12010|2670|1831|1089|395003|18059|32618|3444|13883|3732|71248|6617|22908|3902|98178|10666|31766|5084|5065|1535|82424|7560|3482|979|30518|4911|2913|1187|178474|7897|177124|7945|1350|941
030C243US1|139415|7122|48853|4296|14126|2183|100|129|1018|448|101|94|578|326|11925|2156|4929|1388|5590|1218|1406|716|404|394|8998|1470|92|105|524|271|1239|495|6231|1212|768|333|144|104|0|210|10565|2331|906|476|2717|987|6353|1909|958|923|589|319|0|210|15164|2896|692|693|189|188|40|79|512|459|0|210|401|293|641|743|88|92|212|205|425|313|0|210|4649|1495|1347|1013|2285|987|68|97|2147|959|1468|1126|0|210|32951|4001|12293|2122|6976|1663|5783|1472|286|244|907|484|2094|954|3223|1191|0|210|10664|2540|133|162|30|45|0|210|7067|2210|1236|697|187|160|621|625|1010|854|255|251|25|46|100|145|7333|1504|114|167|279|245|142|197|219|236|12|24|4307|1256|204|192|604|366|1452|681|0|210|2611|779|0|210|39|70|11|19|162|188|14|27|181|154|33|56|1407|624|26|46|122|151|578|369|0|210|38|66|0|210|50|63|7634|2259|1601|730|0|210|329|335|392|362|9|2|209|330|401|338|143|175|118|170|657|482|7|15|56|4|92|124|502|475|1462|1167|120|210|257|198|1063|1148|0|210|22|37|1131|634|1131|634|0|210|2783|1668|520|607|281|264|0|210|201|233|1691|1462|90|146|0|210|0|210|0|210|0|210|1688|649|1191|501|699|325|492|324|30|56|0|210|0|210|467|396|48289|5212|30381|4731|6808|1425|161|188|334|423|747|505|0|210|1809|1100|6|17|1262|649|2252|901|126|225|0|210|100|132|0|210|11|21|6341|1611|0|210|536|492|908|497|1931|1100|797|563|1777|796|50|58|212|211|130|222|17232|4480|881|627|154|153|6614|3243|670|508|3199|1418|2234|1458|0|210|1568|869|151|192|1237|1224|524|464|17908|2354|17908|2354|0|210
030C243US2|235346|10909|71568|5042|13147|1484|439|270|1561|627|389|302|461|221|9929|1303|4168|969|4927|981|834|535|368|415|14721|2083|577|340|382|236|2459|1239|8256|1214|2237|801|810|377|0|210|11136|2066|1638|614|6710|1599|1815|807|0|210|916|375|57|95|32551|4373|425|258|1730|944|684|472|704|539|364|230|2307|1344|1268|732|245|201|357|379|172|153|110|131|7738|1880|2700|1113|5669|1920|443|350|5712|1648|1923|719|13|22|59514|4853|19419|2167|12214|1901|10161|1831|603|357|1450|730|1086|403|6089|1406|30|56|21099|3849|103|164|849|707|407|446|14635|3332|1052|565|384|342|500|345|1837|887|412|335|585|463|335|324|12489|2137|880|956|536|309|239|204|401|356|95|88|7400|1652|218|187|684|361|2036|1052|0|210|6205|1753|104|159|58|59|217|229|453|477|888|463|489|436|315|216|385|248|65|76|697|843|2371|1096|67|113|65|122|31|51|302|300|8283|1908|1935|869|0|210|22|49|1136|829|30|49|52|80|95|144|210|177|390|293|327|336|240|329|0|210|43|60|44|60|2645|1049|211|231|2095|967|313|233|0|210|26|44|798|343|635|306|163|161|2344|1277|6|10|710|496|60|95|600|448|932|1042|0|210|0|210|0|210|36|71|234|186|1479|810|1422|809|1216|802|206|189|0|210|0|210|0|210|57|33|94502|7249|83147|6307|23317|3645|225|143|200|188|2856|849|452|551|7820|2041|405|464|3072|1481|5332|1756|70|115|368|379|2352|1011|25|45|140|172|36214|4746|309|288|1011|639|2446|816|7239|1947|1970|974|21146|3925|1107|574|986|416|0|210|23616|3208|1951|854|330|284|4066|1112|719|479|4413|1116|5168|1798|1428|678|2629|951|551|370|1244|560|1117|739|11355|2120|11343|2117|12|24
030C243US3|215265|10866|51389|4378|10289|1858|476|327|728|411|202|153|285|199|8294|1735|3537|774|4503|1474|254|128|304|298|14997|1781|298|120|160|145|800|322|10905|1493|2344|587|490|191|0|210|3587|1023|1281|872|1626|556|97|80|0|210|571|327|12|21|22385|3650|917|654|43|50|190|197|588|441|824|598|533|309|896|409|1028|942|449|305|0|210|1251|735|5837|1483|1383|539|2724|696|210|195|4202|2401|1310|541|131|154|52997|4223|15688|2393|7696|1670|5905|1216|371|278|1420|780|2626|1054|5332|1319|34|63|13250|2568|274|216|212|219|398|431|9451|2212|469|343|91|91|304|307|1903|922|53|75|21|36|74|64|19265|2578|561|309|168|132|677|500|1916|656|493|374|9679|1505|6|11|2391|887|3374|1236|0|210|4596|1645|0|210|99|109|54|73|1165|1159|267|179|480|439|80|113|541|355|734|538|394|308|248|194|96|113|391|556|47|54|198|192|6212|1339|2001|713|0|210|741|421|255|184|46|84|227|267|75|102|125|151|532|389|141|187|93|176|0|210|29|35|19|34|1561|737|59|104|819|573|517|371|14|24|152|176|726|377|726|377|0|210|1661|617|99|130|306|270|0|210|112|190|1013|517|0|210|0|210|28|40|103|163|122|112|1598|691|1456|657|1071|592|385|278|0|210|70|127|39|49|33|56|103069|6852|88937|6588|6059|1177|121|182|0|210|2615|916|0|210|985|546|34|60|804|455|922|330|0|210|0|210|389|360|0|210|189|132|72179|5506|284|132|398|293|2689|853|3663|1252|2407|809|60793|4898|887|446|1058|641|0|210|10699|2139|1206|566|140|191|1622|548|775|467|2360|1083|518|307|210|234|1247|514|45|58|2375|1453|201|201|14132|1533|14089|1532|43|57
030C243US4|148247|7544|21733|2336|5044|948|119|143|259|179|406|260|146|142|4037|883|1811|659|2003|592|223|160|77|97|7719|1101|442|416|145|158|727|385|5352|879|657|304|358|252|38|62|816|364|80|75|358|257|174|144|36|44|204|136|0|210|8097|1560|70|93|191|136|319|266|427|318|23|21|172|185|169|126|170|193|22|38|166|135|28|33|649|353|556|281|1852|729|104|181|2763|799|416|380|57|102|31828|3245|9572|1884|3932|1005|2925|724|240|207|767|695|1700|909|3858|1001|82|136|5562|1424|115|136|383|99|0|210|4083|1348|109|86|169|180|191|167|208|233|16|29|140|139|148|145|15573|2167|1748|871|449|425|117|79|2447|750|406|214|6199|1329|33|54|1773|617|2401|843|0|210|1116|492|20|35|0|210|132|182|259|264|54|65|120|135|13|25|0|210|26|45|38|46|338|333|105|95|0|210|11|19|5|11|9851|1781|3463|1229|49|106|608|583|1005|553|1148|733|148|195|208|143|184|212|113|113|542|623|475|621|0|210|67|98|0|210|428|252|26|45|199|152|24|32|134|134|45|66|3353|1257|3197|1210|156|225|1815|637|0|210|402|294|39|82|474|279|736|453|93|127|44|94|22|45|5|15|250|209|3336|763|477|290|323|267|154|128|30|53|52|93|2309|639|468|261|81499|4900|75198|4805|6320|1750|21|37|10|23|3116|1287|36|59|1766|868|0|210|373|239|526|176|107|188|6|3|330|325|0|210|29|36|62499|4057|473|561|219|286|4442|1476|5796|1320|2188|780|47300|3280|1316|631|765|607|0|210|6379|1533|1104|888|195|199|1134|561|457|317|1179|500|492|266|43|55|739|626|64|87|546|377|426|412|6301|1332|6222|1342|79|142
030C243US5|695682|22131|95453|8028|24340|2970|470|326|1539|541|816|848|862|475|20198|2515|7069|1383|11220|1827|1909|775|455|284|31234|3672|624|289|1195|622|3773|1418|21783|2745|2922|1013|806|553|131|163|9561|1766|1569|727|4679|1267|1505|661|144|167|1727|873|81|91|30287|4474|837|667|973|460|853|666|550|402|253|290|1008|593|959|475|395|397|713|621|1964|1114|0|210|3205|1024|2647|1187|6117|1685|327|294|8356|2366|1130|843|31|51|123654|8450|33640|3467|17881|2800|13429|2363|1717|807|2735|993|3945|1089|11742|2129|72|120|34419|4896|820|694|1904|1348|263|411|23443|4096|2549|870|1185|667|323|434|3142|1519|385|263|374|353|31|32|44735|4753|1392|708|1244|749|846|469|4243|1182|678|432|20693|3204|385|304|5501|1512|9753|2409|0|210|10380|2456|88|157|343|537|238|229|2327|1715|641|564|1343|777|109|159|1134|642|860|659|1321|1065|1007|657|223|308|501|356|245|247|480|452|28847|4834|5788|1549|185|249|1434|859|1776|943|0|210|220|312|353|285|300|218|1520|1057|2491|1907|2022|1851|140|219|329|462|0|210|3577|1320|230|262|1786|841|1561|1024|0|210|0|210|3726|1353|3665|1360|61|82|12436|4271|337|266|3071|1766|352|426|616|496|6289|3791|463|551|563|532|569|615|176|199|829|682|2622|947|2023|881|1664|863|359|322|54|84|0|210|145|191|400|226|445106|16126|425310|15629|80632|8406|1596|859|875|470|34910|5412|120|169|9004|2745|145|200|12628|3170|16321|3928|55|78|41|70|3120|1197|657|743|1160|606|282643|14391|424|329|1958|1191|26062|3791|21951|4170|23790|5353|199268|11678|6823|2723|2367|793|0|210|62035|6305|3300|1201|2324|1242|12681|3384|3403|1360|17508|3460|1898|694|2023|824|5753|1834|907|597|11023|2825|1215|900|19796|2795|19468|2768|328|241
030C243US7|578965|20799|34059|4349|8971|1582|121|144|667|400|197|212|81|103|7863|1549|2160|578|4736|1464|967|466|42|80|12603|2309|162|215|268|178|870|527|10392|2142|700|409|211|207|0|210|1436|593|45|75|403|368|80|133|0|210|768|500|140|205|11024|2944|0|210|0|210|129|171|230|276|86|141|782|482|306|408|355|516|132|249|72|120|0|210|754|367|1206|671|2418|1135|0|210|4029|2353|525|293|25|5|75937|6142|15003|2530|10558|2398|8279|2039|264|233|2015|1078|1406|497|3039|918|0|210|24142|4379|458|439|2415|1622|0|210|14345|3279|1464|995|478|473|2100|1431|2391|1152|56|91|93|121|342|406|32835|4599|2016|1801|933|506|530|379|2344|820|489|331|13233|2677|504|498|3007|1053|9779|2445|0|210|3692|1321|159|251|110|181|0|210|355|268|639|765|219|262|120|137|330|273|412|495|249|265|311|285|420|232|86|149|282|319|265|239|15715|3597|2512|1165|146|238|111|81|967|748|634|817|0|210|275|289|275|269|104|126|949|1057|499|732|0|210|439|737|11|20|614|403|0|210|476|347|128|170|0|210|10|16|1977|783|1977|783|0|210|8226|3475|0|210|3126|2441|44|93|141|157|4010|1959|296|206|0|210|393|558|216|230|1437|733|2771|1207|2027|1098|1745|1076|282|339|225|246|0|210|296|360|223|229|450483|19302|441321|18967|10918|3141|107|181|9|20|5456|2535|211|276|1749|1199|148|214|552|598|956|442|0|210|60|15|1494|1079|0|210|176|176|410683|17550|489|377|967|569|13313|3611|11135|3211|15191|4260|366112|15678|2858|1670|618|550|0|210|19720|3567|1429|814|252|234|1964|992|234|235|5822|1763|1098|832|563|617|2619|1199|551|620|5086|2478|102|106|9162|1810|9154|1811|8|15
030C243US9|498442|17299|57809|4168|16462|2016|885|509|417|319|573|322|1135|477|13292|2066|6111|1602|6550|1190|631|278|160|180|19322|2688|790|359|543|395|2365|768|11363|2397|2638|1003|1616|738|7|12|5308|1528|196|162|934|424|3681|1430|1739|1163|341|207|156|210|16634|2874|559|875|897|988|151|191|318|270|195|195|968|495|1138|757|253|229|72|88|387|535|159|213|1156|527|1457|818|3405|1323|338|306|4396|1365|785|605|83|89|111449|7632|32659|3860|19274|3162|13128|2937|1449|587|4697|1286|4552|1150|8833|1992|0|210|22861|3552|870|610|817|862|0|210|15565|3471|3283|1165|502|397|276|357|645|356|245|239|75|104|583|663|49753|4597|737|478|1784|790|1729|773|2204|969|358|287|32485|3639|330|316|2468|798|7658|1880|0|210|5743|1681|476|369|143|162|42|70|735|693|634|521|320|223|293|251|985|513|81|107|468|631|602|421|1|5|916|1061|47|79|433|438|7482|2136|2038|594|21|37|538|266|256|326|234|43|167|297|89|86|318|279|415|158|31|56|0|210|0|210|31|56|0|210|1968|897|0|210|607|409|383|345|576|342|402|517|1640|703|1640|703|0|210|1755|1576|0|210|542|740|0|210|0|210|1022|1340|68|105|29|44|0|210|94|131|50|84|8801|1731|3211|889|1634|568|1577|799|1194|750|1808|1042|620|423|1968|854|312901|13838|296773|13494|5152|1299|0|210|0|210|884|515|0|210|735|384|0|210|597|529|2542|910|0|210|0|210|194|235|54|88|146|180|278483|12860|340|306|429|522|7426|2656|8260|3622|949|431|259474|11797|1074|746|506|390|25|46|13138|2635|2851|1314|511|353|2460|880|1491|1031|1534|742|339|263|70|143|2736|1244|140|180|955|725|51|59|16128|1992|15928|1930|200|243
0400000US04|980927|22875|86591|7198|21693|2603|828|518|2142|998|442|354|982|463|17035|2422|7336|1308|8490|1586|1209|841|264|268|21424|3387|1421|743|1032|1262|3106|1157|12541|2023|2007|677|1277|1007|40|67|8097|1583|1825|826|4090|1146|1003|651|334|329|1179|526|0|232|35344|5357|1653|1853|955|966|4654|1830|1152|708|858|691|2302|1325|1610|903|314|265|150|157|819|497|121|157|4522|1478|6659|2352|5413|1486|1202|755|1696|639|1264|648|33|55|209716|7849|44420|4861|25648|3778|19803|3479|2287|953|3558|1191|5516|1368|13256|2750|0|232|69962|8411|2136|1255|1441|1018|285|311|53250|8119|8100|3032|778|450|556|424|1529|818|581|394|549|355|757|825|71246|6615|3699|3213|1723|798|1844|769|1167|902|2499|1157|34650|4549|830|417|4050|1310|20784|4228|0|232|23730|4099|0|232|71|127|48|80|10395|3080|2032|860|2623|1588|1078|561|2059|891|415|341|2331|1432|2071|1024|459|342|46|87|102|120|358|264|54069|10074|24202|6962|42|72|1610|1006|5794|3240|2196|1098|1943|2437|5031|4608|1007|995|6579|3796|6301|2559|2312|1619|2658|1674|1140|840|191|308|5063|1901|556|529|2054|1008|575|460|1238|945|640|522|2597|878|2587|883|10|18|8100|3144|0|232|2312|1886|221|368|205|240|5056|2480|0|232|89|143|0|232|217|336|7806|4690|4809|1631|2194|854|854|347|1340|776|345|431|203|305|1151|1230|916|544|625742|18831|587197|18614|19124|3618|206|207|428|534|9045|2503|0|232|4029|2173|0|232|1087|706|2626|1563|0|232|38|64|1435|753|76|127|154|235|542141|19562|375|333|935|468|9812|2103|17078|3988|2173|883|508652|20060|1843|1012|675|398|598|959|25932|4150|1403|669|464|399|3440|1229|1081|674|8983|2183|1858|888|292|290|4386|2399|485|524|3388|2003|152|191|38545|4281|38483|4263|62|103
0400000US06|10639937|60453|672918|15830|153474|6484|5376|1333|15485|2087|2969|815|8202|1387|118138|5816|54949|3529|55883|4654|7306|1392|3304|968|149907|7686|5893|1432|5856|1298|41033|5113|72291|5101|16762|2130|7645|1493|427|248|79932|5708|11379|2141|29943|3323|24584|3453|6934|2053|13672|2343|354|256|287726|11730|2171|1290|11289|2197|8135|2702|8696|2555|4453|1279|8793|1693|9096|2210|3879|1209|2279|871|9512|2330|902|471|21087|2690|23436|3783|85204|6846|3894|1211|69834|6254|15066|2506|1879|806|4309404|31414|1400260|21962|977547|17525|693599|15984|101851|6309|182097|8454|96923|7164|315737|14750|10053|4200|983736|25107|78590|9350|22006|5076|297|291|574498|19958|204744|11151|7851|1768|19505|4116|52971|6542|13325|2862|6236|1832|3713|1143|1596018|24842|28563|4480|51299|5794|30351|3473|41901|5076|19225|2922|821136|21344|12360|2333|65541|5891|525455|18897|187|172|312911|15497|90612|8118|6728|2418|5085|2154|44107|6479|34289|5451|15253|2771|6698|2477|33702|4010|7967|2335|26522|4678|26384|4105|3558|1437|7444|2530|4562|1750|16479|3235|203888|12170|51928|5170|6369|2914|20271|3040|9065|2389|2676|1324|2300|968|3881|1516|2232|846|5134|1561|7560|2120|4715|1775|506|423|756|535|1583|906|67334|8404|5181|1828|41563|5492|9660|3195|6778|3932|4152|1499|18534|2686|18355|2685|179|290|55328|7274|250|251|7814|1930|1120|698|1655|910|35802|6806|1795|729|2640|1330|867|747|3385|1354|3204|1737|89922|5980|31587|2983|23239|2406|8348|1898|31462|4141|2124|1594|612|489|24137|3845|5363805|46226|5236741|45128|68603|5741|637|523|1361|594|26304|3256|336|544|8339|2428|1063|936|7241|2035|13716|2547|472|472|310|240|5039|2380|1304|834|2481|1124|4821002|44863|15646|2875|14145|2526|445261|19660|333518|17704|80029|9972|3840911|39584|79585|8266|10151|2533|1756|1068|347136|15853|30781|3316|13798|3745|60087|5638|19232|3271|84352|10265|28250|5006|4723|1589|75565|7452|3093|819|24801|4460|2454|1079|127064|7205|125735|7236|1329|945
0400000US08|563101|15894|73281|5701|22037|2493|844|590|1594|673|256|189|1312|536|17591|2201|7929|1488|8671|1735|991|572|440|303|20190|2750|482|271|324|313|2893|977|14061|2292|1418|621|1012|516|0|220|2418|816|295|259|1193|605|219|224|0|220|711|459|0|220|28636|4271|62|102|2055|1410|388|321|1252|755|181|179|1397|633|1068|773|580|523|237|232|310|301|57|92|4471|1455|1374|664|6816|1600|253|217|6445|2186|1690|1058|0|220|135395|6053|40919|4001|19890|2530|16978|2571|538|397|2374|791|4680|1220|13992|2112|2357|1901|45463|5207|5208|2526|1116|991|306|392|26107|4250|3111|1180|1099|804|4465|1887|1296|742|676|517|921|694|1158|1043|41413|4609|1179|1138|1509|987|2431|1215|1148|668|633|551|12906|2060|544|428|3675|1245|17388|4003|0|220|7191|1565|0|220|40|66|416|513|835|556|1124|605|457|321|299|274|1192|735|596|399|521|379|951|654|714|663|0|220|46|73|409|404|40969|6038|17288|3429|1461|1228|10631|2638|2342|1839|778|550|144|202|759|951|123|144|1050|780|2358|1902|1252|1582|613|897|323|432|170|286|6663|2389|1238|1063|461|380|1837|1235|270|428|2857|1716|3536|1259|3453|1248|83|111|10745|3845|0|220|2802|1583|955|1430|1329|1043|2828|1544|163|184|1913|2311|755|713|0|220|379|496|6455|1853|4184|1190|2770|881|1414|682|0|220|21|41|771|568|1479|1330|307001|12178|290313|11975|9513|2684|110|132|537|479|3613|1528|24|40|1524|963|0|220|129|157|3228|2225|0|220|0|220|244|248|0|220|104|191|237071|10513|506|562|2136|1121|7016|1862|8790|3604|4879|2308|207613|9826|4097|2376|2034|974|0|220|43729|6480|1574|595|2073|1369|4869|2089|3124|1397|11857|3890|695|490|169|194|7295|2400|219|263|11091|3142|763|520|16688|1864|16567|1872|121|213
0400000US09|590608|19751|112378|7021|19682|2560|218|215|2949|864|1594|707|1656|701|12997|2069|5921|1552|5635|1368|1441|450|268|320|11481|1773|340|308|533|347|3026|1032|5623|1081|1188|583|771|374|0|222|29312|3308|2182|847|13567|2498|11965|2088|684|491|1548|771|50|83|51903|6043|5384|2268|896|564|2024|1117|644|693|858|888|1565|919|643|350|109|111|536|380|211|240|607|620|21771|3655|2271|942|5778|2658|880|992|5195|2139|2531|1053|0|222|135303|5092|36107|3717|26852|3478|23668|3477|1127|498|2057|705|2697|982|6205|1549|353|406|63679|5664|1422|1188|7489|3063|0|222|37327|4360|3127|1389|267|203|2900|1418|9342|3133|1008|928|613|554|184|234|25120|3496|0|222|3288|1858|812|456|2040|1058|486|449|10148|2018|625|311|1431|672|6290|1726|0|222|10316|2246|124|149|252|238|490|519|319|230|1287|791|504|444|68|114|1565|891|595|507|1504|909|2085|779|208|196|1223|1628|92|148|81|136|26221|4207|2872|1108|154|244|505|366|713|506|0|222|285|348|228|222|240|262|747|576|1743|1029|125|205|1323|909|259|410|36|55|6164|2086|767|441|1822|1186|2470|1384|294|321|811|917|1828|923|1753|909|75|144|11770|3335|513|705|4384|2032|142|221|714|519|4195|1588|714|551|347|330|158|256|603|509|1844|1338|1547|696|1184|508|1140|516|44|75|0|222|0|222|0|222|363|387|315159|15968|301207|15562|117455|9515|101|131|1955|1570|3597|1641|1556|1129|33391|5624|0|222|25640|5706|44820|5007|1903|956|286|440|2820|1194|191|213|1195|669|58370|9106|190|197|1443|704|4899|2043|13276|3444|8471|3287|23604|4401|5723|5382|764|498|0|222|125382|11152|3639|1586|1128|913|28017|5388|2334|1372|19801|4600|41164|6558|4491|1768|17268|4519|1281|700|4823|1881|1436|827|13952|2659|13952|2659|0|222
0400000US12|4996874|46951|444456|15239|101014|6763|2738|1010|9225|2152|1789|796|5098|1681|78638|5312|32862|3367|39368|3728|6408|1464|3526|1054|85733|6377|4143|1419|3993|1409|18473|2971|48313|4266|5706|1159|5058|1536|47|80|76843|5947|9787|1973|33249|3385|10084|2464|474|283|23380|3726|343|249|178248|10540|10631|3004|4986|1411|6299|2461|5937|1817|2672|923|7442|1821|11412|2153|856|521|1615|666|3523|1424|1216|590|24636|3475|12905|2493|38856|5776|3150|1063|29222|4709|12890|2875|2618|1625|523376|12896|95334|6779|67221|6155|54648|5972|5292|1428|7281|1401|11628|2545|16403|2664|82|135|174691|9845|1617|1625|9941|2742|0|243|115289|7964|12695|3434|4127|1573|3978|2313|18121|3990|2414|1073|3925|1762|2584|1919|183261|10003|5811|1792|3912|1287|2517|1032|4578|1833|3345|1255|90044|6376|1010|495|12227|2729|59765|6598|52|89|66395|7077|486|495|1195|668|1223|925|3545|1428|17056|2702|5018|1520|2618|1456|8663|2033|2695|1092|10104|3478|10540|2637|1381|707|234|285|1637|971|3695|1530|97231|10031|16653|4445|697|542|4428|2800|3006|1101|53|86|2898|1508|1008|561|1172|632|3391|2270|6328|3689|1363|1123|2543|2917|537|577|1885|1981|32531|5319|1296|768|16465|4061|10962|3067|2137|1286|1671|931|15825|3348|15668|3336|157|194|21676|6848|484|410|4838|2970|674|792|1450|875|12402|5506|106|130|529|404|113|203|1080|772|4218|1950|9140|1675|7402|1490|5756|1480|1646|647|412|414|377|346|81|134|868|523|3922671|39859|3805803|39786|1911510|34596|21922|3876|6825|2336|1061136|21139|5067|1853|146179|10763|2853|1408|360243|18367|231649|14961|5955|2219|4106|1662|47699|6147|3794|2025|14082|2716|713680|24792|4199|1157|20502|3411|55166|7062|100318|10167|121834|11338|255717|13418|136253|12223|19525|2643|166|222|1180613|29481|66351|6088|9742|2735|173433|10720|27576|4194|332627|14787|51043|6860|38752|5659|102828|10734|13211|2951|358075|21693|6975|2202|116868|8005|115807|7938|1061|573
0400000US13|1274237|24123|96852|6640|24365|2924|840|581|1757|786|164|184|669|381|20122|2648|9882|2101|8361|1567|1879|752|813|488|25891|3050|496|284|941|444|3360|1041|16615|2325|4099|1518|380|262|0|226|6164|1317|763|504|2286|693|807|389|74|124|2184|884|124|163|39957|5008|662|634|1123|576|5839|2714|3308|1528|315|231|927|587|1021|722|742|608|758|527|786|632|0|226|3007|1267|4518|1639|8644|2350|744|476|5857|2092|1706|707|475|359|377602|8141|101735|6029|50129|5107|41072|4588|2330|934|6727|1364|6716|1674|44890|4324|0|226|158178|7780|10012|3337|11394|2832|1729|1504|112071|7218|8808|1878|558|400|992|633|10764|2891|1413|744|390|285|47|79|91688|5882|5346|1918|1685|807|1667|950|4699|1373|2955|1562|21626|3142|475|333|5797|1633|47438|4165|0|226|24349|4991|204|201|60|98|635|509|5366|2976|3042|1526|1103|618|855|741|1212|652|2528|1206|1688|1415|6259|2202|966|480|0|226|431|256|1652|895|144727|11286|47472|7088|4554|2698|18788|4551|13193|3188|2273|1891|2196|1292|1301|1021|886|603|4281|2662|9426|3767|2992|2363|738|615|4373|2510|1323|1184|8800|2669|920|704|3965|1732|2723|1641|822|738|370|334|6921|2139|6613|2067|308|365|69038|8488|310|360|14385|3427|690|493|4442|2002|38198|6465|1497|1115|1154|877|3465|2014|4897|1850|3070|1738|5192|2180|2317|1137|1692|1022|625|454|165|152|0|226|2335|1792|375|284|649864|16316|631070|16070|129202|9074|3184|1131|2647|1195|16983|2832|1203|916|15047|2952|728|487|18146|4845|53384|6168|731|821|1120|605|11850|3222|608|620|3571|1345|375030|13170|637|465|2969|1392|39978|5551|53989|7995|24913|4415|239566|11433|7456|2933|5522|1790|0|226|126838|9507|4087|1355|845|496|24933|5044|2626|1026|36532|4794|6411|1905|11253|2948|9048|2115|3377|1654|26805|5132|921|578|18794|2387|18258|2343|536|402
0400000US17|1878890|26918|364777|15948|31634|4185|1004|604|6836|1902|388|392|2318|1923|20556|2935|9632|2006|9430|2030|1494|739|532|334|29649|3700|1633|609|1026|639|4836|1140|18189|2411|2143|776|1767|1369|55|96|30409|3606|9342|2108|16540|2357|745|685|0|206|3699|1167|83|99|271453|14880|7032|2163|6313|2204|6862|2244|14767|3247|2752|1061|4050|1218|2472|1184|957|401|10405|3186|4380|1530|5033|1621|120468|8496|14135|2892|18698|4491|6697|1981|39266|6492|7166|1509|1632|1110|578552|10824|141001|7730|91098|6364|77051|6583|5367|1414|8680|1681|7848|1958|37725|4417|4330|1622|235971|11233|5082|3396|3116|1639|98|157|171911|10572|8492|1992|2634|1638|2476|1187|34292|5052|1596|1177|2067|1069|4207|1879|138762|8104|7557|4207|2211|817|2326|968|3807|1269|3127|1161|95125|6026|1199|514|6253|2115|17035|3095|122|146|56025|5933|646|620|813|432|720|467|12058|2263|5194|1372|10253|2969|1519|764|6329|2822|3006|1311|5950|1898|5609|1659|708|372|2297|1795|923|701|6793|1995|86716|8847|11106|2739|412|509|3641|1815|2241|1043|347|570|1070|1032|1094|1260|561|530|1740|1040|8962|3029|2634|1370|1798|1549|3345|1717|1185|909|14752|3376|2455|802|4684|2423|4242|1859|2051|1626|1320|803|4668|1926|4579|1923|89|117|45493|7059|34|60|11500|3875|723|778|328|460|27199|6171|484|440|246|402|2185|1172|2794|2254|1735|1547|5939|1414|5343|1343|3844|1214|1499|746|396|501|0|206|0|206|200|217|842906|16834|826035|16239|32381|4721|478|646|161|191|9122|2542|90|154|5042|1933|619|876|4937|2254|9212|2049|0|206|306|318|1718|1000|0|206|696|490|691915|16502|5400|1903|906|402|11814|2688|26200|4652|23312|6166|617398|16781|4864|2139|2021|1026|0|206|101739|9677|6713|2398|1568|1352|7632|1769|3931|1747|26153|4812|23029|7173|175|143|9215|3219|257|267|22116|5732|950|751|16871|2687|16743|2664|128|207
0400000US18|432652|13055|38946|4361|7895|2040|5|10|743|589|46|85|152|174|6866|2003|3688|1582|2929|1192|249|235|83|134|8410|1636|551|766|88|149|1079|459|5254|1291|1136|575|302|283|0|208|3254|1712|765|439|1105|638|49|84|0|208|1335|1438|0|208|19200|3439|558|523|301|261|1205|614|986|1018|226|195|658|387|452|322|814|924|274|230|308|314|1267|679|2746|1290|1374|596|3248|1218|679|613|2838|1131|1266|657|187|230|136859|5517|32274|3672|19194|2722|16139|2578|1151|546|1904|720|5768|1955|7206|1571|106|141|46942|5164|1837|1054|712|619|0|208|35410|4489|1103|825|0|208|770|718|5739|2536|813|589|381|521|177|186|48598|4699|15530|2821|786|621|738|572|861|642|2061|1203|15382|2821|38|77|4099|1661|9103|1987|0|208|7944|2140|0|208|77|127|63|99|810|638|423|391|1422|1003|583|566|335|285|1137|1221|633|450|802|785|188|337|1247|914|224|239|1101|752|46071|7218|10427|2426|759|989|2043|1052|2096|1131|521|589|1070|953|360|358|1218|969|2360|1369|5437|2673|948|926|637|636|3850|2579|2|6|4172|1228|333|337|2642|1250|557|573|320|417|320|269|2389|1286|2389|1286|0|208|22677|5952|0|208|884|518|828|685|1064|1334|15963|5310|801|711|74|121|1618|1810|1445|974|969|706|1989|1274|1012|620|647|509|365|316|0|208|958|1050|0|208|19|51|208787|10128|202216|10080|20449|5819|210|184|427|390|3626|1673|229|279|1831|810|137|252|12465|5357|531|467|238|305|152|157|542|383|0|208|61|104|153221|8275|994|1066|543|509|11279|2626|10481|2671|15169|4734|111126|7633|2621|1289|1008|699|0|208|28546|5465|1580|781|333|247|3423|1424|3440|3145|4132|1783|1059|698|481|337|1882|1017|0|208|11715|3487|501|528|6571|1250|6421|1254|150|151
0400000US21|201672|11100|22332|2911|3898|997|383|408|535|371|30|51|268|236|2607|729|1315|616|1120|503|172|167|75|126|6262|1129|86|109|401|261|1305|494|3831|837|517|468|122|158|0|206|825|471|118|159|437|383|0|206|0|206|270|215|0|206|11173|2277|272|315|224|243|2985|1544|755|672|564|460|68|110|182|197|194|184|44|70|0|206|0|206|393|343|312|248|1415|731|81|100|2382|913|1302|845|174|295|51880|3145|12441|2277|5849|1168|5127|1100|153|127|569|334|3422|1167|3170|1387|0|206|17705|2427|102|167|514|618|1065|891|9205|1667|1877|821|86|148|3268|1583|812|462|462|478|314|265|0|206|15975|2834|2054|1161|1453|1196|398|405|709|451|965|728|6967|1773|0|206|1015|716|2414|951|0|206|5531|1763|0|206|420|407|0|206|2008|1205|209|246|659|464|91|118|41|72|369|414|0|206|1333|942|184|200|0|206|217|366|228|276|29142|7026|9330|3790|0|206|1677|1189|1118|719|120|204|2233|2192|261|215|603|808|3318|1996|7112|3464|60|110|4063|3112|2986|1858|3|6|4898|2190|4|8|1577|1562|1570|1277|858|892|889|850|930|490|881|481|49|87|6560|2633|0|206|957|722|0|206|827|861|1110|773|628|894|399|633|99|166|2540|1839|312|449|705|337|448|225|359|196|89|114|0|206|0|206|233|266|24|36|97613|5485|92173|5587|33770|5079|79|143|0|206|27831|4406|0|206|1103|674|220|222|2178|1516|1484|1047|305|346|0|206|570|599|0|206|0|206|47948|4722|176|201|411|386|1452|897|8258|2533|2865|1306|33027|3566|776|662|921|587|62|119|10455|2189|555|528|687|751|1216|625|146|230|3860|1508|727|552|45|74|1580|895|28|46|1542|747|69|92|5440|1269|5440|1269|0|206
0400000US24|1051891|20145|81281|6036|17373|2171|422|262|1666|552|135|164|691|455|13943|2285|7085|1898|6514|1487|344|222|516|333|18278|2335|522|380|936|538|5082|1561|9721|1693|1169|521|528|337|320|542|11316|3075|2396|1017|4128|1416|886|567|0|225|3906|2558|0|225|33730|4093|1515|794|1023|459|287|420|1440|819|130|159|1034|502|2189|926|469|352|1374|927|851|625|0|225|2784|896|2114|1104|8207|2257|860|533|7344|2105|2109|829|584|432|312476|8988|95247|5641|57106|5161|43298|4869|3460|1103|10348|2249|5667|1460|31670|3617|804|719|122422|7981|4079|1986|10699|2722|150|184|58941|5189|13405|2739|421|411|10959|3634|18920|3376|3171|1180|1505|1169|172|259|72334|6214|6243|2955|2337|1238|1003|448|295|211|1138|689|39204|4665|931|636|2589|758|18594|3623|0|225|21216|3885|291|483|34|56|483|446|2557|1654|2820|1022|1969|1027|729|423|1558|676|2057|1382|1588|1169|4930|1429|356|347|1380|1363|464|343|1257|869|203098|12955|46179|6121|3843|1569|27926|4669|4764|1794|568|514|1887|1158|3984|1572|697|441|2510|1248|37688|6196|29233|5467|1890|1393|2800|1395|3765|2656|11621|3317|707|588|4548|2097|3337|1607|2189|1287|840|892|4818|1861|4601|1841|217|210|98060|10701|166|172|15095|4054|1986|908|6630|2760|54092|7139|882|481|8314|2493|5435|3048|5460|1534|4732|2431|2111|925|1469|710|962|513|507|470|0|225|0|225|354|360|288|434|452925|13617|443235|13766|82263|9145|350|316|2586|1356|4480|1473|1123|714|14336|4269|1272|902|13985|4537|30252|4999|728|650|318|524|10823|3632|528|678|1482|1025|278616|12901|388|394|2060|1118|139063|11198|49756|8039|35424|7929|38790|4721|9403|3605|3732|1427|0|225|82356|7648|4850|1513|8691|2792|10330|2676|5359|1822|13181|3962|6744|2637|7348|2060|15158|3624|694|667|6223|2167|3778|1677|9690|2244|9411|2227|279|267
0400000US25|1263580|22521|213355|9253|38234|3284|412|300|11307|1938|343|219|1318|466|23834|2831|11714|1926|10319|2064|1801|819|1020|501|23809|3148|412|204|1606|724|6857|1506|11445|2076|1707|835|1782|686|0|225|75537|5857|8686|2091|15361|2561|46874|4607|9299|1927|4616|1400|0|225|75520|6572|13033|3210|2015|1106|1631|883|3050|1466|535|427|972|505|1051|444|469|376|1278|807|1600|1109|1001|863|10939|2006|2921|1102|17204|3400|809|444|10306|2458|6706|2177|255|294|378123|8071|140879|6760|115748|6455|96392|5672|10177|2061|9179|1830|7277|1627|17768|2959|86|115|120516|8731|3678|2514|3545|1371|143|248|85605|8191|8327|2232|3107|2195|6193|2544|5881|1638|2226|993|1325|840|486|450|79061|6574|1140|709|17175|3210|1667|764|4423|1848|1676|723|12274|2536|1053|377|4824|1361|34829|4050|0|225|36899|5321|1217|571|780|526|694|518|3815|1476|4959|1958|1098|693|1071|847|10975|2792|1207|671|3138|1123|6949|2013|250|253|38|64|708|450|768|527|114750|8252|29627|4801|476|518|7702|2096|9083|2756|476|335|1786|1149|7583|2969|893|598|1628|826|7289|2394|2283|1198|1747|1039|2375|1619|884|524|19864|4051|1195|907|6021|1398|11347|3738|602|385|699|456|2788|1019|2698|994|90|139|53154|6138|23535|3844|11894|2452|1127|1033|2506|1269|8933|2542|1234|731|3055|2389|0|225|870|546|2028|840|3832|1175|3508|1127|2775|1051|733|361|0|225|0|225|0|225|324|441|553520|18017|527034|17523|196132|12380|510|349|3552|1178|4699|2005|1008|771|98590|9329|0|225|59203|6567|18024|3213|545|466|218|227|7179|2851|523|743|2081|986|114897|10255|1306|1283|2662|1807|38826|6199|36540|5712|17565|5718|11065|2322|3236|1881|925|737|2772|2050|216005|15397|4125|1476|2180|1200|130323|13341|5815|1816|32576|5627|17282|4391|2345|1516|9955|3119|1855|1083|9084|2335|465|778|26486|2592|26154|2516|332|272
0400000US26|737552|19397|124021|7724|14738|1864|405|244|869|405|179|140|177|176|12479|1710|4290|866|7023|1547|1166|446|629|413|24218|2551|614|361|584|346|3318|929|16479|2328|3007|662|216|150|0|184|12120|1770|1625|683|7907|1423|205|149|0|184|1378|539|1005|489|72886|6907|11139|2990|1201|621|3389|1246|2531|2108|595|298|1240|548|692|334|539|312|526|337|397|310|3205|1047|11978|2812|10460|2130|5481|1380|698|394|8884|3258|9931|2392|59|93|374958|12868|67172|5295|38219|3867|30914|3411|2237|1140|5068|1246|9013|2198|19874|3151|66|113|128303|6864|2342|1431|25813|4781|1470|990|79101|6551|4292|1697|128|177|2435|1706|10590|2264|1527|686|363|285|242|241|44440|4419|4420|1206|1213|752|975|551|2253|784|1679|1173|18753|2842|342|340|2533|860|12272|2419|0|184|133006|9383|371|324|517|382|286|338|54014|6206|1363|646|4201|1329|980|675|25521|3801|3255|1852|12864|6871|1373|815|971|782|26595|4587|695|468|2037|942|48110|6803|14869|3969|546|724|2663|1431|2810|1464|241|314|2474|1856|0|184|563|412|5572|2048|4305|1697|851|544|1394|1011|1433|1013|627|690|11522|3307|1691|1631|4928|1944|1471|648|2528|1579|904|638|1702|663|1532|619|170|211|14327|3441|99|130|2760|1388|399|652|1061|814|6520|2159|1096|1011|729|547|28|40|1635|1160|1385|1202|2471|929|2154|873|1546|718|608|363|0|184|70|127|247|293|0|184|187992|8379|150215|7354|19099|3666|767|892|0|184|7693|1984|0|184|2312|1117|34|57|1889|685|5765|2270|131|219|0|184|76|84|31|53|401|434|108595|6886|285|174|977|578|3411|1314|11179|3392|3148|1007|87016|5794|1010|790|1455|1401|114|189|22521|3148|1913|798|118|133|8917|1901|945|493|3116|907|732|347|39|67|1399|616|421|440|4838|2476|83|117|37777|4024|37767|4022|10|17
0400000US27|495352|14371|42452|3785|9313|1461|273|226|1125|620|400|233|756|420|6222|1137|2823|864|3179|777|220|179|537|480|6970|1177|25|28|87|82|1261|506|3974|854|1012|570|573|257|38|62|2144|875|363|354|722|365|144|181|0|157|915|526|0|157|24025|2832|410|531|1009|530|2173|1113|1021|544|130|16|876|537|446|453|146|135|173|209|789|596|15|23|1782|786|1076|597|8139|1994|11|22|4959|1335|870|542|0|157|173322|6556|32770|3483|17718|2729|13724|2225|1842|956|2152|944|3957|1530|11057|1812|38|65|46337|5542|2009|2138|1824|1033|187|219|35537|4947|1521|674|321|242|2027|1120|794|580|1444|722|481|604|192|178|85925|5000|6298|1700|5157|1521|1081|643|20485|2785|578|330|14551|3252|826|523|19127|3025|17822|3042|0|157|7615|2660|0|157|186|248|9|17|2550|1598|288|219|318|249|86|141|433|522|1000|1080|79|80|335|231|353|297|1796|1306|182|221|675|586|141090|10500|84447|8557|2167|1070|24318|4262|18939|3817|34622|5531|350|333|711|803|262|244|3078|2159|7521|3181|5555|2724|367|585|1531|1696|68|96|5690|1625|250|368|1471|580|1387|785|2290|1342|292|275|2341|984|2130|910|211|322|39699|5521|0|157|5186|1783|417|464|21346|4837|8092|1916|63|104|330|400|3018|2021|1247|877|1392|910|3033|1107|1824|773|1421|708|403|231|30|53|52|93|579|527|548|287|135455|6634|125237|6523|9912|3156|632|801|0|157|838|455|36|59|4299|2115|0|157|2666|2398|1149|714|57|99|18|6|152|215|0|157|65|72|92019|5820|117|159|1369|1238|9015|3080|5960|1557|7592|2020|64597|5395|3022|1749|205|138|142|196|23306|3484|723|469|328|276|1960|869|484|365|5976|1814|6035|1940|2540|1088|1372|818|244|288|2941|1407|703|567|10218|1582|10139|1578|79|142
0400000US29|296832|12018|50234|5957|6896|1578|0|197|791|552|66|109|177|222|5862|1406|1886|605|3594|1254|382|224|0|197|9891|1581|871|696|278|354|744|374|7051|1415|613|367|334|252|0|197|3245|844|609|349|1667|748|20|33|20|33|849|463|100|168|29696|5258|668|605|658|503|10981|3148|1009|671|706|497|222|273|221|208|765|640|8|13|280|166|0|197|1717|699|1776|1526|4040|2272|185|169|4850|1426|1610|949|506|588|103790|4723|30695|3828|20226|3541|16832|3435|471|419|2923|998|3754|1626|6715|1845|0|197|34328|3953|2371|1558|180|152|164|196|23552|3214|2251|1242|230|228|1687|1066|2135|808|1079|685|163|190|516|441|31593|3542|1669|987|708|622|799|546|585|396|1015|405|10692|1943|336|322|3576|1708|12213|2695|0|197|6580|2332|121|197|135|158|92|167|684|567|220|213|1304|1234|218|234|186|181|718|687|298|374|2192|1696|124|155|0|197|288|319|594|363|38199|6779|18010|4621|917|1047|3557|1531|6416|3080|1409|1048|1078|1089|1304|1273|353|499|2976|1380|4497|1589|1567|1088|1034|782|1896|1153|0|197|1586|1252|0|197|641|383|181|175|764|1122|0|197|2003|1891|1950|1881|53|101|10798|3215|0|197|2656|1499|222|319|309|371|4655|1705|1981|1857|137|168|347|336|491|534|1305|944|5129|1309|1283|519|1035|534|248|219|0|197|270|387|2861|1054|715|489|99480|6864|93585|6606|14825|3510|0|197|68|110|5128|2139|0|197|2542|1324|0|197|2871|1326|2629|1058|0|197|156|174|1343|1592|18|37|70|124|65090|4956|233|255|1090|1008|8845|3139|3681|1196|4691|2285|45145|4264|937|540|468|410|0|197|13670|2550|941|896|1137|993|2414|1036|469|367|3118|1118|1453|1111|454|364|2223|926|88|149|1147|742|226|276|5895|1251|5883|1252|12|19
0400000US32|614779|14925|45144|4964|10195|1980|34|59|1052|600|138|170|476|470|8419|1735|2753|952|4679|1304|987|585|76|72|11271|2081|608|500|640|664|2411|1111|6284|1579|1136|580|153|148|39|65|3552|1234|376|304|1815|995|215|313|0|232|1114|635|32|53|20126|3208|1463|1259|45|78|886|597|1625|697|349|297|947|484|1220|586|47|75|582|531|291|410|188|310|2313|953|1855|1012|3605|1206|564|387|2372|1264|1774|1514|0|232|196600|7498|47675|4432|27486|3451|20381|3064|2163|679|4942|1211|5552|1707|14637|2796|0|232|21596|3922|1245|908|1238|862|0|232|8657|2433|4554|1529|290|324|616|522|3161|2635|1727|1181|66|82|42|69|118965|7652|552|749|2233|1760|3428|1308|1202|593|1068|566|93776|7618|328|260|5203|2006|11175|3473|0|232|7996|1865|925|706|59|99|287|383|305|326|2529|1235|623|360|52|87|663|380|85|138|271|306|1449|893|53|93|0|232|695|759|368|519|20680|3678|12430|3476|901|643|8430|2851|930|639|1405|1637|193|240|0|232|506|680|65|81|0|232|0|232|0|232|0|232|0|232|2413|1106|296|255|783|628|1124|798|155|258|55|88|1660|1192|1660|1192|0|232|2542|1252|0|232|847|540|67|115|140|227|1085|843|194|271|0|232|0|232|209|342|1635|1281|5545|1688|2734|1209|2259|976|475|420|161|160|150|245|892|728|1608|964|346810|11755|334720|11520|32259|5581|156|146|291|243|25435|5446|57|96|2090|1032|0|232|486|438|1905|949|44|74|0|232|1286|640|265|415|244|281|275364|11026|1587|1275|899|500|32994|6462|13536|3027|5972|2744|213151|10024|5708|2799|1163|586|354|415|27097|4456|2789|1033|479|398|4531|1719|1417|649|6194|2262|779|631|89|110|6962|2309|473|640|3158|2206|226|238|12090|2628|12039|2630|51|81
0400000US34|2250431|28235|294269|9844|39670|4212|1032|801|9363|2328|965|831|1197|557|26557|2853|11924|2060|12415|1857|2218|717|556|350|31166|2726|1968|796|960|456|5475|1284|14640|2037|3293|954|4629|897|201|251|77311|4462|6710|1761|34034|3501|26565|3638|83|101|9110|1991|892|848|145165|8338|5781|2073|4477|1405|3396|2033|3208|1179|2577|1065|3986|1372|4205|1087|1310|810|818|482|2386|1000|6090|2024|43396|5139|7705|2032|17237|3141|2550|1561|25124|3370|10919|2764|957|712|702075|10428|188577|8676|109976|7077|82854|6493|9769|1864|17353|2631|11879|2929|66588|6231|134|170|332592|11350|2136|1125|16645|3400|0|225|272003|11956|5837|1864|791|473|3253|1623|24783|4327|3673|1376|2439|1067|1032|766|122647|7233|2054|1219|464|464|3150|1876|534|346|3335|1587|88714|6524|1078|735|1983|846|21200|4282|135|227|53921|5688|648|521|1253|934|3043|1500|690|559|9329|1994|4877|1612|1380|741|4836|1624|2192|920|6983|2074|16212|2790|1147|635|534|639|797|391|4338|1635|124411|9687|12365|2869|266|414|2367|1212|5776|1889|92|165|1089|622|737|545|236|265|1802|1077|2474|1458|1132|1117|32|53|443|627|867|617|41103|6109|3777|2152|28324|4030|5743|2176|1922|1686|1337|1561|3384|772|3212|755|172|322|60742|8414|0|225|15717|3723|632|429|5711|2022|29705|6167|1312|990|2805|1618|1326|1302|3534|1598|4343|2420|3105|966|2697|900|2555|874|142|147|266|253|0|225|0|225|142|105|1126571|22001|1108141|21960|391730|19214|74|113|4950|1979|44021|5474|4553|1922|206836|14776|1464|897|51258|7497|52741|7201|2024|1095|1681|1253|18004|3384|945|562|3179|1209|304502|15681|1709|1141|20175|4741|51894|7021|63397|7669|37204|6917|119179|9948|7448|2043|3496|1577|0|225|411909|17750|10683|2385|2686|1445|52290|6715|6647|2243|104166|8663|106173|9467|25494|4930|75506|8258|6811|1839|17070|3995|4383|1393|18430|3171|18009|3126|421|329
0400000US36|4517943|40534|671383|17904|92540|6381|1710|712|24583|3811|1713|733|3501|1203|59496|5342|31532|3659|24836|3565|3128|969|1537|594|82500|6284|5293|1807|4096|1093|27176|4099|36391|4260|5446|1271|4010|1071|88|148|129778|8869|30519|4064|73125|5039|9233|2276|86|95|16248|3655|653|543|364958|14385|28111|5419|16118|4774|9339|3008|2999|1059|5386|1597|8372|2036|9738|1880|2026|663|5504|2461|4395|1161|5537|2900|53260|5779|13247|2122|62427|6220|5150|2140|86292|7613|47057|6489|1607|926|1330190|16695|591647|13299|477371|13208|402333|12264|44570|5569|30468|3654|26258|3287|87864|7252|154|160|445807|13843|6821|2821|137894|9899|1837|845|147227|9389|17260|2748|8030|1972|16111|3453|63374|7723|7333|2038|34293|5477|5627|1675|160557|7531|13708|2447|3241|980|6086|1963|1644|675|10310|2124|84075|6429|4024|1392|12262|2241|25130|3119|77|127|128215|8481|2434|1223|4398|1663|13791|3312|6894|2322|27046|3455|6156|1938|1287|545|9117|2119|4419|2724|7501|1962|19728|2920|1382|753|19951|5356|4111|1653|3964|1459|223031|14273|20730|4268|569|596|3276|1346|5326|2231|2093|1035|2134|1070|1171|978|1817|976|4344|1922|9283|3011|1504|908|949|519|2451|1666|4379|2576|48557|6071|3028|1317|28329|5528|12594|3447|3156|1294|1450|635|8963|2248|7934|2158|1029|611|124764|11670|242|216|45252|8137|4234|2244|3563|1467|32030|4502|6828|2457|2408|1356|5601|2418|24606|6425|10734|2933|17170|3140|16193|3063|13944|2932|2249|913|0|218|0|218|0|218|977|749|2276169|29353|2218060|29337|1048444|24214|2209|1015|21417|3589|22744|3074|9802|2626|479251|18445|17756|3667|136065|9410|225432|12308|11174|3884|15555|4027|85562|7686|9011|2568|12466|2185|523222|23037|6142|1940|5412|1455|123611|11890|85373|10598|54241|6965|221673|12881|12543|3760|13913|2651|314|433|646394|21086|19178|3163|7041|2471|37196|6337|12291|2711|123642|10328|185436|13305|156674|10559|61617|7224|3884|1426|31618|5772|7817|1875|58109|5143|58055|5137|54|83
0400000US37|995127|22367|103738|7431|26177|3137|542|472|1207|509|782|624|901|476|21684|2837|9186|1770|10937|2185|1561|745|1061|615|27262|3044|814|601|600|445|4335|1293|17993|2496|2726|947|693|252|101|140|13742|2490|2825|979|5188|1572|2181|1103|207|203|3548|1454|0|222|36042|4982|712|743|390|432|2225|1640|966|472|531|390|1548|1029|1090|628|600|415|186|177|2457|1274|204|202|3536|886|3094|1104|7311|2290|519|438|8658|2947|2015|776|515|433|263548|7569|55304|4488|34841|3373|28373|3163|1595|604|4873|1563|5161|1385|15302|2825|0|222|120423|7712|4212|2654|3948|1794|286|337|90351|7321|3030|884|2268|1152|7221|2517|7113|2370|1406|577|192|155|396|492|71160|6233|4261|1518|3277|1557|1073|515|6291|1655|1237|683|23180|3327|576|376|5796|1961|25469|4356|0|222|15551|2692|88|157|241|221|345|397|646|396|1082|778|1668|838|1662|1156|1560|856|752|525|2411|1931|2807|1187|1003|644|1160|556|126|153|1110|679|85394|10046|21509|5873|1645|1233|4402|1690|4866|2146|4241|3905|811|540|2876|2461|357|292|2311|1483|7081|3066|1233|1035|334|305|4360|2854|1154|1116|13336|3508|463|434|5827|2272|2876|1310|2503|1223|1667|2073|6767|1864|6449|1881|318|297|30398|5484|71|130|7123|3003|568|661|4942|2035|5757|1766|741|603|3763|2524|2959|1862|4474|2247|6303|2690|2527|909|1616|558|1227|500|389|300|41|72|0|222|777|752|93|127|539920|15789|519555|15612|59016|6997|1293|791|562|392|9325|2250|644|628|17867|4967|836|1037|7752|2296|13185|2811|0|222|0|222|5668|1650|481|646|1403|1000|371253|13461|114|137|4285|1780|37809|5492|29713|6240|62805|7369|223339|10727|8330|2117|4658|1330|200|251|89286|9115|7807|2376|1409|850|14147|3142|4445|2140|28398|4943|4626|1480|1510|856|8445|1992|508|354|17287|4677|704|625|20365|2821|19807|2795|558|328
0400000US39|621863|13762|99232|7213|15547|2737|500|312|1046|444|131|153|484|389|13130|2655|4662|1273|7644|1891|824|528|256|236|19482|2375|1686|640|95|149|1593|736|14104|2102|1296|544|606|419|102|125|11460|2214|3977|1142|5811|1521|310|300|0|208|1350|818|12|21|52346|5223|2778|1064|1459|962|4055|1268|973|476|2285|857|1512|847|2162|766|372|327|361|317|818|457|683|378|3043|835|4425|1316|6898|1785|1167|796|15695|3946|3660|1233|397|597|259426|8360|56422|4713|34721|3772|28736|3711|1812|656|4173|1216|9158|2228|12021|2442|522|601|117026|8754|2001|1588|4944|1917|11073|2759|65439|5721|5716|1779|349|253|14118|3990|7978|2243|1653|886|3312|2293|443|285|50923|4569|2874|1606|3179|1633|1592|766|2270|1226|1872|1584|21161|3138|186|168|4482|1141|13307|2659|0|208|32807|6052|228|197|277|276|643|738|6380|3067|1987|1012|4900|1796|1417|839|2946|910|4816|2273|3789|1688|3235|1235|440|316|1292|974|457|372|2248|1012|99689|10941|30813|5084|1609|1065|5913|2111|2963|1150|14462|3946|2383|1913|1292|921|524|381|1667|950|8364|2831|2797|1452|1133|834|3903|2009|531|541|15242|4399|4622|3074|3388|1291|5339|3213|692|443|1201|899|1602|651|1602|651|0|208|38820|6780|0|208|12977|3351|1103|966|3078|1432|10138|2615|3457|2676|1396|913|629|478|6042|2512|4848|3629|1654|714|1537|701|1190|581|347|296|0|208|0|208|52|77|65|81|161862|8465|147712|8407|22645|3630|97|120|186|277|1795|649|51|99|7184|2513|412|434|5264|2587|5268|1595|0|208|126|235|1918|1052|124|189|220|268|94289|6705|1318|1092|1009|797|7738|2240|14871|3040|9002|2753|55864|5899|2652|1537|1835|850|0|208|30778|4076|1420|637|561|503|5669|1974|1345|731|7396|2361|1384|649|704|474|4376|1336|291|223|7058|2414|574|493|14150|2119|14015|2104|135|120
0400000US40|247828|8309|18497|2052|4756|1014|0|165|378|257|118|139|343|344|3893|896|1575|552|2194|642|124|140|24|41|6852|1182|432|312|141|132|490|293|5231|923|404|448|154|106|0|165|1397|712|537|417|171|165|0|165|0|165|689|523|0|165|5492|1241|72|124|0|165|161|195|294|351|0|165|239|180|122|110|0|165|60|102|139|160|262|414|248|179|329|265|1728|782|121|160|1269|591|448|348|0|165|66659|2980|12231|1807|7718|1493|6533|1284|418|337|767|359|1291|452|3149|727|73|130|18188|2689|2267|1154|1428|729|0|165|8418|2048|2648|1057|109|147|1336|1076|1711|707|255|249|0|165|16|26|31355|2646|3950|1278|180|141|212|164|3234|729|1097|503|6474|1315|56|99|2246|629|13906|2241|0|165|4832|1389|0|165|0|165|0|165|1020|817|147|153|538|350|516|474|435|380|497|608|543|374|418|281|432|302|0|165|286|235|53|85|11788|2303|1925|1142|0|165|165|166|1251|994|0|165|349|465|0|165|0|165|160|130|804|693|717|678|0|165|0|165|87|128|1923|1007|67|107|345|258|1338|906|173|205|0|165|795|361|795|361|0|165|5718|1386|0|165|1298|752|88|164|435|425|3247|932|53|91|188|301|100|161|309|275|623|297|2922|869|1016|575|918|553|98|119|0|165|605|494|823|437|478|279|147962|6375|144096|6282|5921|1603|72|119|0|165|2731|1320|39|67|752|485|0|165|1019|704|593|297|0|165|0|165|417|349|109|177|189|164|123960|5911|212|196|241|260|2779|1199|11884|2873|7216|2546|101443|5560|0|165|185|127|0|165|14215|2984|373|299|627|498|1427|742|67|86|2620|866|1049|960|203|234|1517|664|158|196|6159|2159|15|24|3866|970|3858|972|8|15
0400000US41|406692|10651|56800|4849|16730|2318|497|298|1212|493|739|492|1272|745|12888|2180|5588|1423|6558|1672|742|359|122|148|13318|2070|1071|733|103|115|2380|983|7521|1659|1808|667|435|426|0|217|2961|787|291|231|1243|510|244|208|31|53|1023|573|160|217|23453|3596|0|217|1027|629|1240|1171|618|622|209|276|595|408|891|623|60|102|126|160|381|281|0|217|1281|565|1935|929|5328|1419|0|217|7997|2382|1765|817|338|357|134734|5829|44189|4702|27427|3918|19125|3251|2263|966|6039|1654|7143|1646|9561|1832|58|101|29546|4038|1751|1346|1352|782|0|217|17995|2924|3417|1235|852|471|2092|1212|594|367|774|678|440|387|279|204|51589|4643|663|423|1756|1016|1077|675|4230|1539|1403|755|16147|2782|422|324|5915|1948|19910|3081|66|99|9338|3060|352|467|130|161|0|217|3884|2461|1197|723|580|500|412|420|279|289|1114|793|418|409|521|363|292|335|117|146|42|70|72|117|14772|2765|8584|2744|306|434|4951|2392|1268|1131|621|697|0|217|535|712|756|523|147|191|233|272|117|183|0|217|116|193|0|217|1499|723|111|193|697|676|465|337|52|91|174|211|1574|678|1574|678|0|217|2014|1043|0|217|0|217|55|86|212|381|1040|850|46|92|145|200|0|217|516|530|868|641|6713|1223|2460|814|1571|765|889|371|655|594|819|620|1773|887|1006|580|193673|7800|178759|6970|5934|1611|139|165|47|78|4329|1358|0|217|699|601|0|217|372|401|60|99|0|217|48|96|155|175|0|217|85|98|161340|7401|76|104|1225|831|6206|2541|12923|3863|1404|1043|136581|7433|2301|2041|524|324|100|170|11485|2438|1146|700|108|182|1766|814|838|591|3304|1562|655|531|0|217|2067|941|179|200|1154|788|268|344|14914|2254|14779|2231|135|225
0400000US42|1031320|23270|173823|11324|26155|3169|400|247|5205|1583|621|435|662|332|19029|2522|8668|1769|8550|1531|1811|770|238|207|25031|2479|1160|417|1366|680|4060|1008|16316|1829|1334|502|690|383|105|179|25149|3327|5423|1263|12516|1858|3479|1573|0|190|3455|1278|276|312|97475|10123|5296|1711|7725|3235|2100|832|2208|1152|864|539|2903|1383|1495|572|675|393|543|395|1337|731|253|419|11124|2034|3866|981|16794|3330|1694|755|23045|4231|15553|4208|13|22|376696|9949|113453|7140|82486|5553|72104|5453|3983|1238|6399|1590|3889|931|26473|3318|605|962|160156|9836|1926|1048|10954|3162|9676|2677|102547|7374|4939|1547|3102|1446|6453|1712|12368|3354|1816|998|5531|2341|844|637|70780|6334|2316|1327|5686|1804|2969|1372|2894|1216|3278|1487|20854|3076|621|336|5034|1998|27128|3463|0|190|31066|4668|679|507|1376|805|1572|893|3638|1841|2303|1304|1095|587|789|428|2501|841|1833|930|4807|1664|8229|2934|1263|750|90|148|891|675|1241|1019|98386|10525|15839|3011|711|563|4898|1706|5021|1678|538|490|533|409|1260|640|716|449|2162|1302|6704|3216|3535|2658|677|545|762|700|1730|1180|25047|4974|5285|1983|10534|3474|4513|2196|3754|2033|961|856|1999|716|1961|716|38|63|45677|6567|20|40|8400|3369|839|722|14828|5377|11195|2726|99|124|3470|1639|766|484|6060|2618|3120|1748|1884|603|1433|527|827|399|606|341|0|190|177|269|144|238|130|149|380531|17778|365481|17498|176588|13214|335|310|788|585|4162|1501|762|576|116186|9778|553|501|21839|5216|22531|4524|70|115|361|305|6098|1647|25|45|2878|1232|108118|9895|669|612|1530|758|4125|1439|18828|5373|13439|4124|63617|6663|3536|1965|2070|812|304|404|80775|8479|3269|1058|1094|738|22415|5837|1728|754|17267|3473|11078|3368|5437|1853|9292|3214|1865|1231|5072|1464|2258|1412|15050|2033|15038|2033|12|20
0400000US45|316438|11012|53982|5435|11213|1882|196|229|587|351|251|312|383|225|9533|1798|3679|1137|5372|1580|482|298|263|225|14901|2417|405|268|507|381|2305|699|10771|2354|535|394|378|443|0|225|5090|1394|557|433|2137|885|809|438|166|199|1438|881|149|248|22727|3699|376|285|557|376|231|254|561|709|53|94|375|326|596|377|521|486|308|268|1693|1268|0|225|2325|1023|1905|995|3651|1259|154|237|9143|2737|278|276|51|84|68296|3737|13308|2934|7298|2176|5020|1573|598|473|1680|1063|2365|1005|3645|1617|0|225|25706|3464|89|155|653|673|0|225|21738|3507|411|359|618|378|788|954|881|618|161|191|127|147|240|295|24339|3081|649|482|1688|908|293|298|840|645|146|116|11494|2261|0|225|2539|964|6690|2084|0|225|4854|1485|565|620|39|71|188|315|435|484|377|382|464|555|380|484|628|715|196|379|110|142|953|668|242|223|41|79|236|271|89|148|14270|3598|6209|3284|46|79|1217|1774|1460|1551|0|225|515|563|1339|934|268|222|1364|1825|364|295|245|193|0|225|119|196|0|225|2101|967|26|45|1210|843|563|389|0|225|302|405|2070|1213|2070|1213|0|225|3396|1193|170|220|1017|724|267|421|212|229|1193|622|0|225|60|99|19|38|458|477|130|214|1779|832|797|627|767|621|30|59|0|225|0|225|524|465|458|303|178111|8136|168319|7946|22573|3795|28|54|73|123|4313|1663|449|603|4482|2158|283|345|2569|1805|8955|2699|0|225|0|225|776|574|301|489|344|355|108709|7494|77|131|1710|1040|6370|2229|9464|2586|17427|3977|68030|6467|4332|1996|1299|600|0|225|37037|4741|1363|838|632|387|6186|2292|1609|1203|13199|2682|1874|1069|1289|1040|1975|947|1547|1083|7363|2891|0|225|9792|1819|9557|1800|235|271
0400000US47|432020|14082|39746|4186|9557|1869|0|226|991|860|253|284|520|389|7648|1708|3240|1588|3896|1308|512|421|145|226|10201|1368|279|209|271|243|746|372|7884|1301|908|467|91|143|22|39|3548|1219|639|459|1197|674|93|162|0|226|1619|1007|0|226|16380|3196|0|226|132|162|255|239|238|315|197|182|165|163|363|316|40|68|198|160|129|152|280|473|1099|628|2741|1277|3917|1253|891|760|4838|2028|897|614|60|99|104475|5002|22866|2660|14014|2537|12922|2456|552|318|540|412|2778|806|6043|1626|31|105|39251|4584|920|978|3404|1893|709|847|26230|3236|3082|1442|220|279|1593|841|1790|907|769|805|534|530|0|226|30628|3756|2868|1598|1554|925|731|507|4471|1481|959|595|10383|2145|736|688|1341|850|7500|1541|85|118|10937|3008|97|156|0|226|59|98|1861|939|1102|838|1460|784|621|768|595|645|1099|915|522|611|725|507|223|183|2456|1812|117|141|793|889|47979|9238|16414|7345|816|655|5278|4623|4030|2938|3512|3259|356|404|1010|1000|491|280|921|642|3197|1907|423|496|1292|1345|1359|1212|123|211|14783|3815|55|96|13136|3614|760|500|616|608|216|353|1523|664|1523|664|0|226|10216|2908|0|226|3875|1871|470|434|155|182|3662|1497|146|251|100|171|316|406|1492|1338|1846|1319|4586|2107|2225|936|1951|936|274|282|0|226|0|226|1196|1562|1165|1386|235234|10455|224587|10297|21288|4683|612|366|133|180|8549|2771|0|226|4198|2020|140|250|1958|1762|5253|2348|0|226|0|226|287|255|0|226|158|243|170802|9346|545|440|243|292|9476|3036|30789|4805|35184|6274|90315|7117|3079|2058|943|524|228|321|32497|5835|1267|790|37|69|3420|1165|901|650|6612|2384|1825|954|326|293|932|570|215|316|16350|4658|612|719|10647|2465|10553|2454|94|118
0400000US48|5455292|65136|230321|11319|57959|4862|2103|1357|3755|978|2106|852|2859|1140|46391|4554|19749|3566|21637|2760|5005|1592|745|344|62224|5386|2164|830|1258|596|12627|2505|38045|3393|6827|2414|1165|530|138|117|22116|3502|3170|1090|5915|1535|1413|683|95|125|11478|2902|140|205|87557|8107|2562|1552|1582|956|5399|1938|2395|940|3511|2742|4357|1220|2325|1039|497|387|1806|1019|759|518|852|802|7665|1734|8614|2270|18831|4114|3579|1804|18962|4118|3861|1423|465|522|1306855|19054|240712|11153|160589|9444|120624|9096|11702|2761|28263|3386|17937|2910|61769|4614|417|379|588346|20322|25033|7763|24400|4420|2299|2006|381074|13864|39697|5915|4485|2105|30931|5302|72631|9245|3603|1437|1475|706|2718|1506|384655|13564|11355|3479|9898|2653|5642|1746|8336|2537|7442|2030|121605|7901|4074|1577|14589|2591|201714|14221|0|236|90130|7955|455|456|1664|863|175|175|19627|4864|5762|2133|8366|2254|5198|1996|13834|2503|6918|2363|6390|1903|13154|3474|5986|2081|156|191|2445|1149|3012|1142|325090|21264|87282|10003|9803|3772|30334|6762|26049|5977|2575|1674|3580|1294|3968|1748|3993|1641|6980|2696|27856|6900|11318|3510|7117|3708|7695|3024|1726|1110|31199|4959|4242|2207|14703|3620|5360|2408|5221|2294|1673|911|13612|2763|12415|2517|1197|1097|153697|13371|0|236|21361|6629|2281|1242|4168|1649|113155|10421|1211|568|2330|1218|1861|1280|7330|2766|11444|3516|18624|6274|8673|1808|6449|1639|2224|884|659|413|0|236|2258|1359|7034|5813|3574402|50703|3519129|49980|170973|15114|990|731|701|586|100126|12159|1836|949|16889|3633|1585|1875|7010|2091|20954|4980|1922|1053|410|250|12450|3036|2344|1442|3756|1672|3033028|43354|2166|935|7595|2042|222428|15298|100382|12010|205178|16194|2449122|43578|36148|6588|9439|2101|570|456|315128|18115|15983|3961|4287|1804|37793|6474|6512|1946|75354|9177|14851|3790|4364|1648|31388|5609|2509|1006|120790|13347|1297|659|55273|6545|55082|6531|191|238
0400000US49|303784|10656|25051|3106|6383|1278|359|299|323|227|232|179|291|259|5100|1124|1389|470|3502|1005|209|217|78|93|7385|1588|281|245|429|400|944|683|3959|1161|1038|455|734|405|0|206|2242|1297|377|289|345|223|146|208|110|200|1374|1105|0|206|9041|2035|718|1152|203|238|1573|1371|388|347|200|263|135|142|96|118|0|206|169|280|0|206|60|100|394|333|472|302|2351|925|95|156|1382|680|805|395|0|206|63283|4313|18475|2308|12342|1866|9344|1570|630|333|2368|823|2333|765|3230|989|570|632|18452|3618|1790|1209|397|363|1085|1558|10682|2780|1789|900|135|156|1498|763|677|588|75|117|125|211|199|251|21339|3146|785|736|680|428|504|474|728|481|772|660|8847|2644|217|240|2449|1120|6357|1721|0|206|5017|2056|148|143|0|206|88|152|2509|1553|422|434|156|255|178|221|79|91|76|132|356|503|1005|981|0|206|0|206|0|206|0|206|11594|2805|3422|1557|0|206|155|254|238|273|1220|995|231|372|41|75|253|346|1284|1112|1252|1333|577|853|0|206|559|560|116|151|2515|1827|0|206|409|340|255|200|1349|1198|502|631|1116|517|1116|517|0|206|2242|1326|0|206|619|463|89|136|123|197|1322|1263|0|206|89|141|0|206|0|206|1047|1174|9579|1785|1525|594|681|333|844|503|0|206|299|269|133|183|7622|1513|194277|8199|186080|7962|3039|993|128|156|46|77|603|466|0|206|1369|623|0|206|609|467|284|346|0|206|0|206|0|206|0|206|0|206|122196|6719|98|159|665|504|8560|2542|9610|2771|3231|1647|99616|7047|109|178|307|260|0|206|60845|7640|3266|1365|1162|648|7641|2547|5392|2697|8211|2553|3302|1478|315|354|14093|4598|796|660|16563|3837|104|169|8197|1427|8173|1428|24|43
0400000US51|1163486|17234|105115|7128|25703|2727|699|410|2262|704|904|528|1304|650|20052|2491|8680|1792|9865|1710|1507|665|482|260|30284|3585|777|405|1222|668|6068|1892|18395|2752|2557|923|1028|385|237|385|12381|2491|2455|1097|4926|1807|1884|855|120|113|3116|1203|0|216|36430|4009|1002|676|862|564|1987|983|1630|926|562|357|1436|567|1054|581|233|176|487|269|1008|554|468|393|3053|1047|2740|928|9699|2338|465|363|7197|2151|2547|917|317|380|485326|9675|111816|6345|50674|4965|40212|4422|3989|1132|6473|1424|9765|2035|48842|4481|2535|2277|212957|10902|29739|6329|13212|3471|510|530|95255|6696|19714|3415|2144|1148|10141|2321|37260|6814|1321|657|2870|2130|791|529|118409|7347|1497|766|4280|1387|3741|1193|2809|1101|2003|973|52665|4849|1684|749|8835|3140|40895|4459|0|216|40299|5277|857|701|1584|984|807|971|6694|2007|517|377|3223|1825|1998|1297|6379|1824|3304|1953|4580|2223|7168|1869|1651|693|682|403|855|464|1845|813|131950|8823|52478|5945|3131|1454|37518|5440|5023|1976|1736|878|854|667|794|468|500|525|2922|2026|3919|1456|1758|788|367|367|700|478|1094|980|30387|4225|1369|831|12575|2761|10489|2811|4538|1475|1416|906|2766|980|2716|972|50|85|40141|5412|56|91|15710|2955|842|753|3631|1878|9451|2758|1128|956|3861|1634|1458|1034|4004|2087|2259|1055|2517|714|2042|646|1451|538|591|329|165|177|52|76|0|216|258|254|438578|13708|423695|13433|42839|5638|670|439|895|529|4693|1384|442|363|6717|2161|339|328|6342|2534|15479|3054|517|390|421|396|4476|1570|621|744|1227|542|271749|12413|932|712|3091|1448|106593|10302|40474|6590|42413|6959|66853|7564|5230|1996|6163|3675|0|216|109107|8328|6848|2035|24593|4784|8669|2088|3125|1223|16739|3061|6747|2064|3553|1420|28294|5329|1445|926|8416|2541|678|457|14883|1751|14706|1745|177|174
0400000US53|1213933|21847|164598|9846|30245|3491|1185|902|1625|553|1492|556|1879|675|23387|2815|10586|2004|10970|1675|1831|714|677|463|30486|3441|931|395|910|498|4132|1005|20264|3205|3189|958|896|476|164|194|6257|1432|1129|566|2471|828|877|528|94|157|1691|650|89|103|97157|8679|218|259|3182|1443|4334|2133|3096|1026|1148|805|1949|663|769|366|815|478|614|317|5328|2237|94|110|4376|1468|6431|1485|21048|4131|704|499|36466|5746|6585|2048|453|451|552746|9506|191994|9338|124160|8206|95020|7527|10975|2025|18165|2706|16922|2352|48478|5326|2434|1509|161833|9954|7372|3035|2374|1334|646|726|121384|9110|10404|2178|2956|1060|5709|2953|4815|1700|1126|646|1865|1007|3182|1608|174387|8277|2907|1503|10017|2511|6009|2019|4698|1508|2083|772|75105|5932|2164|770|11124|2634|60280|6325|0|217|23307|5325|1166|1020|1409|894|470|377|7142|4198|2876|1135|1267|1006|846|516|1940|1201|1948|1023|947|611|2618|861|159|152|199|261|320|247|1225|639|79803|7442|52620|5844|3516|1892|21343|4225|14637|3520|6731|2599|2328|1361|1505|883|1097|845|1463|877|3364|1428|146|249|1047|961|1746|825|425|557|8817|2561|103|167|3282|1404|803|653|3796|1574|833|1020|3894|1717|3026|1123|868|1293|9554|2681|0|217|2358|1308|425|393|1457|1421|2517|1106|583|441|701|555|205|354|1308|937|1554|1547|24090|3466|6199|1443|4355|1186|1844|829|3511|1370|4647|2486|3564|1386|6169|1811|392696|13654|349693|12570|11444|2143|100|166|0|217|1929|679|0|217|1755|1056|0|217|1006|772|4449|1170|110|191|328|531|938|718|119|191|710|576|296935|11682|1045|1084|588|345|14325|3906|13501|3895|6526|3343|255586|11611|3738|2215|1626|770|0|217|41314|6715|2549|1172|458|319|10548|3070|3085|1924|9476|3024|2718|1342|206|228|6656|2569|266|315|5110|2201|242|297|43003|3988|42917|3996|86|72
0400000US55|307899|10365|42652|3601|8492|1780|122|106|1040|537|381|260|514|271|6197|1590|2273|708|3544|1383|380|314|238|176|11436|1411|557|278|56|66|1580|657|7441|1223|1058|503|691|364|53|87|2802|981|320|260|1225|577|165|195|0|159|991|648|101|173|19922|2531|1354|861|621|444|728|476|535|452|879|430|739|559|1070|563|387|216|361|265|282|239|447|336|4058|1223|1087|479|3349|875|221|168|2008|810|1796|744|0|159|104752|4450|21632|3208|13071|2531|10933|2248|686|435|1452|592|1503|602|6719|1503|339|365|32084|3629|1384|1359|1263|746|0|159|22259|2801|3316|1474|322|378|988|646|1746|1110|410|470|168|206|228|227|44494|3626|4398|2147|1429|1159|486|342|14370|2358|1055|816|7896|1532|36|62|11332|2308|3492|1310|0|159|6027|2185|0|159|107|146|111|155|1572|1578|198|157|579|453|491|395|588|489|569|417|96|102|1059|905|293|281|0|159|364|316|515|493|21689|3727|8219|2276|0|159|2124|932|1605|1020|1648|1717|597|569|1553|1281|533|517|159|202|1410|1126|160|201|950|1031|54|95|246|300|3275|1183|398|407|1719|966|337|241|795|863|26|44|1991|1198|1991|1198|0|159|6732|2368|0|159|1832|1014|148|235|472|465|2260|1079|0|159|0|159|0|159|2020|1721|62|102|2141|979|2042|963|1539|801|503|325|0|159|75|124|0|159|24|41|136665|7299|128756|6887|6549|1518|182|218|102|185|1848|838|0|159|1910|1013|0|159|288|381|1962|832|0|159|0|159|57|93|0|159|200|241|100146|6235|344|347|723|597|868|579|2626|853|2432|1298|90096|6049|2855|1524|202|179|0|159|22061|3705|1375|749|213|189|3217|1381|847|410|7367|2884|2338|1335|170|185|2618|1235|228|282|3468|1894|220|186|7909|2060|7876|2065|33|61
04000A0US04|979333|22892|86400|7156|21693|2603|828|518|2142|998|442|354|982|463|17035|2422|7336|1308|8490|1586|1209|841|264|268|21424|3387|1421|743|1032|1262|3106|1157|12541|2023|2007|677|1277|1007|40|67|8068|1581|1796|828|4090|1146|1003|651|334|329|1179|526|0|232|35182|5290|1653|1853|955|966|4654|1830|1152|708|858|691|2302|1325|1610|903|314|265|150|157|819|497|121|157|4399|1416|6659|2352|5413|1486|1202|755|1657|640|1264|648|33|55|209204|7839|44420|4861|25648|3778|19803|3479|2287|953|3558|1191|5516|1368|13256|2750|0|232|69926|8408|2136|1255|1441|1018|285|311|53214|8111|8100|3032|778|450|556|424|1529|818|581|394|549|355|757|825|70798|6611|3699|3213|1720|798|1844|769|1167|902|2499|1157|34205|4537|830|417|4050|1310|20784|4228|0|232|23702|4101|0|232|71|127|48|80|10367|3083|2032|860|2623|1588|1078|561|2059|891|415|341|2331|1432|2071|1024|459|342|46|87|102|120|358|264|54041|10075|24202|6962|42|72|1610|1006|5794|3240|2196|1098|1943|2437|5031|4608|1007|995|6579|3796|6301|2559|2312|1619|2658|1674|1140|840|191|308|5063|1901|556|529|2054|1008|575|460|1238|945|640|522|2569|875|2559|880|10|18|8100|3144|0|232|2312|1886|221|368|205|240|5056|2480|0|232|89|143|0|232|217|336|7806|4690|4809|1631|2194|854|854|347|1340|776|345|431|203|305|1151|1230|916|544|624879|18877|586334|18631|19124|3618|206|207|428|534|9045|2503|0|232|4029|2173|0|232|1087|706|2626|1563|0|232|38|64|1435|753|76|127|154|235|541278|19574|375|333|935|468|9812|2103|17078|3988|2173|883|507789|20078|1843|1012|675|398|598|959|25932|4150|1403|669|464|399|3440|1229|1081|674|8983|2183|1858|888|292|290|4386|2399|485|524|3388|2003|152|191|38545|4281|38483|4263|62|103
04000A0US06|10615681|59637|669850|15680|152325|6421|5376|1333|15485|2087|2969|815|8202|1387|116989|5762|54617|3501|55066|4565|7306|1392|3304|968|148315|7507|5893|1432|5856|1298|40618|5145|71212|4990|16762|2130|7554|1491|420|249|79727|5734|11358|2140|29853|3335|24490|3451|6889|2068|13672|2343|354|256|287604|11742|2171|1290|11289|2197|8135|2702|8696|2555|4453|1279|8793|1693|9094|2210|3879|1209|2255|874|9512|2330|902|471|21087|2690|23436|3783|85194|6845|3894|1211|69748|6267|15066|2506|1879|806|4305600|31276|1399061|22027|976521|17614|692652|16101|101772|6298|182097|8454|96808|7179|315679|14764|10053|4200|983259|25030|78590|9350|22006|5076|297|291|574129|19876|204744|11151|7851|1768|19505|4116|52971|6542|13266|2887|6236|1832|3664|1121|1594353|24857|28563|4480|51046|5767|30351|3473|41744|5059|19225|2922|819934|21397|12360|2333|65512|5890|525431|18897|187|172|312448|15527|90612|8118|6585|2411|5085|2154|44082|6481|34289|5451|15253|2771|6698|2477|33702|4010|7967|2335|26522|4678|26089|4067|3558|1437|7444|2530|4562|1750|16479|3235|203801|12167|51928|5170|6369|2914|20271|3040|9065|2389|2676|1324|2300|968|3881|1516|2232|846|5134|1561|7560|2120|4715|1775|506|423|756|535|1583|906|67290|8404|5181|1828|41519|5493|9660|3195|6778|3932|4152|1499|18491|2678|18312|2678|179|290|55328|7274|250|251|7814|1930|1120|698|1655|910|35802|6806|1795|729|2640|1330|867|747|3385|1354|3204|1737|89814|5972|31535|2972|23239|2406|8296|1899|31462|4141|2124|1594|612|489|24081|3841|5346616|45573|5220136|44437|68159|5724|637|523|1361|594|25983|3264|336|544|8339|2428|1063|936|7118|2036|13716|2547|472|472|310|240|5039|2380|1304|834|2481|1124|4805874|44230|15646|2875|14145|2526|444502|19662|333471|17702|79773|9976|3826897|38907|79533|8258|10151|2533|1756|1068|346103|15850|30329|3241|13798|3745|59755|5656|19232|3271|84336|10263|28250|5006|4723|1589|75332|7499|3093|819|24801|4460|2454|1079|126480|7178|125151|7205|1329|945
04000A0US08|552569|15839|71411|5698|21361|2536|844|590|1594|673|228|185|1312|536|16943|2235|7691|1478|8302|1758|950|561|440|303|19607|2742|482|271|324|313|2733|967|13712|2269|1356|598|1000|515|0|220|2292|811|295|259|1067|589|219|224|0|220|711|459|0|220|28151|4283|62|102|2055|1410|319|297|1223|756|181|179|1397|633|1068|773|580|523|237|232|310|301|57|92|4399|1449|1374|664|6594|1503|253|217|6352|2164|1690|1058|0|220|133707|5992|40632|3948|19780|2528|16898|2577|538|397|2344|789|4515|1194|13980|2105|2357|1901|44777|5196|5208|2526|1116|991|306|392|25914|4204|2755|1079|1006|782|4421|1886|1296|742|676|517|921|694|1158|1043|40740|4638|1001|1136|1435|993|2431|1215|1066|677|633|551|12693|2058|544|428|3582|1261|17355|4003|0|220|7191|1565|0|220|40|66|416|513|835|556|1124|605|457|321|299|274|1192|735|596|399|521|379|951|654|714|663|0|220|46|73|367|404|40802|6037|17288|3429|1461|1228|10631|2638|2342|1839|778|550|144|202|759|951|123|144|1050|780|2358|1902|1252|1582|613|897|323|432|170|286|6663|2389|1238|1063|461|380|1837|1235|270|428|2857|1716|3478|1259|3395|1249|83|111|10636|3842|0|220|2733|1585|955|1430|1329|1043|2788|1529|163|184|1913|2311|755|713|0|220|379|496|6350|1847|4079|1187|2665|877|1414|682|0|220|21|41|771|568|1479|1330|300299|12397|284171|12227|9454|2692|110|132|537|479|3596|1527|24|40|1482|974|0|220|129|157|3228|2225|0|220|0|220|244|248|0|220|104|191|231323|10504|506|562|2136|1121|6905|1816|8790|3604|4879|2308|201976|9712|4097|2376|2034|974|0|220|43394|6438|1569|597|2073|1369|4719|2077|3124|1397|11719|3851|653|480|169|194|7295|2400|219|263|11091|3142|763|520|16128|1904|16007|1910|121|213
04000A0US09|590608|19751|112378|7021|19682|2560|218|215|2949|864|1594|707|1656|701|12997|2069|5921|1552|5635|1368|1441|450|268|320|11481|1773|340|308|533|347|3026|1032|5623|1081|1188|583|771|374|0|222|29312|3308|2182|847|13567|2498|11965|2088|684|491|1548|771|50|83|51903|6043|5384|2268|896|564|2024|1117|644|693|858|888|1565|919|643|350|109|111|536|380|211|240|607|620|21771|3655|2271|942|5778|2658|880|992|5195|2139|2531|1053|0|222|135303|5092|36107|3717|26852|3478|23668|3477|1127|498|2057|705|2697|982|6205|1549|353|406|63679|5664|1422|1188|7489|3063|0|222|37327|4360|3127|1389|267|203|2900|1418|9342|3133|1008|928|613|554|184|234|25120|3496|0|222|3288|1858|812|456|2040|1058|486|449|10148|2018|625|311|1431|672|6290|1726|0|222|10316|2246|124|149|252|238|490|519|319|230|1287|791|504|444|68|114|1565|891|595|507|1504|909|2085|779|208|196|1223|1628|92|148|81|136|26221|4207|2872|1108|154|244|505|366|713|506|0|222|285|348|228|222|240|262|747|576|1743|1029|125|205|1323|909|259|410|36|55|6164|2086|767|441|1822|1186|2470|1384|294|321|811|917|1828|923|1753|909|75|144|11770|3335|513|705|4384|2032|142|221|714|519|4195|1588|714|551|347|330|158|256|603|509|1844|1338|1547|696|1184|508|1140|516|44|75|0|222|0|222|0|222|363|387|315159|15968|301207|15562|117455|9515|101|131|1955|1570|3597|1641|1556|1129|33391|5624|0|222|25640|5706|44820|5007|1903|956|286|440|2820|1194|191|213|1195|669|58370|9106|190|197|1443|704|4899|2043|13276|3444|8471|3287|23604|4401|5723|5382|764|498|0|222|125382|11152|3639|1586|1128|913|28017|5388|2334|1372|19801|4600|41164|6558|4491|1768|17268|4519|1281|700|4823|1881|1436|827|13952|2659|13952|2659|0|222
04000A0US12|4980065|47081|442595|15202|100349|6808|2738|1010|9225|2152|1727|787|5038|1685|78095|5357|32669|3389|39061|3732|6365|1450|3526|1054|85308|6333|4114|1422|3978|1404|18446|2972|47959|4259|5706|1159|5058|1536|47|80|76201|5987|9481|1912|32994|3385|10084|2464|474|283|23380|3726|262|228|178119|10560|10631|3004|4986|1411|6299|2461|5937|1817|2672|923|7442|1821|11294|2151|856|521|1615|666|3523|1424|1216|590|24636|3475|12905|2493|38845|5778|3150|1063|29222|4709|12890|2875|2618|1625|521453|12942|95061|6758|67152|6164|54579|5982|5292|1428|7281|1401|11595|2540|16232|2641|82|135|174268|9776|1617|1625|9941|2742|0|243|115224|7965|12695|3434|3783|1457|3978|2313|18121|3990|2414|1073|3925|1762|2570|1919|182171|9921|5662|1796|3912|1287|2517|1032|4564|1831|3345|1255|89435|6335|1010|495|12087|2741|59587|6618|52|89|66258|7066|486|495|1195|668|1223|925|3545|1428|17004|2704|4933|1515|2618|1456|8663|2033|2695|1092|10104|3478|10540|2637|1381|707|234|285|1637|971|3695|1530|97035|10032|16642|4445|697|542|4428|2800|3006|1101|53|86|2898|1508|997|561|1172|632|3391|2270|6328|3689|1363|1123|2543|2917|537|577|1885|1981|32531|5319|1296|768|16465|4061|10962|3067|2137|1286|1671|931|15810|3346|15653|3334|157|194|21676|6848|484|410|4838|2970|674|792|1450|875|12402|5506|106|130|529|404|113|203|1080|772|4048|1963|9140|1675|7402|1490|5756|1480|1646|647|412|414|377|346|81|134|868|523|3909842|40006|3793560|39991|1907261|34750|21774|3883|6825|2336|1059041|21142|5067|1853|146090|10766|2853|1408|359549|18357|230876|15098|5943|2219|3773|1529|47594|6115|3794|2025|14082|2716|706798|25500|4152|1157|20502|3411|55034|7054|100220|10147|119192|11968|252008|13450|136010|12227|19514|2640|166|222|1179501|29545|66330|6088|9742|2735|173311|10713|27576|4194|332362|14818|50858|6865|38644|5667|102819|10734|13211|2951|357706|21687|6942|2192|116282|7980|115221|7912|1061|573
04000A0US13|1248235|24310|93820|6573|23428|2849|840|581|1757|786|164|184|669|381|19185|2567|9637|2092|7846|1600|1702|668|813|488|24791|3004|496|284|941|444|3281|1031|15680|2278|4013|1516|380|262|0|226|5977|1320|716|499|2190|699|763|370|74|124|2184|884|124|163|39149|4942|662|634|1123|576|5839|2714|3308|1528|315|231|699|458|1021|722|742|608|716|523|786|632|0|226|2892|1250|4178|1623|8561|2330|744|476|5857|2092|1706|707|475|359|372896|7955|100484|5984|49348|5003|40616|4642|2005|685|6727|1364|6677|1671|44459|4346|0|226|156537|7694|10012|3337|11236|2813|1729|1504|110588|7186|8808|1878|558|400|992|633|10764|2891|1413|744|390|285|47|79|89892|5826|5346|1918|1593|792|1602|931|4692|1371|2912|1560|20983|3142|475|333|5604|1654|46685|4075|0|226|24331|4991|204|201|60|98|635|509|5366|2976|3042|1526|1103|618|855|741|1212|652|2528|1206|1688|1415|6241|2199|966|480|0|226|431|256|1652|895|144439|11301|47436|7080|4554|2698|18752|4556|13193|3188|2273|1891|2196|1292|1301|1021|886|603|4281|2662|9426|3767|2992|2363|738|615|4373|2510|1323|1184|8785|2669|920|704|3950|1733|2723|1641|822|738|370|334|6875|2139|6567|2068|308|365|68847|8522|310|360|14301|3419|690|493|4442|2002|38091|6477|1497|1115|1154|877|3465|2014|4897|1850|3070|1738|5092|2165|2229|1119|1642|1009|587|452|165|152|0|226|2335|1792|363|283|631988|16426|613952|16130|127743|9103|3184|1131|2577|1195|16779|2913|1203|916|14901|2969|728|487|18120|4845|52557|6189|731|821|1120|605|11751|3206|608|620|3484|1346|360580|12755|583|445|2969|1392|39172|5722|52071|7753|24687|4400|228179|11073|7397|2930|5522|1790|0|226|125629|9466|4087|1355|845|496|24896|5048|2545|988|36378|4791|6116|1888|11139|2919|8757|2056|3330|1659|26615|5142|921|578|18036|2320|17500|2279|536|402
04000A0US17|1868042|26691|363525|15809|31420|4223|936|596|6833|1902|388|392|2318|1923|20413|2957|9540|2024|9379|2029|1494|739|532|334|29425|3690|1633|609|1020|639|4819|1139|18043|2418|2143|776|1767|1369|0|206|30275|3578|9342|2108|16426|2328|745|685|0|206|3679|1168|83|99|270773|14782|7032|2163|6313|2204|6862|2244|14726|3246|2752|1061|4050|1218|2472|1184|957|401|10405|3186|4380|1530|5033|1621|120214|8455|14118|2895|18630|4488|6598|1990|39065|6467|7166|1509|1632|1110|576963|10758|140679|7763|91067|6365|77025|6580|5362|1414|8680|1681|7768|1936|37514|4465|4330|1622|235652|11232|5082|3396|3116|1639|98|157|171813|10559|8492|1992|2626|1641|2476|1187|34079|5014|1596|1177|2067|1069|4207|1879|137897|8080|7557|4207|2211|817|2326|968|3802|1270|3127|1161|94597|5915|1199|514|6192|2124|16764|3131|122|146|55975|5925|646|620|813|432|720|467|12008|2259|5194|1372|10253|2969|1519|764|6329|2822|3006|1311|5950|1898|5609|1659|708|372|2297|1795|923|701|6760|1994|86322|8836|11106|2739|412|509|3641|1815|2241|1043|347|570|1070|1032|1094|1260|561|530|1740|1040|8847|3044|2634|1370|1798|1549|3230|1722|1185|909|14693|3358|2396|789|4684|2423|4242|1859|2051|1626|1320|803|4668|1926|4579|1923|89|117|45273|7020|34|60|11500|3875|723|778|328|460|27199|6171|484|440|246|402|1965|1140|2794|2254|1735|1547|5811|1413|5215|1345|3716|1209|1499|746|396|501|0|206|0|206|200|217|835421|16892|819119|16367|32292|4715|478|646|161|191|9105|2542|90|154|5042|1933|619|876|4930|2253|9147|2045|0|206|306|318|1718|1000|0|206|696|490|686075|16549|5279|1906|906|402|11814|2688|25966|4733|23302|6166|611933|16637|4864|2139|2011|1026|0|206|100752|9674|6506|2410|1568|1352|7523|1766|3931|1747|25909|4820|23029|7173|175|143|9154|3223|244|267|21763|5694|950|751|16302|2621|16174|2597|128|207
04000A0US18|425663|12966|37275|4322|7569|2021|0|208|743|589|46|85|152|174|6545|1971|3596|1581|2700|1164|249|235|83|134|8262|1622|551|766|88|149|1079|459|5106|1263|1136|575|302|283|0|208|2986|1712|744|432|858|578|49|84|0|208|1335|1438|0|208|18271|3405|558|523|301|261|1205|614|825|982|226|195|658|387|452|322|736|926|274|230|308|314|1267|679|2746|1290|1172|545|3082|1178|679|613|2516|1057|1266|657|187|230|135362|5363|31974|3688|19095|2749|16040|2608|1151|546|1904|720|5720|1928|7053|1548|106|141|46758|5154|1837|1054|712|619|0|208|35226|4471|1103|825|0|208|770|718|5739|2536|813|589|381|521|177|186|47597|4731|15484|2821|786|621|738|572|854|642|1995|1183|14536|2815|38|77|4099|1661|9067|2001|0|208|7932|2140|0|208|77|127|63|99|810|638|423|391|1422|1003|583|566|335|285|1137|1221|633|450|802|785|188|337|1235|913|224|239|1101|752|45785|7209|10383|2416|759|989|2043|1052|2096|1131|521|589|1070|953|316|340|1218|969|2360|1369|5437|2673|948|926|637|636|3850|2579|2|6|3968|1273|333|337|2547|1259|543|576|320|417|225|211|2351|1286|2351|1286|0|208|22677|5952|0|208|884|518|828|685|1064|1334|15963|5310|801|711|74|121|1618|1810|1445|974|969|706|1946|1271|969|607|604|500|365|316|0|208|958|1050|0|208|19|51|205295|10046|199116|10031|20375|5804|210|184|427|390|3626|1673|229|279|1831|810|137|252|12465|5357|457|442|238|305|152|157|542|383|0|208|61|104|150445|8338|994|1066|526|517|11249|2624|10458|2671|15103|4722|108629|7636|2478|1293|1008|699|0|208|28296|5448|1580|781|333|247|3423|1424|3392|3149|4119|1786|1059|698|481|337|1768|1001|0|208|11640|3490|501|528|6179|1193|6029|1195|150|151
04000A0US24|1048888|20217|81021|6011|17331|2177|422|262|1666|552|135|164|691|455|13901|2289|7085|1898|6472|1490|344|222|516|333|18208|2340|477|365|936|538|5082|1561|9696|1699|1169|521|528|337|320|542|11226|3072|2396|1017|4038|1403|886|567|0|225|3906|2558|0|225|33672|4082|1515|794|1023|459|287|420|1440|819|130|159|1034|502|2189|926|469|352|1374|927|851|625|0|225|2750|880|2090|1093|8207|2257|860|533|7344|2105|2109|829|584|432|311539|8918|95247|5641|57106|5161|43298|4869|3460|1103|10348|2249|5667|1460|31670|3617|804|719|121768|7883|4060|1979|10699|2722|150|184|58941|5189|13358|2722|421|411|10959|3634|18332|3285|3171|1180|1505|1169|172|259|72260|6218|6243|2955|2298|1243|1003|448|295|211|1138|689|39169|4668|931|636|2589|758|18594|3623|0|225|21007|3860|291|483|34|56|483|446|2557|1654|2820|1022|1969|1027|729|423|1558|676|2057|1382|1588|1169|4721|1373|356|347|1380|1363|464|343|1257|869|202951|12941|46166|6125|3843|1569|27926|4669|4764|1794|568|514|1887|1158|3984|1572|697|441|2497|1257|37688|6196|29233|5467|1890|1393|2800|1395|3765|2656|11621|3317|707|588|4548|2097|3337|1607|2189|1287|840|892|4818|1861|4601|1841|217|210|97926|10710|166|172|14961|4035|1986|908|6630|2760|54092|7139|882|481|8314|2493|5435|3048|5460|1534|4732|2431|2111|925|1469|710|962|513|507|470|0|225|0|225|354|360|288|434|451266|13682|441586|13832|82151|9154|350|316|2586|1356|4368|1489|1123|714|14336|4269|1272|902|13985|4537|30252|4999|728|650|318|524|10823|3632|528|678|1482|1025|277146|12994|388|394|2060|1118|139014|11197|49553|8040|35267|7914|37729|4707|9403|3605|3732|1427|0|225|82289|7634|4850|1513|8691|2792|10330|2676|5349|1820|13181|3962|6744|2637|7348|2060|15158|3624|694|667|6166|2145|3778|1677|9680|2243|9401|2226|279|267
04000A0US25|1263580|22521|213355|9253|38234|3284|412|300|11307|1938|343|219|1318|466|23834|2831|11714|1926|10319|2064|1801|819|1020|501|23809|3148|412|204|1606|724|6857|1506|11445|2076|1707|835|1782|686|0|225|75537|5857|8686|2091|15361|2561|46874|4607|9299|1927|4616|1400|0|225|75520|6572|13033|3210|2015|1106|1631|883|3050|1466|535|427|972|505|1051|444|469|376|1278|807|1600|1109|1001|863|10939|2006|2921|1102|17204|3400|809|444|10306|2458|6706|2177|255|294|378123|8071|140879|6760|115748|6455|96392|5672|10177|2061|9179|1830|7277|1627|17768|2959|86|115|120516|8731|3678|2514|3545|1371|143|248|85605|8191|8327|2232|3107|2195|6193|2544|5881|1638|2226|993|1325|840|486|450|79061|6574|1140|709|17175|3210|1667|764|4423|1848|1676|723|12274|2536|1053|377|4824|1361|34829|4050|0|225|36899|5321|1217|571|780|526|694|518|3815|1476|4959|1958|1098|693|1071|847|10975|2792|1207|671|3138|1123|6949|2013|250|253|38|64|708|450|768|527|114750|8252|29627|4801|476|518|7702|2096|9083|2756|476|335|1786|1149|7583|2969|893|598|1628|826|7289|2394|2283|1198|1747|1039|2375|1619|884|524|19864|4051|1195|907|6021|1398|11347|3738|602|385|699|456|2788|1019|2698|994|90|139|53154|6138|23535|3844|11894|2452|1127|1033|2506|1269|8933|2542|1234|731|3055|2389|0|225|870|546|2028|840|3832|1175|3508|1127|2775|1051|733|361|0|225|0|225|0|225|324|441|553520|18017|527034|17523|196132|12380|510|349|3552|1178|4699|2005|1008|771|98590|9329|0|225|59203|6567|18024|3213|545|466|218|227|7179|2851|523|743|2081|986|114897|10255|1306|1283|2662|1807|38826|6199|36540|5712|17565|5718|11065|2322|3236|1881|925|737|2772|2050|216005|15397|4125|1476|2180|1200|130323|13341|5815|1816|32576|5627|17282|4391|2345|1516|9955|3119|1855|1083|9084|2335|465|778|26486|2592|26154|2516|332|272
04000A0US26|725009|19451|120984|7641|13906|1837|405|244|740|380|179|140|167|177|11822|1673|4057|856|6669|1475|1096|435|593|405|23356|2466|614|361|552|345|3298|932|15740|2228|2936|678|216|150|0|184|11948|1751|1624|684|7736|1404|205|149|0|184|1378|539|1005|489|71715|6836|10989|2994|1182|623|3389|1246|2531|2108|533|279|1228|548|657|332|526|312|526|337|397|310|3180|1047|11572|2808|10341|2141|5380|1382|698|394|8841|3257|9745|2395|59|93|372456|12784|66516|5316|37927|3865|30646|3410|2237|1140|5044|1237|8962|2203|19561|3160|66|113|127617|6876|2342|1431|25813|4781|1470|990|78527|6546|4245|1698|128|177|2435|1706|10558|2266|1527|686|363|285|209|238|43660|4386|4420|1206|1213|752|975|551|2060|756|1679|1173|18463|2861|342|340|2439|859|12069|2404|0|184|132626|9317|371|324|507|381|286|338|53781|6147|1363|646|4147|1341|980|675|25476|3806|3255|1852|12864|6871|1335|793|971|782|26595|4587|695|468|2037|942|47538|6789|14680|3964|546|724|2663|1431|2750|1472|241|314|2474|1856|0|184|563|412|5443|2029|4305|1697|851|544|1394|1011|1433|1013|627|690|11317|3255|1691|1631|4901|1939|1368|620|2528|1579|829|630|1680|660|1510|616|170|211|14200|3452|0|184|2760|1388|399|652|1061|814|6520|2159|1096|1011|729|547|0|184|1635|1160|1356|1201|2368|905|2074|848|1477|700|597|361|0|184|70|127|224|293|0|184|181663|8300|145108|7326|18098|3628|767|892|0|184|7367|1962|0|184|2211|1116|34|57|1789|688|5291|2264|131|219|0|184|76|84|31|53|401|434|104889|6780|285|174|977|578|3411|1314|11030|3394|3108|1004|83499|5733|1010|790|1455|1401|114|189|22121|3138|1913|798|118|133|8878|1895|830|477|2896|876|732|347|39|67|1399|616|421|440|4812|2482|83|117|36555|4025|36555|4025|0|184
04000A0US27|479022|14127|41087|3749|9046|1442|253|228|1114|620|400|233|690|389|6104|1127|2763|863|3121|765|220|179|485|458|6402|1119|6|11|58|78|1247|500|3534|815|966|569|553|259|38|62|2138|876|363|354|716|367|144|181|0|157|915|526|0|157|23501|2809|389|529|988|528|2173|1113|997|543|130|16|876|537|436|453|146|135|173|209|789|596|15|23|1750|790|1030|597|8099|1987|11|22|4629|1355|870|542|0|157|169961|6433|32309|3501|17511|2735|13598|2236|1761|963|2152|944|3940|1528|10820|1805|38|65|45895|5536|2009|2138|1824|1033|187|219|35336|4983|1406|720|261|227|1966|1122|794|580|1439|722|481|604|192|178|83573|5010|6268|1694|4920|1511|1012|637|19695|2756|578|330|13662|3187|826|523|18905|3036|17707|3069|0|157|7509|2662|0|157|186|248|0|157|2484|1601|288|219|318|249|86|141|433|522|1000|1080|79|80|309|232|348|295|1796|1306|182|221|675|586|140621|10512|84400|8556|2167|1070|24309|4265|18910|3815|34622|5531|350|333|711|803|262|244|3069|2158|7521|3181|5555|2724|367|585|1531|1696|68|96|5615|1615|250|368|1434|581|1387|785|2290|1342|254|265|2168|989|1957|918|211|322|39561|5519|0|157|5179|1782|417|464|21215|4836|8092|1916|63|104|330|400|3018|2021|1247|877|1356|906|2237|993|1765|743|1421|708|344|210|30|53|0|157|260|473|182|167|125116|6407|115993|6363|8825|3110|632|801|0|157|838|455|0|157|3269|1968|0|157|2666|2398|1129|714|57|99|17|6|152|215|0|157|65|72|84179|5745|117|159|1355|1235|8598|3031|4893|1495|6565|1834|59898|5361|2463|1733|148|128|142|196|22989|3503|697|467|328|276|1868|885|471|363|5927|1813|5955|1947|2530|1082|1372|818|244|288|2941|1407|656|566|9123|1539|9044|1537|79|142
04000A0US29|283301|11859|48179|5860|6474|1523|0|197|756|552|66|109|177|222|5475|1372|1802|594|3346|1231|327|220|0|197|9148|1513|841|695|278|354|744|374|6433|1359|518|344|334|252|0|197|3117|823|609|349|1616|747|0|197|0|197|792|449|100|168|28991|5168|668|605|658|503|10976|3148|950|637|706|497|222|273|164|196|765|640|8|13|280|166|0|197|1647|696|1776|1526|3849|2310|185|169|4527|1383|1610|949|449|583|101356|4716|29859|3708|19773|3491|16408|3392|471|419|2894|999|3700|1645|6386|1845|0|197|33719|3842|2371|1558|180|152|164|196|23087|3051|2251|1242|230|228|1687|1066|1991|813|1079|685|163|190|516|441|30638|3529|1383|921|708|622|782|539|531|383|1015|405|10267|1921|303|319|3521|1703|12128|2702|0|197|6551|2330|121|197|135|158|92|167|684|567|191|206|1304|1234|218|234|186|181|718|687|298|374|2192|1696|124|155|0|197|288|319|589|362|37678|6765|17827|4596|917|1047|3525|1531|6381|3079|1293|1020|1078|1089|1304|1273|353|499|2976|1380|4474|1590|1567|1088|1034|782|1873|1150|0|197|1586|1252|0|197|641|383|181|175|764|1122|0|197|1860|1889|1807|1878|53|101|10772|3217|0|197|2656|1499|222|319|309|371|4629|1713|1981|1857|137|168|347|336|491|534|1159|908|3632|1046|1113|467|865|471|248|219|0|197|59|89|1756|867|704|487|92456|6661|87021|6457|13842|3427|0|197|68|110|5112|2145|0|197|2235|1309|0|197|2785|1319|2055|986|0|197|156|174|1343|1592|18|37|70|124|60098|4849|233|255|1086|1007|8571|3170|3119|1146|4632|2298|41110|4041|937|540|410|406|0|197|13081|2510|941|896|999|981|2414|1036|469|367|2971|1086|1453|1111|454|364|1993|893|88|149|1147|742|152|239|5435|1293|5423|1294|12|19
04000A0US32|613267|14819|44973|4950|10070|1954|34|59|1052|600|138|170|476|470|8294|1706|2634|930|4673|1304|987|585|76|72|11225|2074|608|500|640|664|2411|1111|6238|1559|1136|580|153|148|39|65|3552|1234|376|304|1815|995|215|313|0|232|1114|635|32|53|20126|3208|1463|1259|45|78|886|597|1625|697|349|297|947|484|1220|586|47|75|582|531|291|410|188|310|2313|953|1855|1012|3605|1206|564|387|2372|1264|1774|1514|0|232|196479|7498|47675|4432|27486|3451|20381|3064|2163|679|4942|1211|5552|1707|14637|2796|0|232|21596|3922|1245|908|1238|862|0|232|8657|2433|4554|1529|290|324|616|522|3161|2635|1727|1181|66|82|42|69|118844|7663|552|749|2233|1760|3428|1308|1202|593|1068|566|93655|7609|328|260|5203|2006|11175|3473|0|232|7996|1865|925|706|59|99|287|383|305|326|2529|1235|623|360|52|87|663|380|85|138|271|306|1449|893|53|93|0|232|695|759|368|519|20680|3678|12430|3476|901|643|8430|2851|930|639|1405|1637|193|240|0|232|506|680|65|81|0|232|0|232|0|232|0|232|0|232|2413|1106|296|255|783|628|1124|798|155|258|55|88|1660|1192|1660|1192|0|232|2542|1252|0|232|847|540|67|115|140|227|1085|843|194|271|0|232|0|232|209|342|1635|1281|5446|1638|2635|1143|2160|924|475|420|161|160|150|245|892|728|1608|964|345689|11684|333599|11446|32259|5581|156|146|291|243|25435|5446|57|96|2090|1032|0|232|486|438|1905|949|44|74|0|232|1286|640|265|415|244|281|274298|10988|1587|1275|899|500|32909|6471|13494|3015|5972|2744|212212|9931|5708|2799|1163|586|354|415|27042|4448|2789|1033|479|398|4531|1719|1362|628|6194|2262|779|631|89|110|6962|2309|473|640|3158|2206|226|238|12090|2628|12039|2630|51|81
04000A0US34|2250431|28235|294269|9844|39670|4212|1032|801|9363|2328|965|831|1197|557|26557|2853|11924|2060|12415|1857|2218|717|556|350|31166|2726|1968|796|960|456|5475|1284|14640|2037|3293|954|4629|897|201|251|77311|4462|6710|1761|34034|3501|26565|3638|83|101|9110|1991|892|848|145165|8338|5781|2073|4477|1405|3396|2033|3208|1179|2577|1065|3986|1372|4205|1087|1310|810|818|482|2386|1000|6090|2024|43396|5139|7705|2032|17237|3141|2550|1561|25124|3370|10919|2764|957|712|702075|10428|188577|8676|109976|7077|82854|6493|9769|1864|17353|2631|11879|2929|66588|6231|134|170|332592|11350|2136|1125|16645|3400|0|225|272003|11956|5837|1864|791|473|3253|1623|24783|4327|3673|1376|2439|1067|1032|766|122647|7233|2054|1219|464|464|3150|1876|534|346|3335|1587|88714|6524|1078|735|1983|846|21200|4282|135|227|53921|5688|648|521|1253|934|3043|1500|690|559|9329|1994|4877|1612|1380|741|4836|1624|2192|920|6983|2074|16212|2790|1147|635|534|639|797|391|4338|1635|124411|9687|12365|2869|266|414|2367|1212|5776|1889|92|165|1089|622|737|545|236|265|1802|1077|2474|1458|1132|1117|32|53|443|627|867|617|41103|6109|3777|2152|28324|4030|5743|2176|1922|1686|1337|1561|3384|772|3212|755|172|322|60742|8414|0|225|15717|3723|632|429|5711|2022|29705|6167|1312|990|2805|1618|1326|1302|3534|1598|4343|2420|3105|966|2697|900|2555|874|142|147|266|253|0|225|0|225|142|105|1126571|22001|1108141|21960|391730|19214|74|113|4950|1979|44021|5474|4553|1922|206836|14776|1464|897|51258|7497|52741|7201|2024|1095|1681|1253|18004|3384|945|562|3179|1209|304502|15681|1709|1141|20175|4741|51894|7021|63397|7669|37204|6917|119179|9948|7448|2043|3496|1577|0|225|411909|17750|10683|2385|2686|1445|52290|6715|6647|2243|104166|8663|106173|9467|25494|4930|75506|8258|6811|1839|17070|3995|4383|1393|18430|3171|18009|3126|421|329
04000A0US36|4505763|40712|666169|17947|91685|6364|1699|712|24491|3795|1645|725|3398|1196|59163|5329|31334|3664|24701|3547|3128|969|1289|560|81474|6291|5270|1810|4096|1093|27107|4089|35846|4275|5166|1274|3901|1022|88|148|129100|8867|30203|4054|72793|5029|9203|2277|86|95|16248|3655|653|543|362303|14394|27939|5419|16118|4774|9144|2994|2999|1059|5347|1593|7613|1743|9738|1880|2026|663|5359|2439|4395|1161|5537|2900|52447|5704|13151|2132|62345|6225|5150|2140|86103|7648|46892|6459|1607|926|1327707|16774|591079|13312|477142|13191|402107|12241|44570|5569|30465|3654|26234|3287|87549|7243|154|160|444751|13964|6821|2821|137894|9899|1837|845|146385|9429|17223|2744|8030|1972|16111|3453|63197|7722|7333|2038|34293|5477|5627|1675|159946|7542|13708|2447|3241|980|6085|1964|1644|675|10292|2124|83535|6423|4024|1392|12230|2248|25110|3123|77|127|127967|8486|2434|1223|4377|1662|13791|3312|6894|2322|26984|3456|6156|1938|1287|545|9117|2119|4419|2724|7501|1962|19695|2921|1382|753|19819|5350|4111|1653|3964|1459|222752|14285|20616|4267|569|596|3276|1346|5301|2231|2093|1035|2086|1060|1171|978|1817|976|4303|1922|9283|3011|1504|908|949|519|2451|1666|4379|2576|48510|6070|3028|1317|28329|5528|12547|3448|3156|1294|1450|635|8924|2249|7895|2160|1029|611|124703|11674|242|216|45211|8144|4234|2244|3563|1467|32010|4509|6828|2457|2408|1356|5601|2418|24606|6425|10716|2933|17138|3135|16161|3060|13912|2930|2249|913|0|218|0|218|0|218|977|749|2271997|29332|2215104|29405|1047954|24203|2192|1017|21417|3589|22533|3081|9802|2626|479176|18455|17756|3667|136039|9410|225325|12311|11174|3884|15555|4027|85508|7688|9011|2568|12466|2185|521851|22974|6135|1938|5412|1455|123611|11890|85163|10603|54241|6965|220616|12846|12446|3762|13913|2651|314|433|645299|21102|19151|3151|7021|2472|37196|6337|12168|2654|123614|10329|185292|13327|156576|10556|61324|7238|3884|1426|31292|5740|7781|1880|56893|5134|56839|5128|54|83
04000A0US37|959651|22139|101445|7335|25911|3089|510|474|1207|509|782|624|901|476|21450|2782|9178|1770|10722|2128|1550|747|1061|615|26477|2955|814|601|554|439|4297|1296|17377|2439|2641|949|693|252|101|140|13576|2511|2820|979|5088|1544|2120|1137|207|203|3548|1454|0|222|34966|4957|712|743|390|432|2225|1640|817|401|531|390|1497|1030|810|576|572|397|186|177|2457|1274|204|202|3330|860|3094|1104|7269|2292|519|438|8412|2916|1941|781|515|433|260574|7403|54528|4398|34142|3294|27674|3067|1595|604|4873|1563|5121|1382|15265|2827|0|222|119642|7571|4212|2654|3948|1794|286|337|90018|7356|3030|884|1892|998|7221|2517|7041|2351|1406|577|192|155|396|492|70038|6153|3830|1388|3277|1557|1073|515|6246|1659|1237|683|22820|3295|394|259|5796|1961|25365|4348|0|222|15256|2652|88|157|241|221|345|397|646|396|1082|778|1668|838|1662|1156|1560|856|708|522|2217|1874|2807|1187|1003|644|1103|550|126|153|1110|679|84204|9992|21141|5851|1488|1213|4252|1674|4866|2146|4241|3905|811|540|2849|2439|323|290|2311|1483|7081|3066|1233|1035|334|305|4360|2854|1154|1116|13256|3529|463|434|5747|2265|2876|1310|2503|1223|1667|2073|6502|1826|6184|1837|318|297|30063|5474|71|130|7123|3003|568|661|4925|2035|5729|1766|741|603|3763|2524|2669|1760|4474|2247|6161|2679|2483|899|1602|557|1213|497|389|300|41|72|0|222|777|752|63|105|510945|15743|491114|15664|56434|7094|1085|725|492|400|8749|2175|644|628|17236|4895|836|1037|7608|2274|12232|2666|0|222|0|222|5668|1650|481|646|1403|1000|347088|13420|114|137|4215|1779|36760|5327|28366|6114|56183|7176|208637|10319|7955|2096|4658|1330|200|251|87592|8925|7807|2376|1118|791|13861|3181|4122|2107|27959|4894|4626|1480|1479|851|8378|1987|508|354|17030|4681|704|625|19831|2773|19273|2742|558|328
04000A0US39|616624|13674|97947|7170|15146|2710|293|232|1046|444|131|153|484|389|12936|2648|4512|1244|7600|1902|824|528|256|236|19183|2387|1552|621|95|149|1585|737|13947|2107|1296|544|606|419|102|125|11375|2215|3904|1134|5811|1521|310|300|0|208|1350|818|0|208|51846|5210|2778|1064|1459|962|4055|1268|973|476|2285|857|1512|847|2162|766|372|327|361|317|818|457|683|378|2956|826|4425|1316|6846|1780|1167|796|15425|3933|3569|1197|397|597|258048|8314|56307|4714|34676|3776|28691|3714|1812|656|4173|1216|9143|2229|11966|2448|522|601|116768|8730|2001|1588|4944|1917|11073|2759|65286|5731|5716|1779|349|253|14118|3990|7873|2230|1653|886|3312|2293|443|285|50040|4540|2823|1604|3179|1633|1270|699|2270|1226|1872|1584|20684|3156|186|168|4467|1141|13289|2658|0|208|32685|6027|228|197|277|276|643|738|6380|3067|1987|1012|4818|1787|1417|839|2946|910|4816|2273|3749|1681|3235|1235|440|316|1292|974|457|372|2248|1012|99583|10938|30755|5085|1609|1065|5913|2111|2905|1149|14462|3946|2383|1913|1292|921|524|381|1667|950|8364|2831|2797|1452|1133|834|3903|2009|531|541|15242|4399|4622|3074|3388|1291|5339|3213|692|443|1201|899|1602|651|1602|651|0|208|38772|6777|0|208|12929|3354|1103|966|3078|1432|10138|2615|3457|2676|1396|913|629|478|6042|2512|4848|3629|1654|714|1537|701|1190|581|347|296|0|208|0|208|52|77|65|81|159392|8404|145334|8322|22645|3630|97|120|186|277|1795|649|51|99|7184|2513|412|434|5264|2587|5268|1595|0|208|126|235|1918|1052|124|189|220|268|91956|6589|1318|1092|1009|797|7620|2285|13795|3083|8936|2753|55060|5816|2625|1531|1593|767|0|208|30733|4074|1420|637|561|503|5669|1974|1345|731|7388|2356|1384|649|704|474|4376|1336|291|223|7021|2411|574|493|14058|2122|13923|2106|135|120
04000A0US40|233346|8256|17514|2075|4624|1000|0|165|325|241|118|139|332|344|3825|894|1550|549|2151|641|124|140|24|41|6221|1178|432|312|100|119|429|282|4726|945|380|448|154|106|0|165|1370|713|537|417|144|161|0|165|0|165|689|523|0|165|5299|1239|72|124|0|165|161|195|294|351|0|165|194|168|122|110|0|165|60|102|139|160|262|414|218|177|329|265|1694|781|121|160|1269|591|364|330|0|165|64737|2944|11784|1807|7349|1476|6226|1288|418|337|705|346|1291|452|3071|722|73|130|18071|2679|2267|1154|1428|729|0|165|8362|2047|2633|1058|109|147|1290|1066|1711|707|255|249|0|165|16|26|30032|2627|3907|1268|152|133|137|140|2418|734|1097|503|6381|1338|56|99|2163|621|13721|2261|0|165|4797|1389|0|165|0|165|0|165|985|812|147|153|538|350|516|474|435|380|497|608|543|374|418|281|432|302|0|165|286|235|53|85|11594|2288|1914|1142|0|165|154|166|1251|994|0|165|349|465|0|165|0|165|160|130|793|694|717|678|0|165|0|165|76|126|1923|1007|67|107|345|258|1338|906|173|205|0|165|664|352|664|352|0|165|5677|1403|0|165|1298|752|88|164|435|425|3247|932|53|91|188|301|100|161|268|273|623|297|2782|856|914|557|816|534|98|119|0|165|567|493|823|437|478|279|136719|6111|133103|5945|5872|1603|72|119|0|165|2682|1319|39|67|752|485|0|165|1019|704|593|297|0|165|0|165|417|349|109|177|189|164|113729|5706|159|184|241|260|2747|1200|11428|2852|7012|2520|91957|5301|0|165|185|127|0|165|13502|2948|333|297|627|498|1381|735|67|86|2240|799|1049|960|203|234|1385|659|158|196|6059|2136|0|165|3616|939|3616|939|0|165
04000A0US41|404758|10683|56662|4860|16681|2335|497|298|1212|493|739|492|1223|740|12888|2180|5588|1423|6558|1672|742|359|122|148|13261|2065|1071|733|103|115|2380|983|7475|1650|1797|668|435|426|0|217|2961|787|291|231|1243|510|244|208|31|53|1023|573|160|217|23421|3600|0|217|1027|629|1240|1171|618|622|209|276|595|408|891|623|60|102|126|160|381|281|0|217|1281|565|1935|929|5296|1419|0|217|7997|2382|1765|817|338|357|134690|5841|44145|4718|27415|3916|19122|3250|2254|968|6039|1654|7143|1646|9529|1840|58|101|29546|4038|1751|1346|1352|782|0|217|17995|2924|3417|1235|852|471|2092|1212|594|367|774|678|440|387|279|204|51589|4643|663|423|1756|1016|1077|675|4230|1539|1403|755|16147|2782|422|324|5915|1948|19910|3081|66|99|9338|3060|352|467|130|161|0|217|3884|2461|1197|723|580|500|412|420|279|289|1114|793|418|409|521|363|292|335|117|146|42|70|72|117|14760|2765|8584|2744|306|434|4951|2392|1268|1131|621|697|0|217|535|712|756|523|147|191|233|272|117|183|0|217|116|193|0|217|1487|723|111|193|685|676|465|337|52|91|174|211|1574|678|1574|678|0|217|2014|1043|0|217|0|217|55|86|212|381|1040|850|46|92|145|200|0|217|516|530|868|641|6713|1223|2460|814|1571|765|889|371|655|594|819|620|1773|887|1006|580|191933|7772|177163|6956|5934|1611|139|165|47|78|4329|1358|0|217|699|601|0|217|372|401|60|99|0|217|48|96|155|175|0|217|85|98|159764|7353|76|104|1225|831|6206|2541|12923|3863|1404|1043|135005|7458|2301|2041|524|324|100|170|11465|2439|1146|700|108|182|1766|814|838|591|3284|1562|655|531|0|217|2067|941|179|200|1154|788|268|344|14770|2253|14635|2231|135|225
04000A0US42|1025814|23201|171831|11351|25622|3147|400|247|5144|1582|606|433|662|332|18589|2485|8627|1770|8151|1489|1811|770|221|204|24431|2476|1160|417|1366|680|4023|1010|15794|1815|1293|498|690|383|105|179|25042|3323|5423|1263|12495|1859|3393|1546|0|190|3455|1278|276|312|96736|10162|5049|1698|7708|3237|2100|832|2208|1152|808|534|2841|1358|1495|572|675|393|543|395|1337|731|253|419|10985|2028|3848|981|16749|3331|1694|755|22929|4236|15514|4207|0|190|375287|9932|112812|7126|82113|5502|71919|5417|3983|1238|6211|1537|3800|929|26294|3315|605|962|159892|9831|1926|1048|10954|3162|9676|2677|102451|7382|4913|1550|3102|1446|6453|1712|12342|3349|1700|997|5531|2341|844|637|70327|6352|2316|1327|5594|1806|2969|1372|2894|1216|3261|1487|20529|3060|621|336|5034|1998|27109|3462|0|190|31015|4659|679|507|1376|805|1572|893|3638|1841|2303|1304|1095|587|789|428|2462|849|1833|930|4807|1664|8217|2934|1263|750|90|148|891|675|1241|1019|98282|10505|15776|3017|711|563|4898|1706|5021|1678|538|490|533|409|1260|640|653|453|2162|1302|6690|3217|3535|2658|677|545|748|699|1730|1180|25028|4970|5285|1983|10534|3474|4494|2187|3754|2033|961|856|1999|716|1961|716|38|63|45669|6565|20|40|8392|3367|839|722|14828|5377|11195|2726|99|124|3470|1639|766|484|6060|2618|3120|1748|1884|603|1433|527|827|399|606|341|0|190|177|269|144|238|130|149|378530|17775|363756|17434|176272|13227|335|310|788|585|4137|1505|762|576|115952|9807|536|505|21839|5216|22491|4525|70|115|361|305|6098|1647|25|45|2878|1232|107003|9869|669|612|1530|758|4023|1435|18703|5392|13439|4124|63263|6650|3088|1868|1984|808|304|404|80481|8469|3269|1058|1070|737|22188|5822|1728|754|17267|3473|11061|3367|5411|1854|9292|3214|1865|1231|5072|1464|2258|1412|14774|2061|14762|2061|12|20
04000A0US45|310207|11089|53222|5443|10950|1858|196|229|587|351|251|312|319|219|9334|1782|3611|1152|5255|1562|468|296|263|225|14595|2392|405|268|507|381|2272|683|10498|2326|535|394|378|443|0|225|5054|1401|557|433|2112|893|798|437|166|199|1438|881|149|248|22572|3692|376|285|557|376|231|254|561|709|53|94|375|326|596|377|521|486|308|268|1693|1268|0|225|2325|1023|1758|983|3651|1259|154|237|9135|2737|278|276|51|84|67619|3765|13270|2939|7284|2180|5006|1578|598|473|1680|1063|2365|1005|3621|1621|0|225|25649|3460|89|155|653|673|0|225|21681|3505|411|359|618|378|788|954|881|618|161|191|127|147|240|295|23862|3099|649|482|1688|908|293|298|840|645|146|116|11324|2275|0|225|2462|969|6460|2072|0|225|4749|1487|565|620|39|71|188|315|330|455|377|382|464|555|380|484|628|715|196|379|110|142|953|668|242|223|41|79|236|271|89|148|14116|3608|6131|3283|46|79|1217|1774|1427|1555|0|225|515|563|1339|934|268|222|1319|1823|364|295|245|193|0|225|119|196|0|225|2075|963|0|225|1210|843|563|389|0|225|302|405|2039|1218|2039|1218|0|225|3377|1190|170|220|1017|724|267|421|212|229|1193|622|0|225|60|99|0|225|458|477|130|214|1638|823|797|627|767|621|30|59|0|225|0|225|439|449|402|287|173612|8077|163953|7851|21855|3834|28|54|73|123|4197|1648|449|603|4482|2158|283|345|2532|1810|8390|2716|0|225|0|225|776|574|301|489|344|355|105872|7533|77|131|1710|1040|5964|2145|9420|2582|17194|3983|65876|6477|4332|1996|1299|600|0|225|36226|4671|1363|838|632|387|5945|2272|1609|1203|12870|2682|1874|1069|1289|1040|1875|937|1547|1083|7222|2899|0|225|9659|1817|9424|1802|235|271
04000A0US47|422996|14415|38152|4183|9160|1816|0|226|991|860|189|259|430|321|7405|1715|3084|1567|3809|1275|512|421|145|226|9463|1315|248|201|241|238|746|372|7456|1267|730|405|42|69|0|226|3399|1212|639|459|1197|674|0|226|0|226|1563|997|0|226|16070|3219|0|226|132|162|255|239|238|315|197|182|165|163|307|310|40|68|198|160|129|152|280|473|993|612|2741|1277|3869|1249|864|754|4765|2021|897|614|60|99|103310|4971|22645|2653|13916|2542|12824|2463|552|318|540|412|2718|792|5980|1616|31|105|38938|4544|920|978|3404|1893|709|847|25942|3176|3082|1442|220|279|1593|841|1765|909|769|805|534|530|0|226|29997|3705|2798|1598|1554|925|731|507|4471|1481|959|595|9959|2070|736|688|1278|841|7426|1531|85|118|10937|3008|97|156|0|226|59|98|1861|939|1102|838|1460|784|621|768|595|645|1099|915|522|611|725|507|223|183|2456|1812|117|141|793|889|47732|9225|16378|7348|816|655|5242|4625|4030|2938|3512|3259|356|404|1010|1000|491|280|921|642|3127|1894|423|496|1222|1344|1359|1212|123|211|14783|3815|55|96|13136|3614|760|500|616|608|216|353|1476|680|1476|680|0|226|10122|2902|0|226|3875|1871|470|434|135|175|3588|1479|146|251|100|171|316|406|1492|1338|1846|1319|4586|2107|2225|936|1951|936|274|282|0|226|0|226|1196|1562|1165|1386|229216|10129|219200|10010|20610|4554|612|366|133|180|7888|2638|0|226|4198|2020|140|250|1958|1762|5236|2348|0|226|0|226|287|255|0|226|158|243|166761|9233|545|440|243|292|9476|3036|30379|4837|35157|6267|86749|6895|3079|2058|905|530|228|321|31829|5693|1254|786|0|226|3265|1135|901|650|6149|2363|1825|954|326|293|932|570|215|316|16350|4658|612|719|10016|2445|9922|2434|94|118
04000A0US48|5351236|64923|227427|11274|56892|4749|2041|1358|3755|978|2106|852|2804|1141|45441|4452|19653|3556|20874|2620|4914|1574|745|344|61189|5396|2164|830|1155|595|12627|2505|37113|3367|6827|2414|1165|530|138|117|22091|3508|3170|1090|5915|1535|1413|683|95|125|11453|2906|140|205|86790|8039|2562|1552|1582|956|5361|1926|2395|940|3511|2742|4357|1220|2325|1039|497|387|1806|1019|759|518|852|802|7665|1734|8614|2270|18339|4028|3579|1804|18725|4120|3861|1423|465|522|1301987|19051|239818|11229|159913|9528|120108|9159|11652|2766|28153|3391|17856|2891|61632|4558|417|379|586969|20323|25033|7763|24400|4420|2299|2006|380148|13908|39613|5917|4361|2103|30764|5292|72555|9256|3603|1437|1475|706|2718|1506|382298|13539|11355|3479|9695|2669|5642|1746|8336|2537|7442|2030|120051|7794|4074|1577|14589|2591|201114|14174|0|236|89890|7948|455|456|1664|863|175|175|19562|4868|5762|2133|8366|2254|5198|1996|13834|2503|6918|2363|6390|1903|13106|3472|5859|2080|156|191|2445|1149|3012|1142|323939|21279|87080|9992|9803|3772|30317|6762|26049|5977|2575|1674|3533|1296|3968|1748|3910|1628|6925|2680|27856|6900|11318|3510|7117|3708|7695|3024|1726|1110|30998|4954|4242|2207|14703|3620|5360|2408|5221|2294|1472|857|13304|2763|12107|2525|1197|1097|153550|13414|0|236|21361|6629|2281|1242|4148|1654|113028|10434|1211|568|2330|1218|1861|1280|7330|2766|11151|3498|18404|6275|8453|1807|6345|1608|2108|889|659|413|0|236|2258|1359|7034|5813|3479479|50758|3426389|49791|170163|15111|990|731|692|586|99335|12203|1836|949|16889|3633|1585|1875|7010|2091|20954|4980|1922|1053|400|250|12450|3036|2344|1442|3756|1672|2942153|42934|2166|935|7595|2042|221631|15247|98793|11956|201120|15935|2365012|43332|36049|6592|9217|2080|570|456|314073|18191|15914|3997|4287|1804|37575|6471|6327|1898|75167|9174|14851|3790|4364|1648|31365|5608|2502|1005|120424|13346|1297|659|53090|6490|52899|6480|191|238
04000A0US51|1132619|17416|101145|7059|24830|2738|699|410|2177|704|798|468|1304|650|19416|2521|8400|1807|9586|1733|1430|665|436|251|28514|3571|777|405|1125|649|5928|1869|16903|2789|2516|918|1028|385|237|385|12232|2520|2449|1097|4845|1821|1822|850|120|113|3116|1203|0|216|35252|3847|1002|676|862|564|1987|983|1563|917|562|357|1400|540|1012|577|233|176|487|269|1008|554|468|393|3053|1047|2704|932|9153|2250|465|363|6956|2098|2337|872|317|380|480064|9516|109794|6410|49754|4953|39813|4440|3751|1105|6190|1423|9526|1999|47979|4561|2535|2277|211016|10928|29518|6343|13212|3471|510|530|93925|6712|19492|3402|2144|1148|10141|2321|37092|6821|1321|657|2870|2130|791|529|117294|7282|1497|766|4161|1377|3741|1193|2809|1101|2003|973|51832|4907|1664|743|8829|3138|40758|4445|0|216|40125|5281|857|701|1584|984|651|943|6694|2007|517|377|3223|1825|1998|1297|6379|1824|3286|1962|4580|2223|7168|1869|1651|693|682|403|855|464|1835|811|129840|8875|51689|5914|3131|1454|37354|5448|4913|1969|1736|878|854|667|794|468|455|522|2452|1986|3885|1464|1724|798|367|367|700|478|1094|980|29925|4129|1369|831|12123|2691|10489|2811|4538|1475|1406|908|2766|980|2716|972|50|85|39472|5435|56|91|15470|2909|842|753|3631|1878|9269|2742|1128|956|3624|1596|1448|1032|4004|2087|2103|1021|2211|627|1792|559|1201|441|591|329|165|177|42|69|0|216|212|227|419359|13656|405459|13391|37973|5524|670|439|795|489|4555|1376|442|363|6128|2193|112|130|3057|1356|15307|3028|517|390|380|392|4371|1554|621|744|1018|490|259757|12374|932|712|3084|1450|103745|10481|38555|6545|41491|6973|60689|7185|5157|1976|6104|3680|0|216|107729|8255|6766|2024|24246|4736|8669|2088|3006|1221|16463|3057|6747|2064|3537|1419|28065|5356|1268|888|8284|2524|678|457|13900|1691|13803|1701|97|116
04000A0US53|1202352|22226|163492|9857|29734|3508|1185|902|1625|553|1492|556|1758|646|22997|2829|10444|1985|10762|1703|1791|717|677|463|30115|3458|931|395|910|498|4132|1005|20007|3220|3137|962|834|467|164|194|6234|1432|1120|565|2471|828|863|529|94|157|1691|650|89|103|96956|8689|218|259|3182|1443|4334|2133|3096|1026|1148|805|1949|663|699|350|761|476|614|317|5328|2237|94|110|4376|1468|6421|1486|21048|4131|704|499|36399|5737|6585|2048|453|451|551327|9488|191616|9316|124000|8195|94897|7514|10938|2011|18165|2706|16865|2371|48317|5320|2434|1509|161833|9954|7372|3035|2374|1334|646|726|121384|9110|10404|2178|2956|1060|5709|2953|4815|1700|1126|646|1865|1007|3182|1608|173367|8260|2907|1503|9974|2499|5940|2033|4563|1422|2049|765|74594|5911|2164|770|11076|2636|60100|6297|0|217|23286|5325|1166|1020|1409|894|470|377|7142|4198|2876|1135|1267|1006|846|516|1940|1201|1927|1019|947|611|2618|861|159|152|199|261|320|247|1225|639|79631|7445|52545|5842|3516|1892|21302|4223|14629|3515|6731|2599|2328|1361|1505|883|1097|845|1437|886|3364|1428|146|249|1047|961|1746|825|425|557|8817|2561|103|167|3282|1404|803|653|3796|1574|833|1020|3797|1713|2929|1117|868|1293|9554|2681|0|217|2358|1308|425|393|1457|1421|2517|1106|583|441|701|555|205|354|1308|937|1554|1547|24001|3470|6110|1443|4299|1183|1811|826|3511|1370|4647|2486|3564|1386|6169|1811|383901|13740|341680|12644|10378|2069|100|166|0|217|1761|647|0|217|1755|1056|0|217|1006|772|3670|1060|110|191|328|531|938|718|0|217|710|576|290154|11729|1045|1084|588|345|14325|3906|13455|3885|6526|3343|248919|11628|3738|2215|1558|768|0|217|41148|6698|2549|1172|458|319|10548|3070|3051|1925|9476|3024|2718|1342|206|228|6619|2567|266|315|5015|2203|242|297|42221|4070|42148|4078|73|69
04000A0US55|294131|10330|39377|3460|7991|1757|112|105|1018|534|363|261|346|213|5919|1593|2073|699|3487|1384|359|312|233|173|10172|1340|430|266|56|66|1436|634|6656|1173|940|490|601|367|53|87|2576|960|320|260|1199|570|165|195|0|159|791|615|101|173|18638|2478|1354|861|621|444|717|475|523|452|783|411|693|562|1042|565|324|213|339|260|282|239|345|294|3650|1203|1059|477|3201|855|221|168|1834|790|1650|742|0|159|102696|4458|20959|3247|12705|2538|10598|2244|686|435|1421|597|1455|594|6494|1491|305|355|31691|3648|1384|1359|1263|746|0|159|21895|2847|3316|1474|306|376|988|646|1746|1110|410|470|168|206|215|226|43605|3617|4347|2153|1383|1152|450|341|14285|2345|1025|817|7349|1532|36|62|11268|2306|3462|1312|0|159|5926|2187|0|159|107|146|111|155|1572|1578|189|156|579|453|491|395|588|489|524|410|64|86|1059|905|278|281|0|159|364|316|515|493|21356|3731|8131|2263|0|159|2120|931|1560|1013|1648|1717|597|569|1553|1281|494|510|159|202|1410|1126|160|201|950|1031|54|95|246|300|3242|1177|398|407|1719|966|304|238|795|863|26|44|1803|1168|1803|1168|0|159|6708|2368|0|159|1832|1014|148|235|472|465|2236|1078|0|159|0|159|0|159|2020|1721|62|102|2043|967|1944|950|1515|799|429|308|0|159|75|124|0|159|24|41|128659|7078|121661|6616|6257|1514|182|218|102|185|1678|814|0|159|1902|1013|0|159|288|381|1848|847|0|159|0|159|57|93|0|159|200|241|94183|6063|326|343|685|588|853|578|2555|840|2401|1297|84460|5930|2723|1525|180|180|0|159|21221|3675|1260|740|213|189|3018|1344|718|382|7230|2913|2335|1335|170|185|2369|1211|228|282|3460|1894|220|186|6998|1998|6998|1998|0|159
04000C0US04|956088|22607|84446|7053|21457|2601|828|518|2142|998|442|354|982|463|16799|2417|7227|1305|8363|1603|1209|841|264|268|20293|3064|1421|743|1032|1262|3031|1152|12154|1945|1971|679|644|395|40|67|7883|1532|1698|822|4056|1133|1003|651|334|329|1126|514|0|232|34780|5212|1653|1853|955|966|4654|1830|1152|708|858|691|2302|1325|1610|903|314|265|150|157|819|497|121|157|4193|1339|6659|2352|5255|1460|1202|755|1657|640|1226|655|33|55|208216|7799|44350|4846|25578|3762|19733|3463|2287|953|3558|1191|5516|1368|13256|2750|0|232|69764|8386|2136|1255|1441|1018|285|311|53214|8111|7938|3030|778|450|556|424|1529|818|581|394|549|355|757|825|70184|6659|3699|3213|1720|798|1844|769|1167|902|2499|1157|33649|4483|830|417|3992|1334|20784|4228|0|232|23613|4092|0|232|71|127|48|80|10367|3083|2032|860|2580|1577|1078|561|2059|891|415|341|2331|1432|2071|1024|459|342|0|232|102|120|305|275|53758|10032|24202|6962|42|72|1610|1006|5794|3240|2196|1098|1943|2437|5031|4608|1007|995|6579|3796|6301|2559|2312|1619|2658|1674|1140|840|191|308|5063|1901|556|529|2054|1008|575|460|1238|945|640|522|2518|886|2508|891|10|18|8100|3144|0|232|2312|1886|221|368|205|240|5056|2480|0|232|89|143|0|232|217|336|7574|4664|4686|1621|2194|854|854|347|1340|776|345|431|203|305|1151|1230|793|503|604982|18781|567415|18505|19124|3618|206|207|428|534|9045|2503|0|232|4029|2173|0|232|1087|706|2626|1563|0|232|38|64|1435|753|76|127|154|235|522908|19621|375|333|935|468|9745|2092|17078|3988|2132|881|489754|20136|1616|967|675|398|598|959|25383|4061|1403|669|464|399|3440|1229|1081|674|8774|2161|1858|888|292|290|4046|2343|485|524|3388|2003|152|191|37567|4259|37505|4242|62|103
04000C0US06|10567845|59629|665125|15591|150874|6471|5330|1348|15409|2079|2931|819|8059|1382|115907|5781|53812|3540|54789|4559|7306|1392|3238|963|146978|7416|5770|1414|5843|1299|40428|5176|70585|4991|16575|2112|7357|1472|420|249|78915|5707|11358|2140|29620|3315|24079|3469|6717|2046|13545|2317|313|247|286479|11795|2171|1290|11247|2190|8135|2702|8696|2555|4441|1281|8694|1702|9078|2209|3711|1192|2207|868|9512|2330|902|471|20967|2685|23241|3793|84959|6841|3894|1211|69685|6272|14939|2529|1879|806|4296856|31344|1397045|22014|974859|17683|691733|16111|101513|6294|181613|8455|96693|7161|315440|14773|10053|4200|982527|24962|78533|9340|22006|5076|297|291|573663|19852|204563|11143|7851|1768|19505|4116|52943|6542|13266|2887|6236|1832|3664|1121|1588467|24882|28452|4479|50831|5782|30351|3473|41011|5018|19225|2922|818312|21278|12360|2333|64663|5791|523075|18657|187|172|312338|15504|90562|8115|6585|2411|5085|2154|44082|6481|34289|5451|15253|2771|6698|2477|33702|4010|7967|2335|26488|4675|26089|4067|3558|1437|7418|2529|4562|1750|16479|3235|203258|12163|51886|5170|6327|2914|20271|3040|9065|2389|2676|1324|2300|968|3881|1516|2232|846|5134|1561|7500|2098|4715|1775|446|402|756|535|1583|906|67290|8404|5181|1828|41519|5493|9660|3195|6778|3932|4152|1499|18263|2655|18084|2654|179|290|55328|7274|250|251|7814|1930|1120|698|1655|910|35802|6806|1795|729|2640|1330|867|747|3385|1354|2991|1661|89191|5981|31393|2975|23097|2394|8296|1899|30981|4127|2124|1594|612|489|24081|3841|5313415|45361|5188576|44115|67266|5706|637|523|1361|594|25839|3298|336|544|7980|2497|1063|936|7118|2036|13568|2527|472|472|310|240|5039|2380|1304|834|2239|1112|4779657|44348|15635|2875|14145|2526|444018|19663|333278|17724|79773|9976|3801802|39030|79099|8268|10151|2533|1756|1068|341653|15410|30139|3227|13798|3745|59508|5641|18781|3221|83965|10240|28250|5006|4723|1589|74175|7454|2950|819|22910|3954|2454|1079|124839|7180|123510|7208|1329|945
04000C0US08|519449|15423|67658|5544|20295|2574|844|590|1594|673|189|158|1151|504|16077|2258|7468|1479|7697|1821|912|556|440|303|17998|2530|410|256|324|313|2609|934|12772|2192|1161|571|722|420|0|220|2222|803|240|242|1067|589|219|224|0|220|696|458|0|220|27143|4306|62|102|2055|1410|319|297|1143|698|181|179|1308|605|1068|773|580|523|237|232|310|301|57|92|4305|1479|1222|639|6382|1513|186|190|6038|2156|1690|1058|0|220|130581|6072|39367|3910|19396|2522|16596|2588|530|398|2270|800|4481|1181|13133|2067|2357|1901|43877|5086|5208|2526|1116|991|306|392|25014|4035|2755|1079|1006|782|4421|1886|1296|742|676|517|921|694|1158|1043|39873|4563|1001|1136|1343|967|2258|1198|1066|677|633|551|12305|2132|544|428|3582|1261|17141|4011|0|220|7097|1564|0|220|40|66|416|513|835|556|1124|605|457|321|299|274|1192|735|556|399|467|370|951|654|714|663|0|220|46|73|367|404|40736|6058|17288|3429|1461|1228|10631|2638|2342|1839|778|550|144|202|759|951|123|144|1050|780|2358|1902|1252|1582|613|897|323|432|170|286|6663|2389|1238|1063|461|380|1837|1235|270|428|2857|1716|3431|1240|3348|1230|83|111|10636|3842|0|220|2733|1585|955|1430|1329|1043|2788|1529|163|184|1913|2311|755|713|0|220|360|491|5564|1839|3293|992|2273|787|1020|527|0|220|21|41|771|568|1479|1330|274910|12153|260598|12004|9314|2680|110|132|537|479|3548|1524|24|40|1456|975|0|220|129|157|3162|2216|0|220|0|220|244|248|0|220|104|191|209885|10009|506|562|2084|1123|6624|1764|7498|3386|4272|2025|183563|9289|3452|2367|1886|973|0|220|41399|6268|1350|509|1045|1167|4544|2073|3124|1397|11569|3834|653|480|169|194|7020|2321|219|263|10943|3132|763|520|14312|1898|14312|1898|0|220
04000C0US09|575388|19999|108505|6993|18937|2530|218|215|2892|859|1594|707|1584|697|12381|1992|5741|1507|5260|1324|1380|452|268|320|10686|1792|340|308|533|347|2803|1036|5373|1083|961|527|676|349|0|222|28583|3191|2117|833|12946|2380|11965|2088|684|491|1505|757|50|83|50299|6160|5384|2268|896|564|2024|1117|644|693|858|888|1565|919|643|350|49|82|397|298|78|100|324|258|20894|3497|2271|942|5764|2659|880|992|5097|2123|2531|1053|0|222|131582|5073|35200|3618|26736|3443|23552|3440|1127|498|2057|705|2628|985|5483|1455|353|406|62349|5490|1422|1188|7489|3063|0|222|36131|4228|3088|1372|239|207|2900|1418|9275|3132|1008|928|613|554|184|234|24057|3399|0|222|3288|1858|777|457|1856|1021|401|422|9764|2038|556|303|1348|667|6067|1721|0|222|9895|2258|124|149|252|238|490|519|319|230|1287|791|490|445|68|114|1345|874|595|507|1504|909|1898|761|208|196|1223|1628|92|148|81|136|25864|4149|2743|1085|154|244|505|366|713|506|0|222|285|348|228|222|111|126|747|576|1707|1029|125|205|1323|909|259|410|0|222|6155|2087|767|441|1813|1187|2470|1384|294|321|811|917|1828|923|1753|909|75|144|11587|3303|513|705|4384|2032|142|221|714|519|4195|1588|714|551|347|330|158|256|420|396|1844|1338|1234|605|1023|486|979|495|44|75|0|222|0|222|0|222|211|305|308203|16256|295041|15812|114955|9318|101|131|1955|1570|3454|1621|1556|1129|32305|5437|0|222|25466|5707|43868|4905|1758|942|286|440|2820|1194|191|213|1195|669|57274|9073|190|197|1392|701|4899|2043|13029|3405|8471|3287|22806|4350|5723|5382|764|498|0|222|122812|11132|3639|1586|1128|913|27401|5457|2334|1372|19465|4602|39950|6575|4388|1749|16967|4505|1281|700|4823|1881|1436|827|13162|2668|13162|2668|0|222
04000C0US12|4930488|47080|437993|15149|99611|6717|2738|1010|9225|2152|1727|787|5038|1685|77434|5243|32513|3361|38556|3624|6365|1450|3449|1068|83729|6237|4114|1422|3978|1404|17876|2808|46950|4219|5706|1159|5058|1536|47|80|75981|5946|9481|1912|32938|3363|10006|2462|474|283|23294|3721|262|228|176228|10654|10631|3004|4986|1411|6299|2461|5937|1817|2672|923|7199|1786|11224|2154|856|521|1615|666|3470|1423|1216|590|24454|3426|12905|2493|38414|5732|3150|1063|28426|4680|12774|2875|2444|1624|519002|12858|94675|6748|66849|6159|54276|5984|5292|1428|7281|1401|11595|2540|16149|2622|82|135|173864|9754|1617|1625|9941|2742|0|243|115224|7965|12585|3445|3619|1449|3978|2313|18121|3990|2414|1073|3795|1744|2570|1919|180692|9971|5662|1796|3912|1287|2517|1032|4360|1816|3345|1255|88327|6363|1010|495|12067|2741|59440|6618|52|89|66076|7051|486|495|1195|668|1223|925|3545|1428|16877|2723|4933|1515|2618|1456|8663|2033|2695|1092|10104|3478|10485|2644|1381|707|234|285|1637|971|3695|1530|96313|10054|16642|4445|697|542|4428|2800|3006|1101|53|86|2898|1508|997|561|1172|632|3391|2270|6328|3689|1363|1123|2543|2917|537|577|1885|1981|32029|5300|1296|768|16465|4061|10486|3042|2137|1286|1645|931|15810|3346|15653|3334|157|194|21456|6849|484|410|4625|2977|674|792|1450|875|12395|5506|106|130|529|404|113|203|1080|772|4048|1963|9024|1632|7286|1443|5640|1432|1646|647|412|414|377|346|81|134|868|523|3868156|40139|3753202|39934|1894723|34098|21774|3883|6825|2336|1050730|20811|5067|1853|145719|10783|2853|1408|356872|18267|229839|14878|5943|2219|3773|1529|47452|6112|3794|2025|14082|2716|681894|25241|4120|1153|19950|3507|53717|7106|98247|9949|115850|11980|236544|13055|133961|12196|19339|2665|166|222|1176585|29509|65675|6062|9742|2735|172965|10731|27212|4153|331874|14736|50745|6900|38644|5667|102415|10719|13211|2951|357160|21687|6942|2192|114954|8115|113893|8045|1061|573
04000C0US13|1192313|23642|89785|6181|22221|2755|798|576|1757|786|164|184|669|381|18020|2434|9588|2089|6829|1552|1603|676|813|488|23645|2940|477|283|941|444|3281|1031|14606|2178|3960|1520|380|262|0|226|5677|1293|716|499|1914|680|763|370|74|124|2160|879|124|163|37767|4744|662|634|1080|560|5561|2574|3308|1528|315|231|699|458|948|667|742|608|716|523|459|292|0|226|2892|1250|4030|1644|8295|2310|744|476|5610|2061|1706|707|475|359|364166|7826|98295|5859|48408|4931|39772|4598|2005|685|6631|1367|6297|1578|43590|4257|0|226|154847|7668|9905|3324|11236|2813|1729|1504|109259|7095|8808|1878|533|400|992|633|10764|2891|1184|766|390|285|47|79|86380|5731|5236|1931|1462|748|1435|920|3757|1355|2912|1560|19883|3185|475|333|5178|1576|46042|4128|0|226|22992|4363|204|201|60|98|635|509|4489|2243|2885|1498|1103|618|855|741|1212|652|2528|1206|1688|1415|5936|2145|966|480|0|226|431|256|1652|895|143600|11224|47236|6997|4554|2698|18752|4556|13150|3197|2273|1891|2039|1193|1301|1021|886|603|4281|2662|9426|3767|2992|2363|738|615|4373|2510|1323|1184|8732|2674|920|704|3897|1731|2723|1641|822|738|370|334|6664|2118|6356|2045|308|365|68472|8471|310|360|14301|3419|690|493|4442|2002|37716|6395|1497|1115|1154|877|3465|2014|4897|1850|3070|1738|3921|1728|2134|1106|1642|1009|492|409|165|152|0|226|1393|1328|229|213|590841|15708|573925|15462|122747|8820|3054|1120|2504|1189|15294|2799|1115|903|14217|2972|728|487|18050|4852|50197|5897|688|816|1120|605|11695|3187|608|620|3477|1345|330889|12175|583|445|2827|1433|37777|5633|46490|7357|23343|4459|207143|10132|7397|2930|5329|1773|0|226|120289|9196|3159|1044|772|488|24682|5081|2355|895|34773|4781|5661|1864|11061|2924|8443|1990|3251|1671|25229|5156|903|583|16916|2141|16380|2098|536|402
04000C0US17|1841665|26257|358507|15792|30732|4157|936|596|6833|1902|388|392|2264|1921|19779|2859|9386|2012|8912|1979|1481|739|532|334|28633|3677|1590|598|1020|639|4561|1104|17583|2382|2112|772|1767|1369|0|206|29759|3570|9220|2068|16173|2310|745|685|0|206|3538|1193|83|99|267751|14644|7032|2163|6313|2204|6862|2244|14663|3248|2752|1061|4050|1218|2294|1147|862|374|10405|3186|4380|1530|4380|1363|118526|8407|14070|2902|18537|4479|6598|1990|38861|6461|7166|1509|1632|1110|568748|10849|139291|7713|90457|6386|76655|6568|5362|1414|8440|1682|7492|1896|37012|4343|4330|1622|231715|11178|5082|3396|2929|1566|98|157|169622|10462|7931|1856|2626|1641|2392|1180|33303|4959|1479|1157|2046|1070|4207|1879|135605|8057|7547|4207|2211|817|2230|928|3748|1272|3078|1156|93060|5828|1199|514|6108|2110|16302|3115|122|146|55377|5861|646|620|724|443|720|467|11959|2259|5079|1364|10247|2969|1447|754|6260|2819|3006|1311|5950|1898|5411|1659|708|372|2297|1795|923|701|6760|1994|84943|8795|11073|2749|412|509|3641|1815|2241|1043|347|570|1070|1032|1094|1260|528|528|1740|1040|8066|2950|2634|1370|1798|1549|2449|1605|1185|909|14475|3354|2396|789|4516|2401|4192|1860|2051|1626|1320|803|4501|1929|4412|1919|89|117|45117|7010|34|60|11468|3879|723|778|328|460|27075|6146|484|440|246|402|1965|1140|2794|2254|1711|1545|5663|1412|5067|1342|3568|1196|1499|746|396|501|0|206|0|206|200|217|823804|16596|808052|16059|31470|4711|472|647|161|191|8887|2519|90|154|4969|1921|619|876|4595|2251|8968|2003|0|206|306|318|1718|1000|0|206|685|491|676573|16218|5258|1908|906|402|11799|2689|25943|4728|23182|6142|602746|16344|4864|2139|1875|1016|0|206|100009|9679|6506|2410|1568|1352|7271|1721|3908|1750|25623|4799|23025|7172|175|143|9014|3236|244|267|21725|5701|950|751|15752|2616|15624|2591|128|207
04000C0US18|388010|12920|34701|4224|7157|1976|0|208|743|589|46|85|152|174|6133|1931|3521|1592|2363|1121|249|235|83|134|7451|1624|551|766|88|149|1016|452|4497|1236|997|547|302|283|0|208|2915|1703|744|432|858|578|49|84|0|208|1264|1431|0|208|16991|3219|558|523|301|261|1075|579|825|982|226|195|590|387|385|330|62|106|274|230|308|314|1267|679|2595|1259|1132|543|2986|1157|679|613|2516|1057|1212|656|187|230|127473|4791|29172|3266|18473|2721|15418|2572|1151|546|1904|720|3709|1505|6884|1542|106|141|44586|4874|1837|1054|712|619|0|208|33345|4307|1103|825|0|208|770|718|5647|2516|623|557|372|520|177|186|45501|4433|15454|2822|786|621|506|505|587|557|1995|1183|13367|2733|38|77|3703|1541|9065|2000|0|208|7190|2095|0|208|77|127|63|99|810|638|423|391|1422|1003|583|566|335|285|1137|1221|633|450|802|785|188|337|493|516|224|239|1024|718|44224|7111|10146|2408|759|989|1930|1015|2078|1137|521|589|964|969|316|340|1218|969|2360|1369|5301|2659|948|926|501|611|3850|2579|2|6|3817|1246|333|337|2547|1259|498|576|320|417|119|143|2056|1083|2056|1083|0|208|21994|5903|0|208|698|479|828|685|1064|1334|15466|5218|801|711|74|121|1618|1810|1445|974|910|695|1869|1221|892|529|604|500|288|266|0|208|958|1050|0|208|19|51|179743|9877|174781|9815|19159|5599|172|173|427|390|3269|1615|229|279|1632|811|137|252|11861|5253|457|442|238|305|152|157|524|380|0|208|61|104|128746|8574|994|1066|526|517|7413|2411|8950|2489|14117|4711|94106|7576|1632|972|1008|699|0|208|26876|5468|1326|672|333|247|3099|1391|3392|3149|3780|1737|1051|698|337|275|1516|835|0|208|11607|3496|435|516|4962|1043|4812|1049|150|151
04000C0US24|1040335|20074|79197|5909|16906|2184|397|266|1623|536|135|164|691|455|13544|2290|6934|1882|6266|1531|344|222|516|333|17835|2285|477|365|936|538|4883|1544|9593|1683|1169|521|457|313|320|542|11130|3064|2396|1017|3942|1390|886|567|0|225|3906|2558|0|225|32742|3949|1515|794|1023|459|287|420|1440|819|130|159|939|456|2189|926|357|294|1322|927|627|497|0|225|2633|868|1760|968|8207|2257|860|533|7344|2105|2109|829|584|432|309320|8734|94600|5633|56528|5138|42982|4873|3198|1060|10348|2249|5667|1460|31601|3620|804|719|121566|7859|4060|1979|10699|2722|150|184|58739|5156|13358|2722|421|411|10959|3634|18332|3285|3171|1180|1505|1169|172|259|71279|6229|6243|2955|2298|1243|989|448|243|186|1138|689|38346|4609|896|630|2532|766|18594|3623|0|225|20618|3707|291|483|34|56|483|446|2557|1654|2820|1022|1969|1027|645|402|1558|676|2057|1382|1588|1169|4416|1291|356|347|1380|1363|464|343|1257|869|202517|12928|45974|6146|3843|1569|27734|4690|4764|1794|568|514|1887|1158|3984|1572|697|441|2497|1257|37665|6206|29210|5478|1890|1393|2800|1395|3765|2656|11476|3343|707|588|4428|2106|3312|1613|2189|1287|840|892|4747|1851|4530|1833|217|210|97923|10710|166|172|14958|4035|1986|908|6630|2760|54092|7139|882|481|8314|2493|5435|3048|5460|1534|4732|2431|2111|925|1469|710|962|513|507|470|0|225|0|225|354|360|288|434|447190|13706|437603|13863|80972|9262|350|316|2586|1356|4368|1489|1123|714|13682|4298|1158|884|13574|4437|30252|4999|728|650|318|524|10823|3632|528|678|1482|1025|274746|12942|388|394|2060|1118|138413|11243|48755|8116|35208|7916|36787|4697|9403|3605|3732|1427|0|225|81885|7612|4850|1513|8691|2792|10330|2676|5349|1820|13074|3955|6725|2637|7246|2063|15012|3613|694|667|6136|2145|3778|1677|9587|2253|9308|2236|279|267
04000C0US25|1257606|22795|211254|9311|37576|3267|412|300|11236|1945|305|209|1318|466|23285|2776|11576|1917|10234|2063|1475|722|1020|501|23678|3144|412|204|1553|722|6844|1504|11380|2070|1707|835|1782|686|0|225|74942|5815|8548|2054|15204|2551|46692|4621|9128|1942|4498|1364|0|225|74803|6583|13033|3210|2015|1106|1631|883|3050|1466|535|427|972|505|1051|444|469|376|1236|809|1399|1082|1001|863|10638|2014|2921|1102|17079|3420|809|444|10306|2458|6658|2172|255|294|376876|8094|140243|6708|115138|6432|95782|5634|10177|2061|9179|1830|7265|1628|17754|2957|86|115|120195|8725|3678|2514|3545|1371|143|248|85370|8174|8301|2233|3107|2195|6193|2544|5821|1617|2226|993|1325|840|486|450|78809|6570|1140|709|17175|3210|1667|764|4423|1848|1676|723|12039|2528|1053|377|4813|1359|34823|4049|0|225|36861|5312|1217|571|780|526|694|518|3815|1476|4959|1958|1098|693|1071|847|10937|2789|1207|671|3138|1123|6949|2013|250|253|38|64|708|450|768|527|114342|8181|29627|4801|476|518|7702|2096|9083|2756|476|335|1786|1149|7583|2969|893|598|1628|826|7276|2394|2283|1198|1747|1039|2362|1619|884|524|19838|4056|1195|907|6021|1398|11321|3742|602|385|699|456|2788|1019|2698|994|90|139|52785|6044|23535|3844|11525|2428|1127|1033|2506|1269|8933|2542|1234|731|3055|2389|0|225|870|546|2028|840|3738|1172|3414|1124|2766|1050|648|318|0|225|0|225|0|225|324|441|551396|18209|525229|17668|195626|12439|510|349|3552|1178|4684|1999|1008|771|98194|9367|0|225|59181|6579|17951|3199|545|466|218|227|7179|2851|523|743|2081|986|113767|10230|1306|1283|2662|1807|38573|6123|35916|5685|17565|5718|10844|2112|3204|1876|925|737|2772|2050|215836|15380|4125|1476|2180|1200|130305|13340|5806|1812|32491|5611|17282|4391|2345|1516|9898|3126|1855|1083|9084|2335|465|778|26167|2551|25835|2473|332|272
04000C0US26|703489|19180|116539|7689|13020|1802|394|244|729|379|160|140|167|177|11264|1675|3744|875|6459|1473|1061|428|306|241|21661|2397|614|361|495|333|3177|922|14370|2115|2789|661|216|150|0|184|11823|1740|1624|684|7611|1389|205|149|0|184|1378|539|1005|489|69976|6896|10865|2969|1182|623|3298|1238|2531|2108|533|279|1119|526|657|332|442|288|407|307|397|310|3180|1047|11465|2809|10138|2194|5180|1362|698|394|8304|3216|9580|2371|59|93|367936|12807|65227|5315|37352|3842|30124|3384|2229|1142|4999|1230|8953|2202|18856|3193|66|113|126301|6867|2318|1432|25813|4781|1470|990|77556|6502|4203|1700|0|184|2435|1706|10407|2267|1527|686|363|285|209|238|42528|4345|4372|1205|1213|752|969|551|2026|751|1679|1173|17628|2840|342|340|2362|870|11937|2407|0|184|131843|9333|371|324|507|381|286|338|53722|6150|1355|646|4147|1341|980|675|25420|3789|3165|1869|12725|6878|1335|793|971|782|26180|4591|679|474|2037|942|46519|6748|14486|3958|546|724|2581|1463|2674|1443|241|314|2474|1856|0|184|563|412|5407|2029|4286|1704|851|544|1394|1011|1433|1013|608|690|11306|3255|1691|1631|4890|1941|1368|620|2528|1579|829|630|1663|661|1493|617|170|211|13428|3425|0|184|2597|1349|399|652|1061|814|5962|2116|1096|1011|678|547|0|184|1635|1160|1350|1202|2340|903|2046|848|1464|700|582|357|0|184|70|127|224|293|0|184|170155|8114|136025|7286|17361|3570|767|892|0|184|6841|1891|0|184|2117|1104|34|57|1789|688|5271|2267|131|219|0|184|71|84|31|53|309|424|97563|6806|285|174|948|570|3411|1314|10893|3394|2664|960|76822|5857|1010|790|1416|1390|114|189|21101|3194|1622|696|118|133|8523|1875|787|473|2769|834|732|347|39|67|1399|616|398|434|4631|2491|83|117|34130|3980|34130|3980|0|184
04000C0US27|441395|13573|39108|3709|8334|1460|253|228|1114|620|393|232|659|390|5497|1148|2566|847|2732|752|199|178|418|449|5744|1070|6|11|43|73|1209|503|3013|799|901|555|534|257|38|62|1983|832|363|354|642|351|144|181|0|157|834|508|0|157|23047|2769|389|529|988|528|2173|1113|989|538|122|5|876|537|436|453|126|130|151|204|789|596|15|23|1722|788|1021|597|7819|1922|11|22|4556|1346|864|542|0|157|159915|6148|30671|3411|17007|2717|13112|2196|1761|963|2134|939|3648|1543|9978|1764|38|65|44940|5507|2009|2138|1824|1033|187|219|34466|4914|1406|720|261|227|1937|1115|742|552|1435|722|481|604|192|178|76392|4403|3153|1258|4884|1505|1012|637|19435|2765|566|327|13242|3175|478|433|16751|2759|16871|2972|0|157|7237|2637|0|157|186|248|0|157|2339|1574|233|215|288|242|86|141|433|522|1000|1080|79|80|309|232|306|279|1796|1306|182|221|675|586|136302|10261|81422|8374|2167|1070|24096|4249|18864|3812|32012|5340|350|333|672|775|262|244|2999|2152|7487|3176|5521|2720|367|585|1531|1696|68|96|5348|1632|250|368|1319|591|1270|765|2255|1343|254|265|1902|920|1902|920|0|157|38787|5566|0|157|5002|1795|417|464|21162|4847|7553|1898|63|104|330|400|3018|2021|1242|878|1356|906|1790|794|1646|744|1341|712|305|206|30|53|0|157|0|157|114|132|104280|5827|96274|5795|8008|2988|632|801|0|157|759|442|0|157|2768|1910|0|157|2666|2398|912|643|57|99|13|6|152|215|0|157|49|67|66638|5306|108|161|1346|1234|5907|2121|3877|1361|3613|1281|49745|4981|1826|1500|74|98|142|196|21628|3454|641|464|274|241|1542|822|400|322|5434|1723|5670|1905|2530|1082|1328|813|244|288|2909|1410|656|566|8006|1521|8006|1521|0|157
04000C0US29|263582|10323|42782|4854|6053|1499|0|197|756|552|66|109|177|222|5054|1372|1654|572|3116|1232|284|210|0|197|7841|1338|841|695|278|354|629|337|5271|1134|518|344|304|248|0|197|2778|829|581|352|1582|745|0|197|0|197|515|405|100|168|25661|4168|668|605|658|503|10976|3148|950|637|706|497|222|273|164|196|477|476|8|13|128|141|0|197|1647|696|1765|1526|1822|583|81|114|3779|1272|1610|949|449|583|96089|4825|27914|3607|18781|3335|15898|3335|471|419|2412|904|3355|1547|5778|1827|0|197|32417|3717|2371|1558|131|110|164|196|22546|2970|2165|1235|230|228|1664|1065|1578|730|953|648|99|162|516|441|29140|3540|1383|921|499|501|769|537|531|383|1015|405|9325|1780|303|319|3347|1699|11968|2702|0|197|6122|2415|121|197|64|105|0|197|684|567|191|206|1304|1234|218|234|186|181|718|687|298|374|1926|1768|124|155|0|197|288|319|496|350|36574|6714|17698|4604|870|1045|3497|1534|6327|3084|1293|1020|1078|1089|1304|1273|353|499|2976|1380|4474|1590|1567|1088|1034|782|1873|1150|0|197|1488|1195|0|197|543|361|181|175|764|1122|0|197|1860|1889|1807|1878|53|101|9895|3187|0|197|2186|1380|178|303|309|371|4308|1690|1939|1852|137|168|347|336|491|534|1159|908|2699|666|1076|466|828|468|248|219|0|197|59|89|1012|235|552|382|85438|6251|80252|6036|13299|3379|0|197|68|110|5112|2145|0|197|2235|1309|0|197|2772|1321|1525|788|0|197|156|174|1343|1592|18|37|70|124|54945|4541|233|255|1086|1007|7412|3046|2848|1134|4510|2277|37569|3816|877|559|410|406|0|197|12008|2432|611|831|999|981|2414|1036|469|367|2511|1053|1229|1010|454|364|1993|893|88|149|1088|711|152|239|5186|1306|5174|1307|12|19
04000C0US32|599293|14586|43373|4781|9437|1827|0|232|716|392|138|170|434|470|8073|1710|2569|921|4564|1320|940|572|76|72|10900|2012|608|500|640|664|2216|1086|6108|1517|1136|580|153|148|39|65|3261|1193|376|304|1752|1009|215|313|0|232|886|550|32|53|19775|3234|1463|1259|45|78|886|597|1563|699|349|297|947|484|1220|586|47|75|582|531|291|410|188|310|2313|953|1804|1007|3568|1193|472|380|2372|1264|1665|1508|0|232|193485|7608|46652|4372|26745|3413|19712|3055|2163|679|4870|1205|5369|1694|14538|2818|0|232|21328|3986|1245|908|1238|862|0|232|8554|2411|4554|1529|125|151|616|522|3161|2635|1727|1181|66|82|42|69|117238|7579|552|749|2163|1798|3187|1231|1202|593|1068|566|92379|7498|328|260|5184|2010|11175|3473|0|232|7899|1861|925|706|59|99|287|383|261|316|2529|1235|623|360|52|87|663|380|85|138|271|306|1449|893|0|232|0|232|695|759|368|519|20485|3669|12430|3476|901|643|8430|2851|930|639|1405|1637|193|240|0|232|506|680|65|81|0|232|0|232|0|232|0|232|0|232|2413|1106|296|255|783|628|1124|798|155|258|55|88|1660|1192|1660|1192|0|232|2347|1209|0|232|652|495|67|115|140|227|1085|843|194|271|0|232|0|232|209|342|1635|1281|5279|1593|2468|1100|1993|877|475|420|161|160|150|245|892|728|1608|964|336671|11690|325083|11475|32259|5581|156|146|291|243|25435|5446|57|96|2090|1032|0|232|486|438|1905|949|44|74|0|232|1286|640|265|415|244|281|266173|10906|1543|1280|899|500|32909|6471|13095|2980|5972|2744|204624|9740|5614|2791|1163|586|354|415|26651|4434|2789|1033|479|398|4531|1719|1235|605|6143|2268|779|631|89|110|6927|2310|473|640|2980|2202|226|238|11588|2617|11537|2618|51|81
04000C0US34|2250431|28235|294269|9844|39670|4212|1032|801|9363|2328|965|831|1197|557|26557|2853|11924|2060|12415|1857|2218|717|556|350|31166|2726|1968|796|960|456|5475|1284|14640|2037|3293|954|4629|897|201|251|77311|4462|6710|1761|34034|3501|26565|3638|83|101|9110|1991|892|848|145165|8338|5781|2073|4477|1405|3396|2033|3208|1179|2577|1065|3986|1372|4205|1087|1310|810|818|482|2386|1000|6090|2024|43396|5139|7705|2032|17237|3141|2550|1561|25124|3370|10919|2764|957|712|702075|10428|188577|8676|109976|7077|82854|6493|9769|1864|17353|2631|11879|2929|66588|6231|134|170|332592|11350|2136|1125|16645|3400|0|225|272003|11956|5837|1864|791|473|3253|1623|24783|4327|3673|1376|2439|1067|1032|766|122647|7233|2054|1219|464|464|3150|1876|534|346|3335|1587|88714|6524|1078|735|1983|846|21200|4282|135|227|53921|5688|648|521|1253|934|3043|1500|690|559|9329|1994|4877|1612|1380|741|4836|1624|2192|920|6983|2074|16212|2790|1147|635|534|639|797|391|4338|1635|124411|9687|12365|2869|266|414|2367|1212|5776|1889|92|165|1089|622|737|545|236|265|1802|1077|2474|1458|1132|1117|32|53|443|627|867|617|41103|6109|3777|2152|28324|4030|5743|2176|1922|1686|1337|1561|3384|772|3212|755|172|322|60742|8414|0|225|15717|3723|632|429|5711|2022|29705|6167|1312|990|2805|1618|1326|1302|3534|1598|4343|2420|3105|966|2697|900|2555|874|142|147|266|253|0|225|0|225|142|105|1126571|22001|1108141|21960|391730|19214|74|113|4950|1979|44021|5474|4553|1922|206836|14776|1464|897|51258|7497|52741|7201|2024|1095|1681|1253|18004|3384|945|562|3179|1209|304502|15681|1709|1141|20175|4741|51894|7021|63397|7669|37204|6917|119179|9948|7448|2043|3496|1577|0|225|411909|17750|10683|2385|2686|1445|52290|6715|6647|2243|104166|8663|106173|9467|25494|4930|75506|8258|6811|1839|17070|3995|4383|1393|18430|3171|18009|3126|421|329
04000C0US36|4469110|39869|656937|17882|89712|6387|1699|712|24069|3702|1607|725|3283|1183|57819|5362|30791|3618|24036|3576|2992|968|1235|544|79121|6342|5243|1800|4017|1091|26733|4071|34231|4307|4988|1277|3821|1023|88|148|128201|8868|29971|4044|72278|4965|9107|2286|86|95|16192|3666|653|543|358296|14102|27444|5287|15755|4700|8988|2961|2971|1064|5329|1593|7105|1661|9272|1795|1981|660|5327|2439|4310|1154|5537|2900|51938|5703|12734|2111|62032|6193|5106|2153|85847|7597|46620|6413|1607|926|1320265|16660|588611|13227|475196|13107|400327|12165|44454|5582|30415|3657|26174|3286|87087|7217|154|160|441985|13855|6821|2821|137501|9933|1837|845|144848|9402|17223|2744|7718|2062|15755|3465|63059|7722|7303|2046|34293|5477|5627|1675|158552|7588|13708|2447|3236|980|6028|1976|1625|667|10292|2124|82621|6416|3957|1391|12029|2250|24979|3099|77|127|127230|8493|2336|1210|4377|1662|13652|3266|6838|2326|26898|3456|6113|1933|1244|550|9018|2130|4389|2723|7467|1944|19586|2945|1382|753|19819|5350|4111|1653|3887|1455|222005|14256|20616|4267|569|596|3276|1346|5301|2231|2093|1035|2086|1060|1171|978|1817|976|4303|1922|9163|2996|1428|893|949|519|2451|1666|4335|2573|48266|6072|2989|1312|28229|5522|12468|3467|3156|1294|1424|636|8844|2237|7873|2156|971|609|124400|11702|242|216|45167|8140|4234|2244|3563|1467|31881|4524|6828|2457|2408|1356|5601|2418|24476|6445|10716|2933|16968|3126|15991|3048|13768|2916|2223|909|0|218|0|218|0|218|977|749|2252935|28819|2199259|28947|1041836|23814|2037|1019|21417|3589|22119|3041|9802|2626|476080|18263|17751|3666|135318|9397|224097|12434|11174|3884|15516|4027|85048|7686|9011|2568|12466|2185|517158|22653|6135|1938|5350|1445|123088|11907|83979|10459|53803|6927|218492|12834|12118|3652|13879|2647|314|433|640265|20870|18762|3109|6973|2470|36613|6279|11662|2523|122727|10297|184434|13285|155852|10587|61081|7265|3884|1426|30496|5716|7781|1880|53676|5119|53622|5113|54|83
04000C0US37|885106|20962|94205|7025|23428|3117|477|478|912|441|754|623|767|440|19485|2827|8525|1646|9663|2163|1297|758|1033|612|24458|2787|763|594|554|439|4234|1294|15670|2316|2543|948|593|246|101|140|13030|2474|2718|950|4910|1532|1854|1073|207|203|3548|1454|0|222|32805|4850|712|743|390|432|2182|1635|674|323|472|386|1469|1027|716|572|572|397|186|177|2399|1257|204|202|2886|814|3024|1099|6545|2213|420|415|8134|2889|1820|752|484|396|247876|7099|50983|4278|32396|3249|25971|3049|1595|604|4830|1559|4916|1374|13671|2442|0|222|117454|7585|4212|2654|3865|1790|286|337|88856|7436|2816|884|1615|943|7221|2517|6766|2339|1246|580|192|155|379|492|64638|6203|3396|1431|3174|1539|901|460|5749|1561|1237|683|20681|3219|394|259|5380|1952|23726|4278|0|222|13691|2532|88|157|156|159|334|395|646|396|1082|778|1603|840|1662|1156|1560|856|621|489|2129|1869|2492|1095|1003|644|189|196|126|153|1110|679|79932|9717|19630|5822|1488|1213|4136|1670|4193|2042|4241|3905|811|540|2679|2423|323|290|1759|1345|6849|3060|1233|1035|334|305|4128|2840|1154|1116|12418|3436|463|434|5474|2260|2311|1150|2503|1223|1667|2073|6097|1757|5779|1769|318|297|29271|5474|71|130|7123|3003|568|661|4862|2029|5642|1762|741|603|3577|2490|2313|1647|4374|2237|5667|2633|1810|565|1567|555|1178|497|389|300|41|72|0|222|139|148|63|105|461283|14463|443213|14487|52106|7112|842|596|395|365|7929|2072|269|255|16434|4908|836|1037|6697|2308|11377|2606|0|222|0|222|5668|1650|481|646|1178|943|309128|12043|82|131|3696|1747|34495|5383|25089|5760|50941|6680|182387|10304|7683|2064|4555|1327|200|251|81979|8845|7619|2369|966|731|13204|3164|3764|1978|25961|4851|4366|1477|1423|848|7965|1979|508|354|15499|4696|704|625|18070|2503|17569|2474|501|316
04000C0US39|587456|13630|92782|6972|13927|2575|293|232|953|426|131|153|484|389|11861|2515|4292|1223|6745|1722|824|528|205|218|17033|2308|1494|613|95|149|1436|753|12008|2041|1292|543|606|419|102|125|10934|2064|3878|1135|5711|1507|310|300|0|208|1035|614|0|208|50491|5161|2778|1064|1459|962|4055|1268|809|465|2224|856|1401|881|2022|755|372|327|361|317|818|457|683|378|2909|822|4223|1322|6617|1695|1167|796|15136|3966|3457|1188|397|597|249356|8570|54317|4657|33555|3739|27670|3636|1812|656|4073|1207|8712|2249|11528|2432|522|601|114681|8690|2001|1588|4820|1902|11073|2759|63652|5854|5574|1771|349|253|13931|3978|7873|2230|1653|886|3312|2293|443|285|46676|4366|2823|1604|3179|1633|1270|699|1452|909|1872|1584|19719|3135|152|154|4118|1068|12091|2384|0|208|31679|5984|228|197|277|276|602|781|6380|3067|1987|1012|4549|1710|1353|830|2758|864|4502|2205|3698|1683|3156|1219|440|316|1292|974|457|372|2003|1001|98017|10814|30102|5069|1609|1065|5913|2111|2252|1007|14462|3946|2383|1913|1292|921|524|381|1667|950|8364|2831|2797|1452|1133|834|3903|2009|531|541|15040|4395|4622|3074|3367|1286|5158|3167|692|443|1201|899|1541|618|1541|618|0|208|38122|6736|0|208|12796|3349|1103|966|3078|1432|9621|2531|3457|2676|1396|913|629|478|6042|2512|4848|3629|1445|681|1328|673|1077|567|251|251|0|208|0|208|52|77|65|81|145856|7644|133091|7721|21516|3573|97|120|186|277|1716|649|51|99|6801|2491|412|434|5091|2605|4966|1522|0|208|0|208|1852|1057|124|189|220|268|81902|6267|1318|1092|993|794|6882|2082|11348|2803|8755|2768|48388|5586|2625|1531|1593|767|0|208|29673|3967|1299|615|534|487|5459|1872|1345|731|7299|2359|1224|626|704|474|4012|1264|291|223|6932|2390|574|493|12765|1943|12630|1930|135|120
04000C0US41|368616|10609|52112|4562|14669|2062|466|294|1052|455|681|471|1187|736|11161|1952|5205|1388|5315|1461|641|334|122|148|12479|2012|1071|733|36|60|2301|985|6910|1596|1785|673|376|408|0|217|2833|779|291|231|1222|511|192|183|31|53|968|576|160|217|21793|3466|0|217|1027|629|1240|1171|568|617|209|276|559|360|865|620|60|102|126|160|381|281|0|217|1227|558|1813|910|4918|1417|0|217|7089|2304|1711|811|338|357|131348|5821|43068|4659|27093|3872|18885|3206|2169|959|6039|1654|6789|1626|9128|1873|58|101|29166|4000|1751|1346|1352|782|0|217|17763|2914|3417|1235|852|471|2092|1212|580|363|640|595|440|387|279|204|49818|4610|663|423|1709|999|1066|670|4230|1539|1403|755|14917|2670|422|324|5769|1927|19573|3081|66|99|9224|3090|352|467|130|161|0|217|3884|2461|1146|691|580|500|412|420|279|289|1114|793|418|409|458|355|292|335|117|146|42|70|72|117|13855|2733|8376|2752|306|434|4824|2394|1268|1131|621|697|0|217|535|712|675|520|147|191|233|272|117|183|0|217|116|193|0|217|1487|723|111|193|685|676|465|337|52|91|174|211|1130|518|1130|518|0|217|2011|1042|0|217|0|217|52|86|212|381|1040|850|46|92|145|200|0|217|516|530|618|586|5707|1107|1858|660|1139|641|719|302|599|559|795|623|1773|887|682|508|165594|7327|152441|6589|5910|1611|139|165|47|78|4329|1358|0|217|699|601|0|217|348|401|60|99|0|217|48|96|155|175|0|217|85|98|135888|7090|59|100|1225|831|6079|2549|10434|3464|1322|1044|114129|6950|2165|2029|375|280|100|170|10643|2384|1077|644|108|182|1727|822|838|591|2797|1550|655|531|0|217|1956|955|179|200|1038|774|268|344|13153|2264|13153|2264|0|217
04000C0US42|976122|22367|158504|10702|23768|2983|400|247|4909|1506|537|415|616|327|17085|2380|7978|1719|7592|1456|1515|766|221|204|22704|2355|990|389|1301|672|3845|1002|14733|1766|1165|469|565|310|105|179|23713|3262|5171|1260|11850|1820|2979|1485|0|190|3437|1281|276|312|88319|9639|4876|1629|7514|3236|2100|832|1954|1159|757|524|2698|1409|1448|567|675|393|543|395|1087|641|253|419|9265|1950|3154|879|14380|3044|1591|758|20681|3988|15343|4201|0|190|365475|9832|108198|7130|78751|5550|69138|5473|3846|1204|5767|1426|3717|905|25125|3306|605|962|158212|9870|1926|1048|10954|3162|9676|2677|101364|7398|4913|1550|3059|1444|6304|1724|12106|3365|1700|997|5366|2364|844|637|68389|6213|2316|1327|5594|1806|2878|1342|2894|1216|3222|1488|18982|2874|621|336|4857|2037|27025|3451|0|190|29529|4343|679|507|1376|805|1471|907|3270|1785|2253|1311|1070|584|757|422|2254|809|1641|860|4807|1664|7707|2625|1263|750|90|148|891|675|1147|1004|95023|10248|15154|2981|711|563|4898|1706|4615|1639|538|490|470|401|1222|646|653|453|2047|1274|6464|3229|3309|2668|677|545|748|699|1730|1180|23682|4650|5269|1984|9279|2818|4419|2182|3754|2033|961|856|1676|643|1638|645|38|63|44945|6533|20|40|7997|3370|779|715|14701|5380|11053|2738|99|124|3470|1639|766|484|6060|2618|3102|1749|1604|577|1166|505|685|370|481|300|0|190|177|269|144|238|117|147|355516|17668|341901|17401|165842|12897|260|281|737|589|3451|1428|451|469|111152|9655|505|503|20980|5186|19669|4298|70|115|290|268|5608|1662|0|190|2669|1155|101579|9729|637|607|1512|759|3633|1330|18089|5312|12810|3986|59942|6708|3034|1867|1618|851|304|404|74480|8419|3004|1026|722|513|21008|5754|1669|748|16287|3514|10193|3355|4427|1764|8960|3207|1495|1126|4703|1418|2012|1371|13615|1991|13603|1991|12|20
04000C0US47|391755|13915|35182|4136|8221|1749|0|226|991|860|189|259|430|321|6577|1607|2611|1509|3697|1263|269|193|34|57|8500|1362|193|174|241|238|668|361|6687|1276|669|396|42|69|0|226|3136|1199|599|464|1112|646|0|226|0|226|1425|992|0|226|15265|3124|0|226|132|162|255|239|238|315|182|181|165|163|307|310|0|226|198|160|129|152|280|473|837|576|2668|1275|3823|1256|628|629|4526|2023|897|614|60|99|96988|4900|21325|2523|13202|2341|12168|2290|552|318|482|387|2339|764|5753|1562|31|105|37751|4415|920|978|3358|1891|709|847|24899|3083|3082|1442|145|241|1593|841|1742|907|769|805|534|530|0|226|26948|3766|2798|1598|1554|925|731|507|3427|1356|959|595|8928|2117|736|688|1253|837|6477|1560|85|118|10227|2955|97|156|0|226|59|98|1861|939|1102|838|1428|783|621|768|595|645|667|636|522|611|579|420|123|182|2456|1812|117|141|737|880|47218|9144|16360|7347|816|655|5242|4625|4030|2938|3512|3259|356|404|992|999|491|280|921|642|3127|1894|423|496|1222|1344|1359|1212|123|211|14625|3796|0|226|13033|3592|760|500|616|608|216|353|1476|680|1476|680|0|226|9784|2748|0|226|3537|1824|470|434|135|175|3588|1479|146|251|100|171|316|406|1492|1338|1846|1319|4099|2032|1814|854|1661|881|153|149|0|226|0|226|1196|1562|1089|1378|208268|9957|198939|9808|18299|4078|612|366|105|173|7210|2493|0|226|2656|1364|140|250|1920|1758|5211|2347|0|226|0|226|287|255|0|226|158|243|150067|8974|545|440|243|292|8817|2910|26148|4372|32492|6296|77715|6538|3079|2058|800|521|228|321|30573|5708|1254|786|0|226|3265|1135|901|650|5826|2356|1825|954|326|293|650|464|215|316|15804|4685|507|627|9329|2451|9235|2443|94|118
04000C0US48|5198390|63445|222493|10960|55361|4585|2041|1358|3755|978|2106|852|2753|1138|43961|4284|19493|3514|19775|2541|4693|1593|745|344|59360|5221|2164|830|1070|627|12604|2506|35599|3188|6620|2389|1165|530|138|117|21575|3421|3170|1090|5550|1432|1382|687|64|110|11368|2907|105|193|85740|7930|2562|1552|1582|956|5306|1936|2268|870|3511|2742|4170|1188|2294|1025|497|387|1674|891|759|518|852|802|7486|1736|8614|2270|18112|3956|3539|1797|18653|4138|3861|1423|457|522|1293892|19097|238464|11288|158990|9636|119641|9155|11652|2766|27697|3288|17822|2896|61235|4534|417|379|584147|20407|25033|7763|24323|4436|2299|2006|377750|13938|39535|5898|4359|2103|30727|5288|72325|9316|3603|1437|1475|706|2718|1506|379333|13593|11355|3479|9594|2623|5642|1746|8336|2537|7422|2024|118111|7803|3838|1564|14409|2578|200626|14122|0|236|89044|7885|455|456|1545|863|175|175|19543|4868|5147|2006|8356|2255|5198|1996|13834|2503|6918|2363|6390|1903|13023|3472|5859|2080|156|191|2445|1149|2904|1117|320475|21407|85644|10084|9573|3803|30060|6667|25584|5963|2575|1674|3533|1296|3897|1752|3879|1621|6543|2644|27854|6900|11318|3510|7115|3708|7695|3024|1726|1110|30901|4968|4242|2207|14606|3640|5360|2408|5221|2294|1472|857|13237|2764|12040|2524|1197|1097|151690|13479|0|236|21100|6627|2281|1242|4148|1654|111508|10536|1132|547|2330|1218|1861|1280|7330|2766|11149|3498|17546|6048|7652|1789|5996|1618|1656|715|659|413|0|236|2201|1356|7034|5813|3343984|49026|3291972|48146|167533|14963|950|695|692|586|98356|12179|1664|851|16889|3633|1585|1875|6457|2035|20895|4982|1922|1053|400|250|12412|3038|1555|1192|3756|1672|2813740|41942|2164|936|6878|1903|218686|15051|96650|11959|198435|15896|2245626|42965|35688|6608|9043|2079|570|456|310699|17856|15249|3951|4046|1742|37012|6474|6327|1898|73990|9076|14678|3810|4364|1648|31207|5538|2502|1005|120027|13374|1297|659|52012|6378|51821|6373|191|238
04000C0US51|1124985|17139|100452|7038|24630|2760|699|410|2177|704|798|468|1304|650|19216|2553|8256|1780|9530|1731|1430|665|436|251|28113|3586|777|405|1125|649|5812|1850|16854|2787|2280|870|1028|385|237|385|12205|2510|2449|1097|4845|1821|1822|850|120|113|3089|1200|0|216|35187|3844|1002|676|862|564|1987|983|1563|917|562|357|1400|540|1012|577|233|176|487|269|1008|554|468|393|3032|1044|2704|932|9153|2250|465|363|6912|2099|2337|872|317|380|479157|9477|109681|6382|49641|4900|39700|4389|3751|1105|6190|1423|9526|1999|47979|4561|2535|2277|210386|10894|29225|6269|13212|3471|510|530|93651|6698|19492|3402|2144|1148|10078|2291|37092|6821|1321|657|2870|2130|791|529|117235|7279|1497|766|4161|1377|3741|1193|2809|1101|2003|973|51773|4899|1664|743|8829|3138|40758|4445|0|216|40020|5282|857|701|1584|984|651|943|6694|2007|517|377|3223|1825|1998|1297|6379|1824|3221|1958|4580|2223|7128|1877|1651|693|682|403|855|464|1835|811|129596|8915|51689|5914|3131|1454|37354|5448|4913|1969|1736|878|854|667|794|468|455|522|2452|1986|3885|1464|1724|798|367|367|700|478|1094|980|29925|4129|1369|831|12123|2691|10489|2811|4538|1475|1406|908|2522|963|2472|954|50|85|39472|5435|56|91|15470|2909|842|753|3631|1878|9269|2742|1128|956|3624|1596|1448|1032|4004|2087|2103|1021|2211|627|1792|559|1201|441|591|329|165|177|42|69|0|216|212|227|413569|13518|399940|13215|37966|5525|670|439|795|489|4555|1376|442|363|6128|2193|112|130|3057|1356|15307|3028|517|390|380|392|4371|1554|621|744|1011|489|255579|12264|932|712|3084|1450|103062|10503|38555|6545|41491|6973|57254|7116|5097|1960|6104|3680|0|216|106395|8263|6106|1837|24246|4736|8669|2088|3006|1221|16463|3057|6747|2064|3537|1419|28065|5356|1106|890|7772|2497|678|457|13629|1679|13540|1689|89|116
04000C0US53|1148058|20778|157639|9834|27807|3511|965|855|1625|553|1443|541|1558|604|21539|2839|10135|2015|9710|1744|1694|703|677|463|28323|3388|873|387|910|498|3801|904|18942|3138|3001|967|632|389|164|194|6090|1386|1120|565|2364|812|863|529|94|157|1654|634|89|103|94966|8734|218|259|3182|1443|4334|2133|3033|1040|1148|805|1913|662|699|350|761|476|614|317|5328|2237|94|110|4320|1500|6241|1503|20934|4135|704|499|35332|5711|6111|2053|453|451|540368|9154|188391|9200|122634|8124|93909|7391|10938|2011|17787|2715|16060|2373|47263|5314|2434|1509|159536|9791|7349|3041|2026|1285|646|726|119957|9109|10239|2166|2956|1060|5630|2912|4688|1695|1126|646|1865|1007|3054|1596|168458|8058|2838|1483|9927|2494|5841|2040|4383|1427|2049|765|71060|5822|1999|749|10558|2547|59803|6293|0|217|23110|5301|1166|1020|1409|894|429|369|7142|4198|2832|1129|1210|1003|846|516|1940|1201|1927|1019|947|611|2584|864|159|152|199|261|320|247|873|486|78828|7432|52060|5842|3516|1892|21165|4217|14281|3506|6731|2599|2328|1361|1505|883|1097|845|1437|886|3364|1428|146|249|1047|961|1746|825|425|557|8817|2561|103|167|3282|1404|803|653|3796|1574|833|1020|3737|1711|2869|1122|868|1293|9296|2672|0|217|2358|1308|425|393|1457|1421|2383|1084|459|391|701|555|205|354|1308|937|1554|1547|23308|3364|5650|1423|4012|1168|1638|791|3511|1370|4647|2486|3429|1378|6071|1805|347915|12693|308491|11710|9456|1991|100|166|0|217|1676|652|0|217|1746|1055|0|217|1006|772|2908|924|110|191|328|531|938|718|0|217|644|580|259272|11366|1045|1084|588|345|12493|3638|9326|2863|6170|3365|224404|10968|3738|2215|1508|767|0|217|39763|6479|2549|1172|287|212|10102|3004|3038|1925|9178|2988|2653|1321|206|228|6267|2507|266|315|4975|2185|242|297|39424|3974|39351|3983|73|69
04000C0US55|268884|10335|35447|3244|6699|1214|112|105|1018|534|291|240|297|206|4748|1055|1960|709|2533|841|255|287|233|173|9280|1315|395|262|36|61|1436|634|5998|1156|814|426|601|367|0|159|2327|926|262|237|1065|523|165|195|0|159|734|616|101|173|17141|2350|1354|861|597|442|717|475|523|452|783|411|568|546|1004|566|324|213|327|259|282|239|345|294|2950|1090|916|469|2960|857|212|167|1715|796|1564|725|0|159|97458|4316|19833|3174|12229|2475|10216|2199|686|435|1327|575|1295|591|6004|1447|305|355|30582|3583|1384|1359|1229|746|0|159|21296|2815|3298|1477|247|367|925|642|1438|1009|410|470|168|206|187|224|40859|3605|4347|2153|1383|1152|433|343|13460|2328|1025|817|6718|1496|36|62|10390|2237|3067|1203|0|159|5669|2186|0|159|107|146|98|162|1572|1578|112|114|579|453|491|395|588|489|524|410|64|86|1059|905|111|115|0|159|364|316|515|493|20391|3700|7910|2279|0|159|2032|928|1526|1019|1648|1717|597|569|1544|1282|415|487|148|198|1410|1126|160|201|950|1031|54|95|246|300|2993|1137|398|407|1647|953|141|130|781|862|26|44|1688|1177|1688|1177|0|159|6390|2333|0|159|1782|1012|148|235|422|440|2018|1055|0|159|0|159|0|159|2020|1721|0|159|1855|943|1756|926|1338|780|418|307|0|159|75|124|0|159|24|41|113733|6943|107280|6405|5415|1445|107|183|0|159|1589|837|0|159|1499|974|0|159|277|382|1748|835|0|159|0|159|57|93|0|159|138|224|82679|5913|326|343|677|593|843|578|2080|791|1601|944|74436|5722|2536|1487|180|180|0|159|19186|3561|1239|739|213|189|2925|1333|688|378|6415|2860|2060|1329|170|185|2209|1149|228|282|2832|1692|207|182|6453|2004|6453|2004|0|159
04000C1US04|627901|20110|46649|5175|10099|1632|640|467|939|669|241|326|595|344|7643|1358|3753|996|3510|1016|380|239|41|67|9711|1719|965|677|372|425|2093|856|4769|1113|985|507|527|361|0|232|4317|1109|1077|680|1766|703|652|418|334|329|822|463|0|232|22522|3931|1653|1853|905|942|3927|1620|997|660|219|188|1215|745|998|790|235|234|150|157|509|420|88|147|2325|1158|3422|1383|3100|891|825|570|1020|473|934|602|0|232|146744|8110|32040|4217|19169|3555|15075|3289|1402|695|2692|986|3024|1129|9847|2383|0|232|57037|7618|579|517|1441|1018|0|232|45474|7337|6153|2869|778|450|439|430|804|628|541|388|346|288|482|743|46379|5574|3186|3177|1313|678|890|500|580|577|1919|1048|20236|3506|531|342|2956|1295|14768|3339|0|232|11020|2502|0|232|71|127|48|80|3515|1484|1025|552|538|465|931|542|1582|830|337|316|1131|968|1577|943|265|257|0|232|0|232|268|273|39060|9506|17140|5877|42|72|819|764|3801|2570|2070|1067|1841|2430|4716|4559|568|778|3283|2084|5734|2509|2163|1630|2566|1703|1005|814|0|232|3191|1502|334|330|1267|812|232|234|1038|899|320|425|1676|753|1676|753|0|232|5147|2457|0|232|115|181|221|368|95|155|4423|2471|0|232|89|143|0|232|204|334|6172|4403|3043|1300|1378|603|581|295|797|525|117|201|203|305|781|1111|564|476|392405|17258|372818|17771|11808|2942|95|110|100|118|6899|2225|0|232|1344|1025|0|232|781|637|1451|1176|0|232|38|64|870|604|76|127|154|235|343587|17721|190|209|552|380|7430|1809|12029|4108|1166|762|320004|17555|1184|885|434|347|598|959|17423|3632|1133|564|411|400|2136|1006|557|428|6419|1942|1440|638|82|139|3497|2311|224|268|1372|1042|152|191|19587|3180|19587|3180|0|232
04000C1US06|5494874|39892|373745|10996|83035|5051|2645|841|9607|1888|1358|610|4573|1097|62709|4077|30718|2679|29007|3386|2984|861|2143|909|79842|5266|3697|1039|3710|1051|24867|3396|35692|3268|8276|1367|3367|858|233|186|42925|4099|6070|1640|18055|2512|10152|2226|2141|1119|8511|1781|137|135|166591|9053|1276|901|6425|1541|4220|1930|5085|1552|2786|1042|4219|1451|4852|1539|2367|852|1500|780|5389|1671|737|428|12848|2031|10810|2226|54735|5317|2740|1072|36906|4912|9696|2147|1352|685|2447277|27340|777681|16866|531094|14926|385099|13723|52674|5005|93321|6080|62305|5800|178470|11154|5812|3103|619723|18763|32895|5913|15955|4280|297|291|375473|16638|137544|9989|4277|1235|6940|1883|30785|5624|9245|2575|3819|1556|2493|905|837128|17584|12219|3049|30033|4209|13874|2636|22391|3157|11282|2408|426894|17962|8463|1987|36568|4354|275277|12887|127|157|204012|11943|80793|8184|6004|2372|3460|1616|11684|2479|24101|4724|9047|2398|4308|2194|19920|2869|5814|2321|13408|2709|16067|3124|2387|1158|4098|1840|2921|1565|8733|2429|114325|9212|32048|4530|4325|2281|12017|2225|5594|2012|2138|1045|442|330|2872|1392|964|456|3696|1433|4150|1341|2208|964|446|402|482|505|1014|871|32705|4749|1693|882|19446|2700|4637|1462|5101|3817|1828|693|11825|2281|11646|2261|179|290|32258|5669|250|251|4917|1723|869|649|1091|686|20003|5382|1299|721|1593|1201|463|615|1773|821|1339|941|43094|5067|17248|2399|13153|1908|4095|1488|12181|2484|1483|1595|201|237|11981|3224|2516433|32595|2448952|31962|30682|3362|384|396|386|324|11937|2509|336|544|3521|1279|283|361|2588|923|7236|1561|405|454|160|169|1822|700|426|536|1198|913|2235933|32668|11288|2342|6504|1734|249664|15705|201693|14982|40585|5868|1687100|27916|34767|5701|3279|1499|1053|865|182337|13315|14067|2167|8563|2680|34482|4649|10348|2530|52345|9045|12189|2720|2156|970|33413|4368|1570|713|12143|3155|1061|680|67481|4529|66420|4513|1061|924
04000C1US08|294999|11198|34094|4355|11328|2075|705|551|1063|501|34|57|427|391|8858|1891|4458|1338|3779|1324|621|506|241|230|9017|1692|194|198|94|113|1098|519|6889|1517|317|283|425|322|0|220|789|467|42|71|333|256|37|66|0|220|377|404|0|220|12960|3078|0|220|569|585|207|228|642|582|181|179|337|253|552|510|77|120|141|168|207|248|57|92|1471|1051|802|524|2713|1107|124|153|3702|1845|1178|959|0|220|65758|4818|19894|2489|9328|1820|8051|1860|187|176|1090|529|1791|546|7190|1285|1585|1665|21139|3360|2292|1930|858|972|306|392|11702|2327|1627|862|259|211|1838|945|499|450|243|334|497|516|1018|1013|21055|3440|982|1137|1266|956|1256|1019|192|231|560|544|7244|1882|250|281|2012|1013|7293|2509|0|220|3365|1047|0|220|0|220|323|505|634|473|282|235|229|259|206|248|348|377|510|398|61|100|585|567|141|195|0|220|46|73|305|391|29843|5261|12884|2628|747|811|9195|2457|982|864|728|543|66|111|646|933|0|220|520|474|2358|1902|1252|1582|613|897|323|432|170|286|3573|1625|1041|1011|210|210|1177|928|270|428|875|719|2211|1025|2128|1018|83|111|8529|3500|0|220|2580|1571|955|1430|1009|925|1666|1062|115|152|1913|2311|291|457|0|220|288|480|3435|1513|1744|700|1323|587|421|325|0|220|0|220|582|508|1109|1141|161869|8847|155101|8516|5839|2481|42|70|170|208|2680|1423|24|40|620|557|0|220|54|85|2059|1965|0|220|0|220|86|140|0|220|104|191|122479|7520|506|562|1006|821|3985|1396|4808|2717|2674|1605|107472|6829|1021|875|1007|628|0|220|26783|5312|648|326|262|264|2920|1915|1561|1013|8749|3478|342|301|48|79|4865|2239|219|263|6747|2516|422|430|6768|1318|6768|1318|0|220
04000C1US12|1365257|26557|140605|9598|30794|3873|895|492|3888|1586|330|332|1600|839|23049|3029|10001|2090|11295|1971|1753|811|1032|648|24936|2635|1152|549|1544|746|7165|1766|11953|1403|1061|587|2061|1125|0|243|26403|3575|3368|1371|13724|2680|2322|1068|270|230|6959|1954|30|49|57117|6205|3610|1512|1440|826|2674|968|2613|1184|709|412|1672|641|3384|1235|520|474|851|568|1168|619|712|506|8033|1990|3865|1224|12443|3904|1403|693|8861|2601|3159|1497|1355|1396|170521|9662|32180|4131|21959|3902|18173|3589|1449|734|2337|751|4669|1801|5470|1423|82|135|51779|5492|1386|1599|2275|1116|0|243|34705|4594|5257|2443|855|542|1356|1047|3841|1582|1274|876|563|387|267|322|61954|6791|3125|1453|2073|1074|1227|754|1364|683|1117|668|33142|4417|431|293|4711|2153|14712|3005|52|89|23979|3822|237|397|484|520|951|774|1391|1058|4053|1377|2050|1121|443|516|2428|801|720|555|5729|2851|4690|1834|400|325|82|134|321|332|629|454|35445|6722|7969|3376|234|294|3032|2624|1575|874|0|243|1816|1238|309|290|292|280|711|761|4162|3526|794|939|1930|2854|0|243|1438|1908|10065|2442|308|276|4155|1218|2778|1509|1996|1271|828|770|4002|1812|3930|1800|72|123|8537|2599|96|161|1543|1186|417|713|192|209|5115|2098|0|243|203|262|0|243|971|748|710|814|3448|1263|2886|1170|2633|1158|253|173|317|388|0|243|0|243|245|313|1015238|23897|982769|23479|459363|18457|7967|2723|2403|1385|236898|14265|872|729|41087|5112|260|192|94125|10298|53648|6864|2788|1931|922|849|13136|3430|1673|1515|3584|1452|175806|14545|870|429|8613|2964|12543|3221|27840|4828|38282|6805|38869|5373|43685|6908|4967|1264|137|218|347600|18468|18987|3384|2479|1353|59516|7714|7773|2240|89147|7566|13392|3525|11539|3177|26662|5086|2753|1327|114002|12330|1350|761|32469|3334|32274|3352|195|238
04000C1US17|823197|17128|123963|10013|14083|3416|480|470|2482|1117|261|373|1682|1870|9129|2253|4876|1367|3813|1811|440|410|49|81|12619|2889|666|377|374|275|2557|982|6802|1552|1006|517|1214|1312|0|206|9551|1799|3038|1056|4430|1283|446|622|0|206|1598|665|39|64|86732|8135|2011|902|1310|825|3470|1920|4318|1517|1268|801|1676|843|839|766|151|162|2016|978|317|260|1114|679|34159|4278|7438|2399|8048|3511|945|482|15085|4660|2567|930|978|1021|269120|8607|79635|6201|61201|5662|53050|5747|3891|1188|4260|1160|3841|1453|13077|2400|1516|1139|105277|8774|3791|2395|2196|1556|0|206|74766|7137|3817|1198|1387|1306|1684|1127|12158|3448|1326|1134|1392|877|2760|1568|63015|6622|5548|3832|508|314|1352|811|2144|1089|1811|908|40738|4546|642|348|3524|1788|6748|1752|0|206|20299|3994|87|145|132|166|119|165|4334|1267|2422|991|2758|1635|147|182|4007|2307|903|613|2017|1010|2139|992|433|287|769|1023|32|54|894|550|44905|6432|6133|2097|284|472|2737|1702|1095|806|347|570|629|979|140|169|40|67|861|786|4429|2413|1135|874|668|934|1811|1504|815|667|6904|2818|1385|711|2188|2151|2108|1062|853|1346|370|355|1881|744|1792|733|89|117|25512|4958|0|206|6696|2946|159|151|328|460|13846|4544|287|302|246|402|1411|1103|2539|2235|46|85|2059|735|1836|720|1506|741|330|232|64|120|0|206|0|206|159|207|383150|13276|377637|13343|17433|3913|375|628|81|138|5118|2312|0|206|3098|1141|0|206|2947|1906|4290|1719|0|206|110|185|937|841|0|206|477|409|298656|12400|3133|1575|415|315|6736|1991|14510|3477|7761|3454|262500|12415|2513|1429|1088|896|0|206|61548|8656|2838|1486|1155|1325|4166|1300|2241|1470|15853|4380|18448|6989|45|75|5003|2796|118|201|11608|3620|73|123|5513|1062|5385|1051|128|207
04000C1US24|199780|11470|20388|2911|4716|1435|53|85|358|292|47|77|370|348|3803|1396|1991|1183|1598|599|214|197|85|147|4394|1428|74|122|251|283|2035|1273|1395|543|434|305|205|181|0|225|2687|1269|481|358|678|410|148|265|0|225|1380|857|0|225|8262|1714|291|251|50|81|0|225|360|459|0|225|306|226|338|241|156|197|145|167|242|336|0|225|635|388|500|330|2763|1297|189|210|1441|749|846|555|329|302|65411|6072|25487|3335|16030|3111|12700|2984|677|435|2653|949|2988|1133|6245|1718|224|346|24226|4649|647|678|1369|803|0|225|9884|2338|4774|1739|0|225|3376|3167|2491|1256|966|769|719|912|0|225|9844|1908|752|840|42|72|257|229|38|66|104|174|4620|1299|323|338|748|520|2960|1098|0|225|5501|1752|0|225|0|225|285|367|320|509|1404|801|333|330|131|169|451|303|1082|1058|152|193|1139|647|173|217|0|225|31|54|353|494|26147|4985|5490|2221|414|374|3274|1830|406|470|0|225|458|538|161|180|181|224|596|473|2524|1753|1725|1616|76|140|448|474|275|219|2781|1678|174|293|651|478|1596|1414|300|518|60|109|1621|947|1535|942|86|104|12567|3947|0|225|1830|1438|463|382|1553|1170|4581|1895|105|154|1463|1284|1744|2188|828|544|1164|1651|687|423|583|384|430|331|153|166|0|225|0|225|104|167|0|225|87147|9510|84551|9741|22502|6079|129|220|348|462|1124|868|401|513|3745|2159|115|114|5711|3012|7431|3178|0|225|0|225|3429|2188|0|225|69|119|41730|6189|86|141|1339|1017|19760|5028|5636|2704|6004|2641|5202|1883|2437|1680|1266|1033|0|225|20319|4486|1536|893|2357|1340|2782|1041|1031|972|2302|1114|2477|1387|591|566|4365|1932|505|618|1837|1253|536|669|2596|971|2596|971|0|225
04000C1US25|351293|11318|44750|4568|6586|1268|0|225|1973|861|0|225|253|215|4003|1002|2510|770|1261|553|232|196|357|310|8355|1713|279|171|829|628|3125|1002|3202|1041|188|219|732|396|0|225|8096|1972|1856|828|2928|989|1284|660|321|455|2028|1090|0|225|21713|3669|3782|1450|1219|951|0|225|525|498|395|389|192|193|180|217|331|351|689|490|604|956|724|1042|1468|946|772|455|5653|2066|145|110|3557|1647|1477|723|0|225|111812|6189|47780|4224|38621|4038|33234|3880|2372|722|3015|991|3228|1220|5886|1246|45|89|28984|4499|1877|2392|1104|606|143|248|19774|3564|3063|1348|314|215|711|463|1061|556|493|410|318|281|126|208|23817|3862|570|587|981|588|1037|670|245|188|383|287|2355|1195|673|280|1521|903|16052|3281|0|225|10684|2739|241|237|375|439|353|334|661|655|2091|1232|653|629|602|731|1714|725|270|192|686|584|2660|1361|0|225|0|225|378|356|547|500|35734|5234|10169|3021|157|244|4385|1657|2235|1274|348|313|615|593|1781|1724|262|219|386|359|2440|1349|38|68|1470|1056|932|883|0|225|3328|1119|136|165|1441|746|1199|683|273|328|279|251|1085|664|995|639|90|139|17544|3321|5002|1688|6127|1873|0|225|971|754|4259|1854|311|317|505|622|0|225|369|470|1168|763|1879|772|1555|677|1345|615|210|221|0|225|0|225|0|225|324|441|157118|10087|149106|10218|64865|7104|59|101|1978|952|2023|1429|578|629|30133|5255|0|225|14413|3760|9174|2320|328|393|137|176|4453|2528|523|743|1066|801|27214|4456|1306|1283|490|356|9034|2151|10400|3168|1667|884|3208|1001|514|528|311|334|284|466|57027|8178|1764|911|1053|1046|25398|5464|2979|1586|13826|4221|4366|2526|1640|1413|2227|1615|428|480|3346|1377|0|225|8012|1529|7910|1510|102|175
04000C1US26|294352|11838|29271|3372|3873|1193|251|236|62|74|41|66|0|184|3454|1164|1021|450|2129|1082|304|258|65|108|5056|1266|276|298|290|300|1232|624|2663|823|550|347|45|76|0|184|3202|829|515|388|1891|641|12|20|0|184|517|308|267|242|17140|3213|1717|721|245|212|1652|893|1539|1963|333|224|273|248|125|154|193|193|33|57|0|184|260|194|2406|1036|2847|972|1876|998|278|234|2225|841|1138|769|0|184|158750|8990|31607|4029|18296|3057|14402|2731|895|734|2999|895|5405|1781|7906|2171|0|184|54192|5745|1022|987|12752|3799|1135|1049|33665|4506|1596|1194|0|184|1392|1541|2216|956|227|204|52|97|135|202|15749|2691|3526|1069|103|178|180|153|1046|617|1145|1126|5444|1714|268|330|876|464|3161|1250|0|184|56187|5845|175|227|217|230|88|145|14389|3118|784|557|1399|758|440|494|13979|3021|979|739|3859|2487|171|133|728|757|18827|3957|152|248|1015|671|26682|5423|8059|3230|0|184|1431|1257|1443|1012|241|314|2382|1858|0|184|466|387|2096|1379|2000|1130|378|374|568|683|594|685|460|646|6220|2521|1306|1612|3184|1882|602|371|467|463|661|614|498|344|406|314|92|162|8804|2894|0|184|1873|1174|399|652|518|499|2914|1558|1078|1009|461|415|0|184|1561|1154|1101|1213|560|305|560|305|243|189|317|255|0|184|0|184|0|184|0|184|79089|5936|69172|5246|8519|2690|0|184|0|184|2870|1574|0|184|1617|1034|0|184|951|723|2756|1936|0|184|0|184|40|71|0|184|285|420|52071|4491|0|184|0|184|2150|1005|6788|2905|1631|933|41061|4283|47|84|280|249|114|189|8582|2767|667|467|68|103|2408|1008|362|347|596|314|264|285|0|184|412|306|41|70|3705|2304|59|105|9917|2658|9917|2658|0|184
04000C1US36|3264694|31677|447825|15538|52019|5212|1213|624|11928|2574|583|394|2557|1099|35179|4659|20895|3614|13627|3047|657|423|559|352|49659|5440|4179|1669|2259|921|21018|3829|16248|2597|3194|1124|2673|778|88|148|74025|7945|20990|3528|38835|4266|2557|1106|45|73|11463|3327|180|294|270551|13256|22537|4983|10701|2511|5950|2738|1546|643|3183|1445|4352|1396|6094|1530|1393|653|4620|2399|3679|1041|4686|2840|33498|5126|9275|1958|48946|5522|4281|2063|70241|6675|35569|5162|1571|942|999956|15654|484059|12112|406932|12835|344842|11810|38818|5302|23272|3481|19333|2958|57670|6839|124|153|305664|11860|4627|2710|123424|9274|809|548|72458|6610|7255|1929|6572|1773|12796|3114|36396|5267|3191|1146|33022|5458|5114|1613|115402|6887|11642|2245|2393|944|4417|1634|579|346|9523|2136|55689|5550|2935|1366|9647|2043|18500|2777|77|127|91433|8546|2252|1203|4219|1636|12881|3351|2468|1226|18571|3250|2176|1557|820|430|6460|2017|3240|2620|5621|1652|11200|2456|623|410|17995|5222|2907|1300|3398|1434|185238|13301|15127|3755|345|534|1807|911|4465|2187|1777|987|1192|610|747|838|1369|776|3425|1799|7783|2820|1025|730|867|500|1922|1529|3969|2526|38808|5418|2611|1347|23693|5220|9719|3089|1782|856|1003|601|5593|2082|5420|2032|173|309|107955|10578|185|183|38541|7955|3544|2229|3154|1396|25005|4100|6432|2414|2303|1409|5365|2415|23426|6274|9972|2941|13409|2561|12487|2488|10803|2410|1684|860|0|218|0|218|0|218|922|749|1618266|20421|1585553|20023|822877|19750|1397|940|19136|3395|12455|2209|6874|2060|394197|17445|16726|3553|87918|7448|172176|11049|9416|3586|14282|4046|70601|6966|7129|2305|10570|2310|287415|14721|5446|1834|3450|1020|35022|8304|34201|5726|31563|4876|159794|11817|6812|2460|10882|2373|245|413|475261|17262|11004|2365|3273|1649|22794|4653|5934|2154|87850|8570|138769|10693|135517|10297|35262|5084|3015|1355|25901|5362|5942|1740|32713|4044|32713|4044|0|218
04000C1US37|492317|16674|43949|4420|10271|1688|85|129|405|266|250|300|567|373|8547|1628|4207|1092|3715|1225|625|501|417|402|9815|2098|663|572|56|89|2152|914|5657|1571|1034|504|229|197|24|39|7201|1988|1275|551|2730|1192|1112|948|0|222|2084|1061|0|222|16537|2973|149|245|248|407|265|201|387|256|318|343|1105|1034|580|567|220|177|82|135|1037|975|0|222|1219|581|1512|706|3880|1610|316|382|4396|1590|823|630|125|157|147874|7375|32637|3814|20740|2890|16972|2765|1135|522|2633|994|3159|1056|8738|2283|0|222|69826|6232|3673|2616|3031|1625|286|337|50203|4763|1597|669|476|637|4359|2219|4804|1851|904|557|163|143|330|485|37326|4897|1921|1124|1915|995|414|358|2271|1154|800|596|10280|2415|146|145|2109|1223|17470|3773|0|222|7599|2248|0|222|0|222|334|395|459|351|585|473|805|547|678|573|1123|721|554|476|1695|1845|744|367|433|390|122|149|67|116|486|374|57755|9096|14398|5469|1117|1147|3493|1744|1747|1387|4159|3910|648|499|2117|2380|288|276|829|863|5341|2938|1123|1026|113|146|3356|2733|749|899|8929|3374|321|367|3048|2021|1694|1040|2251|1176|1615|2071|3392|1388|3176|1378|216|267|21189|5390|71|130|3214|2161|483|650|3467|1644|4752|1729|195|245|2780|2356|2052|1688|4175|2197|4506|2412|1125|486|882|459|598|364|284|266|41|72|0|222|139|148|63|105|241614|11903|233222|12063|29439|4013|637|489|395|365|3660|1506|237|242|8011|2122|795|1032|3960|1799|7536|2363|0|222|0|222|2774|1132|374|596|1060|917|159607|10684|82|131|1751|1090|19977|3427|17705|4770|35328|6704|77094|7929|5857|1926|1813|766|0|222|44176|6251|4155|1486|556|737|7495|2402|2321|1553|12722|3290|2679|1112|784|576|4400|1502|265|244|8668|3405|131|162|8392|1781|8232|1801|160|149
04000C1US39|230754|12819|18273|3468|4093|1622|34|63|280|255|0|208|305|319|3326|1431|1139|521|2136|1050|51|85|148|196|3575|1195|98|157|87|148|620|413|2370|1116|322|266|78|135|0|208|2387|871|566|385|1295|628|310|300|0|208|216|250|0|208|8188|2081|322|303|665|710|336|333|151|195|120|210|543|697|379|334|90|156|0|208|238|397|175|220|658|333|549|376|993|410|97|158|2279|1456|593|392|30|54|81778|6350|17544|2843|11253|2460|9165|2281|689|399|1399|638|1903|1138|4038|1053|350|555|36449|4177|1420|1102|2362|1456|6020|2157|14893|3208|1622|892|91|155|7011|2174|1981|1190|272|354|540|518|237|188|15949|3344|1994|1495|1195|978|797|602|953|746|1546|1513|5546|1528|152|154|737|435|3029|942|0|208|10830|3136|0|208|0|208|0|208|3701|1814|356|346|1806|1226|447|429|550|376|1383|1037|640|569|1021|760|85|154|478|598|363|359|1006|708|59811|7823|21683|4359|915|813|2426|1295|1235|838|13199|3993|2074|1864|430|571|94|163|1310|903|4436|2008|1329|1237|1133|834|1598|1451|376|474|7181|2932|3614|2671|1030|660|1962|1487|298|284|277|272|362|165|362|165|0|208|23311|5456|0|208|9009|2739|795|791|1394|835|3541|1728|2687|2519|785|651|497|483|4603|2269|2838|2103|280|257|255|248|169|194|86|101|0|208|0|208|25|41|0|208|70612|6347|67769|6367|11863|2935|59|100|0|208|767|453|51|99|3661|1436|247|387|4145|2522|1798|990|0|208|0|208|883|729|124|189|128|230|41299|5173|230|374|883|752|3349|1643|6653|2430|4016|2187|25120|4328|869|659|179|158|0|208|14607|2616|269|245|360|350|2919|1599|763|484|3284|1527|419|208|244|252|1779|1066|0|208|4570|1995|0|208|2843|720|2841|720|2|2
04000C1US42|386408|16721|48658|6738|4519|1265|0|190|813|435|120|180|126|151|3309|1094|1433|640|1548|701|328|401|151|179|6425|1395|306|226|331|311|1413|628|3960|1111|138|182|172|176|105|179|6608|1926|1406|714|2901|1092|1164|887|0|190|907|724|230|303|31106|5908|2118|932|2168|1248|47|78|1055|862|142|178|286|315|187|210|204|208|142|176|263|284|253|419|2720|947|494|400|4966|1736|99|161|7287|2099|8675|3488|0|190|124148|5169|47245|4601|38063|4045|35648|3973|1181|604|1234|610|1369|712|7208|1772|605|962|38988|5396|500|699|3247|2273|2667|1797|22914|3549|1977|1160|1240|1341|898|605|3695|2135|242|284|1396|850|212|358|27399|4351|1986|1303|2150|1232|1749|1156|948|903|1332|1003|4050|1094|0|190|2333|1829|12851|2708|0|190|10378|2365|208|352|352|314|630|439|1642|1249|1040|697|318|267|209|189|896|703|705|723|1296|954|2043|887|654|499|0|190|385|371|138|230|38212|7761|6231|2041|386|408|3868|1778|528|541|342|376|189|199|423|422|47|81|448|408|3728|2851|2337|2591|364|385|55|93|972|934|9341|3421|2057|1425|2627|1772|2276|1658|2235|1451|146|169|399|272|399|272|0|190|17667|5325|0|190|4709|2874|508|630|5737|3594|2357|971|31|54|647|605|0|190|3678|2290|846|625|471|332|294|217|183|162|111|147|0|190|177|269|0|190|0|190|174919|13601|171571|13574|101505|10176|260|281|324|390|1371|747|108|180|72932|8198|490|500|11168|3714|11061|3358|0|190|234|234|1830|764|0|190|1727|1054|39668|6801|0|190|199|222|2000|1127|9873|4059|6086|3072|19493|4161|1370|1320|647|546|0|190|30398|6285|644|385|99|166|11764|4707|363|353|5637|2044|2478|1342|1883|1108|4511|2740|200|337|1567|855|1252|1281|3348|1034|3348|1034|0|190
04000C1US48|2753433|41176|108828|7068|25889|3250|1507|1293|1814|779|792|454|1070|664|20258|2801|8921|1983|9433|1786|1904|733|448|327|32645|3802|1191|719|564|575|7855|2366|18642|2145|3645|1408|659|468|89|105|11135|2363|1874|868|2940|1039|366|318|0|236|5850|1776|105|193|39033|4582|603|641|1020|785|2633|1069|1604|787|1203|887|1442|719|955|618|206|195|1263|832|543|430|815|823|3158|1180|3521|1222|9124|2496|1962|1905|7431|1829|1550|727|126|112|589812|20280|116665|7966|79912|6128|59113|5890|6348|1749|14451|2161|10535|2253|25911|3458|307|337|267727|16949|17392|5769|9420|2134|811|911|170095|12705|22463|4519|1316|857|16687|4000|26726|5500|1311|632|923|496|583|550|159758|10964|6142|2314|3960|1712|3245|1369|3030|1253|3438|1276|50830|5120|2535|1194|7531|2251|79047|9389|0|236|44143|5576|0|236|810|608|96|137|9278|3152|3851|1744|4091|1628|2252|1498|6083|1445|3440|1252|3597|1804|6191|2410|3594|1762|0|236|860|609|1519|780|160442|13816|46334|8006|5865|2044|16180|5153|12637|4017|1117|802|2173|1222|2027|855|1663|1131|4672|2354|17781|6103|7223|3133|4945|3507|4333|2063|1280|1022|14922|4522|2806|2134|6794|2591|1982|1007|2282|1936|1058|762|5275|1499|4854|1479|421|448|71392|8421|0|236|6285|2120|1662|1055|2202|1234|52918|7457|545|364|1822|1170|1274|1007|4684|2205|4738|2123|10813|5647|3615|1246|2849|1003|766|590|351|332|0|236|1782|1168|5065|5592|1883538|36495|1864908|36549|87510|8332|550|630|517|456|56436|8008|524|580|6802|1967|64|110|3668|1662|10439|3341|1038|832|146|99|4406|1706|1126|1029|1794|1037|1630769|32388|684|431|2869|1113|125057|12209|68985|10558|131786|13468|1277057|30625|19449|5076|4629|1410|253|295|146629|13207|6471|1464|1481|968|18847|4094|3400|1467|36723|6680|6091|2470|1966|933|12899|3321|1086|653|57193|9036|472|390|18630|2402|18565|2398|65|110
04000C1US51|265928|10830|36136|4166|8733|1608|63|108|606|448|240|208|167|145|7372|1558|3201|1138|3741|1111|430|311|285|227|10379|2480|287|278|138|116|3124|1827|5662|1753|470|337|461|255|237|385|4297|1523|832|586|1753|978|595|502|38|65|1117|723|0|216|12602|2275|621|567|441|487|717|546|262|258|227|181|513|409|184|252|0|216|116|116|413|337|181|215|1537|825|907|434|2502|987|306|298|2674|1185|1001|695|125|212|99695|5284|26814|2910|13935|2167|12039|2021|800|530|1096|499|3634|1208|8849|1849|396|339|28531|3448|4748|1545|2151|1106|247|347|11552|2233|3774|1408|435|329|817|497|3542|1676|456|265|434|446|375|421|36501|4082|315|320|483|460|493|353|691|531|678|588|24625|3649|572|488|1020|743|7624|2113|0|216|7431|2204|212|352|45|76|651|943|676|436|142|242|122|162|313|267|1953|910|885|1160|481|318|1224|583|339|415|123|201|265|328|418|322|30345|4200|14785|3314|521|419|12821|3200|862|677|0|216|0|216|313|295|0|216|268|274|619|459|410|398|126|159|83|143|0|216|4264|1365|220|265|1487|684|1697|923|713|373|147|184|1395|773|1395|773|0|216|8390|2063|56|91|1518|826|569|729|892|727|2914|1427|871|826|683|743|398|398|489|501|892|658|990|506|841|394|523|301|318|225|0|216|0|216|0|216|149|245|98762|7519|94944|7475|13922|2936|437|437|382|392|1653|825|176|236|1796|1339|0|216|781|547|5815|1634|0|216|0|216|2276|1133|0|216|606|358|57823|5832|121|216|463|271|16931|4152|6996|2727|12595|3124|16062|3996|1049|832|3606|3546|0|216|23199|3526|1222|586|3978|1613|3251|1303|754|427|4287|1362|1628|952|775|428|4305|1761|575|584|2392|1539|32|49|3818|812|3791|818|27|47
04000C1US53|536852|13527|73004|5792|14167|2579|645|736|575|289|476|297|598|340|11592|2058|5251|1489|5640|1395|701|327|281|246|12881|2190|435|305|414|191|2260|763|8493|2262|911|422|368|261|0|217|3221|958|545|359|1214|531|391|297|94|157|1031|465|40|65|42481|4876|135|216|1487|1064|1081|682|2253|856|514|485|1014|601|396|268|533|434|128|144|2864|1915|53|86|2723|1084|2343|1002|9840|2459|572|473|14253|3302|2292|1376|254|355|271033|9007|103338|7531|69495|6470|54339|6072|5943|1609|9213|2068|9322|1750|23030|3776|1491|1026|74378|6664|2647|1582|1155|1074|479|645|59863|6268|3412|1670|977|612|1687|1655|1195|637|535|470|669|483|1759|1348|82020|6578|1465|678|3583|1214|3257|1270|2051|1031|1187|661|33881|3681|969|444|5535|1827|30092|4272|0|217|10661|2713|859|1006|198|197|189|223|3102|2106|1937|968|316|342|153|183|698|819|774|581|663|591|1646|691|46|76|0|217|80|131|636|457|39593|6288|27297|4843|1161|906|10548|3586|8188|2537|4281|2013|1688|1284|435|431|339|438|657|638|1246|902|0|217|166|203|758|666|322|527|4605|1766|103|167|1080|712|199|192|2481|1285|742|1010|1811|978|1811|978|0|217|4634|1954|0|217|1340|1160|0|217|861|1216|1048|493|459|391|581|529|0|217|345|295|0|217|9163|2094|2275|709|1807|695|468|285|975|608|2420|1434|1888|924|1605|826|144059|9416|124690|9054|4301|1374|0|217|0|217|1355|596|0|217|1132|793|0|217|137|233|1234|663|110|191|0|217|333|364|0|217|0|217|104440|8829|131|166|199|204|5903|2725|2931|1189|1491|1020|91316|8283|1451|1281|1018|659|0|217|15949|3702|1373|981|0|217|3934|1700|1511|1001|2889|1117|1000|671|206|228|3240|2335|169|212|1408|789|219|295|19369|2852|19369|2852|0|217
04000C2US06|5072971|44437|291380|12526|67839|4409|2685|1037|5802|1294|1573|650|3486|848|53198|4176|23094|2763|25782|3028|4322|1080|1095|470|67136|5411|2073|749|2133|732|15561|3324|34893|3626|8299|1514|3990|1178|187|167|35990|3636|5288|1664|11565|2317|13927|2579|4576|1565|5034|1280|176|184|119888|9253|895|926|4822|1719|3915|1629|3611|1899|1655|635|4475|1178|4226|1518|1344|932|707|441|4123|1529|165|217|8119|1997|12431|2553|30224|5025|1154|674|32779|5250|5243|1331|527|329|1849579|26591|619364|14978|443765|13288|306634|11323|48839|4226|88292|5738|34388|3495|136970|8333|4241|2799|362804|15507|45638|7624|6051|2323|0|221|198190|11115|67019|6248|3574|1430|12565|3882|22158|3696|4021|1645|2417|923|1171|726|751339|24461|16233|3059|20798|3344|16477|2652|18620|3432|7943|1567|391418|16586|3897|1160|28095|3695|247798|12483|60|75|108326|9468|9769|2331|581|388|1625|1399|32398|5771|10188|2577|6206|1604|2390|993|13782|2726|2153|997|13080|3686|10022|2661|1171|591|3320|2132|1641|627|7746|1961|88933|8902|19838|3570|2002|1436|8254|2324|3471|1225|538|847|1858|955|1009|916|1268|658|1438|573|3350|1515|2507|1337|0|221|274|227|569|557|34585|6227|3488|1603|22073|4415|5023|3126|1677|1359|2324|1404|6438|1458|6438|1458|0|221|23070|4180|0|221|2897|1272|251|233|564|521|15799|3666|496|302|1047|677|404|425|1612|1160|1652|1156|46097|4878|14145|2339|9944|1706|4201|1338|18800|3349|641|951|411|401|12100|3056|2796982|34775|2739624|34575|36584|4877|253|381|975|522|13902|2174|0|221|4459|1921|780|873|4530|1973|6332|1846|67|114|150|206|3217|2372|878|640|1041|505|2543724|33552|4347|1394|7641|1893|194354|10459|131585|12083|39188|7244|2114702|29763|44332|5307|6872|2117|703|666|159316|11126|16072|2631|5235|1831|25026|3641|8433|1745|31620|4949|16061|3474|2567|1094|40762|6237|1380|679|10767|2709|1393|905|57358|4502|57090|4497|268|265
04000C2US09|321348|12752|77656|5560|14295|2219|175|206|1669|644|1274|656|844|419|10065|1821|4609|1370|4374|1316|1082|330|268|320|8415|1716|213|263|533|347|1920|975|4499|1004|865|505|385|270|0|222|18655|2819|1613|766|9621|2188|6483|1542|631|483|888|531|50|83|36291|4506|3225|1579|469|376|878|601|166|172|780|883|885|699|484|325|0|222|256|229|78|100|86|150|17840|3300|1469|661|3729|1304|356|537|3777|1530|1813|879|0|222|91488|5748|24900|3126|18085|2704|15608|2729|884|424|1593|628|2154|983|4445|1350|216|344|43892|4505|1278|1175|3853|1834|0|222|27142|3902|2171|1201|177|189|1307|982|6849|2612|685|730|246|213|184|234|16078|2863|0|222|3003|1854|712|455|764|593|253|309|7132|1586|379|248|878|543|2957|1050|0|222|6537|1789|48|81|212|228|199|264|108|186|709|428|436|438|0|222|1301|873|118|123|596|512|1345|623|150|170|1223|1628|92|148|81|136|15710|3239|1595|845|154|244|347|286|393|340|0|222|209|330|92|160|111|126|289|287|233|270|0|222|233|270|0|222|0|222|4694|1891|571|362|1488|1123|1975|1179|40|67|620|889|1230|608|1230|608|0|222|7207|2576|44|81|2748|1730|142|221|392|371|2495|1248|714|551|149|214|158|256|365|349|751|886|1027|558|816|409|772|421|44|75|0|222|0|222|0|222|211|305|135467|9315|126607|9222|44247|5602|53|91|985|729|2759|1543|725|608|8444|3238|0|222|7182|2341|20928|4061|1119|902|286|440|1263|874|191|213|312|224|21946|3935|190|197|592|361|2284|1552|4505|1565|3308|1562|9948|2413|520|715|599|436|0|222|60414|7784|2806|1537|882|721|6140|1400|2016|1299|11813|2656|20934|5454|2097|1195|9258|3312|821|637|2980|1607|667|604|8860|1683|8860|1683|0|222
04000C2US12|3565231|42681|297388|11548|68817|5545|1843|832|5337|1417|1397|753|3438|1291|54385|4920|22512|2993|27261|3262|4612|1203|2417|873|58793|5423|2962|1177|2434|1080|10711|2014|34997|3867|4645|1057|2997|1240|47|80|49578|5133|6113|1400|19214|3010|7684|2011|204|194|16335|3159|232|223|119111|7993|7021|2570|3546|1175|3625|2139|3324|1371|1963|829|5527|1832|7840|1660|336|256|764|340|2302|1108|504|334|16421|2778|9040|2173|25971|3971|1747|846|19565|3914|9615|2435|1089|691|348481|11149|62495|5864|44890|5702|36103|5384|3843|1254|4944|1290|6926|1537|10679|2236|0|243|122085|9050|231|218|7666|2324|0|243|80519|7286|7328|2059|2764|1332|2622|1940|14280|3994|1140|599|3232|1702|2303|1928|118738|7672|2537|1188|1839|942|1290|632|2996|1604|2228|987|55185|5463|579|474|7356|1639|44728|5350|0|243|42097|5040|249|283|711|432|272|322|2154|1077|12824|2513|2883|1130|2175|1235|6235|1840|1975|1042|4375|2078|5795|1802|981|581|152|246|1316|830|3066|1484|60868|8129|8673|3196|463|450|1396|859|1431|813|53|86|1082|881|688|506|880|537|2680|2273|2166|1159|569|568|613|672|537|577|447|334|21964|4366|988|701|12310|3719|7708|2646|141|166|817|428|11808|2852|11723|2854|85|144|12919|5772|388|402|3082|2659|257|330|1258|827|7280|4816|106|130|326|322|113|203|109|189|3338|1832|5576|1095|4400|978|3007|800|1393|630|95|136|377|346|81|134|623|427|2852918|38740|2770433|39217|1435360|30516|13807|2795|4422|1799|813832|17131|4195|1644|104632|10180|2593|1405|262747|16256|176191|12214|3155|1270|2851|1266|34316|5120|2121|1363|10498|2283|506088|19893|3250|1083|11337|2313|41174|6316|70407|8827|77568|10522|197675|11640|90276|9780|14372|2585|29|48|828985|22897|46688|5593|7263|2350|113449|8479|19439|3140|242727|12229|37353|5872|27105|4477|75753|8855|10458|2599|243158|15567|5592|1963|82485|6967|81619|6883|866|507
04000C2US13|969686|22457|66958|5189|15452|2256|481|272|905|524|125|151|497|394|12948|2009|6761|1747|4764|1203|1423|612|496|357|16300|2309|336|203|468|291|2421|900|10296|1761|2545|1166|234|205|0|226|4093|1082|579|484|1600|683|466|312|0|226|1417|704|31|52|30719|4478|265|409|954|561|5090|2602|3273|1533|268|206|580|444|534|417|742|608|656|537|370|257|0|226|2517|1208|3879|1578|6344|2090|710|476|3773|1541|764|432|394|331|295791|9097|78927|4919|38327|4116|32559|3987|1275|550|4493|1055|4042|1186|36558|3962|0|226|121528|7397|8831|3142|9367|2773|1729|1504|84760|6453|5287|1304|283|265|874|656|9395|2792|665|577|290|239|47|79|75939|5666|5032|1894|1462|748|1160|861|3666|1351|2826|1600|13455|2492|299|268|4544|1605|43495|4164|0|226|18021|4219|82|139|60|98|460|468|4256|2232|1727|1435|882|549|855|741|923|507|1680|1039|1688|1415|4527|2065|601|402|0|226|280|214|1376|805|119881|10625|40140|6632|3927|2619|17336|4634|10583|2888|2263|1891|1537|1027|1301|1021|718|590|2475|2138|8005|3494|2901|2363|738|615|3395|2395|971|926|6612|2492|737|731|3234|1690|1875|1514|396|418|370|334|4955|1642|4647|1606|308|365|58394|7797|310|360|11777|3139|608|484|4371|2006|31175|6111|1497|1115|992|766|3465|2014|4199|1767|1775|960|2345|1242|1444|930|1178|915|266|241|106|135|0|226|566|718|229|213|484711|14915|472418|14599|105963|7940|2718|1104|2055|1002|12065|2636|1115|903|12685|2936|611|466|14227|3755|44891|5308|688|816|1076|601|10023|2862|608|620|3201|1317|273076|11446|441|389|1613|1152|32399|5330|32977|5346|18873|4027|174808|9152|7358|2918|4607|1682|0|226|93379|9076|2695|949|421|317|16416|4197|2194|887|27710|4576|3840|1545|9496|2560|7391|1950|2795|1626|19834|4669|587|507|12293|1840|11757|1801|536|402
04000C2US17|1018468|20549|234544|11331|16649|2883|456|362|4351|1409|127|118|582|482|10650|2450|4510|1788|5099|1660|1041|618|483|333|16014|1811|924|409|646|542|2004|645|10781|1489|1106|540|553|413|0|206|20208|3057|6182|1694|11743|2008|299|298|0|206|1940|949|44|74|181019|10886|5021|1946|5003|2085|3392|1365|10345|2943|1484|588|2374|891|1455|834|711|335|8389|2957|4063|1506|3266|1246|84367|7116|6632|1571|10489|2492|5653|1946|23776|5282|4599|1306|654|420|299628|8905|59656|5864|29256|3465|23605|3266|1471|764|4180|1252|3651|1347|23935|3508|2814|1137|126438|7896|1291|1645|733|516|98|157|94856|7637|4114|1269|1239|1040|708|560|21145|3686|153|251|654|529|1447|917|72590|5547|1999|1063|1703|758|878|604|1604|851|1267|678|52322|4471|557|505|2584|842|9554|2774|122|146|35078|4739|559|608|592|471|601|428|7625|2095|2657|822|7489|2667|1300|755|2253|1369|2103|1186|3933|1550|3272|1412|275|241|1528|1516|891|695|5866|1878|40038|6557|4940|1842|128|217|904|557|1146|624|0|206|441|276|954|1245|488|516|879|632|3637|1664|1499|990|1130|1219|638|593|370|561|7571|2513|1011|628|2328|1059|2084|1433|1198|842|950|710|2620|1763|2620|1763|0|206|19605|5097|34|60|4772|2887|564|756|0|206|13229|3694|197|319|0|206|554|375|255|356|1665|1531|3604|1438|3231|1357|2062|1198|1169|725|332|498|0|206|0|206|41|70|440654|15310|430415|14734|14037|3015|97|168|80|134|3769|1139|90|154|1871|1456|619|876|1648|891|4678|1722|0|206|196|252|781|522|0|206|208|241|377917|12691|2125|1299|491|279|5063|1841|11433|3134|15421|4632|340246|12218|2351|1738|787|507|0|206|38461|5711|3668|2039|413|401|3105|1385|1667|876|9770|2028|4577|1387|130|125|4011|2003|126|165|10117|3816|877|743|10239|2485|10239|2485|0|206
04000C2US24|840555|17345|58809|4850|12190|1999|344|253|1265|509|88|151|321|304|9741|1971|4943|1388|4668|1434|130|111|431|311|13441|1892|403|295|685|468|2848|963|8198|1553|735|380|252|230|320|542|8443|2573|1915|927|3264|1325|738|437|0|225|2526|2354|0|225|24480|3591|1224|749|973|450|287|420|1080|659|130|159|633|401|1851|888|201|238|1177|903|385|289|0|225|1998|752|1260|809|5444|1781|671|488|5903|2033|1263|621|255|302|243909|8137|69113|4775|40498|3809|30282|3315|2521|1024|7695|1855|2679|803|25356|3407|580|611|97340|6999|3413|1795|9330|2694|150|184|48855|4629|8584|2104|421|411|7583|2595|15841|3375|2205|801|786|530|172|259|61435|6098|5491|2788|2256|1240|732|397|205|180|1034|674|33726|4421|573|520|1784|684|15634|3459|0|225|15117|3409|291|483|34|56|198|201|2237|1620|1416|651|1636|948|514|363|1107|546|975|885|1436|1142|3277|1199|183|301|1380|1363|433|339|904|708|176370|12044|40484|5897|3429|1544|24460|4466|4358|1731|568|514|1429|1005|3823|1635|516|372|1901|1161|35141|6156|27485|5452|1814|1365|2352|1318|3490|2619|8695|2843|533|516|3777|2049|1716|871|1889|1185|780|889|3126|1445|2995|1439|131|162|85356|9743|166|172|13128|3607|1523|826|5077|2313|49511|6992|777|483|6851|2153|3691|2166|4632|1531|3568|1779|1424|814|886|573|532|373|354|426|0|225|0|225|250|325|288|434|360043|11356|353052|11277|58470|7207|221|228|2238|1244|3244|1100|722|553|9937|3383|1043|876|7863|3476|22821|4236|728|650|318|524|7394|2550|528|678|1413|1017|233016|11657|302|366|721|450|118653|10003|43119|7988|29204|7201|31585|4463|6966|2827|2466|1150|0|225|61566|6474|3314|1247|6334|2490|7548|2403|4318|1638|10772|3782|4248|2178|6655|1954|10647|2818|189|204|4299|1951|3242|1537|6991|1847|6712|1839|279|267
04000C2US25|906313|21700|166504|8342|30990|3138|412|300|9263|1883|305|209|1065|443|19282|2505|9066|1660|8973|2015|1243|739|663|405|15323|2496|133|163|724|411|3719|1055|8178|1636|1519|794|1050|509|0|225|66846|5270|6692|1811|12276|2353|45408|4438|8807|1770|2470|866|0|225|53090|5567|9251|2909|796|566|1631|883|2525|1317|140|163|780|483|871|443|138|129|547|637|795|552|277|265|9170|1711|2149|985|11426|2331|664|402|6749|1621|5181|2066|255|294|265064|8725|92463|5263|76517|5009|62548|4596|7805|1824|6164|1692|4037|1081|11868|2415|41|71|91211|8427|1801|1313|2441|1232|0|225|65596|7290|5238|1994|2793|2224|5482|2480|4760|1516|1733|926|1007|794|360|396|54992|5351|570|438|16194|3140|630|324|4178|1819|1293|666|9684|2317|380|257|3292|1058|18771|3153|0|225|26177|4210|976|532|405|318|341|380|3154|1347|2868|1342|445|384|469|410|9223|2539|937|637|2452|957|4289|1469|250|253|38|64|330|255|221|164|78608|7253|19458|3717|319|453|3317|1629|6848|2261|128|146|1171|968|5802|2467|631|526|1242|721|4836|1613|2245|1196|277|311|1430|1208|884|524|16510|3893|1059|841|4580|1376|10122|3662|329|242|420|358|1703|666|1703|666|0|225|35241|5525|18533|3771|5398|1740|1127|1033|1535|1014|4674|1830|923|719|2550|2318|0|225|501|351|860|419|1859|848|1859|848|1421|783|438|259|0|225|0|225|0|225|0|225|394278|15136|376123|14806|130761|9319|451|332|1574|687|2661|1508|430|407|68061|7189|0|225|44768|5633|8777|2208|217|255|81|136|2726|906|0|225|1015|550|86553|9298|0|225|2172|1772|29539|5775|25516|4728|15898|5645|7636|2022|2690|1793|614|540|2488|1966|158809|13601|2361|1063|1127|787|104907|11849|2827|972|18665|4183|12916|3903|705|519|7671|2653|1427|1031|5738|1963|465|778|18155|2051|17925|2009|230|221
04000C2US26|409137|16165|87268|6686|9147|1458|143|127|667|376|119|121|167|177|7810|1334|2723|797|4330|1016|757|307|241|222|16605|2237|338|237|205|177|1945|727|11707|1915|2239|640|171|130|0|184|8621|1592|1109|557|5720|1273|193|147|0|184|861|542|738|434|52836|5454|9148|2837|937|581|1646|909|992|584|200|179|846|474|532|287|249|208|374|305|397|310|2920|1017|9059|2494|7291|1963|3304|995|420|266|6079|3097|8442|2204|59|93|209186|10725|33620|3682|19056|2681|15722|2379|1334|848|2000|815|3548|1107|10950|2476|66|113|72109|6162|1296|1180|13061|4645|335|346|43891|4858|2607|1220|0|184|1043|576|8191|2285|1300|665|311|266|74|89|26779|3631|846|624|1110|747|789|533|980|511|534|358|12184|2498|74|82|1486|711|8776|2202|0|184|75656|8775|196|240|290|359|198|306|39333|5362|571|243|2748|1044|540|423|11441|2368|2186|1641|8866|6406|1164|770|243|256|7353|2500|527|418|1022|700|19837|4037|6427|2414|546|724|1150|643|1231|952|0|184|92|109|0|184|97|148|3311|1782|2286|1280|473|410|826|742|839|747|148|245|5086|1740|385|292|1706|734|766|523|2061|1429|168|174|1165|541|1087|515|78|139|4624|1582|0|184|724|636|0|184|543|628|3048|1284|18|35|217|345|0|184|74|133|249|206|1780|769|1486|706|1221|649|265|208|0|184|70|127|224|293|0|184|91066|5845|66853|5646|8842|2381|767|892|0|184|3971|1506|0|184|500|326|34|57|838|564|2515|1448|131|219|0|184|31|51|31|53|24|42|45492|4819|285|174|948|570|1261|808|4105|1507|1033|592|35761|4136|963|789|1136|1382|0|184|12519|1969|955|548|50|85|6115|1720|425|324|2173|850|468|261|39|67|987|563|357|433|926|572|24|46|24213|2804|24213|2804|0|184
04000C2US27|225450|9691|18956|2361|4297|977|62|103|404|303|310|210|436|336|2959|860|1206|522|1554|585|199|178|126|124|3014|791|6|11|0|157|365|226|1741|613|684|515|180|180|38|62|1086|591|132|182|313|270|43|70|0|157|598|448|0|157|10559|1917|56|98|443|364|871|488|471|344|11|9|338|263|68|60|126|130|0|157|789|596|15|23|890|513|477|315|3620|1352|0|157|2282|776|102|98|0|157|82818|4728|16031|1998|8575|1708|6802|1652|773|406|1000|527|2384|1379|5072|1171|0|157|21821|3528|1568|2033|1415|905|115|189|15325|2588|656|519|204|204|1434|985|439|452|554|439|0|157|111|115|39989|3140|1018|526|2821|1243|122|172|10913|2043|317|242|6679|1795|276|295|7081|1662|10762|2232|0|157|4574|2244|0|157|52|83|0|157|1654|1427|93|138|288|242|0|157|358|512|570|905|38|46|0|157|87|127|1367|1135|67|93|403|458|66941|7168|31090|5214|1478|990|8760|2799|9724|2946|8093|2060|277|304|131|119|262|244|2365|2149|5496|2586|4968|2651|0|157|522|597|6|13|3362|1287|250|368|757|548|989|649|1240|968|126|161|1189|678|1189|678|0|157|25370|4508|0|157|2541|1232|0|157|14497|3775|4869|1798|0|157|330|400|2043|1794|1090|874|434|507|947|615|851|599|714|584|137|136|30|53|0|157|0|157|66|96|55788|4732|51022|4804|4099|2338|34|56|0|157|172|250|0|157|1755|1501|0|157|1756|1973|308|238|57|99|4|3|0|157|0|157|13|22|34325|3422|20|31|501|566|3600|1641|2746|1186|2035|1019|24981|3075|368|367|74|98|0|157|12598|2518|19|38|274|241|936|528|400|322|3017|1392|2755|1339|1445|753|1101|756|99|122|2425|1298|127|171|4766|1140|4766|1140|0|157
04000C2US34|1914754|25447|269524|10466|36487|4100|629|448|9228|2335|965|831|1123|543|23986|2614|9831|1850|11937|1735|2218|717|556|350|25812|2428|1826|777|798|430|4208|1220|12604|1621|3086|906|3089|673|201|251|67258|4341|6261|1769|32142|3406|20915|3098|50|81|7048|1776|892|848|139010|8095|5781|2073|4477|1405|3252|2030|3082|1186|2374|1016|3404|1143|3588|990|1310|810|818|482|2386|1000|6090|2024|42189|4899|7387|1972|15849|3035|2550|1561|23798|3236|10675|2729|957|712|626609|10729|169106|7913|94929|6632|69636|6125|8829|1757|16464|2625|9297|1985|64746|6090|134|170|297860|10184|2136|1125|13518|3248|0|225|242189|10969|5682|1866|791|473|2571|1394|23829|4125|3673|1376|2439|1067|1032|766|105088|7105|1638|1067|464|464|2917|1867|534|346|3083|1528|75096|6484|1037|733|1574|697|18610|4173|135|227|50217|5449|648|521|1253|934|2973|1492|437|375|8016|1945|4877|1612|1313|729|4212|1422|1655|854|6938|2071|15742|2887|822|511|534|639|797|391|4338|1635|97807|7479|10356|2412|266|414|2213|1182|4435|1627|92|165|1089|622|737|545|207|258|1317|836|2012|1337|1132|1117|32|53|443|627|405|256|35237|5279|2754|1974|24388|3516|5127|2084|1631|1628|1337|1561|2949|704|2949|704|0|225|44710|6552|0|225|12818|3247|430|353|4052|1742|20825|4278|974|749|2419|1596|112|140|3080|1589|2543|1425|2854|921|2513|879|2399|856|114|141|211|231|0|225|0|225|130|104|917960|19197|902081|18783|323008|17118|74|113|4518|1940|41015|5346|2638|1204|165009|12669|1464|897|41830|6594|45478|6782|1567|854|1198|1092|14750|2964|945|562|2522|1090|238055|14403|1668|1141|18695|4502|47925|7058|38943|6463|27668|5448|94664|8836|5480|1813|3012|1475|0|225|341018|15202|9501|2196|2363|1215|36034|5923|5530|1956|97195|8693|77910|7999|18736|4350|68177|7684|6389|1786|15585|3835|3598|1194|15879|3005|15584|3008|295|246
04000C2US36|1204416|21257|209112|10161|37693|4189|486|309|12141|2403|1024|560|726|307|22640|2901|9896|1851|10409|1804|2335|848|676|405|29462|3575|1064|565|1758|644|5715|1481|17983|2958|1794|636|1148|564|0|218|54176|4652|8981|1831|33443|3250|6550|1998|41|68|4729|1495|473|387|87745|7201|4907|1779|5054|3920|3038|1013|1425|774|2146|747|2753|1328|3178|1163|588|287|707|463|631|396|851|525|18440|3013|3459|1058|13086|2597|825|428|15606|3499|11051|2831|36|60|320309|8083|104552|5488|68264|5172|55485|5011|5636|1082|7143|1208|6841|1529|29417|3218|30|56|136321|7774|2194|1079|14077|4288|1028|652|72390|6354|9968|2280|1146|746|2959|1374|26663|4737|4112|1622|1271|720|513|390|43150|4230|2066|1199|843|455|1611|1165|1046|543|769|426|26932|3456|1022|531|2382|779|6479|1548|0|218|35797|4116|84|129|158|165|771|621|4370|1864|8327|1690|3937|1325|424|361|2558|936|1149|628|1846|1074|8386|1891|759|607|1824|1112|1204|622|489|366|36767|5324|5489|1990|224|228|1469|934|836|467|316|357|894|1086|424|556|448|449|878|661|1380|899|403|476|82|123|529|638|366|369|9458|2371|378|362|4536|1361|2749|1406|1374|1004|421|240|3251|1070|2453|914|798|578|16445|3556|57|93|6626|2011|690|576|409|531|6876|2046|396|535|105|177|236|278|1050|770|744|499|3559|1432|3504|1426|2965|1383|539|370|0|218|0|218|0|218|55|96|634669|17228|613706|17294|218959|11577|640|397|2281|928|9664|2075|2928|1869|81883|8207|1025|707|47400|5609|51921|5973|1758|1046|1234|767|14447|2707|1882|1024|1896|738|229743|13920|689|506|1900|1061|88066|8487|49778|8277|22240|5336|58698|5326|5306|2392|2997|1032|69|105|165004|11101|7758|2045|3700|1785|13819|3740|5728|1779|34877|5083|45665|7786|20335|3651|25819|4564|869|518|4595|1376|1839|927|20963|3191|20909|3178|54|83
04000C2US37|392789|15011|50256|5027|13157|2549|392|466|507|387|504|556|200|235|10938|2198|4318|1300|5948|1656|672|568|616|439|14643|2418|100|113|498|433|2082|836|10013|2027|1509|668|364|238|77|134|5829|1422|1443|766|2180|886|742|465|207|203|1464|850|0|222|16268|3763|563|655|142|147|1917|1607|287|230|154|155|364|288|136|116|352|354|104|115|1362|854|204|202|1667|650|1512|788|2665|1418|104|128|3738|2275|997|599|359|367|100002|6165|18346|2817|11656|2271|8999|1892|460|298|2197|1102|1757|831|4933|1245|0|222|47628|4946|539|549|834|872|0|222|38653|4837|1219|575|1139|755|2862|1205|1962|1217|342|309|29|52|49|86|27312|3027|1475|927|1259|939|487|363|3478|1015|437|355|10401|1982|248|205|3271|1285|6256|2005|0|222|6092|1798|88|157|156|159|0|222|187|187|497|587|798|578|984|1037|437|367|67|109|434|327|1748|1016|570|482|67|122|59|97|624|562|22177|3678|5232|2066|371|373|643|626|2446|1586|82|175|163|245|562|391|35|62|930|1092|1508|1161|110|185|221|265|772|886|405|650|3489|1371|142|186|2426|1216|617|500|252|459|52|88|2705|1162|2603|1146|102|131|8082|2710|0|222|3909|2185|85|143|1395|1367|890|652|546|554|797|799|261|264|199|210|1161|1112|685|371|685|371|580|330|105|127|0|222|0|222|0|222|0|222|219669|11751|209991|11590|22667|5958|205|321|0|222|4269|1741|32|64|8423|4577|41|74|2737|1390|3841|1323|0|222|0|222|2894|1394|107|167|118|163|149521|9681|0|222|1945|1377|14518|3942|7384|2643|15613|4848|105293|8686|1826|969|2742|1107|200|251|37803|6329|3464|1857|410|393|5709|2606|1443|1205|13239|3948|1687|849|639|541|3565|1370|243|244|6831|2692|573|607|9678|2113|9337|2054|341|273
04000C2US39|356702|10837|74509|5747|9834|1767|259|230|673|329|131|153|179|215|8535|1849|3153|1123|4609|1169|773|511|57|96|13458|1799|1396|591|8|15|816|544|9638|1677|970|498|528|386|102|125|8547|1836|3312|1163|4416|1279|0|208|0|208|819|453|0|208|42303|4843|2456|1023|794|495|3719|1255|658|420|2104|833|858|525|1643|646|282|244|361|317|580|440|508|303|2251|740|3674|1265|5624|1677|1070|787|12857|3756|2864|1178|367|592|167578|8843|36773|4192|22302|3148|18505|3012|1123|548|2674|913|6809|1951|7490|2077|172|220|78232|7840|581|822|2458|1358|5053|1715|48759|4883|3952|1513|258|195|6920|3801|5892|2161|1381|844|2772|2144|206|199|30727|3491|829|598|1984|1078|473|395|499|446|326|278|14173|2708|0|208|3381|978|9062|2239|0|208|20849|4902|228|197|277|276|602|781|2679|2303|1631|915|2743|1205|906|714|2208|694|3119|1957|3058|1648|2135|1228|355|272|814|768|94|120|997|566|38206|6130|8419|2179|694|663|3487|1624|1017|684|1263|614|309|388|862|737|430|349|357|281|3928|1858|1468|937|0|208|2305|1418|155|250|7859|3217|1008|1130|2337|1061|3196|2745|394|369|924|865|1179|622|1179|622|0|208|14811|3574|0|208|3787|1620|308|526|1684|1052|6080|2232|770|843|611|638|132|222|1439|884|2010|2496|1165|635|1073|630|908|546|165|195|0|208|0|208|27|49|65|81|75244|6327|65322|6269|9653|2427|38|63|186|277|949|468|0|208|3140|1738|165|210|946|554|3168|1189|0|208|0|208|969|698|0|208|92|127|40603|5161|1088|1026|110|132|3533|1452|4695|1971|4739|2075|23268|4033|1756|1423|1414|738|0|208|15066|3005|1030|578|174|215|2540|1032|582|511|4015|1760|805|587|460|401|2233|927|291|223|2362|1373|574|493|9922|1796|9789|1783|133|120
04000C2US42|589714|15956|109846|8580|19249|2767|400|247|4096|1474|417|375|490|292|13776|2226|6545|1538|6044|1267|1187|636|70|106|16279|1893|684|318|970|562|2432|762|10773|1639|1027|435|393|254|0|190|17105|2865|3765|1216|8949|1515|1815|1196|0|190|2530|1120|46|79|57213|7505|2758|1370|5346|3090|2053|825|899|564|615|491|2412|1402|1261|506|471|314|401|330|824|585|0|190|6545|1746|2660|743|9414|2153|1492|711|13394|3476|6668|2468|0|190|241327|8589|60953|5682|40688|4433|33490|4226|2665|911|4533|1292|2348|707|17917|2720|0|190|119224|7845|1426|747|7707|2044|7009|1845|78450|6649|2936|970|1819|999|5406|1661|8411|2345|1458|999|3970|2224|632|539|40990|4801|330|222|3444|1663|1129|550|1946|999|1890|1020|14932|2691|621|336|2524|915|14174|2323|0|190|19151|4052|471|383|1024|715|841|768|1628|1218|1213|917|752|490|548|386|1358|575|936|485|3511|1493|5664|2375|609|494|90|148|506|578|1009|977|56811|6570|8923|2531|325|339|1030|673|4087|1625|196|319|281|344|799|419|606|448|1599|1226|2736|1446|972|614|313|499|693|701|758|738|14341|3448|3212|1560|6652|2548|2143|1428|1519|1301|815|837|1277|552|1239|550|38|63|27278|3816|20|40|3288|1413|271|338|8964|3241|8696|2282|68|109|2823|1561|766|484|2382|1397|2256|1596|1133|529|872|442|502|316|370|263|0|190|0|190|144|238|117|147|180597|10391|170330|10107|64337|7239|0|190|413|433|2080|1175|343|514|38220|4996|15|30|9812|3390|8608|2855|70|115|56|93|3778|1505|0|190|942|363|61911|6484|637|607|1313|713|1633|886|8216|2454|6724|2415|40449|5095|1664|1328|971|652|304|404|44082|4885|2360|896|623|478|9244|2668|1306|627|10650|2702|7715|3054|2544|1227|4449|1515|1295|1074|3136|1165|760|638|10267|1824|10255|1825|12|20
04000C2US48|2444957|43074|113665|9447|29472|3618|534|411|1941|802|1314|758|1683|979|23703|3542|10572|2551|10342|2086|2789|1242|297|203|26715|4107|973|562|506|234|4749|1378|16957|2689|2975|1858|506|306|49|85|10440|2705|1296|647|2610|1099|1016|618|64|110|5518|2190|0|236|46707|6607|1959|1390|562|538|2673|1484|664|438|2308|2569|2728|973|1339|814|291|358|411|420|216|281|37|64|4328|1620|5093|1751|8988|2440|1577|996|11222|3797|2311|991|331|515|704080|19462|121799|8873|79078|7876|60528|6983|5304|1933|13246|2405|7287|1647|35324|4278|110|169|316420|13151|7641|4363|14903|3997|1488|1804|207655|10422|17072|3385|3043|1909|14040|3297|45599|6207|2292|1272|552|490|2135|1343|219575|13382|5213|2586|5634|2087|2397|971|5306|2154|3984|1490|67281|6554|1303|888|6878|1307|121579|12312|0|236|44901|6452|455|456|735|562|79|132|10265|3754|1296|625|4265|1670|2946|1321|7751|1866|3478|2177|2793|1689|6832|2494|2265|783|156|191|1585|915|1385|810|160033|15963|39310|7419|3708|3230|13880|4322|12947|4565|1458|1342|1360|670|1870|1476|2216|1194|1871|1069|10073|3321|4095|1809|2170|1769|3362|2117|446|421|15979|3816|1436|913|7812|2514|3378|2191|2939|1602|414|306|7962|2239|7186|2053|776|993|80298|11070|0|236|14815|6307|619|503|1946|1000|58590|7417|587|395|508|409|587|632|2646|1731|6411|2542|6733|2218|4037|1537|3147|1461|890|587|308|248|0|236|419|617|1969|1489|1460446|33275|1427064|32241|80023|11846|400|338|175|258|41920|8851|1140|726|10087|3193|1521|1871|2789|1221|10456|3006|884|644|254|227|8006|2623|429|625|1962|1107|1182971|28608|1480|803|4009|1337|93629|8737|27665|4929|66649|9952|968569|27121|16239|3905|4414|1416|317|362|164070|13004|8778|3202|2565|1373|18165|4614|2927|1222|37267|5896|8587|3186|2398|1243|18308|4509|1416|926|62834|9991|825|533|33382|5989|33256|5982|126|210
04000C2US51|859057|16377|64316|5680|15897|2190|636|401|1571|683|558|430|1137|653|11844|1893|5055|1378|5789|1200|1000|600|151|150|17734|2479|490|333|987|640|2688|918|11192|2093|1810|774|567|310|0|216|7908|2009|1617|917|3092|1405|1227|591|82|97|1972|1021|0|216|22585|3686|381|415|421|284|1270|904|1301|885|335|311|887|351|828|510|233|176|371|245|595|448|287|327|1495|639|1797|785|6651|2070|159|188|4238|1637|1336|524|192|310|379462|9789|82867|5845|35706|4081|27661|3552|2951|1009|5094|1209|5892|1533|39130|3993|2139|2243|181855|10057|24477|6019|11061|3250|263|411|82099|5915|15718|3269|1709|1129|9261|2223|33550|6371|865|571|2436|2016|416|340|80734|6782|1182|629|3678|1259|3248|1107|2118|980|1325|599|27148|3969|1092|598|7809|3013|33134|4379|0|216|32589|5099|645|620|1539|981|0|216|6018|1982|375|278|3101|1826|1685|1250|4426|1556|2336|1539|4099|2160|5904|1904|1312|746|559|356|590|327|1417|751|99251|8359|36904|5325|2610|1367|24533|4467|4051|1767|1736|878|854|667|481|336|455|522|2184|1962|3266|1354|1314|696|241|317|617|463|1094|980|25661|4140|1149|724|10636|2638|8792|2770|3825|1408|1259|858|1127|634|1077|622|50|85|31082|4823|0|216|13952|2762|273|216|2739|1671|6355|2159|257|320|2941|1485|1050|927|3515|2033|1211|823|1221|492|951|445|678|387|273|222|165|177|42|69|0|216|63|78|314807|11501|304996|11090|24044|4204|233|202|413|285|2902|1079|266|280|4332|1576|112|130|2276|1268|9492|2637|517|390|380|392|2095|1054|621|744|405|327|197756|11205|811|682|2621|1411|86131|9390|31559|6039|28896|6149|41192|5700|4048|1459|2498|1090|0|216|83196|7467|4884|1722|20268|4383|5418|1507|2252|1167|12176|2624|5119|1900|2762|1449|23760|4824|531|492|5380|2105|646|453|9811|1673|9749|1680|62|105
04000C2US53|611206|17158|84635|7650|13640|1774|320|231|1050|460|967|474|960|417|9947|1546|4884|1219|4070|1019|993|595|396|315|15442|2429|438|291|496|438|1541|594|10449|2208|2090|823|264|288|164|194|2869|993|575|431|1150|671|472|454|0|217|623|360|49|81|52485|6691|83|139|1695|754|3253|2006|780|487|634|657|899|382|303|221|228|173|486|276|2464|971|41|67|1597|904|3898|1067|11094|3241|132|149|21079|4437|3819|1441|199|274|269335|9823|85053|5510|53139|4419|39570|3865|4995|1366|8574|1662|6738|1517|24233|3284|943|1073|85158|6888|4702|2444|871|804|167|275|60094|6028|6827|1727|1979|816|3943|2302|3493|1507|591|414|1196|785|1295|838|86438|7114|1373|1229|6344|2296|2584|1530|2332|1005|862|414|37179|4120|1030|641|5023|1786|29711|4885|0|217|12449|3722|307|261|1211|875|240|291|4040|3183|895|559|894|721|693|479|1242|862|1153|868|284|228|938|519|113|141|199|261|240|211|237|196|39235|5227|24763|4333|2355|1666|10617|3312|6093|2257|2450|1820|640|508|1070|821|758|688|780|565|2118|1136|146|249|881|937|988|667|103|174|4212|1723|0|217|2202|1297|604|621|1315|890|91|107|1926|1356|1058|431|868|1293|4662|1825|0|217|1018|615|425|393|596|750|1335|1088|0|217|120|198|205|354|963|894|1554|1547|14145|2690|3375|1138|2205|901|1170|721|2536|1270|2227|2057|1541|1205|4466|1757|203856|10977|183801|10515|5155|1440|100|166|0|217|321|247|0|217|614|655|0|217|869|722|1674|734|0|217|328|531|605|605|0|217|644|580|154832|10170|914|1064|389|297|6590|2561|6395|2734|4679|3216|133088|9202|2287|1839|490|307|0|217|23814|4961|1176|672|287|212|6168|2417|1527|1550|6289|2895|1653|1070|0|217|3027|1150|97|161|3567|2195|23|39|20055|2415|19982|2440|73|69
040C201US04|914212|23563|79261|6803|19199|2281|828|518|2052|971|364|347|982|463|14782|2092|6669|1272|7415|1510|698|347|191|257|18553|2703|1421|743|414|430|3008|1155|11205|1928|1928|693|577|372|0|232|7689|1527|1736|824|3912|1146|1003|651|334|329|1038|522|0|232|33820|5171|1653|1853|955|966|4538|1782|1152|708|858|691|2095|1316|1610|903|314|265|150|157|819|497|88|147|4090|1415|6561|2342|4980|1380|1202|755|1577|629|1178|641|0|232|201585|7918|42123|4613|24837|3756|19116|3458|2287|953|3434|1193|5197|1377|12089|2558|0|232|68569|8647|2096|1250|1441|1018|285|311|52134|8328|8100|3032|778|450|556|424|1529|818|581|394|312|284|757|825|67020|6670|3076|3139|1701|799|1844|769|1167|902|2218|1128|31910|4066|830|417|3763|1208|20511|4208|0|232|23515|4072|0|232|71|127|48|80|10305|3084|2032|860|2580|1577|1078|561|2059|891|415|341|2331|1432|1989|1015|459|342|46|87|102|120|358|264|51578|9809|23466|6936|42|72|1413|965|5450|3226|2196|1098|1943|2437|4836|4568|1007|995|6579|3796|6161|2545|2312|1619|2566|1703|1092|823|191|308|4617|1739|334|330|2054|1008|351|274|1238|945|640|522|2512|889|2512|889|0|232|7031|2948|0|232|1581|1678|221|368|205|240|4731|2457|0|232|89|143|0|232|204|334|7791|4694|4768|1631|2173|854|833|345|1340|776|325|428|203|305|1151|1230|916|544|577020|18926|540807|18807|18688|3633|206|207|428|534|8901|2522|0|232|4029|2173|0|232|1087|706|2376|1562|0|232|38|64|1393|756|76|127|154|235|498655|19535|375|333|883|486|9352|2075|16233|4136|1801|882|467020|19844|1782|1010|611|385|598|959|23464|4363|1337|657|464|399|2965|1129|763|459|8454|2117|1666|752|235|262|4242|2390|485|524|2701|1703|152|191|36213|4270|36151|4252|62|103
040C201US06|10314587|60920|643670|15018|145101|6167|4773|1282|15388|2067|2744|796|7553|1316|111417|5431|51555|3438|52717|4516|7145|1413|3226|957|139843|7421|5572|1416|5597|1312|39150|5122|67546|4962|15213|2200|6345|1354|420|249|75436|5546|11205|2167|29512|3335|20948|3032|5226|1561|13454|2316|317|248|281459|11679|1612|971|10573|1956|8105|2698|8630|2546|4309|1292|8391|1711|8704|2157|3680|1193|2207|868|9512|2330|902|471|20462|2695|22832|3743|83924|6985|3784|1198|68911|6244|14921|2509|1831|805|4238380|32061|1379378|22282|963317|17478|683206|15827|100839|6220|179272|8362|95607|7166|310401|15102|10053|4200|966673|24495|77744|9437|21189|4796|297|291|562169|19889|202652|10903|7654|1759|19505|4116|52483|6528|13080|2899|6236|1832|3664|1121|1567922|24982|27895|4478|49992|5712|29225|3663|40292|4966|18974|2886|805891|21244|12360|2333|63937|5930|519169|18808|187|172|308009|15724|90136|8150|6585|2411|5085|2154|43372|6370|33750|5379|15080|2764|6486|2429|33002|4004|7907|2343|26054|4749|25951|4079|3558|1437|6528|2365|4515|1750|16398|3266|199420|12315|51325|5129|6369|2914|20187|3033|8877|2376|2676|1324|2133|959|3852|1514|2126|845|5105|1558|7560|2120|4715|1775|506|423|756|535|1583|906|66082|8249|5181|1828|40968|5353|9349|3168|6778|3932|3806|1449|17631|2577|17452|2577|179|290|53668|7441|250|251|7285|2014|1120|698|1655|910|34794|6970|1795|729|2611|1331|867|747|3291|1364|3154|1733|87094|6190|30274|2997|22511|2357|7763|1829|30289|4277|2124|1594|612|489|23795|3862|5146023|45390|5024493|44280|66499|5669|637|523|1361|594|25774|3228|336|544|7987|2435|1063|936|6927|2056|13026|2538|472|472|310|240|4875|2360|1250|814|2481|1124|4619579|43841|15396|2884|13716|2538|439529|19487|326804|16829|79429|10009|3654461|38653|78630|8236|9883|2519|1731|1071|338415|15668|29009|3129|13625|3702|58057|5534|18021|3073|83685|10176|27977|4981|4653|1573|73538|7309|2953|892|24471|4475|2426|1076|121530|7192|120253|7184|1277|940
040C201US08|521446|14932|63915|5388|19519|2469|844|590|1452|666|173|164|1128|505|15482|2235|7033|1507|7560|1712|889|551|440|303|16799|2403|407|251|277|297|2379|853|11854|2056|1094|551|788|454|0|220|2219|803|240|242|1140|603|143|189|0|220|696|458|0|220|25378|4107|62|102|2020|1423|319|297|1080|680|181|179|1057|489|1068|773|218|185|141|168|310|301|57|92|3990|1422|1200|633|5641|1272|253|217|6091|2184|1690|1058|0|220|128287|6101|38559|3924|18270|2532|15590|2493|512|395|2168|785|4397|1191|13535|2104|2357|1901|42949|5028|5163|2529|1025|979|93|161|24470|3950|2900|1087|1099|804|4360|1908|1232|730|601|526|921|694|1085|1025|39453|4527|1160|1139|1435|993|2380|1210|1148|668|633|551|12145|2033|430|366|3634|1255|16488|3998|0|220|6959|1580|0|220|40|66|416|513|835|556|976|590|424|316|299|274|1192|735|596|399|521|379|900|646|714|663|0|220|46|73|367|404|39858|6095|16625|3385|1461|1228|10159|2699|2342|1839|778|550|66|111|646|933|123|144|1050|780|2358|1902|1252|1582|613|897|323|432|170|286|6663|2389|1238|1063|461|380|1837|1235|270|428|2857|1716|3176|1215|3093|1208|83|111|10676|3851|0|220|2733|1585|955|1430|1329|1043|2828|1544|163|184|1913|2311|755|713|0|220|360|491|5754|1751|3599|1077|2362|809|1237|615|0|220|21|41|733|562|1401|1321|283632|11655|269096|11565|8579|2362|110|132|537|479|2897|956|24|40|1384|947|0|220|129|157|3150|2219|0|220|0|220|244|248|0|220|104|191|218997|10405|506|562|1880|986|6862|1818|8532|3562|4828|2303|190652|9936|3983|2373|1754|928|0|220|41520|6403|1487|582|1344|1315|4288|1984|3124|1397|11643|3864|614|451|169|194|7175|2392|219|263|10803|3117|654|480|14536|1881|14536|1881|0|220
040C201US09|556349|19985|101863|6845|16960|2336|218|215|2668|810|1594|707|1393|661|10819|1898|5036|1437|4486|1240|1297|450|268|320|9490|1711|293|298|453|363|2534|991|4581|1002|858|486|771|374|0|222|27044|3111|1965|733|12094|2323|11438|2044|626|486|1497|762|50|83|48369|6087|5084|2289|800|520|2024|1117|594|686|858|888|1479|908|582|351|49|82|496|395|78|100|607|620|19766|3381|2005|935|5616|2678|880|992|5097|2123|2354|1025|0|222|125661|5497|31807|3419|24469|3286|21511|3290|1127|498|1831|641|2172|825|4813|1440|353|406|60707|5639|1422|1188|7489|3063|0|222|35186|4506|2348|1137|239|207|2900|1418|9318|3133|1008|928|613|554|184|234|23602|3422|0|222|3161|1845|812|456|1941|1045|486|449|9351|1962|421|249|1363|652|6067|1721|0|222|9464|2189|124|149|252|238|490|519|319|230|1287|791|378|394|68|114|1321|875|595|507|1463|906|1682|717|208|196|1185|1626|92|148|81|136|25066|4084|2330|900|154|244|505|366|472|379|0|222|76|135|136|155|240|262|747|576|1707|1029|125|205|1323|909|259|410|0|222|6073|2091|767|441|1771|1190|2430|1378|294|321|811|917|1476|848|1401|831|75|144|11636|3317|513|705|4384|2032|142|221|714|519|4151|1589|624|533|347|330|158|256|603|509|1844|1338|1113|482|1068|473|1024|482|44|75|0|222|0|222|0|222|45|72|302646|16459|290891|16074|116069|9415|101|131|1925|1566|3521|1635|1556|1129|33103|5562|0|222|25199|5683|44467|5085|1777|892|286|440|2748|1187|191|213|1195|669|56274|9037|190|197|1287|647|4899|2043|12489|3356|8471|3287|22451|4274|5723|5382|764|498|0|222|118548|11543|3066|1468|1128|913|27049|5575|2130|1369|18547|4532|39437|6832|4491|1768|16281|4507|1195|671|4100|1541|1124|724|11755|2473|11755|2473|0|222
040C201US12|4825409|46894|421899|14643|94321|6751|2627|1004|9039|2142|1395|538|4616|1575|73244|5379|30780|3319|36352|3734|6112|1412|3400|1027|79416|5947|4060|1417|3645|1281|18156|2938|43604|3900|5364|1114|4540|1489|47|80|73556|6000|9110|1809|31789|3327|9741|2471|419|288|22654|3772|262|228|171988|10106|10022|2835|4663|1352|6299|2461|5822|1812|2672|923|7250|1783|11028|2158|752|485|1531|656|3235|1343|1216|590|23754|3371|12493|2366|37335|5615|3036|1067|28026|4686|12854|2874|2618|1625|503710|13275|90351|6572|64920|6201|52881|5934|5103|1374|6936|1414|10185|2415|15164|2412|82|135|168916|9309|1617|1625|9360|2698|0|243|110989|7546|12604|3433|3693|1440|3978|2313|17908|4005|2414|1073|3783|1740|2570|1919|174838|9839|5811|1792|3655|1340|2517|1032|4261|1822|3345|1255|84881|6312|1010|495|11863|2791|57443|6421|52|89|65910|7129|486|495|1195|668|1223|925|3545|1428|16936|2714|4851|1538|2618|1456|8588|2034|2695|1092|10104|3478|10540|2637|1341|710|234|285|1554|958|3695|1530|93814|9834|16105|4409|697|542|4428|2800|2791|984|53|86|2835|1507|986|561|1101|606|3214|2252|6328|3689|1363|1123|2543|2917|537|577|1885|1981|31831|5331|1296|768|16311|4045|10416|3054|2137|1286|1671|931|15409|3276|15252|3265|157|194|20413|6741|404|379|3669|2732|674|792|1450|875|12388|5496|106|130|529|404|113|203|1080|772|3728|1913|8341|1638|6603|1469|5063|1430|1540|624|412|414|377|346|81|134|868|523|3797645|39186|3686591|39066|1868439|33808|20974|3778|6808|2337|1033299|21310|5067|1853|142919|10718|2853|1408|355519|18030|226691|14660|5943|2219|4106|1662|46565|6081|3794|2025|13901|2714|663329|25567|4004|1142|20185|3349|52280|6954|95487|9732|115233|11712|224255|13783|132553|12218|19166|2635|166|222|1154823|29621|65767|6003|9433|2745|165157|10059|26817|4045|326209|14824|50178|6891|38180|5642|100467|10695|13148|2991|353039|21653|6428|2068|111054|8100|110081|8074|973|547
040C201US13|1140219|21881|83660|6240|21107|2530|840|581|1738|785|99|144|575|350|17163|2236|9157|1978|6412|1407|1594|664|692|460|21496|2723|359|232|836|429|3097|1004|13110|2044|3714|1514|380|262|0|226|5200|1225|628|481|2038|663|652|313|74|124|1758|783|124|163|35382|4563|662|634|1080|560|5215|2546|3308|1528|315|231|635|455|948|667|742|608|716|523|395|273|0|226|2709|1233|3533|1452|7510|2137|596|423|5370|2041|1648|707|475|359|354965|7875|94467|5561|46367|4807|37825|4393|1960|676|6582|1364|6301|1619|41799|4325|0|226|152530|7577|10012|3337|11236|2813|1729|1504|107146|6726|8522|1834|533|400|992|633|10586|2889|1337|735|390|285|47|79|83651|5680|5059|1839|1494|802|1566|900|3624|1369|2955|1562|18906|3186|475|333|4277|1529|45295|4037|0|226|22715|4358|204|201|60|98|564|492|4474|2240|2953|1517|841|514|855|741|1041|650|2528|1206|1557|1407|6241|2199|966|480|0|226|431|256|1602|892|137483|11119|46598|6888|4413|2692|18628|4530|12952|3176|2273|1891|2039|1193|1241|1018|886|603|4166|2633|8116|3349|1682|1400|738|615|4373|2510|1323|1184|8647|2667|920|704|3812|1726|2723|1641|822|738|370|334|6339|2138|6031|2068|308|365|64713|7998|310|360|14085|3394|690|493|4373|1980|34529|5702|1497|1115|1154|877|3205|1964|4870|1847|3070|1738|4681|2168|2034|1106|1603|1009|431|403|111|119|0|226|2335|1792|201|206|559430|14197|544375|13903|115732|8537|3077|1106|2413|1168|14056|2710|1115|903|13987|2949|728|487|16960|4748|46685|5675|688|816|1120|605|11119|3179|525|611|3259|1255|313584|10912|583|445|2653|1386|37118|5645|49101|7491|22994|4329|188709|9813|7438|2929|4988|1730|0|226|115059|8572|3133|1182|772|488|23666|5147|1992|818|31812|4268|6356|1910|10280|2913|8002|2026|3330|1659|24795|5071|921|578|15055|1985|14564|1947|491|417
040C201US17|1841865|26494|357349|15415|30518|4101|907|594|6564|1859|388|392|2318|1923|19809|2896|9248|1965|9067|2037|1494|739|532|334|28148|3615|1601|610|1016|640|4717|1143|17090|2329|2072|767|1597|1342|55|96|29490|3572|8799|1978|16184|2303|745|685|0|206|3679|1168|83|99|267561|14587|6979|2162|6313|2204|6862|2244|14767|3247|2671|1051|3909|1200|2391|1171|862|374|10307|3189|4380|1530|4443|1360|118788|8401|14034|2888|18297|4416|6598|1990|38794|6440|7166|1509|1632|1110|569479|11263|137532|7840|89088|6441|75691|6529|5362|1414|8035|1595|7699|1966|36415|4276|4330|1622|233344|11308|5082|3396|3116|1639|98|157|170044|10658|8446|1993|2609|1640|2448|1188|33690|5007|1558|1158|2046|1070|4207|1879|136079|7980|7547|4207|2154|810|2292|970|3509|1249|3069|1148|93258|5971|1199|514|6192|2124|16737|3066|122|146|55764|5920|646|620|724|443|720|467|12008|2259|5185|1373|10247|2969|1503|767|6329|2822|2937|1297|5950|1898|5600|1659|695|369|2297|1795|923|701|6760|1994|85637|8975|10608|2688|412|509|3431|1803|2204|1044|347|570|949|1016|1094|1260|528|528|1643|1009|8947|3028|2634|1370|1798|1549|3330|1714|1185|909|14601|3372|2396|789|4592|2426|4242|1859|2051|1626|1320|803|4471|1903|4382|1901|89|117|45299|7057|34|60|11500|3875|723|778|328|460|27005|6169|484|440|246|402|2185|1172|2794|2254|1711|1545|5939|1414|5343|1343|3844|1214|1499|746|396|501|0|206|0|206|200|217|823461|17181|808460|16647|31638|4652|472|647|161|191|8793|2552|90|154|5038|1933|619|876|4634|2246|9205|2049|0|206|306|318|1635|1006|0|206|685|491|676212|16669|5282|1901|794|410|11790|2691|25581|4671|23226|6140|602779|16627|4864|2139|1896|1024|0|206|100610|9740|6513|2410|1568|1352|7485|1764|3908|1750|25953|4765|22896|7175|175|143|9099|3250|244|267|21819|5721|950|751|15001|2516|14873|2490|128|207
040C201US18|393279|12685|32510|4239|6573|1996|5|10|586|535|46|85|152|174|5701|1937|3071|1583|2397|1141|233|229|83|134|6451|1565|530|763|88|149|930|437|3895|1164|738|471|270|278|0|208|2994|1696|744|432|997|629|49|84|0|208|1204|1420|0|208|16305|3194|312|371|301|261|1205|614|793|982|226|195|646|385|319|317|62|106|209|197|308|314|1040|598|2624|1283|1172|545|2681|1129|679|613|2516|1057|1212|656|187|230|128782|5237|29372|3408|18424|2614|15426|2489|1110|529|1888|714|4571|1781|6271|1499|106|141|45950|5193|1663|1047|712|619|0|208|34592|4513|1103|825|0|208|770|718|5739|2536|813|589|381|521|177|186|44512|4658|15223|2835|786|621|738|572|599|588|1995|1183|13312|2771|38|77|3852|1594|7969|1998|0|208|7924|2139|0|208|77|127|63|99|810|638|423|391|1422|1003|583|566|335|285|1137|1221|633|450|802|785|188|337|1227|914|224|239|1024|718|44849|7158|10120|2412|759|989|1930|1015|2074|1133|521|589|964|969|294|339|1218|969|2360|1369|5437|2673|948|926|637|636|3850|2579|2|6|3929|1257|333|337|2491|1261|465|568|320|417|320|269|2301|1294|2301|1294|0|208|22140|5895|0|208|732|482|828|685|952|1318|15690|5271|801|711|74|121|1618|1810|1445|974|922|699|1889|1260|912|587|604|500|308|273|0|208|958|1050|0|208|19|51|185249|9784|179947|9695|19242|5613|95|108|427|390|3311|1666|229|279|1668|807|137|252|12224|5328|428|442|238|305|152|157|272|205|0|208|61|104|134931|8774|994|1066|435|481|9663|2588|9897|2617|13999|4633|96744|7654|2548|1258|651|491|0|208|25774|5272|1366|777|333|247|3181|1393|3392|3149|4119|1786|1059|698|337|275|1621|973|0|208|9931|3053|435|516|5302|1114|5152|1109|150|151
040C201US24|1002949|19713|72766|5740|15653|2109|333|222|1484|544|135|164|606|453|12627|2176|6567|1862|5791|1455|269|206|468|326|15620|2280|353|353|740|510|4632|1545|8141|1600|949|464|485|328|320|542|10141|2974|2221|953|3593|1357|626|385|0|225|3701|2544|0|225|30768|3856|1475|786|927|434|287|420|1297|800|130|159|784|437|2153|935|469|352|918|743|627|497|0|225|2164|721|1794|967|7618|2214|860|533|7156|2087|2109|829|584|432|295125|9115|90165|5356|53717|5008|41271|4820|2769|964|9677|2176|5302|1437|30414|3543|732|706|116610|7830|4060|1979|9787|2461|150|184|56036|5096|12598|2664|327|394|10959|3634|17893|3039|3123|1174|1505|1169|172|259|68082|6190|6116|2913|2298|1243|989|448|174|177|1050|652|36346|4536|784|612|2171|705|18154|3597|0|225|19011|3611|291|483|34|56|483|446|1802|1128|2801|1021|1512|931|645|402|1494|671|1920|1364|1588|1169|4637|1388|173|217|1279|1354|352|280|1257|869|198392|13067|45636|6101|3799|1591|27574|4680|4637|1777|568|514|1887|1158|3977|1573|697|441|2497|1257|37393|6155|28938|5427|1890|1393|2800|1395|3765|2656|11116|3238|569|549|4459|2085|3059|1505|2189|1287|840|892|4539|1845|4322|1822|217|210|95084|11147|79|105|14737|4009|1634|781|6432|2709|52111|7595|882|481|8314|2493|5435|3048|5460|1534|4624|2420|1990|904|1348|688|841|496|507|470|0|225|0|225|354|360|288|434|434676|14021|425983|14240|79525|9374|350|316|2303|1315|4086|1435|1123|714|14008|4203|1158|884|13185|4440|29522|5002|728|650|318|524|10734|3589|528|678|1482|1025|268570|12774|229|286|1851|1084|135908|11253|47960|7807|34911|7915|35723|4698|8569|3321|3419|1382|0|225|77888|7868|4300|1470|8015|2447|9574|2625|4484|1632|12635|3976|6674|2617|7102|2057|14735|3650|545|627|6178|2173|3646|1667|8693|2152|8414|2142|279|267
040C201US25|1222235|23311|197407|9068|34622|3138|338|271|11061|1862|305|209|1247|468|20665|2684|10340|1931|9129|1911|1196|615|1006|503|21844|2922|412|204|1553|722|6587|1435|10031|1867|1521|811|1740|705|0|225|70057|5647|8199|2077|14717|2496|42820|4503|8488|1693|4321|1345|0|225|70629|6454|12657|3006|2015|1106|1631|883|2723|1353|535|427|892|486|1051|444|469|376|1278|807|1566|1132|1001|863|9382|1860|2860|1095|16340|3344|809|444|9674|2437|5746|1954|255|294|368748|8378|138218|6951|114015|6575|95082|5688|10076|2056|8857|1804|6914|1628|17203|2941|86|115|116568|8824|3678|2514|3545|1371|143|248|83065|8189|8096|2230|2970|2183|6193|2544|5163|1504|1989|964|1325|840|401|425|77743|6553|1140|709|17114|3205|1667|764|4375|1853|1676|723|11279|2448|1053|377|4813|1359|34626|4031|0|225|35484|5317|1217|571|741|509|683|521|3653|1468|4945|1958|1098|693|1071|847|9965|2633|1181|677|3057|1118|6877|2030|250|253|38|64|708|450|735|525|111759|8358|29231|4785|476|518|7702|2096|9007|2777|476|335|1786|1149|7413|2974|861|589|1510|794|7276|2394|2283|1198|1747|1039|2362|1619|884|524|18827|3962|1195|907|5979|1396|10352|3650|602|385|699|456|2476|981|2386|964|90|139|51921|5962|23259|3800|11872|2451|1127|1033|2447|1227|8057|2058|1234|731|3055|2389|0|225|870|546|2028|840|3557|1158|3233|1113|2605|1038|628|363|0|225|0|225|0|225|324|441|540764|18582|515905|18127|193786|12109|349|296|3316|1079|4594|1977|1008|771|97815|9068|0|225|58664|6527|17505|3218|545|466|218|227|7179|2851|523|743|2070|985|113168|10198|1306|1283|2662|1807|38416|6232|35752|5726|17244|5671|11017|2326|3204|1876|925|737|2642|2027|208951|14914|4000|1461|2099|1193|125793|12529|5607|1815|31319|5729|17060|4428|2345|1516|9808|3107|1839|1082|8616|2360|465|778|24859|2519|24527|2441|332|272
040C201US26|678399|19593|108535|7598|11555|1726|346|263|697|379|116|117|141|171|9902|1615|3240|825|5663|1417|999|423|353|280|18912|2277|599|360|434|322|3049|927|12888|2125|1768|499|174|168|0|184|11185|1746|1553|684|7160|1415|108|109|0|184|1359|534|1005|489|66883|6741|10535|2974|1182|623|3283|1239|2312|2107|586|298|1144|537|534|298|464|295|445|319|397|310|2992|1037|10402|2683|9707|2122|4695|1282|642|380|8382|3248|9181|2350|0|184|360368|12815|63089|5368|36486|3898|29833|3396|1979|1090|4674|1111|8439|2169|18098|3271|66|113|124542|6706|2252|1429|25719|4759|1470|990|76388|6430|4143|1682|114|177|2334|1689|10038|2265|1512|687|363|285|209|238|40141|4162|4336|1202|1170|751|801|503|1884|759|1417|1141|16859|2758|336|336|1933|758|11405|2387|0|184|130559|9407|371|324|507|381|286|338|52899|6113|1205|630|4147|1341|980|675|25401|3783|2946|1845|12639|6860|1335|793|971|782|26224|4501|648|471|2037|942|46340|6652|14248|3982|546|724|2487|1420|2695|1465|241|314|2474|1856|0|184|547|412|5258|2017|4286|1704|851|544|1394|1011|1433|1013|608|690|10936|3249|1691|1631|4769|1934|1196|582|2528|1579|752|618|1444|642|1274|597|170|211|14092|3461|0|184|2722|1386|399|652|1061|814|6450|2150|1096|1011|729|547|0|184|1635|1160|1334|1202|1574|653|1366|591|947|456|419|311|0|184|0|184|208|289|0|184|161582|8720|130768|7740|16608|3591|767|892|0|184|6170|1884|0|184|2137|1064|34|57|1861|682|5152|2263|131|219|0|184|40|71|31|53|285|420|94101|6781|166|154|900|561|3042|1264|10472|3416|2829|946|74253|5624|987|786|1338|1382|114|189|20059|3269|1573|687|118|133|8274|1843|681|443|2198|711|732|347|0|184|1305|641|398|434|4721|2498|59|105|30814|3751|30814|3751|0|184
040C201US27|454286|14680|36684|3693|7840|1372|253|228|1064|608|277|215|659|390|5127|1055|2304|789|2659|768|164|169|460|455|5343|1028|0|157|43|73|1190|501|2921|737|792|555|397|232|0|157|2042|847|355|353|642|351|144|181|0|157|901|526|0|157|21459|2803|389|529|908|517|2088|1103|989|538|111|5|801|522|368|444|126|130|151|204|779|595|0|157|1618|782|909|598|7389|2037|11|22|4014|1310|808|541|0|157|162764|6733|29616|3381|17052|2701|13216|2229|1713|967|2123|946|3157|1352|9369|1659|38|65|44591|5560|1962|2137|1824|1033|187|219|34073|4951|1500|671|306|241|1937|1115|705|550|1444|722|481|604|172|174|80623|5047|5973|1682|4967|1554|996|637|18613|2750|566|327|13210|3259|826|523|18460|3055|17012|3037|0|157|7259|2623|0|157|186|248|0|157|2323|1575|263|216|318|249|86|141|433|522|1000|1080|41|67|309|232|333|293|1796|1306|171|220|675|586|137803|10408|83120|8371|2167|1070|24283|4269|18412|3668|34056|5433|350|333|649|805|153|189|3050|2158|7139|3150|5173|2691|367|585|1531|1696|68|96|5530|1626|224|366|1434|581|1363|786|2255|1343|254|265|1878|896|1667|848|211|322|38780|5543|0|157|4861|1823|417|464|21162|4847|7687|1872|63|104|330|400|3018|2021|1242|878|1356|906|1760|777|1639|736|1374|715|265|187|0|157|0|157|16|41|105|133|115275|6619|107295|6620|8363|3076|632|801|0|157|774|468|0|157|3010|1912|0|157|2579|2411|1111|712|57|99|12|6|152|215|0|157|36|62|77924|5869|108|161|1346|1234|7370|2839|4319|1508|6565|2065|55444|5184|2541|1601|89|105|142|196|21008|3549|665|469|316|277|1522|815|294|267|5620|1800|5747|1943|2519|1082|934|616|244|288|2618|1379|529|540|7980|1512|7980|1512|0|157
040C201US29|266961|11765|42977|5968|5616|1423|0|197|680|538|66|109|177|222|4693|1245|1633|625|2816|1071|244|186|0|197|7409|1417|540|554|278|354|697|365|5155|1328|518|344|221|205|0|197|2945|762|581|352|1505|691|0|197|0|197|759|449|100|168|26558|5159|668|605|589|503|10852|3171|950|637|706|497|222|273|164|196|700|629|8|13|157|165|0|197|1522|686|1475|1539|3332|2316|185|169|3723|1332|1305|862|449|583|96247|4755|28750|3662|19029|3409|16200|3387|471|419|2358|854|3532|1655|6189|1815|0|197|33088|3928|2371|1558|180|152|164|196|22633|3099|2251|1242|135|161|1687|1066|2016|791|1079|685|99|162|473|430|27453|3194|839|683|499|501|769|537|317|298|727|361|9101|1760|303|319|2891|1609|12007|2697|0|197|6367|2367|121|197|135|158|92|167|684|567|191|206|1304|1234|218|234|186|181|718|687|298|374|2008|1770|124|155|0|197|288|319|589|362|36830|6794|17392|4579|917|1047|3263|1454|6381|3079|1293|1020|980|1051|1304|1273|278|479|2976|1380|4430|1592|1567|1088|1034|782|1829|1143|0|197|1502|1196|0|197|557|365|181|175|764|1122|0|197|1657|1872|1604|1862|53|101|10620|3211|0|197|2656|1499|222|319|309|371|4614|1711|1888|1865|93|139|347|336|491|534|1229|921|3896|1128|1053|471|805|467|248|219|0|197|270|387|1869|902|704|487|87011|6776|82368|6567|14144|3521|0|197|68|110|5112|2145|0|197|2174|1262|0|197|2772|1321|2467|1067|0|197|156|174|1307|1589|18|37|70|124|56228|4735|224|255|1086|1007|8458|3151|2922|1128|4595|2302|37765|4120|835|518|343|387|0|197|11996|2434|295|368|954|971|2268|1018|383|334|2855|1062|1453|1111|454|364|1993|893|88|149|1101|731|152|239|4643|1054|4631|1056|12|19
040C201US32|600280|15020|43726|5009|9709|1984|0|232|1052|600|61|105|445|466|8075|1706|2590|926|4498|1302|987|585|76|72|10902|2046|608|500|640|664|2312|1094|6014|1523|1136|580|153|148|39|65|3391|1244|376|304|1654|1001|215|313|0|232|1114|635|32|53|19724|3204|1463|1259|45|78|886|597|1625|697|252|258|947|484|1220|586|47|75|582|531|291|410|188|310|2062|894|1801|1007|3605|1206|564|387|2372|1264|1774|1514|0|232|192721|7668|45879|4237|26901|3390|20043|2981|2056|650|4802|1196|4947|1513|14031|2687|0|232|21445|4004|1245|908|1238|862|0|232|8615|2429|4554|1529|181|182|616|522|3161|2635|1727|1181|66|82|42|69|117077|7433|552|749|2163|1798|3187|1231|1202|593|1068|566|92479|7624|328|260|5158|2006|10940|3456|0|232|7952|1866|925|706|59|99|287|383|261|316|2529|1235|623|360|52|87|663|380|85|138|271|306|1449|893|53|93|0|232|695|759|368|519|20318|3607|12068|3393|901|643|8205|2804|818|607|1405|1637|193|240|0|232|506|680|40|68|0|232|0|232|0|232|0|232|0|232|2413|1106|296|255|783|628|1124|798|155|258|55|88|1660|1192|1660|1192|0|232|2542|1252|0|232|847|540|67|115|140|227|1085|843|194|271|0|232|0|232|209|342|1635|1281|5318|1586|2507|1106|2032|886|475|420|161|160|150|245|892|728|1608|964|338197|11781|327451|11549|32151|5577|156|146|291|243|25355|5447|57|96|2090|1032|0|232|486|438|1905|949|44|74|0|232|1258|639|265|415|244|281|268684|11164|1543|1280|899|500|32829|6490|13494|3015|5934|2741|206760|9997|5708|2799|1163|586|354|415|26616|4425|2789|1033|395|370|4456|1718|1362|628|6194|2262|779|631|89|110|6776|2322|473|640|3077|2198|226|238|10746|2467|10695|2474|51|81
040C201US34|2200934|29632|282297|9794|37842|4104|977|787|9164|2283|910|827|1120|542|25115|2685|11585|2038|11593|1716|1937|655|556|350|29599|2681|1943|781|829|428|5384|1276|14038|2051|2656|866|4548|879|201|251|74481|4435|6462|1755|32551|3494|25624|3534|83|101|8952|1962|892|848|139418|8195|5781|2073|3942|1355|3291|2037|3208|1179|2535|1075|3757|1310|3996|1046|1260|806|629|372|2312|990|6045|2011|41442|5074|6970|1853|16730|3102|2550|1561|24294|3168|10676|2712|957|712|684849|10398|184414|8850|107373|7208|81047|6552|9601|1829|16725|2533|11847|2929|65060|6199|134|170|324802|11083|2136|1125|16645|3400|0|225|266349|11903|5570|1838|791|473|3253|1623|23852|4129|3315|1311|2118|1007|773|669|118791|7258|1224|788|464|464|3109|1876|534|346|3289|1586|86833|6411|1005|716|1876|826|20322|4142|135|227|52676|5591|648|521|1253|934|2916|1481|690|559|9257|1992|4621|1557|1316|736|4836|1624|2192|920|6983|2074|15618|2706|1080|626|469|676|797|391|4166|1590|121318|9670|11856|2848|266|414|2367|1212|5486|1857|92|165|1085|622|653|518|236|265|1671|1111|2445|1456|1132|1117|32|53|414|622|867|617|39800|5838|3689|2142|27157|3859|5695|2180|1922|1686|1337|1561|3288|762|3116|749|172|322|59673|8296|0|225|15646|3719|632|429|5414|1955|29004|6020|1312|990|2805|1618|1326|1302|3534|1598|4256|2404|2858|929|2483|863|2341|837|142|147|266|253|0|225|0|225|109|106|1109612|22374|1093242|22321|387668|19289|74|113|4873|1962|42869|5416|4553|1922|205998|14698|1408|899|50321|7443|52594|7189|2024|1095|1681|1253|17149|3438|945|562|3179|1209|300301|15882|1709|1141|19827|4778|51556|7014|62984|7582|37129|6937|116307|9982|7293|2080|3496|1577|0|225|405273|17659|9846|2292|2625|1456|51379|6736|6647|2243|102748|8581|104210|9225|25362|4930|74826|8266|6617|1822|16764|3999|4249|1358|16370|2717|15949|2713|421|329
040C201US36|4409284|39987|635278|17430|85875|6274|1491|645|23473|3741|1489|652|3227|1200|55009|5318|29456|3705|22586|3503|2967|960|1186|484|74427|6280|5054|1818|3987|1069|25203|3982|32214|4065|4335|1226|3546|971|88|148|123712|9032|29514|4014|69028|5043|8892|2321|86|95|15682|3658|596|539|349657|13868|27705|5404|15134|4628|8890|2968|2536|1000|5136|1625|7095|1642|8967|1740|1981|660|5336|2440|4304|1172|5472|2895|49757|5550|12406|2147|60157|5873|4966|2142|83854|7230|45961|6477|1607|926|1306437|16848|581782|13446|470797|13259|396354|12348|44329|5583|30114|3657|25446|3329|85415|7107|124|153|439442|14076|6821|2821|137045|9813|1613|861|143192|9392|17069|2749|7892|1958|15768|3456|62999|7715|7308|2035|34184|5465|5551|1691|155630|7424|13658|2443|2992|1002|6055|1977|1513|671|10284|2126|80850|6210|3957|1391|11763|2208|24481|3098|77|127|125696|8527|2330|1211|4377|1662|13775|3316|6837|2314|26264|3507|5923|1915|1199|544|8821|2064|4389|2723|7501|1962|18867|2931|1382|753|19951|5356|4080|1652|3887|1455|220545|14200|20355|4234|569|596|3254|1356|5093|2211|2063|1042|2086|1060|1171|978|1817|976|4302|1922|9196|3001|1428|893|949|519|2451|1666|4368|2574|47812|6001|3028|1317|27781|5509|12423|3451|3156|1294|1424|636|8393|2198|7489|2116|904|612|124167|11571|236|216|44845|8121|4234|2244|3563|1467|31882|4485|6828|2457|2408|1356|5601|2418|24570|6433|10622|2927|16226|2907|15249|2809|13141|2671|2108|884|0|218|0|218|0|218|977|749|2230798|29381|2179559|29136|1037726|24179|1984|1009|21345|3600|21661|3032|9802|2626|475285|18586|17455|3555|134907|9386|222916|12322|11174|3884|15187|4027|84544|7549|9011|2568|12455|2186|505840|22941|5944|1867|5152|1431|122073|11927|81246|10702|53414|6858|211924|12521|12208|3769|13565|2628|314|433|635993|20847|18577|3100|6796|2476|36022|6294|11652|2559|121786|10381|182544|13168|155952|10537|60335|7180|3824|1427|31035|5779|7470|1879|51239|4952|51197|4942|42|79
040C201US37|817769|20083|86663|6508|21093|2670|445|477|748|417|782|624|844|471|17327|2337|7827|1631|8675|1933|825|543|947|604|21419|2752|708|577|486|422|3580|1239|14024|2320|1993|756|604|250|24|39|12218|2274|2478|841|4241|1359|2076|1082|118|137|3423|1465|0|222|31449|4699|712|743|390|432|2088|1639|674|323|531|390|1497|1030|696|577|554|394|186|177|2021|1206|204|202|2681|739|2764|1119|6058|2135|454|410|8051|2856|1888|777|484|396|234301|7446|47888|4234|30541|3270|24745|3190|1496|611|4300|1363|4545|1273|12802|2532|0|222|113977|7565|3945|2629|3891|1791|286|337|85552|7122|2573|873|2241|1153|7144|2494|6533|2325|1241|580|192|155|379|492|58348|5703|3500|1360|2820|1331|750|434|3929|1351|982|640|18133|2916|358|252|4689|1805|23187|4322|0|222|13052|2606|0|222|205|214|334|395|521|364|710|506|1349|681|1637|1155|1508|851|641|509|1994|1861|2264|1126|1003|644|760|469|126|153|1036|672|77061|9692|19789|5806|1645|1233|4402|1690|4121|2039|4241|3905|811|540|2612|2427|288|276|1669|1323|6612|3044|1233|1035|194|200|4031|2828|1154|1116|12076|3390|397|420|5198|2251|2311|1150|2503|1223|1667|2073|4447|1479|4161|1473|286|290|28011|5174|71|130|6095|2647|568|661|4677|1909|5382|1714|463|402|3726|2523|2669|1760|4360|2219|6126|2689|2214|900|1393|540|1063|486|330|276|41|72|0|222|717|747|63|105|417530|14844|401694|15055|50648|6759|842|596|395|365|6987|1896|612|622|15837|4949|836|1037|6113|2214|12431|2865|0|222|0|222|4793|1567|481|646|1321|980|271846|12562|98|134|3398|1273|30768|4553|25791|5974|51233|7159|149175|9048|7034|2077|4149|1370|200|251|79200|8772|7298|2336|990|740|12911|3197|3957|2095|25126|4835|4032|1424|1431|849|7782|1926|400|290|15035|4165|238|238|15836|2389|15393|2394|443|309
040C201US39|584410|14299|87633|6842|13647|2616|228|192|997|445|131|153|484|389|11551|2532|3751|1152|6998|1854|802|533|256|236|16226|2155|1618|633|95|149|1585|737|11281|1832|998|478|547|411|102|125|10580|2111|3332|983|5687|1533|310|300|0|208|1251|756|0|208|46855|4926|2778|1064|1459|962|3982|1262|809|465|1721|643|1466|845|1760|716|372|327|361|317|818|457|462|308|2526|771|4167|1319|6487|1791|1121|785|13115|3155|3451|1180|325|480|247743|8495|53468|4596|32673|3705|27050|3652|1745|665|3878|1200|8662|2154|11611|2367|522|601|113655|8571|1991|1588|4860|1898|10675|2694|63637|5701|5498|1703|323|242|13943|3976|7320|2093|1653|886|3312|2293|443|285|46962|4602|2823|1604|3179|1633|1189|689|2270|1226|1795|1576|19100|3122|186|168|4024|1055|12396|2619|0|208|31410|6003|228|197|277|276|602|781|6380|3067|1987|1012|4567|1711|1353|830|2525|829|4502|2205|3652|1687|3216|1240|372|296|1292|974|457|372|2248|1012|98843|10902|30692|5075|1609|1065|5913|2111|2963|1150|14416|3948|2383|1913|1292|921|524|381|1592|952|8350|2831|2797|1452|1133|834|3889|2010|531|541|14825|4387|4622|3074|2971|1174|5339|3213|692|443|1201|899|1602|651|1602|651|0|208|38526|6768|0|208|12929|3354|1103|966|3078|1432|9892|2591|3457|2676|1396|913|629|478|6042|2512|4848|3629|1391|691|1307|679|967|550|340|297|0|208|0|208|52|77|32|54|148800|8101|136502|8146|21976|3667|97|120|186|277|1754|652|51|99|6756|2474|378|431|5116|2604|5250|1595|0|208|126|235|1918|1052|124|189|220|268|85586|6012|1318|1092|993|794|7083|2225|13478|3072|8692|2778|50058|5568|2495|1531|1469|759|0|208|28940|3947|1199|606|453|420|5442|1959|1090|646|6866|2368|1224|626|704|474|4174|1331|291|223|7021|2411|476|479|12298|1885|12163|1864|135|120
040C201US41|368176|11082|49596|4588|14624|2262|466|294|911|429|739|492|1236|740|11150|2134|5156|1382|5472|1570|522|325|122|148|10807|1854|820|710|36|60|2220|971|5902|1400|1394|633|435|426|0|217|2742|779|291|231|1222|511|213|203|0|217|968|576|48|82|21085|3560|0|217|1027|629|1240|1171|429|565|209|276|430|329|416|341|60|102|126|160|381|281|0|217|1074|535|1709|884|5002|1406|0|217|7217|2319|1765|817|338|357|129043|6043|42196|4634|26607|3939|18434|3283|2169|959|6004|1653|6614|1615|8917|1828|58|101|27928|3916|1751|1346|1352|782|0|217|16911|2640|2897|1066|852|471|2092|1212|580|363|774|678|440|387|279|204|49704|4571|663|423|1756|1016|1013|662|3953|1484|1334|753|15093|2708|422|324|5758|1889|19646|3075|66|99|9143|3048|352|467|130|161|0|217|3884|2461|1146|691|580|500|412|420|135|164|1114|793|418|409|521|363|292|335|117|146|42|70|72|117|14031|2752|8256|2761|306|434|4868|2394|1268|1131|621|697|0|217|502|711|544|475|147|191|233|272|117|183|0|217|116|193|0|217|1478|718|111|193|685|676|456|337|52|91|174|211|1182|535|1182|535|0|217|2014|1043|0|217|0|217|55|86|212|381|1040|850|46|92|145|200|0|217|516|530|868|641|6176|1146|2011|777|1401|753|610|276|655|594|781|621|1773|887|956|577|169330|7696|157388|7315|5858|1617|139|165|47|78|4291|1370|0|217|699|601|0|217|334|401|60|99|0|217|48|96|155|175|0|217|85|98|141100|7494|76|104|1225|831|5875|2527|12635|3862|1404|1043|117085|7387|2269|2046|431|282|100|170|10430|2275|666|500|108|182|1615|807|730|517|3091|1552|655|531|0|217|1964|943|179|200|1154|788|268|344|11942|2146|11942|2146|0|217
040C201US42|954130|23502|150332|10705|21501|3124|235|201|4953|1585|511|397|552|310|15029|2434|6915|1678|6695|1518|1419|583|221|204|19950|2225|847|375|1224|672|3665|915|12839|1671|845|382|425|288|105|179|22909|3256|5038|1232|11386|1869|2946|1488|0|190|3263|1264|276|312|85972|9453|5277|1702|7514|3236|1970|792|1967|1127|792|532|2102|990|1207|515|525|351|543|395|1330|726|253|419|8843|1872|2742|839|13902|3172|1435|703|20601|4154|14969|4192|0|190|358161|10182|108062|7114|79449|5566|69729|5364|3789|1258|5931|1547|3647|913|24361|3178|605|962|153212|10006|1823|1036|10954|3162|9493|2660|97601|7379|4345|1485|2856|1428|6296|1723|11837|3341|1787|998|5376|2345|844|637|67074|6134|2316|1327|5399|1792|2802|1339|2624|1217|3255|1492|18560|2950|543|339|4956|1983|26619|3385|0|190|28625|4269|679|507|1339|813|1498|911|3242|1786|2269|1315|1095|587|626|406|2412|844|1798|939|4110|1390|7313|2574|1263|750|90|148|891|675|1188|1010|95682|10542|14788|2999|711|563|4898|1706|4408|1541|538|490|533|409|1249|639|506|440|1945|1269|6493|3200|3371|2650|677|545|748|699|1697|1183|24450|4969|5162|2016|10154|3482|4419|2182|3754|2033|961|856|1867|701|1867|701|0|190|44999|6592|20|40|8168|3374|779|715|14525|5347|11112|2744|99|124|3470|1639|766|484|6060|2618|3085|1743|1596|553|1169|457|628|337|541|329|0|190|177|269|144|238|106|146|348359|17722|335734|17384|168051|12895|335|310|737|589|3541|1430|310|291|113170|9530|505|503|20862|5088|19862|4322|0|190|361|305|5619|1673|0|190|2749|1170|93487|9605|558|592|1127|680|3555|1374|16129|5253|12371|3990|55092|6602|2919|1874|1432|747|304|404|74196|8215|2756|1007|1070|737|20434|5684|1648|747|16128|3462|10765|3376|4863|1740|8625|3198|1568|1150|4717|1458|1622|1268|12625|1885|12613|1885|12|20
040C201US47|380623|14883|32340|4033|7143|1742|0|226|871|844|189|259|348|251|5701|1614|2450|1483|3113|1068|138|135|34|57|7393|1311|159|162|241|238|647|360|5685|1238|597|382|42|69|22|39|3306|1223|631|459|1140|684|0|226|0|226|1535|1003|0|226|14438|2984|0|226|132|162|163|188|143|258|182|181|165|163|295|309|40|68|198|160|129|152|280|473|960|602|2176|1182|3425|1204|864|754|4606|2023|680|497|60|99|92273|5120|19840|2373|12477|2297|11483|2240|480|277|514|412|2298|708|5034|1372|31|105|34642|4682|750|979|3085|1837|709|847|23037|3242|3066|1442|145|241|947|879|1600|895|769|805|534|530|0|226|26985|3673|2798|1598|1499|914|552|420|3854|1516|881|577|8504|1984|736|688|1109|826|6994|1529|58|104|10069|2852|97|156|0|226|59|98|1708|912|1102|838|1371|776|621|768|265|360|1099|915|495|613|508|399|223|183|2456|1812|65|106|737|880|46391|9155|16034|7330|756|640|5073|4603|3963|2939|3512|3259|356|404|996|1000|457|279|921|642|3197|1907|423|496|1292|1345|1359|1212|123|211|14401|3824|55|96|12939|3589|575|409|616|608|216|353|1158|597|1158|597|0|226|9755|2763|0|226|3875|1871|470|434|135|175|3221|1184|146|251|100|171|316|406|1492|1338|1846|1319|4096|2019|1735|855|1582|872|153|149|0|226|0|226|1196|1562|1165|1386|205523|10941|197311|10607|18956|4434|612|366|133|180|7075|2432|0|226|3946|1999|140|250|1841|1752|4970|2265|0|226|0|226|216|236|0|226|23|40|150247|9161|315|339|243|292|7878|2788|28152|4624|34289|6348|75605|7414|2773|1957|764|488|228|321|28108|5906|1208|798|0|226|2657|1167|901|650|5620|2361|1469|859|326|293|890|563|168|270|14418|4675|451|621|8212|2343|8156|2355|56|97
040C201US48|4964405|61002|205904|10042|51684|4491|1982|1349|3368|979|1909|839|2804|1141|40876|4120|18513|3510|18028|2202|4335|1531|745|344|53653|4829|2135|829|1042|613|11885|2441|31111|2803|6344|2358|998|505|138|117|21117|3433|3125|1090|5726|1504|1333|701|95|125|10933|2829|0|236|79010|7310|2562|1552|1582|956|5361|1926|2196|872|3425|2741|3696|1156|2048|940|497|387|1674|891|759|518|852|802|7060|1769|7665|2148|16955|3957|3579|1804|15454|3438|3645|1446|440|522|1251256|16835|229612|10792|152316|8824|114247|8610|11523|2766|26546|3113|17160|2921|59719|4593|417|379|566721|19243|24677|7784|22155|4342|2299|2006|368578|14222|38372|5878|4007|2050|28941|5117|70346|9110|3547|1420|1407|709|2392|1419|365226|13178|9944|2901|9400|2656|5332|1663|8182|2539|7055|1986|112355|7763|3570|1455|13063|2495|196325|14109|0|236|86876|7834|296|374|1554|834|175|175|19366|4869|5123|1993|8214|2254|5130|2008|13504|2499|6506|2303|6141|1909|12862|3462|5624|2073|156|191|2225|1139|2821|1101|311037|21176|84838|9826|9657|3646|30278|6764|25082|5870|1941|1369|3580|1294|3693|1645|3718|1609|6889|2679|26918|6799|10819|3406|7117|3708|7256|2901|1726|1110|30772|4935|4242|2207|14390|3612|5256|2431|5221|2294|1663|911|11936|2615|10739|2331|1197|1097|146356|13125|0|236|18294|6445|2237|1235|4148|1654|109623|10215|1038|549|2330|1218|1468|1041|7218|2747|10217|3410|16624|6160|7090|1469|5141|1235|1949|828|434|344|0|236|2201|1356|6899|5802|3179584|45799|3130894|44575|163068|14608|883|700|692|586|95783|12193|1664|851|15536|3471|1437|1869|6485|2075|20411|5016|1922|1053|350|244|11958|2940|2344|1442|3603|1638|2668106|37975|1889|915|6724|2060|210311|15660|92052|12108|192492|16026|2121666|38465|33547|6390|8855|2087|570|456|299720|17819|14843|3887|4136|1778|36452|6575|6341|1970|70609|8941|14058|3708|3908|1536|29869|5455|1958|909|116296|13255|1250|656|48690|5993|48499|6004|191|238
040C201US51|1077429|17660|89826|6763|22288|2775|526|380|1933|711|798|468|1304|650|17291|2507|7408|1758|8437|1725|1446|665|436|251|23626|3173|698|385|790|407|5452|1830|13578|2512|1934|761|937|398|237|385|11169|2553|2285|1069|4412|1806|1567|816|120|113|2905|1177|0|216|32426|3765|814|610|692|524|1987|983|1630|926|399|251|1357|540|1012|577|206|172|487|269|950|547|468|393|3012|1044|2384|883|8720|2248|465|363|5628|1859|2215|862|317|380|462914|9882|106311|6366|48042|5009|38194|4486|3680|1115|6168|1422|9288|2033|46446|4247|2535|2277|205046|10526|29205|6277|13212|3471|247|347|90790|6447|18870|3234|1755|1088|9895|2305|36264|6608|1252|626|2765|2047|791|529|112320|7080|1497|766|4161|1377|3493|1154|2809|1101|1754|918|49781|4801|1664|743|7222|2886|39939|4310|0|216|37550|5112|857|701|1277|834|651|943|6273|1950|476|364|3085|1820|1998|1297|5779|1675|3034|1936|3814|1714|7168|1869|1651|693|682|403|805|467|1687|821|127780|8533|50662|5829|3131|1454|36596|5269|4644|2027|1736|878|854|667|794|468|455|522|2452|1986|3685|1409|1524|720|367|367|700|478|1094|980|29538|4170|1369|831|11898|2749|10317|2817|4538|1475|1416|906|2697|971|2647|962|50|85|38993|5315|56|91|15541|2935|842|753|3547|1859|9267|2746|943|893|3335|1499|1458|1034|4004|2087|2205|1047|2126|604|1718|545|1127|419|591|329|165|177|52|76|0|216|191|224|394783|13969|382599|13729|36150|5346|615|425|721|494|4529|1385|442|363|6007|2183|308|330|2535|1205|14626|2956|517|390|380|392|4371|1554|47|90|1052|493|242036|12672|932|712|3034|1446|97863|10482|37789|6201|41166|7009|50477|6465|5081|1972|5694|3645|0|216|104413|8359|6470|1996|23904|4763|8280|2068|2764|1209|15630|2905|6747|2064|3454|1409|27395|5268|1278|891|7825|2472|666|457|12184|1492|12087|1505|97|116
040C201US53|1115297|21403|149264|9792|25682|3257|967|855|1625|553|1253|521|1429|550|19731|2599|9216|1891|8934|1535|1581|657|677|463|24735|2702|732|391|693|311|3931|1033|16016|2539|2573|807|626|382|164|194|5840|1302|1120|565|2145|685|863|529|94|157|1623|640|89|103|92573|8693|218|259|3070|1430|4226|2127|3051|1030|1103|797|1769|635|689|349|761|476|614|317|5167|2182|94|110|4115|1470|5891|1499|19826|4066|704|499|34975|5672|6300|2036|434|451|535437|9600|184856|9371|120659|8149|93198|7356|10750|2036|16711|2588|15578|2347|46185|5095|2434|1509|158037|9951|7348|3037|2374|1334|646|726|119418|9095|9757|2100|2651|1035|5433|2872|4771|1696|1126|646|1865|1007|2648|1484|169009|8196|2838|1483|9563|2478|5676|2019|4484|1413|2083|772|72145|5831|1927|759|10804|2609|59489|6300|0|217|22662|5248|1166|1020|1409|894|428|370|7142|4198|2832|1129|1120|987|765|489|1799|1157|1927|1019|947|611|2449|837|159|152|199|261|320|247|873|486|78984|7474|52278|5822|3495|1895|21136|4214|14596|3503|6731|2599|2328|1361|1505|883|1097|845|1390|888|3333|1432|146|249|1047|961|1715|827|425|557|8635|2555|103|167|3282|1404|740|642|3677|1566|833|1020|3630|1734|2762|1126|868|1293|9554|2681|0|217|2358|1308|425|393|1457|1421|2517|1106|583|441|701|555|205|354|1308|937|1554|1547|22753|3303|5122|1322|3949|1189|1173|549|3490|1371|4584|2471|3564|1386|5993|1799|328859|12893|291779|12199|8998|1987|100|166|0|217|1613|633|0|217|1724|1049|0|217|791|615|2711|959|110|191|328|531|938|718|119|191|564|565|243769|11547|1045|1084|588|345|13146|3799|12456|3877|6177|3304|205198|11149|3651|2212|1508|767|0|217|39012|6566|2348|1193|120|119|10386|3083|2959|1919|9202|3013|2709|1342|206|228|6112|2488|266|315|4485|2098|219|295|37080|3735|37007|3745|73|69
040C201US55|265638|10013|32212|3122|5724|1187|74|94|962|536|242|218|265|195|3971|970|1698|653|1942|753|331|308|210|171|8461|1345|395|262|56|66|1325|622|5408|1081|720|460|504|360|53|87|2209|913|320|260|934|491|165|195|0|159|689|612|101|173|15818|2402|1340|861|597|442|717|475|523|452|709|393|501|514|948|561|281|198|156|171|282|239|447|336|2116|844|1018|477|2790|842|212|167|1682|786|1499|719|0|159|95178|4404|19352|3138|11936|2502|9868|2213|686|435|1382|598|1293|596|5818|1447|305|355|29585|3406|1384|1359|1229|746|0|159|20008|2423|3260|1454|296|371|988|646|1655|1090|410|470|168|206|187|224|40258|3598|4289|2139|1361|1152|420|344|13383|2343|1025|817|6109|1441|36|62|10307|2210|3328|1301|0|159|5556|2172|0|159|107|146|98|162|1572|1578|98|111|492|448|491|395|588|489|527|399|64|86|877|900|278|281|0|159|364|316|427|466|20394|3698|7765|2255|0|159|1882|935|1524|1014|1648|1717|597|569|1544|1282|457|496|113|189|1317|1103|67|110|950|1031|54|95|246|300|3111|1170|398|407|1719|966|187|153|781|862|26|44|1808|1170|1808|1170|0|159|6331|2352|0|159|1764|1015|148|235|472|465|2030|1055|0|159|0|159|0|159|1917|1732|62|102|1803|866|1704|857|1333|774|371|274|0|159|75|124|0|159|24|41|116051|7003|110320|6632|5600|1605|182|218|102|185|1441|771|0|159|1695|996|0|159|204|355|1781|833|0|159|0|159|57|93|0|159|138|224|85157|6183|297|339|638|585|843|578|2266|770|1910|1163|76873|6050|2221|1487|109|121|0|159|19563|3506|1144|719|181|183|2854|1343|662|374|6668|2835|2113|1305|143|179|2044|1137|219|281|3328|1891|207|182|5731|1970|5731|1970|0|159
0500000US04013|675912|17323|56252|5807|14057|2335|746|507|1632|939|322|340|387|285|10779|2155|4686|1069|5079|1397|1014|827|191|257|10961|1985|1056|681|396|428|2078|870|5878|1307|1202|526|351|318|0|232|4742|1202|1278|752|2382|935|792|466|334|329|290|265|0|232|26492|4152|1653|1853|679|771|3351|1386|1042|685|767|674|1050|607|1265|849|235|234|123|150|666|491|88|147|3177|1286|6085|2235|3033|930|1202|755|1171|528|905|596|0|232|169974|7369|33033|4486|19990|3771|15274|3426|1677|701|3039|1153|3446|1255|9597|2359|0|232|61819|7738|2096|1250|1389|1007|285|311|48581|7724|6685|2830|651|447|117|143|1262|769|304|339|174|199|275|321|55146|6088|3481|3168|1334|677|1434|686|1141|901|1987|1108|23969|3641|830|417|2911|1076|18059|3883|0|232|19859|3844|0|232|71|127|48|80|9793|3088|1732|793|2240|1539|985|548|1179|636|286|302|1776|1306|1386|859|363|305|0|232|0|232|117|152|45790|9419|20839|6614|42|72|1195|912|3520|2429|1974|1140|1893|2432|4770|4564|1007|995|6438|3778|4344|1987|1133|771|2136|1648|884|702|191|308|4100|1721|556|529|1717|967|482|425|705|756|640|522|2126|789|2126|789|0|232|7087|3081|0|232|1924|1849|0|232|205|240|4665|2455|0|232|89|143|0|232|204|334|7294|4752|3557|1389|1410|607|581|295|829|541|0|232|203|305|1151|1230|793|503|400339|14140|376159|14551|15439|3461|165|199|428|534|7422|2330|0|232|3664|2194|0|232|720|563|2100|1514|0|232|38|64|902|623|0|232|0|232|340980|15301|267|251|700|391|7470|2009|15359|3952|1243|733|314059|15468|807|740|477|351|598|959|19740|4069|1115|620|366|394|2408|1183|534|415|7297|2070|1147|655|168|245|3825|2340|485|524|2243|1745|152|191|24180|3227|24180|3227|0|232
0500000US06001|578311|11602|33110|3666|8211|1647|334|247|1238|613|0|221|504|306|5827|1352|3231|985|2281|836|315|241|308|498|7583|1482|449|485|362|283|1775|550|4267|1150|416|267|265|225|49|82|5554|1304|1137|632|1387|594|2109|884|469|377|870|452|51|85|11762|2872|73|128|291|255|2298|1761|217|269|0|221|713|567|423|298|130|215|0|221|624|515|0|221|457|369|1433|1187|3195|1274|0|221|1518|732|390|355|0|221|357224|7890|131422|7776|111725|7459|83527|7060|13425|2226|14773|2136|4971|1339|11690|2444|3036|2654|125926|8948|8488|3076|845|712|0|221|106129|8159|3691|1442|202|211|2305|996|3449|1348|628|407|100|172|89|103|92166|7677|4210|2250|2350|1207|1797|1010|1491|648|1538|796|51696|6096|1578|858|2155|1131|25351|3800|0|221|5927|1830|313|503|0|221|0|221|324|227|529|291|95|158|425|382|229|206|297|338|139|176|1107|542|317|371|1998|1363|154|195|1783|1009|21021|4388|5872|2349|2889|2397|1347|836|592|444|68|111|183|255|167|248|331|363|295|297|234|251|180|238|54|84|0|221|0|221|4844|2224|1790|1306|1309|869|422|343|1323|1355|0|221|1228|727|1228|727|0|221|8041|2983|0|221|681|619|0|221|46|77|6616|3117|294|346|404|508|0|221|0|221|802|835|10424|2655|1951|914|1769|870|182|178|5138|1772|0|221|163|298|3172|1890|156532|6914|150638|6778|1983|1033|0|221|0|221|306|302|0|221|416|529|86|99|410|581|563|372|0|221|0|221|137|144|0|221|65|112|133216|6512|0|221|486|437|14532|4043|15924|4687|3867|1771|92982|6556|4947|2624|317|257|161|274|15439|2922|995|516|333|363|3816|1264|370|272|3504|1466|921|1118|228|194|3217|2078|277|345|1728|1057|50|81|5894|1576|5894|1576|0|221
0500000US06037|3240161|31265|163475|8350|36097|2992|1865|822|1775|644|729|487|2163|799|28895|3119|14488|2019|12533|2224|1874|682|670|451|34051|3970|1727|849|1573|671|13103|2724|12933|1748|3365|913|1224|501|126|148|17198|2830|4832|1758|7550|1539|1782|777|122|204|3034|1116|0|221|75573|6486|76|64|2683|860|1063|741|1372|547|1058|609|3070|1008|1861|817|1584|892|814|524|2120|1031|0|221|4381|1232|5840|1544|29358|4265|918|522|15237|2752|4138|1294|556|443|1185392|15805|455211|13389|288687|9759|195071|9024|31330|3530|62286|4654|32499|3829|129738|9243|4287|2994|195097|10955|7454|3483|11573|3579|0|221|58694|6382|98415|8034|2046|967|2256|1340|5704|2210|5781|2262|2056|1222|1118|692|383985|13512|8694|1928|21017|3331|8329|1739|2083|891|5070|1611|223268|10861|3707|1591|19727|3288|91987|7237|103|150|149002|9426|81493|7675|3265|1466|2995|1569|7341|2578|13519|3341|3713|1503|673|473|18610|3305|2364|1187|7735|1882|5966|1583|657|499|0|221|671|479|2097|1002|53744|6984|10139|2729|770|612|4778|1990|1157|867|77|127|158|198|1230|935|305|273|1664|913|2335|1203|1898|1105|0|221|101|99|336|469|21427|5782|992|613|13172|3200|2980|1950|2421|3279|1862|1122|3207|1017|3207|1017|0|221|15847|3497|73|125|1553|749|454|534|661|490|11174|2938|490|420|480|300|530|666|432|316|789|555|16515|2650|8365|1703|6373|1363|1992|1016|4109|1727|0|221|55|89|3986|1688|1821035|24937|1789404|24091|28418|3943|174|293|472|353|13255|2192|336|544|4028|2041|492|752|1543|980|5171|1473|172|179|189|185|1075|558|639|631|872|530|1643812|23364|12661|2894|4894|1493|271282|14681|178666|12047|42346|6327|1100308|23596|28828|4577|3565|1706|1262|883|117174|8975|10479|2072|6181|2519|16118|2917|6903|2317|27305|5560|11632|2673|1081|555|28862|4680|411|290|7040|2372|1162|609|31631|4133|30842|4048|789|856
0500000US06059|967323|19331|57720|5984|14157|2227|143|117|1320|569|572|418|805|399|11199|2030|3613|1165|6968|1687|618|307|118|108|12649|2580|661|584|355|310|1630|910|8153|2144|1618|703|100|165|132|148|4138|982|733|451|1674|495|385|345|0|221|1346|725|0|221|26776|4809|0|221|1004|691|239|188|1228|1062|682|595|1506|707|980|527|311|338|519|581|94|159|170|194|2911|1415|3182|1451|7037|2525|963|664|5515|2404|435|382|0|221|505309|11094|166484|9142|80757|7334|53747|6863|4458|900|22552|3310|13425|2595|72302|7247|0|221|84746|7899|2433|1139|2079|1560|0|221|36073|5115|33532|5193|656|766|1081|830|6476|2437|1366|901|626|594|424|329|227186|9989|1216|838|4269|1353|4471|1618|2140|1178|1876|843|50351|5527|1521|840|4329|1376|156989|9255|24|42|23864|4634|634|585|152|253|596|713|2023|1051|1931|881|2309|1241|2352|2035|3510|1253|2047|2009|4610|2430|3147|1595|210|216|0|221|343|377|3029|1841|20339|4896|3601|1595|425|702|1495|1210|344|284|410|467|163|166|101|124|356|270|307|172|33|59|33|59|0|221|0|221|0|221|11053|4030|156|258|8735|3301|1944|2489|0|221|218|287|2195|1084|2195|1084|0|221|3457|2735|0|221|346|492|41|69|0|221|2622|2721|287|304|0|221|161|289|0|221|0|221|4502|1316|2947|1093|1750|746|1197|653|310|227|0|221|0|221|1245|739|379453|12034|366686|11702|4997|1598|0|221|156|255|2726|1336|0|221|289|304|0|221|351|286|954|663|0|221|0|221|366|386|45|76|110|129|325876|10793|86|143|1521|688|15760|3665|13238|3609|2806|1329|289964|10679|2136|1226|365|343|0|221|35813|5756|3318|1144|2676|1418|4935|2024|1269|632|9005|3291|2757|1120|684|783|8584|2655|51|83|2212|1360|322|461|12767|2121|12767|2121|0|221
0500000US06065|550518|13401|23123|3065|7580|1877|188|245|651|482|159|170|536|312|6046|1577|2131|836|3476|1341|439|289|0|221|6722|1408|0|221|276|161|1139|617|3581|937|1096|452|630|447|0|221|2781|961|189|253|1064|634|1000|703|0|221|384|347|144|207|6003|1727|324|542|126|228|90|149|121|143|201|197|242|188|152|148|0|221|44|75|0|221|128|160|1360|958|1655|911|250|236|185|306|826|718|299|249|37|63|124684|5290|28169|3888|17661|3407|12046|3410|1014|624|4601|1490|2619|1021|7889|2209|0|221|25371|4283|2875|1470|130|178|0|221|13959|3581|3557|1219|0|221|590|483|3607|1524|583|362|0|221|70|131|60152|5648|186|153|894|612|994|627|1708|1097|624|689|42167|5248|158|142|1884|862|11518|3068|19|31|10240|3029|877|1016|0|221|0|221|2625|2021|292|229|1846|1075|46|75|2124|994|422|564|687|535|796|978|85|138|237|211|203|285|752|589|9847|3026|1660|896|0|221|828|730|511|391|0|221|0|221|0|221|0|221|321|340|0|221|0|221|0|221|0|221|0|221|2960|1730|0|221|2521|1638|69|114|276|447|94|151|940|723|940|723|0|221|4287|2105|0|221|475|445|162|265|0|221|2424|1584|0|221|0|221|75|127|1151|1057|0|221|3406|1528|1992|1054|1601|976|391|351|721|728|0|221|74|128|619|489|389458|12209|379975|12189|5577|1763|0|221|159|260|1993|1020|0|221|512|400|130|208|1184|1275|1153|863|0|221|0|221|272|265|174|275|0|221|354301|12279|226|174|1699|982|16058|4058|18034|4098|4643|2021|307788|11049|5147|2101|706|496|0|221|20097|4531|2277|973|479|494|979|436|682|436|3652|1324|3380|1889|237|307|6711|2670|238|244|1385|1444|77|129|9483|1639|9483|1639|0|221
0500000US06067|360633|11238|54209|6751|4656|1181|247|338|192|185|45|76|0|221|4122|1137|1795|668|2289|875|38|63|50|85|5941|1710|225|200|151|185|835|681|4414|1528|129|123|187|223|0|221|1619|781|256|190|775|520|268|213|0|221|266|357|54|75|41936|6110|69|118|2361|1510|1353|802|180|211|0|221|345|319|181|205|626|731|0|221|4009|1654|0|221|999|682|2453|1368|10349|3730|0|221|18513|4257|498|381|57|95|180386|7455|32913|3647|25374|3327|19339|3117|3786|991|2249|852|2470|933|4877|1503|192|318|61768|7768|24206|6775|690|406|0|221|22850|4198|4499|1488|520|415|618|506|6758|3081|260|265|961|625|406|271|75581|5685|191|162|1802|1242|330|272|9771|2608|1079|560|31695|4409|144|142|4688|1652|25881|4082|0|221|9749|2954|2751|2123|0|221|180|173|3207|1487|460|475|664|600|593|486|398|348|285|262|403|466|682|652|97|115|0|221|29|48|375|360|10123|2348|4055|1726|46|80|2146|1384|708|614|470|787|133|221|378|538|105|129|69|117|105|143|77|135|0|221|0|221|28|48|1751|876|303|510|870|626|246|289|285|274|47|79|599|430|599|430|0|221|3120|1223|0|221|503|600|43|73|499|537|1082|615|143|169|0|221|0|221|850|790|493|800|13965|2442|707|372|505|321|202|182|8341|2786|1520|1530|248|300|3149|1531|101950|6261|97910|6166|2182|835|210|284|77|126|337|281|0|221|220|273|0|221|462|481|415|369|59|98|0|221|247|342|0|221|155|185|89948|6141|92|155|178|302|6307|2077|3603|1545|2148|2121|74170|6969|2072|877|1378|893|0|221|5780|1966|361|378|43|74|2432|1494|46|75|902|602|294|391|98|115|1319|665|60|100|225|195|0|221|4040|1117|4040|1117|0|221
0500000US06073|756142|16523|63942|5236|14227|2056|366|233|989|493|557|465|562|345|11347|1871|4794|1250|5703|1278|850|514|406|291|14826|2477|732|393|533|375|3165|961|7955|1827|1791|601|592|438|58|75|7678|1732|505|328|4155|1428|1505|936|0|221|1513|634|0|221|27119|4156|666|563|828|514|240|243|1656|1347|418|289|876|413|2163|1250|124|155|0|221|0|221|176|184|2532|926|2502|1208|7778|2093|542|335|4346|1523|2272|1182|92|108|300497|8928|62250|4979|38014|4354|27464|3931|3721|1345|6829|1308|9640|2157|14339|2737|257|424|48230|5512|7350|2802|2016|1232|297|291|22141|3452|11134|1890|892|563|974|710|2192|1291|601|432|552|676|81|133|151746|7224|1089|731|3929|2004|1796|964|3630|1365|1473|821|90967|6951|716|549|4025|1168|44121|5611|0|221|36556|5757|1025|847|924|1300|29|48|21485|4783|2970|1307|1173|831|752|497|545|296|127|186|2458|1458|2842|1145|915|812|404|657|907|1151|1715|1170|19778|3863|6484|2659|29|50|2262|1141|1539|1626|1502|856|166|215|537|441|37|61|412|289|1194|727|63|94|392|390|448|510|291|451|5323|2013|467|694|2307|1047|725|489|1723|1707|101|119|3637|1209|3637|1209|0|221|2542|1285|0|221|299|273|167|278|0|221|1548|1178|286|347|91|120|0|221|151|153|598|652|5561|1670|2610|1212|1720|717|890|1030|571|386|567|883|0|221|1813|874|366364|12257|354510|12263|6715|1870|0|221|43|71|1696|795|0|221|1107|693|0|221|1101|1181|1644|740|0|221|85|109|452|378|0|221|587|752|325719|12319|294|324|490|329|5146|1490|15410|4180|988|631|301118|11909|966|473|999|490|308|493|22076|3461|2096|1047|951|624|8575|2563|703|485|5405|1639|821|416|188|258|1873|676|46|80|1314|571|104|104|11854|2088|11732|2069|122|198
0500000US06085|791472|12497|54294|4744|10715|1734|461|304|625|378|96|116|790|422|7886|1553|4613|1291|2971|785|302|281|857|506|10891|1953|216|268|583|381|3592|1276|4842|1502|1108|537|550|435|0|221|9058|2235|432|336|3471|1158|4455|1821|1517|1056|700|439|0|221|23219|2991|148|246|1083|712|1541|1277|654|441|899|597|546|511|923|553|463|327|186|219|134|162|98|80|1355|699|1096|571|7271|2030|236|239|4041|1211|2545|1045|411|368|543596|8723|189363|7144|151799|6864|102763|5772|12035|2792|37001|3371|10534|2672|27030|3859|0|221|169316|10869|3527|3321|1034|542|0|221|141359|9087|16848|3311|539|448|384|258|3067|1083|1827|918|140|133|591|464|166113|6649|2238|1062|4116|1360|2483|1237|1248|897|2853|947|51093|5338|1359|604|3186|943|97537|6588|0|221|17723|2560|328|307|812|585|259|288|258|268|7277|1833|1275|795|119|124|1081|588|807|526|746|452|3070|908|775|558|257|353|659|566|1081|476|13962|2283|5384|1432|1025|693|2887|1479|544|540|149|244|155|191|147|176|146|178|331|269|1264|703|850|487|0|221|29|49|385|525|2444|928|183|174|2038|929|81|110|0|221|142|173|1393|748|1393|748|0|221|3469|1415|0|221|236|375|0|221|290|413|1507|808|89|163|934|1088|0|221|413|381|8|18|5166|1798|2306|1147|2194|1173|112|114|577|531|0|221|0|221|2283|1309|174454|8404|165283|8203|1961|763|0|221|184|222|335|382|0|221|495|594|0|221|389|329|211|337|0|221|0|221|347|352|0|221|0|221|134263|7593|323|326|450|461|7810|2612|5062|2555|2685|1622|114389|6645|3432|2230|112|117|0|221|29059|6387|1194|473|1218|1099|3363|1550|863|607|15202|5503|396|315|251|310|4261|1619|402|523|1811|1014|98|116|9171|1577|9119|1583|52|85
0500000US12011|742629|18257|55972|6561|9250|2733|281|233|1339|901|42|67|411|450|6676|1950|3579|1489|2657|1230|440|266|501|432|8095|1670|821|505|618|546|2344|1025|3223|1203|269|199|820|467|0|243|10880|2698|591|363|4162|1325|1138|742|0|243|4989|2136|0|243|27693|4676|63|101|620|471|0|243|938|898|238|293|1404|787|1764|827|40|67|343|392|466|434|0|243|2849|1092|3098|1376|6545|2194|555|510|6192|2719|2578|1382|54|62|58400|4814|11304|2741|8996|2550|6314|2259|1747|834|935|575|802|428|1506|1076|0|243|23698|3854|0|243|1582|1328|0|243|14072|3084|918|620|332|350|241|325|5219|2785|0|243|1085|1252|249|17|13025|2966|633|752|0|243|61|105|1059|1254|510|435|6373|1882|102|120|645|532|3642|1518|0|243|9224|2053|0|243|197|196|153|262|721|724|4828|1402|341|559|93|158|279|216|67|114|1055|787|1233|831|189|273|0|243|68|112|1149|1027|12122|5710|932|474|53|88|0|243|463|385|0|243|56|95|130|156|0|243|230|225|595|557|201|327|269|429|0|243|125|156|3572|1341|315|277|1783|917|1424|1153|0|243|50|81|2120|1171|2120|1171|0|243|4466|4813|0|243|59|97|0|243|581|604|3774|4776|52|88|0|243|0|243|0|243|437|433|299|258|299|258|269|253|30|49|0|243|0|243|0|243|0|243|615836|18586|598497|18196|288933|12415|7002|2469|1685|1030|68167|7319|367|608|19496|3758|733|741|81604|10737|91745|7577|1181|1327|1011|733|11977|2478|1106|875|2859|1192|70261|9853|637|464|1640|978|13819|4354|9818|3199|17903|4345|16055|3738|8059|2784|2330|1008|0|243|239303|13759|12207|2276|968|654|36738|5716|4074|1673|72904|7399|8101|2255|9631|2725|27602|4908|5421|2106|60132|8024|1525|1275|17339|2958|17339|2958|0|243
0500000US12086|1472475|15376|48568|5404|5863|1667|37|60|300|194|191|243|579|468|4649|1564|2228|1037|2297|1222|124|121|107|122|11031|2023|284|230|433|328|5383|1558|2943|874|1424|609|564|467|0|243|14560|2949|445|405|5489|2054|318|218|0|243|8308|2173|0|243|17002|2795|29|49|586|380|0|243|602|400|0|243|221|190|633|330|214|231|206|202|236|189|473|444|1653|759|1697|792|6462|2105|68|118|2795|1028|1127|636|112|135|39895|4169|8215|2060|6989|1978|5674|1915|318|300|997|506|450|304|776|405|0|243|11202|2946|0|243|285|371|0|243|4588|1605|1667|1801|243|276|0|243|2323|1123|941|815|304|301|851|1139|7820|2082|873|830|54|88|501|449|253|324|0|243|3321|1324|0|243|556|343|2210|1176|52|89|12462|2456|0|243|215|371|357|473|191|178|6569|1835|199|180|0|243|1579|850|214|197|731|497|1876|992|210|247|0|243|321|332|196|227|8505|2385|2718|1328|328|419|907|659|612|494|0|243|492|715|49|91|40|66|290|223|250|400|0|243|0|243|250|400|0|243|2250|874|46|79|1159|757|637|517|56|88|352|304|959|830|959|830|0|243|1138|647|0|243|152|183|0|243|41|70|534|417|0|243|0|243|0|243|411|504|1190|1338|731|460|386|368|328|356|58|98|0|243|0|243|0|243|345|255|1374776|14796|1369220|15159|785713|16858|5016|1334|1077|1173|648751|15641|544|578|35029|4571|654|817|68569|7402|20168|2997|748|568|387|344|2686|1134|394|531|1690|932|211183|13501|310|264|5788|2191|14410|3008|20351|4478|42491|6201|25588|3468|95411|9732|6834|1668|0|243|372324|13337|33819|4031|2670|872|26460|4092|11617|3174|107022|7973|18278|3796|2568|1199|33165|6177|4053|1468|130687|10432|1985|1101|5556|1962|5556|1962|0|243
0500000US12099|424679|14537|46179|5085|9941|2459|253|295|2048|1380|33|55|774|683|6012|1381|2113|789|3549|1245|350|257|821|374|9943|2138|444|289|734|669|1649|787|5195|1526|688|470|1233|990|0|243|6890|1829|1241|730|3751|1301|1299|1011|0|243|599|353|0|243|19310|3615|780|808|485|482|117|193|866|872|673|417|1684|1678|1372|727|0|243|51|83|1303|1050|134|157|2486|1107|1934|995|3953|1654|519|498|1746|834|1207|932|95|160|38863|4085|6772|2127|5411|2045|4132|1816|811|717|468|344|289|289|1072|750|0|243|10617|1873|55|97|1205|1025|0|243|5220|1432|1426|1019|365|375|526|568|1237|724|112|196|471|466|0|243|12997|3092|546|627|299|313|408|552|101|170|434|583|5178|2186|101|164|1847|1668|4083|1624|0|243|7921|2452|109|176|0|243|86|145|379|440|2415|1065|472|455|641|697|1701|1001|0|243|804|891|1314|852|0|243|0|243|0|243|556|450|7010|1919|599|409|0|243|0|243|85|137|0|243|133|173|54|89|241|304|86|141|185|169|79|131|0|243|0|243|106|103|1421|677|113|148|806|490|354|237|0|243|148|181|2909|1449|2909|1449|0|243|1056|672|0|243|335|442|66|115|110|128|434|467|54|94|57|96|0|243|0|243|840|665|1052|697|999|694|999|694|0|243|0|243|0|243|0|243|53|96|331575|12557|319623|12856|166137|11153|1506|904|716|567|49726|5722|378|634|10326|2836|289|468|69687|8629|27238|5408|127|218|431|506|5143|2272|0|243|570|615|71773|8003|515|379|1395|1096|4706|2007|26431|6516|7450|2716|24470|4706|5727|4061|1050|855|29|48|81713|8720|5953|2498|1621|1253|18921|3779|1729|984|25231|4502|2869|1244|2213|1142|7945|2429|717|495|13509|4165|1005|710|11952|2258|11868|2260|84|142
0500000US17031|1130960|23493|232954|13547|17834|3394|444|459|4882|1539|144|180|1877|1883|10357|2582|5854|1846|4271|1671|232|199|130|156|15895|2844|985|480|519|347|3017|1112|9202|1654|893|469|1279|1305|0|206|17283|2721|6195|1765|8829|1956|130|155|0|206|2085|805|44|74|180417|12686|3832|1504|4441|1776|5116|2034|10796|2844|1856|913|2554|996|1399|944|619|310|5290|2388|2714|1319|2304|1143|82330|7492|10784|2674|12138|3808|3785|1692|26495|5336|3964|1095|1525|1105|323017|9102|84327|6252|54950|5462|46778|5477|4035|1235|4137|1316|4780|1516|20700|3113|3897|1628|117090|8988|2455|2239|1940|1300|0|206|82695|8565|5054|1615|1578|1363|1512|1066|16158|4016|1042|1114|1326|861|3330|1854|77057|6453|5019|3779|583|373|929|514|637|508|1798|897|53859|4853|646|344|3982|1779|9529|2260|75|124|40113|5686|340|362|404|417|96|162|9219|2002|3826|1280|7848|2501|1011|647|4522|2537|2363|1238|4568|1740|3494|1514|373|277|1871|1657|178|153|4430|1631|51025|7266|5867|2312|412|509|2661|1684|1063|779|347|570|86|98|209|206|330|491|759|618|2091|1387|1658|1123|0|206|211|273|222|357|9096|2895|1443|737|2993|2226|3133|1668|853|1346|674|690|2923|1815|2834|1811|89|117|30959|6295|0|206|8926|3792|108|128|0|206|20084|5380|62|102|246|402|1044|1035|489|419|89|108|3322|1109|2811|1012|2154|1007|657|344|396|501|0|206|0|206|115|192|520642|14868|511404|14326|20379|4074|0|206|161|191|6086|2422|90|154|3230|1563|0|206|3721|1980|5191|1811|0|206|110|185|1259|916|0|206|531|439|421313|14197|4057|1680|570|337|6445|2064|16593|3865|11983|4274|377309|13626|3270|1420|1086|859|0|206|69712|8527|3291|1756|577|388|4141|1232|2780|1551|17302|4295|18690|6804|45|75|6794|2969|204|254|15354|4180|534|632|9238|2240|9110|2216|128|207
0500000US24031|366786|11262|35279|4786|6162|1647|287|247|486|303|135|164|143|235|5039|1655|2861|1204|2163|1229|15|26|72|89|7821|1913|316|346|637|511|3345|1421|2880|1073|526|340|117|110|0|225|4953|2834|691|429|1042|528|564|388|0|225|2656|2588|0|225|16244|3364|1056|780|426|268|0|225|559|483|0|225|220|211|1053|689|265|244|686|715|358|362|0|225|1159|593|1112|803|4442|1816|340|323|3674|2032|894|481|99|164|124566|4330|43667|4406|27851|3904|20391|3662|1277|574|6183|1578|3536|1354|12008|2644|272|355|44594|4560|560|527|4771|1998|0|225|23921|3556|7900|1983|92|92|2096|1148|2346|1068|1841|993|1067|1137|0|225|27754|3697|887|865|2016|1231|680|382|52|90|395|340|14102|2727|282|345|1295|596|8045|1849|0|225|7670|1671|291|483|34|56|200|156|603|824|1675|633|347|310|264|204|875|510|156|187|554|394|2446|1075|53|92|172|204|0|225|881|692|63815|5894|27895|4490|1765|845|19697|4030|770|671|510|509|1381|950|1946|943|517|358|1309|723|11901|3130|8127|2751|480|337|1443|1060|1851|1753|3409|1530|411|475|481|340|1835|1262|328|276|354|406|1833|1225|1783|1222|50|85|17533|3132|25|43|4700|2088|646|485|609|381|5126|1668|52|88|1611|820|1847|1696|2917|1196|1244|750|761|493|761|493|590|400|171|288|0|225|0|225|0|225|0|225|142365|8069|139505|7911|22115|5000|129|220|125|161|1952|1094|287|296|5834|3423|827|863|3715|2021|7185|3476|185|315|0|225|1622|945|12|2|242|312|80704|7160|0|225|619|619|48782|7116|12217|4612|7873|3704|6287|2067|4123|1970|803|477|0|225|36686|4919|2429|1067|4460|1546|4970|1866|3046|1546|4822|1657|3683|1580|1574|1018|8271|2817|179|210|1550|845|1702|1285|2860|1040|2682|1032|178|235
0500000US25017|377463|12775|59584|5268|10798|1569|127|155|1893|553|45|76|619|392|7390|1462|3869|1075|3008|887|513|434|724|385|9953|1830|172|137|998|647|3241|1104|3931|1289|938|599|673|411|0|225|17029|2958|3870|1616|5737|1644|5981|2057|881|552|1441|942|0|225|21804|3629|1528|1254|615|599|306|306|1186|790|0|225|414|361|494|262|376|358|545|420|604|956|694|1033|2122|757|1182|548|7473|1864|239|307|2681|897|1345|572|0|225|156281|5041|61734|4710|49492|4382|40896|3820|3325|1214|5271|1295|3817|1248|8339|2225|86|115|54937|5691|609|537|1157|770|0|225|42078|5137|3496|1071|888|771|4162|1988|1404|827|585|407|558|578|0|225|25193|3341|246|259|10329|2332|599|403|887|675|475|276|2989|1245|287|207|2148|633|7233|1993|0|225|14295|3025|634|400|80|137|19|39|1306|1063|2329|1223|471|481|606|764|2822|1444|604|522|1180|655|3707|1315|166|203|38|64|333|252|122|98|33191|4170|15463|3310|261|442|3673|1670|4324|1910|80|127|100|122|6155|2569|251|282|619|627|1972|1099|629|442|483|513|860|1061|0|225|6731|2075|772|831|2636|1070|2704|1427|128|151|491|379|1193|564|1193|564|0|225|7420|2261|226|246|1794|801|882|990|763|823|2356|1141|377|602|804|712|0|225|218|263|412|284|2023|818|2023|818|1702|812|321|203|0|225|0|225|0|225|0|225|126384|10124|116118|9840|18303|3053|268|256|1006|658|602|556|0|225|5496|1726|0|225|9157|2277|1098|565|0|225|0|225|676|471|0|225|0|225|24755|5378|303|471|587|436|8677|2776|7926|2996|3402|2923|2993|1145|694|775|173|271|0|225|73060|9755|2422|1201|1366|1161|53614|8737|2189|1022|4791|1710|4022|2242|0|225|2422|1410|379|442|1855|815|0|225|10266|1639|10213|1634|53|88
0500000US32003|517014|13090|38023|4805|8449|1852|0|232|623|370|77|129|359|462|7345|1726|2342|896|4063|1315|940|572|45|73|9136|1972|434|454|483|580|1918|1026|5137|1494|972|567|153|148|39|65|2741|1177|270|243|1690|1008|215|313|0|232|534|435|32|53|17697|3221|1463|1259|0|232|886|597|1563|699|349|297|756|401|927|556|0|232|582|531|242|401|188|310|2256|950|1523|934|2942|1071|472|380|1883|963|1665|1508|0|232|172205|7260|41636|4187|23205|3080|16868|2795|2134|680|4203|1133|4582|1625|13849|2772|0|232|16660|3556|557|475|430|521|0|232|6844|2310|3810|1502|125|151|175|167|3161|2635|1492|1131|66|82|0|232|105929|7283|552|749|2129|1797|2829|1185|1202|593|793|476|82827|7193|328|260|4940|1997|10329|3450|0|232|7612|1847|925|706|59|99|287|383|261|316|2416|1187|623|360|0|232|655|380|85|138|271|306|1335|882|0|232|0|232|695|759|368|519|19612|3610|12074|3481|901|643|8099|2850|930|639|1405|1637|193|240|0|232|506|680|40|68|0|232|0|232|0|232|0|232|0|232|2381|1101|296|255|751|627|1124|798|155|258|55|88|1328|1164|1328|1164|0|232|2194|1187|0|232|499|412|67|115|140|227|1085|843|194|271|0|232|0|232|209|342|1635|1281|3881|1283|2129|1046|1720|818|409|400|161|160|0|232|0|232|1591|962|283293|10677|273543|10260|31984|5574|84|100|291|243|25435|5446|57|96|2090|1032|0|232|311|381|1905|949|44|74|0|232|1258|639|265|415|244|281|217411|9441|1473|1277|617|318|28964|5890|9493|2120|2721|1347|168274|8817|4352|2216|1163|586|354|415|24148|4362|2765|1025|84|139|4177|1726|1119|558|5968|2239|779|631|89|110|5987|2309|379|621|2620|2111|181|224|9750|2594|9699|2596|51|81
0500000US36047|919663|17656|179323|8121|15433|2390|503|371|1855|765|88|102|394|242|12448|2347|7971|1884|4218|1228|259|249|145|174|14615|2606|561|329|765|513|6926|1828|4545|1179|928|456|802|409|88|148|17945|3857|3665|1261|9833|2326|175|147|45|73|4272|2285|0|218|131081|6655|6834|2305|7501|1818|170|204|311|262|162|200|754|575|2830|1196|699|487|2497|2108|2126|819|335|339|11742|2493|1078|526|26495|3501|228|373|48200|5209|19119|3496|249|281|268380|8612|131688|5870|120679|5982|109281|6086|9352|1518|2046|672|4712|1287|6173|1459|124|153|75389|6753|80|123|25201|4708|0|218|7980|2262|1661|758|3670|1320|138|159|13375|3391|50|74|19716|4787|3518|1274|16689|2600|2973|1176|41|68|367|274|0|218|2426|979|5536|1267|375|376|602|379|4369|1429|0|218|43929|6674|1151|957|3063|1160|11224|3254|0|218|6685|1506|181|194|202|185|2995|1213|569|572|3841|1461|3174|1313|158|183|10610|4995|76|92|685|502|40442|6366|1653|855|0|218|142|167|641|565|0|218|0|218|216|354|468|458|186|208|1610|1447|67|112|91|142|210|280|1242|1388|10842|2751|1127|788|6406|2233|2399|1030|299|301|611|478|1326|665|1326|665|0|218|24166|5379|132|159|5096|2385|532|422|504|421|8738|2555|1129|769|39|67|137|231|7859|4185|845|593|5557|1809|4932|1695|4518|1817|414|487|0|218|0|218|0|218|625|598|425961|12179|417687|12017|254674|11742|0|218|12939|2418|2367|1170|2980|1625|55807|6251|12836|3157|49666|5327|56456|6969|7289|3486|11891|3643|35157|4101|3985|1396|3301|1234|75929|6471|2853|1322|1648|739|9850|3267|9207|3272|6960|1950|36914|4957|1270|917|7227|2081|0|218|87084|7326|2315|852|390|468|5116|1753|1171|634|11975|3022|19032|4649|34496|5514|4516|1420|1333|926|5539|2049|1201|943|8274|1597|8274|1597|0|218
0500000US36059|317703|8709|37978|4382|4838|1326|158|153|1660|784|367|321|51|86|2543|966|974|436|1310|782|259|216|59|74|4685|1198|421|478|276|250|900|405|2620|993|141|174|327|359|0|218|12329|2301|2854|1094|6805|1279|2150|1342|0|218|397|350|123|194|16126|3460|957|1334|128|213|0|218|0|218|819|564|526|352|881|805|138|167|135|114|72|91|43|71|4566|1630|883|509|2553|1041|52|85|1935|761|2438|1697|0|218|107991|4842|37430|3827|26611|3363|22165|3264|1812|610|2634|764|1456|1086|9363|1786|0|218|52782|5498|884|616|7671|3406|0|218|27996|3684|4464|1508|385|249|174|288|10508|3288|163|205|398|390|139|171|10884|2250|1161|1020|0|218|1027|1094|0|218|234|233|6457|1715|416|363|337|259|1252|766|0|218|6672|1619|78|129|25|43|81|113|417|337|3027|1188|186|239|66|115|471|299|156|131|760|607|872|541|241|210|144|228|148|167|223|171|7880|2588|1452|1224|71|119|33|57|78|125|66|112|806|1076|0|218|0|218|398|559|13|3|0|218|0|218|13|3|0|218|1567|956|0|218|802|512|472|705|161|194|132|125|568|629|568|629|0|218|3830|1837|0|218|994|693|0|218|0|218|2121|1246|364|536|0|218|0|218|351|563|450|442|167|174|167|174|119|157|48|77|0|218|0|218|0|218|0|218|163687|7454|161585|7363|59450|5344|200|307|732|511|2208|1108|859|1135|14715|2913|216|221|20416|3987|13097|2540|32|53|510|428|5826|2009|231|217|408|269|61924|6603|124|157|262|317|33557|5687|7856|2358|6067|2136|11361|2517|1527|1345|1170|749|0|218|40211|5070|2090|1033|322|344|2675|1367|1586|922|8285|1919|7076|2559|10372|2863|6448|2783|169|214|650|536|538|532|2102|912|2102|912|0|218
0500000US36061|468055|17577|88129|7411|20169|3354|491|397|4071|1541|80|131|1701|925|13702|3066|8785|2544|4768|2432|149|248|124|205|22936|4088|2431|1513|832|532|10884|3343|5603|1377|1694|885|1492|582|0|218|15527|3220|3235|1611|8189|2313|896|532|0|218|3027|1316|180|294|29469|5122|693|677|876|749|102|172|361|354|80|96|2156|1106|1272|751|99|165|71|117|56|92|24|40|3105|2146|1823|1061|7895|2804|947|994|5375|2167|4534|2900|28|46|151296|7037|91792|6769|69570|6766|52895|5681|10391|4536|6284|2079|9746|2069|12476|3235|0|218|29958|4155|36|66|3629|2069|0|218|19057|3250|2805|1192|1102|692|0|218|1499|812|119|205|1503|1714|208|231|14656|2463|137|173|38|65|576|393|48|81|1847|922|7060|2103|1288|948|1421|577|2164|1033|77|127|14398|2410|159|69|426|695|222|276|0|218|7466|2046|0|218|154|259|595|367|134|195|286|354|4122|1691|89|121|563|647|182|314|492|665|23834|5733|2704|1430|0|218|443|433|799|1103|0|218|179|207|0|218|416|436|867|532|1315|1354|80|131|337|275|0|218|898|1330|5093|2845|0|218|2417|2171|2091|1979|499|592|86|142|2246|1533|2246|1533|0|218|9075|3463|0|218|397|176|1755|1888|90|151|796|549|1805|1397|0|218|320|307|3912|2449|3401|1968|6120|1796|6120|1796|5119|1506|1001|669|0|218|0|218|0|218|0|218|198676|10974|184145|10453|112788|10459|580|726|973|900|2622|1084|0|218|93970|9752|210|252|3852|1916|4905|1484|0|218|0|218|4641|2461|331|354|704|455|31396|6172|213|286|325|271|7310|4891|1148|797|1626|972|18110|4160|2184|1890|480|626|0|218|39961|5963|2797|1201|89|147|8249|2775|966|758|8907|2883|8043|3236|2421|1098|2638|1314|401|526|4794|2067|656|548|14531|2961|14531|2961|0|218
0500000US36081|1090083|15774|108036|6970|10218|2139|173|206|3584|1429|299|311|383|450|5659|1490|2331|804|3128|1247|200|188|120|141|6847|1734|480|378|130|130|1868|814|3951|1342|156|188|262|231|0|218|27228|3559|11861|2482|11651|2287|1033|773|0|218|2683|1045|0|218|62802|5893|6808|2559|628|406|825|555|874|441|2756|1380|1022|650|1366|706|486|378|1885|1300|774|510|2545|2509|15684|3107|4692|1384|8229|2215|3026|1839|5956|1409|5246|1648|941|779|422955|9903|211603|8883|174366|8490|146116|7918|14131|2414|14119|2587|3572|1060|33665|5203|0|218|139134|7272|1623|836|62186|5914|279|281|32191|4355|1637|992|1327|922|11588|3017|16534|4060|894|704|9693|2559|1182|918|54249|5217|3685|1225|926|629|2575|1324|113|188|4206|1480|31378|4197|1010|831|4437|1594|5919|2271|0|218|17122|4095|815|633|460|597|973|907|0|218|2165|818|106|130|312|228|1920|1609|2087|2477|430|389|2894|1256|261|242|2880|1682|1819|1032|847|676|25749|4458|1729|1407|0|218|532|534|197|242|0|218|133|221|0|218|146|239|721|1203|674|669|68|121|0|218|83|137|523|638|9844|2705|957|829|5691|2026|2960|1496|0|218|236|251|934|614|934|614|0|218|11910|2809|0|218|1815|1133|418|368|609|628|6577|2303|641|784|140|174|0|218|1710|849|658|411|919|549|777|424|666|383|111|184|0|218|0|218|0|218|142|223|532424|12472|527941|12269|168020|9270|348|369|2521|1034|3431|1090|746|470|48734|6013|2175|892|28382|4424|52715|5267|1105|622|1581|967|23221|3882|761|628|2300|1466|90572|8355|1007|594|855|691|14536|5010|13717|4385|9134|2267|47679|6031|1570|985|1829|951|245|413|269349|12340|3989|1261|2090|1429|5511|1881|2589|1665|58561|6414|87289|8266|76698|8245|18297|3740|1101|767|10112|3799|3112|1255|4483|1727|4483|1727|0|218
0500000US48201|1317988|25821|48838|5435|15564|2800|1017|1271|978|480|881|638|938|750|11287|2168|6366|1771|3330|1201|1591|1266|463|318|10577|2359|667|484|452|563|4613|1764|3851|1118|846|498|148|149|0|236|6295|1800|892|462|1265|712|381|471|0|236|3757|1825|0|236|16009|3497|378|335|225|223|863|714|499|380|130|159|1514|839|284|203|199|335|329|250|0|236|0|236|1134|413|1336|566|2693|1191|811|816|4754|2156|860|823|393|523|282391|8671|53100|5864|37213|4566|26981|3966|3262|1070|6970|1649|3442|1271|12445|2696|0|236|83430|8742|6712|3145|3071|1351|26|43|46613|6837|8122|1918|1109|975|2538|1222|12953|3535|1231|1109|383|377|672|800|119623|9914|2383|1733|1507|1017|1094|683|1123|1000|2055|1590|29192|5260|1357|1064|4069|1536|76843|9270|0|236|25341|5333|0|236|1051|716|76|133|5837|3441|1615|1363|2138|1287|1059|888|5627|1767|1607|927|1159|695|3291|2013|1540|799|104|178|237|187|897|737|79358|9560|19077|5271|2589|1527|6393|3486|5786|3026|1062|1168|1234|1166|173|218|486|604|1354|988|5851|2217|3379|1684|739|663|892|924|841|736|7030|2414|918|916|3369|1409|1912|1540|386|348|445|618|2493|1010|2380|1033|113|135|41984|6370|0|236|2282|1307|1010|905|778|658|33250|5508|189|176|1242|955|633|737|2600|1988|2923|1551|2970|1278|1884|1186|1861|1185|23|41|159|205|0|236|281|372|646|763|904431|19191|896511|19312|71643|9721|86|137|301|363|46189|7124|1083|893|5373|2512|1437|1869|857|637|5628|2154|1363|923|86|20|5907|2092|1259|1144|2074|1331|715996|17622|787|483|1479|840|108701|10444|41989|6521|97898|11464|453208|14214|10508|3591|1173|654|253|295|108872|11974|5615|2650|678|743|8347|2804|1933|1069|31328|5693|4258|1991|1241|763|12342|4294|518|650|41867|7816|745|529|7920|1920|7855|1916|65|110
0500000US51059|360783|8396|29138|4107|6093|1657|137|136|531|271|168|141|312|256|4839|1583|1909|835|2490|1188|440|469|106|129|7929|2138|289|240|206|178|2231|1397|3626|1341|822|486|518|308|237|385|4337|1588|1366|960|1435|794|837|569|0|216|699|556|0|216|10779|2738|37|59|294|399|443|280|361|320|143|138|467|322|215|240|0|216|154|163|361|324|91|106|484|267|623|436|3806|2020|79|131|2634|1446|587|380|0|216|182905|5239|53231|4233|21318|2747|16928|2437|1626|689|2764|841|2597|1182|27380|3503|1936|2242|77819|5746|7858|2901|4384|1848|0|216|32027|3380|10309|2673|708|549|4981|1910|16144|4477|635|484|483|398|290|232|37965|4210|304|220|1440|819|1846|821|990|724|1184|808|9447|2399|498|420|1514|715|20742|3745|0|216|13090|3319|315|430|539|496|48|79|1717|1048|154|186|1572|1572|252|270|3163|1204|185|297|808|586|3145|1705|747|568|309|299|136|166|800|567|42606|5207|19413|4247|1167|901|13981|3468|1048|850|770|609|494|529|227|204|68|80|1658|2007|695|439|188|195|0|216|269|211|238|393|12868|2536|749|454|3997|1456|5018|1584|2145|1013|959|769|600|362|600|362|0|216|8518|2475|0|216|3861|1534|196|225|189|315|1956|1431|0|216|1546|1053|74|124|696|533|512|593|648|379|564|375|475|369|89|105|0|216|42|69|0|216|42|65|105486|5692|102492|5572|3927|1421|0|216|0|216|1368|788|101|98|305|299|60|101|127|147|1135|822|58|97|56|91|531|395|0|216|186|220|60534|6883|174|211|1081|1008|20558|4070|15428|4598|12200|3477|8705|2746|1920|1012|468|366|0|216|38031|5194|2810|1228|12850|3521|1743|790|723|546|4037|1476|2704|1080|558|438|10838|3566|154|151|1482|795|132|156|2994|800|2994|800|0|216
0500000US53033|586010|13160|70183|6410|13614|2563|670|747|915|372|688|396|693|384|10212|2040|6473|1715|3337|874|402|254|436|357|11129|2312|522|363|554|382|2344|821|6155|2084|1008|465|382|345|164|194|3423|942|644|375|1332|612|357|264|0|217|1090|468|0|217|42017|5814|0|217|914|530|803|671|2527|994|900|746|1151|572|477|285|175|154|192|185|1875|1426|94|110|2169|911|4000|1225|9719|2788|344|377|13905|3845|2772|1299|0|217|338663|7245|129409|8110|93829|7055|72652|6228|8407|1796|12770|2424|9780|1714|23654|3933|2146|1502|107796|7826|4173|1996|1376|1108|394|637|87026|7206|5987|1957|1429|716|3754|2601|1751|931|635|497|801|505|470|315|85972|5621|987|669|2786|933|3401|1448|1949|839|1186|605|35579|3782|935|496|4368|1550|34781|4684|0|217|14967|4147|833|1010|909|605|189|223|5468|3675|2636|1138|368|357|140|172|456|352|1294|880|542|661|1651|678|46|76|199|261|236|225|519|340|49746|6050|34759|4725|2042|1236|14382|3753|8841|2771|6722|2604|1221|975|228|181|883|792|440|406|1405|790|146|249|212|248|725|494|322|527|5231|1953|0|217|1944|1099|576|609|1878|1109|833|1020|3052|1626|2246|996|806|1288|4132|1776|0|217|1418|1185|0|217|423|686|952|600|352|428|429|479|205|354|353|359|1167|1475|9071|2067|3857|1098|2909|974|948|490|982|584|940|794|804|514|2488|1260|118347|7060|99466|6788|5003|1328|100|166|0|217|1131|569|0|217|928|670|0|217|389|482|941|541|0|217|328|531|622|616|0|217|564|565|72131|7271|0|217|242|234|6212|2761|4042|1594|5056|3286|53454|6044|2725|2086|400|456|0|217|22332|5294|1868|1012|45|74|6548|2632|2176|1713|4015|2177|1230|686|206|228|3518|2324|170|242|2382|1279|174|287|18881|2905|18841|2903|40|66
0600000US1703114000|560390|16321|81855|7722|8789|2369|412|456|1758|755|0|206|1470|1858|5100|1394|3177|1164|1923|836|0|206|49|81|8492|2465|467|321|319|254|1773|872|4225|1202|494|377|1214|1312|0|206|6054|1460|2022|840|2613|1122|73|120|0|206|1346|616|0|206|57542|6541|852|530|836|720|1761|1197|2410|1283|857|675|1301|821|512|689|151|162|1111|690|46|75|894|636|25785|4034|4335|2023|6046|3284|480|336|8781|2862|1384|883|978|1021|148316|9368|49704|5866|41371|5516|36101|5512|2817|1081|2453|917|1473|722|6662|1873|198|199|43567|7445|2154|2217|600|587|0|206|30400|6655|2104|1061|997|1292|581|482|3760|1703|367|449|655|642|1949|1407|41732|5900|4943|3760|69|118|528|372|185|280|1530|847|26355|3726|504|299|3203|1723|4415|1319|0|206|12895|3320|87|145|0|206|96|162|2562|951|1493|704|948|712|97|164|3269|2322|527|460|1271|827|1713|944|197|190|603|989|32|54|418|398|29775|5222|2924|1707|0|206|1754|1330|707|744|347|570|32|41|0|206|40|67|44|71|682|578|680|578|0|206|2|1|0|206|5537|2800|1033|606|1988|2133|1467|984|853|1346|196|325|961|623|961|623|0|206|19671|4608|0|206|5678|2773|108|128|0|206|12299|4352|62|102|246|402|1044|1035|234|238|0|206|1872|746|1693|724|1405|746|288|220|64|120|0|206|0|206|115|192|298572|13740|294950|13822|12757|3550|0|206|81|138|3591|2205|0|206|1803|768|0|206|2856|1894|3168|1551|0|206|0|206|781|783|0|206|477|409|235947|11798|1959|1127|386|306|5204|1878|11152|3140|6629|3404|207848|11623|2271|1438|498|496|0|206|46246|8347|1250|654|228|276|2757|1077|1602|1381|11239|4151|17210|6828|45|75|4549|2766|118|201|7175|2643|73|123|3622|1011|3494|997|128|207
0600000US3604710022|919663|17656|179323|8121|15433|2390|503|371|1855|765|88|102|394|242|12448|2347|7971|1884|4218|1228|259|249|145|174|14615|2606|561|329|765|513|6926|1828|4545|1179|928|456|802|409|88|148|17945|3857|3665|1261|9833|2326|175|147|45|73|4272|2285|0|218|131081|6655|6834|2305|7501|1818|170|204|311|262|162|200|754|575|2830|1196|699|487|2497|2108|2126|819|335|339|11742|2493|1078|526|26495|3501|228|373|48200|5209|19119|3496|249|281|268380|8612|131688|5870|120679|5982|109281|6086|9352|1518|2046|672|4712|1287|6173|1459|124|153|75389|6753|80|123|25201|4708|0|218|7980|2262|1661|758|3670|1320|138|159|13375|3391|50|74|19716|4787|3518|1274|16689|2600|2973|1176|41|68|367|274|0|218|2426|979|5536|1267|375|376|602|379|4369|1429|0|218|43929|6674|1151|957|3063|1160|11224|3254|0|218|6685|1506|181|194|202|185|2995|1213|569|572|3841|1461|3174|1313|158|183|10610|4995|76|92|685|502|40442|6366|1653|855|0|218|142|167|641|565|0|218|0|218|216|354|468|458|186|208|1610|1447|67|112|91|142|210|280|1242|1388|10842|2751|1127|788|6406|2233|2399|1030|299|301|611|478|1326|665|1326|665|0|218|24166|5379|132|159|5096|2385|532|422|504|421|8738|2555|1129|769|39|67|137|231|7859|4185|845|593|5557|1809|4932|1695|4518|1817|414|487|0|218|0|218|0|218|625|598|425961|12179|417687|12017|254674|11742|0|218|12939|2418|2367|1170|2980|1625|55807|6251|12836|3157|49666|5327|56456|6969|7289|3486|11891|3643|35157|4101|3985|1396|3301|1234|75929|6471|2853|1322|1648|739|9850|3267|9207|3272|6960|1950|36914|4957|1270|917|7227|2081|0|218|87084|7326|2315|852|390|468|5116|1753|1171|634|11975|3022|19032|4649|34496|5514|4516|1420|1333|926|5539|2049|1201|943|8274|1597|8274|1597|0|218
0600000US3606144919|468055|17577|88129|7411|20169|3354|491|397|4071|1541|80|131|1701|925|13702|3066|8785|2544|4768|2432|149|248|124|205|22936|4088|2431|1513|832|532|10884|3343|5603|1377|1694|885|1492|582|0|218|15527|3220|3235|1611|8189|2313|896|532|0|218|3027|1316|180|294|29469|5122|693|677|876|749|102|172|361|354|80|96|2156|1106|1272|751|99|165|71|117|56|92|24|40|3105|2146|1823|1061|7895|2804|947|994|5375|2167|4534|2900|28|46|151296|7037|91792|6769|69570|6766|52895|5681|10391|4536|6284|2079|9746|2069|12476|3235|0|218|29958|4155|36|66|3629|2069|0|218|19057|3250|2805|1192|1102|692|0|218|1499|812|119|205|1503|1714|208|231|14656|2463|137|173|38|65|576|393|48|81|1847|922|7060|2103|1288|948|1421|577|2164|1033|77|127|14398|2410|159|69|426|695|222|276|0|218|7466|2046|0|218|154|259|595|367|134|195|286|354|4122|1691|89|121|563|647|182|314|492|665|23834|5733|2704|1430|0|218|443|433|799|1103|0|218|179|207|0|218|416|436|867|532|1315|1354|80|131|337|275|0|218|898|1330|5093|2845|0|218|2417|2171|2091|1979|499|592|86|142|2246|1533|2246|1533|0|218|9075|3463|0|218|397|176|1755|1888|90|151|796|549|1805|1397|0|218|320|307|3912|2449|3401|1968|6120|1796|6120|1796|5119|1506|1001|669|0|218|0|218|0|218|0|218|198676|10974|184145|10453|112788|10459|580|726|973|900|2622|1084|0|218|93970|9752|210|252|3852|1916|4905|1484|0|218|0|218|4641|2461|331|354|704|455|31396|6172|213|286|325|271|7310|4891|1148|797|1626|972|18110|4160|2184|1890|480|626|0|218|39961|5963|2797|1201|89|147|8249|2775|966|758|8907|2883|8043|3236|2421|1098|2638|1314|401|526|4794|2067|656|548|14531|2961|14531|2961|0|218
0600000US3608160323|1090083|15774|108036|6970|10218|2139|173|206|3584|1429|299|311|383|450|5659|1490|2331|804|3128|1247|200|188|120|141|6847|1734|480|378|130|130|1868|814|3951|1342|156|188|262|231|0|218|27228|3559|11861|2482|11651|2287|1033|773|0|218|2683|1045|0|218|62802|5893|6808|2559|628|406|825|555|874|441|2756|1380|1022|650|1366|706|486|378|1885|1300|774|510|2545|2509|15684|3107|4692|1384|8229|2215|3026|1839|5956|1409|5246|1648|941|779|422955|9903|211603|8883|174366|8490|146116|7918|14131|2414|14119|2587|3572|1060|33665|5203|0|218|139134|7272|1623|836|62186|5914|279|281|32191|4355|1637|992|1327|922|11588|3017|16534|4060|894|704|9693|2559|1182|918|54249|5217|3685|1225|926|629|2575|1324|113|188|4206|1480|31378|4197|1010|831|4437|1594|5919|2271|0|218|17122|4095|815|633|460|597|973|907|0|218|2165|818|106|130|312|228|1920|1609|2087|2477|430|389|2894|1256|261|242|2880|1682|1819|1032|847|676|25749|4458|1729|1407|0|218|532|534|197|242|0|218|133|221|0|218|146|239|721|1203|674|669|68|121|0|218|83|137|523|638|9844|2705|957|829|5691|2026|2960|1496|0|218|236|251|934|614|934|614|0|218|11910|2809|0|218|1815|1133|418|368|609|628|6577|2303|641|784|140|174|0|218|1710|849|658|411|919|549|777|424|666|383|111|184|0|218|0|218|0|218|142|223|532424|12472|527941|12269|168020|9270|348|369|2521|1034|3431|1090|746|470|48734|6013|2175|892|28382|4424|52715|5267|1105|622|1581|967|23221|3882|761|628|2300|1466|90572|8355|1007|594|855|691|14536|5010|13717|4385|9134|2267|47679|6031|1570|985|1829|951|245|413|269349|12340|3989|1261|2090|1429|5511|1881|2589|1665|58561|6414|87289|8266|76698|8245|18297|3740|1101|767|10112|3799|3112|1255|4483|1727|4483|1727|0|218
1600000US0644000|1353048|18512|89207|5797|18848|2177|797|442|955|423|219|186|1165|561|15597|2201|8230|1512|6900|1627|467|252|115|141|16906|2196|662|320|1047|571|6315|1269|6655|1294|1359|487|820|401|48|78|9127|1960|2399|1223|4342|1104|556|363|0|221|1830|978|0|221|44031|4210|76|64|2209|745|312|286|940|488|768|554|1034|437|1224|691|1108|680|494|481|1740|947|0|221|2381|1009|3055|917|15790|2243|669|405|9916|2350|2315|712|295|347|434097|14055|124829|7989|49553|5022|35676|4583|5582|1752|8295|1294|10813|1891|63932|5557|531|583|109859|8507|5658|3286|8260|3247|0|221|29062|4414|58213|5975|1364|710|118|196|2656|1577|2604|1430|994|536|930|663|124592|8014|1303|919|1718|925|2607|1080|277|319|1053|477|89516|6861|2229|1442|8638|2115|17148|3328|103|150|74111|6647|38983|5730|1903|1045|2265|1104|2353|833|10663|3126|1893|1160|306|233|6559|1666|2122|1155|2678|964|3657|1269|332|416|0|221|397|428|706|601|21080|3187|5605|1795|379|477|2753|1029|604|720|77|127|47|77|486|395|237|252|1022|793|774|619|402|403|0|221|36|59|336|469|6279|1677|399|313|3870|1447|1163|543|183|298|664|353|2397|849|2397|849|0|221|5914|1810|73|125|495|428|210|347|512|425|3512|1291|383|396|109|134|362|606|258|227|111|127|5638|1296|4575|1186|3382|848|1193|850|842|608|0|221|0|221|221|233|803026|18434|787880|18460|10164|2160|174|293|0|221|4281|1467|336|544|1058|693|0|221|698|495|2389|1032|105|139|56|92|265|303|374|530|428|343|727305|17246|8283|2133|1643|700|163765|11626|116290|10726|19113|3928|403530|13374|13337|3810|599|415|745|709|50411|6263|4618|1107|3010|1363|7716|2058|3445|1666|14737|4635|3463|1134|256|202|8818|2194|229|223|3666|2015|453|440|15146|2503|14386|2267|760|877
1600000US0666000|356326|12958|32653|3787|5937|1423|280|201|425|320|218|205|59|99|4634|1238|2259|837|2270|871|105|127|321|269|6567|1421|482|350|183|211|2043|780|2777|1000|824|440|226|283|32|62|4333|1490|232|207|2324|959|1285|948|0|221|492|338|0|221|15772|3196|356|344|521|370|165|210|689|434|227|218|277|321|1161|913|0|221|0|221|0|221|80|99|1497|829|858|537|5498|1740|368|284|2906|1339|1169|664|44|74|165853|9005|42085|4402|26394|3847|19798|3596|2171|919|4425|1249|5587|1727|10104|2195|0|221|31247|4399|2182|1166|2016|1232|297|291|17333|3378|6112|1368|757|539|357|307|1391|1075|169|175|552|676|81|133|80023|5667|400|389|1855|1110|1341|900|2101|919|678|455|40350|4813|54|86|2331|831|30913|5199|0|221|11382|3264|357|464|861|1296|0|221|2079|1370|1643|933|864|794|197|209|337|273|127|186|1474|1205|2174|1103|778|774|404|657|87|103|1116|1079|14524|3624|5044|2557|0|221|1416|921|1272|1519|1502|856|114|195|401|411|37|61|302|250|799|549|63|94|392|390|344|494|0|221|4352|2023|467|694|1643|936|464|369|1723|1707|55|91|2190|835|2190|835|0|221|2139|1215|0|221|184|222|166|278|0|221|1282|1118|286|347|70|113|0|221|151|153|0|221|3058|1328|1082|569|1036|562|46|76|436|422|567|883|0|221|973|804|140238|9532|133716|9698|2650|1209|0|221|43|71|621|484|0|221|416|393|0|221|26|60|970|609|0|221|0|221|63|108|0|221|511|743|119326|9428|82|97|215|265|2704|1213|4133|1859|452|396|110445|8796|456|356|531|321|308|493|11740|2181|1278|615|719|561|5531|1967|420|342|1835|672|427|290|153|251|703|425|0|221|644|450|30|51|6522|1359|6400|1340|122|198
1600000US1714000|560390|16321|81855|7722|8789|2369|412|456|1758|755|0|206|1470|1858|5100|1394|3177|1164|1923|836|0|206|49|81|8492|2465|467|321|319|254|1773|872|4225|1202|494|377|1214|1312|0|206|6054|1460|2022|840|2613|1122|73|120|0|206|1346|616|0|206|57542|6541|852|530|836|720|1761|1197|2410|1283|857|675|1301|821|512|689|151|162|1111|690|46|75|894|636|25785|4034|4335|2023|6046|3284|480|336|8781|2862|1384|883|978|1021|148316|9368|49704|5866|41371|5516|36101|5512|2817|1081|2453|917|1473|722|6662|1873|198|199|43567|7445|2154|2217|600|587|0|206|30400|6655|2104|1061|997|1292|581|482|3760|1703|367|449|655|642|1949|1407|41732|5900|4943|3760|69|118|528|372|185|280|1530|847|26355|3726|504|299|3203|1723|4415|1319|0|206|12895|3320|87|145|0|206|96|162|2562|951|1493|704|948|712|97|164|3269|2322|527|460|1271|827|1713|944|197|190|603|989|32|54|418|398|29775|5222|2924|1707|0|206|1754|1330|707|744|347|570|32|41|0|206|40|67|44|71|682|578|680|578|0|206|2|1|0|206|5537|2800|1033|606|1988|2133|1467|984|853|1346|196|325|961|623|961|623|0|206|19671|4608|0|206|5678|2773|108|128|0|206|12299|4352|62|102|246|402|1044|1035|234|238|0|206|1872|746|1693|724|1405|746|288|220|64|120|0|206|0|206|115|192|298572|13740|294950|13822|12757|3550|0|206|81|138|3591|2205|0|206|1803|768|0|206|2856|1894|3168|1551|0|206|0|206|781|783|0|206|477|409|235947|11798|1959|1127|386|306|5204|1878|11152|3140|6629|3404|207848|11623|2271|1438|498|496|0|206|46246|8347|1250|654|228|276|2757|1077|1602|1381|11239|4151|17210|6828|45|75|4549|2766|118|201|7175|2643|73|123|3622|1011|3494|997|128|207
1600000US3651000|3093845|28389|427758|16070|49571|5182|1167|633|11535|2540|542|387|2478|1089|33460|4594|20151|3597|12701|3020|608|394|389|309|46893|5275|3918|1623|1851|812|20785|3866|14886|2513|2809|1029|2556|761|88|148|70713|7862|20139|3419|36975|4203|2186|980|45|73|11233|3378|180|294|259065|13572|22383|4944|9890|2187|1502|773|1546|643|2998|1430|4160|1389|5727|1532|1393|653|4453|2410|3679|1041|4518|2842|32743|5127|8115|1720|48149|5577|4239|2064|68093|6632|35477|5142|1516|940|935387|14726|470683|12113|397249|12917|336168|11793|38294|5296|22787|3531|18421|2823|54889|6951|124|153|278770|11188|2309|1087|110793|8490|279|281|64154|6385|6827|1818|6473|1785|12578|3073|34212|5121|3152|1140|32914|5458|5079|1611|99548|5762|7007|1557|1707|892|4063|1566|161|208|9112|2004|51927|5251|2673|1346|6576|1764|16245|2611|77|127|83061|8433|2252|1203|4168|1645|12811|3364|346|427|17505|3097|583|346|734|410|6043|2035|2982|2605|4856|1593|10680|2451|508|356|17442|5189|2151|1115|3325|1432|166430|12989|7155|2370|0|218|1330|769|1975|1358|0|218|488|388|216|354|1030|640|2116|1424|5455|2467|505|480|630|434|447|387|3873|2523|36005|5339|2506|1335|22678|5196|9020|2854|798|635|1003|601|4603|1966|4603|1966|0|218|103472|10528|132|159|36295|7694|3484|2237|2970|1373|23836|4012|6271|2400|2303|1409|5365|2415|22816|6237|9740|3007|12704|2509|11937|2427|10346|2346|1591|859|0|218|0|218|0|218|767|711|1551566|19691|1522666|19388|798729|19309|1374|940|18274|3352|9832|1968|6874|2060|389779|17382|16482|3567|84120|6909|162490|11034|9408|3589|14263|4043|69332|6948|6386|2156|10115|2267|269157|14625|5393|1820|3301|1012|33817|8370|31063|5814|29314|4467|148405|11823|6766|2454|10853|2379|245|413|454780|16809|9474|2193|2865|1511|20443|4014|5749|2134|86318|8643|136828|10769|129004|10701|30149|4560|2895|1360|25179|5277|5876|1731|28900|3938|28900|3938|0|218
1600000US4835000|676165|20593|25870|3452|7723|1774|1017|1271|536|417|365|366|312|438|5123|1338|3179|1018|1454|749|490|472|370|300|6298|1928|400|452|394|552|3137|1590|1788|708|500|383|79|95|0|236|3734|1439|482|375|1071|671|120|195|0|236|2061|1404|0|236|8035|2070|249|294|225|223|420|391|499|380|0|236|506|521|42|71|0|236|329|250|0|236|0|236|576|412|672|344|2237|1434|196|239|1895|831|189|188|80|90|126953|9387|28841|4202|21858|3606|16335|3171|1936|829|3587|1167|2142|1000|4841|1741|0|236|40464|6758|5878|2904|1282|860|0|236|19369|4591|5851|1820|571|558|1148|779|5541|2476|372|276|175|176|277|432|43797|6160|1151|1381|373|304|980|670|82|94|1274|1082|11612|2952|898|958|2287|1300|25140|4324|0|236|13729|3360|0|236|440|516|76|133|2914|1524|1278|1314|322|217|281|310|2184|914|1191|849|970|666|3086|2057|832|580|0|236|155|153|122|118|52031|7427|11174|4053|2218|1487|3968|2611|3249|2695|422|496|758|1028|173|218|0|236|386|433|4498|1783|2872|1617|511|443|439|523|676|702|3614|1620|645|848|1753|1083|655|615|63|107|498|625|650|393|594|391|56|97|29975|5110|0|236|1616|974|1010|905|701|654|22474|4110|66|110|976|909|633|737|2499|1983|2120|1203|1904|884|966|526|966|526|0|236|11|21|0|236|281|372|646|763|469407|15738|465431|15793|35579|5509|0|236|301|363|26525|5150|422|530|1385|1058|64|110|767|653|1934|1063|859|818|52|17|1848|779|388|646|1034|995|379371|14702|301|330|1055|678|59880|8112|33453|5895|63323|7892|214631|12023|6113|2981|362|367|253|295|50481|7556|1825|793|76|125|3190|1402|759|423|16817|4597|1854|970|324|421|4888|2281|153|267|20345|5178|250|262|3976|1195|3911|1189|65|110
310M700US12060|995045|22082|74236|5772|18108|2477|709|571|1515|709|164|184|591|434|14602|2184|7860|1862|5347|1272|1395|657|527|380|17671|2770|311|243|849|442|2720|975|10348|2030|3241|1487|202|166|0|226|4682|1280|628|481|1531|636|533|303|74|124|1959|899|31|52|33300|4615|295|413|904|535|5401|2567|3273|1533|315|231|580|444|627|509|742|608|716|523|235|203|0|226|2555|1213|3692|1565|7050|2129|744|476|4696|1886|1475|604|475|359|317701|7283|83933|5024|41560|4439|34049|4177|1659|671|5852|1268|5495|1566|36878|3903|0|226|139640|6348|7169|2913|10697|2844|1729|1504|100841|6194|7442|1604|517|390|921|658|9080|2772|807|616|390|285|47|79|72633|5362|4651|1873|1462|748|1339|908|3245|1264|2892|1559|12394|2509|475|333|3686|1465|42489|3844|0|226|19843|4271|204|201|60|98|324|284|4102|2137|2885|1498|522|422|810|729|1107|661|2001|1043|1429|1385|5355|2140|725|422|0|226|319|211|1652|895|133392|10859|44371|6919|4554|2698|18218|4504|11595|2875|2206|1855|1779|1196|1144|919|711|588|4164|2693|7082|3370|2432|2220|738|615|2979|2196|933|919|7851|2624|842|749|3557|1737|2388|1594|694|700|370|334|5769|1758|5461|1669|308|365|65287|8012|310|360|13098|3162|660|490|4316|1984|36042|6351|1497|1115|1154|877|3465|2014|4745|1826|3032|1742|2723|1378|2038|1061|1614|1007|424|382|52|91|0|226|566|718|67|112|466993|14378|454615|13999|107961|8189|2720|1107|2384|1187|11028|2605|1115|903|12526|2910|692|484|15330|3930|45942|5733|688|816|1120|605|10621|3092|608|620|3187|1334|244805|10047|305|296|2399|1420|29745|4707|32809|5827|19834|4196|149074|9141|6759|2627|3880|1565|0|226|101849|8747|2548|1014|678|490|21509|4963|1820|794|28735|4200|5131|1823|10418|2872|6838|1836|2667|1592|20680|4357|825|570|12378|1786|11842|1735|536|402
310M700US12420|394659|16697|33277|4184|9953|2007|59|96|735|517|188|170|580|658|8391|1918|3132|1324|4455|1509|804|496|0|236|8535|1919|342|200|166|140|1721|718|5038|1419|1138|983|130|156|0|236|1455|684|259|275|185|138|108|176|0|236|903|647|0|236|13294|2698|354|572|398|616|1146|1276|580|580|240|280|464|386|496|444|0|236|406|403|120|142|480|578|1264|959|523|412|2174|995|420|418|3681|1492|548|504|40|66|141374|5591|32834|3144|23181|2972|15644|2396|1791|1051|5746|1527|2312|706|7200|1543|141|242|75329|5705|1947|1665|3681|2132|0|236|51307|4648|4021|1551|1785|1624|4419|1900|7478|2554|507|390|139|210|45|80|23750|3297|287|320|223|279|675|456|555|506|1096|724|7509|1736|459|502|688|623|12258|2763|0|236|9412|2220|247|368|40|65|79|132|1744|1141|1609|960|729|458|237|238|1919|1012|692|630|159|204|952|568|741|662|0|236|264|300|49|83|19579|5212|5530|2543|452|521|3226|1970|852|551|0|236|437|384|8|3|330|568|225|293|875|911|0|236|0|236|645|815|230|399|3929|2486|2343|2084|200|187|395|367|872|1190|119|194|1792|1065|1792|1065|0|236|7132|3291|0|236|223|214|0|236|237|254|5693|3143|234|214|0|236|393|558|352|354|321|471|1065|525|500|306|465|303|35|58|145|201|0|236|204|312|216|267|199364|13327|192793|13208|16705|3980|0|236|0|236|10933|3568|0|236|1859|961|0|236|409|480|1176|1043|0|236|52|8|2095|1689|0|236|181|318|156743|13268|0|236|218|290|10071|3527|5995|4068|14196|4429|122267|12234|3566|1865|430|447|0|236|19345|4207|757|442|295|509|4891|2388|379|481|3663|1564|718|578|0|236|2314|1233|307|384|5974|2441|47|80|6571|1439|6571|1439|0|236
310M700US12580|345485|13525|30175|3478|7421|1367|110|108|748|384|0|225|321|275|5931|1390|3097|1286|2696|667|138|115|311|289|6810|1343|76|89|101|128|1121|479|4451|1245|444|272|297|260|320|542|3803|1379|1259|746|1604|715|229|285|0|225|711|568|0|225|11686|2270|280|284|421|320|36|60|656|570|130|159|317|261|763|423|92|156|88|109|269|259|0|225|897|521|631|375|2891|1066|454|413|2604|1061|1157|680|455|391|130399|5176|36598|3248|19450|2131|15938|2085|1037|643|2475|1247|1448|722|15168|2543|532|617|55162|5668|714|642|3011|1553|150|184|24354|4096|4929|1845|235|386|7958|3460|12537|3140|857|603|245|312|172|259|27162|4935|4925|2940|95|115|131|152|38|66|731|609|13600|3143|246|233|464|265|6932|2710|0|225|11414|3259|0|225|0|225|283|414|1954|1438|1145|973|1467|977|192|234|391|329|1727|1288|1034|1048|1476|781|120|197|1208|1347|417|335|63|103|63014|7702|7865|2697|590|581|2951|1303|2118|1594|0|225|142|157|1622|1270|24|41|418|273|8685|2748|6656|2563|417|424|879|762|733|834|3940|1484|296|357|1547|824|1260|721|777|875|60|109|1885|991|1794|977|91|113|38166|6027|0|225|4023|2162|464|449|2532|1534|27397|4451|107|162|739|531|1705|2169|1199|625|2473|1626|813|498|667|485|331|307|336|362|0|225|0|225|67|117|79|138|121084|7925|116336|7990|24353|3898|221|228|1827|1279|1190|712|722|706|675|414|157|161|1521|1122|10519|2304|489|563|318|524|6246|2951|0|225|468|548|67416|7848|164|194|432|336|27871|4902|11602|4251|12882|3908|12430|3464|1418|1390|617|428|0|225|24567|4402|1471|1015|1636|1471|3171|1417|1201|880|5145|3081|2190|1733|2504|1418|3096|1123|371|587|2996|1901|786|714|4748|1243|4689|1227|59|99
310M700US14460|980579|20361|145559|7889|31273|2866|262|201|8785|1415|274|186|1482|601|19464|2618|11232|2328|7225|1421|1007|566|1006|503|20011|2960|301|184|1287|691|6233|1440|9420|1962|1368|718|1402|627|0|210|36290|4436|6739|1973|13431|2424|12604|2839|2122|882|3516|1305|0|210|57730|6019|10495|2599|1440|823|1488|828|2891|1426|597|453|983|499|1485|784|421|367|729|452|833|1000|777|1045|5986|1497|3162|1288|13809|2582|606|331|7250|2146|4778|1563|255|294|310906|7194|129044|6074|105837|5943|87828|5181|10019|2052|7990|1723|6725|1644|16396|3036|86|115|89822|7431|1126|837|3047|1347|0|210|67390|7063|6208|1290|993|782|5079|2077|2892|1244|1229|671|1506|925|352|424|63601|5437|874|661|14798|3000|2512|867|2984|1548|1433|678|9592|2401|927|344|4120|1164|26361|3621|0|210|27768|4470|1049|543|586|462|683|521|2001|1203|3781|1605|841|603|735|780|7015|2232|1115|662|1967|917|7067|2152|250|253|38|64|640|422|671|515|83887|7112|24589|4325|476|518|7255|2095|5797|2077|357|304|1284|1036|7413|2974|781|568|1226|744|4751|1879|2098|1173|666|590|1677|1364|310|333|14349|3035|1102|939|4474|1166|7547|2410|527|360|699|456|2531|1005|2441|989|90|139|36561|5896|16830|3448|4731|1699|882|990|2131|1189|7385|2458|1042|722|3011|2390|0|210|549|364|1106|580|3534|1111|3210|1056|2780|1012|430|243|0|210|0|210|0|210|324|441|436693|15243|414443|14512|166786|10488|419|303|2934|1031|3595|1536|554|429|85720|8020|0|210|52108|5929|12002|2570|312|372|218|227|6514|2802|523|743|1887|937|89231|9011|1306|1283|2304|1765|33048|5970|25479|5114|12555|4191|8360|1807|2803|1807|879|724|2497|2005|158426|13179|3613|1345|1973|1199|91919|11243|5338|1793|27587|5201|9662|3470|1616|1221|8556|2791|379|442|7783|2206|0|210|22250|2661|22005|2609|245|239
310M700US16740|329321|11408|38136|5317|7784|1759|196|229|277|209|0|210|192|165|6800|1724|2882|1028|3347|1333|571|580|319|364|7154|1628|227|195|91|109|1025|589|4330|1283|1131|666|249|215|101|140|5450|1542|1408|614|2245|1031|819|656|65|106|978|721|0|210|17457|4104|712|743|248|242|1453|1551|130|114|191|302|351|384|177|158|354|352|0|210|1855|1087|68|116|1389|562|1743|1032|3422|1841|181|243|3954|1760|1229|805|291|326|91299|5566|11117|2272|7638|1793|6084|1636|635|418|919|673|1015|443|2464|1119|0|210|52963|5804|1843|2498|1008|739|137|224|44165|4813|827|451|1022|769|2204|1206|1510|714|0|210|163|143|84|99|22444|2986|1947|1208|1736|1028|516|384|1970|807|258|272|4919|1554|169|168|791|561|10138|2400|0|210|4487|1305|88|157|44|73|69|114|332|452|721|632|596|501|281|199|183|190|432|457|56|93|849|808|670|561|0|210|166|197|288|252|29901|5979|8452|4350|899|831|2519|1328|382|300|3425|3964|550|560|370|357|35|62|272|346|3223|1931|1026|1012|0|210|1711|1433|486|770|2326|1103|124|155|1147|721|655|718|173|286|227|284|2675|1295|2643|1290|32|54|8891|2682|0|210|2070|1446|0|210|2585|1602|1952|935|372|379|642|764|544|573|726|718|4334|2250|1009|436|877|428|706|358|171|225|41|72|0|210|28|65|63|105|168976|7355|163213|7165|21435|4778|197|206|258|321|3727|1408|0|210|8991|3523|0|210|955|647|5281|2272|0|210|0|210|1421|790|107|167|498|539|109276|6580|0|210|2510|1057|16118|2759|7263|2864|26686|4678|51484|5695|4107|1649|1108|653|0|210|32502|5095|1813|874|181|183|5208|2004|646|541|12111|3205|2651|1170|647|493|2994|1221|292|313|5959|2429|0|210|5763|1302|5552|1295|211|201
310M700US16980|1748189|26434|350305|15586|28415|3959|839|579|6925|1902|346|385|2195|1916|17578|2853|8381|1942|8057|1881|1140|691|532|334|25746|3536|1424|568|1016|640|4362|1110|15487|2303|1824|729|1633|1346|0|210|29749|3432|9699|2104|15704|2234|692|685|0|210|3610|1187|44|74|264684|14625|6811|2103|6258|2196|6850|2218|14492|3254|2772|1043|3874|1221|2050|1084|862|374|10385|3174|4380|1530|4846|1271|117647|8717|14022|2899|17091|4377|6342|1978|38646|6590|7356|1580|1711|1117|522701|10233|121645|7020|78516|6046|65549|6236|5257|1429|7710|1562|6717|1832|32311|4082|4101|1640|214511|11210|3737|3286|2452|1376|98|157|156683|10432|7193|1788|2609|1640|2244|1158|31827|4927|1415|1149|2046|1070|4207|1879|126772|7424|6649|3935|2150|755|2119|937|1950|993|2641|1110|87035|5706|1199|514|5984|2079|16923|3135|122|146|53322|5805|646|620|640|472|697|464|11728|2221|5027|1322|10019|3013|1447|754|5630|2721|2822|1306|5950|1898|5194|1635|695|369|1928|1622|899|701|6451|2158|70616|7999|8940|2764|412|509|3119|1785|1944|979|347|570|473|285|1094|1260|477|518|1074|751|3397|1539|2594|1374|0|210|211|273|592|669|13894|3368|2299|776|4410|2428|4000|1907|2051|1626|1134|794|4044|1921|3955|1912|89|117|38732|6638|34|60|11115|3881|765|776|0|210|24926|5737|62|102|246|402|1095|1041|489|419|1609|1522|5693|1435|5138|1348|3701|1235|1437|691|396|501|0|210|0|210|159|207|798874|17137|784327|16415|27896|4701|97|168|161|191|7914|2469|90|154|4015|1756|619|876|4444|2171|8269|2027|0|210|143|195|1526|970|0|210|618|462|660155|16583|5947|2168|712|384|10527|2566|23249|4044|22309|6037|590539|15896|5126|2172|1746|1004|0|210|96276|9269|6168|2406|1594|1346|6049|1502|4396|2000|24057|4595|22690|7073|216|162|8833|3271|244|267|21079|5640|950|751|14547|2602|14406|2570|141|208
310M700US18140|217458|10547|14510|2380|3086|1184|81|100|128|157|0|208|174|285|2703|1111|1127|682|1517|738|59|86|0|208|2948|836|169|209|95|149|437|300|1865|676|340|237|42|69|0|208|1451|592|350|321|553|390|310|300|0|208|238|240|0|208|6995|1797|473|541|665|710|73|131|218|193|177|263|0|208|201|185|70|117|0|208|39|65|481|342|237|221|414|333|1135|641|0|208|2541|1457|271|187|30|54|90667|4986|19264|2901|10961|2298|9138|2213|764|531|1059|592|3640|1354|4245|1383|418|575|48719|5263|1094|933|3565|1939|7921|2035|24396|3742|2752|1248|91|155|6087|2154|2137|1196|287|367|225|259|164|183|12324|2905|814|653|1525|1065|122|150|659|528|463|323|4145|2180|122|144|1093|633|3381|1442|0|208|9724|2864|0|208|0|208|48|72|3083|1626|356|346|1625|1205|330|393|535|314|828|868|453|573|1269|926|175|210|855|839|167|190|636|565|56957|7997|22261|4651|1420|1022|3712|1736|1349|810|14007|3878|935|1422|462|571|228|294|148|174|2853|1524|1888|1271|399|565|445|554|121|205|6513|2958|3795|2748|902|691|1403|1166|205|227|208|250|497|356|497|356|0|208|22503|5288|0|208|8491|2699|0|208|1661|1159|3583|1842|3214|2651|813|676|497|483|4244|2184|2330|2019|631|567|566|558|424|466|142|174|0|208|0|208|0|208|65|81|54693|4731|51924|4726|10512|2779|59|100|0|208|746|526|0|208|2950|1636|281|390|3567|2219|2346|1235|0|208|0|208|563|582|0|208|0|208|29828|3656|1094|1061|404|572|3514|1618|1737|966|2897|1340|19773|2799|103|174|306|312|0|208|11584|2553|405|380|250|310|3178|1572|326|321|1519|1249|219|154|204|215|402|348|0|208|5049|2117|32|57|2769|789|2678|787|91|73
310M700US19100|1620718|31201|65330|5545|14200|2079|437|388|1186|512|681|577|647|445|11106|1867|4103|1310|5969|1290|1034|612|143|149|14848|2453|545|512|254|204|3643|1507|8380|1503|1365|736|572|453|89|105|5448|1741|660|437|1753|693|470|411|0|236|2565|1541|0|236|30834|5002|1115|1007|842|649|2393|1021|754|453|2843|2724|956|609|1235|809|216|162|796|760|360|367|335|553|1192|643|3603|1648|6413|2167|1528|1883|5454|2061|799|397|0|236|523923|10773|79143|5677|48382|5072|36047|4198|3308|1141|9027|1887|6366|1742|24229|3215|166|261|287329|12352|6955|3087|11725|3380|2273|1996|199041|9953|19213|4777|658|566|19105|4041|25072|4599|1389|660|885|563|1013|1029|121686|9097|6006|2741|4271|1497|1010|507|4851|1922|2845|1142|31949|4250|699|461|4102|1134|65953|7504|0|236|34754|5040|208|264|140|170|0|236|8676|3482|1294|577|4038|1742|2460|1318|3811|1443|3955|2082|2667|1608|3762|1280|2490|1556|52|90|1201|666|1011|526|145730|12831|47305|7689|6278|3305|17352|4439|12720|4037|941|840|1652|763|2725|1519|2189|1257|3448|1862|14027|4258|5274|2399|3180|2435|5389|2543|184|194|12660|3452|321|345|7182|2430|1092|609|3530|2018|535|457|3923|1250|3598|1099|325|407|62426|9813|0|236|14248|5945|698|472|2367|1211|40137|6725|193|255|816|627|194|322|3773|2074|5389|2459|9338|5576|3191|1246|2532|1182|659|477|192|216|0|236|957|888|4998|5608|876397|22031|859739|22119|32153|5923|472|634|213|268|17272|5079|537|478|4059|1628|0|236|2084|1216|5862|2087|0|236|0|236|992|603|243|311|419|353|733164|19219|535|343|3112|1300|63360|8648|26149|6055|50466|8220|576470|19592|10324|3220|2431|967|317|362|94422|11391|5053|1672|2579|1496|13704|4321|1327|826|18428|4740|4990|2493|1370|807|11962|3090|415|281|34311|7279|283|327|16658|2646|16532|2672|126|210
310M700US19740|371233|13708|42390|4569|11527|2214|392|373|665|318|111|133|801|334|9344|2094|4295|1353|4715|1486|334|251|214|211|9247|1918|182|154|243|293|1364|670|6521|1671|747|435|190|228|0|220|1117|561|42|71|459|306|143|189|0|220|473|417|0|220|20499|3557|62|102|2020|1423|207|228|797|597|117|147|914|492|1068|773|131|149|189|201|310|301|57|92|2610|1080|979|575|4730|1279|0|220|5101|1977|1207|982|0|220|90667|4980|24101|3234|11058|2068|9520|2095|303|201|1235|540|2243|765|8728|1885|2072|1858|31636|4361|3858|1902|837|973|306|392|18225|3905|1467|664|890|727|3025|1702|1258|738|502|499|250|272|1018|1013|30269|4098|982|1137|1258|964|1524|1050|737|614|603|543|8343|2055|405|364|2748|1164|13669|3542|0|220|4362|1133|0|220|40|66|93|110|665|470|605|400|347|278|299|274|816|641|284|243|467|370|559|433|141|195|0|220|46|73|299|394|31879|4766|14127|2823|1461|1228|10371|2626|344|309|778|550|0|220|0|220|123|144|1050|780|1351|1111|245|389|613|897|323|432|170|286|5567|2075|863|898|461|380|1116|782|270|428|2857|1716|2201|1017|2142|1006|59|99|8633|3568|0|220|1842|1204|955|1430|1140|1009|2061|1363|120|161|1760|2294|755|713|0|220|0|220|3258|1444|1438|615|1085|576|353|256|0|220|21|41|733|562|1066|1142|203039|11366|194082|11269|6557|2424|110|132|485|468|2214|920|0|220|876|670|0|220|65|132|2619|2076|0|220|0|220|188|221|0|220|0|220|153769|9549|506|562|1466|855|4641|1699|3970|2113|2208|1311|137471|9297|2686|2240|821|611|0|220|33756|5920|935|435|1045|1167|3387|1917|2695|1305|9341|3500|323|268|110|182|6010|2325|45|77|9211|3028|654|480|8957|1626|8957|1626|0|220
310M700US19820|476525|15732|84967|6872|7482|1188|189|185|513|343|44|73|0|184|6690|1122|2689|805|3289|870|712|332|46|80|12523|1810|401|321|116|149|2213|904|9085|1444|612|377|96|124|0|184|9559|1636|1282|570|6677|1407|67|71|0|184|571|350|962|473|55344|5937|9601|2660|813|634|2140|1045|2458|2054|243|198|877|469|112|142|233|199|302|289|397|310|2739|979|7784|1944|8663|2054|3221|988|560|351|7071|3186|8130|2270|59|93|280317|11357|35731|4209|18390|2590|14444|2354|1388|960|2558|804|6667|1928|10608|2867|66|113|98754|5942|488|667|23902|4649|0|184|62182|5455|2841|1364|0|184|1099|1522|7151|2022|820|559|177|178|94|123|22178|3344|0|184|572|460|222|165|883|527|907|1113|12931|2513|295|328|1039|605|5329|1618|0|184|122283|9330|199|242|463|410|88|145|51864|6045|670|370|3031|1151|637|457|24433|3783|2201|1641|11019|6882|805|648|676|717|25735|4486|462|367|1371|762|20545|4011|2586|1263|91|160|384|299|1214|979|55|91|491|675|0|184|118|211|233|193|2266|1255|705|503|503|592|910|792|148|245|5757|1798|626|487|2681|1284|889|507|823|821|738|625|1071|583|993|550|78|139|8160|2444|0|184|1299|885|399|652|730|698|4520|1993|300|363|678|547|0|184|234|316|705|893|1251|754|1083|698|904|638|179|185|0|184|0|184|168|285|0|184|89445|5229|65516|4838|5655|2056|214|342|0|184|1246|605|0|184|555|399|34|57|825|552|2750|1856|0|184|0|184|0|184|31|53|0|184|49341|4417|79|99|151|144|1831|920|4061|2151|1811|905|40929|3951|42|76|323|275|114|189|10520|2660|1010|501|118|133|3946|1081|182|236|1187|515|184|157|0|184|368|316|40|67|3426|2304|59|105|23929|3561|23929|3561|0|184
310M700US26420|1862626|31935|78815|6903|22176|3238|1382|1314|1030|507|1043|661|1054|726|17143|2828|10570|2666|4321|1234|2252|1282|524|336|17472|3314|776|511|583|577|5482|1814|7489|1574|2796|1924|297|267|49|85|11111|2554|2053|935|2515|1032|603|550|64|110|5940|2175|0|236|27663|5055|378|335|285|243|863|714|543|384|322|362|1930|899|370|241|199|335|472|310|128|215|0|236|2130|722|2961|1366|6035|2418|1364|930|8030|3081|1653|881|393|523|480581|11936|95335|8617|75125|7613|58563|7095|5464|2106|11098|1914|4132|1361|15968|2971|110|169|176070|11154|10950|5365|4772|1711|26|43|104357|8030|11905|2461|1389|1019|4987|2023|34816|6533|1520|1121|383|377|965|855|171144|10455|2568|1763|3021|1373|2382|1029|1531|1052|2838|1670|50042|6059|1791|1142|5503|1603|101468|10237|0|236|37135|6180|0|236|1206|788|76|133|6803|3422|1809|1397|2935|1604|2248|1336|7150|1990|2174|1013|2942|1780|6662|2869|2173|812|104|178|853|770|897|737|123469|13020|24296|5846|2667|1538|8143|3694|8121|3745|1062|1168|1308|1164|398|314|1206|903|1391|999|10092|4631|4069|1811|3589|3952|1201|923|1233|1020|10347|3178|1073|948|5819|2423|2500|1650|386|348|569|639|5204|1619|4332|1486|872|1008|69530|8736|0|236|5361|2537|1120|928|1195|861|56618|7614|333|296|1242|955|633|737|3028|2055|4000|1933|3983|1396|2762|1322|2311|1246|451|275|294|298|0|236|281|372|646|763|1175778|25647|1156158|23764|91470|11931|118|151|301|363|54900|8467|1083|893|6572|2779|1585|1875|2293|1222|10336|3506|1841|1039|174|161|8477|2340|1312|1145|2478|1556|907671|21333|1292|812|2390|1036|129500|10373|50106|6733|111736|12124|594917|16035|15290|5043|2187|992|253|295|157017|13815|8691|3239|981|775|13549|3713|2622|1191|41322|6554|6763|2940|2187|1211|13906|4473|900|734|65195|9917|901|568|19620|5683|19555|5685|65|110
310M700US29820|517014|13090|38023|4805|8449|1852|0|232|623|370|77|129|359|462|7345|1726|2342|896|4063|1315|940|572|45|73|9136|1972|434|454|483|580|1918|1026|5137|1494|972|567|153|148|39|65|2741|1177|270|243|1690|1008|215|313|0|232|534|435|32|53|17697|3221|1463|1259|0|232|886|597|1563|699|349|297|756|401|927|556|0|232|582|531|242|401|188|310|2256|950|1523|934|2942|1071|472|380|1883|963|1665|1508|0|232|172205|7260|41636|4187|23205|3080|16868|2795|2134|680|4203|1133|4582|1625|13849|2772|0|232|16660|3556|557|475|430|521|0|232|6844|2310|3810|1502|125|151|175|167|3161|2635|1492|1131|66|82|0|232|105929|7283|552|749|2129|1797|2829|1185|1202|593|793|476|82827|7193|328|260|4940|1997|10329|3450|0|232|7612|1847|925|706|59|99|287|383|261|316|2416|1187|623|360|0|232|655|380|85|138|271|306|1335|882|0|232|0|232|695|759|368|519|19612|3610|12074|3481|901|643|8099|2850|930|639|1405|1637|193|240|0|232|506|680|40|68|0|232|0|232|0|232|0|232|0|232|2381|1101|296|255|751|627|1124|798|155|258|55|88|1328|1164|1328|1164|0|232|2194|1187|0|232|499|412|67|115|140|227|1085|843|194|271|0|232|0|232|209|342|1635|1281|3881|1283|2129|1046|1720|818|409|400|161|160|0|232|0|232|1591|962|283293|10677|273543|10260|31984|5574|84|100|291|243|25435|5446|57|96|2090|1032|0|232|311|381|1905|949|44|74|0|232|1258|639|265|415|244|281|217411|9441|1473|1277|617|318|28964|5890|9493|2120|2721|1347|168274|8817|4352|2216|1163|586|354|415|24148|4362|2765|1025|84|139|4177|1726|1119|558|5968|2239|779|631|89|110|5987|2309|379|621|2620|2111|181|224|9750|2594|9699|2596|51|81
310M700US31080|4207484|36723|221195|10045|50254|3612|2008|845|3095|894|1301|616|2968|855|40094|3570|18101|2230|19501|2774|2492|747|788|458|46700|4502|2388|1105|1928|742|14733|2877|21086|2794|4983|1217|1324|515|258|211|21336|3124|5565|1875|9224|1655|2167|829|122|204|4380|1405|0|221|102349|8025|76|64|3687|1094|1302|749|2600|1183|1740|856|4576|1210|2841|863|1895|965|1333|760|2214|1026|170|194|7292|1805|9022|2037|36395|5147|1881|902|20752|3550|4573|1374|556|443|1690701|19146|621695|17012|369444|13051|248818|11630|35788|3700|84838|6102|45924|4935|202040|12505|4287|2994|279843|12907|9887|3859|13652|4021|0|221|94767|8144|131947|9569|2702|1277|3337|1532|12180|3609|7147|2447|2682|1377|1542|759|611171|17441|9910|2021|25286|3562|12800|2212|4223|1396|6946|1790|273619|12451|5228|1699|24056|3433|248976|11952|127|157|172866|10219|82127|7680|3417|1467|3591|1872|9364|2418|15450|3371|6022|1751|3025|2036|22120|3504|4411|2256|12345|2941|9113|2233|867|542|0|221|1014|605|5126|2172|74083|8993|13740|3074|1195|929|6273|2209|1501|909|487|483|321|276|1331|925|661|388|1971|961|2368|1211|1931|1114|0|221|101|99|336|469|32480|7215|1148|732|21907|4652|4924|3165|2421|3279|2080|1150|5402|1363|5402|1363|0|221|19304|4740|73|125|1899|895|495|537|661|490|13796|4372|777|515|480|300|691|738|432|316|789|555|21017|2991|11312|2051|8123|1616|3189|1151|4419|1782|0|221|55|89|5231|1836|2200488|28043|2156090|27321|33415|4142|174|293|628|424|15981|2452|336|544|4317|2058|492|752|1894|993|6125|1670|172|179|189|185|1441|583|684|636|982|545|1969688|27193|12747|2948|6415|1659|287042|15167|191904|13256|45152|6463|1390272|23998|30964|4812|3930|1709|1262|883|152987|10929|13797|2262|8857|2860|21053|3644|8172|2406|36310|6940|14389|2880|1765|1048|37446|4985|462|301|9252|2836|1484|768|44398|4556|43609|4445|789|856
310M700US33100|2639783|25358|150719|9588|25054|4349|571|380|3687|1675|266|261|1764|1028|17337|3102|7920|2211|8503|2035|914|388|1429|536|29069|3477|1549|693|1785|904|9376|2081|11361|2105|2381|793|2617|1184|0|243|32330|4256|2277|865|13402|2747|2755|1250|0|243|13896|3276|0|243|64005|5967|872|815|1691|803|117|193|2406|1342|911|499|3309|1694|3769|1255|254|240|600|455|2005|1193|607|469|6988|1703|6729|1936|16960|3333|1142|720|10733|2809|4912|1726|261|220|137158|8185|26291|3903|21396|3592|16120|3490|2876|1187|2400|876|1541|639|3354|1481|0|243|45517|5259|55|97|3072|1686|0|243|23880|3806|4011|2229|940|579|767|529|8779|2792|1053|841|1860|1363|1100|1138|33842|4976|2052|1234|353|331|970|694|1413|1239|944|729|14872|3231|203|205|3048|1802|9935|2518|52|89|29607|4303|109|176|412|424|596|568|1291|842|13812|2620|1012|739|734|729|3559|1359|281|225|2590|1329|4423|1423|399|368|0|243|389|348|1901|1148|27637|6142|4249|1458|381|420|907|659|1160|676|0|243|681|737|233|201|281|309|606|340|1030|740|280|352|269|429|250|400|231|197|7243|1756|474|316|3748|1206|2415|1255|56|88|550|373|5988|2035|5988|2035|0|243|6660|4884|0|243|546|461|66|115|732|622|4742|4835|106|130|57|96|0|243|411|504|2467|1554|2082|810|1684|736|1596|728|88|108|0|243|0|243|0|243|398|277|2322187|25666|2287340|25297|1240783|22602|13524|2891|3478|1678|766644|16666|1289|1040|64851|6465|1676|1199|219860|14363|139151|9478|2056|1381|1829|1090|19806|3415|1500|1024|5119|1851|353217|18956|1462|672|8823|2234|32935|5724|56600|8209|67844|7390|66113|7787|109197|11144|10214|1814|29|48|693340|20998|51979|5135|5259|1593|82119|8198|17420|3815|205157|12129|29248|4459|14412|3519|68712|8875|10191|2832|204328|13599|4515|1768|34847|4237|34763|4252|84|142
310M700US33460|395223|11761|34245|3480|7215|1375|209|213|649|370|498|298|690|395|4776|1094|2188|813|2424|739|164|169|393|446|5068|983|0|210|43|73|1098|459|2713|776|689|542|487|260|38|62|1290|619|124|181|281|217|144|181|0|210|741|496|0|210|20672|2793|373|523|942|505|1834|1068|938|530|122|5|645|385|207|248|126|130|151|204|789|596|0|210|1471|764|644|408|7205|1867|11|22|4390|1326|824|594|0|210|143917|5510|27562|3195|15088|2585|11304|2061|1719|960|2065|937|3218|1506|9218|1679|38|65|42296|5147|2009|2138|1532|925|187|219|32571|4622|1207|662|261|227|1913|1102|530|474|1413|723|481|604|192|178|69488|3695|3113|1259|3798|1352|996|637|18556|2666|566|327|11818|3073|478|433|16159|2591|14004|2506|0|210|3896|1793|0|210|186|248|0|210|1676|1457|233|215|288|242|86|141|358|512|621|913|0|210|309|232|72|123|0|210|67|93|675|586|118597|9280|69467|7766|2167|1070|21422|3984|16575|3548|25220|5143|277|304|626|776|262|244|2918|2132|7124|3167|5226|2680|367|585|1531|1696|0|210|4105|1379|224|366|1319|591|1270|765|1038|858|254|265|2068|987|2068|987|0|210|34477|5061|0|210|4054|1687|417|464|18572|4300|6781|1863|63|104|330|400|3018|2021|1242|878|1356|906|1776|751|1632|696|1263|661|369|245|30|53|0|210|0|210|114|132|96688|5799|89871|5692|7691|2981|589|839|0|210|538|397|0|210|2750|1910|0|210|2666|2398|931|655|57|99|11|5|113|198|0|210|36|62|61495|5118|108|161|1369|1257|5579|2156|3465|1299|3419|1265|46021|4913|1286|1394|106|112|142|196|20685|3360|641|464|214|223|1485|825|341|285|5326|1748|5942|1912|2519|1082|1284|812|244|288|2225|1131|464|534|6817|1445|6817|1445|0|210
310M700US35620|5938005|41831|820534|19688|109934|7342|2261|905|30791|4238|2077|1031|3947|1227|69829|6110|35865|4136|29930|3833|4034|1086|1029|515|89551|6737|5857|1830|4235|1026|28292|3862|37193|4750|5942|1330|7743|1222|289|291|177413|9597|31616|4128|87969|5349|33642|4071|169|139|22729|3980|1457|893|441198|15836|31778|5679|15003|3043|4777|2082|4296|1273|6823|1930|10088|2048|11576|2023|2771|1041|5436|2459|5896|1537|10488|3669|85362|7263|16963|2769|71489|6362|7295|2707|97926|7914|53231|7290|2438|1156|1751499|19581|707114|15444|538721|15143|444175|14269|51029|5653|43517|4597|33701|3819|134487|8816|205|208|661197|15950|5008|1446|133648|9301|279|281|349073|13902|20170|3470|8056|2059|16876|3258|77694|7689|8457|2114|35696|5477|6240|1818|224714|8901|9856|2104|1983|878|8536|2913|899|510|12648|2207|146134|8509|4281|1576|8874|1958|31291|4005|212|258|150692|10289|2770|1269|5446|1741|16517|3691|2309|993|32245|3994|6944|1825|2024|867|11816|2430|5345|2458|12655|2639|28576|3549|2375|1023|18177|5191|3493|1323|7782|2246|292563|16915|20105|3509|337|431|3505|1382|6886|2140|158|206|2185|1113|932|633|1560|894|4542|2122|8174|2989|1998|1376|662|442|557|457|4957|2647|78231|7964|5247|2278|51897|6830|15528|3314|2999|1585|2560|1680|9483|2161|8623|2125|860|681|162079|14531|132|159|54402|8693|4071|2252|5131|1796|54033|7265|7979|2711|3492|1722|6767|2808|26072|6426|14491|3820|17905|2912|16753|2842|14716|2699|2037|876|266|253|0|210|0|210|886|719|3055504|31467|3003456|31259|1323160|27297|1953|1007|24154|4078|57365|5984|13379|3310|640888|21758|18299|3650|169935|10677|247035|12604|12915|4007|16407|4007|97499|8945|8867|2470|14464|2292|703200|24770|7400|2201|23046|5186|168328|13755|113041|12339|79673|8852|278929|14229|17027|4132|15442|2981|314|433|977096|27101|25203|3313|8625|3239|77127|8037|16865|3378|212304|13524|275283|17041|170611|12363|126515|10724|10023|2407|43564|7166|10976|2019|52048|5341|51757|5302|291|265
310M700US36740|617434|20572|37804|4403|13941|2962|362|475|321|272|468|591|229|291|12110|2684|5779|1764|4765|1540|1566|884|451|432|7751|1755|786|898|366|328|1384|708|4149|1182|818|490|248|431|0|243|4985|1586|321|229|1636|692|1009|693|148|168|2019|1338|0|243|11096|2447|595|433|533|464|532|854|191|217|477|641|425|275|328|344|56|64|0|243|422|358|0|243|1084|562|668|502|3183|1395|142|236|1051|633|1409|803|31|51|87306|4784|16332|2600|10801|2046|8685|1950|720|408|1396|716|2244|1266|3287|1297|0|243|33188|5211|75|134|2193|1034|0|243|19506|4009|2233|1388|506|454|1943|1763|4760|2475|604|513|271|315|1097|1505|30088|4278|95|114|128|161|150|173|607|750|185|224|13370|2675|0|243|2615|1318|12938|3367|0|243|7116|2169|0|243|251|243|486|629|418|372|827|534|414|404|176|207|992|692|726|731|1060|1030|1273|867|164|264|0|243|329|285|582|614|17260|5460|3899|2563|82|138|188|258|361|348|0|243|1634|1229|25|40|89|160|1520|2120|339|429|0|243|0|243|236|391|103|170|7011|3186|0|243|2689|2281|4237|2155|85|142|0|243|1005|725|1005|725|0|243|4469|2876|80|151|2054|2540|0|243|526|532|1563|1100|0|243|246|305|0|243|0|243|537|790|996|599|712|520|470|468|242|247|20|35|184|289|0|243|80|130|474068|19669|463971|19819|183294|11178|3568|1980|1185|808|37846|5259|1565|922|35829|5925|246|421|55464|8876|32968|5929|2936|1709|695|647|6882|2638|147|183|3963|1502|61698|8469|201|205|1781|1157|5475|1939|5703|2560|13591|5628|24510|5969|8326|3105|2111|1055|0|243|218979|16377|1687|1022|632|428|46091|7123|3539|1330|50413|6959|9525|4012|9224|2384|9312|3368|410|392|86764|13719|1382|1092|10097|2051|9913|2040|184|218
310M700US37980|752110|19990|117647|9219|16678|2218|199|179|3460|1093|157|169|512|316|12007|1701|6084|1394|5141|1162|782|351|343|249|13201|1816|676|416|642|374|2317|672|8180|1434|825|407|456|311|105|179|17726|2550|4690|1416|8459|1621|2719|1356|0|210|1628|812|230|303|70042|8287|4478|1358|5830|3183|963|749|1403|914|669|511|1052|618|1113|536|579|362|507|416|1544|857|421|500|8452|2074|2384|876|9103|2318|627|373|16679|3682|14238|4249|0|210|298950|7503|94724|7008|67414|5310|57629|4853|3584|1029|6201|1827|2124|968|24581|3757|605|962|123883|8707|1363|1093|10467|3326|1077|1551|88358|7164|2860|974|2328|1483|1724|1395|8891|3519|1375|643|4822|2327|618|555|61388|5419|1972|1313|4943|1759|2058|1222|1313|942|2323|1289|20702|2835|440|296|3988|1999|23622|3211|27|53|18853|3288|679|507|668|573|1161|900|1012|1180|1662|727|660|442|348|351|1514|741|1078|700|1964|1137|7018|2683|1009|669|37|61|43|73|102|153|87528|11343|11594|2824|455|446|4053|1771|3916|1389|220|346|208|216|1039|811|457|439|1246|753|5303|3192|3235|2695|313|499|722|835|1033|781|17439|4497|4862|2246|6698|2488|4136|2109|908|873|835|841|2026|1073|2026|1073|0|210|48502|7560|97|114|7827|3739|1399|1220|18186|5751|10655|2677|68|109|4430|1901|915|600|4925|2322|2664|1793|1065|428|753|332|402|245|351|258|0|210|0|210|144|238|168|156|246920|14117|237836|13875|93415|10085|89|156|2110|1157|2764|1164|131|11|39310|6287|441|413|17749|4911|22356|4837|0|210|563|489|5441|1366|52|94|2409|1098|92267|8036|410|321|1269|840|4229|2058|16447|4908|8573|2896|57483|6109|2531|1408|1021|510|304|404|52154|6849|1766|703|530|425|18358|5414|1256|756|9179|2525|8107|2706|3348|1511|4102|1556|967|761|3696|1293|845|934|9084|1562|8901|1538|183|204
310M700US38060|720728|17746|60170|5829|14923|2321|746|507|1844|965|322|340|387|285|11360|2112|4822|1050|5524|1414|1014|827|264|268|11979|2047|1056|681|396|428|2078|870|6637|1418|1461|555|351|318|0|232|5120|1269|1346|756|2481|944|1003|651|334|329|290|265|0|232|28148|4371|1653|1853|679|771|3465|1463|1084|688|767|674|1194|669|1402|882|314|265|123|150|725|470|121|157|3177|1286|6306|2282|3631|1209|1202|755|1314|566|991|606|0|232|177339|7267|34300|4563|20999|3766|16283|3407|1677|701|3039|1153|3492|1249|9809|2490|0|232|62814|7915|2096|1250|1389|1007|285|311|49327|7864|6731|2831|651|447|117|143|1262|769|304|339|377|292|275|321|59506|6220|3645|3210|1334|677|1591|710|1141|901|1987|1108|26951|3910|830|417|3337|1196|18690|4009|0|232|20602|3957|0|232|71|127|48|80|10001|3124|1732|793|2296|1509|985|548|1344|681|286|302|1840|1316|1636|920|363|305|0|232|0|232|117|152|48448|9370|23035|6825|42|72|1195|912|5521|3065|1974|1140|1893|2432|4965|4603|1007|995|6438|3778|4525|2013|1174|777|2228|1628|932|722|191|308|4227|1730|556|529|1844|990|482|425|705|756|640|522|2126|789|2126|789|0|232|7241|3077|0|232|1924|1849|0|232|205|240|4819|2446|0|232|89|143|0|232|204|334|7294|4752|3907|1439|1552|643|634|299|918|574|208|385|203|305|1151|1230|793|503|430864|14408|404017|14688|16289|3472|165|199|428|534|7909|2366|0|232|3905|2195|0|232|720|563|2100|1514|0|232|38|64|1024|681|0|232|0|232|366987|15531|343|325|874|457|7789|2029|15537|3963|1718|819|338553|15746|1037|836|538|362|598|959|20741|4053|1181|632|366|394|2692|1204|534|415|7494|2046|1491|852|168|245|3869|2339|485|524|2309|1755|152|191|26847|3351|26785|3331|62|103
310M700US38900|309270|10175|49135|4326|9752|1658|391|272|882|382|650|452|1065|693|6658|1451|2818|896|3409|1167|431|275|106|126|9829|1996|999|796|36|60|1857|913|5325|1413|1236|518|376|408|0|210|2329|674|267|227|1199|516|114|133|0|210|701|396|48|82|26934|3685|0|210|1215|744|1760|1237|429|565|254|284|572|401|739|569|0|210|326|270|962|709|0|210|998|501|1882|843|6624|1999|57|92|9275|1965|1841|990|291|347|127315|5760|40905|4202|25832|3720|18288|2999|1355|546|6189|1667|5697|1402|9318|1856|58|101|28711|3735|1751|1346|808|592|0|210|16734|2743|3041|1082|1290|542|1943|1187|727|469|593|587|732|539|1092|732|49042|4126|462|384|2471|1196|724|479|4619|1670|1384|741|14067|2497|323|253|5466|1883|19526|2877|0|210|8522|3006|542|526|130|161|167|279|3840|2463|1105|675|531|497|362|412|219|216|539|466|418|409|407|315|165|273|55|96|42|70|135|154|12911|3044|8553|2988|448|533|5068|2493|1403|1058|550|682|142|183|535|712|260|289|147|191|217|272|101|184|0|210|116|193|0|210|1233|701|111|193|685|676|293|286|52|91|92|157|532|401|532|401|0|210|1758|985|0|210|0|210|52|86|212|381|833|803|0|210|145|200|0|210|516|530|618|586|5607|1336|1252|605|694|521|558|342|785|591|583|530|1922|910|1065|711|114302|6111|104016|5628|5306|1428|139|165|47|78|4104|1366|0|210|61|99|0|210|336|401|331|204|0|210|48|96|155|175|0|210|85|98|89471|5770|0|210|697|586|5626|2500|7242|2765|1210|915|72405|5818|2140|2029|151|157|0|210|9239|1988|1336|808|108|182|1454|698|730|517|1811|1058|365|411|0|210|1922|946|179|200|1066|778|268|344|10286|2097|10286|2097|0|210
310M700US40140|1046398|19395|37257|4120|10016|1961|325|290|651|482|159|170|670|385|8011|1691|2994|964|4496|1382|521|311|200|171|10732|2068|111|135|320|175|1456|695|6353|1575|1617|592|875|569|0|221|5504|1406|419|386|2416|991|1563|835|444|355|962|622|144|207|10852|2721|324|542|298|286|90|149|121|143|201|197|397|257|389|316|0|221|44|75|0|221|128|160|1840|1093|2855|1145|2062|1215|185|306|1570|975|348|249|153|209|257479|7325|74994|5735|52692|5117|38062|5015|3076|959|11554|2155|4038|1100|18264|3269|0|221|47228|5914|3460|1734|1689|1582|0|221|27764|4801|6645|1645|0|221|1324|995|5317|1899|827|431|42|70|160|193|114892|7082|873|410|2093|948|4487|1367|2366|1224|1117|779|75882|6171|300|215|4741|1419|23014|4259|19|31|18909|4190|1241|1032|0|221|0|221|3413|2072|990|594|2777|1275|562|468|3432|1213|687|651|4370|2021|836|980|85|138|313|251|203|285|1456|867|21555|4500|3007|1184|75|133|1023|763|1129|654|0|221|240|255|115|193|0|221|425|376|593|667|520|658|0|221|73|121|0|221|9124|3213|203|326|8051|2942|191|183|276|447|403|519|1037|733|1037|733|0|221|7794|2762|0|221|1149|858|162|265|0|221|5126|2051|0|221|62|102|75|127|1220|1065|0|221|6819|1682|3336|1215|2302|1130|1034|611|1398|831|0|221|74|128|2011|905|723288|17277|709845|17041|8721|1902|253|381|262|308|3255|1163|0|221|540|398|130|208|1224|1279|1912|974|0|221|36|80|493|310|357|427|259|264|663190|16665|899|468|3552|1358|34219|5410|34696|5675|9956|2787|568060|14179|10490|2877|1318|605|0|221|37934|5914|5066|1433|719|548|1962|900|1833|787|7665|2156|7211|2948|793|765|9230|2799|545|448|2459|1798|451|596|13443|2053|13130|2014|313|308
310M700US40900|479187|12411|75566|7172|8258|1527|368|349|390|312|71|91|0|221|7293|1524|3569|1125|3603|1065|121|117|136|88|9581|1934|276|246|151|185|1143|715|6676|1552|768|519|567|484|0|221|3282|1041|793|509|1298|586|516|305|42|70|599|483|76|84|54384|6413|69|118|2636|1530|2214|1280|771|948|275|279|454|372|210|212|707|739|0|221|4764|1736|0|221|1157|738|3519|1746|14212|4152|129|164|22534|4620|733|457|61|96|235140|7891|47235|4463|36068|4401|28170|4129|4425|1069|3473|1030|3241|1040|7558|1778|368|431|79811|7863|26259|7025|690|406|0|221|31655|4916|7240|1839|949|780|1651|777|8776|3345|513|374|1608|875|470|295|94390|6201|1057|647|2027|1253|384|283|10317|2642|1197|576|44945|5200|144|142|5574|1740|28745|4272|0|221|13060|3618|2751|2123|0|221|1046|1289|3861|1734|545|451|664|600|593|486|739|531|412|325|403|466|1830|1258|187|193|0|221|29|48|644|481|11728|2347|4282|1730|46|80|2146|1384|708|614|470|787|133|221|378|538|242|207|159|166|183|201|77|135|0|221|0|221|106|150|2752|995|303|510|1663|812|246|289|434|397|106|129|871|464|871|464|0|221|3147|1223|0|221|503|600|43|73|499|537|1109|615|143|169|0|221|0|221|850|790|493|800|15703|2735|1794|982|1480|953|314|229|8783|2797|1557|1536|248|300|3321|1519|141050|7879|133958|7662|2893|1120|210|284|77|126|337|281|0|221|220|273|0|221|462|481|879|623|59|98|0|221|411|400|0|221|238|246|121762|8006|92|155|421|526|9009|2822|4484|1627|2793|2206|101158|8371|2427|835|1378|893|0|221|9303|2371|361|378|43|74|2880|1600|488|408|1341|692|294|391|98|115|3236|1208|60|100|502|353|0|221|7092|1537|7092|1537|0|221
310M700US41740|756142|16523|63942|5236|14227|2056|366|233|989|493|557|465|562|345|11347|1871|4794|1250|5703|1278|850|514|406|291|14826|2477|732|393|533|375|3165|961|7955|1827|1791|601|592|438|58|75|7678|1732|505|328|4155|1428|1505|936|0|221|1513|634|0|221|27119|4156|666|563|828|514|240|243|1656|1347|418|289|876|413|2163|1250|124|155|0|221|0|221|176|184|2532|926|2502|1208|7778|2093|542|335|4346|1523|2272|1182|92|108|300497|8928|62250|4979|38014|4354|27464|3931|3721|1345|6829|1308|9640|2157|14339|2737|257|424|48230|5512|7350|2802|2016|1232|297|291|22141|3452|11134|1890|892|563|974|710|2192|1291|601|432|552|676|81|133|151746|7224|1089|731|3929|2004|1796|964|3630|1365|1473|821|90967|6951|716|549|4025|1168|44121|5611|0|221|36556|5757|1025|847|924|1300|29|48|21485|4783|2970|1307|1173|831|752|497|545|296|127|186|2458|1458|2842|1145|915|812|404|657|907|1151|1715|1170|19778|3863|6484|2659|29|50|2262|1141|1539|1626|1502|856|166|215|537|441|37|61|412|289|1194|727|63|94|392|390|448|510|291|451|5323|2013|467|694|2307|1047|725|489|1723|1707|101|119|3637|1209|3637|1209|0|221|2542|1285|0|221|299|273|167|278|0|221|1548|1178|286|347|91|120|0|221|151|153|598|652|5561|1670|2610|1212|1720|717|890|1030|571|386|567|883|0|221|1813|874|366364|12257|354510|12263|6715|1870|0|221|43|71|1696|795|0|221|1107|693|0|221|1101|1181|1644|740|0|221|85|109|452|378|0|221|587|752|325719|12319|294|324|490|329|5146|1490|15410|4180|988|631|301118|11909|966|473|999|490|308|493|22076|3461|2096|1047|951|624|8575|2563|703|485|5405|1639|821|416|188|258|1873|676|46|80|1314|571|104|104|11854|2088|11732|2069|122|198
310M700US41860|1499160|20076|129469|6906|34546|3311|1047|467|6810|1398|411|313|1760|561|23813|2774|12820|1920|9304|1902|1689|851|705|616|30552|2881|1245|634|1886|856|11299|1915|11934|1968|2692|911|1421|487|75|94|15650|2525|2012|826|5942|1536|3538|1080|629|418|4065|1336|93|109|48525|5080|73|128|2018|765|2748|1810|1736|773|275|272|1251|752|1472|1044|427|302|149|173|1998|1020|211|274|4998|1303|2807|1298|12032|2377|156|154|13073|2524|3101|1225|196|199|843878|12136|348751|11341|295244|10427|221972|10323|39356|3619|33916|3258|16409|2419|32013|3936|5085|2803|224511|10593|17442|4118|1872|874|0|221|161669|8036|17273|2716|1819|1243|9244|3191|12419|3034|1214|617|854|582|705|671|241471|10976|11632|3731|4542|1923|5261|1713|4952|2261|4491|1208|148164|8756|3906|1350|8097|2113|50426|4906|0|221|25418|4059|762|587|1292|1162|75|120|766|476|4511|1540|2544|1128|1030|679|1444|572|1045|745|1226|932|6230|2224|625|481|2803|1522|1065|730|3727|1193|39453|5711|11821|2788|3178|2414|3081|1115|2323|986|68|111|307|277|1136|1128|713|522|1015|688|985|775|841|757|54|84|0|221|90|156|10182|2925|2614|1477|3099|1279|2161|1172|1410|1364|898|671|4008|1312|3829|1297|179|290|11623|3331|177|214|1281|832|172|199|124|149|8732|3288|325|346|745|604|0|221|67|106|834|837|24477|3949|7351|1670|5363|1316|1988|933|9340|2341|0|221|163|298|7623|2610|461883|11689|438864|11848|6133|2618|0|221|0|221|1813|990|0|221|507|542|86|99|827|708|906|407|0|221|0|221|1695|2172|157|266|142|176|372656|12979|435|390|1750|901|56219|7366|51057|7394|10889|3160|228051|11556|23130|5134|964|611|161|274|60075|5929|3462|1085|887|540|17103|3100|2977|1043|13161|3613|2617|1442|1112|589|11305|3196|960|490|6234|2511|257|269|23019|2752|22966|2751|53|90
310M700US41940|804982|12806|54459|4746|10801|1729|461|304|625|378|96|116|790|422|7972|1537|4637|1285|3033|782|302|281|857|506|10937|1969|216|268|583|381|3592|1276|4842|1502|1154|542|550|435|0|221|9091|2238|432|336|3471|1158|4488|1825|1517|1056|700|439|0|221|23219|2991|148|246|1083|712|1541|1277|654|441|899|597|546|511|923|553|463|327|186|219|134|162|98|80|1355|699|1096|571|7271|2030|236|239|4041|1211|2545|1045|411|368|545645|8767|189377|7141|151813|6861|102763|5772|12049|2791|37001|3371|10534|2672|27030|3859|0|221|169887|10929|3612|3331|1034|542|0|221|141445|9099|17248|3370|539|448|384|258|3067|1083|1827|918|140|133|591|464|167541|6769|2238|1062|4116|1360|2483|1237|1248|897|2853|947|52521|5436|1359|604|3186|943|97537|6588|0|221|17759|2549|328|307|812|585|259|288|294|275|7277|1833|1275|795|119|124|1081|588|807|526|746|452|3070|908|775|558|257|353|659|566|1081|476|13978|2284|5384|1432|1025|693|2887|1479|544|540|149|244|155|191|147|176|146|178|331|269|1264|703|850|487|0|221|29|49|385|525|2444|928|183|174|2038|929|81|110|0|221|142|173|1393|748|1393|748|0|221|3485|1415|0|221|252|376|0|221|290|413|1507|808|89|163|934|1088|0|221|413|381|8|18|5166|1798|2306|1147|2194|1173|112|114|577|531|0|221|0|221|2283|1309|185734|8907|176528|8721|1961|763|0|221|184|222|335|382|0|221|495|594|0|221|389|329|211|337|0|221|0|221|347|352|0|221|0|221|145402|7772|323|326|450|461|7831|2611|5062|2555|2685|1622|125450|6875|3489|2225|112|117|0|221|29165|6405|1194|473|1218|1099|3363|1550|863|607|15202|5503|396|315|251|310|4367|1618|402|523|1811|1014|98|116|9206|1578|9154|1585|52|85
310M700US42660|861459|17695|113135|9272|19397|2978|882|853|1274|490|996|468|947|434|14790|2408|8188|1905|5925|1299|677|350|508|393|17682|2477|566|368|654|421|3204|960|11067|2372|1574|529|453|365|164|194|5010|1234|1120|565|1986|783|620|424|94|157|1235|501|49|81|70666|8309|218|259|2419|1364|2397|1877|2653|1007|1014|753|1346|605|632|336|503|377|414|252|3334|2009|94|110|3062|1133|5242|1363|15402|3367|419|398|26739|5446|4778|1626|380|445|471726|8395|167896|9223|112400|8032|86203|7136|10685|2017|15512|2581|12738|2185|40518|4748|2240|1516|145431|9397|5937|2571|2026|1285|561|716|112961|8967|9188|2132|2145|986|5132|2833|4220|1662|1033|603|1505|856|723|469|137746|7637|1368|851|8121|2264|5447|1996|3017|1052|1481|641|55414|5371|1289|678|8834|2424|52775|6122|0|217|20134|4884|899|1007|1409|894|220|230|6476|3767|2711|1141|1054|993|788|504|1166|831|1801|1016|862|598|2070|763|159|152|199|261|320|247|519|340|70743|6902|48096|5814|3342|1953|19947|4090|12963|3523|6722|2604|1646|1079|1272|867|883|792|1321|827|2781|1341|146|249|982|962|1228|643|425|557|7247|2167|103|167|2694|1237|713|635|2904|1289|833|1020|3203|1633|2397|1013|806|1288|7904|2387|0|217|2358|1308|425|393|596|750|1959|1071|352|428|701|555|205|354|1308|937|1512|1534|16236|2793|4426|1236|3436|1128|990|482|2604|1322|2572|2127|1682|1028|4952|1775|189619|9566|163753|9194|7124|1656|100|166|0|217|1500|636|0|217|1353|939|0|217|603|560|1875|839|110|191|328|531|691|627|0|217|564|565|123437|8570|833|1054|502|309|8488|3149|7090|2547|5592|3279|96250|7716|3259|2176|1423|777|0|217|33192|6199|1945|1012|256|205|8622|2749|2606|1803|7320|2915|2257|1188|206|228|5095|2522|170|242|4541|2141|174|287|25866|3300|25826|3305|40|66
310M700US45300|537661|16119|75733|5597|15546|2356|752|453|1646|722|160|159|470|365|12317|2264|4600|1428|6797|1413|920|651|201|197|12256|2609|508|316|627|552|2021|939|7937|1812|601|424|515|544|47|80|12100|2180|3917|1363|4944|1284|1237|673|93|145|2002|921|0|243|35409|4516|3897|1845|891|793|3473|1834|2086|923|530|543|1027|490|2083|1114|109|92|513|318|228|252|100|118|6299|1789|1701|947|6552|2553|461|308|2862|1109|2597|1263|422|341|107288|5364|14443|3089|8989|2599|7696|2689|306|208|987|456|2873|1552|2581|1165|0|243|41954|4851|101|134|1555|1000|0|243|32612|4401|2237|1189|1229|1202|861|751|2482|1256|371|381|447|538|59|92|36882|3699|1227|1110|551|452|234|192|1047|563|691|494|12782|2748|176|183|1636|698|18538|2900|0|243|13495|3851|0|243|59|97|98|153|533|553|762|608|1568|1003|1188|964|1846|1003|808|468|3496|2790|2110|770|449|410|234|285|344|359|514|435|17961|3709|2336|1214|171|279|605|558|364|275|53|86|392|442|419|459|299|342|33|57|1353|1123|834|996|467|553|0|243|52|83|9161|2841|51|85|6595|2604|1964|882|56|105|495|422|2554|1360|2469|1347|85|144|2557|1367|100|120|649|989|191|312|0|243|1486|875|0|243|0|243|0|243|131|223|0|243|1651|695|1559|673|1012|563|547|382|0|243|0|243|0|243|92|167|335028|15100|312480|14637|163773|12956|710|452|615|523|104538|9735|1320|900|16606|3943|539|682|13605|3389|13628|4543|172|291|554|595|10116|3447|182|233|1188|723|68347|8438|987|765|4171|1556|5460|2547|3490|1349|7600|2440|40844|6478|3918|1688|1877|743|0|243|80360|8613|2357|1002|441|319|11503|2629|1446|853|29085|5144|3762|1440|4056|1460|7583|2201|1005|683|18972|5643|150|134|22548|4579|22504|4575|44|75
310M700US47900|1548194|17874|118985|7500|27197|3101|1012|637|2379|786|807|477|1627|716|21064|2889|11193|2041|8963|2258|908|532|308|228|29487|3581|806|433|1476|622|9081|2426|15243|2461|1665|642|855|358|361|426|16273|3406|3136|1153|5262|1538|1987|915|37|61|5888|2701|0|210|45707|5225|2019|915|1462|677|1238|989|2418|1069|606|372|1594|553|2325|975|516|325|1207|775|982|593|179|188|3024|889|3017|1148|11594|2588|840|479|9465|2865|3221|945|321|357|540033|9668|142352|7166|71988|5358|55315|5241|4643|1200|12030|2044|10051|1910|57578|5087|2735|2252|241432|11165|29002|6085|19295|4399|0|210|106546|6277|27523|3818|1214|617|11937|2748|38840|6811|3393|1134|3076|2244|606|305|115120|7428|2321|1086|5058|1835|4707|1303|2533|1063|1913|856|47174|5071|1490|739|8085|1722|41839|5610|0|210|38881|4921|1191|859|1947|1183|879|953|5597|2213|2408|745|2936|1696|1216|572|6005|1460|2745|1732|2746|991|8825|2099|1223|645|595|405|568|325|2248|1125|248843|11382|87692|8197|6050|2131|62703|7547|5080|1631|2137|1006|2726|1341|3103|1181|1689|968|4204|2455|33199|5627|25449|4950|1606|1289|2535|1232|3609|2603|30988|4255|1893|993|10879|2633|11388|2740|4642|1479|2186|1285|4199|1702|4023|1703|176|172|90128|8807|112|149|24116|4546|2158|717|6370|2592|33448|5500|1150|568|11259|3039|4149|2193|7366|1833|2637|1260|3663|1036|2941|904|2215|802|726|432|121|160|42|69|287|345|272|378|636670|15261|623559|15098|74012|8365|450|343|1059|586|6138|1750|740|476|16908|4919|1326|896|9896|3560|26160|4919|466|388|56|91|6802|1712|1102|996|2909|2499|398748|15140|694|684|3793|1689|202378|15308|66356|9341|49698|8078|59017|5920|12383|3614|4429|1470|0|210|150799|10676|10120|2091|31216|5198|12772|2628|5518|1850|19901|3484|11162|2497|7194|1922|40110|5991|1291|868|8248|2352|3267|1594|13111|2341|12864|2346|247|249
312M700US169801714000|560390|16321|81855|7722|8789|2369|412|456|1758|755|0|206|1470|1858|5100|1394|3177|1164|1923|836|0|206|49|81|8492|2465|467|321|319|254|1773|872|4225|1202|494|377|1214|1312|0|206|6054|1460|2022|840|2613|1122|73|120|0|206|1346|616|0|206|57542|6541|852|530|836|720|1761|1197|2410|1283|857|675|1301|821|512|689|151|162|1111|690|46|75|894|636|25785|4034|4335|2023|6046|3284|480|336|8781|2862|1384|883|978|1021|148316|9368|49704|5866|41371|5516|36101|5512|2817|1081|2453|917|1473|722|6662|1873|198|199|43567|7445|2154|2217|600|587|0|206|30400|6655|2104|1061|997|1292|581|482|3760|1703|367|449|655|642|1949|1407|41732|5900|4943|3760|69|118|528|372|185|280|1530|847|26355|3726|504|299|3203|1723|4415|1319|0|206|12895|3320|87|145|0|206|96|162|2562|951|1493|704|948|712|97|164|3269|2322|527|460|1271|827|1713|944|197|190|603|989|32|54|418|398|29775|5222|2924|1707|0|206|1754|1330|707|744|347|570|32|41|0|206|40|67|44|71|682|578|680|578|0|206|2|1|0|206|5537|2800|1033|606|1988|2133|1467|984|853|1346|196|325|961|623|961|623|0|206|19671|4608|0|206|5678|2773|108|128|0|206|12299|4352|62|102|246|402|1044|1035|234|238|0|206|1872|746|1693|724|1405|746|288|220|64|120|0|206|0|206|115|192|298572|13740|294950|13822|12757|3550|0|206|81|138|3591|2205|0|206|1803|768|0|206|2856|1894|3168|1551|0|206|0|206|781|783|0|206|477|409|235947|11798|1959|1127|386|306|5204|1878|11152|3140|6629|3404|207848|11623|2271|1438|498|496|0|206|46246|8347|1250|654|228|276|2757|1077|1602|1381|11239|4151|17210|6828|45|75|4549|2766|118|201|7175|2643|73|123|3622|1011|3494|997|128|207
312M700US264204835000|676165|20593|25870|3452|7723|1774|1017|1271|536|417|365|366|312|438|5123|1338|3179|1018|1454|749|490|472|370|300|6298|1928|400|452|394|552|3137|1590|1788|708|500|383|79|95|0|236|3734|1439|482|375|1071|671|120|195|0|236|2061|1404|0|236|8035|2070|249|294|225|223|420|391|499|380|0|236|506|521|42|71|0|236|329|250|0|236|0|236|576|412|672|344|2237|1434|196|239|1895|831|189|188|80|90|126953|9387|28841|4202|21858|3606|16335|3171|1936|829|3587|1167|2142|1000|4841|1741|0|236|40464|6758|5878|2904|1282|860|0|236|19369|4591|5851|1820|571|558|1148|779|5541|2476|372|276|175|176|277|432|43797|6160|1151|1381|373|304|980|670|82|94|1274|1082|11612|2952|898|958|2287|1300|25140|4324|0|236|13729|3360|0|236|440|516|76|133|2914|1524|1278|1314|322|217|281|310|2184|914|1191|849|970|666|3086|2057|832|580|0|236|155|153|122|118|52031|7427|11174|4053|2218|1487|3968|2611|3249|2695|422|496|758|1028|173|218|0|236|386|433|4498|1783|2872|1617|511|443|439|523|676|702|3614|1620|645|848|1753|1083|655|615|63|107|498|625|650|393|594|391|56|97|29975|5110|0|236|1616|974|1010|905|701|654|22474|4110|66|110|976|909|633|737|2499|1983|2120|1203|1904|884|966|526|966|526|0|236|11|21|0|236|281|372|646|763|469407|15738|465431|15793|35579|5509|0|236|301|363|26525|5150|422|530|1385|1058|64|110|767|653|1934|1063|859|818|52|17|1848|779|388|646|1034|995|379371|14702|301|330|1055|678|59880|8112|33453|5895|63323|7892|214631|12023|6113|2981|362|367|253|295|50481|7556|1825|793|76|125|3190|1402|759|423|16817|4597|1854|970|324|421|4888|2281|153|267|20345|5178|250|262|3976|1195|3911|1189|65|110
312M700US310800644000|1353048|18512|89207|5797|18848|2177|797|442|955|423|219|186|1165|561|15597|2201|8230|1512|6900|1627|467|252|115|141|16906|2196|662|320|1047|571|6315|1269|6655|1294|1359|487|820|401|48|78|9127|1960|2399|1223|4342|1104|556|363|0|221|1830|978|0|221|44031|4210|76|64|2209|745|312|286|940|488|768|554|1034|437|1224|691|1108|680|494|481|1740|947|0|221|2381|1009|3055|917|15790|2243|669|405|9916|2350|2315|712|295|347|434097|14055|124829|7989|49553|5022|35676|4583|5582|1752|8295|1294|10813|1891|63932|5557|531|583|109859|8507|5658|3286|8260|3247|0|221|29062|4414|58213|5975|1364|710|118|196|2656|1577|2604|1430|994|536|930|663|124592|8014|1303|919|1718|925|2607|1080|277|319|1053|477|89516|6861|2229|1442|8638|2115|17148|3328|103|150|74111|6647|38983|5730|1903|1045|2265|1104|2353|833|10663|3126|1893|1160|306|233|6559|1666|2122|1155|2678|964|3657|1269|332|416|0|221|397|428|706|601|21080|3187|5605|1795|379|477|2753|1029|604|720|77|127|47|77|486|395|237|252|1022|793|774|619|402|403|0|221|36|59|336|469|6279|1677|399|313|3870|1447|1163|543|183|298|664|353|2397|849|2397|849|0|221|5914|1810|73|125|495|428|210|347|512|425|3512|1291|383|396|109|134|362|606|258|227|111|127|5638|1296|4575|1186|3382|848|1193|850|842|608|0|221|0|221|221|233|803026|18434|787880|18460|10164|2160|174|293|0|221|4281|1467|336|544|1058|693|0|221|698|495|2389|1032|105|139|56|92|265|303|374|530|428|343|727305|17246|8283|2133|1643|700|163765|11626|116290|10726|19113|3928|403530|13374|13337|3810|599|415|745|709|50411|6263|4618|1107|3010|1363|7716|2058|3445|1666|14737|4635|3463|1134|256|202|8818|2194|229|223|3666|2015|453|440|15146|2503|14386|2267|760|877
312M700US356203651000|3093845|28389|427758|16070|49571|5182|1167|633|11535|2540|542|387|2478|1089|33460|4594|20151|3597|12701|3020|608|394|389|309|46893|5275|3918|1623|1851|812|20785|3866|14886|2513|2809|1029|2556|761|88|148|70713|7862|20139|3419|36975|4203|2186|980|45|73|11233|3378|180|294|259065|13572|22383|4944|9890|2187|1502|773|1546|643|2998|1430|4160|1389|5727|1532|1393|653|4453|2410|3679|1041|4518|2842|32743|5127|8115|1720|48149|5577|4239|2064|68093|6632|35477|5142|1516|940|935387|14726|470683|12113|397249|12917|336168|11793|38294|5296|22787|3531|18421|2823|54889|6951|124|153|278770|11188|2309|1087|110793|8490|279|281|64154|6385|6827|1818|6473|1785|12578|3073|34212|5121|3152|1140|32914|5458|5079|1611|99548|5762|7007|1557|1707|892|4063|1566|161|208|9112|2004|51927|5251|2673|1346|6576|1764|16245|2611|77|127|83061|8433|2252|1203|4168|1645|12811|3364|346|427|17505|3097|583|346|734|410|6043|2035|2982|2605|4856|1593|10680|2451|508|356|17442|5189|2151|1115|3325|1432|166430|12989|7155|2370|0|218|1330|769|1975|1358|0|218|488|388|216|354|1030|640|2116|1424|5455|2467|505|480|630|434|447|387|3873|2523|36005|5339|2506|1335|22678|5196|9020|2854|798|635|1003|601|4603|1966|4603|1966|0|218|103472|10528|132|159|36295|7694|3484|2237|2970|1373|23836|4012|6271|2400|2303|1409|5365|2415|22816|6237|9740|3007|12704|2509|11937|2427|10346|2346|1591|859|0|218|0|218|0|218|767|711|1551566|19691|1522666|19388|798729|19309|1374|940|18274|3352|9832|1968|6874|2060|389779|17382|16482|3567|84120|6909|162490|11034|9408|3589|14263|4043|69332|6948|6386|2156|10115|2267|269157|14625|5393|1820|3301|1012|33817|8370|31063|5814|29314|4467|148405|11823|6766|2454|10853|2379|245|413|454780|16809|9474|2193|2865|1511|20443|4014|5749|2134|86318|8643|136828|10769|129004|10701|30149|4560|2895|1360|25179|5277|5876|1731|28900|3938|28900|3938|0|218
312M700US417400666000|356326|12958|32653|3787|5937|1423|280|201|425|320|218|205|59|99|4634|1238|2259|837|2270|871|105|127|321|269|6567|1421|482|350|183|211|2043|780|2777|1000|824|440|226|283|32|62|4333|1490|232|207|2324|959|1285|948|0|221|492|338|0|221|15772|3196|356|344|521|370|165|210|689|434|227|218|277|321|1161|913|0|221|0|221|0|221|80|99|1497|829|858|537|5498|1740|368|284|2906|1339|1169|664|44|74|165853|9005|42085|4402|26394|3847|19798|3596|2171|919|4425|1249|5587|1727|10104|2195|0|221|31247|4399|2182|1166|2016|1232|297|291|17333|3378|6112|1368|757|539|357|307|1391|1075|169|175|552|676|81|133|80023|5667|400|389|1855|1110|1341|900|2101|919|678|455|40350|4813|54|86|2331|831|30913|5199|0|221|11382|3264|357|464|861|1296|0|221|2079|1370|1643|933|864|794|197|209|337|273|127|186|1474|1205|2174|1103|778|774|404|657|87|103|1116|1079|14524|3624|5044|2557|0|221|1416|921|1272|1519|1502|856|114|195|401|411|37|61|302|250|799|549|63|94|392|390|344|494|0|221|4352|2023|467|694|1643|936|464|369|1723|1707|55|91|2190|835|2190|835|0|221|2139|1215|0|221|184|222|166|278|0|221|1282|1118|286|347|70|113|0|221|151|153|0|221|3058|1328|1082|569|1036|562|46|76|436|422|567|883|0|221|973|804|140238|9532|133716|9698|2650|1209|0|221|43|71|621|484|0|221|416|393|0|221|26|60|970|609|0|221|0|221|63|108|0|221|511|743|119326|9428|82|97|215|265|2704|1213|4133|1859|452|396|110445|8796|456|356|531|321|308|493|11740|2181|1278|615|719|561|5531|1967|420|342|1835|672|427|290|153|251|703|425|0|221|644|450|30|51|6522|1359|6400|1340|122|198
314M700US1206012054|818931|19521|58048|5566|13917|2420|709|571|1350|682|164|184|591|434|10576|2086|6178|1785|3665|1162|733|430|527|380|13701|2337|247|216|781|433|2350|973|7975|1713|2259|1216|89|116|0|226|3643|1150|532|449|1128|479|432|246|74|124|1520|817|31|52|26423|4475|295|413|588|439|4666|2489|592|465|119|134|454|387|431|408|686|580|556|529|235|203|0|226|1919|1141|3528|1543|6005|2026|694|444|4180|1815|1475|604|364|336|277267|7067|74918|4817|36092|4043|29791|3765|1349|602|4952|1285|4301|1437|34525|3789|0|226|119535|6167|7169|2913|10618|2819|1729|1504|84796|5563|5281|1308|483|388|755|612|8020|2649|371|358|266|233|47|79|64199|4998|4638|1876|1278|688|1300|918|3004|1261|2849|1559|8992|1915|427|323|3524|1472|38187|3921|0|226|17103|3927|204|201|60|98|273|270|3787|2088|2647|1427|522|422|613|707|649|484|1956|1044|1429|1385|4233|1832|466|390|0|226|264|190|1512|875|111671|9728|36601|5779|4281|2636|17863|4504|5783|1750|2206|1855|1012|997|872|864|587|576|3997|2666|6329|3117|2314|2207|594|592|2979|2196|442|446|7488|2644|607|697|3479|1769|2338|1585|694|700|370|334|4627|1571|4319|1463|308|365|53985|6920|69|111|11172|2998|338|424|4116|1976|28414|5580|1414|1091|840|723|3465|2014|4157|1623|2641|1685|2474|1417|1789|1100|1428|1006|361|375|52|91|0|226|566|718|67|112|369471|12288|359507|12015|92287|8002|2366|1055|2350|1181|8242|2311|874|971|10918|2721|692|484|12883|3960|40605|5844|688|816|1120|605|8589|2836|608|620|2352|1001|190869|8853|199|235|2220|1401|22169|3919|25734|5271|15961|3902|116378|7932|4680|2314|3528|1452|0|226|76351|7710|2088|970|588|458|9800|3165|1702|768|23658|4028|3598|1406|9136|2866|5764|1595|2512|1555|16823|4022|682|570|9964|1688|9507|1606|457|389
314M700US1446014454|421568|13204|55422|4475|13750|1918|45|74|6230|1358|130|154|462|272|6601|1331|4274|1259|2149|760|178|185|282|316|7158|1633|129|130|289|239|2789|818|3018|1115|391|303|542|352|0|225|12028|2351|1781|939|5402|1676|3515|1019|442|462|1330|522|0|225|22486|3303|5401|1736|681|530|215|227|1458|908|395|389|286|225|426|386|45|74|141|164|0|225|83|138|2670|1087|783|408|4400|1409|313|337|3289|1671|1900|1052|0|225|126560|4925|58622|4390|50326|4209|42509|3852|5744|1386|2073|845|2357|779|5939|1278|0|225|28933|4136|517|642|1383|900|0|225|20956|3854|2474|898|105|127|422|368|1313|712|644|558|767|575|352|424|28778|3647|628|601|894|715|721|528|409|329|909|614|5463|1775|570|290|1715|909|17469|3192|0|225|9678|2427|371|413|414|445|664|521|165|138|1290|736|275|436|129|152|2583|968|511|452|364|379|2689|1412|0|225|0|225|223|312|549|506|43147|5333|7930|2436|215|262|3373|1262|653|452|277|284|1184|1029|1258|1301|450|434|520|496|1652|1116|993|830|0|225|554|718|105|123|5890|1940|289|306|1168|614|4034|1749|399|333|0|225|879|668|789|640|90|139|26266|4752|16125|3348|2500|1399|0|225|1134|776|3439|1736|665|479|2072|2224|0|225|331|266|530|460|1167|619|843|436|755|406|88|117|0|225|0|225|0|225|324|441|195272|10705|186463|10156|80835|6518|103|127|1844|818|1587|703|124|161|24616|4108|0|225|35215|4782|9423|2343|216|345|218|227|5414|2562|523|743|1552|925|41941|5302|1003|1222|609|463|17286|4325|7595|2194|7420|2253|4418|1622|1504|1471|619|644|1487|1211|63687|8295|956|711|275|268|25757|5813|2455|1351|20560|4787|2518|1635|1200|1138|5317|2341|0|225|4649|1865|0|225|8809|1823|8617|1817|192|227
314M700US1446015764|532845|15569|81606|6042|14178|1953|179|179|2322|704|45|76|743|397|10165|1804|4910|1218|4563|1173|692|524|724|385|11499|1918|172|137|998|647|3399|1093|5122|1362|977|600|831|490|0|225|23424|3371|4856|1687|7973|1849|8627|2562|1591|745|1968|1103|0|225|32250|4512|5078|2109|733|635|1273|778|1433|921|66|102|505|389|600|274|376|358|545|420|740|986|694|1033|2915|958|1725|804|8757|1933|293|317|3682|1209|2835|1202|255|294|176683|5210|67974|4943|54495|4850|44486|4181|4195|1463|5814|1350|4287|1344|9106|2246|86|115|59084|5907|609|537|1401|826|0|225|45476|5252|3722|1059|888|771|4318|2005|1527|924|585|407|558|578|0|225|32388|3810|246|259|13579|2874|687|423|2547|1487|524|292|3717|1389|357|237|2148|633|8583|2062|0|225|17115|3098|678|406|172|175|19|39|1836|1195|2491|1251|511|484|606|764|4141|1631|604|522|1603|787|3749|1307|250|253|38|64|417|288|122|98|39743|4141|16388|3492|261|442|3882|1703|4953|2048|80|127|100|122|6155|2569|251|282|706|641|2894|1450|1105|836|666|590|1123|1159|0|225|8194|2155|813|835|3041|1031|3513|1375|128|151|699|456|1452|712|1452|712|0|225|10239|2624|705|466|2175|897|882|990|997|915|3946|1861|377|602|939|690|0|225|218|263|576|353|2212|925|2212|925|1891|912|321|203|0|225|0|225|0|225|0|225|232601|12790|220371|12485|82687|7482|316|269|1090|657|1957|1457|430|407|59118|6416|0|225|16194|3745|2051|718|96|168|0|225|1100|653|0|225|335|255|46570|7419|303|471|1695|1691|15384|3857|17711|4387|5021|3088|3887|1265|1299|960|260|308|1010|1546|91114|10346|2558|1216|1698|1154|63854|9407|2627|1082|6573|1939|6980|3056|416|467|3067|1394|379|442|2962|1133|0|225|12230|1886|12177|1883|53|88
314M700US1698016984|1452066|24334|303583|14661|24944|3706|710|558|6426|1889|177|190|1972|1856|15231|2655|7232|1858|7111|1786|888|645|428|330|20394|3251|1114|484|687|411|3464|1122|12362|1900|1448|609|1319|1306|0|206|24993|3140|8308|1897|13302|2171|659|682|0|206|2680|842|44|74|231620|13820|5844|1750|4578|1776|6492|2213|13188|3183|2501|1008|3187|1030|1514|944|619|310|9547|3114|3469|1362|3650|1162|107338|8327|11992|2645|14146|3941|5071|1839|33263|6261|5221|1163|1632|1110|449078|9399|103812|6319|68085|5665|57514|5828|4473|1227|6098|1435|5614|1702|26039|3398|4074|1642|185787|10772|3506|3305|2271|1365|98|157|132319|9887|6678|1714|2401|1557|1992|1144|29350|4950|1269|1128|1988|1064|3915|1880|105562|7092|6495|3929|1688|702|2119|937|1280|848|2600|1106|72258|5422|1062|512|4883|1895|13102|2909|75|124|48028|5696|646|620|517|440|96|162|10856|2165|4283|1344|9292|2857|1242|681|5379|2708|2551|1262|5749|1838|4020|1554|695|369|1928|1622|774|682|5889|1971|62825|7961|8220|2649|412|509|3119|1785|1612|917|347|570|379|244|1094|1260|401|512|856|656|2565|1472|2132|1231|0|206|211|273|222|357|11567|3035|2013|716|3475|2248|3539|1772|1406|1463|1134|794|3356|1848|3267|1842|89|117|35755|6595|34|60|10810|3883|108|128|0|206|22911|5647|62|102|246|402|1095|1041|489|419|1362|1452|4172|1180|3617|1122|2729|1064|888|402|396|501|0|206|0|206|159|207|632408|15056|620686|14590|23895|4409|0|206|161|191|7116|2460|90|154|3318|1588|0|206|4031|2159|7077|1906|0|206|110|185|1461|973|0|206|531|439|514803|13775|4230|1684|623|349|7097|2172|19357|3859|13848|4573|464747|13163|3456|1459|1445|938|0|206|81988|8512|4797|2105|641|436|5284|1400|3276|1595|20123|4365|20185|6860|95|114|8102|3136|244|267|18503|4437|738|687|11722|2451|11594|2422|128|207
314M700US1910019124|1205374|25927|47249|5151|9877|1682|384|373|581|376|422|541|497|399|7878|1469|3060|1126|4210|1173|608|354|115|140|10547|2284|159|141|254|204|3468|1500|5319|1271|752|600|558|453|37|63|4264|1727|558|410|1345|609|396|396|0|236|1965|1516|0|236|22561|4158|362|408|761|638|1779|902|520|315|2143|2564|851|598|876|629|166|140|796|760|61|105|0|236|822|549|3141|1597|5079|1883|1528|1883|3097|1320|579|360|0|236|414656|9802|68822|5365|42401|4680|31871|3963|2582|1072|7948|1806|4757|1431|21498|3151|166|261|240990|9937|2795|1332|9636|3225|49|79|179698|8956|16375|4516|267|330|8603|2294|20650|4411|1019|574|885|563|1013|1029|78170|7723|3652|2235|3316|1368|861|496|1688|855|2230|1112|21663|3467|699|461|2423|750|41638|6328|0|236|26019|4960|208|264|140|170|0|236|6811|3266|1196|567|1821|986|1911|1291|2147|798|3351|2058|2295|1559|3239|1177|2029|1495|0|236|871|489|655|431|98703|10276|38696|7080|6076|3315|16384|4152|8703|3401|608|774|1571|748|1430|1248|1942|1201|1982|1374|5793|2377|3286|1684|254|378|2157|1693|96|125|6242|1641|257|330|4131|1447|870|545|500|437|484|447|3250|1008|2925|931|325|407|40785|7355|0|236|9103|5344|493|404|1477|939|25448|4843|193|255|816|627|194|322|3061|1994|3937|2243|5791|5519|1758|824|1368|742|390|302|130|176|0|236|154|160|3749|5446|638975|17844|627347|18025|21876|4350|472|634|213|268|10158|3728|537|478|3293|1500|0|236|1779|1192|4129|1740|0|236|0|236|921|628|0|236|374|345|530978|17630|456|315|2241|1297|51200|8076|22400|5689|39135|7437|405656|17347|7479|2494|2094|903|317|362|74493|9716|3941|1583|2236|1375|10113|3326|938|713|13495|3635|3294|2295|612|674|8736|2860|205|245|30796|6971|127|191|11628|1966|11502|2005|126|210
314M700US1910023104|415344|13539|18081|2745|4323|1229|53|91|605|375|259|212|150|173|3228|1109|1043|566|1759|642|426|501|28|47|4301|1216|386|492|0|236|175|148|3061|1031|613|489|14|26|52|84|1184|617|102|169|408|359|74|124|0|236|600|402|0|236|8273|2591|753|970|81|140|614|475|234|374|700|813|105|125|359|527|50|82|0|236|299|355|335|553|370|341|462|322|1334|866|0|236|2357|1560|220|191|0|236|109267|5388|10321|2096|5981|1622|4176|1261|726|551|1079|557|1609|796|2731|1006|0|236|46339|6871|4160|2679|2089|1098|2224|1990|19343|3652|2838|1386|391|465|10502|3353|4422|1678|370|434|0|236|0|236|43516|4539|2354|1630|955|665|149|149|3163|1773|615|375|10286|2345|0|236|1679|857|24315|3821|0|236|8735|2242|0|236|0|236|0|236|1865|1007|98|115|2217|1534|549|592|1664|1196|604|397|372|363|523|360|461|480|52|90|330|420|356|324|47027|7192|8609|2255|202|328|968|666|4017|1528|333|313|81|130|1295|712|247|267|1466|969|8234|4032|1988|1799|2926|2422|3232|2194|88|148|6418|3129|64|106|3051|2224|222|273|3030|2087|51|85|673|634|673|634|0|236|21641|5570|0|236|5145|2455|205|229|890|844|14689|4482|0|236|0|236|0|236|712|652|1452|1150|3547|1403|1433|1060|1164|951|269|426|62|103|0|236|803|879|1249|1399|237422|10206|232392|10309|10277|3176|0|236|0|236|7114|2848|0|236|766|579|0|236|305|413|1733|1070|0|236|0|236|71|121|243|311|45|76|202186|9757|79|96|871|589|12160|2890|3749|1619|11331|3734|170814|8398|2845|2014|337|342|0|236|19929|5281|1112|595|343|484|3591|2863|389|369|4933|2472|1696|972|758|564|3226|1454|210|179|3515|1735|156|259|5030|1515|5030|1515|0|236
314M700US1982047664|289979|12071|65464|6584|5133|912|189|185|124|121|44|73|0|184|4776|927|1729|582|2511|752|536|278|0|184|9450|1689|314|305|116|149|2038|889|6377|1266|509|351|96|124|0|184|7239|1548|689|483|5613|1431|47|68|0|184|408|294|482|373|43583|5821|6511|2226|813|634|1630|947|2308|1974|243|198|392|256|72|125|233|199|146|149|397|310|1998|908|6386|1802|6249|1750|2507|910|560|351|6369|3165|6769|1991|59|93|162682|7574|30218|3940|15526|2353|11783|2152|1284|960|2459|797|5579|1755|9047|2870|66|113|63123|4471|66|112|12967|3013|0|184|42361|4109|2285|1233|0|184|1027|1520|3326|1136|820|559|177|178|94|123|14842|2329|0|184|572|460|222|165|883|527|228|224|7877|1363|197|277|769|541|4094|1262|0|184|54181|5907|199|242|463|410|88|145|44230|5288|611|348|1772|816|443|407|2970|1372|408|413|2289|1146|578|592|0|184|30|48|100|119|318|277|9449|2203|513|343|0|184|129|162|44|71|0|184|0|184|0|184|118|211|222|194|1490|942|386|357|242|396|714|727|148|245|2918|1094|191|226|1924|853|482|359|0|184|321|451|815|474|737|458|78|139|3667|1549|0|184|651|663|0|184|478|629|2140|1052|164|282|0|184|0|184|234|316|46|11|964|698|796|643|710|605|86|102|0|184|0|184|168|285|0|184|51420|4673|33329|3689|2929|1629|214|342|0|184|581|401|0|184|243|207|0|184|369|391|1522|1662|0|184|0|184|0|184|0|184|0|184|22890|3177|0|184|151|144|736|677|895|521|1364|875|19428|2948|42|76|274|262|0|184|7510|2071|707|432|68|103|3218|1049|29|48|619|397|184|157|0|184|0|184|40|67|2586|1761|59|105|18091|3272|18091|3272|0|184
314M700US3108011244|967323|19331|57720|5984|14157|2227|143|117|1320|569|572|418|805|399|11199|2030|3613|1165|6968|1687|618|307|118|108|12649|2580|661|584|355|310|1630|910|8153|2144|1618|703|100|165|132|148|4138|982|733|451|1674|495|385|345|0|221|1346|725|0|221|26776|4809|0|221|1004|691|239|188|1228|1062|682|595|1506|707|980|527|311|338|519|581|94|159|170|194|2911|1415|3182|1451|7037|2525|963|664|5515|2404|435|382|0|221|505309|11094|166484|9142|80757|7334|53747|6863|4458|900|22552|3310|13425|2595|72302|7247|0|221|84746|7899|2433|1139|2079|1560|0|221|36073|5115|33532|5193|656|766|1081|830|6476|2437|1366|901|626|594|424|329|227186|9989|1216|838|4269|1353|4471|1618|2140|1178|1876|843|50351|5527|1521|840|4329|1376|156989|9255|24|42|23864|4634|634|585|152|253|596|713|2023|1051|1931|881|2309|1241|2352|2035|3510|1253|2047|2009|4610|2430|3147|1595|210|216|0|221|343|377|3029|1841|20339|4896|3601|1595|425|702|1495|1210|344|284|410|467|163|166|101|124|356|270|307|172|33|59|33|59|0|221|0|221|0|221|11053|4030|156|258|8735|3301|1944|2489|0|221|218|287|2195|1084|2195|1084|0|221|3457|2735|0|221|346|492|41|69|0|221|2622|2721|287|304|0|221|161|289|0|221|0|221|4502|1316|2947|1093|1750|746|1197|653|310|227|0|221|0|221|1245|739|379453|12034|366686|11702|4997|1598|0|221|156|255|2726|1336|0|221|289|304|0|221|351|286|954|663|0|221|0|221|366|386|45|76|110|129|325876|10793|86|143|1521|688|15760|3665|13238|3609|2806|1329|289964|10679|2136|1226|365|343|0|221|35813|5756|3318|1144|2676|1418|4935|2024|1269|632|9005|3291|2757|1120|684|783|8584|2655|51|83|2212|1360|322|461|12767|2121|12767|2121|0|221
314M700US3108031084|3240161|31265|163475|8350|36097|2992|1865|822|1775|644|729|487|2163|799|28895|3119|14488|2019|12533|2224|1874|682|670|451|34051|3970|1727|849|1573|671|13103|2724|12933|1748|3365|913|1224|501|126|148|17198|2830|4832|1758|7550|1539|1782|777|122|204|3034|1116|0|221|75573|6486|76|64|2683|860|1063|741|1372|547|1058|609|3070|1008|1861|817|1584|892|814|524|2120|1031|0|221|4381|1232|5840|1544|29358|4265|918|522|15237|2752|4138|1294|556|443|1185392|15805|455211|13389|288687|9759|195071|9024|31330|3530|62286|4654|32499|3829|129738|9243|4287|2994|195097|10955|7454|3483|11573|3579|0|221|58694|6382|98415|8034|2046|967|2256|1340|5704|2210|5781|2262|2056|1222|1118|692|383985|13512|8694|1928|21017|3331|8329|1739|2083|891|5070|1611|223268|10861|3707|1591|19727|3288|91987|7237|103|150|149002|9426|81493|7675|3265|1466|2995|1569|7341|2578|13519|3341|3713|1503|673|473|18610|3305|2364|1187|7735|1882|5966|1583|657|499|0|221|671|479|2097|1002|53744|6984|10139|2729|770|612|4778|1990|1157|867|77|127|158|198|1230|935|305|273|1664|913|2335|1203|1898|1105|0|221|101|99|336|469|21427|5782|992|613|13172|3200|2980|1950|2421|3279|1862|1122|3207|1017|3207|1017|0|221|15847|3497|73|125|1553|749|454|534|661|490|11174|2938|490|420|480|300|530|666|432|316|789|555|16515|2650|8365|1703|6373|1363|1992|1016|4109|1727|0|221|55|89|3986|1688|1821035|24937|1789404|24091|28418|3943|174|293|472|353|13255|2192|336|544|4028|2041|492|752|1543|980|5171|1473|172|179|189|185|1075|558|639|631|872|530|1643812|23364|12661|2894|4894|1493|271282|14681|178666|12047|42346|6327|1100308|23596|28828|4577|3565|1706|1262|883|117174|8975|10479|2072|6181|2519|16118|2917|6903|2317|27305|5560|11632|2673|1081|555|28862|4680|411|290|7040|2372|1162|609|31631|4133|30842|4048|789|856
314M700US3310022744|742629|18257|55972|6561|9250|2733|281|233|1339|901|42|67|411|450|6676|1950|3579|1489|2657|1230|440|266|501|432|8095|1670|821|505|618|546|2344|1025|3223|1203|269|199|820|467|0|243|10880|2698|591|363|4162|1325|1138|742|0|243|4989|2136|0|243|27693|4676|63|101|620|471|0|243|938|898|238|293|1404|787|1764|827|40|67|343|392|466|434|0|243|2849|1092|3098|1376|6545|2194|555|510|6192|2719|2578|1382|54|62|58400|4814|11304|2741|8996|2550|6314|2259|1747|834|935|575|802|428|1506|1076|0|243|23698|3854|0|243|1582|1328|0|243|14072|3084|918|620|332|350|241|325|5219|2785|0|243|1085|1252|249|17|13025|2966|633|752|0|243|61|105|1059|1254|510|435|6373|1882|102|120|645|532|3642|1518|0|243|9224|2053|0|243|197|196|153|262|721|724|4828|1402|341|559|93|158|279|216|67|114|1055|787|1233|831|189|273|0|243|68|112|1149|1027|12122|5710|932|474|53|88|0|243|463|385|0|243|56|95|130|156|0|243|230|225|595|557|201|327|269|429|0|243|125|156|3572|1341|315|277|1783|917|1424|1153|0|243|50|81|2120|1171|2120|1171|0|243|4466|4813|0|243|59|97|0|243|581|604|3774|4776|52|88|0|243|0|243|0|243|437|433|299|258|299|258|269|253|30|49|0|243|0|243|0|243|0|243|615836|18586|598497|18196|288933|12415|7002|2469|1685|1030|68167|7319|367|608|19496|3758|733|741|81604|10737|91745|7577|1181|1327|1011|733|11977|2478|1106|875|2859|1192|70261|9853|637|464|1640|978|13819|4354|9818|3199|17903|4345|16055|3738|8059|2784|2330|1008|0|243|239303|13759|12207|2276|968|654|36738|5716|4074|1673|72904|7399|8101|2255|9631|2725|27602|4908|5421|2106|60132|8024|1525|1275|17339|2958|17339|2958|0|243
314M700US3310033124|1472475|15376|48568|5404|5863|1667|37|60|300|194|191|243|579|468|4649|1564|2228|1037|2297|1222|124|121|107|122|11031|2023|284|230|433|328|5383|1558|2943|874|1424|609|564|467|0|243|14560|2949|445|405|5489|2054|318|218|0|243|8308|2173|0|243|17002|2795|29|49|586|380|0|243|602|400|0|243|221|190|633|330|214|231|206|202|236|189|473|444|1653|759|1697|792|6462|2105|68|118|2795|1028|1127|636|112|135|39895|4169|8215|2060|6989|1978|5674|1915|318|300|997|506|450|304|776|405|0|243|11202|2946|0|243|285|371|0|243|4588|1605|1667|1801|243|276|0|243|2323|1123|941|815|304|301|851|1139|7820|2082|873|830|54|88|501|449|253|324|0|243|3321|1324|0|243|556|343|2210|1176|52|89|12462|2456|0|243|215|371|357|473|191|178|6569|1835|199|180|0|243|1579|850|214|197|731|497|1876|992|210|247|0|243|321|332|196|227|8505|2385|2718|1328|328|419|907|659|612|494|0|243|492|715|49|91|40|66|290|223|250|400|0|243|0|243|250|400|0|243|2250|874|46|79|1159|757|637|517|56|88|352|304|959|830|959|830|0|243|1138|647|0|243|152|183|0|243|41|70|534|417|0|243|0|243|0|243|411|504|1190|1338|731|460|386|368|328|356|58|98|0|243|0|243|0|243|345|255|1374776|14796|1369220|15159|785713|16858|5016|1334|1077|1173|648751|15641|544|578|35029|4571|654|817|68569|7402|20168|2997|748|568|387|344|2686|1134|394|531|1690|932|211183|13501|310|264|5788|2191|14410|3008|20351|4478|42491|6201|25588|3468|95411|9732|6834|1668|0|243|372324|13337|33819|4031|2670|872|26460|4092|11617|3174|107022|7973|18278|3796|2568|1199|33165|6177|4053|1468|130687|10432|1985|1101|5556|1962|5556|1962|0|243
314M700US3310048424|424679|14537|46179|5085|9941|2459|253|295|2048|1380|33|55|774|683|6012|1381|2113|789|3549|1245|350|257|821|374|9943|2138|444|289|734|669|1649|787|5195|1526|688|470|1233|990|0|243|6890|1829|1241|730|3751|1301|1299|1011|0|243|599|353|0|243|19310|3615|780|808|485|482|117|193|866|872|673|417|1684|1678|1372|727|0|243|51|83|1303|1050|134|157|2486|1107|1934|995|3953|1654|519|498|1746|834|1207|932|95|160|38863|4085|6772|2127|5411|2045|4132|1816|811|717|468|344|289|289|1072|750|0|243|10617|1873|55|97|1205|1025|0|243|5220|1432|1426|1019|365|375|526|568|1237|724|112|196|471|466|0|243|12997|3092|546|627|299|313|408|552|101|170|434|583|5178|2186|101|164|1847|1668|4083|1624|0|243|7921|2452|109|176|0|243|86|145|379|440|2415|1065|472|455|641|697|1701|1001|0|243|804|891|1314|852|0|243|0|243|0|243|556|450|7010|1919|599|409|0|243|0|243|85|137|0|243|133|173|54|89|241|304|86|141|185|169|79|131|0|243|0|243|106|103|1421|677|113|148|806|490|354|237|0|243|148|181|2909|1449|2909|1449|0|243|1056|672|0|243|335|442|66|115|110|128|434|467|54|94|57|96|0|243|0|243|840|665|1052|697|999|694|999|694|0|243|0|243|0|243|0|243|53|96|331575|12557|319623|12856|166137|11153|1506|904|716|567|49726|5722|378|634|10326|2836|289|468|69687|8629|27238|5408|127|218|431|506|5143|2272|0|243|570|615|71773|8003|515|379|1395|1096|4706|2007|26431|6516|7450|2716|24470|4706|5727|4061|1050|855|29|48|81713|8720|5953|2498|1621|1253|18921|3779|1729|984|25231|4502|2869|1244|2213|1142|7945|2429|717|495|13509|4165|1005|710|11952|2258|11868|2260|84|142
314M700US3562029484|563648|13143|78894|5611|11238|2237|165|164|4058|1738|121|153|410|291|6284|1350|2079|693|3531|1068|674|344|200|185|10631|1384|270|196|344|334|779|383|5086|1079|898|401|3254|569|0|225|18277|2532|1745|787|9191|1821|5679|1426|50|81|1406|696|256|409|38440|4970|668|813|566|442|0|225|367|282|446|301|1466|706|1551|731|362|494|326|287|748|447|1298|954|11050|3009|2233|1144|5645|1838|420|482|8581|2047|2713|1120|308|431|244234|5628|46923|4348|35102|3654|25046|3243|3396|982|6660|1924|1328|711|10493|2331|0|225|152408|7135|24|41|1445|816|0|225|131269|7591|1157|688|300|255|1728|1347|12426|2982|2754|1345|766|445|539|596|33209|4232|394|384|135|205|1367|985|427|341|1601|1407|21819|3732|482|307|710|540|6274|2067|0|225|10852|2822|123|142|1006|885|1265|973|161|206|2336|913|1043|851|141|231|852|384|209|240|939|736|2020|1349|449|383|0|225|308|266|842|622|27442|4204|3023|1396|0|225|356|297|1409|1138|92|165|181|291|589|517|83|143|313|252|578|690|399|664|32|53|97|163|50|83|11803|2803|662|813|9389|2240|1547|1365|197|172|8|14|855|404|855|404|0|225|11183|3108|0|225|5536|2277|192|246|355|329|2623|1200|698|713|1084|860|40|70|655|658|0|225|898|489|773|452|773|452|0|225|61|99|0|225|0|225|64|106|212180|8951|206272|8714|67879|6482|7|16|1186|725|4127|1353|1084|714|42027|5558|470|576|7423|2448|6946|2106|800|758|115|146|3405|1707|155|254|134|95|79677|8055|287|345|4527|2155|7570|2830|8153|2920|12146|4170|44749|6821|1265|784|980|621|0|225|58716|7251|2512|1046|58|97|10171|2686|736|489|15249|3807|6404|2316|3259|1474|15443|4519|1206|592|2204|1070|1474|768|5908|2204|5908|2204|0|225
314M700US3562035004|579448|12776|72754|5171|11007|1992|207|173|3516|994|535|373|145|138|6458|1664|1970|700|3767|1124|721|413|146|131|9165|1404|701|526|731|427|1458|501|5442|1251|440|229|393|365|0|218|22589|3030|4816|1515|12779|1589|3230|1655|0|218|1598|1208|166|205|29993|4358|1374|1493|329|402|16|28|113|154|1085|602|1214|705|1003|812|138|167|421|323|72|91|149|152|11186|2643|1293|541|5149|1517|143|126|3461|1094|2847|1750|0|218|158758|5482|51434|4377|36144|3870|29773|3803|2656|748|3715|817|2067|1137|13223|2419|0|218|77265|6004|1374|808|9707|3580|0|218|37397|4201|5764|1702|792|678|1075|874|19181|3730|1105|556|681|614|189|188|16839|2704|1595|1132|0|218|1053|1093|185|305|303|247|10413|2436|453|371|688|351|2149|906|0|218|12959|2358|78|129|25|43|549|580|818|479|3629|1220|626|457|131|166|721|367|281|202|816|612|4376|1283|241|210|144|228|524|436|261|171|13271|3121|2139|1346|71|119|163|224|129|152|66|112|806|1076|0|218|294|406|610|615|47|67|34|67|0|218|13|3|0|218|2666|1148|0|218|1447|617|814|812|234|202|171|148|786|590|786|590|0|218|7183|2314|0|218|2163|929|0|218|0|218|4283|1723|364|536|0|218|0|218|373|586|450|442|943|441|888|412|619|341|269|246|0|218|0|218|0|218|55|96|333722|11953|329555|11798|99486|7601|237|307|963|619|3735|1267|1074|1147|33097|4957|239|225|30549|4767|18753|2906|106|113|723|490|8773|2393|674|692|563|335|143638|10015|124|157|1069|822|78851|7736|21266|4868|15753|3980|21868|3610|2734|1693|1904|980|69|105|86431|7765|3190|1214|1270|806|4006|1694|3272|1345|21681|3922|19419|4285|14867|3579|15342|4165|480|365|1993|964|911|715|4167|1222|4167|1222|0|218
314M700US3562035084|584836|16488|74156|6339|10212|1888|123|132|1646|631|644|792|463|354|7158|1398|2847|847|3547|1174|764|497|178|237|7238|1548|344|280|167|170|2274|1049|3109|902|878|576|330|264|136|223|26955|3305|598|466|7281|1839|15818|2931|0|225|3258|1365|0|225|29407|4375|880|618|797|493|902|746|896|757|477|444|1371|946|782|436|623|595|0|225|191|196|418|259|10505|2561|1139|705|3059|1177|438|484|5655|2187|1274|631|344|417|102613|4599|27987|2834|20683|2533|14062|2007|2553|1070|4068|1090|1866|792|5357|1460|81|132|47008|3983|869|635|2384|1154|0|225|36430|3714|1788|1284|265|292|260|242|3732|1658|251|244|682|458|347|344|19611|3107|649|917|0|225|197|233|0|225|382|319|15893|2844|123|206|319|295|1913|962|135|227|7525|2292|0|225|0|225|1348|1243|0|225|1159|616|274|245|196|179|1647|1165|231|219|150|211|1945|1077|373|354|38|62|164|183|482|373|45621|6710|4185|1555|266|414|1070|885|1548|801|0|225|258|291|39|63|153|218|851|836|1250|906|691|712|0|225|0|225|559|593|5726|2145|514|659|4336|1752|549|469|127|221|200|260|1266|536|1266|536|0|225|29462|5866|0|225|7441|2663|202|253|1040|658|17981|4497|338|579|0|225|1286|1298|1174|1004|3732|2422|854|440|854|440|854|440|0|225|0|225|0|225|0|225|0|225|361592|12788|356023|12961|119709|11217|67|113|2499|1723|12597|3345|1801|1651|34397|5742|622|619|32217|5803|22334|4508|861|871|1058|1160|9887|2755|260|278|1109|765|74524|7842|504|507|9809|3725|18753|3860|13210|2966|14648|4039|15236|3442|1452|1057|912|904|0|225|161790|10466|2526|1187|274|303|27285|4866|3428|1843|39236|5339|48211|6774|13286|3874|18256|3547|3884|1574|3514|1503|1890|965|5569|1655|5278|1715|291|265
314M700US3562035614|4210073|36039|594730|18352|77477|6028|1766|859|21571|3410|777|455|2929|1123|49929|5124|28969|3852|19085|3417|1875|825|505|374|62517|6049|4542|1619|2993|935|23781|3911|23556|3936|3726|1182|3766|986|153|182|109592|8898|24457|3679|58718|4945|8915|1862|119|109|16467|3629|1035|741|343358|14488|28856|5441|13311|2857|3859|1754|2920|978|4815|1706|6037|1802|8240|1689|1648|674|4689|2415|4885|1437|8623|3500|52621|6213|12298|2338|57636|5912|6294|2643|80229|7326|46397|6463|1786|939|1245894|17122|580770|14399|446792|13997|375294|13120|42424|5397|29074|3649|28440|3682|105414|8515|124|153|384516|12385|2741|1117|120112|8385|279|281|143977|8892|11461|2371|6699|1773|13813|3283|42355|5469|4347|1290|33567|5465|5165|1636|155055|7310|7218|1547|1848|901|5919|2394|287|256|10362|1998|98009|6526|3223|1516|7157|1858|20955|3235|77|127|119356|9820|2569|1249|4415|1679|13355|3406|1330|806|25121|3871|5001|1501|1556|775|8596|2319|4624|2458|10750|2537|20235|3103|1312|793|17995|5192|2497|1119|6197|2106|206229|13462|10758|2607|0|210|1916|917|3800|1687|0|210|940|650|304|368|1030|640|2768|1544|6299|2595|874|689|630|434|447|387|4348|2579|58036|6711|4071|1732|36725|6423|12618|2897|2441|1522|2181|1633|6576|2073|5716|1992|860|681|114251|10847|132|159|39262|7788|3677|2228|3736|1490|29146|4408|6579|2390|2408|1356|5441|2423|23870|6470|10309|2974|15210|2775|14238|2736|12470|2652|1768|909|205|213|0|210|0|210|767|711|2148010|24245|2111606|23940|1036086|23483|1642|957|19506|3492|36906|4349|9420|2504|531367|21078|16968|3635|99746|8258|199002|11388|11148|3834|14511|4030|75434|7488|7778|2322|12658|2327|405361|21515|6485|2018|7641|1856|63154|10876|70412|10072|37126|4696|197076|13672|11576|3072|11646|2641|245|413|670159|21864|16975|3016|7023|2946|35665|5514|9429|2648|136138|10928|201249|13481|139199|11054|77474|7254|4453|1554|35853|6607|6701|1786|36404|4420|36404|4420|0|210
314M700US3798033874|230575|10563|47478|6451|6908|1619|199|179|1188|774|73|92|284|237|5164|1290|2762|949|1946|728|456|244|0|190|5660|968|199|159|357|276|834|435|3633|886|459|291|178|191|0|190|5225|1495|1126|645|3086|995|986|994|0|190|27|45|0|190|29685|6198|1202|712|4051|2996|426|447|431|405|287|259|787|554|646|447|246|233|221|210|762|563|0|190|2637|1323|957|482|3157|924|469|321|8919|3116|4487|2410|0|190|104858|4969|32720|4425|19718|3475|15696|3202|1221|653|2801|1062|398|280|12604|2457|0|190|51270|4656|394|457|3591|1898|0|190|37901|4056|1372|644|1065|680|368|375|2102|1020|679|474|3392|2193|406|428|14613|2605|83|109|1178|786|487|361|469|465|941|853|4767|1235|327|265|1084|622|5277|1699|0|190|6255|2447|162|272|625|570|345|500|48|83|282|236|144|236|44|72|478|415|498|406|1286|1028|2225|1870|75|100|0|190|43|73|0|190|16261|3653|2497|1014|69|124|218|204|1086|783|0|190|94|159|87|97|375|421|568|550|1147|883|186|119|313|499|0|190|648|722|4499|1632|1615|888|2616|1338|64|107|103|139|101|162|438|331|438|331|0|190|7626|2825|0|190|672|546|171|300|4026|2697|2477|1289|68|109|0|190|0|190|212|234|54|92|663|390|429|278|189|190|240|212|0|190|0|190|144|238|90|146|61315|5514|57456|5225|10856|2638|0|190|249|386|1030|907|0|190|2913|1622|0|190|3105|1788|2037|739|0|190|0|190|1366|906|0|190|156|247|31873|4274|42|70|360|342|660|570|3118|1493|3197|2044|23862|3659|176|297|154|254|304|404|14727|2994|815|479|370|390|3565|1538|648|456|3530|1941|1210|868|1355|915|1258|997|609|640|1247|699|120|147|3859|1116|3859|1116|0|190
314M700US4186036084|903836|14854|62137|5017|17612|3087|795|420|2804|1100|44|74|628|316|12760|2512|6624|1682|5204|1562|932|645|581|600|12595|2099|449|485|415|297|3684|1133|6552|1433|1062|608|384|263|49|82|8028|1595|1252|642|2542|915|2333|895|513|377|1850|672|51|85|23902|3977|73|128|559|358|2698|1812|708|380|0|221|1045|700|517|327|256|249|78|130|928|717|0|221|2424|1150|1801|1220|5503|1726|91|108|6151|2064|1070|519|0|221|504987|10079|172472|8302|144416|8344|104867|8150|17488|2279|22061|2769|6683|1520|17620|2793|3753|2725|179633|9745|16391|4050|1238|726|0|221|133848|7693|9630|2320|527|397|6990|3159|9123|2641|798|453|726|583|362|359|139631|8584|4910|2441|3302|1795|2978|1203|4623|2237|2338|1010|82908|6307|2049|987|5000|1634|31523|4386|0|221|10737|2426|483|536|106|174|75|120|324|227|2047|1135|734|802|770|605|302|263|803|655|637|624|1612|715|317|371|2373|1467|154|195|2514|1064|28811|4865|8214|2532|2933|2396|2009|941|1777|899|68|111|280|276|195|253|614|504|338|309|985|775|841|757|54|84|0|221|90|156|7327|2605|2437|1512|2347|1148|488|356|1410|1364|645|638|1688|769|1688|769|0|221|9763|3176|0|221|941|758|0|221|124|149|7819|3221|325|346|487|530|0|221|67|106|834|837|13790|3506|2636|1106|2291|1019|345|249|6489|2019|0|221|163|298|4502|2420|294111|9260|283564|8619|4437|2426|0|221|0|221|863|522|0|221|458|532|86|99|453|585|622|374|0|221|0|221|1656|2175|157|266|142|176|247844|8835|89|145|1007|574|34769|5857|27544|5903|6113|2432|163669|9195|13577|3896|915|619|161|274|31283|4608|1555|712|508|418|6546|1469|877|440|7431|2704|1524|1223|1028|583|6873|3118|480|339|4299|2082|162|208|10547|2118|10547|2118|0|221
314M700US4186041884|544750|12344|56998|4288|12894|2125|206|203|3252|1054|101|113|874|436|8416|1690|4779|933|3074|1257|563|523|45|75|14827|2155|688|343|1471|799|6685|1486|4269|1249|1004|518|684|315|26|46|6232|1854|603|429|2590|902|871|676|116|197|2126|1249|42|69|22993|2907|0|221|1376|610|50|83|1028|661|191|233|119|134|907|985|99|126|0|221|1003|722|211|274|2365|1028|918|465|6260|1585|65|109|6769|1675|1632|1005|52|85|326256|7615|173302|7136|149150|6137|116347|5943|21293|2514|11510|1925|9118|1878|13702|2542|1332|1000|40323|4300|488|556|569|499|0|221|26190|3247|5987|1548|1292|1295|1963|1055|2947|1533|416|466|128|146|343|559|98233|7032|6722|2689|1156|651|2089|1061|329|257|2153|814|63146|5800|1857|744|2962|1317|17819|3001|0|221|13618|3122|279|258|1186|1156|0|221|109|133|2094|885|1810|901|260|296|900|513|242|326|589|693|4500|2140|308|304|430|397|911|686|780|617|8219|2023|1934|817|0|221|585|451|546|367|0|221|27|46|0|221|99|118|677|621|0|221|0|221|0|221|0|221|0|221|2770|1220|92|152|752|418|1673|1051|0|221|253|230|1807|746|1628|689|179|290|1708|847|177|214|340|325|172|199|0|221|839|659|0|221|180|291|0|221|0|221|0|221|9529|2242|3749|1131|2929|1055|820|470|2659|1351|0|221|0|221|3121|1066|143748|7639|133444|7726|1444|908|0|221|0|221|950|856|0|221|0|221|0|221|185|236|270|185|0|221|0|221|39|66|0|221|0|221|106678|7543|277|338|743|678|18773|3873|14516|4182|4753|2327|58991|5945|8576|2879|49|84|0|221|25322|3501|1907|788|379|335|8261|2340|2100|932|5408|2444|1018|540|84|133|4048|1196|188|211|1834|1159|95|158|10304|1926|10251|1919|53|90
314M700US4266042644|586010|13160|70183|6410|13614|2563|670|747|915|372|688|396|693|384|10212|2040|6473|1715|3337|874|402|254|436|357|11129|2312|522|363|554|382|2344|821|6155|2084|1008|465|382|345|164|194|3423|942|644|375|1332|612|357|264|0|217|1090|468|0|217|42017|5814|0|217|914|530|803|671|2527|994|900|746|1151|572|477|285|175|154|192|185|1875|1426|94|110|2169|911|4000|1225|9719|2788|344|377|13905|3845|2772|1299|0|217|338663|7245|129409|8110|93829|7055|72652|6228|8407|1796|12770|2424|9780|1714|23654|3933|2146|1502|107796|7826|4173|1996|1376|1108|394|637|87026|7206|5987|1957|1429|716|3754|2601|1751|931|635|497|801|505|470|315|85972|5621|987|669|2786|933|3401|1448|1949|839|1186|605|35579|3782|935|496|4368|1550|34781|4684|0|217|14967|4147|833|1010|909|605|189|223|5468|3675|2636|1138|368|357|140|172|456|352|1294|880|542|661|1651|678|46|76|199|261|236|225|519|340|49746|6050|34759|4725|2042|1236|14382|3753|8841|2771|6722|2604|1221|975|228|181|883|792|440|406|1405|790|146|249|212|248|725|494|322|527|5231|1953|0|217|1944|1099|576|609|1878|1109|833|1020|3052|1626|2246|996|806|1288|4132|1776|0|217|1418|1185|0|217|423|686|952|600|352|428|429|479|205|354|353|359|1167|1475|9071|2067|3857|1098|2909|974|948|490|982|584|940|794|804|514|2488|1260|118347|7060|99466|6788|5003|1328|100|166|0|217|1131|569|0|217|928|670|0|217|389|482|941|541|0|217|328|531|622|616|0|217|564|565|72131|7271|0|217|242|234|6212|2761|4042|1594|5056|3286|53454|6044|2725|2086|400|456|0|217|22332|5294|1868|1012|45|74|6548|2632|2176|1713|4015|2177|1230|686|206|228|3518|2324|170|242|2382|1279|174|287|18881|2905|18841|2903|40|66
314M700US4530045294|417965|14410|40404|4666|8911|1818|296|257|1054|505|107|131|282|276|7026|1722|2580|943|4141|1284|305|233|146|178|7106|1859|128|169|544|534|1350|851|4539|1086|451|402|47|76|47|80|6821|1714|2082|848|2429|959|605|413|0|243|1705|919|0|243|17222|3952|1883|1476|273|335|555|555|1142|788|298|478|312|283|834|550|43|71|298|223|94|158|0|243|3017|1485|1156|828|4705|2602|219|187|1516|870|877|544|344|327|79511|4788|12198|2811|7647|2324|6781|2379|266|196|600|381|2527|1477|2024|1090|0|243|34179|4062|101|134|741|633|0|243|27566|3812|1161|798|1089|1197|861|751|1944|1104|266|333|391|534|59|92|22665|2921|531|501|48|81|78|121|99|169|658|509|8625|2395|117|145|1257|574|11252|2486|0|243|10004|3879|0|243|59|97|98|153|413|529|638|599|1525|1001|798|790|1419|957|425|349|2758|2743|1007|766|368|386|152|246|344|359|465|425|13763|3147|1610|795|171|279|605|558|298|250|53|86|26|47|125|182|299|342|33|57|1161|1084|834|996|275|461|0|243|52|83|6479|2343|51|85|4240|2218|1693|878|0|243|495|422|2007|1279|1922|1262|85|144|2506|1367|100|120|649|989|191|312|0|243|1435|872|0|243|0|243|0|243|131|223|0|243|887|563|887|563|483|456|404|341|0|243|0|243|0|243|0|243|283400|13200|269923|12902|145951|12077|537|432|285|236|94514|9187|1320|900|14542|3829|539|682|12975|3370|10403|4085|172|291|554|595|9281|3414|0|243|829|635|59805|7328|987|765|4003|1535|5318|2545|3068|1319|6611|2241|34126|5614|3815|1678|1877|743|0|243|64167|7280|1481|826|161|206|9763|2424|1045|771|25249|5027|3188|1206|3068|1340|5845|1832|783|660|13487|5246|97|108|13477|3966|13433|3959|44|75
314M700US4790011694|791698|13099|57294|5453|13947|2382|379|361|945|386|614|441|1196|644|10662|2126|5207|1413|4686|1531|769|508|151|150|14586|2766|344|258|512|273|3134|1512|8806|2028|935|496|618|327|237|385|6716|1817|1647|966|2153|892|1234|763|37|61|1682|839|0|210|21853|3455|544|520|712|530|987|916|1375|890|277|200|965|370|777|487|165|161|343|203|624|455|179|188|1252|548|1537|684|6226|2200|317|312|4281|1739|1292|573|192|310|350669|8505|80348|5413|32382|3664|25412|3344|2385|860|4585|1170|5658|1409|39845|4329|2463|2278|171451|9493|25521|5923|11560|3265|0|210|71179|5590|17418|3188|1028|609|8906|2197|32799|6482|968|569|1722|1912|350|256|69783|5649|702|491|2855|1168|3430|1118|2020|998|1457|834|22213|3607|1208|635|6028|1635|29870|4367|0|210|28033|4651|857|701|1541|984|651|943|4964|1788|428|353|2400|1732|763|482|4389|1481|2327|1684|2038|856|5750|1841|981|626|423|349|521|310|1054|655|98779|7526|42923|5412|2286|1263|33017|5028|2164|979|1569|874|803|663|605|421|429|516|2050|2071|2300|953|1044|616|0|210|725|483|531|492|23839|3689|1330|827|7986|2174|9137|2607|3980|1396|1406|908|1347|619|1297|609|50|85|27039|4353|0|210|12788|2825|438|356|2141|1520|5151|1977|0|210|3209|1499|495|445|2817|1233|1331|869|1507|527|1281|499|852|398|429|272|121|160|42|69|0|210|63|78|283449|10040|276623|9704|13973|2658|321|270|144|168|2142|913|266|280|3047|1386|112|130|885|686|5135|1652|227|223|56|91|878|437|574|733|186|220|178065|10758|551|618|2065|1259|83695|9872|28924|5806|26112|5714|31006|5578|4398|1854|1314|682|0|210|84585|7150|5156|1564|23950|4755|4263|1421|1488|650|10531|2307|5784|1857|1703|872|25989|5231|971|866|4386|1772|364|355|6826|1194|6799|1193|27|47
314M700US4790023224|410246|11726|37939|5008|6789|1588|287|247|507|303|135|164|143|235|5560|1610|2995|1217|2470|1228|95|134|157|170|8518|1943|316|346|637|511|3533|1431|3389|1159|526|340|117|110|0|225|5019|2832|757|441|1042|528|564|388|0|225|2656|2588|0|225|17484|3435|1056|780|426|268|0|225|614|548|0|225|372|298|1099|695|265|244|778|730|358|362|0|225|1261|620|1112|803|4669|1790|340|323|4240|2118|894|481|129|172|138530|4428|47350|4552|29263|4007|21240|3774|1277|574|6746|1649|3716|1330|14099|2828|272|355|51724|4756|661|554|5583|2183|0|225|27742|3665|8088|1992|92|92|2767|1288|3567|1242|2059|1015|1165|1154|0|225|30152|3683|1198|965|2016|1231|680|382|121|112|395|340|14945|2693|282|345|1519|631|8996|1921|0|225|8110|1677|291|483|34|56|200|156|603|824|1675|633|347|310|264|204|1047|529|330|232|554|394|2540|1096|53|92|172|204|0|225|1194|863|70016|6208|29162|4708|1765|845|20636|4235|856|674|510|509|1381|950|2032|951|673|440|1309|723|12368|3174|8534|2803|480|337|1503|1064|1851|1753|3653|1595|411|475|559|374|2001|1298|328|276|354|406|2160|1292|2110|1288|50|85|21429|3791|25|43|5886|2258|646|485|1087|713|5932|1820|52|88|2212|1239|2256|1836|3333|1270|1244|750|1048|627|761|493|590|400|171|288|0|225|0|225|287|345|0|225|162713|8205|159588|8088|24844|5321|129|220|125|161|2072|1109|287|296|7350|3740|827|863|4086|2058|7907|3473|185|315|0|225|1622|945|12|2|242|312|93804|7481|0|225|1461|1051|53456|7479|14665|4804|9501|3784|8111|2317|4768|2053|1842|1099|0|225|40940|5332|2696|1145|4905|1575|5381|1927|3122|1585|5458|1768|4065|1612|1574|1018|9745|3084|215|217|2077|1135|1702|1285|3125|1077|2947|1056|178|235
314M700US4790047764|346250|11479|23752|2725|6461|1683|346|410|927|539|58|70|288|272|4842|1449|2991|938|1807|1039|44|79|0|210|6383|1424|146|148|327|236|2414|786|3048|1144|204|196|120|119|124|173|4538|1343|732|468|2067|1088|189|204|0|210|1550|653|0|210|6370|1453|419|331|324|338|251|413|429|312|329|314|257|316|449|442|86|137|86|140|0|210|0|210|511|461|368|270|699|373|183|169|944|489|1035|806|0|210|50834|3108|14654|2253|10343|2069|8663|1921|981|707|699|426|677|358|3634|969|0|210|18257|2932|2820|1654|2152|1258|0|210|7625|1647|2017|824|94|180|264|263|2474|764|366|291|189|195|256|180|15185|2143|421|366|187|181|597|470|392|367|61|84|10016|1915|0|210|538|414|2973|1123|0|210|2738|1017|43|72|372|605|28|48|30|50|305|235|189|228|189|339|569|321|88|127|154|190|535|319|189|223|0|210|47|77|0|210|80048|7889|15607|4007|1999|1352|9050|3162|2060|1207|58|93|542|528|466|494|587|699|845|759|18531|4510|15871|3957|1126|1274|307|530|1227|1864|3496|2102|152|178|2334|1866|250|320|334|358|426|649|692|501|616|486|76|128|41660|6227|87|143|5442|2528|1074|631|3142|1917|22365|4723|1098|571|5838|2152|1398|1283|1216|715|62|107|1108|702|899|601|773|596|126|127|0|210|0|210|0|210|209|349|190508|8346|187348|8696|35195|5905|0|210|790|510|1924|991|187|232|6511|2527|387|413|4925|2779|13118|3123|54|85|0|210|4302|1433|516|678|2481|2438|126879|6798|143|247|267|234|65227|6781|22767|4903|14085|4961|19900|3376|3217|1924|1273|836|0|210|25274|4050|2268|1112|2361|1388|3128|1138|908|927|3912|1893|1313|762|3917|1562|4376|1635|105|128|1785|937|1201|907|3160|1553|3118|1545|42|70
330M700US122|1079173|23084|79770|6026|19390|2551|709|571|1534|710|164|184|669|381|15622|2295|8125|1846|6023|1332|1474|670|692|460|19322|2905|330|246|941|444|2882|1007|11293|2138|3496|1501|380|262|0|210|4727|1270|628|481|1531|636|533|303|74|124|2004|898|31|52|35856|4980|585|612|1002|539|5713|2726|3308|1528|315|231|580|444|907|634|742|608|716|523|522|581|0|210|2555|1213|4048|1601|7464|2190|744|476|5180|1973|1475|604|475|359|332594|7839|88897|5140|43960|4474|36077|4241|1876|692|6007|1280|6073|1649|38864|4016|0|210|143282|6562|7275|2908|10930|2875|1729|1504|102770|6218|8267|1752|533|400|992|633|9466|2802|883|629|390|285|47|79|77338|5624|4979|1916|1462|748|1339|908|4290|1323|2892|1559|14247|2713|475|333|4080|1506|43574|3976|0|210|21425|4855|204|201|60|98|324|284|4979|2880|2885|1498|522|422|810|729|1212|652|2001|1043|1429|1385|5955|2213|725|422|0|210|319|211|1652|895|135406|10974|44911|6998|4554|2698|18277|4520|11718|2874|2206|1855|2094|1296|1144|919|711|588|4207|2674|7996|3509|2666|2329|738|615|3621|2397|971|926|7948|2616|842|749|3557|1737|2485|1591|694|700|370|334|6016|1784|5708|1691|308|365|65503|8017|310|360|13101|3162|690|493|4316|1984|36225|6324|1497|1115|1154|877|3465|2014|4745|1826|3032|1742|2933|1418|2172|1092|1614|1007|558|448|52|91|0|210|566|718|143|144|528470|14808|514202|14303|111281|8196|2720|1107|2457|1194|12737|2965|1203|916|12863|2947|692|484|15400|3923|46942|5855|731|821|1120|605|10621|3092|608|620|3187|1334|295342|10546|305|296|2715|1427|36987|5425|41261|6585|21885|4453|181193|9394|6836|2647|4160|1573|0|210|107579|8880|2656|1050|741|488|21608|4951|1820|794|31279|4352|5624|1854|10499|2838|7346|1890|2930|1641|22251|4599|825|570|14268|2121|13732|2057|536|402
330M700US148|1435533|25932|238195|9369|45060|3589|615|394|11979|2029|521|272|1642|615|29138|3068|14499|2278|12624|2151|2015|851|1165|571|28208|3376|498|270|1738|713|8359|1653|14001|2241|1883|848|1729|715|0|210|86688|5823|9062|2064|16370|2839|56299|4273|11050|2099|4957|1668|0|210|77882|6500|13165|3232|2173|1014|1860|946|3134|1463|700|469|1281|565|1694|760|469|376|1165|503|1130|1042|919|938|10298|1944|4196|1420|18617|3241|894|421|10723|2556|5464|1618|357|343|407871|9184|151557|7168|122954|7053|102265|6428|10659|2092|10030|2114|7518|1519|20999|3292|86|115|129673|9411|3283|2289|4267|1647|395|497|93877|8837|8911|2310|1293|889|6742|2373|6236|2073|2511|1073|1806|995|352|424|87060|6863|1080|710|20130|3480|3026|953|5128|1975|1779|732|14554|2891|1192|445|5651|1392|34520|3988|0|210|38877|5365|2008|1064|907|617|683|521|3810|1409|4067|1670|1045|676|1109|858|11951|2833|1269|689|3045|1031|8055|2209|250|253|38|64|640|422|704|518|131586|8911|31329|4808|476|518|7423|2110|9140|2748|724|656|1775|1121|7863|3023|1119|653|2809|1376|9486|2353|2146|1180|2038|917|4106|2135|1196|631|20326|3904|1315|927|6457|1464|10025|3383|1830|1586|699|456|3315|1061|3225|1035|90|139|64693|6739|28417|4357|11497|2434|1127|1033|5302|2001|12583|2933|1234|731|3314|2428|84|144|1135|641|2437|941|4873|1439|4471|1341|3608|1258|863|339|0|210|0|210|0|210|402|452|653008|20576|619111|20064|239015|14564|472|328|2973|1031|5622|2137|1546|912|135758|11373|0|210|64729|7207|17662|3111|433|421|218|227|6964|2825|523|743|2115|994|143875|11714|1306|1283|2935|1849|41740|7046|54396|7048|16662|4704|17884|3385|5119|3115|1061|765|2772|2050|236221|15421|4415|1498|3118|1411|137866|13911|5728|1777|38921|5934|18167|4868|3002|1784|11808|3460|1757|1063|10974|2539|465|778|33897|2947|33334|2864|563|416
330M700US172|355354|11899|39614|5400|8361|1791|196|229|444|304|0|210|264|199|7035|1737|2882|1028|3582|1369|571|580|422|400|7504|1716|227|195|91|109|1025|589|4625|1349|1131|666|304|258|101|140|5793|1581|1751|792|2245|1031|819|656|65|106|978|721|0|210|17665|4098|712|743|248|242|1453|1551|130|114|191|302|351|384|177|158|354|352|0|210|1929|1121|68|116|1389|562|1743|1032|3556|1836|181|243|3954|1760|1229|805|291|326|98331|5761|11890|2334|8346|1845|6732|1678|635|418|979|683|1015|443|2529|1130|0|210|53462|5894|1843|2498|1008|739|137|224|44524|4801|827|451|1022|769|2204|1206|1650|744|0|210|163|143|84|99|27856|3305|1947|1208|2183|1317|516|384|4568|1110|258|272|5812|1695|169|168|1758|931|10645|2553|0|210|4835|1383|88|157|44|73|69|114|332|452|721|632|596|501|370|271|298|272|432|457|144|178|905|851|670|561|0|210|166|197|288|252|30078|5983|8622|4341|899|831|2519|1328|382|300|3425|3964|550|560|540|443|35|62|272|346|3223|1931|1026|1012|0|210|1711|1433|486|770|2326|1103|124|155|1147|721|655|718|173|286|227|284|2675|1295|2643|1290|32|54|8891|2682|0|210|2070|1446|0|210|2585|1602|1952|935|372|379|642|764|544|573|726|718|4341|2250|1587|842|877|428|706|358|171|225|41|72|0|210|606|726|63|105|185744|7996|179110|7664|21886|4696|197|206|258|321|3727|1408|0|210|9155|3473|0|210|1063|680|5363|2265|0|210|0|210|1518|820|107|167|498|539|122186|7009|0|210|3359|1590|16199|2768|8646|3116|29266|4663|59201|5924|4139|1645|1376|708|0|210|35038|5361|1877|889|181|183|5208|2004|646|541|13768|3408|2651|1170|647|493|2994|1221|292|313|6774|2613|0|210|6634|1438|6423|1449|211|201
330M700US176|1779501|26194|354872|15532|29134|4017|864|593|6936|1901|395|390|2195|1916|18212|2880|8513|1955|8559|1965|1140|691|532|334|26741|3473|1470|579|1016|640|4450|1135|16080|2238|2092|818|1633|1346|0|210|30048|3391|9699|2104|16003|2244|692|685|0|210|3610|1187|44|74|267238|14593|6811|2103|6258|2196|6850|2218|14492|3254|2772|1043|3988|1224|2050|1084|862|374|10658|3167|4439|1529|4905|1302|118942|8649|14022|2899|17492|4363|6342|1978|38890|6601|7465|1558|1711|1117|527828|10082|123069|7076|79056|6076|66016|6269|5330|1450|7710|1562|6941|1790|32971|4079|4101|1640|215416|11277|3737|3286|2452|1376|98|157|157035|10423|7616|1820|2609|1640|2244|1158|31936|4942|1415|1149|2067|1069|4207|1879|129053|7502|6661|3935|2150|755|2119|937|1976|992|2641|1110|88667|5765|1199|514|5984|2079|17534|3204|122|146|53839|5779|646|620|640|472|697|464|11728|2221|5133|1329|10108|3000|1524|771|5630|2721|3067|1299|5950|1898|5194|1635|695|369|1928|1622|899|701|6451|2158|71476|7959|8989|2766|412|509|3119|1785|1944|979|396|575|473|285|1094|1260|477|518|1074|751|3397|1539|2594|1374|0|210|211|273|592|669|13894|3368|2299|776|4410|2428|4000|1907|2051|1626|1134|794|4666|2149|4577|2139|89|117|38921|6667|34|60|11115|3881|765|776|0|210|25115|5768|62|102|246|402|1095|1041|489|419|1609|1522|5693|1435|5138|1348|3701|1235|1437|691|396|501|0|210|0|210|159|207|819632|16955|804515|16347|28400|4740|97|168|161|191|7914|2469|90|154|4015|1756|619|876|4507|2176|8408|2024|0|210|143|195|1700|1002|0|210|746|505|678532|16671|5947|2168|712|384|10789|2526|24519|4308|22407|6091|607210|16269|5202|2171|1746|1004|0|210|97583|9299|6255|2428|1594|1346|6726|1638|4396|2000|24343|4646|22694|7073|216|162|8833|3271|244|267|21271|5660|1011|760|15117|2661|14976|2622|141|208
330M700US184|190057|7427|54235|4454|4674|982|58|100|438|266|61|99|141|181|3874|980|1305|492|2238|751|331|215|102|131|8778|1689|728|414|0|208|878|565|6704|1573|366|302|0|208|102|125|5334|1293|1908|863|3084|1066|0|208|0|208|342|348|0|208|35082|4221|2049|883|497|338|3443|1130|672|417|1872|848|772|513|1694|688|302|303|241|265|487|422|57|82|2237|733|3408|1187|3360|1259|820|539|10862|3576|2309|988|367|592|77349|5450|15839|2421|11162|1967|9008|1796|664|327|1490|729|1486|723|3191|1534|0|208|31488|4999|336|427|403|524|1871|1158|20280|3847|1764|1008|95|107|4256|3270|1478|1090|616|549|299|267|90|104|18110|3145|1638|1440|1131|843|941|643|789|650|1235|1520|7568|1783|30|60|1189|570|3589|1139|0|208|11369|3640|0|208|277|276|210|342|1741|2235|1531|892|1439|751|487|411|1420|595|2101|1556|1128|657|726|518|83|147|117|193|109|129|543|304|16494|3782|3893|1646|0|208|227|273|1103|769|314|321|715|744|514|670|164|139|856|763|2658|1825|700|772|332|436|1626|1534|0|208|2901|1429|0|208|2028|1161|780|810|93|171|0|208|591|388|591|388|0|208|6133|2072|0|208|1681|1100|402|531|1258|814|2331|1531|243|412|0|208|0|208|218|232|318|358|355|260|355|260|282|233|73|129|0|208|0|208|0|208|0|208|41624|4713|35968|4493|4571|1439|38|63|156|275|609|404|0|208|1920|1115|131|201|34|70|1467|720|0|208|0|208|124|121|0|208|92|127|23479|3725|0|208|288|228|2562|1320|4852|1940|1365|756|13150|3207|362|373|900|674|0|208|7918|2225|432|328|0|208|1057|465|235|349|3414|1878|815|540|404|377|1034|622|105|135|422|375|0|208|5656|1474|5612|1472|44|98
330M700US198|224517|10759|15916|2504|3403|1243|81|100|221|223|0|208|174|285|2927|1161|1259|710|1609|749|59|86|0|208|3452|873|169|209|95|149|462|304|2344|728|340|237|42|69|0|208|1573|621|350|321|610|396|310|300|0|208|303|292|0|208|7458|1847|473|541|665|710|73|131|218|193|177|263|111|145|201|185|70|117|0|208|39|65|481|342|272|232|471|352|1180|650|0|208|2756|1478|271|187|30|54|93716|5051|20274|2959|11608|2324|9735|2261|764|531|1109|573|3914|1349|4334|1381|418|575|49055|5315|1094|933|3565|1939|7921|2035|24545|3766|2752|1248|91|155|6274|2200|2137|1196|287|367|225|259|164|183|13398|3058|814|653|1525|1065|122|150|659|528|463|323|4624|2211|122|144|1367|776|3702|1484|0|208|10353|2921|0|208|0|208|48|72|3083|1626|356|346|1876|1256|394|401|535|314|1142|977|453|573|1269|926|175|210|855|839|167|190|636|565|57616|8100|22261|4651|1420|1022|3712|1736|1349|810|14007|3878|935|1422|462|571|228|294|148|174|2853|1524|1888|1271|399|565|445|554|121|205|6513|2958|3795|2748|902|691|1403|1166|205|227|208|250|558|374|558|374|0|208|23101|5357|0|208|8572|2695|0|208|1661|1159|4100|1965|3214|2651|813|676|497|483|4244|2184|2330|2019|631|567|566|558|424|466|142|174|0|208|0|208|0|208|65|81|56638|4918|53633|4890|10911|2831|59|100|0|208|787|528|0|208|3064|1633|281|390|3674|2219|2346|1235|0|208|126|235|574|583|0|208|0|208|30811|3749|1094|1061|404|572|3514|1618|1737|966|2948|1343|20705|2877|103|174|306|312|0|208|11911|2634|526|412|250|310|3265|1704|326|321|1519|1249|338|190|204|215|402|348|0|208|5049|2117|32|57|3005|837|2914|834|91|73
330M700US206|1657191|31734|67171|5575|15233|2219|437|388|1186|512|681|577|647|445|12139|2010|4317|1357|6743|1400|1079|588|143|149|15362|2504|545|512|339|232|3654|1507|8686|1505|1477|799|572|453|89|105|5483|1743|660|437|1753|693|470|411|0|210|2565|1541|35|65|31093|5018|1115|1007|842|649|2393|1021|802|474|2843|2724|956|609|1235|809|216|162|796|760|360|367|335|553|1195|643|3603|1648|6621|2233|1528|1883|5454|2061|799|397|0|210|526938|10805|79842|5705|48601|5059|36070|4198|3308|1141|9223|1910|6400|1730|24675|3212|166|261|287629|12366|6955|3087|11725|3380|2273|1996|199257|9975|19213|4777|660|566|19163|4030|25096|4600|1389|660|885|563|1013|1029|123004|9020|6006|2741|4295|1500|1686|953|4851|1922|2904|1142|32318|4235|699|461|4292|1185|65953|7504|0|210|35344|5130|208|264|140|170|0|210|8695|3482|1865|941|4038|1742|2460|1318|3811|1443|3955|2082|2667|1608|3762|1280|2490|1556|52|90|1201|666|1119|555|145843|12834|47381|7693|6278|3305|17352|4439|12739|4035|941|840|1652|763|2782|1515|2189|1257|3448|1862|14027|4258|5274|2399|3180|2435|5389|2543|184|194|12660|3452|321|345|7182|2430|1092|609|3530|2018|535|457|3923|1250|3598|1099|325|407|62463|9808|0|210|14248|5945|698|472|2367|1211|40174|6733|193|255|816|627|194|322|3773|2074|5389|2459|9595|5570|3363|1226|2702|1164|661|477|220|222|0|210|1014|890|4998|5608|907644|22814|890486|22939|32317|5919|472|634|213|268|17377|5087|537|478|4059|1628|0|210|2084|1216|5921|2083|0|210|0|210|992|603|243|311|419|353|761916|19608|537|343|3200|1326|64654|8789|26282|6094|50915|8268|603256|19851|10324|3220|2431|967|317|362|96253|11612|5053|1672|2614|1499|14045|4329|1327|826|18642|4759|4990|2493|1370|807|12512|3119|1106|678|34311|7279|283|327|17158|2807|17032|2824|126|210
330M700US216|434024|14602|53220|4949|15349|2357|794|566|1282|657|147|146|979|398|11933|2117|5386|1314|6155|1704|392|247|214|211|12537|2058|257|182|277|297|2207|849|8395|1781|1055|550|346|291|0|220|1710|649|240|242|672|408|219|224|0|220|579|445|0|220|23624|3939|62|102|2020|1423|319|297|797|597|117|147|1162|579|1068|773|538|519|237|232|310|301|57|92|3379|1141|1010|571|5517|1477|0|220|5494|2026|1537|1048|0|220|106331|5261|30225|3546|13999|2169|11734|2177|530|398|1735|668|3618|1005|10251|2044|2357|1901|37153|4599|3858|1902|958|966|306|392|21555|3969|1899|812|957|777|4064|1848|1258|738|676|517|531|521|1091|1031|33224|4226|982|1137|1258|964|1628|1058|923|660|633|551|9103|2046|405|364|3161|1234|15131|3613|0|220|5430|1335|0|220|40|66|93|110|665|470|1101|600|347|278|299|274|1151|712|461|382|467|370|559|433|201|217|0|220|46|73|299|394|33384|5001|14363|2846|1461|1228|10538|2621|344|309|778|550|0|220|69|118|123|144|1050|780|1351|1111|245|389|613|897|323|432|170|286|5968|2155|863|898|461|380|1517|976|270|428|2857|1716|2612|1123|2553|1113|59|99|8802|3570|0|220|1938|1221|955|1430|1140|1009|2091|1366|163|184|1760|2294|755|713|0|220|288|480|3965|1549|2145|784|1546|644|599|394|0|220|21|41|733|562|1066|1142|237124|12133|226440|12075|6900|2424|110|132|537|479|2426|922|0|220|955|682|0|220|65|132|2619|2076|0|220|0|220|188|221|0|220|0|220|182418|10050|506|562|1466|855|5796|1729|5145|2665|3186|1723|162652|9540|2846|2234|821|611|0|220|37122|6072|1109|478|1045|1167|3758|2011|3124|1397|10126|3614|614|451|110|182|6280|2331|45|77|10257|3103|654|480|10684|1724|10684|1724|0|220
330M700US220|542442|16213|96704|7473|8997|1308|312|259|636|373|67|82|49|81|7887|1214|3067|842|3922|912|898|393|46|80|15562|2170|531|344|400|324|2796|943|10972|1850|722|393|141|145|0|184|10730|1714|1517|651|7123|1416|101|92|0|184|984|496|1005|489|61356|6305|10136|2716|1004|595|2308|1054|2531|2108|349|233|938|484|481|292|295|223|326|292|397|310|2881|1003|8607|2145|9777|2139|4333|1226|607|366|7477|3201|8909|2342|59|93|311941|11825|51451|4828|29097|3400|23368|3052|1715|1016|4014|1079|8048|2131|14240|3265|66|113|106084|6059|1169|1172|24390|4627|0|184|66440|5736|3533|1536|0|184|1317|1539|8009|2214|880|591|177|178|169|225|25290|3590|0|184|651|476|251|173|1016|517|1026|1122|14298|2649|301|332|1411|704|6336|1933|0|184|127381|9503|245|256|507|381|88|145|52737|6196|1302|640|3590|1196|980|675|24774|3809|2888|1802|12109|6891|888|665|971|782|25809|4499|493|371|1735|878|26906|4554|4613|1513|546|724|919|545|1370|984|241|314|491|675|0|184|118|211|928|732|2307|1261|705|503|544|600|910|792|148|245|9080|2571|720|494|4583|1899|969|525|2014|1446|794|633|1071|583|993|550|78|139|9029|2601|0|184|1541|902|399|652|756|704|5047|2085|300|363|678|547|0|184|308|358|806|901|1792|824|1514|763|1184|635|330|280|0|184|70|127|208|289|0|184|105099|5674|77490|5119|7655|2371|767|892|0|184|2310|982|0|184|687|422|34|57|877|557|2794|1888|131|219|0|184|0|184|31|53|24|42|56849|4682|166|154|821|553|2554|1194|5842|2648|1998|970|44989|4056|42|76|323|275|114|189|12986|2699|1394|660|118|133|4637|1191|208|242|1981|711|335|259|0|184|456|337|336|426|3462|2317|59|105|27609|3645|27609|3645|0|184
330M700US288|1879341|33091|79306|6908|22541|3260|1382|1314|1030|507|1043|661|1105|738|17457|2848|10601|2667|4604|1285|2252|1282|524|336|17503|3330|776|511|583|577|5482|1814|7489|1574|2827|1927|297|267|49|85|11111|2554|2053|935|2515|1032|603|550|64|110|5940|2175|0|236|27758|5072|378|335|285|243|918|715|543|384|322|362|1930|899|370|241|199|335|472|310|128|215|0|236|2130|722|2961|1366|6035|2418|1404|936|8030|3081|1653|881|393|523|482236|11818|95575|8654|75197|7614|58570|7095|5464|2106|11163|1927|4132|1361|16136|3037|110|169|176692|11088|10950|5365|4811|1711|26|43|104940|7938|11905|2461|1389|1019|4987|2023|34816|6533|1520|1121|383|377|965|855|171854|10503|2568|1763|3021|1373|2382|1029|1531|1052|2838|1670|50550|6049|1993|1154|5503|1603|101468|10237|0|236|37218|6194|0|236|1206|788|76|133|6803|3422|1809|1397|2935|1604|2248|1336|7150|1990|2174|1013|2942|1780|6745|2875|2173|812|104|178|853|770|897|737|124785|12932|24993|5744|2897|1569|8364|3739|8121|3745|1062|1168|1308|1164|398|314|1206|903|1637|1095|10092|4631|4069|1811|3589|3952|1201|923|1233|1020|10347|3178|1073|948|5819|2423|2500|1650|386|348|569|639|5271|1591|4399|1462|872|1008|70082|8826|0|236|5622|2629|1120|928|1195|861|56909|7585|333|296|1242|955|633|737|3028|2055|4000|1933|3983|1396|2762|1322|2311|1246|451|275|294|298|0|236|281|372|646|763|1189031|26453|1169357|24569|91977|11978|118|151|301|363|55011|8471|1255|1001|6572|2779|1585|1875|2517|1301|10336|3506|1841|1039|174|161|8477|2340|1312|1145|2478|1556|919033|21830|1292|812|2613|1162|129803|10301|50106|6733|112342|12231|605147|16256|15290|5043|2187|992|253|295|158347|13859|8742|3227|981|775|14040|3739|2622|1191|41596|6579|6936|2929|2187|1211|13906|4473|900|734|65536|9828|901|568|19674|5692|19609|5694|65|110
330M700US332|520504|13264|38572|4822|8518|1846|0|232|692|377|77|129|359|462|7345|1726|2342|896|4063|1315|940|572|45|73|9295|1987|434|454|483|580|2014|1032|5200|1507|972|567|153|148|39|65|2914|1230|270|243|1690|1008|215|313|0|232|707|526|32|53|17845|3221|1463|1259|0|232|886|597|1625|697|349|297|756|401|927|556|0|232|582|531|242|401|188|310|2256|950|1574|938|2942|1071|507|386|1883|963|1665|1508|0|232|173239|7227|41980|4183|23467|3115|17130|2827|2134|680|4203|1133|4582|1625|13931|2748|0|232|16716|3567|557|475|430|521|0|232|6844|2310|3810|1502|181|182|175|167|3161|2635|1492|1131|66|82|0|232|106563|7302|552|749|2129|1797|2829|1185|1202|593|793|476|83461|7223|328|260|4940|1997|10329|3450|0|232|7612|1847|925|706|59|99|287|383|261|316|2416|1187|623|360|0|232|655|380|85|138|271|306|1335|882|0|232|0|232|695|759|368|519|19612|3610|12074|3481|901|643|8099|2850|930|639|1405|1637|193|240|0|232|506|680|40|68|0|232|0|232|0|232|0|232|0|232|2381|1101|296|255|751|627|1124|798|155|258|55|88|1328|1164|1328|1164|0|232|2194|1187|0|232|499|412|67|115|140|227|1085|843|194|271|0|232|0|232|209|342|1635|1281|3881|1283|2129|1046|1720|818|409|400|161|160|0|232|0|232|1591|962|285200|10677|275381|10263|31984|5574|84|100|291|243|25435|5446|57|96|2090|1032|0|232|311|381|1905|949|44|74|0|232|1258|639|265|415|244|281|219079|9393|1473|1277|617|318|28964|5890|9680|2191|2721|1347|169755|8819|4352|2216|1163|586|354|415|24318|4350|2765|1025|84|139|4177|1726|1119|558|6019|2233|779|631|89|110|6014|2309|379|621|2712|2098|181|224|9819|2599|9768|2601|51|81
330M700US348|5444081|40400|269609|10671|64251|3901|2505|895|3859|987|1460|604|3979|1007|51460|3824|22385|2558|25794|3168|3281|784|988|483|60233|5262|2846|1172|2341|746|16838|3190|28501|3123|7014|1477|2435|816|258|211|28355|3525|6869|2013|12056|1876|3825|1195|566|412|5461|1522|144|207|116061|8450|656|616|4068|1142|1392|761|2824|1231|1972|863|5168|1160|3333|940|1924|964|1452|773|2295|1066|298|262|9132|2127|12361|2446|39377|5251|2309|1108|22362|3524|5138|1403|709|483|1992810|20938|705086|16852|426735|13086|290359|11914|39258|3926|97118|6502|51732|5113|222332|12049|4287|2994|340125|14906|14167|4510|15341|4360|0|221|129182|9944|142467|10037|2816|1238|4746|1885|18471|4493|8509|2552|2724|1380|1702|746|745912|18316|11450|2090|27454|3625|17629|2465|6633|1962|8281|2043|361818|13299|5573|1741|30366|3765|276562|13100|146|161|194467|10970|83398|7692|3417|1467|3591|1872|12813|3069|17299|3485|8799|2085|3587|2101|26420|3783|5098|2408|17207|3685|10356|2542|952|558|313|251|1217|678|7220|2415|99059|9657|17763|3366|1270|932|7390|2292|2913|1327|487|483|596|423|1576|960|888|629|2643|1122|2961|1394|2451|1317|0|221|174|155|336|469|41866|8030|1351|821|30114|5392|5221|3157|2697|3329|2483|1249|6665|1680|6665|1680|0|221|29015|5454|73|125|3785|1665|657|599|661|490|20001|4648|777|515|542|319|867|747|1652|1031|789|555|28227|3233|14994|2245|10611|1962|4383|1282|5841|1929|0|221|129|153|7263|2065|3054376|31586|2994417|30371|43383|4082|427|470|890|516|19900|2684|336|544|4924|2106|622|785|3118|1398|8282|2031|413|460|225|169|1964|727|1041|775|1241|655|2754802|30435|13646|2917|9967|2026|324894|16712|230760|14380|57233|7585|2069995|26576|41624|5785|5421|1838|1262|883|196232|12607|20099|2726|10260|2950|23697|3649|10335|2566|45208|7525|22026|4493|2558|1272|47236|5938|1007|504|11871|2921|1935|997|59959|5069|58857|5000|1102|911
330M700US370|2767315|26013|165163|9864|28641|4416|571|380|4358|1743|557|392|2079|1075|19570|3085|8848|2161|9699|2130|1023|433|1506|542|32102|3549|1640|706|2046|978|10299|2382|12781|2106|2479|828|2857|1225|0|243|35040|4386|2663|844|15495|2836|2900|1261|0|243|13982|3296|0|243|68945|6219|1184|951|1691|803|117|193|2596|1386|911|499|3628|1746|4405|1375|254|240|600|455|2058|1191|607|469|8123|1748|6800|1921|17703|3378|1377|767|11749|2903|5142|1731|435|347|147042|8614|28091|4031|22858|3696|17311|3568|3147|1182|2400|876|1728|684|3505|1501|0|243|47260|5509|55|97|3072|1686|0|243|24729|3960|4121|2208|1104|659|767|529|9096|2848|1053|841|2163|1417|1100|1138|38079|5259|2151|1219|474|377|1050|712|1570|1291|1092|780|16596|3424|203|205|3403|1861|11488|2834|52|89|31575|4769|109|176|412|424|596|568|1291|842|13994|2619|1935|1189|734|729|4158|1490|281|225|2590|1329|4478|1420|608|451|0|243|389|348|2037|1160|29161|6200|4634|1519|381|420|907|659|1160|676|0|243|681|737|233|201|406|397|866|402|1030|740|280|352|269|429|250|400|231|197|7355|1776|474|316|3834|1226|2415|1255|56|88|576|377|6495|2055|6495|2055|0|243|6880|4897|0|243|759|491|66|115|732|622|4749|4835|106|130|57|96|0|243|411|504|2767|1641|2449|885|1883|750|1795|741|88|108|0|243|0|243|0|243|566|403|2423500|25310|2383306|24973|1289382|24270|15043|3081|4132|1791|782068|17211|1289|1040|66506|6495|1730|1201|234878|14329|150085|10357|2083|1385|1829|1090|22502|3344|1500|1024|5737|1869|380698|19182|1579|685|9203|2249|34420|5791|61894|8563|72725|7692|78344|8541|111852|11115|10652|1799|29|48|713226|21516|55018|5599|5413|1602|84567|8277|17420|3815|209512|12077|31541|4728|14917|3643|71841|9016|10246|2845|208236|14097|4515|1768|40194|4357|39562|4266|632|492
330M700US378|421708|12777|35160|3482|7301|1365|209|213|649|370|505|297|690|395|4788|1096|2200|814|2424|739|164|169|460|455|5451|1002|0|210|43|73|1098|459|3054|789|689|542|529|257|38|62|1379|640|124|181|281|217|144|181|0|210|830|510|0|210|21029|2835|373|523|942|505|1834|1068|946|535|122|5|645|385|207|248|126|130|151|204|789|596|0|210|1475|763|644|408|7455|1920|11|22|4479|1333|830|594|0|210|149001|5508|28699|3246|15633|2570|11849|2024|1719|960|2065|937|3381|1464|9647|1709|38|65|42796|5236|2009|2138|1532|925|187|219|32956|4678|1284|686|261|227|1937|1115|544|474|1413|723|481|604|192|178|71586|3747|3113|1259|3805|1354|1012|637|19016|2665|566|327|11843|3069|678|490|16174|2591|15379|2877|0|210|5245|2329|0|210|186|248|0|210|1676|1457|233|215|288|242|86|141|358|512|1000|1080|0|210|309|232|72|123|970|1101|67|93|675|586|130988|10433|79317|8559|2167|1070|23964|4234|18235|3832|30629|5554|350|333|711|803|262|244|2999|2152|7124|3167|5226|2680|367|585|1531|1696|0|210|4787|1523|250|368|1375|591|1270|765|1638|1097|254|265|2279|1052|2068|987|211|322|36125|5211|0|210|4719|1777|417|464|19483|4487|6853|1847|63|104|330|400|3018|2021|1242|878|1356|906|1785|749|1641|694|1263|661|378|242|30|53|0|210|0|210|114|132|104774|6242|97681|6136|7969|3071|589|839|0|210|591|413|0|210|2750|1910|0|210|2666|2398|1142|729|57|99|12|6|113|198|0|210|49|67|67862|5482|108|161|1431|1260|6011|2296|3558|1307|3503|1275|51328|5335|1661|1443|120|113|142|196|21850|3407|697|467|268|259|1668|861|355|286|5436|1741|5942|1912|2530|1082|1284|812|244|288|2835|1450|591|561|7093|1476|7093|1476|0|210
330M700US405|354807|13891|74489|5837|11385|1916|130|193|1271|583|1335|634|1112|617|7435|1781|3857|1477|2731|982|847|426|102|171|6360|1070|143|164|251|248|1354|507|3747|845|466|347|399|283|0|222|19843|2931|1349|625|10026|2219|7824|1652|684|491|594|385|50|83|36901|5078|4841|2212|506|374|1955|1115|0|222|37|60|777|707|196|144|109|111|362|320|187|237|429|542|17264|3218|1445|761|3599|2456|450|561|2503|1206|2241|1087|0|222|94933|4041|23358|2594|17636|2446|15508|2394|612|379|1516|554|1525|743|4197|1267|0|222|47693|4547|1374|1181|4708|2029|0|222|26967|3872|2237|1175|90|100|2818|1410|8070|3052|1008|928|367|522|54|95|17604|2876|0|222|3020|1848|357|164|1623|875|486|449|6539|1589|382|262|1135|607|4062|1276|0|222|6197|1820|124|149|137|131|0|222|229|205|713|665|504|444|0|222|975|644|296|311|171|168|1574|695|208|196|1174|1624|92|148|81|136|21054|3764|2296|1007|154|244|505|366|562|487|0|222|285|348|162|199|181|244|447|463|1258|961|125|205|838|820|259|410|36|55|4842|1845|690|409|1516|1098|1622|964|254|290|760|913|799|477|724|456|75|144|10059|3005|418|698|3971|2009|142|221|680|499|3791|1488|291|376|149|214|158|256|459|429|1800|1337|813|517|450|323|406|311|44|75|0|222|0|222|0|222|363|387|163518|11179|154659|11114|74847|7400|101|131|1936|1569|2728|1597|1187|1018|20204|4594|0|222|10765|4289|33809|4319|1422|803|0|222|1873|877|99|165|723|457|25562|4937|104|174|319|248|2559|1626|4466|1980|2808|1511|14281|3943|554|727|471|410|0|222|54250|8154|2260|1385|191|218|5489|1834|683|438|11075|3997|18268|4532|3771|1624|7955|3171|687|529|3125|1640|746|619|8859|1696|8859|1696|0|222
330M700US408|6417578|46017|895889|19601|123599|7392|2774|1045|32950|4191|2703|1114|4764|1314|78898|6117|40101|4065|34144|3972|4653|1091|1510|640|101408|6846|6639|1921|4687|1096|32035|4170|42267|5154|7094|1341|8397|1265|289|291|193572|10000|33932|4249|96098|5641|37918|4438|169|139|24079|4078|1545|921|474817|15955|32763|5763|16056|3203|5002|2132|5757|1545|7934|2278|11022|2150|13046|2224|2968|1051|5677|2465|6187|1550|10666|3668|93802|7757|20149|2848|77311|6555|7891|2748|103997|8399|54589|7454|2493|1155|1851077|19033|738916|15620|562344|15089|465029|14264|52888|5598|44427|4629|36301|4166|139630|8987|641|455|704801|16347|5056|1440|137664|9769|279|281|383607|15133|21621|3346|8260|2040|17082|3303|79881|7800|8629|2207|36216|5496|6506|1794|239217|9158|10254|2185|2338|922|9104|2991|1335|756|12828|2232|154797|8922|4699|1618|9497|2034|34153|4281|212|258|160128|10031|2770|1269|5643|1744|17060|3747|2399|1006|34672|4132|8211|1980|2262|903|12825|2528|5831|2466|14465|3015|29781|3566|2490|1044|18226|5188|3493|1323|8015|2264|308244|17650|21547|3689|337|431|3921|1494|7372|2187|158|206|2300|1130|998|647|1619|902|4842|2159|8769|3017|1998|1376|1147|723|557|457|5067|2625|82269|8308|5475|2271|53781|7024|17278|3494|3039|1592|2696|1687|11038|2105|10068|2064|970|679|169850|14818|227|178|56963|8900|4143|2256|6098|2095|56959|7512|8402|2737|3964|1750|6767|2808|26327|6423|14771|3790|19108|2968|17956|2904|15891|2756|2065|878|266|253|0|210|0|210|886|719|3343260|32595|3282798|32305|1409883|28902|1976|1017|24775|4135|59568|5990|14519|3323|668123|22318|18586|3763|193989|12024|272235|13202|13585|4117|16904|4065|100908|8868|9120|2505|15595|2409|792795|27503|7590|2262|25570|5360|173023|13785|146811|13586|91443|10290|309030|14968|22716|7153|16298|2963|314|433|1080120|30049|28377|3453|10074|3458|101472|9625|19357|3567|227578|13670|309322|17481|172528|12390|141285|11511|11032|2584|47005|7477|12090|2255|60462|6015|60171|5987|291|265
330M700US422|796252|24892|62915|5360|21293|3177|495|529|750|355|516|599|322|318|18759|2882|9004|2097|7951|1650|1804|901|451|432|11669|2131|1006|934|366|328|1672|764|6976|1486|1132|572|517|564|0|243|11241|2648|1202|619|3511|1220|3707|1531|279|232|2821|1528|0|243|18681|2961|687|431|699|508|532|854|427|411|706|687|524|307|1380|848|56|64|47|77|422|358|0|243|2180|801|967|611|5386|1855|328|314|2529|1192|1811|868|31|51|111023|5261|21359|2917|14091|2265|11206|2088|963|547|1922|950|3228|1332|4040|1411|0|243|40566|5961|75|134|2604|1149|0|243|25053|4644|2979|1463|582|476|1943|1763|5004|2469|604|513|625|619|1097|1505|39772|4808|262|242|519|544|235|221|1088|870|280|279|18928|3135|0|243|2905|1365|15555|3695|0|243|8744|2361|0|243|251|243|529|633|418|372|1160|519|414|404|176|207|1368|874|1172|918|1414|1079|1349|879|164|264|0|243|329|285|582|614|21456|5585|4894|2702|82|138|539|386|548|443|0|243|1634|1229|25|40|137|179|1929|2202|446|462|0|243|0|243|236|391|210|255|8146|3333|0|243|3236|2360|4478|2180|317|303|115|145|1202|758|1202|758|0|243|5735|2965|80|151|2671|2625|0|243|526|532|2066|1234|0|243|392|373|0|243|0|243|1033|1094|1464|667|1050|583|737|543|313|247|20|35|184|289|0|243|210|305|599394|23015|581729|22930|232167|12781|4864|2131|1185|808|56611|5020|1690|934|44338|6360|378|465|64833|9755|39809|6400|3177|1724|824|676|8734|2414|823|750|4901|1521|96083|10039|491|471|2782|1374|6970|2022|7577|2783|14759|5664|49606|7540|11197|3754|2701|1184|0|243|253479|17814|2877|1172|632|428|52594|7730|4608|1626|60262|7115|10560|4058|12745|3270|11803|3767|1101|722|94314|14755|1983|1349|17665|2969|17481|2972|184|218
330M700US428|886004|21313|131725|9806|19484|2510|199|179|3806|1122|242|213|512|316|14382|1958|7559|1595|5988|1183|835|362|343|249|15683|2108|1057|648|642|374|2697|738|9656|1561|969|422|503|317|159|201|21462|2943|5279|1503|10560|1955|3335|1400|0|210|2058|1037|230|303|75025|8313|4892|1618|5967|3186|963|749|2220|1096|782|603|1150|638|1299|615|697|450|507|416|1544|857|522|532|9337|2193|2634|890|9750|2260|762|454|17437|3767|14562|4326|71|128|326695|7944|98180|7223|68771|5302|58669|4804|3882|1021|6220|1824|2624|1120|26180|3863|605|962|136764|8778|1363|1093|14844|3498|1148|1560|94164|6998|2899|984|2328|1483|2252|1441|10951|3713|1375|643|4822|2327|618|555|71162|5746|2008|1320|5104|1764|2058|1222|1984|1032|2323|1289|24055|2959|440|296|4225|2021|28938|4220|27|53|20487|3606|893|627|668|573|1361|970|1012|1180|1709|726|962|526|348|351|1514|741|1078|700|2099|1142|7605|2747|1009|669|102|137|127|169|102|153|94269|11569|12003|2891|455|446|4053|1771|3971|1413|220|346|463|295|1039|811|457|439|1345|779|6430|3597|3292|2695|1383|1612|722|835|1033|781|17825|4597|4862|2246|6930|2514|4290|2120|908|873|835|841|2124|1071|2124|1071|0|210|53161|7866|97|114|7987|3777|1399|1220|18750|5806|12522|2949|99|124|5922|2426|915|600|5470|2367|2726|1817|1277|471|965|388|549|307|416|281|0|210|0|210|144|238|168|156|332038|16034|321909|15723|132771|11767|89|156|2215|1167|3670|1253|239|180|69802|7383|476|421|22142|5571|25235|4999|38|81|563|489|5819|1413|52|94|2431|1104|123257|9137|653|453|1586|945|5257|2132|19475|5074|11099|3242|80419|7281|3073|1468|1391|724|304|404|65881|6821|2688|981|616|439|19157|5366|1480|767|13827|3352|9682|2901|4658|1927|6626|2122|1549|1142|4493|1565|1105|1000|10129|1657|9907|1629|222|205
330M700US429|723103|17754|60665|5829|15067|2314|746|507|1844|965|322|340|387|285|11504|2098|4839|1051|5651|1393|1014|827|264|268|12249|2047|1056|681|396|428|2153|883|6832|1430|1461|555|351|318|0|232|5201|1281|1427|762|2481|944|1003|651|334|329|290|265|0|232|28148|4371|1653|1853|679|771|3465|1463|1084|688|767|674|1194|669|1402|882|314|265|123|150|725|470|121|157|3177|1286|6306|2282|3631|1209|1202|755|1314|566|991|606|0|232|177781|7287|34300|4563|20999|3766|16283|3407|1677|701|3039|1153|3492|1249|9809|2490|0|232|62814|7915|2096|1250|1389|1007|285|311|49327|7864|6731|2831|651|447|117|143|1262|769|304|339|377|292|275|321|59948|6214|3645|3210|1334|677|1591|710|1141|901|1987|1108|27335|3958|830|417|3395|1170|18690|4009|0|232|20602|3957|0|232|71|127|48|80|10001|3124|1732|793|2296|1509|985|548|1344|681|286|302|1840|1316|1636|920|363|305|0|232|0|232|117|152|48448|9370|23035|6825|42|72|1195|912|5521|3065|1974|1140|1893|2432|4965|4603|1007|995|6438|3778|4525|2013|1174|777|2228|1628|932|722|191|308|4227|1730|556|529|1844|990|482|425|705|756|640|522|2126|789|2126|789|0|232|7241|3077|0|232|1924|1849|0|232|205|240|4819|2446|0|232|89|143|0|232|204|334|7294|4752|3907|1439|1552|643|634|299|918|574|208|385|203|305|1151|1230|793|503|432302|14393|405016|14672|16289|3472|165|199|428|534|7909|2366|0|232|3905|2195|0|232|720|563|2100|1514|0|232|38|64|1024|681|0|232|0|232|367777|15408|343|325|874|457|7789|2029|15537|3963|1718|819|339343|15625|1037|836|538|362|598|959|20950|4083|1181|632|366|394|2692|1204|534|415|7703|2088|1491|852|168|245|3869|2339|485|524|2309|1755|152|191|27286|3398|27224|3380|62|103
330M700US440|381889|11564|56507|5009|11947|1703|421|278|1001|385|721|465|1117|702|8581|1574|3606|1035|4341|1195|634|338|106|126|11528|2111|999|796|36|60|2188|911|6313|1641|1616|605|376|408|0|210|2474|701|291|231|1243|521|114|133|0|210|778|406|48|82|30220|4260|0|210|1429|812|1760|1237|429|565|254|284|674|414|827|580|0|210|326|270|1106|727|0|210|998|501|2194|982|7168|2004|57|92|11014|2776|1984|1017|338|357|140596|6353|45942|4637|29109|3996|20223|3231|2075|954|6811|1674|6638|1564|10137|1883|58|101|31390|4019|1751|1346|1352|782|0|210|17910|2921|3667|1238|1359|591|2092|1212|727|469|640|595|800|549|1092|732|53510|4419|572|391|2609|1214|782|486|4862|1744|1510|715|16139|2690|395|288|5855|1925|20786|3153|0|210|9619|3085|542|526|130|161|167|279|3840|2463|1105|675|580|500|362|412|363|321|1114|793|418|409|609|422|292|335|55|96|42|70|135|154|14185|3125|9394|3080|448|533|5577|2661|1418|1058|621|697|142|183|535|712|506|378|147|191|233|272|117|183|0|210|116|193|0|210|1233|701|111|193|685|676|293|286|52|91|92|157|696|463|696|463|0|210|2011|1042|0|210|0|210|52|86|212|381|1040|850|46|92|145|200|0|210|516|530|618|586|7767|1442|1401|601|843|517|558|342|885|616|899|644|3476|1238|1106|719|162834|7699|150394|7102|5691|1428|139|165|47|78|4236|1358|0|210|302|331|0|210|348|401|331|204|0|210|48|96|155|175|0|210|85|98|133201|7459|59|100|697|586|6091|2522|10365|3514|1210|915|112417|7361|2211|2034|151|157|0|210|11502|2470|1336|808|108|182|1705|709|730|517|3188|1663|472|465|0|210|2450|1026|179|200|1066|778|268|344|12440|2111|12440|2111|0|210
330M700US450|318465|12036|30288|3826|7563|1577|182|175|430|329|368|372|71|81|6131|1445|2961|908|2927|901|243|209|381|374|8217|1890|368|524|144|168|2599|1144|4181|1476|708|375|217|188|0|222|4101|1515|182|233|1205|684|941|787|0|222|1773|1030|0|222|10286|2667|0|222|248|407|26|42|399|306|130|156|695|948|120|129|0|222|82|135|305|403|50|84|907|451|1309|654|1377|629|381|409|3946|2291|311|309|121|167|103909|4429|27269|3218|17763|2440|13718|2240|720|402|3325|1303|2160|954|7346|2087|0|222|54432|4182|1065|701|2787|1769|0|222|42857|4909|1570|754|799|657|1447|787|2522|1613|1061|539|29|52|295|481|16344|3327|472|355|51|82|344|357|162|262|939|618|6809|1945|129|154|1318|1074|6120|2045|0|222|5239|1215|0|222|0|222|0|222|387|353|158|194|529|491|584|575|846|645|117|139|623|334|1262|766|296|356|378|317|59|97|625|575|30527|5810|6121|2361|0|222|311|221|3246|1843|365|441|507|404|242|241|185|221|1265|1235|1239|953|0|222|221|265|613|574|405|650|9029|3153|197|321|4784|2206|2045|1026|628|553|1375|2044|2179|882|2020|863|159|191|11818|3525|0|222|3283|2286|140|164|878|730|2462|1263|369|479|1887|2047|1716|1680|1083|1088|141|178|425|277|358|269|358|269|0|222|0|222|0|222|67|104|0|222|153316|9350|145034|9465|19229|5180|217|249|109|190|3723|1964|495|607|5509|3913|601|960|1267|1128|4313|1872|0|222|0|222|2388|1089|0|222|607|722|99991|7853|32|40|855|986|10168|2932|10792|4040|15327|4584|60292|6328|1573|1149|752|503|200|251|25814|5310|3951|1915|425|713|4439|1767|2145|1533|5936|2415|845|505|382|348|1526|959|90|116|5837|2841|238|238|8282|1826|7998|1782|284|236
330M700US472|515511|13135|77984|7287|8962|1599|414|316|472|347|71|91|95|112|7774|1606|3671|1146|3982|1131|121|117|136|88|10173|2013|276|246|234|227|1274|738|6909|1510|768|519|712|516|0|221|3404|1043|793|509|1387|592|516|305|42|70|632|486|76|84|55384|6495|69|118|2738|1493|2214|1280|771|948|287|280|502|383|210|212|707|739|0|221|4764|1736|0|221|1157|738|3908|1854|14407|4172|129|164|22661|4595|860|491|61|96|250735|7878|47959|4518|36506|4433|28326|4112|4523|1104|3657|1108|3304|1062|7781|1818|368|431|90408|7958|28340|7125|690|406|0|221|39232|5086|7441|1848|949|780|1651|777|9514|3332|513|374|1608|875|470|295|98554|6086|1057|647|2320|1282|384|283|11379|2818|1197|576|47327|5102|144|142|6001|1826|28745|4272|0|221|13170|3652|2751|2123|0|221|1046|1289|3861|1734|545|451|664|600|593|486|739|531|412|325|403|466|1830|1258|187|193|110|210|29|48|644|481|12208|2402|4350|1718|46|80|2214|1383|708|614|470|787|133|221|378|538|242|207|159|166|183|201|77|135|0|221|0|221|106|150|2752|995|303|510|1663|812|246|289|434|397|106|129|1091|554|1091|554|0|221|3339|1257|0|221|695|695|43|73|499|537|1109|615|143|169|0|221|0|221|850|790|493|800|15814|2728|1860|987|1546|958|314|229|8783|2797|1557|1536|248|300|3366|1509|158770|8356|151097|8110|3195|1183|210|284|77|126|513|420|0|221|346|301|0|221|462|481|879|623|59|98|0|221|411|400|0|221|238|246|137958|8280|92|155|421|526|9298|2817|4699|1651|2793|2206|116850|8342|2427|835|1378|893|0|221|9944|2550|361|378|43|74|2942|1637|869|748|1356|692|294|391|168|180|3349|1222|60|100|502|353|0|221|7673|1545|7673|1545|0|221
330M700US488|2889628|25825|209203|8433|50881|4076|1789|634|7917|1420|656|340|2754|768|36057|3383|18995|2378|14632|2298|2430|933|1708|860|47170|3599|1557|691|2498|905|16073|2572|20089|2641|4814|1065|2064|677|75|94|33038|4094|2585|948|10643|1988|14421|3095|4316|1780|5296|1389|93|109|77338|5622|221|277|3581|1226|4289|2188|2555|999|1596|791|1939|912|2796|1121|890|428|581|447|2230|998|309|284|6640|1395|3973|1394|20459|3137|491|329|18871|2852|5917|1708|776|497|1584098|15296|554741|13738|458301|12614|333117|11661|52703|4455|72481|4824|27942|3711|63413|6284|5085|2803|458458|16177|28220|5968|3333|1057|0|221|346690|13529|40370|4504|2582|1333|10918|3287|20947|3659|3108|1100|994|617|1296|794|513406|14249|14488|3948|14024|3271|9297|2490|10246|2701|7639|1592|276313|11372|5780|1516|15082|2534|160537|8856|0|221|51681|5315|1446|711|2104|1282|334|306|3786|1505|12949|2754|3872|1310|1502|840|3266|810|1956|894|3314|1677|10454|2599|1504|810|3432|1642|1762|985|5812|1450|64042|7060|21093|3474|4396|2599|7733|1997|3595|1369|217|271|1136|834|1283|1121|993|608|1740|773|2622|1092|1691|984|54|84|29|49|848|578|13965|3466|2902|1509|5451|1654|2959|1332|1613|1398|1040|702|6265|1569|6086|1556|179|290|18986|4218|177|214|2921|1283|253|254|467|436|11965|3893|488|405|1997|1333|0|221|718|473|1111|873|35571|4868|10367|1869|8134|1606|2233|953|13880|2752|0|221|163|298|11161|3169|996714|17884|960231|17778|10086|3014|0|221|351|282|2395|1103|0|221|1059|818|198|176|1976|1168|1566|693|0|221|0|221|2159|2227|209|275|173|182|852519|17773|1238|729|2564|1191|76766|7730|65539|8504|15649|3621|658061|17139|30859|6068|1682|870|161|274|97626|9155|5953|1326|2326|1255|22249|3687|4754|1556|29045|6733|3285|1580|1363|685|18307|3723|1404|669|8525|2705|415|310|36483|3396|36378|3398|105|122
330M700US500|936502|19646|124498|9396|23122|3077|908|853|1406|515|1308|520|1372|521|17620|2473|9355|1983|7062|1501|1203|610|508|393|21277|2715|728|372|910|498|3599|908|13318|2505|2010|765|548|359|164|194|5466|1314|1120|565|2199|827|863|529|94|157|1235|501|49|81|74253|8388|218|259|2513|1371|2524|1880|2869|1063|1014|753|1396|610|642|337|503|377|414|252|3334|2009|94|110|3930|1501|5637|1399|15860|3351|604|486|27781|5468|4920|1612|380|445|500418|8880|176276|8868|115295|8029|88340|7208|10764|2014|16191|2553|14610|2345|44131|5092|2240|1516|148587|9455|5963|2587|2026|1285|561|716|115388|8997|9595|2119|2145|986|5335|2851|4220|1662|1126|646|1505|856|723|469|154242|8234|2190|1458|8945|2451|5497|1994|3053|1053|1534|633|66370|5467|1650|671|9824|2477|55179|6384|0|217|20553|4876|899|1007|1409|894|262|241|6629|3781|2755|1146|1054|993|788|504|1180|829|1867|1029|947|611|2085|764|159|152|199|261|320|247|760|454|73651|7235|48753|5839|3353|1953|20142|4106|13333|3586|6722|2604|1646|1079|1272|867|964|808|1321|827|2781|1341|146|249|982|962|1228|643|425|557|8280|2351|103|167|3145|1311|803|653|3396|1447|833|1020|3389|1717|2521|1093|868|1293|8894|2647|0|217|2358|1308|425|393|1457|1421|1981|1068|459|391|701|555|205|354|1308|937|1554|1547|17338|2870|4855|1241|3803|1130|1052|489|2664|1316|2572|2127|1682|1028|5565|1763|220597|10844|191137|10105|7847|1705|100|166|0|217|1555|645|0|217|1393|947|0|217|603|560|2279|832|110|191|328|531|769|650|0|217|710|576|146481|9028|917|1071|502|309|9594|3248|11181|3484|5727|3309|113780|8320|3307|2182|1473|777|0|217|36809|6525|2159|1064|458|319|9496|2874|2812|1900|8298|3032|2653|1321|206|228|5746|2561|170|242|4637|2153|174|287|29460|3387|29420|3391|40|66
330M700US548|1942759|23216|155801|8117|36124|3359|1206|643|3230|854|807|477|2140|836|28074|3363|14735|2464|12226|2376|1113|548|667|378|38482|3674|924|441|1812|703|10447|2450|21066|2718|2400|733|1152|438|681|686|20838|3979|4395|1327|7396|1919|2216|969|37|61|6831|2805|0|210|59581|5671|2381|928|1979|728|1558|1047|3074|1173|736|404|2240|709|3133|1051|729|471|1665|966|1251|690|179|188|4122|1148|3699|1263|14917|2971|1294|624|12246|2816|4378|1157|776|542|680214|12675|181838|8135|93022|5920|72006|5788|6181|1461|14835|2436|11852|2082|73697|5395|3267|2345|299264|12219|29716|6134|22306|4502|150|184|132659|7331|32754|4084|1449|729|19895|4144|51769|7332|4467|1203|3321|2255|778|394|146102|8259|7450|2997|5153|1838|5243|1382|2571|1060|2778|1105|62306|5948|2104|900|8956|1754|49541|6088|0|210|50699|5802|1191|859|1947|1183|1162|1039|7551|2670|3553|1060|4403|2345|1492|614|6396|1436|4472|2409|3780|1553|10438|2281|1526|708|1803|1373|985|469|2311|1131|317491|14367|96152|7946|6640|2235|66249|7504|7198|2090|2137|1006|2868|1345|4725|1578|1713|972|4622|2521|42950|6506|32878|5610|2082|1435|3648|1405|4342|2701|35174|4641|2189|1083|12574|2811|12673|2916|5419|1725|2319|1298|6309|2154|6042|2155|267|222|130819|12018|112|149|29544|5399|2970|1020|8964|3177|60995|7681|1257|611|12558|3174|5854|3098|8565|1934|6087|2656|4582|1195|3714|1002|2587|889|1127|577|121|160|42|69|354|360|351|460|784671|17532|766068|17500|102844|9770|718|361|3111|1403|7471|1881|1462|798|18494|5027|1597|907|12829|3747|38073|5083|955|731|374|526|13281|3713|1102|996|3377|2543|482450|17729|858|742|4225|1755|234306|16136|80555|10435|65110|9490|77697|7291|14592|4136|5107|1482|0|210|180774|11107|12236|2365|32852|5577|16557|3126|7164|2055|26174|5066|13543|3312|9860|2347|44314|6262|1730|1091|11988|3147|4356|1725|18603|2603|18297|2606|306|270
400C200US03817|927469|20545|67284|5740|16405|2271|709|571|1515|709|99|144|508|407|13047|2045|6824|1767|4880|1204|1343|651|527|380|15728|2618|260|228|781|433|2720|975|8524|1843|3241|1487|202|166|0|226|4147|1192|628|481|1422|620|533|303|74|124|1533|803|31|52|30529|4463|295|413|904|535|4829|2544|3273|1533|315|231|516|440|627|509|742|608|716|523|235|203|0|226|2161|1204|3048|1423|6443|2000|596|423|4412|1840|1417|606|475|359|305786|6880|80792|4636|39313|4196|31810|3875|1659|671|5844|1268|5321|1520|36158|3840|0|226|135944|6251|7169|2913|10697|2844|1729|1504|97296|5760|7330|1593|517|390|921|658|9041|2766|807|616|390|285|47|79|68057|5302|4582|1839|1265|724|1303|877|2929|1248|2892|1559|11257|2575|437|331|2945|1357|40447|3794|0|226|19391|4178|204|201|60|98|324|284|3943|2068|2796|1491|522|422|728|724|1041|650|2001|1043|1373|1392|5355|2140|725|422|0|226|319|211|1602|892|126002|10709|43575|6860|4413|2692|17894|4486|11399|2896|2206|1855|1779|1196|1084|919|711|588|4089|2655|5580|2908|997|1221|738|615|2912|2201|933|919|7557|2620|842|749|3263|1734|2388|1594|694|700|370|334|5197|1756|4889|1668|308|365|61061|7422|310|360|12595|3136|660|490|4302|1984|32725|5611|1497|1115|1154|877|3073|1940|4745|1826|3032|1742|2469|1314|1938|1061|1575|1006|363|376|52|91|0|226|412|660|67|112|425928|12459|414109|12022|96275|7462|2570|1060|2293|1165|9810|2324|1115|903|11450|2711|692|484|12218|3213|40980|5184|688|816|1120|605|9781|2978|525|611|3033|1252|223052|8876|305|296|2399|1420|28307|4470|30476|5587|19457|4130|131731|8748|6759|2627|3618|1516|0|226|94782|8352|2467|997|678|490|20658|5072|1820|794|25687|3785|4082|1462|9637|2882|6439|1808|2667|1592|19822|4364|825|570|11819|1736|11328|1670|491|417
400C200US04843|297456|12544|24169|3306|6065|1328|110|108|646|403|0|225|178|219|4820|1314|2709|1293|2044|493|67|79|311|289|4698|1219|37|62|38|63|793|410|2845|994|368|241|297|260|320|542|3334|1347|1086|678|1374|711|196|278|0|225|678|567|0|225|9617|2049|280|284|271|229|36|60|656|570|130|159|271|248|635|406|0|225|88|109|269|259|0|225|592|316|465|325|2116|858|235|196|2416|1037|1157|680|455|391|114598|4986|31455|3067|16261|2045|13726|2141|648|451|1887|1077|1448|722|13214|2322|532|617|49166|5195|714|642|2099|1031|150|184|21675|3902|4213|1581|235|386|7899|3469|11127|2922|809|598|245|312|0|225|24508|4800|4780|2885|95|115|131|152|38|66|731|609|11660|2926|147|172|464|265|6462|2686|0|225|9406|2842|0|225|0|225|283|414|1199|786|1126|972|1154|922|192|234|339|313|1590|1275|1034|1048|1244|752|120|197|922|1293|203|211|63|103|55541|7939|6664|2549|260|250|2752|1256|1484|1485|0|225|142|157|1584|1271|24|41|418|273|7992|2662|5963|2451|417|424|879|762|733|834|3466|1404|158|271|1464|791|1007|662|777|875|60|109|1380|834|1289|824|91|113|34597|6444|0|225|4023|2162|464|449|2472|1532|23954|4765|107|162|673|520|1705|2169|1199|625|1442|1353|762|492|616|477|280|295|336|362|0|225|0|225|67|117|79|138|102386|7597|98464|7681|22905|3832|27|47|1692|1262|912|624|722|706|675|414|76|92|1236|1002|10313|2290|489|563|318|524|5977|2879|0|225|468|548|56656|7121|86|141|223|233|26136|4896|8375|3225|10390|3730|10293|3142|662|590|491|369|0|225|18903|4254|956|864|432|358|2558|1297|345|258|4788|3045|1386|1160|2376|1393|1954|995|326|576|2996|1901|786|714|3922|1227|3863|1211|59|99
400C200US09271|958660|19698|136976|7646|29240|3037|256|202|9198|1710|212|151|1439|601|17129|2521|9045|1983|7167|1596|917|546|1006|503|18336|2714|301|184|1287|691|6110|1435|7977|1794|1288|718|1373|622|0|210|36669|4504|6056|1882|13244|2340|14097|3139|2923|1116|3272|1295|0|210|52476|5651|10655|2611|1414|815|1569|886|2564|1312|461|405|857|473|1026|443|469|376|686|448|785|989|777|1045|4342|1195|2597|982|12932|2344|606|331|6777|2036|3959|1331|255|294|300876|7154|125609|6400|103832|6069|86539|5257|9858|2052|7435|1673|6347|1598|15344|2832|86|115|85836|7403|948|789|2784|1300|0|210|64864|7003|5947|1265|903|765|4740|2062|2926|1212|1047|612|1325|840|352|424|62078|5331|874|661|14473|2990|1383|716|3035|1563|1433|678|9276|2387|927|344|4029|1164|26648|3550|0|210|26682|4250|803|423|547|456|425|353|2001|1203|3742|1602|786|598|773|783|6545|2219|1115|662|1967|917|7087|2186|250|253|38|64|603|418|671|515|82982|6868|24283|4324|476|518|7182|2089|5770|2099|357|304|1284|1036|7413|2974|575|388|1226|744|5123|1907|2098|1173|666|590|1727|1370|632|474|13685|2851|1102|939|4620|1247|6737|2145|527|360|699|456|2285|959|2195|938|90|139|36500|5507|17701|3545|4675|1693|882|990|2131|1189|6509|1989|1042|722|3011|2390|0|210|549|364|1106|580|3164|1083|2840|1026|2536|999|304|197|0|210|0|210|0|210|324|441|434662|15401|414103|14853|164797|10599|258|241|2698|926|3454|1521|554|429|85101|8083|0|210|51901|5997|11343|2519|312|372|218|227|6423|2811|523|743|2012|976|87493|8799|1306|1283|2070|1719|32289|5962|25445|5099|11896|3660|8308|1830|2803|1807|879|724|2497|2005|161813|13322|3476|1383|1892|1194|92920|11502|5041|1763|27335|5193|12560|4114|1616|1221|8484|2755|379|442|7645|2187|465|778|20559|2571|20227|2496|332|272
400C200US15670|229478|9954|26996|4099|5777|1633|0|210|185|177|0|210|140|135|5133|1544|2476|1010|2414|1289|243|246|319|364|4722|1209|227|195|0|210|789|548|2832|961|623|441|227|209|24|39|4432|1431|1055|518|1895|1037|542|587|65|106|940|718|0|210|11774|3087|712|743|142|147|500|395|130|114|191|302|351|384|56|81|336|348|0|210|568|655|68|116|1136|492|913|746|3042|1807|39|65|2361|1111|1229|805|291|326|61318|3850|8238|1932|5849|1619|4983|1590|417|273|449|262|769|410|1620|940|0|210|33162|4412|1843|2498|951|742|137|224|26121|3554|634|381|403|449|1976|1156|850|457|0|210|163|143|84|99|16808|2682|1895|1203|1671|1039|318|283|1267|678|39|66|3497|1313|169|168|135|136|7817|2074|0|210|2896|977|0|210|44|73|69|114|47|78|273|256|348|222|281|199|183|190|432|457|0|210|597|681|555|486|0|210|67|116|214|214|22200|5451|7311|4390|899|831|2199|1490|327|267|3425|3964|35|59|370|357|0|210|56|93|2222|1529|526|492|0|210|1210|1201|486|770|1550|876|52|87|443|391|655|718|173|286|227|284|1681|1016|1681|1016|0|210|5699|2129|0|210|211|202|0|210|2491|1595|1254|705|195|245|278|453|544|573|726|718|3737|2074|690|363|558|336|512|324|46|75|41|72|0|210|28|65|63|105|118274|6804|114615|6678|13837|3219|87|146|258|321|2742|1309|0|210|6073|2715|0|210|389|412|2785|1211|0|210|0|210|1069|626|0|210|434|523|78427|5771|0|210|1588|745|14533|2849|4772|1935|21440|4708|32102|5299|2942|1409|1050|657|0|210|22351|4350|1249|712|95|111|4239|2002|547|540|7508|2459|2008|1011|552|413|2512|1152|52|84|3589|1886|0|210|3659|1062|3558|1070|101|120
400C200US16264|1681839|26742|337680|15273|27491|3926|839|579|6612|1873|338|385|2195|1916|16991|2813|8079|1887|7772|1867|1140|691|516|338|24007|3447|1307|557|973|658|4227|1135|14611|2152|1495|617|1394|1315|0|210|28477|3549|9175|1997|15203|2229|692|685|0|210|3363|1176|44|74|255994|14316|6758|2102|6258|2196|6529|2178|14492|3254|2722|1039|3874|1221|1781|967|862|374|10279|3178|4270|1488|4107|1230|112815|8700|13693|2831|16522|4340|6024|1925|37842|6490|7166|1562|1711|1117|506538|10812|118249|7096|76612|6034|64117|6135|5208|1412|7287|1450|6600|1839|30998|3928|4039|1608|210347|11508|3657|3293|2452|1376|98|157|153844|10590|6957|1780|2523|1625|2216|1159|31147|4933|1269|1128|2046|1070|4138|1879|120224|7205|6495|3929|2087|748|2119|937|1950|993|2600|1106|82061|5759|1152|506|5804|2059|15834|3009|122|146|51267|5958|646|620|640|472|697|464|11178|2158|4988|1324|9729|2998|1263|692|5630|2721|2753|1291|5950|1898|4613|1505|695|369|1928|1622|557|532|6451|2158|68484|8035|8287|2629|412|509|2997|1786|1849|985|347|570|352|239|1094|1260|477|518|759|618|3397|1539|2594|1374|0|210|211|273|592|669|13016|3369|2299|776|4177|2398|4000|1907|1406|1463|1134|794|3747|1862|3658|1855|89|117|38428|6629|34|60|10996|3890|708|778|0|210|24798|5741|62|102|246|402|1095|1041|489|419|1609|1522|5428|1489|4873|1404|3493|1249|1380|677|396|501|0|210|0|210|159|207|763709|16675|750340|16055|25849|4530|97|168|161|191|7338|2472|90|154|3876|1749|0|210|4135|2134|7909|1981|0|210|143|195|1482|978|0|210|618|462|631107|16061|5947|2168|712|384|9887|2473|22881|4006|20460|6014|564412|15150|5062|2170|1746|1004|0|210|93384|9393|5540|2229|1518|1350|5559|1464|4396|2000|23360|4576|22598|7068|136|135|8656|3293|244|267|20639|5566|738|687|13369|2491|13241|2459|128|207
400C200US22042|1279376|26996|47928|5263|10222|1924|370|367|753|353|533|566|566|439|7972|1696|2864|976|4186|1164|922|603|28|47|10952|2178|545|512|171|151|2959|1431|5918|1189|855|540|415|406|89|105|3496|1008|637|432|1352|622|74|124|0|236|1433|610|0|236|23258|4547|1006|1025|645|618|1827|786|544|402|2737|2684|620|425|663|582|216|162|528|669|360|367|335|553|905|609|2065|953|4882|1956|1431|1878|4042|1838|452|280|0|236|383461|11237|56322|5357|35534|4393|26271|3713|2901|1097|6362|1525|4767|1473|15855|3008|166|261|196063|11723|6459|3018|8871|2775|2273|1996|130426|9230|12902|3941|371|363|14293|3387|18134|3856|910|526|606|388|818|995|101057|8313|3483|1792|4021|1491|458|312|4057|1962|2285|939|23094|3876|617|449|3340|1073|59702|6937|0|236|29091|4549|0|236|56|93|0|236|6789|3073|1197|550|3261|1643|2163|1296|2882|1329|3688|2072|2218|1587|3665|1292|2251|1545|52|90|869|541|928|511|113325|11597|37961|6826|5995|3251|15687|4102|7528|2726|469|356|911|622|2725|1519|1609|1097|3037|1718|11121|4063|3378|2152|2959|2426|4664|2426|120|158|10914|3452|143|169|6108|2399|754|511|3530|2018|379|421|3482|1224|3157|1065|325|407|46667|8765|0|236|9340|5238|698|472|1769|1120|31619|5875|45|78|674|578|0|236|2522|1356|3180|1618|7927|5505|1842|814|1345|731|497|371|130|176|0|236|957|888|4998|5608|726735|20690|715802|20924|24667|5213|472|634|213|268|14053|4522|433|444|2261|993|0|236|1847|1207|4188|1775|0|236|0|236|538|406|243|311|419|353|620633|17610|217|223|1999|1070|57609|8367|23657|5864|48802|8372|478829|16830|7768|2698|1435|738|317|362|70502|10736|4033|1616|2245|1423|8074|3511|600|531|13151|3879|3823|2328|838|575|8989|2887|415|281|28065|6999|269|324|10933|2124|10933|2124|0|236
400C200US23527|353218|13619|38395|4486|9854|1999|392|373|615|306|64|108|729|327|7840|1879|3663|1195|3843|1359|334|251|214|211|8394|1766|182|154|60|98|1185|566|6142|1579|653|414|172|228|0|220|1096|561|42|71|438|304|143|189|0|220|473|417|0|220|19051|3533|62|102|2020|1423|207|228|797|597|117|147|532|319|1068|773|155|157|93|119|310|301|57|92|2317|1049|919|567|4156|1138|0|220|5034|2022|1207|982|0|220|84882|5168|22126|2979|10132|2101|8667|2062|303|201|1162|561|1928|641|8481|1921|1585|1665|29018|4250|3813|1905|746|958|93|161|16615|3723|1298|636|635|630|2929|1731|1194|725|427|475|250|272|1018|1013|29309|4065|982|1137|1258|964|1473|1044|737|614|603|543|7891|1949|291|292|2682|1163|13392|3540|0|220|4130|1144|0|220|40|66|93|110|665|470|457|378|314|271|299|274|816|641|284|243|467|370|508|423|141|195|0|220|46|73|299|394|31104|4806|13663|2882|1461|1228|9982|2693|344|309|778|550|0|220|0|220|48|80|1050|780|1351|1111|245|389|613|897|323|432|170|286|5567|2075|863|898|461|380|1116|782|270|428|2857|1716|1890|978|1831|972|59|99|8633|3568|0|220|1842|1204|955|1430|1140|1009|2061|1363|120|161|1760|2294|755|713|0|220|0|220|3054|1466|1312|603|959|551|353|256|0|220|21|41|733|562|988|1127|195783|11479|187786|11431|6136|2356|110|132|485|468|2132|910|0|220|615|533|0|220|65|132|2541|2072|0|220|0|220|188|221|0|220|0|220|148836|9717|506|562|1466|855|4641|1699|3647|2067|2160|1302|133014|9397|2686|2240|716|578|0|220|32814|5737|935|435|1045|1167|3121|1850|2695|1305|9393|3484|280|256|110|182|5621|2273|0|220|8960|3045|654|480|7997|1506|7997|1506|0|220
400C200US23824|449803|15222|78414|6577|6238|1065|189|185|465|343|0|184|0|184|5538|967|2292|734|2630|776|616|308|46|80|11076|1714|401|321|31|52|2213|904|8019|1309|316|224|96|124|0|184|8748|1608|1282|570|5969|1407|20|20|0|184|515|333|962|473|52352|5863|9015|2640|646|619|2140|1045|2138|2041|243|198|851|467|40|65|233|199|302|289|397|310|2603|977|7407|1918|8383|1976|2861|932|560|351|6898|3184|7635|2244|0|184|269512|11327|32844|3586|17442|2630|13588|2326|1361|959|2493|793|6605|1913|8797|1781|0|184|94966|5720|422|656|23847|4675|0|184|59207|5208|2630|1328|0|184|1099|1522|6736|2005|754|544|177|178|94|123|20557|3327|0|184|529|454|164|146|829|536|907|1113|12162|2468|295|328|994|585|4677|1530|0|184|120183|9531|199|242|463|410|88|145|50389|6089|570|345|2824|1112|637|457|24347|3778|2071|1612|10917|6883|805|648|676|717|25735|4486|462|367|962|470|19722|3940|2525|1260|91|160|384|299|1214|979|55|91|445|670|0|184|118|211|218|194|2061|1195|500|396|503|592|910|792|148|245|5484|1744|626|487|2485|1263|889|507|823|821|661|613|926|537|848|498|78|139|8029|2437|0|184|1299|885|399|652|730|698|4389|1982|300|363|678|547|0|184|234|316|697|893|851|490|683|400|504|352|179|185|0|184|0|184|168|285|0|184|81304|5213|61379|4953|5322|2042|214|342|0|184|966|556|0|184|502|369|34|57|825|552|2750|1856|0|184|0|184|0|184|31|53|0|184|46359|4445|79|99|103|110|1739|907|4028|2154|1686|882|38401|3993|42|76|167|203|114|189|9698|2666|961|488|118|133|3451|982|153|233|1033|494|118|117|0|184|368|316|40|67|3397|2311|59|105|19925|3219|19925|3219|0|184
400C200US40429|1652442|29895|59243|5694|19310|3112|1201|1288|1030|507|881|638|1054|726|14681|2654|9276|2500|3719|1083|1686|1234|463|318|12902|2668|667|484|452|563|4828|1826|5633|1492|1061|532|212|179|49|85|7604|1934|1140|575|1889|889|603|550|64|110|3972|1834|0|236|19047|3941|378|335|285|243|863|714|499|380|236|335|1514|839|284|203|199|335|370|256|0|236|0|236|1819|684|1147|449|3228|1615|1364|930|5443|2413|1418|889|380|523|447218|11794|87706|8061|68620|7067|53060|6530|5207|2083|10353|1894|4038|1385|14938|2853|110|169|162842|10216|10950|5365|3955|1576|26|43|95584|7056|11455|2424|937|648|4236|1819|33047|6585|1520|1121|383|377|749|811|160347|10322|2383|1733|2024|968|2120|939|1287|1026|2474|1602|45153|6137|1478|1082|4822|1578|98606|10130|0|236|35426|6240|0|236|1141|737|76|133|6489|3500|1762|1391|2818|1516|2089|1309|6506|1920|2140|1019|2736|1753|6662|2869|2090|814|104|178|813|768|897|737|114937|12424|23587|5904|2527|1516|8130|3695|7764|3726|1062|1168|1308|1164|350|301|1055|922|1391|999|9611|4515|3842|1825|3589|3952|1201|923|979|776|9687|3074|1073|948|5273|2286|2396|1690|386|348|559|638|3669|1263|3556|1294|113|135|65262|8383|0|236|4534|2344|1120|928|778|658|53738|7501|189|176|1242|955|633|737|3028|2055|3121|1645|3181|1325|2210|1225|2105|1219|105|139|44|59|0|236|281|372|646|763|1027863|24387|1011271|23036|85336|11421|86|137|301|363|50556|8062|1083|893|6214|2748|1437|1869|2293|1222|9300|3426|1841|1039|168|154|8267|2339|1312|1145|2478|1556|788263|20741|1148|791|2076|1026|117884|10868|44378|6396|103521|12224|503796|15642|13697|4360|1510|802|253|295|137672|12725|7419|3005|795|738|10916|3406|2250|1120|37685|6589|4982|2115|1938|1124|13683|4477|605|671|56654|9676|745|529|16592|5465|16527|5465|65|110
400C200US47995|505858|13410|36630|4804|7898|1884|0|232|623|370|0|232|359|462|6871|1736|2342|896|3635|1269|894|559|45|73|8850|1910|256|353|483|580|1918|1026|5029|1459|972|567|153|148|39|65|2643|1178|270|243|1592|1000|215|313|0|232|534|435|32|53|17239|3217|1463|1259|0|232|886|597|1563|699|252|258|756|401|927|556|0|232|582|531|242|401|188|310|2005|890|1469|930|2886|1076|472|380|1883|963|1665|1508|0|232|169823|7302|40305|4072|22982|3093|16791|2812|2056|650|4135|1116|4097|1426|13226|2678|0|232|16612|3548|557|475|430|521|0|232|6796|2290|3810|1502|125|151|175|167|3161|2635|1492|1131|66|82|0|232|105404|7099|552|749|2129|1797|2829|1185|1202|593|793|476|82606|7216|328|260|4895|1999|10070|3419|0|232|7179|1704|721|617|59|99|58|100|261|316|2416|1187|623|360|0|232|655|380|85|138|271|306|1335|882|0|232|0|232|695|759|323|513|19275|3570|11737|3406|901|643|7874|2809|818|607|1405|1637|193|240|0|232|506|680|40|68|0|232|0|232|0|232|0|232|0|232|2381|1101|296|255|751|627|1124|798|155|258|55|88|1328|1164|1328|1164|0|232|2194|1187|0|232|499|412|67|115|140|227|1085|843|194|271|0|232|0|232|209|342|1635|1281|3881|1283|2129|1046|1720|818|409|400|161|160|0|232|0|232|1591|962|276249|10727|267743|10375|31806|5569|84|100|291|243|25343|5447|57|96|2090|1032|0|232|311|381|1905|949|44|74|0|232|1172|616|265|415|244|281|212284|9475|1473|1277|617|318|28884|5905|9436|2112|2633|1336|163372|8773|4352|2216|1163|586|354|415|23653|4316|2765|1025|0|232|4112|1725|1119|558|5746|2212|779|631|89|110|5863|2315|379|621|2620|2111|181|224|8506|2295|8455|2297|51|81
400C200US51445|4011195|34912|195949|8679|42975|3502|1718|809|2528|804|1082|577|2583|828|34276|3413|15978|2041|16138|2695|2160|690|788|458|41515|4275|2287|1081|1920|738|14033|2842|17679|2538|4137|1120|1201|498|258|211|20590|3047|5332|1856|9556|1834|2045|821|191|236|3657|1232|0|221|90412|7437|76|64|3294|928|948|702|2044|1028|1559|834|3900|1164|2571|815|1729|929|1049|593|2185|1025|170|194|6047|1629|7704|1852|32931|4961|1309|669|18374|3328|4522|1373|457|431|1593459|20816|591684|16180|356389|12150|241265|11294|34601|3719|80523|5723|43110|4919|187898|11348|4287|2994|249107|12317|8722|3721|13799|4061|0|221|85902|7904|113120|9207|2343|1128|3249|1537|11418|3577|6826|2418|2179|1250|1549|788|583124|18006|9946|2025|25201|3549|13621|2465|3898|1310|6666|1783|251873|11842|4944|1708|22337|3434|244511|12107|127|157|165054|9805|80552|7750|3304|1464|3201|1609|8171|2685|14540|3298|5858|1819|3143|2030|19500|3165|4363|2265|12073|2783|8559|2171|867|542|0|221|923|574|4490|2064|70086|8212|13058|2980|1270|932|6067|2181|1686|924|487|483|241|235|938|472|489|337|1880|952|2143|1166|1706|1066|0|221|101|99|336|469|30955|6632|1143|694|22131|4389|3180|2030|2421|3279|2080|1150|3751|1067|3751|1067|0|221|19390|4669|73|125|1830|885|495|537|661|490|14228|4329|661|503|480|300|530|666|432|316|789|555|17975|2625|10362|1833|7568|1495|2794|1027|3673|1476|0|221|55|89|3885|1432|2133726|29414|2094443|28769|30593|3959|427|470|401|327|13827|2236|336|544|3667|2076|492|752|1503|937|6332|1772|172|179|189|185|1626|636|639|631|982|545|1923108|27738|12508|2960|6686|1748|276677|14939|188837|13335|45410|6618|1356312|24449|31381|4819|4035|1721|1262|883|140742|11338|13051|2257|8421|2896|18632|3054|7773|2215|33437|6991|14750|3337|1744|1042|31925|4608|462|301|8689|2798|1858|987|39283|3887|38408|3779|875|866
400C200US56602|2621431|24492|150504|9658|25316|4385|571|380|3767|1648|338|290|1861|1036|17350|3110|7972|2231|8464|2044|914|388|1429|536|29054|3448|1549|693|1785|904|9376|2081|11415|2088|2312|784|2617|1184|0|243|32115|4196|2277|865|13294|2753|2755|1250|0|243|13789|3253|0|243|63758|6001|872|815|1691|803|117|193|2406|1342|911|499|3309|1694|3769|1255|254|240|600|455|2005|1193|607|469|6988|1703|6729|1936|16960|3333|1142|720|10486|2821|4912|1726|261|220|136011|7995|26260|3900|21365|3587|16120|3490|2845|1185|2400|876|1541|639|3354|1481|0|243|44690|5010|55|97|3072|1686|0|243|23053|3337|4011|2229|940|579|767|529|8779|2792|1053|841|1860|1363|1100|1138|33785|4964|2052|1234|353|331|970|694|1413|1239|944|729|14872|3231|203|205|3048|1802|9878|2497|52|89|29607|4303|109|176|412|424|596|568|1291|842|13812|2620|1012|739|734|729|3559|1359|281|225|2590|1329|4423|1423|399|368|0|243|389|348|1669|1126|27333|6105|4249|1458|381|420|907|659|1160|676|0|243|681|737|233|201|281|309|606|340|944|728|280|352|269|429|250|400|145|167|7243|1756|474|316|3748|1206|2415|1255|56|88|550|373|6090|2018|6090|2018|0|243|6660|4884|0|243|546|461|66|115|732|622|4742|4835|106|130|57|96|0|243|411|504|2147|1474|1808|814|1410|742|1322|733|88|108|0|243|0|243|0|243|398|277|2305775|24996|2271046|24650|1231830|22638|13524|2891|3461|1675|762582|16714|1289|1040|64670|6440|1676|1199|216607|14336|137838|9490|1929|1358|1829|1090|19806|3415|1500|1024|5119|1851|347287|19039|1462|672|8745|2262|32114|5689|55113|8201|67425|7386|63168|7870|109017|11195|10214|1814|29|48|691929|20944|51877|5101|5259|1593|82095|8172|17420|3815|204584|12158|29091|4444|14412|3519|68618|8881|10191|2832|203996|13564|4386|1756|34729|4235|34645|4249|84|142
400C200US57628|371226|11670|29300|3296|6104|1247|209|213|649|370|277|215|561|295|4062|1031|1808|727|2090|733|164|169|346|434|4126|878|0|157|43|73|1098|459|2018|640|622|522|345|218|0|157|1290|619|124|181|281|217|144|181|0|157|741|496|0|157|17780|2710|373|523|862|494|1771|1060|896|526|111|5|570|358|139|246|73|86|151|204|700|547|0|157|1188|737|557|405|5752|1512|11|22|3890|1307|736|583|0|157|136869|5354|25063|3174|14257|2521|10521|2038|1671|964|2065|937|2569|1302|8199|1557|38|65|41112|5118|1962|2137|1143|679|187|219|31871|4645|1207|662|246|226|1913|1102|517|473|1413|723|481|604|172|174|66145|3744|2727|1241|3577|1352|996|637|17613|2652|566|327|11196|3005|478|433|15378|2586|13614|2478|0|157|3874|1794|0|157|186|248|0|157|1676|1457|222|214|288|242|86|141|358|512|621|913|0|157|309|232|72|123|0|157|56|92|675|586|115286|8978|68189|7640|2167|1070|21344|4010|15932|3516|24798|5023|277|304|600|778|153|189|2918|2132|6776|3140|4878|2652|367|585|1531|1696|0|157|4089|1386|224|366|1319|591|1254|767|1038|858|254|265|1440|780|1440|780|0|157|33436|5098|0|157|3481|1572|417|464|18363|4299|6781|1863|63|104|330|400|3018|2021|983|696|1356|906|1576|705|1528|682|1263|661|265|187|0|157|0|157|0|157|48|92|88195|5658|81845|5625|7497|2986|589|839|0|157|538|397|0|157|2696|1911|0|157|2579|2411|878|641|57|99|11|5|113|198|0|157|36|62|55549|5098|108|161|1284|1230|5527|2159|3015|1253|2982|1194|41156|5086|1286|1394|49|86|142|196|18799|3330|622|463|160|200|1445|823|238|248|4970|1706|5313|1895|2519|1082|890|609|244|288|1934|1083|464|534|6350|1396|6350|1396|0|157
400C200US63217|5844508|41268|798492|19460|105405|7228|2138|883|29566|4221|2022|1027|3773|1214|66877|5971|34968|4053|28163|3792|3746|1085|1029|515|88099|6670|5832|1825|4155|1023|28226|3841|36597|4676|5365|1307|7635|1222|289|291|173058|9602|31257|4127|85699|5304|32720|4046|169|139|21925|3995|1457|893|429558|15809|30885|5668|14475|3006|4777|2082|4213|1247|6781|1937|9727|2131|11718|2094|2697|1034|5436|2459|5822|1522|10411|3667|80232|7354|16039|2527|70162|6380|7295|2707|96315|7851|52573|7356|2372|1149|1733729|19647|701976|15675|535447|15354|442490|14217|50820|5629|42137|4453|33425|3889|132899|8880|205|208|653603|16343|5008|1446|133587|9332|279|281|343889|14289|19891|3476|8056|2059|16876|3258|76611|7468|8099|2060|35326|5456|5981|1753|221651|8846|9206|1980|1983|878|8521|2913|714|419|12580|2192|145091|8443|4322|1582|8711|1939|30311|3982|212|258|148983|10353|2764|1269|5446|1741|16062|3769|2235|983|32379|4042|6646|1753|2001|862|11288|2355|5345|2458|12700|2638|28170|3448|2308|1013|18177|5191|3462|1322|7516|2183|289569|17155|19386|3505|337|431|3582|1389|6126|2076|158|206|2181|1113|932|633|1560|894|4510|2121|8174|2989|1998|1376|662|442|557|457|4957|2647|76512|7736|5103|2268|50322|6662|15528|3334|2999|1585|2560|1680|9224|2167|8364|2132|860|681|161869|14492|132|159|54174|8698|4071|2252|4918|1773|53990|7252|7979|2711|3766|1748|6767|2808|26072|6426|14404|3810|16917|2713|15765|2636|13835|2553|1930|905|266|253|0|210|0|210|886|719|3005801|31418|2955911|31349|1316056|27959|1869|996|24189|4085|55908|5945|13324|3316|637983|22057|18260|3636|168969|10493|246888|12522|12864|4001|16413|4005|96409|8816|8867|2470|14113|2263|681578|24003|7202|2143|22222|5166|164513|13498|100173|11130|79408|9057|275391|14085|16913|4172|15442|2981|314|433|958277|27164|24325|3220|6582|2430|75394|8152|16767|3388|208396|13423|270099|16709|170135|12349|123330|10912|9754|2366|42887|7190|10608|1992|49890|4946|49599|4919|291|265
400C200US69076|717901|20180|111493|9138|15364|2251|88|132|3460|1093|131|164|512|316|10842|1670|5743|1326|4363|1137|736|331|331|247|11416|1782|568|409|476|298|2051|631|7181|1444|579|310|456|311|105|179|16912|2606|4641|1398|7891|1675|2565|1362|0|210|1585|807|230|303|67801|8221|4478|1358|5830|3183|963|749|1264|891|669|511|1005|626|872|492|502|345|318|293|1544|857|421|500|8263|2065|2126|866|8477|2313|524|342|16462|3686|14083|4261|0|210|284899|7751|92922|6809|66209|5288|56561|4832|3571|1030|6077|1776|2089|964|24019|3656|605|962|114814|8943|1363|1093|10317|3334|1077|1551|82019|7344|2737|946|2328|1483|838|627|7420|2829|1346|642|4751|2345|618|555|59310|5397|1972|1313|4855|1744|1960|1190|1313|942|2323|1289|19569|2693|330|284|3870|2011|23091|3172|27|53|17751|3288|679|507|640|570|1161|900|1012|1180|1593|762|660|442|348|351|1514|741|976|688|1464|865|6615|2687|1009|669|37|61|43|73|102|153|84213|11225|10049|2740|455|446|4053|1771|2819|1046|220|346|208|216|955|800|409|427|930|655|5261|3186|3193|2693|313|499|722|835|1033|781|17439|4497|4862|2246|6698|2488|4136|2109|908|873|835|841|1953|1064|1953|1064|0|210|46847|7466|97|114|7375|3741|1399|1220|18102|5737|9587|2451|68|109|4430|1901|915|600|4874|2274|2664|1793|912|402|633|302|282|198|351|258|0|210|0|210|144|238|135|145|236384|14273|228037|14138|91391|10117|89|156|2059|1155|2449|1088|120|3|38772|6319|411|416|17268|4918|21907|4732|0|210|563|489|5292|1376|52|94|2409|1098|86492|7758|329|304|1186|832|4191|2057|15327|4862|8454|2888|53341|5970|2478|1420|882|497|304|404|50154|6871|1491|644|469|415|18097|5444|1256|756|8432|2441|7955|2697|3211|1499|3884|1536|922|755|3649|1297|788|933|8347|1457|8152|1440|195|206
400C200US69184|580970|18151|50718|5311|11591|1944|746|507|1503|931|322|340|307|246|8522|1668|3705|947|4338|1335|479|284|191|257|10324|1962|1056|681|396|428|1976|837|5453|1214|1092|518|351|318|0|232|3933|1108|1187|742|1798|812|745|449|334|329|203|236|0|232|24870|3879|1653|1853|679|771|3235|1369|1084|688|717|670|1149|667|1265|849|235|234|123|150|632|454|88|147|2484|1200|5699|2128|2601|841|1150|749|1171|528|905|596|0|232|158418|8073|31282|4381|19820|3705|15246|3368|1677|701|2897|1073|2885|1144|8577|2330|0|232|59569|7820|1888|1206|1389|1007|285|311|46932|7726|6598|2790|651|447|117|143|956|685|304|339|174|199|275|321|48608|6257|3022|3135|1229|667|1214|555|1141|901|1708|1077|19419|3126|693|389|2682|1058|17500|3980|0|232|18842|3943|0|232|71|127|48|80|9507|3167|1685|793|2039|1486|985|548|1179|636|286|302|1177|988|1502|903|363|305|0|232|0|232|117|152|40419|8993|19942|6428|42|72|1195|912|4816|3103|1974|1140|1893|2432|4770|4564|568|778|4684|3250|3520|1941|612|657|2024|1625|884|702|0|232|3342|1480|334|330|1667|944|258|216|705|756|378|437|2126|789|2126|789|0|232|5824|2874|0|232|1286|1664|0|232|205|240|4040|2418|0|232|89|143|0|232|204|334|5665|4410|3373|1417|1410|607|581|295|829|541|0|232|203|305|1151|1230|609|466|328042|13832|305023|14167|14435|3369|165|199|428|534|6918|2196|0|232|3664|2194|0|232|471|473|1797|1479|0|232|38|64|954|674|0|232|0|232|274159|14296|224|208|640|413|6814|1971|13255|3817|1306|781|250454|13770|504|418|364|328|598|959|16429|3958|1115|620|297|375|2069|1032|461|409|6227|1975|794|535|0|232|3516|2365|224|268|1622|1402|104|175|23019|3131|23019|3131|0|232
400C200US71317|282249|9807|43191|4227|7877|1517|391|272|810|387|560|428|285|246|5725|1418|2581|852|2809|1081|335|237|106|126|7851|1748|701|690|36|60|1836|913|3948|1167|954|494|376|408|0|210|2115|695|267|227|985|539|114|133|0|210|701|396|48|82|25057|3643|0|210|1215|744|1647|1237|429|565|209|276|520|379|408|347|0|210|326|270|862|692|0|210|689|442|1882|843|6335|1984|57|92|8869|1945|1609|940|291|347|120618|5832|38086|4043|24530|3668|17333|2968|1355|546|5842|1594|4899|1441|8599|1824|58|101|27179|3687|1703|1342|808|592|0|210|15534|2436|2925|1075|1122|482|1943|1187|727|469|593|587|732|539|1092|732|46763|4069|462|384|2136|1093|495|355|4482|1640|1384|741|13025|2480|323|253|5292|1860|19164|2788|0|210|8455|2997|542|526|130|161|167|279|3840|2463|1105|675|531|497|362|412|219|216|539|466|418|409|340|293|165|273|55|96|42|70|135|154|12730|3052|8466|2972|448|533|5068|2493|1403|1058|496|680|142|183|502|711|260|289|147|191|217|272|101|184|0|210|116|193|0|210|1233|701|111|193|685|676|293|286|52|91|92|157|490|397|490|397|0|210|1706|976|0|210|0|210|0|210|212|381|833|803|0|210|145|200|0|210|516|530|618|586|5225|1280|919|479|468|384|451|318|785|591|583|530|1922|910|1016|706|100485|5608|91551|5195|4771|1466|139|165|47|78|3679|1349|0|210|61|99|0|210|334|401|281|204|0|210|48|96|97|111|0|210|85|98|78322|5268|0|210|697|586|5136|2405|7047|2783|1190|915|61961|5394|2140|2029|151|157|0|210|8458|1901|856|637|108|182|1327|721|730|517|1811|1058|365|411|0|210|1748|944|179|200|1066|778|268|344|8934|1991|8934|1991|0|210
400C200US77068|415493|11130|69300|6932|6935|1434|368|349|390|312|45|76|0|221|6082|1445|3006|1077|2987|961|89|105|50|85|7895|1832|276|246|151|185|1038|697|5592|1515|651|526|187|223|0|221|2720|955|621|477|1120|554|516|305|42|70|399|421|64|84|51689|6184|69|118|2034|1192|2007|1178|771|948|0|221|361|340|93|90|707|739|0|221|4764|1736|0|221|905|666|3193|1556|14010|4095|85|142|22038|4684|652|443|61|96|211433|7486|36908|4055|28352|3852|21618|3574|4204|1084|2530|881|2550|954|5638|1584|368|431|74441|7531|26259|7025|690|406|0|221|29042|4663|6492|1696|887|772|876|613|7674|3257|443|353|1608|875|470|295|86605|5768|545|425|1967|1247|257|244|10317|2642|1149|572|40738|4683|144|142|5064|1687|26424|4048|0|221|12835|3643|2751|2123|0|221|1046|1289|3861|1734|545|451|664|600|593|486|739|531|412|325|403|466|1605|1177|187|193|0|221|29|48|644|481|11370|2382|4195|1727|46|80|2146|1384|708|614|470|787|133|221|378|538|184|161|130|161|105|143|77|135|0|221|0|221|28|48|2645|979|303|510|1615|789|246|289|434|397|47|79|839|460|839|460|0|221|3093|1219|0|221|503|600|43|73|472|532|1082|615|143|169|0|221|0|221|850|790|493|800|14642|2641|1320|948|1118|922|202|182|8368|2770|1557|1536|248|300|3149|1531|108748|6872|103292|6777|2350|922|210|284|77|126|337|281|0|221|220|273|0|221|462|481|583|466|59|98|0|221|247|342|0|221|155|185|93926|6540|92|155|399|526|7055|2152|3838|1551|2250|2123|76623|7109|2291|810|1378|893|0|221|7016|2097|361|378|43|74|2432|1494|46|75|1139|640|294|391|98|115|2041|966|60|100|502|353|0|221|5456|1250|5456|1250|0|221
400C200US78661|728409|16512|60864|4965|13536|2009|328|217|989|493|557|465|396|260|10860|1877|4515|1243|5495|1288|850|514|406|291|13306|2348|689|397|460|377|2961|924|7110|1674|1644|560|384|342|58|75|7474|1714|460|331|4048|1401|1505|936|0|221|1461|612|0|221|26504|4092|666|563|828|514|240|243|1579|1341|418|289|876|413|2163|1250|124|155|0|221|0|221|176|184|2532|926|2419|1211|7405|2015|542|335|4264|1507|2272|1182|44|74|293508|9128|61377|5030|37577|4362|27172|3929|3674|1354|6731|1295|9335|2180|14208|2740|257|424|46018|5495|7013|2753|2016|1232|297|291|21611|3378|10043|1820|757|539|974|710|2073|1288|601|432|552|676|81|133|148203|7315|961|714|3351|1769|1796|964|3522|1358|1473|821|89192|6951|716|549|3938|1161|43254|5512|0|221|36195|5706|1025|847|924|1300|29|48|21420|4744|2868|1279|1123|825|702|490|498|287|127|186|2458|1458|2842|1145|915|812|404|657|860|1145|1715|1170|19280|3862|6459|2662|29|50|2262|1141|1539|1626|1502|856|166|215|512|436|37|61|412|289|1194|727|63|94|392|390|448|510|291|451|5118|2123|467|694|2262|1048|565|407|1723|1707|101|119|3390|1198|3390|1198|0|221|2521|1285|0|221|299|273|167|278|0|221|1548|1178|286|347|70|113|0|221|151|153|598|652|5113|1658|2321|1188|1526|663|795|1020|436|422|567|883|0|221|1789|877|349644|13057|338225|13021|6356|1801|0|221|43|71|1689|795|0|221|917|623|0|221|1035|1175|1548|711|0|221|85|109|452|378|0|221|587|752|310428|12949|294|324|477|330|5136|1490|13185|3924|956|641|288167|12648|966|473|939|483|308|493|21441|3454|2096|1047|951|624|8447|2545|703|485|5173|1638|752|370|188|258|1786|668|46|80|1223|571|76|93|11419|2016|11297|1996|122|198
400C200US78904|1178420|16722|95052|5749|23565|2747|772|382|5071|1152|367|317|1634|566|15289|2081|8821|1299|5466|1332|1002|571|432|515|25008|2683|1040|583|1833|849|9228|1670|9789|1844|1786|807|1257|467|75|94|12392|2402|1603|805|4833|1384|2692|1001|513|377|3171|1268|93|109|33891|4019|73|128|1750|696|2252|1779|1061|693|275|272|978|648|741|530|301|283|149|173|1491|865|211|274|3008|1102|2233|1255|8729|1904|65|109|8252|1867|2322|1167|196|199|669147|11086|297943|10945|256044|9659|196243|9496|33384|3192|26417|2825|14428|2284|24854|3458|2617|1423|148356|9597|8453|2998|1068|644|0|221|108486|8103|11398|2212|1489|1216|8055|3041|7579|2469|819|589|413|359|596|635|200754|9820|11006|3648|4389|1917|4244|1610|3365|1213|3310|987|122453|8150|2651|987|6822|2043|42514|4172|0|221|19188|3652|682|581|1186|1156|0|221|700|476|2728|858|1958|916|326|313|1285|576|539|479|634|699|5270|2145|431|342|2428|1426|1021|709|2906|1134|30770|5080|9613|2740|3134|2415|2923|1112|946|499|68|111|210|257|1108|1127|382|375|842|641|351|291|207|238|54|84|0|221|90|156|8094|2559|2151|1303|1871|1044|2095|1099|1410|1364|567|484|3160|1006|2981|967|179|290|8718|2765|177|214|1021|698|172|199|46|77|6271|2816|294|346|737|603|0|221|0|221|834|837|21291|3636|5981|1460|4156|1089|1825|925|8742|2386|0|221|163|298|6405|2132|362160|10445|344682|10656|4270|1376|0|221|0|221|1649|981|0|221|465|539|86|99|827|708|845|414|0|221|0|221|176|134|157|266|65|112|294135|10863|346|359|1443|859|45732|6810|46525|7000|10413|3177|171276|8760|17757|4366|482|333|161|274|46277|5473|2688|946|712|489|14227|2801|2675|1013|10366|3389|2014|1353|368|253|7753|2439|960|490|4419|2121|95|158|17478|2430|17425|2432|53|90
400C200US79039|766072|12292|54585|4715|10863|1662|461|304|648|380|96|116|790|422|8011|1468|4763|1260|2946|789|302|281|857|506|11038|1956|340|302|583|381|3720|1306|4886|1463|959|497|550|435|0|221|8801|2069|432|336|3534|1180|4131|1612|1517|1056|704|445|0|221|23472|2978|148|246|1083|712|1541|1277|751|456|899|597|503|505|954|566|463|327|186|219|134|162|98|80|1276|681|1096|571|7214|2025|236|239|4246|1220|2644|1009|411|368|537130|9016|189172|7417|151361|7001|102442|5690|12076|2814|36843|3294|10655|2686|27156|3834|0|221|166768|10737|3527|3321|1083|555|0|221|139341|8792|16698|3361|539|448|384|258|2830|1020|1635|943|140|133|591|464|162144|6450|1952|1045|3815|1323|2483|1237|1045|849|2757|914|50099|5362|1366|659|3186|943|95441|6503|0|221|17947|2748|328|307|812|585|259|288|258|268|7236|1831|1011|710|114|124|1143|607|807|526|746|452|3542|1175|775|558|257|353|659|566|1099|495|13232|2382|5172|1426|1025|693|2679|1487|544|540|149|244|155|191|143|176|146|178|331|269|993|646|579|371|0|221|29|49|385|525|2444|928|183|174|2038|929|81|110|0|221|142|173|1288|748|1288|748|0|221|3327|1412|0|221|236|375|0|221|290|413|1365|790|89|163|934|1088|0|221|413|381|8|18|4984|1824|2266|1145|2194|1173|72|92|577|531|0|221|0|221|2141|1341|156141|8911|147025|8569|1750|665|0|221|184|222|335|382|0|221|495|594|0|221|389|329|0|221|0|221|0|221|347|352|0|221|0|221|116623|7723|323|326|160|194|7408|2622|2983|1643|2685|1622|99510|6657|3442|2229|112|117|0|221|28652|6312|1122|462|1218|1099|3314|1548|863|607|15166|5500|396|315|251|310|4261|1619|304|497|1659|984|98|116|9116|1568|9116|1568|0|221
400C200US80389|813725|17673|105775|9199|17969|2812|882|853|1274|490|762|406|947|434|13596|2214|7544|1811|5414|1218|638|336|508|393|15804|2360|566|368|437|220|2949|893|9958|2296|1431|514|299|259|164|194|4449|1121|918|462|1627|651|620|424|94|157|1235|501|49|81|67173|8253|218|259|2241|1309|2122|1847|2608|1005|1014|753|1346|605|592|328|461|370|289|218|3334|2009|94|110|3062|1133|4720|1285|14487|3288|419|398|25397|5366|4769|1625|380|445|449631|9193|162484|8998|109795|7973|84615|7041|10242|1989|14938|2521|12057|2024|38392|4582|2240|1516|136546|9268|5797|2564|2026|1285|394|637|105474|8783|8760|2178|2145|986|4518|2693|4220|1662|1033|603|1456|861|723|469|130641|7746|1368|851|7660|2265|5353|1980|2867|1031|1431|634|51046|5162|1289|678|8657|2399|50970|6181|0|217|19441|4822|899|1007|1409|894|189|223|6393|3765|2711|1141|838|971|707|477|1090|818|1686|1004|805|591|2036|760|159|152|199|261|320|247|519|340|68080|7021|46741|5623|3342|1953|18848|3969|12963|3523|6722|2604|1646|1079|1272|867|883|792|1065|735|2574|1337|146|249|982|962|1021|633|425|557|6686|2120|103|167|2320|1154|713|635|2717|1279|833|1020|2938|1639|2132|1021|806|1288|7629|2391|0|217|2358|1308|150|259|596|750|1959|1071|352|428|701|555|205|354|1308|937|1512|1534|15939|2788|4174|1213|3356|1119|818|442|2604|1322|2527|2109|1682|1028|4952|1775|174300|9575|150909|9336|6921|1594|100|166|0|217|1420|612|0|217|1243|872|0|217|603|560|1862|839|110|191|328|531|691|627|0|217|564|565|113441|8676|833|1054|502|309|8327|3123|6564|2461|5517|3282|87281|7600|3158|2173|1259|742|0|217|30547|6134|1829|1015|120|119|8299|2663|2527|1796|6695|2881|2257|1188|206|228|4223|2343|170|242|4047|2067|174|287|23391|2918|23391|2918|0|217
400C200US86599|496100|16414|70612|5503|13944|2290|661|428|1621|719|160|159|470|365|10831|2195|3705|1278|6284|1393|842|638|201|197|11331|2505|508|316|627|552|1924|918|7109|1700|601|424|515|544|47|80|11110|2024|3605|1332|4390|1111|1113|655|93|145|2002|921|0|243|33805|4330|3897|1845|891|793|3473|1834|2086|923|530|543|961|413|1745|1093|109|92|429|281|228|252|100|118|6299|1789|1390|798|6398|2495|382|298|2651|1084|2236|1225|422|341|100157|5649|13014|3027|8213|2622|7041|2687|278|203|894|412|2501|1417|2300|1082|0|243|39671|5032|101|134|1555|1000|0|243|30610|4403|2237|1189|1229|1202|861|751|2214|1237|371|381|434|537|59|92|33597|3803|921|1022|551|452|234|192|948|592|691|494|11905|2769|176|183|1561|698|16610|2828|0|243|13361|3854|0|243|59|97|98|153|533|553|733|606|1568|1003|1188|964|1846|1003|808|468|3496|2790|2045|774|409|405|234|285|344|359|514|435|16611|3547|2310|1210|171|279|605|558|364|275|53|86|366|430|419|459|299|342|33|57|1353|1123|834|996|467|553|0|243|52|83|8567|2865|51|85|6595|2604|1520|898|56|105|345|359|1824|935|1739|910|85|144|2557|1367|100|120|649|989|191|312|0|243|1486|875|0|243|0|243|0|243|131|223|0|243|1347|600|1255|577|962|558|293|195|0|243|0|243|0|243|92|167|307373|14981|287662|14297|153413|12622|632|436|528|572|98762|9863|1320|900|16377|3927|539|682|12839|3314|10640|3648|172|291|554|595|9680|3400|182|233|1188|723|58990|8400|838|726|3713|1642|5000|2489|3145|1265|7253|2442|33726|6453|3830|1688|1485|672|0|243|75259|8489|2252|946|441|319|11277|2611|1446|853|26214|5022|3211|1399|3920|1455|7507|2197|910|681|17931|5223|150|134|19711|4592|19667|4594|44|75
400C200US92242|1417732|17564|105562|6927|23455|3014|729|513|2157|761|439|258|1429|696|18478|2799|10095|1961|7716|2099|667|501|223|177|25064|3195|629|391|1332|621|8375|2329|12007|2096|1548|621|812|350|361|426|15432|3331|2966|1130|4899|1513|1727|868|37|61|5840|2701|0|210|41320|4875|1979|922|1410|682|1238|989|2055|1009|606|372|1299|531|1888|894|516|325|1029|741|982|593|179|188|2586|746|2691|1054|10078|2533|840|479|8744|2744|3200|945|291|349|504542|9383|134625|7016|68479|5365|52872|5299|4606|1192|11001|1947|9187|1831|54296|4886|2663|2305|226379|10831|27901|6072|18442|4470|0|210|98166|5969|26465|3718|958|567|11266|2713|36551|6616|3106|1095|2978|2247|546|288|104819|7229|2010|992|5058|1835|4535|1289|2464|1054|1825|836|41792|4792|1490|739|5737|1257|39908|5511|0|210|36932|4883|1191|859|1640|1022|879|953|5173|2132|2408|745|2733|1681|1216|572|5432|1444|2475|1660|2746|991|8653|2101|1223|645|595|405|568|325|1787|977|230296|10472|84732|8034|6006|2149|61163|7563|4567|1658|2137|1006|2512|1304|3010|1169|1515|935|3822|2386|30304|5127|22730|4375|1606|1289|2414|1229|3554|2608|29484|4263|1893|993|10641|2663|10644|2683|4501|1476|1805|1018|3837|1646|3661|1647|176|172|79302|7742|25|43|21550|4529|2065|661|5154|2375|29811|5109|1150|568|9410|2459|3294|2122|6843|1719|2637|1260|2990|916|2785|891|2112|786|673|420|121|160|42|69|0|210|42|65|574342|15212|562517|15081|66178|7942|415|347|911|526|5887|1715|740|476|14520|4447|1326|896|8587|3468|23719|4798|466|388|56|91|6710|1722|528|678|2313|2374|354540|14635|694|684|2951|1440|182885|14306|57910|8872|46811|8439|49242|5381|11328|3497|2719|1391|0|210|141799|10384|9171|2073|30181|5213|11475|2649|5326|1807|18586|3436|10608|2434|7007|1967|37416|5906|1255|864|7558|2179|3216|1597|11825|2213|11578|2231|247|249
5001800US2408|252905|12436|28321|4429|4815|1218|287|247|393|267|135|164|143|235|3785|1268|2479|1192|1291|647|15|26|72|89|6629|1903|316|346|477|438|2951|1371|2274|1024|526|340|85|97|0|225|4561|2691|548|381|952|514|468|365|0|225|2593|2532|0|225|12217|3183|683|538|358|269|0|225|288|277|0|225|220|211|813|620|111|183|549|680|207|250|0|225|808|461|468|362|3525|1700|189|210|3260|2022|738|426|99|164|85128|5319|32168|3739|21658|3440|15452|3254|1120|536|5086|1373|3323|1335|7187|2083|0|225|27717|4385|560|527|2946|1730|0|225|13142|2912|6243|1829|92|92|1196|837|1009|609|1557|963|972|1125|0|225|17711|3584|507|726|1464|866|680|382|52|90|352|330|8007|2512|282|345|970|498|5397|1900|0|225|6885|1664|291|483|34|56|165|147|556|821|1356|518|270|282|264|204|658|435|156|187|464|377|2446|1075|53|92|172|204|0|225|647|577|42232|5170|21443|3921|1251|743|16012|3726|770|671|225|367|1381|950|1047|739|102|119|655|472|7883|2904|5756|2251|200|169|527|450|1400|1718|1606|920|186|294|200|162|948|835|113|134|159|250|1216|730|1166|724|50|85|9138|2736|25|43|1846|1355|238|228|335|296|2820|1017|52|88|364|289|1476|1629|1982|1052|946|687|561|397|561|397|561|397|0|225|0|225|0|225|0|225|0|225|96663|8158|94441|7919|13265|3212|0|225|37|62|1577|1008|145|250|2556|1447|827|863|2870|1781|4005|2106|185|315|0|225|982|605|12|2|69|119|53794|7083|0|225|619|619|28858|6500|10134|4216|6563|3535|4844|1888|2160|1217|616|449|0|225|27382|4256|1913|824|4059|1437|3942|1819|2359|1327|3976|1436|1824|1174|887|543|5557|2555|179|210|1115|805|1571|1256|2222|854|2044|817|178|235
5001800US5108|212146|10280|18644|2666|4505|1406|90|114|156|164|115|157|197|150|3947|1316|2045|924|1383|765|519|484|0|216|3761|1163|0|216|40|68|972|431|2134|845|202|196|176|173|237|385|2618|1368|885|871|1052|707|258|333|0|216|423|399|0|216|7760|1719|388|479|441|487|212|210|123|113|143|136|277|235|137|159|0|216|203|182|192|165|179|188|677|386|479|299|1694|758|237|278|1747|1184|631|441|0|216|79512|5461|18612|2409|8343|1763|7385|1688|159|137|799|485|1665|592|8208|1997|396|339|34681|4839|7014|2707|2619|1674|0|216|10303|2324|4549|1803|344|422|1912|1401|7208|3118|654|454|78|130|0|216|19552|3430|121|164|709|576|209|201|491|575|681|550|5411|1549|354|270|933|670|10643|3263|0|216|6031|1816|280|380|45|76|603|941|612|398|242|293|0|216|250|239|1297|826|655|796|1046|678|868|481|63|75|0|216|70|118|636|529|34768|5104|20273|4280|927|756|16897|4223|50|107|383|399|410|500|166|215|28|47|1412|1994|126|146|67|112|0|216|59|97|0|216|8564|2056|621|419|1548|823|4052|1601|2147|1026|196|198|492|389|492|389|0|216|4866|1905|0|216|1823|1165|266|328|187|178|843|665|0|216|850|881|74|124|823|663|447|499|713|379|713|379|377|265|336|248|0|216|0|216|0|216|0|216|78509|6612|76750|6476|2109|846|155|237|0|216|412|329|49|79|103|123|0|216|31|54|1135|753|0|216|0|216|224|258|0|216|0|216|45060|5628|0|216|824|891|15279|3817|10403|3217|7490|2748|8353|2372|2532|1486|179|188|0|216|29581|4778|2342|1133|11834|3647|2052|1081|680|475|2299|925|1527|876|191|238|5695|2129|539|582|2422|1590|0|216|1759|681|1732|688|27|47
5001800US5111|242888|10897|19251|3544|3953|1357|47|78|455|244|53|43|225|233|3067|1269|1578|784|1445|913|44|74|106|129|5480|1852|210|197|206|178|1479|1372|2577|1158|620|473|388|313|0|216|2544|1069|583|476|689|511|762|559|0|216|510|455|0|216|7274|2396|0|216|130|145|231|200|312|302|84|100|347|262|161|222|0|216|41|66|256|300|0|216|239|194|296|304|3127|1984|0|216|1624|1042|426|324|0|216|136764|6245|42925|4296|17616|2622|13614|2330|1591|681|2411|782|2041|1137|21332|3100|1936|2242|56846|5663|4324|1886|3035|1368|0|216|25868|2847|8111|2360|364|318|3439|1335|10838|3597|172|175|405|378|290|232|25136|3726|214|160|731|545|1678|801|499|461|664|496|6709|1968|498|420|1558|731|12585|2575|0|216|11567|3066|247|413|640|545|48|79|1675|1050|54|91|1605|1574|198|257|2272|897|413|547|259|234|2935|1697|719|566|309|299|193|195|290|336|23857|3658|10394|2824|607|610|7755|2296|1048|850|387|458|84|153|227|204|40|68|246|209|569|460|121|164|0|216|210|186|238|393|6724|1717|380|331|2656|1110|2267|963|556|416|865|766|214|212|214|212|0|216|5643|1921|0|216|2667|1154|95|156|189|315|1608|1284|0|216|857|664|0|216|227|270|313|495|525|332|441|329|401|331|40|67|0|216|42|69|0|216|42|65|62491|6871|60268|6852|3298|1326|0|216|0|216|1113|750|52|60|202|273|60|101|72|119|1180|842|58|97|56|91|319|307|0|216|186|220|34378|6250|174|211|374|488|12393|3521|7361|3887|8006|3208|5202|2163|448|364|420|378|0|216|22592|3692|1575|791|4538|1595|1268|716|460|449|3133|1372|1633|1068|558|438|8095|2863|154|151|865|510|313|335|2223|703|2223|703|0|216
9700000US0622710|1612718|22139|95233|6049|20232|2241|797|442|955|423|219|186|1324|595|16701|2370|8842|1625|7204|1703|655|319|236|254|18027|2250|662|320|1116|580|6525|1281|7457|1351|1399|485|820|401|48|78|9761|2020|2719|1250|4537|1166|556|363|0|221|1949|993|0|221|46918|4303|76|64|2209|745|312|286|940|488|929|586|1340|550|1224|691|1358|778|494|481|1740|947|0|221|2461|1017|3055|917|16758|2337|669|405|10840|2401|2513|728|295|347|473367|14056|136805|8026|53894|5135|37560|4648|6239|1801|10095|1747|12557|2070|69823|5867|531|583|111694|8618|5658|3286|8260|3247|0|221|30186|4587|58495|5969|1364|710|145|200|2851|1590|2811|1462|994|536|930|663|147739|7475|1634|1007|1765|939|2614|1080|277|319|1238|522|108702|6454|2229|1442|9744|2348|19433|3427|103|150|76364|6495|39468|5722|1903|1045|2265|1104|2353|833|11112|3056|1949|1163|306|233|7266|1873|2122|1155|2987|1066|3832|1346|332|416|0|221|469|445|765|613|27312|4772|5803|1877|379|477|2753|1029|790|785|77|127|47|77|486|395|237|252|1034|793|774|619|402|403|0|221|36|59|336|469|9123|3913|611|468|3925|1450|1163|543|2344|3285|1080|738|2526|871|2526|871|0|221|8626|2362|73|125|948|593|454|534|512|425|5203|1881|383|396|265|225|530|666|258|227|460|455|7643|1818|5212|1323|4019|1025|1193|850|1967|1313|0|221|0|221|464|315|1009163|21459|992378|21264|13094|2753|174|293|0|221|5256|1559|336|544|2217|1670|0|221|719|496|2807|1153|105|139|56|92|265|303|639|631|520|378|925166|19668|8920|2179|2067|787|192461|12767|131602|11198|23631|4644|548215|16686|16597|3840|928|538|745|709|54118|6100|4654|1134|3351|1497|7872|2095|3593|1667|15638|4644|3910|1136|363|242|10174|2304|318|268|3792|2023|453|440|16785|2535|16025|2307|760|877
9700000US1200180|742629|18257|55972|6561|9250|2733|281|233|1339|901|42|67|411|450|6676|1950|3579|1489|2657|1230|440|266|501|432|8095|1670|821|505|618|546|2344|1025|3223|1203|269|199|820|467|0|243|10880|2698|591|363|4162|1325|1138|742|0|243|4989|2136|0|243|27693|4676|63|101|620|471|0|243|938|898|238|293|1404|787|1764|827|40|67|343|392|466|434|0|243|2849|1092|3098|1376|6545|2194|555|510|6192|2719|2578|1382|54|62|58400|4814|11304|2741|8996|2550|6314|2259|1747|834|935|575|802|428|1506|1076|0|243|23698|3854|0|243|1582|1328|0|243|14072|3084|918|620|332|350|241|325|5219|2785|0|243|1085|1252|249|17|13025|2966|633|752|0|243|61|105|1059|1254|510|435|6373|1882|102|120|645|532|3642|1518|0|243|9224|2053|0|243|197|196|153|262|721|724|4828|1402|341|559|93|158|279|216|67|114|1055|787|1233|831|189|273|0|243|68|112|1149|1027|12122|5710|932|474|53|88|0|243|463|385|0|243|56|95|130|156|0|243|230|225|595|557|201|327|269|429|0|243|125|156|3572|1341|315|277|1783|917|1424|1153|0|243|50|81|2120|1171|2120|1171|0|243|4466|4813|0|243|59|97|0|243|581|604|3774|4776|52|88|0|243|0|243|0|243|437|433|299|258|299|258|269|253|30|49|0|243|0|243|0|243|0|243|615836|18586|598497|18196|288933|12415|7002|2469|1685|1030|68167|7319|367|608|19496|3758|733|741|81604|10737|91745|7577|1181|1327|1011|733|11977|2478|1106|875|2859|1192|70261|9853|637|464|1640|978|13819|4354|9818|3199|17903|4345|16055|3738|8059|2784|2330|1008|0|243|239303|13759|12207|2276|968|654|36738|5716|4074|1673|72904|7399|8101|2255|9631|2725|27602|4908|5421|2106|60132|8024|1525|1275|17339|2958|17339|2958|0|243
9700000US1200390|1472475|15376|48568|5404|5863|1667|37|60|300|194|191|243|579|468|4649|1564|2228|1037|2297|1222|124|121|107|122|11031|2023|284|230|433|328|5383|1558|2943|874|1424|609|564|467|0|243|14560|2949|445|405|5489|2054|318|218|0|243|8308|2173|0|243|17002|2795|29|49|586|380|0|243|602|400|0|243|221|190|633|330|214|231|206|202|236|189|473|444|1653|759|1697|792|6462|2105|68|118|2795|1028|1127|636|112|135|39895|4169|8215|2060|6989|1978|5674|1915|318|300|997|506|450|304|776|405|0|243|11202|2946|0|243|285|371|0|243|4588|1605|1667|1801|243|276|0|243|2323|1123|941|815|304|301|851|1139|7820|2082|873|830|54|88|501|449|253|324|0|243|3321|1324|0|243|556|343|2210|1176|52|89|12462|2456|0|243|215|371|357|473|191|178|6569|1835|199|180|0|243|1579|850|214|197|731|497|1876|992|210|247|0|243|321|332|196|227|8505|2385|2718|1328|328|419|907|659|612|494|0|243|492|715|49|91|40|66|290|223|250|400|0|243|0|243|250|400|0|243|2250|874|46|79|1159|757|637|517|56|88|352|304|959|830|959|830|0|243|1138|647|0|243|152|183|0|243|41|70|534|417|0|243|0|243|0|243|411|504|1190|1338|731|460|386|368|328|356|58|98|0|243|0|243|0|243|345|255|1374776|14796|1369220|15159|785713|16858|5016|1334|1077|1173|648751|15641|544|578|35029|4571|654|817|68569|7402|20168|2997|748|568|387|344|2686|1134|394|531|1690|932|211183|13501|310|264|5788|2191|14410|3008|20351|4478|42491|6201|25588|3468|95411|9732|6834|1668|0|243|372324|13337|33819|4031|2670|872|26460|4092|11617|3174|107022|7973|18278|3796|2568|1199|33165|6177|4053|1468|130687|10432|1985|1101|5556|1962|5556|1962|0|243
9700000US1201500|424679|14537|46179|5085|9941|2459|253|295|2048|1380|33|55|774|683|6012|1381|2113|789|3549|1245|350|257|821|374|9943|2138|444|289|734|669|1649|787|5195|1526|688|470|1233|990|0|243|6890|1829|1241|730|3751|1301|1299|1011|0|243|599|353|0|243|19310|3615|780|808|485|482|117|193|866|872|673|417|1684|1678|1372|727|0|243|51|83|1303|1050|134|157|2486|1107|1934|995|3953|1654|519|498|1746|834|1207|932|95|160|38863|4085|6772|2127|5411|2045|4132|1816|811|717|468|344|289|289|1072|750|0|243|10617|1873|55|97|1205|1025|0|243|5220|1432|1426|1019|365|375|526|568|1237|724|112|196|471|466|0|243|12997|3092|546|627|299|313|408|552|101|170|434|583|5178|2186|101|164|1847|1668|4083|1624|0|243|7921|2452|109|176|0|243|86|145|379|440|2415|1065|472|455|641|697|1701|1001|0|243|804|891|1314|852|0|243|0|243|0|243|556|450|7010|1919|599|409|0|243|0|243|85|137|0|243|133|173|54|89|241|304|86|141|185|169|79|131|0|243|0|243|106|103|1421|677|113|148|806|490|354|237|0|243|148|181|2909|1449|2909|1449|0|243|1056|672|0|243|335|442|66|115|110|128|434|467|54|94|57|96|0|243|0|243|840|665|1052|697|999|694|999|694|0|243|0|243|0|243|0|243|53|96|331575|12557|319623|12856|166137|11153|1506|904|716|567|49726|5722|378|634|10326|2836|289|468|69687|8629|27238|5408|127|218|431|506|5143|2272|0|243|570|615|71773|8003|515|379|1395|1096|4706|2007|26431|6516|7450|2716|24470|4706|5727|4061|1050|855|29|48|81713|8720|5953|2498|1621|1253|18921|3779|1729|984|25231|4502|2869|1244|2213|1142|7945|2429|717|495|13509|4165|1005|710|11952|2258|11868|2260|84|142
9700000US1709930|560390|16321|81855|7722|8789|2369|412|456|1758|755|0|206|1470|1858|5100|1394|3177|1164|1923|836|0|206|49|81|8492|2465|467|321|319|254|1773|872|4225|1202|494|377|1214|1312|0|206|6054|1460|2022|840|2613|1122|73|120|0|206|1346|616|0|206|57542|6541|852|530|836|720|1761|1197|2410|1283|857|675|1301|821|512|689|151|162|1111|690|46|75|894|636|25785|4034|4335|2023|6046|3284|480|336|8781|2862|1384|883|978|1021|148316|9368|49704|5866|41371|5516|36101|5512|2817|1081|2453|917|1473|722|6662|1873|198|199|43567|7445|2154|2217|600|587|0|206|30400|6655|2104|1061|997|1292|581|482|3760|1703|367|449|655|642|1949|1407|41732|5900|4943|3760|69|118|528|372|185|280|1530|847|26355|3726|504|299|3203|1723|4415|1319|0|206|12895|3320|87|145|0|206|96|162|2562|951|1493|704|948|712|97|164|3269|2322|527|460|1271|827|1713|944|197|190|603|989|32|54|418|398|29775|5222|2924|1707|0|206|1754|1330|707|744|347|570|32|41|0|206|40|67|44|71|682|578|680|578|0|206|2|1|0|206|5537|2800|1033|606|1988|2133|1467|984|853|1346|196|325|961|623|961|623|0|206|19671|4608|0|206|5678|2773|108|128|0|206|12299|4352|62|102|246|402|1044|1035|234|238|0|206|1872|746|1693|724|1405|746|288|220|64|120|0|206|0|206|115|192|298572|13740|294950|13822|12757|3550|0|206|81|138|3591|2205|0|206|1803|768|0|206|2856|1894|3168|1551|0|206|0|206|781|783|0|206|477|409|235947|11798|1959|1127|386|306|5204|1878|11152|3140|6629|3404|207848|11623|2271|1438|498|496|0|206|46246|8347|1250|654|228|276|2757|1077|1602|1381|11239|4151|17210|6828|45|75|4549|2766|118|201|7175|2643|73|123|3622|1011|3494|997|128|207
9700000US2400480|366786|11262|35279|4786|6162|1647|287|247|486|303|135|164|143|235|5039|1655|2861|1204|2163|1229|15|26|72|89|7821|1913|316|346|637|511|3345|1421|2880|1073|526|340|117|110|0|225|4953|2834|691|429|1042|528|564|388|0|225|2656|2588|0|225|16244|3364|1056|780|426|268|0|225|559|483|0|225|220|211|1053|689|265|244|686|715|358|362|0|225|1159|593|1112|803|4442|1816|340|323|3674|2032|894|481|99|164|124566|4330|43667|4406|27851|3904|20391|3662|1277|574|6183|1578|3536|1354|12008|2644|272|355|44594|4560|560|527|4771|1998|0|225|23921|3556|7900|1983|92|92|2096|1148|2346|1068|1841|993|1067|1137|0|225|27754|3697|887|865|2016|1231|680|382|52|90|395|340|14102|2727|282|345|1295|596|8045|1849|0|225|7670|1671|291|483|34|56|200|156|603|824|1675|633|347|310|264|204|875|510|156|187|554|394|2446|1075|53|92|172|204|0|225|881|692|63815|5894|27895|4490|1765|845|19697|4030|770|671|510|509|1381|950|1946|943|517|358|1309|723|11901|3130|8127|2751|480|337|1443|1060|1851|1753|3409|1530|411|475|481|340|1835|1262|328|276|354|406|1833|1225|1783|1222|50|85|17533|3132|25|43|4700|2088|646|485|609|381|5126|1668|52|88|1611|820|1847|1696|2917|1196|1244|750|761|493|761|493|590|400|171|288|0|225|0|225|0|225|0|225|142365|8069|139505|7911|22115|5000|129|220|125|161|1952|1094|287|296|5834|3423|827|863|3715|2021|7185|3476|185|315|0|225|1622|945|12|2|242|312|80704|7160|0|225|619|619|48782|7116|12217|4612|7873|3704|6287|2067|4123|1970|803|477|0|225|36686|4919|2429|1067|4460|1546|4970|1866|3046|1546|4822|1657|3683|1580|1574|1018|8271|2817|179|210|1550|845|1702|1285|2860|1040|2682|1032|178|235
9700000US3200060|517014|13090|38023|4805|8449|1852|0|232|623|370|77|129|359|462|7345|1726|2342|896|4063|1315|940|572|45|73|9136|1972|434|454|483|580|1918|1026|5137|1494|972|567|153|148|39|65|2741|1177|270|243|1690|1008|215|313|0|232|534|435|32|53|17697|3221|1463|1259|0|232|886|597|1563|699|349|297|756|401|927|556|0|232|582|531|242|401|188|310|2256|950|1523|934|2942|1071|472|380|1883|963|1665|1508|0|232|172205|7260|41636|4187|23205|3080|16868|2795|2134|680|4203|1133|4582|1625|13849|2772|0|232|16660|3556|557|475|430|521|0|232|6844|2310|3810|1502|125|151|175|167|3161|2635|1492|1131|66|82|0|232|105929|7283|552|749|2129|1797|2829|1185|1202|593|793|476|82827|7193|328|260|4940|1997|10329|3450|0|232|7612|1847|925|706|59|99|287|383|261|316|2416|1187|623|360|0|232|655|380|85|138|271|306|1335|882|0|232|0|232|695|759|368|519|19612|3610|12074|3481|901|643|8099|2850|930|639|1405|1637|193|240|0|232|506|680|40|68|0|232|0|232|0|232|0|232|0|232|2381|1101|296|255|751|627|1124|798|155|258|55|88|1328|1164|1328|1164|0|232|2194|1187|0|232|499|412|67|115|140|227|1085|843|194|271|0|232|0|232|209|342|1635|1281|3881|1283|2129|1046|1720|818|409|400|161|160|0|232|0|232|1591|962|283293|10677|273543|10260|31984|5574|84|100|291|243|25435|5446|57|96|2090|1032|0|232|311|381|1905|949|44|74|0|232|1258|639|265|415|244|281|217411|9441|1473|1277|617|318|28964|5890|9493|2120|2721|1347|168274|8817|4352|2216|1163|586|354|415|24148|4362|2765|1025|84|139|4177|1726|1119|558|5968|2239|779|631|89|110|5987|2309|379|621|2620|2111|181|224|9750|2594|9699|2596|51|81
9700000US3620580|3093845|28389|427758|16070|49571|5182|1167|633|11535|2540|542|387|2478|1089|33460|4594|20151|3597|12701|3020|608|394|389|309|46893|5275|3918|1623|1851|812|20785|3866|14886|2513|2809|1029|2556|761|88|148|70713|7862|20139|3419|36975|4203|2186|980|45|73|11233|3378|180|294|259065|13572|22383|4944|9890|2187|1502|773|1546|643|2998|1430|4160|1389|5727|1532|1393|653|4453|2410|3679|1041|4518|2842|32743|5127|8115|1720|48149|5577|4239|2064|68093|6632|35477|5142|1516|940|935387|14726|470683|12113|397249|12917|336168|11793|38294|5296|22787|3531|18421|2823|54889|6951|124|153|278770|11188|2309|1087|110793|8490|279|281|64154|6385|6827|1818|6473|1785|12578|3073|34212|5121|3152|1140|32914|5458|5079|1611|99548|5762|7007|1557|1707|892|4063|1566|161|208|9112|2004|51927|5251|2673|1346|6576|1764|16245|2611|77|127|83061|8433|2252|1203|4168|1645|12811|3364|346|427|17505|3097|583|346|734|410|6043|2035|2982|2605|4856|1593|10680|2451|508|356|17442|5189|2151|1115|3325|1432|166430|12989|7155|2370|0|218|1330|769|1975|1358|0|218|488|388|216|354|1030|640|2116|1424|5455|2467|505|480|630|434|447|387|3873|2523|36005|5339|2506|1335|22678|5196|9020|2854|798|635|1003|601|4603|1966|4603|1966|0|218|103472|10528|132|159|36295|7694|3484|2237|2970|1373|23836|4012|6271|2400|2303|1409|5365|2415|22816|6237|9740|3007|12704|2509|11937|2427|10346|2346|1591|859|0|218|0|218|0|218|767|711|1551566|19691|1522666|19388|798729|19309|1374|940|18274|3352|9832|1968|6874|2060|389779|17382|16482|3567|84120|6909|162490|11034|9408|3589|14263|4043|69332|6948|6386|2156|10115|2267|269157|14625|5393|1820|3301|1012|33817|8370|31063|5814|29314|4467|148405|11823|6766|2454|10853|2379|245|413|454780|16809|9474|2193|2865|1511|20443|4014|5749|2134|86318|8643|136828|10769|129004|10701|30149|4560|2895|1360|25179|5277|5876|1731|28900|3938|28900|3938|0|218
9700000US5101260|360783|8396|29138|4107|6093|1657|137|136|531|271|168|141|312|256|4839|1583|1909|835|2490|1188|440|469|106|129|7929|2138|289|240|206|178|2231|1397|3626|1341|822|486|518|308|237|385|4337|1588|1366|960|1435|794|837|569|0|216|699|556|0|216|10779|2738|37|59|294|399|443|280|361|320|143|138|467|322|215|240|0|216|154|163|361|324|91|106|484|267|623|436|3806|2020|79|131|2634|1446|587|380|0|216|182905|5239|53231|4233|21318|2747|16928|2437|1626|689|2764|841|2597|1182|27380|3503|1936|2242|77819|5746|7858|2901|4384|1848|0|216|32027|3380|10309|2673|708|549|4981|1910|16144|4477|635|484|483|398|290|232|37965|4210|304|220|1440|819|1846|821|990|724|1184|808|9447|2399|498|420|1514|715|20742|3745|0|216|13090|3319|315|430|539|496|48|79|1717|1048|154|186|1572|1572|252|270|3163|1204|185|297|808|586|3145|1705|747|568|309|299|136|166|800|567|42606|5207|19413|4247|1167|901|13981|3468|1048|850|770|609|494|529|227|204|68|80|1658|2007|695|439|188|195|0|216|269|211|238|393|12868|2536|749|454|3997|1456|5018|1584|2145|1013|959|769|600|362|600|362|0|216|8518|2475|0|216|3861|1534|196|225|189|315|1956|1431|0|216|1546|1053|74|124|696|533|512|593|648|379|564|375|475|369|89|105|0|216|42|69|0|216|42|65|105486|5692|102492|5572|3927|1421|0|216|0|216|1368|788|101|98|305|299|60|101|127|147|1135|822|58|97|56|91|531|395|0|216|186|220|60534|6883|174|211|1081|1008|20558|4070|15428|4598|12200|3477|8705|2746|1920|1012|468|366|0|216|38031|5194|2810|1228|12850|3521|1743|790|723|546|4037|1476|2704|1080|558|438|10838|3566|154|151|1482|795|132|156|2994|800|2994|800|0|216
