id_no;name_en;category;states_names;iso_codes;date_inscribed;danger;transboundary
1758;The Bony Fish Fossils of the Western Limfjord – Evolution and Climate Adaptation in the Earliest Eocene;Natural;Denmark;DK;2026;False;False
1752;Aalto Works;Cultural;Finland;FI;2026;False;False
1581;Beaches of the D-Day Landings, Normandy, 1944;Cultural;France;FR;2026;False;False
927;Ancient Buddhist Site of Sarnath;Cultural;India;IN;2026;False;False
1770;Alamūt Castle and Related Fortifications;Cultural;Iran (Islamic Republic of);IR;2026;False;False
1759;The Cemetery Complexes of the Xiongnu Nobility;Cultural;Mongolia;MN;2026;False;False
1810;Mount Amel Castles;Cultural;Lebanon;LB;2026;True;False
1715;Gdynia Modernist City Centre;Cultural;Poland;PL;2026;False;False
1809;Sebastia;Cultural;State of Palestine;PS;2026;True;False
1761;Wat Phra Mahathat Woramahawihan, Nakhon Si Thammarat;Cultural;Thailand;TH;2026;False;False
1766;Tashkent Modernist Architecture. Modernity and Tradition in Central Asia;Cultural;Uzbekistan;UZ;2026;False;False
1765;Jingdezhen Handicraft Porcelain Industry Sites;Cultural;China;CN;2026;False;False
1762;The system of Italian-style <em>condominio</em> theatres of the 18th and 19th centuries in Central Italy;Cultural;Italy;IT;2026;False;False
1742;Aqaba Marine Reserve;Natural;Jordan;JO;2026;False;False
1808;Boma–Badingilo Migratory Landscape;Natural;South Sudan;SS;2026;True;False
1769;Village of Sidi Bou Saïd;Cultural;Tunisia;TN;2026;False;False
1774;Amazonia Theaters;Cultural;Brazil;BR;2026;False;False
1768;The Medinas of the Historic Sultanates of the Comoros;Cultural;Comoros;KM;2026;False;False
1755;Royal Capetian Fortresses of Languedoc;Cultural;France;FR;2026;False;False
1719;The wider area of Mount Olympus;Mixed;Greece;GR;2026;False;False
1757;Ancient Capitals of Asuka and Fujiwara;Cultural;Japan;JP;2026;False;False
1760;Rock Mosques and Associated Sacred Sites of Mangystau;Cultural;Kazakhstan;KZ;2026;False;False
1750;The Roças of Sao Tome and Principe: Colonial Agricultural System and Forced Migration;Cultural;Sao Tome and Principe;ST;2026;False;False
1724;Wadi Wurayah;Natural;United Arab Emirates;AE;2026;False;False
1751;Okefenokee National Wildlife Refuge;Natural;United States of America;US;2026;False;False
1709;Murujuga Cultural Landscape;Cultural;Australia;AU;2025;False;False
1725;Megaliths of Carnac and of the shores of Morbihan;Cultural;France;FR;2025;False;False
1733;Minoan Palatial Centres;Cultural;Greece;GR;2025;False;False
1739;Maratha Military Landscapes of India;Cultural;India;IN;2025;False;False
1734;Forest Research Institute Malaysia Forest Park Selangor;Cultural;Malaysia;MY;2025;False;False
1704;Wixárika Route through Sacred Sites to Wirikuta (Tatehuarí Huajuyé);Cultural;Mexico;MX;2025;False;False
1582;The Colonial Transisthmian Route of Panamá;Cultural;Panama;PA;2025;False;False
1740;Petroglyphs along the Bangucheon Stream;Cultural;Republic of Korea;KR;2025;False;False
1743;Rock Paintings of Shulgan-Tash Cave;Cultural;Russian Federation;RU;2025;False;False
1746;Gola-Tiwai Complex;Natural;Sierra Leone;SL;2025;False;False
1731;Sardis and the Lydian Tumuli of Bin Tepe;Cultural;Türkiye;TR;2025;False;False
1747;Peruaçu River Canyon;Natural;Brazil;BR;2025;False;False
1745;Diy-Gid-Biy Cultural Landscape of the Mandara Mountains;Cultural;Cameroon;CM;2025;False;False
1736;Xixia Imperial Tombs;Cultural;China;CN;2025;False;False
1726;The Palaces of King Ludwig II of Bavaria: Neuschwanstein, Linderhof, Schachen and Herrenchiemsee;Cultural;Germany;DE;2025;False;False
1744;Prehistoric Sites of the Khorramabad Valley;Cultural;Iran (Islamic Republic of);IR;2025;False;False
1595;The Archaeological Ensemble of 17th Century Port Royal;Cultural;Jamaica;JM;2025;False;False
1201;Mount Mulanje Cultural Landscape;Cultural;Malawi;MW;2025;False;False
1627;Cultural Heritage Sites of Ancient Khuttal;Cultural;Tajikistan;TJ;2025;False;False
1735;Faya Palaeolandscape;Cultural;United Arab Emirates;AE;2025;False;False
1748;Cambodian Memorial Sites: From centres of repression to places of peace and reflection;Cultural;Cambodia;KH;2025;False;False
1642;Mount Kumgang – Diamond Mountain from the Sea;Mixed;Democratic People's Republic of Korea;KP;2025;False;False
1728;Møns Klint;Natural;Denmark;DK;2025;False;False
1431;Coastal and Marine Ecosystems of the Bijagós Archipelago – Omatí Minhô;Natural;Guinea-Bissau;GW;2025;False;False
1730;Funerary Tradition in the Prehistory of Sardinia – <em>The domus de janas</em>;Cultural;Italy;IT;2025;False;False
1732;Yen Tu-Vinh Nghiem-Con Son, Kiep Bac Complex of Monuments and Landscapes;Cultural;Viet Nam;VN;2025;False;False
1705;Schwerin Residence Ensemble;Cultural;Germany;DE;2024;False;False
1676;Human Rights, Liberation and Reconciliation: Nelson Mandela Legacy Sites;Cultural;South Africa;ZA;2024;False;False
1507;Phu Phrabat, a testimony to the Sīma stone tradition of the Dvaravati period;Cultural;Thailand;TH;2024;False;False
1673;Vjetrenica Cave, Ravno;Natural;Bosnia and Herzegovina;BA;2024;False;False
1714;Beijing Central Axis: A Building Ensemble Exhibiting the Ideal Order of the Chinese Capital;Cultural;China;CN;2024;False;False
13;Melka Kunture and Balchit: Archaeological and Palaeontological Sites in the Highland Area of Ethiopia;Cultural;Ethiopia;ET;2024;False;False
1707;Te Henua Enata – The Marquesas Islands;Mixed;France;FR;2024;False;False
1711;Moidams – the Mound-Burial System of the Ahom Dynasty;Cultural;India;IN;2024;False;False
1716;Hegmataneh;Cultural;Iran (Islamic Republic of);IR;2024;False;False
1698;Sado Island Gold Mines;Cultural;Japan;JP;2024;False;False
1720;The Historic Town and Archaeological Site of Gedi;Cultural;Kenya;KE;2024;False;False
1718;Frontiers of the Roman Empire – Dacia;Cultural;Romania;RO;2024;False;False
1723;The Emergence of Modern Human Behaviour: The Pleistocene Occupation Sites of South Africa;Cultural;South Africa;ZA;2024;False;False
1749;Saint Hilarion Monastery/ Tell Umm Amer;Cultural;State of Palestine;PS;2024;True;False
1722;The Flow Country;Natural;United Kingdom of Great Britain and Northern Ireland;GB;2024;False;False
1611;Lençóis Maranhenses National Park;Natural;Brazil;BR;2024;False;False
1713;Royal Court of Tiébélé;Cultural;Burkina Faso;BF;2024;False;False
1638;Badain Jaran Desert - Towers of Sand and Lakes;Natural;China;CN;2024;False;False
1708;Via Appia. <em>Regina Viarum</em>;Cultural;Italy;IT;2024;False;False
1721;Umm Al-Jimāl;Cultural;Jordan;JO;2024;False;False
1014;The Archaeological Heritage of Niah National Park’s Caves Complex;Cultural;Malaysia;MY;2024;False;False
1473;Brâncuși Monumental Ensemble of Târgu Jiu;Cultural;Romania;RO;2024;False;False
1688;Cultural Landscape of Kenozero Lake;Cultural;Russian Federation;RU;2024;False;False
1712;The Cultural Landscape of Al-Faw Archaeological Area;Cultural;Saudi Arabia;SA;2024;False;False
1567;Funerary and memory sites of the First World War (Western Front);Cultural;France,Belgium;FR, BE;2023;False;True
1686;Anticosti;Natural;Canada;CA;2023;False;False
1665;Cultural Landscape of Old Tea Forests of the Jingmai Mountain in Pu’er;Cultural;China;CN;2023;False;False
692;Forest Massif of Odzala-Kokoua;Natural;Congo;CG;2023;False;False
1641;The Gedeo Cultural Landscape;Cultural;Ethiopia;ET;2023;False;False
1657;Volcanoes and Forests of Mount Pelée and the Pitons of Northern Martinique;Natural;France;FR;2023;False;False
1656;Jewish-Medieval Heritage of Erfurt;Cultural;Germany;DE;2023;False;False
1663;National Archaeological Park Tak’alik Ab’aj;Cultural;Guatemala;GT;2023;False;False
1692;Evaporitic Karst and Caves of Northern Apennines;Natural;Italy;IT;2023;False;False
1621;Deer Stone Monuments and Related Bronze Age Sites;Cultural;Mongolia;MN;2023;False;False
1680;Jodensavanne Archaeological Site: Jodensavanne Settlement and Cassipora Creek Cemetery;Cultural;Suriname;SR;2023;False;False
1675;Silk Roads: Zarafshan-Karakum Corridor;Cultural;Tajikistan,Uzbekistan,Turkmenistan;TJ, UZ, TM;2023;False;True
1669;Gordion;Cultural;Türkiye;TR;2023;False;False
1703;The Historic Centre of Odesa;Cultural;Ukraine;UA;2023;True;False
1681;ESMA Museum and Site of Memory – Former Clandestine Centre of Detention, Torture and Extermination;Cultural;Argentina;AR;2023;False;False
1696;Cultural Landscape of Khinalig People and “Köç Yolu” Transhumance Route;Cultural;Azerbaijan;AZ;2023;False;False
1667;Koh Ker: Archaeological Site of Ancient Lingapura or Chok Gargyar;Cultural;Cambodia;KH;2023;False;False
1564;Tr’ondëk-Klondike;Cultural;Canada;CA;2023;False;False
1558;Žatec and the Landscape of Saaz Hops;Cultural;Czechia;CZ;2023;False;False
1660;Viking-Age Ring Fortresses;Cultural;Denmark;DK;2023;False;False
111;Bale Mountains National Park;Natural;Ethiopia;ET;2023;False;False
1375;Santiniketan;Cultural;India;IN;2023;False;False
1670;Sacred Ensembles of the Hoysalas;Cultural;India;IN;2023;False;False
1671;The Cosmological Axis of Yogyakarta and its Historic Landmarks;Cultural;Indonesia;ID;2023;False;False
1693;Cold Winter Deserts of Turan;Natural;Kazakhstan,Uzbekistan,Turkmenistan;KZ, UZ, TM;2023;False;True
1658;Old town of Kuldīga;Cultural;Latvia;LV;2023;False;False
1683;Eisinga Planetarium in Franeker;Cultural;Netherlands (Kingdom of the);NL;2023;False;False
1678;Astronomical Observatories of Kazan Federal University;Cultural;Russian Federation;RU;2023;False;False
1699;‘Uruq Bani Ma’arid;Natural;Saudi Arabia;SA;2023;False;False
1528;Talayotic Menorca;Cultural;Spain;ES;2023;False;False
1640;Djerba: Testimony to a settlement pattern in an island territory;Cultural;Tunisia;TN;2023;False;False
1689;Hopewell Ceremonial Earthworks;Cultural;United States of America;US;2023;False;False
1569;The Maison Carrée of Nîmes;Cultural;France;FR;2023;False;False
1695;Zagori Cultural Landscape;Cultural;Greece;GR;2023;False;False
1668;The Persian Caravanserai;Cultural;Iran (Islamic Republic of);IR;2023;False;False
1702;Rachid Karami International Fair-Tripoli;Cultural;Lebanon;LB;2023;True;False
1661;Modernist Kaunas: Architecture of Optimism, 1919-1939;Cultural;Lithuania;LT;2023;False;False
1666;Gaya Tumuli;Cultural;Republic of Korea;KR;2023;False;False
1586;Memorial sites of the Genocide: Nyamata, Murambi, Gisozi and Bisesero;Cultural;Rwanda;RW;2023;False;False
1697;Nyungwe National Park;Natural;Rwanda;RW;2023;False;False
1687;Ancient Jericho/Tell es-Sultan;Cultural;State of Palestine;PS;2023;False;False
1685;Tugay forests of the Tigrovaya Balka Nature Reserve;Natural;Tajikistan;TJ;2023;False;False
1662;The Ancient Town of Si Thep and its Associated Dvaravati Monuments;Cultural;Thailand;TH;2023;False;False
1694;Wooden Hypostyle Mosques of Medieval Anatolia;Cultural;Türkiye;TR;2023;False;False
1700;Landmarks of the Ancient Kingdom of Saba, Marib;Cultural;Yemen;YE;2023;True;False
1608;Frontiers of the Roman Empire – The Danube Limes (Western Segment);Cultural;Austria,Slovakia,Germany;AT, SK, DE;2021;False;True
1653;Ivindo National Park;Natural;Gabon;GA;2021;False;False
1616;Colchic Rainforests and Wetlands;Natural;Georgia;GE;2021;False;False
1645;Dholavira: a Harappan City;Cultural;India;IN;2021;False;False
1623;Padua’s fourteenth-century fresco cycles;Cultural;Italy;IT;2021;False;False
1650;The Porticoes of Bologna;Cultural;Italy;IT;2021;False;False
1574;Amami-Oshima Island, Tokunoshima Island, Northern part of Okinawa Island, and Iriomote Island;Natural;Japan;JP;2021;False;False
1624;Chankillo Archaeoastronomical Complex;Cultural;Peru;PE;2021;False;False
1552;Roșia Montană Mining Landscape;Cultural;Romania;RO;2021;True;False
1654;Petroglyphs of Lake Onega and the White Sea;Cultural;Russian Federation;RU;2021;False;False
1461;Kaeng Krachan Forest Complex;Natural;Thailand;TH;2021;False;False
1620;Sítio Roberto Burle Marx;Cultural;Brazil;BR;2021;False;False
1561;Quanzhou: Emporium of the World in Song-Yuan China;Cultural;China;CN;2021;False;False
1648;Sudanese style mosques in northern Côte d’Ivoire;Cultural;Côte d'Ivoire;CI;2021;False;False
1625;Cordouan Lighthouse;Cultural;France;FR;2021;False;False
1635;Nice, Winter Resort Town of the Riviera;Cultural;France;FR;2021;False;False
1632;Jomon Prehistoric Sites in Northern Japan;Cultural;Japan;JP;2021;False;False
1643;The works of Jože Plečnik in Ljubljana – Human Centred Urban Design;Cultural;Slovenia;SI;2021;False;False
1612;The work of engineer Eladio Dieste: Church of Atlántida;Cultural;Uruguay;UY;2021;False;False
1613;The Great Spa Towns of Europe;Cultural;Italy,France,Austria,Belgium,United Kingdom of Great Britain and Northern Ireland,Germany,Czechia;IT, FR, AT, BE, GB, DE, CZ;2021;False;True
1555;Colonies of Benevolence;Cultural;Belgium,Netherlands (Kingdom of the);BE, NL;2021;False;True
1634;Settlement and Artificial Mummification of the Chinchorro Culture in the Arica and Parinacota Region;Cultural;Chile;CL;2021;False;False
1631;Frontiers of the Roman Empire – The Lower German Limes;Cultural;Netherlands (Kingdom of the),Germany;NL, DE;2021;False;True
1614;Mathildenhöhe Darmstadt;Cultural;Germany;DE;2021;False;False
1636;ShUM Sites of Speyer, Worms and Mainz;Cultural;Germany;DE;2021;False;False
1570;Kakatiya Rudreshwara (Ramappa) Temple, Telangana;Cultural;India;IN;2021;False;False
1647;Cultural Landscape of Hawraman/Uramanat;Cultural;Iran (Islamic Republic of);IR;2021;False;False
1585;Trans-Iranian Railway;Cultural;Iran (Islamic Republic of);IR;2021;False;False
689;As-Salt - The Place of Tolerance and Urban Hospitality;Cultural;Jordan;JO;2021;False;False
1591;Getbol, Korean Tidal Flats;Natural;Republic of Korea;KR;2021;False;False
1619;Ḥimā Cultural Area;Cultural;Saudi Arabia;SA;2021;False;False
1618;Paseo del Prado and Buen Retiro, a landscape of Arts and Sciences;Cultural;Spain;ES;2021;False;False
1622;Arslantepe Mound;Cultural;Türkiye;TR;2021;False;False
1633;The Slate Landscape of Northwest Wales;Cultural;United Kingdom of Great Britain and Northern Ireland;GB;2021;False;False
1577;Budj Bim Cultural Landscape;Cultural;Australia;AU;2019;False;False
1584;Hyrcanian Forests;Natural;Azerbaijan,Iran (Islamic Republic of);AZ, IR;2019;False;True
278;Babylon;Cultural;Iraq;IQ;2019;False;False
1587;Megalithic Jar Sites in Xiengkhuang – Plain of Jars;Cultural;Lao People's Democratic Republic;LA;2019;False;False
1590;Sanctuary of Bom Jesus do Monte in Braga;Cultural;Portugal;PT;2019;False;False
1498;Seowon, Korean Neo-Confucian Academies;Cultural;Republic of Korea;KR;2019;False;False
1523;Churches of the Pskov School of Architecture;Cultural;Russian Federation;RU;2019;False;False
1549;Historic Centre of Sheki with the Khan’s Palace;Cultural;Azerbaijan;AZ;2019;False;False
1308;Paraty and Ilha Grande – Culture and Biodiversity;Mixed;Brazil;BR;2019;False;False
1597;Writing-on-Stone / Áísínai’pi;Cultural;Canada;CA;2019;False;False
1592;Archaeological Ruins of Liangzhu City;Cultural;China;CN;2019;False;False
1606;Migratory Bird Sanctuaries along the Coast of Yellow Sea-Bohai Gulf of China;Natural;China;CN;2019;False;False
1604;Vatnajökull National Park - Dynamic Nature of Fire and Ice;Natural;Iceland;IS;2019;False;False
1605;Jaipur City, Rajasthan;Cultural;India;IN;2019;False;False
1593;Mozu-Furuichi Kofun Group: Mounded Tombs of Ancient Japan;Cultural;Japan;JP;2019;False;False
1599;Krzemionki Prehistoric Striped Flint Mining Region;Cultural;Poland;PL;2019;False;False
1578;Risco Caido and the Sacred Mountains of Gran Canaria Cultural Landscape;Cultural;Spain;ES;2019;False;False
1542;Dilmun Burial Mounds;Cultural;Bahrain;BH;2019;False;False
1602;Ancient Ferrous Metallurgy Sites of Burkina Faso;Cultural;Burkina Faso;BF;2019;False;False
1478;Erzgebirge/Krušnohoří Mining Region;Cultural;Germany,Czechia;DE, CZ;2019;False;True
1589;Landscape for Breeding and Training of Ceremonial Carriage Horses at Kladruby nad Labem;Cultural;Czechia;CZ;2019;False;False
1603;French Austral Lands and Seas;Natural;France;FR;2019;False;False
1580;Water Management System of Augsburg;Cultural;Germany;DE;2019;False;False
1610;Ombilin Coal Mining Heritage of Sawahlunto;Cultural;Indonesia;ID;2019;False;False
1571;Le Colline del Prosecco di Conegliano e Valdobbiadene;Cultural;Italy;IT;2019;False;False
1588;Bagan;Cultural;Myanmar;MM;2019;False;False
1573;Royal Building of <i>Mafra</i> – Palace, Basilica, Convent, <i>Cerco</i> Garden and Hunting Park (<i>Tapada</i>);Cultural;Portugal;PT;2019;False;False
1594;Jodrell Bank Observatory;Cultural;United Kingdom of Great Britain and Northern Ireland;GB;2019;False;False
1496;The 20th-Century Architecture of Frank Lloyd Wright;Cultural;United States of America;US;2019;False;False
1174;Chiribiquete National Park – “The Maloca of the Jaguar”;Mixed;Colombia;CO;2018;False;False
1480;Victorian Gothic and Art Deco Ensembles of Mumbai;Cultural;India;IN;2018;False;False
1568;Sassanid Archaeological Landscape of Fars Region;Cultural;Iran (Islamic Republic of);IR;2018;False;False
1537;Ancient City of Qalhat;Cultural;Oman;OM;2018;False;False
1563;Al-Ahsa Oasis, an Evolving Cultural Landscape;Cultural;Saudi Arabia;SA;2018;False;False
1415;Pimachiowin Aki;Mixed;Canada;CA;2018;False;False
1553;Archaeological Border complex of Hedeby and the Danevirke;Cultural;Germany;DE;2018;False;False
1470;Naumburg Cathedral;Cultural;Germany;DE;2018;False;False
1538;Ivrea, industrial city of the 20th century;Cultural;Italy;IT;2018;False;False
1575;Barberton Makhonjwa Mountains;Natural;South Africa;ZA;2018;False;False
1572;Göbekli Tepe;Cultural;Türkiye;TR;2018;False;False
1559;Fanjingshan;Natural;China;CN;2018;False;False
1557;Aasivissuit – Nipisat. Inuit Hunting Ground between Ice and Sea;Cultural;Denmark;DK;2018;False;False
1434;Chaîne des Puys - Limagne fault tectonic arena;Natural;France;FR;2018;False;False
1495;Hidden Christian Sites in the Nagasaki Region;Cultural;Japan;JP;2018;False;False
1450;Thimlich Ohinga Archaeological Site;Cultural;Kenya;KE;2018;False;False
1534;Tehuacán-Cuicatlán Valley: originary habitat of Mesoamerica;Mixed;Mexico;MX;2018;False;False
1562;Sansa, Buddhist Mountain Monasteries in Korea;Cultural;Republic of Korea;KR;2018;False;False
1560;Caliphate City of Medina Azahara;Cultural;Spain;ES;2018;False;False
1526;Los Alerces National Park;Natural;Argentina;AR;2017;False;False
1533;Venetian Works of Defence between the 16th and 17th Centuries: <em>Stato da Terra</em> – Western <em>Stato da Mar</em>;Cultural;Italy,Croatia,Montenegro;IT, HR, ME;2017;False;True
1529;Taputapuātea;Cultural;France;FR;2017;False;False
1544;Historic City of Yazd;Cultural;Iran (Islamic Republic of);IR;2017;False;False
1565;Hebron/Al-Khalil Old Town;Cultural;State of Palestine;PS;2017;True;False
1519;Aphrodisias;Cultural;Türkiye;TR;2017;False;False
422;The English Lake District;Cultural;United Kingdom of Great Britain and Northern Ireland;GB;2017;False;False
1511;Mbanza Kongo, Vestiges of the Capital of the former Kingdom of Kongo;Cultural;Angola;AO;2017;False;False
1548;Valongo Wharf Archaeological Site;Cultural;Brazil;BR;2017;False;False
1532;Temple Zone of Sambor Prei Kuk, Archaeological Site of Ancient Ishanapura;Cultural;Cambodia;KH;2017;False;False
1535;Sacred Island of Okinoshima and Associated Sites in the Munakata Region;Cultural;Japan;JP;2017;False;False
1541;Kulangsu, a Historic International Settlement;Cultural;China;CN;2017;False;False
1527;Caves and Ice Age Art in the Swabian Jura;Cultural;Germany;DE;2017;False;False
1448;Landscapes of Dauria;Natural;Mongolia,Russian Federation;MN, RU;2017;False;True
1539;Tarnowskie Góry Lead-Silver-Zinc Mine and its Underground Water Management System;Cultural;Poland;PL;2017;False;False
1545;ǂKhomani Cultural Landscape;Cultural;South Africa;ZA;2017;False;False
1540;Qinghai Hoh Xil;Natural;China;CN;2017;False;False
1536;Kujataa Greenland: Norse and Inuit Farming at the Edge of the Ice Cap;Cultural;Denmark;DK;2017;False;False
1550;Asmara: A Modernist African City;Cultural;Eritrea;ER;2017;False;False
1551;Historic City of Ahmadabad;Cultural;India;IN;2017;False;False
1525;Assumption Cathedral and Monastery of the town-island of Sviyazhsk;Cultural;Russian Federation;RU;2017;False;False
1502;Archaeological Site of Nalanda Mahavihara at Nalanda, Bihar;Cultural;India;IN;2016;False;False
1513;Khangchendzonga National Park;Mixed;India;IN;2016;False;False
1510;Archipiélago de Revillagigedo;Natural;Mexico;MX;2016;False;False
1501;Antequera Dolmens Site;Cultural;Spain;ES;2016;False;False
1518;Archaeological Site of Ani;Cultural;Türkiye;TR;2016;False;False
1493;Pampulha Modern Ensemble;Cultural;Brazil;BR;2016;False;False
1497;Mistaken Point;Natural;Canada;CA;2016;False;False
1508;Zuojiang Huashan Rock Art Cultural Landscape;Cultural;China;CN;2016;False;False
1506;The Persian Qanat;Cultural;Iran (Islamic Republic of);IR;2016;False;False
1490;Western Tien-Shan;Natural;Kyrgyzstan,Kazakhstan,Uzbekistan;KG, KZ, UZ;2016;False;True
262;Sanganeb Marine National Park and Dungonab Bay – Mukkawar Island Marine National Park;Natural;Sudan;SD;2016;False;False
1499;Antigua Naval Dockyard and Related Archaeological Sites;Cultural;Antigua and Barbuda;AG;2016;False;False
1321;The Architectural Work of Le Corbusier, an Outstanding Contribution to the Modern Movement;Cultural;India,Japan,France,Belgium,Switzerland,Argentina,Germany;IN, JP, FR, BE, CH, AR, DE;2016;False;True
1504;Stećci Medieval Tombstone Graveyards;Cultural;Serbia,Croatia,Montenegro,Bosnia and Herzegovina;RS, HR, ME, BA;2016;False;True
1475;Ennedi Massif: Natural and Cultural Landscape;Mixed;Chad;TD;2016;False;False
1509;Hubei Shennongjia;Natural;China;CN;2016;False;False
1517;Archaeological Site of Philippi;Cultural;Greece;GR;2016;False;False
1505;Lut Desert;Natural;Iran (Islamic Republic of);IR;2016;False;False
1481;The Ahwar of Southern Iraq: Refuge of Biodiversity and the Relict Landscape of the Mesopotamian Cities;Mixed;Iraq;IQ;2016;False;False
1503;Nan Madol: Ceremonial Centre of Eastern Micronesia;Cultural;Micronesia (Federated States of);FM;2016;True;False
1500;Gorham's Cave Complex;Cultural;United Kingdom of Great Britain and Northern Ireland;GB;2016;False;False
1474;Tusi Sites;Cultural;China;CN;2015;False;False
1425;The Climats, terroirs of Burgundy;Cultural;France;FR;2015;False;False
1455;Susa;Cultural;Iran (Islamic Republic of);IR;2015;False;False
1487;Arab-Norman Palermo and the Cathedral Churches of Cefalú and Monreale;Cultural;Italy;IT;2015;False;False
1356;Blue and John Crow Mountains;Mixed;Jamaica;JM;2015;False;False
1486;Rjukan-Notodden Industrial Heritage Site;Cultural;Norway;NO;2015;False;False
1483;Singapore Botanic Gardens;Cultural;Singapore;SG;2015;False;False
1018;Ephesus;Cultural;Türkiye;TR;2015;False;False
1468;Moravian Church Settlements;Cultural;Denmark,United States of America,United Kingdom of Great Britain and Northern Ireland,Germany;DK, US, GB, DE;2015;False;True
1469;The par force hunting landscape in North Zealand;Cultural;Denmark;DK;2015;False;False
1467;Speicherstadt and Kontorhaus District with Chilehaus;Cultural;Germany;DE;2015;False;False
1423;Cultural Landscape of Maymand;Cultural;Iran (Islamic Republic of);IR;2015;False;False
1463;Aqueduct of Padre Tembleque Hydraulic System;Cultural;Mexico;MX;2015;False;False
1472;Rock Art in the Hail Region of Saudi Arabia;Cultural;Saudi Arabia;SA;2015;False;False
1464;Fray Bentos Industrial Landscape;Cultural;Uruguay;UY;2015;False;False
1465;Champagne Hillsides, Houses and Cellars;Cultural;France;FR;2015;False;False
1471;Necropolis of Bet She’arim: A Landmark of Jewish Renewal;Cultural;Israel;IL;2015;False;False
1484;Sites of Japan’s Meiji Industrial Revolution: Iron and Steel, Shipbuilding and Coal Mining;Cultural;Japan;JP;2015;False;False
1446;Baptism Site “Bethany Beyond the Jordan” (Al-Maghtas);Cultural;Jordan;JO;2015;False;False
1440;Great Burkhan Khaldun Mountain and its surrounding sacred landscape;Cultural;Mongolia;MN;2015;False;False
1477;Baekje Historic Areas;Cultural;Republic of Korea;KR;2015;False;False
1488;Diyarbakır Fortress and Hevsel Gardens Cultural Landscape;Cultural;Türkiye;TR;2015;False;False
1485;The Forth Bridge;Cultural;United Kingdom of Great Britain and Northern Ireland;GB;2015;False;False
1466;San Antonio Missions;Cultural;United States of America;US;2015;False;False
1432;Okavango Delta;Natural;Botswana;BW;2014;False;False
1453;Precolumbian Chiefdom Settlements with Stone Spheres of the Diquís;Cultural;Costa Rica;CR;2014;False;False
1406;Great Himalayan National Park Conservation Area;Natural;India;IN;2014;False;False
1437;Erbil Citadel;Cultural;Iraq;IQ;2014;False;False
1390;Vineyard Landscape of Piedmont: Langhe-Roero and Monferrato;Cultural;Italy;IT;2014;False;False
1403;Mount Hamiguitan Range Wildlife Sanctuary;Natural;Philippines;PH;2014;False;False
1492;Palestine: Land of Olives and Vines – Cultural Landscape of Southern Jerusalem, Battir;Cultural;State of Palestine;PS;2014;True;False
1452;Bursa and Cumalıkızık: the Birth of the Ottoman Empire;Cultural;Türkiye;TR;2014;False;False
1443;The Grand Canal;Cultural;China;CN;2014;False;False
1416;Stevns Klint;Natural;Denmark;DK;2014;False;False
1426;Decorated Cave of Pont d’Arc, known as Grotte Chauvet-Pont d’Arc, Ardèche;Cultural;France;FR;2014;False;False
1456;Shahr-i Sokhta;Cultural;Iran (Islamic Republic of);IR;2014;False;False
1449;Tomioka Silk Mill and Related Sites;Cultural;Japan;JP;2014;False;False
1441;Van Nellefabriek;Cultural;Netherlands (Kingdom of the);NL;2014;False;False
1439;Namhansanseong;Cultural;Republic of Korea;KR;2014;False;False
981;Bolgar Historical and Archaeological Complex;Cultural;Russian Federation;RU;2014;False;False
1457;Pergamon and its Multi-Layered Cultural Landscape;Cultural;Türkiye;TR;2014;False;False
1438;Trang An Landscape Complex;Mixed;Viet Nam;VN;2014;False;False
1459;Qhapaq Ñan, Andean Road System;Cultural;Peru,Chile,Ecuador,Colombia,Argentina,Bolivia (Plurinational State of);PE, CL, EC, CO, AR, BO;2014;False;True
1442;Silk Roads: the Routes Network of Chang'an-Tianshan Corridor;Cultural;China,Kyrgyzstan,Kazakhstan;CN, KG, KZ;2014;False;True
1447;Carolingian Westwork and Civitas Corvey;Cultural;Germany;DE;2014;False;False
922;Rani-ki-Vav (the Queen’s Stepwell) at Patan, Gujarat;Cultural;India;IN;2014;False;False
1370;Caves of Maresha and Bet-Guvrin in the Judean Lowlands as a Microcosm of the Land of the Caves;Cultural;Israel;IL;2014;False;False
1444;Pyu Ancient Cities;Cultural;Myanmar;MM;2014;False;False
1361;Historic Jeddah, the Gate to Makkah;Cultural;Saudi Arabia;SA;2014;False;False
1435;Monumental Earthworks of Poverty Point;Cultural;United States of America;US;2014;False;False
1399;Levuka Historical Port Town;Cultural;Fiji;FJ;2013;False;False
1413;Bergpark Wilhelmshöhe;Cultural;Germany;DE;2013;False;False
1410;El Pinacate and Gran Desierto de Altar Biosphere Reserve;Natural;Mexico;MX;2013;False;False
1424;Wooden <em>Tserkvas</em> of the Carpathian Region in Poland and Ukraine;Cultural;Poland,Ukraine;PL, UA;2013;False;True
1387;University of Coimbra – Alta and Sofia;Cultural;Portugal;PT;2013;False;False
1412;Red Bay Basque Whaling Station;Cultural;Canada;CA;2013;False;False
1422;Golestan Palace;Cultural;Iran (Islamic Republic of);IR;2013;False;False
1427;Mount Etna;Natural;Italy;IT;2013;False;False
1430;Namib Sand Sea;Natural;Namibia;NA;2013;False;False
1402;Al Zubarah Archaeological Site;Cultural;Qatar;QA;2013;False;False
1411;Ancient City of Tauric Chersonese and its Chora;Cultural;Ukraine;UA;2013;True;False
1111;Cultural Landscape of Honghe Hani Rice Terraces;Cultural;China;CN;2013;False;False
1414;Xinjiang Tianshan;Natural;China;CN;2013;False;False
1278;Historic Monuments and Sites in Kaesong;Cultural;Democratic People's Republic of Korea;KP;2013;False;False
247;Hill Forts of Rajasthan;Cultural;India;IN;2013;False;False
175;Medici Villas and Gardens in Tuscany;Cultural;Italy;IT;2013;False;False
1418;Fujisan, sacred place and source of artistic inspiration;Cultural;Japan;JP;2013;False;False
1268;Historic Centre of Agadez;Cultural;Niger;NE;2013;False;False
1252;Tajik National Park (Mountains of the Pamirs);Natural;Tajikistan;TJ;2013;False;False
1344;Major Mining Sites of Wallonia;Cultural;Belgium;BE;2012;False;False
1400;Lakes of Ounianga;Natural;Chad;TD;2012;False;False
1360;Nord-Pas de Calais Mining Basin;Cultural;France;FR;2012;False;False
1379;Margravial Opera House Bayreuth;Cultural;Germany;DE;2012;False;False
1393;Sites of Human Evolution at Mount Carmel: The Nahal Me’arot / Wadi el-Mughara Caves;Cultural;Israel;IL;2012;False;False
1407;Bassari Country: Bassari, Fula and Bedik Cultural Landscapes;Cultural;Senegal;SN;2012;False;False
1282;Decorated Farmhouses of Hälsingland;Cultural;Sweden;SE;2012;False;False
1364;Pearling, Testimony of an Island Economy;Cultural;Bahrain;BH;2012;False;False
1100;Rio de Janeiro: Carioca Landscapes between the Mountain and the Sea;Cultural;Brazil;BR;2012;False;False
1388;Chengjiang Fossil Site;Natural;China;CN;2012;False;False
1322;Historic Town of Grand-Bassam;Cultural;Côte d'Ivoire;CI;2012;False;False
1342;Western Ghats;Natural;India;IN;2012;False;False
1397;Masjed-e Jāmé of Isfahan;Cultural;Iran (Islamic Republic of);IR;2012;False;False
1396;Archaeological Heritage of the Lenggong Valley;Cultural;Malaysia;MY;2012;False;False
1367;Garrison Border Town of Elvas and its Fortifications;Cultural;Portugal;PT;2012;False;False
1299;Lena Pillars Nature Park;Natural;Russian Federation;RU;2012;False;False
1433;Birthplace of Jesus: Church of the Nativity and the Pilgrimage Route, Bethlehem;Cultural;State of Palestine;PS;2012;False;False
1380;Sangha Trinational;Natural;Congo,Cameroon,Central African Republic;CG, CM, CF;2012;False;True
1404;Landscape of Grand Pré;Cultural;Canada;CA;2012;False;False
1389;Site of Xanadu;Cultural;China;CN;2012;False;False
1194;Cultural Landscape of Bali Province: the <em>Subak</em> System as a Manifestation of the <em>Tri Hita Karana</em> Philosophy;Cultural;Indonesia;ID;2012;False;False
1398;Gonbad-e Qābus;Cultural;Iran (Islamic Republic of);IR;2012;False;False
1401;Rabat, Modern Capital and Historic City: a Shared Heritage;Cultural;Morocco;MA;2012;False;False
1386;Rock Islands Southern Lagoon;Mixed;Palau;PW;2012;False;False
1313;Heritage of Mercury. Almadén and Idrija;Cultural;Spain,Slovenia;ES, SI;2012;False;True
1405;Neolithic Site of Çatalhöyük;Cultural;Türkiye;TR;2012;False;False
1334;West Lake Cultural Landscape of Hangzhou;Cultural;China;CN;2011;False;False
1333;Konso Cultural Landscape;Cultural;Ethiopia;ET;2011;False;False
1153;The Causses and the Cévennes, Mediterranean agro-pastoral Cultural Landscape;Cultural;France;FR;2011;False;False
1277;Hiraizumi – Temples, Gardens and Archaeological Sites Representing the Buddhist Pure Land;Cultural;Japan;JP;2011;False;False
1371;Cultural Landscape of the Serra de Tramuntana;Cultural;Spain;ES;2011;False;False
1330;Residence of Bukovinian and Dalmatian Metropolitans;Cultural;Ukraine;UA;2011;False;False
1343;Cultural Sites of Al Ain (Hafit, Hili, Bidaa Bint Saud and Oases Areas);Cultural;United Arab Emirates;AE;2011;False;False
1369;Ningaloo Coast;Natural;Australia;AU;2011;False;False
1363;Prehistoric Pile Dwellings around the Alps;Cultural;Italy,France,Austria,Slovenia,Switzerland,Germany;IT, FR, AT, SI, CH, DE;2011;False;True
1121;Coffee Cultural Landscape of Colombia;Cultural;Colombia;CO;2011;False;False
1368;Fagus Factory in Alfeld;Cultural;Germany;DE;2011;False;False
1372;The Persian Garden;Cultural;Iran (Islamic Republic of);IR;2011;False;False
1362;Ogasawara Islands;Natural;Japan;JP;2011;False;False
1382;Petroglyphic Complexes of the Mongolian Altai;Cultural;Mongolia;MN;2011;False;False
1336;Archaeological Sites of the Island of Meroe;Cultural;Sudan;SD;2011;False;False
1358;Citadel of the Ho Dynasty;Cultural;Viet Nam;VN;2011;False;False
1376;Historic Bridgetown and its Garrison;Cultural;Barbados;BB;2011;False;False
1318;Longobards in Italy. Places of the Power (568-774 A.D.);Cultural;Italy;IT;2011;False;False
1377;Wadi Rum Protected Area;Mixed;Jordan;JO;2011;False;False
1295;Fort Jesus, Mombasa;Cultural;Kenya;KE;2011;False;False
1060;Kenya Lake System in the Great Rift Valley;Natural;Kenya;KE;2011;False;False
1236;León Cathedral;Cultural;Nicaragua;NI;2011;False;False
1359;Saloum Delta;Cultural;Senegal;SN;2011;False;False
1348;Ancient Villages of Northern Syria;Cultural;Syrian Arab Republic;SY;2011;True;False
1366;Selimiye Mosque and its Social Complex;Cultural;Türkiye;TR;2011;False;False
1317;Pitons, cirques and remparts of Reunion Island;Natural;France;FR;2010;False;False
1325;Phoenix Islands Protected Area;Natural;Kiribati;KI;2010;False;False
1339;Bikini Atoll Nuclear Test Site;Cultural;Marshall Islands;MH;2010;False;False
1203;Central Highlands of Sri Lanka;Natural;Sri Lanka;LK;2010;False;False
1326;Papahānaumokuākea;Mixed;United States of America;US;2010;False;False
1306;Australian Convict Sites;Cultural;Australia;AU;2010;False;False
1335;China Danxia;Natural;China;CN;2010;False;False
1305;Historic Monuments of Dengfeng in “The Centre of Heaven and Earth”;Cultural;China;CN;2010;False;False
1337;Episcopal City of Albi;Cultural;France;FR;2010;False;False
1351;Camino Real de Tierra Adentro;Cultural;Mexico;MX;2010;False;False
1338;The Jantar Mantar, Jaipur;Cultural;India;IN;2010;False;False
1324;Historic Villages of Korea: Hahoe and Yangdong;Cultural;Republic of Korea;KR;2010;False;False
1234;Putorana Plateau;Natural;Russian Federation;RU;2010;False;False
1141;Proto-urban Site of Sarazm;Cultural;Tajikistan;TJ;2010;False;False
1328;Central Sector of the Imperial Citadel of Thang Long - Hanoi;Cultural;Viet Nam;VN;2010;False;False
1272;São Francisco Square in the Town of São Cristóvão;Cultural;Brazil;BR;2010;False;False
1345;Sheikh Safi al-din Khānegāh and Shrine Ensemble in Ardabil;Cultural;Iran (Islamic Republic of);IR;2010;False;False
1346;Tabriz Historic Bazaar Complex;Cultural;Iran (Islamic Republic of);IR;2010;False;False
1352;Prehistoric Caves of Yagul and Mitla in the Central Valley of Oaxaca;Cultural;Mexico;MX;2010;False;False
1349;Seventeenth-Century Canal Ring Area of Amsterdam inside the Singelgracht;Cultural;Netherlands (Kingdom of the);NL;2010;False;False
1329;At-Turaif District in ad-Dir'iyah;Cultural;Saudi Arabia;SA;2010;False;False
1314;Wadden Sea;Natural;Denmark,Netherlands (Kingdom of the),Germany;DK, NL, DE;2009;False;True
1315;Shushtar Historical Hydraulic System;Cultural;Iran (Islamic Republic of);IR;2009;False;False
1303;Pontcysyllte Aqueduct and Canal;Cultural;United Kingdom of Great Britain and Northern Ireland;GB;2009;False;False
1298;Stoclet House;Cultural;Belgium;BE;2009;False;False
1310;Cidade Velha, Historic Centre of Ribeira Grande;Cultural;Cabo Verde;CV;2009;False;False
1279;Mount Wutai;Cultural;China;CN;2009;False;False
1230;Sulaiman-Too Sacred Mountain;Cultural;Kyrgyzstan;KG;2009;False;False
1312;Tower of Hercules;Cultural;Spain;ES;2009;False;False
1225;Ruins of Loropéni;Cultural;Burkina Faso;BF;2009;False;False
1237;The Dolomites;Natural;Italy;IT;2009;False;False
1269;Sacred City of Caral-Supe;Cultural;Peru;PE;2009;False;False
1319;Royal Tombs of the Joseon Dynasty;Cultural;Republic of Korea;KR;2009;False;False
1302;La Chaux-de-Fonds / Le Locle, Watchmaking Town Planning;Cultural;Switzerland;CH;2009;False;False
1224;Temple of Preah Vihear;Cultural;Cambodia;KH;2008;False;False
1292;Mount Sanqingshan National Park;Natural;China;CN;2008;False;False
1270;Historic Centre of Camagüey;Cultural;Cuba;CU;2008;False;False
1267;Surtsey;Natural;Iceland;IS;2008;False;False
1220;Bahá’i Holy Places in Haifa and the Western Galilee;Cultural;Israel;IL;2008;False;False
1276;Rhaetian Railway in the Albula / Bernina Landscapes;Cultural;Italy,Switzerland;IT, CH;2008;False;True
1102;Saryarka – Steppe and Lakes of Northern Kazakhstan;Natural;Kazakhstan;KZ;2008;False;False
1231;Sacred Mijikenda Kaya Forests;Cultural;Kenya;KE;2008;False;False
1223;Melaka and George Town, Historic Cities of the Straits of Malacca;Cultural;Malaysia;MY;2008;False;False
1274;Protective town of San Miguel and the Sanctuary of Jesús Nazareno de Atotonilco;Cultural;Mexico;MX;2008;False;False
1273;Wooden Churches of the Slovak part of the Carpathian Mountain Area;Cultural;Slovakia;SK;2008;False;False
1179;Swiss Tectonic Arena Sardona;Natural;Switzerland;CH;2008;False;False
1113;Fujian <em>Tulou</em>;Cultural;China;CN;2008;False;False
1239;Berlin Modernism Housing Estates;Cultural;Germany;DE;2008;False;False
1287;Mantua and Sabbioneta;Cultural;Italy;IT;2008;False;False
1245;San Marino Historic Centre and Mount Titano;Cultural;San Marino;SM;2008;False;False
1280;Chief Roi Mata’s Domain;Cultural;Vanuatu;VU;2008;False;False
1263;Socotra Archipelago;Natural;Yemen;YE;2008;False;False
1285;Joggins Fossil Cliffs;Natural;Canada;CA;2008;False;False
1240;Stari Grad Plain;Cultural;Croatia;HR;2008;False;False
1283;Fortifications of Vauban;Cultural;France;FR;2008;False;False
1115;Lagoons of New Caledonia: Reef Diversity and Associated Ecosystems;Natural;France;FR;2008;False;False
1262;Armenian Monastic Ensembles of Iran;Cultural;Iran (Islamic Republic of);IR;2008;False;False
1259;Le Morne Cultural Landscape;Cultural;Mauritius;MU;2008;False;False
1290;Monarch Butterfly Biosphere Reserve;Natural;Mexico;MX;2008;False;False
887;Kuk Early Agricultural Site;Cultural;Papua New Guinea;PG;2008;False;False
1293;Hegra Archaeological Site (al-Hijr / Madā ͐ in Ṣāliḥ);Cultural;Saudi Arabia;SA;2008;False;False
1133;Ancient and Primeval Beech Forests of the Carpathians and Other Regions of Europe;Natural;North Macedonia,Spain,Italy,France,Poland,Albania,Austria,Belgium,Croatia,Romania,Ukraine,Bulgaria,Slovenia,Slovakia,Switzerland,Bosnia and Herzegovina,Germany,Czechia;MK, ES, IT, FR, PL, AL, AT, BE, HR, RO, UA, BG, SI, SK, CH, BA, DE, CZ;2007;False;True
1076;Gobustan Rock Art Cultural Landscape;Cultural;Azerbaijan;AZ;2007;False;False
1147;Ecosystem and Relict Cultural Landscape of Lopé-Okanda;Mixed;Gabon;GA;2007;False;False
978;Old Town of Corfu;Cultural;Greece;GR;2007;False;False
1264;Jeju Volcanic Island and Lava Tubes;Natural;Republic of Korea;KR;2007;False;False
1253;Gamzigrad-Romuliana, Palace of Galerius;Cultural;Serbia;RS;2007;False;False
1265;Richtersveld Cultural and Botanical Landscape;Cultural;South Africa;ZA;2007;False;False
1243;Lavaux, Vineyard Terraces;Cultural;Switzerland;CH;2007;False;False
166;Sydney Opera House;Cultural;Australia;AU;2007;False;False
1260;Mehmed Paša Sokolović Bridge in Višegrad;Cultural;Bosnia and Herzegovina;BA;2007;False;False
1248;South China Karst;Natural;China;CN;2007;False;False
1255;Twyfelfontein or /Ui-//aes;Cultural;Namibia;NA;2007;False;False
1258;Teide National Park;Natural;Spain;ES;2007;False;False
1221;Rideau Canal;Cultural;Canada;CA;2007;False;False
1112;Kaiping Diaolou and Villages;Cultural;China;CN;2007;False;False
1256;Bordeaux, Port of the Moon;Cultural;France;FR;2007;False;False
231;Red Fort Complex;Cultural;India;IN;2007;False;False
276;Samarra Archaeological City;Cultural;Iraq;IQ;2007;True;False
1246;Iwami Ginzan Silver Mine and its Cultural Landscape;Cultural;Japan;JP;2007;False;False
1257;Rainforests of the Atsinanana;Natural;Madagascar;MG;2007;False;False
1250;Central University City Campus of the <i>Universidad Nacional Autónoma de México</i> (UNAM);Cultural;Mexico;MX;2007;False;False
1242;Parthian Fortresses of Nisa;Cultural;Turkmenistan;TM;2007;False;False
1114;Yin Xu;Cultural;China;CN;2006;False;False
476;Chongoni Rock-Art Area;Cultural;Malawi;MW;2006;False;False
1227;Aapravasi Ghat;Cultural;Mauritius;MU;2006;False;False
1209;Agave Landscape and Ancient Industrial Facilities of Tequila;Cultural;Mexico;MX;2006;False;False
1229;Crac des Chevaliers and Qal’at Salah El-Din;Cultural;Syrian Arab Republic;SY;2006;True;False
1215;Cornwall and West Devon Mining Landscape;Cultural;United Kingdom of Great Britain and Northern Ireland;GB;2006;False;False
1214;Sewell Mining Town;Cultural;Chile;CL;2006;False;False
1216;Malpelo Fauna and Flora Sanctuary;Natural;Colombia;CO;2006;False;False
1189;Harar Jugol, the Fortified Historic Town;Cultural;Ethiopia;ET;2006;False;False
1226;Stone Circles of Senegambia;Cultural;Gambia,Senegal;GM, SN;2006;False;True
1222;Bisotun;Cultural;Iran (Islamic Republic of);IR;2006;False;False
1211;Genoa: <i>Le Strade Nuove</i> and the system of the<i> Palazzi dei Rolli</i>;Cultural;Italy;IT;2006;False;False
1165;Centennial Hall in Wrocław;Cultural;Poland;PL;2006;False;False
1217;Vizcaya Bridge;Cultural;Spain;ES;2006;False;False
1213;Sichuan Giant Panda Sanctuaries - Wolong, Mt Siguniang and Jiajin Mountains;Natural;China;CN;2006;False;False
1155;Old town of Regensburg with Stadtamhof;Cultural;Germany;DE;2006;False;False
1207;<i>Aflaj</i> Irrigation Systems of Oman;Cultural;Oman;OM;2006;False;False
1183;Kondoa Rock-Art Sites;Cultural;United Republic of Tanzania;TZ;2006;False;False
569;Historic Centres of Berat and Gjirokastra;Cultural;Albania;AL;2005;False;False
1196;Architectural, Residential and Cultural Complex of the Radziwill Family at Nesvizh;Cultural;Belarus;BY;2005;False;False
1185;Plantin-Moretus House-Workshops-Museum Complex;Cultural;Belgium;BE;2005;False;False
946;Old Bridge Area of the Old City of Mostar;Cultural;Bosnia and Herzegovina;BA;2005;False;False
1182;Islands and Protected Areas of the Gulf of California;Natural;Mexico;MX;2005;True;False
1192;Qal’at al-Bahrain – Ancient Harbour and Capital of Dilmun;Cultural;Bahrain;BH;2005;False;False
1110;Historic Centre of Macao;Cultural;China;CN;2005;False;False
1186;Wadi Al-Hitan (Whale Valley);Natural;Egypt;EG;2005;False;False
1188;Soltaniyeh;Cultural;Iran (Islamic Republic of);IR;2005;False;False
1193;Shiretoko;Natural;Japan;JP;2005;False;False
1195;West Norwegian Fjords – Geirangerfjord and Nærøyfjord;Natural;Norway;NO;2005;False;False
1138;Coiba National Park and its Special Zone of Marine Protection;Natural;Panama;PA;2005;False;False
1170;Historical Centre of the City of Yaroslavl;Cultural;Russian Federation;RU;2005;False;False
1187;Struve Geodetic Arc;Cultural;Latvia,Norway,Sweden,Belarus,Estonia,Finland,Ukraine,Lithuania,Republic of Moldova,Russian Federation;LV, NO, SE, BY, EE, FI, UA, LT, MD, RU;2005;False;True
1178;Humberstone and Santa Laura Saltpeter Works;Cultural;Chile;CL;2005;False;False
1202;Urban Historic Centre of Cienfuegos;Cultural;Cuba;CU;2005;False;False
1181;Le Havre, the City Rebuilt by Auguste Perret;Cultural;France;FR;2005;False;False
1108;Biblical Tels - Megiddo, Hazor, Beer Sheba;Cultural;Israel;IL;2005;False;False
1107;Incense Route - Desert Cities in the Negev;Cultural;Israel;IL;2005;False;False
1200;Syracuse and the Rocky Necropolis of Pantalica;Cultural;Italy;IT;2005;False;False
1118;Osun-Osogbo Sacred Grove;Cultural;Nigeria;NG;2005;False;False
1162;Vredefort Dome;Natural;South Africa;ZA;2005;False;False
590;Dong Phayayen-Khao Yai Forest Complex;Natural;Thailand;TH;2005;False;False
1199;Kunya-Urgench;Cultural;Turkmenistan;TM;2005;False;False
1160;Madriu-Perafita-Claror Valley;Cultural;Andorra;AD;2004;False;False
1142;Sacred Sites and Pilgrimage Routes in the Kii Mountain Range;Cultural;Japan;JP;2004;False;False
1145;Petroglyphs of the Archaeological Landscape of Tanbaly;Cultural;Kazakhstan;KZ;2004;False;False
1137;Kernavė Archaeological Site (Cultural Reserve of Kernavė);Cultural;Lithuania;LT;2004;False;False
1117;Landscape of the Pico Island Vineyard Culture;Cultural;Portugal;PT;2004;False;False
724;Medieval Monuments in Kosovo;Cultural;Serbia;RS;2004;True;False
1007;Cape Floral Region Protected Areas;Natural;South Africa;ZA;2004;False;False
1134;Grimeton Radio Station, Varberg;Cultural;Sweden;SE;2004;False;False
1131;Royal Exhibition Building and Carlton Gardens;Cultural;Australia;AU;2004;False;False
1140;Koutammakou, the Land of the Batammariba;Cultural;Togo,Benin;TG, BJ;2004;False;True
1135;Capital Cities and Tombs of the Ancient Koguryo Kingdom;Cultural;China;CN;2004;False;False
1091;Complex of Koguryo Tombs;Cultural;Democratic People's Republic of Korea;KP;2004;False;False
1149;Ilulissat Icefjord;Natural;Denmark;DK;2004;False;False
1208;Bam and its Cultural Landscape;Cultural;Iran (Islamic Republic of);IR;2004;False;False
1158;Etruscan Necropolises of Cerveteri and Tarquinia;Cultural;Italy;IT;2004;False;False
1026;Val d'Orcia;Cultural;Italy;IT;2004;False;False
1139;Tomb of Askia;Cultural;Mali;ML;2004;True;False
1081;Orkhon Valley Cultural Landscape;Cultural;Mongolia;MN;2004;False;False
1058;Portuguese City of Mazagan (El Jadida);Cultural;Morocco;MA;2004;False;False
1143;Vegaøyan – The Vega Archipelago;Cultural;Norway;NO;2004;False;False
1097;Ensemble of the Novodevichy Convent;Cultural;Russian Federation;RU;2004;False;False
1023;Natural System of Wrangel Island Reserve;Natural;Russian Federation;RU;2004;False;False
1127;Muskauer Park / Park Mużakowski;Cultural;Poland,Germany;PL, DE;2004;False;True
1087;Town Hall and Roland on the Marketplace of Bremen;Cultural;Germany;DE;2004;False;False
1152;Þingvellir National Park;Cultural;Iceland;IS;2004;False;False
1101;Champaner-Pavagadh Archaeological Park;Cultural;India;IN;2004;False;False
945;Chhatrapati Shivaji Terminus (formerly Victoria Terminus);Cultural;India;IN;2004;False;False
1167;Tropical Rainforest Heritage of Sumatra;Natural;Indonesia;ID;2004;True;False
1106;Pasargadae;Cultural;Iran (Islamic Republic of);IR;2004;False;False
1093;Um er-Rasas (Kastrom Mefa'a);Cultural;Jordan;JO;2004;False;False
1136;Luis Barragán House and Studio;Cultural;Mexico;MX;2004;False;False
1161;Pitons Management Area;Natural;Saint Lucia;LC;2004;False;False
208;Cultural Landscape and Archaeological Remains of the Bamiyan Valley;Cultural;Afghanistan;AF;2003;True;False
1116;Quebrada de Humahuaca;Cultural;Argentina;AR;2003;False;False
1094;Purnululu National Park;Natural;Australia;AU;2003;False;False
959;Historic Quarter of the Seaport City of Valparaíso;Cultural;Chile;CL;2003;False;False
1083;Three Parallel Rivers of Yunnan Protected Areas;Natural;China;CN;2003;False;False
1077;Takht-e Soleyman;Cultural;Iran (Islamic Republic of);IR;2003;False;False
1090;Monte San Giorgio;Natural;Italy,Switzerland;IT, CH;2003;False;True
1103;Mausoleum of Khoja Ahmed Yasawi;Cultural;Kazakhstan;KZ;2003;False;False
769;Uvs Nuur Basin;Natural;Mongolia,Russian Federation;MN, RU;2003;False;True
1070;Citadel, Ancient City and Fortress Buildings of Derbent;Cultural;Russian Federation;RU;2003;False;False
1084;Royal Botanic Gardens, Kew;Cultural;United Kingdom of Great Britain and Northern Ireland;GB;2003;False;False
306;Matobo Hills;Cultural;Zimbabwe;ZW;2003;False;False
1078;Jewish Quarter and St Procopius' Basilica in Třebíč;Cultural;Czechia;CZ;2003;False;False
1130;Ashur (Qal'at Sherqat);Cultural;Iraq;IQ;2003;True;False
1068;<I>Sacri Monti</I> of Piedmont and Lombardy;Cultural;Italy;IT;2003;False;False
951;Phong Nha-Ke Bang National Park and Hin Nam No National Park;Natural;Viet Nam,Lao People's Democratic Republic;VN, LA;2003;False;True
1053;Wooden Churches of Southern Małopolska;Cultural;Poland;PL;2003;False;False
1099;Mapungubwe Cultural Landscape;Cultural;South Africa;ZA;2003;False;False
522;Renaissance Monumental Ensembles of Úbeda and Baeza;Cultural;Spain;ES;2003;False;False
761;Kunta Kinteh Island and Related Sites;Cultural;Gambia;GM;2003;False;False
925;Rock Shelters of Bhimbetka;Cultural;India;IN;2003;False;False
1096;White City of Tel-Aviv – the Modern Movement;Cultural;Israel;IL;2003;False;False
1079;Franciscan Missions in the Sierra Gorda of Querétaro;Cultural;Mexico;MX;2003;False;False
1073;Gebel Barkal and the Sites of the Napatan Region;Cultural;Sudan;SD;2003;False;False
211;Minaret and Archaeological Remains of Jam;Cultural;Afghanistan;AF;2002;True;False
1067;Historic Centres of Stralsund and Wismar;Cultural;Germany;DE;2002;False;False
1063;Tokaj Wine Region Historic Cultural Landscape;Cultural;Hungary;HU;2002;False;False
1061;Ancient Maya City and Protected Tropical Forests of Calakmul, Campeche;Mixed;Mexico;MX;2002;False;False
954;Saint Catherine Area;Cultural;Egypt;EG;2002;False;False
1066;Upper Middle Rhine Valley;Cultural;Germany;DE;2002;False;False
1056;Mahabodhi Temple Complex at Bodh Gaya;Cultural;India;IN;2002;False;False
1024;Late Baroque Towns of the Val di Noto (South-Eastern Sicily);Cultural;Italy;IT;2002;False;False
940;Historic Inner City of Paramaribo;Cultural;Suriname;SR;2002;True;False
1033;Historic Centre of Vienna;Cultural;Austria;AT;2001;False;False
1035;Cerrado Protected Areas: Chapada dos Veadeiros and Emas National Parks;Natural;Brazil;BR;2001;False;False
839;Alejandro de Humboldt National Park;Natural;Cuba;CU;2001;False;False
873;Provins, Town of Medieval Fairs;Cultural;France;FR;2001;False;False
1040;Masada;Cultural;Israel;IL;2001;False;False
1042;Old City of Acre;Cultural;Israel;IL;2001;False;False
1044;Aranjuez Cultural Landscape;Cultural;Spain;ES;2001;False;False
1037;Swiss Alps Jungfrau-Aletsch;Natural;Switzerland;CH;2001;False;False
1021;Tsodilo;Cultural;Botswana;BW;2001;False;False
1000;Brazilian Atlantic Islands: Fernando de Noronha and Atol das Rocas Reserves;Natural;Brazil;BR;2001;False;False
993;Historic Centre of the Town of Goiás;Cultural;Brazil;BR;2001;False;False
1039;Yungang Grottoes;Cultural;China;CN;2001;False;False
975;Zollverein Coal Mine Industrial Complex in Essen;Cultural;Germany;DE;2001;False;False
1055;Lamu Old Town;Cultural;Kenya;KE;2001;False;False
1054;Churches of Peace in Jawor and Świdnica;Cultural;Poland;PL;2001;False;False
1046;Alto Douro Wine Region;Cultural;Portugal;PT;2001;False;False
1031;Historic Centre of Guimarães and Couros Zone;Cultural;Portugal;PT;2001;False;False
766;Central Sikhote-Alin;Natural;Russian Federation;RU;2001;False;False
1022;Tombs of Buganda Kings at Kasubi;Cultural;Uganda;UG;2001;False;False
1029;Dorset and East Devon Coast;Natural;United Kingdom of Great Britain and Northern Ireland;GB;2001;False;False
1030;Derwent Valley Mills;Cultural;United Kingdom of Great Britain and Northern Ireland;GB;2001;False;False
603;Samarkand – Crossroad of Cultures;Cultural;Uzbekistan;UZ;2001;False;False
772;Fertö / Neusiedlersee Cultural Landscape;Cultural;Austria,Hungary;AT, HU;2001;False;True
1052;Tugendhat Villa in Brno;Cultural;Czechia;CZ;2001;False;False
1025;Villa d'Este, Tivoli;Cultural;Italy;IT;2001;False;False
481;Vat Phou and Associated Ancient Settlements within the Champasak Cultural Landscape;Cultural;Lao People's Democratic Republic;LA;2001;False;False
950;Royal Hill of Ambohimanga;Cultural;Madagascar;MG;2001;False;False
753;Medina of Essaouira (formerly Mogador);Cultural;Morocco;MA;2001;False;False
1027;Mining Area of the Great Copper Mountain in Falun;Cultural;Sweden;SE;2001;False;False
429;New Lanark;Cultural;United Kingdom of Great Britain and Northern Ireland;GB;2001;False;False
1028;Saltaire;Cultural;United Kingdom of Great Britain and Northern Ireland;GB;2001;False;False
625;Mir Castle Complex;Cultural;Belarus;BY;2000;False;False
1005;Major Town Houses of the Architect Victor Horta (Brussels);Cultural;Belgium;BE;2000;False;False
1009;Notre-Dame Cathedral in Tournai;Cultural;Belgium;BE;2000;False;False
967;Noel Kempff Mercado National Park;Natural;Bolivia (Plurinational State of);BO;2000;False;False
567;Tiwanaku: Spiritual and Political Centre of the Tiwanaku Culture;Cultural;Bolivia (Plurinational State of);BO;2000;False;False
998;Central Amazon Conservation Complex;Natural;Brazil;BR;2000;False;False
1004;Imperial Tombs of the Ming and Qing Dynasties;Cultural;China;CN;2000;False;False
1003;Longmen Grottoes;Cultural;China;CN;2000;False;False
1001;Mount Qingcheng and the Dujiangyan Irrigation System;Cultural;China;CN;2000;False;False
859;Holy Trinity Column in Olomouc;Cultural;Czechia;CZ;2000;False;False
933;The Loire Valley between Sully-sur-Loire and Chalonnes;Cultural;France;FR;2000;False;False
534;Garden Kingdom of Dessau-Wörlitz;Cultural;Germany;DE;2000;False;False
853;Early Christian Necropolis of Pécs (Sopianae);Cultural;Hungary;HU;2000;False;False
990;Assisi, the Basilica of San Francesco and Other Franciscan Sites;Cultural;Italy;IT;2000;False;False
985;Maloti-Drakensberg Park;Mixed;Lesotho,South Africa;LS, ZA;2000;False;True
1012;Kinabalu Park;Natural;Malaysia;MY;2000;False;False
1010;Land of Frankincense;Cultural;Oman;OM;2000;False;False
977;Gochang, Hwasun and Ganghwa Dolmen Sites;Cultural;Republic of Korea;KR;2000;False;False
980;Historic and Architectural Complex of the Kazan Kremlin;Cultural;Russian Federation;RU;2000;False;False
989;Archaeological Site of Atapuerca;Cultural;Spain;ES;2000;False;False
875;Archaeological Ensemble of Tarraco;Cultural;Spain;ES;2000;False;False
884;Three Castles, Defensive Wall and Ramparts of the Market-Town of Bellinzona;Cultural;Switzerland;CH;2000;False;False
983;Historic Town of St George and Related Fortifications, Bermuda;Cultural;United Kingdom of Great Britain and Northern Ireland;GB;2000;False;False
966;Ischigualasto / Talampaya Natural Parks;Natural;Argentina;AR;2000;False;False
960;Monastery of Geghard and the Upper Azat Valley;Cultural;Armenia;AM;2000;False;False
917;Greater Blue Mountains Area;Natural;Australia;AU;2000;False;False
970;Wachau Cultural Landscape;Cultural;Austria;AT;2000;False;False
958;Walled City of Baku with the Shirvanshah's Palace and Maiden Tower;Cultural;Azerbaijan;AZ;2000;False;False
1006;Neolithic Flint Mines at Spiennes (Mons);Cultural;Belgium;BE;2000;False;False
999;Pantanal Conservation Area;Natural;Brazil;BR;2000;False;False
971;Churches of Chiloé;Cultural;Chile;CL;2000;False;False
1002;Ancient Villages in Southern Anhui – Xidi and Hongcun;Cultural;China;CN;2000;False;False
696;Kronborg Castle;Cultural;Denmark;DK;2000;False;False
898;High Coast / Kvarken Archipelago;Natural;Sweden,Finland;SE, FI;2000;False;True
974;Monastic Island of Reichenau;Cultural;Germany;DE;2000;False;False
797;City of Verona;Cultural;Italy;IT;2000;False;False
908;Isole Eolie (Aeolian Islands);Natural;Italy;IT;2000;False;False
994;Curonian Spit;Cultural;Lithuania,Russian Federation;LT, RU;2000;False;True
613;Ruins of León Viejo;Cultural;Nicaragua;NI;2000;False;False
976;Gyeongju Historic Areas;Cultural;Republic of Korea;KR;2000;False;False
956;Island of Saint-Louis;Cultural;Senegal;SN;2000;False;False
973;Bardejov Town Conservation Reserve;Cultural;Slovakia;SK;2000;False;False
988;Catalan Romanesque Churches of the Vall de Boí;Cultural;Spain;ES;2000;False;False
968;Agricultural Landscape of Southern Öland;Cultural;Sweden;SE;2000;False;False
173;Stone Town of Zanzibar;Cultural;United Republic of Tanzania;TZ;2000;False;False
986;Ciudad Universitaria de Caracas;Cultural;Venezuela (Bolivarian Republic of);VE;2000;False;False
995;Jesuit Block and Estancias of Córdoba;Cultural;Argentina;AR;2000;False;False
1011;Cathedral and Churches of Echmiatsin and the Archaeological Site of Zvartnots;Cultural;Armenia;AM;2000;False;False
996;Historic Centre of Brugge;Cultural;Belgium;BE;2000;False;False
963;The Cathedral of St James in Šibenik;Cultural;Croatia;HR;2000;False;False
1008;Archaeological Landscape of the First Coffee Plantations in the South-East of Cuba;Cultural;Cuba;CU;2000;False;False
972;Gusuku Sites and Related Properties of the Kingdom of Ryukyu;Cultural;Japan;JP;2000;False;False
1013;Gunung Mulu National Park;Natural;Malaysia;MY;2000;False;False
965;Rietveld Schröderhuis (Rietveld Schröder House);Cultural;Netherlands (Kingdom of the);NL;2000;False;False
1016;Historical Centre of the City of Arequipa;Cultural;Peru;PE;2000;False;False
982;Ensemble of the Ferapontov Monastery;Cultural;Russian Federation;RU;2000;False;False
930;Palmeral of Elche;Cultural;Spain;ES;2000;False;False
987;Roman Walls of Lugo;Cultural;Spain;ES;2000;False;False
1017;Central Suriname Nature Reserve;Natural;Suriname;SR;2000;False;False
984;Blaenavon Industrial Landscape;Cultural;United Kingdom of Great Britain and Northern Ireland;GB;2000;False;False
885;Historic Centre of Shakhrisyabz;Cultural;Uzbekistan;UZ;2000;True;False
937;Península Valdés;Natural;Argentina;AR;1999;False;False
893;Atlantic Forest South-East Reserves;Natural;Brazil;BR;1999;False;False
686;Miguasha National Park;Natural;Canada;CA;1999;False;False
912;Dazu Rock Carvings;Cultural;China;CN;1999;False;False
911;Mount Wuyi;Mixed;China;CN;1999;False;False
896;Museumsinsel (Museum Island), Berlin;Cultural;Germany;DE;1999;False;False
474;Hortobágy National Park - the <i>Puszta</i>;Cultural;Hungary;HU;1999;False;False
955;Lorentz National Park;Natural;Indonesia;ID;1999;False;False
907;Villa Adriana (Tivoli);Cultural;Italy;IT;1999;False;False
652;Puerto-Princesa Subterranean River National Park;Natural;Philippines;PH;1999;False;False
905;Kalwaria Zebrzydowska: the Mannerist Architectural and Park Landscape Complex and Pilgrimage Park;Cultural;Poland;PL;1999;False;False
910;Brimstone Hill Fortress National Park;Cultural;Saint Kitts and Nevis;KN;1999;False;False
417;Ibiza, Biodiversity and Culture;Mixed;Spain;ES;1999;False;False
929;San Cristóbal de La Laguna;Cultural;Spain;ES;1999;False;False
948;Hoi An Ancient Town;Cultural;Viet Nam;VN;1999;False;False
936;Cueva de las Manos, Río Pinturas;Cultural;Argentina;AR;1999;False;False
943;Belfries of Belgium and France;Cultural;France,Belgium;FR, BE;1999;False;True
892;Discovery Coast Atlantic Forest Reserves;Natural;Brazil;BR;1999;False;False
840;Viñales Valley;Cultural;Cuba;CU;1999;False;False
579;Bronze Age Burial Site of Sammallahdenmäki;Cultural;Finland;FI;1999;False;False
897;Wartburg Castle;Cultural;Germany;DE;1999;False;False
941;Archaeological Sites of Mycenae and Tiryns;Cultural;Greece;GR;1999;False;False
913;Shrines and Temples of Nikko;Cultural;Japan;JP;1999;False;False
939;Archaeological Monuments Zone of Xochicalco;Cultural;Mexico;MX;1999;False;False
895;Historic Fortified Town of Campeche;Cultural;Mexico;MX;1999;False;False
938;Sukur Cultural Landscape;Cultural;Nigeria;NG;1999;False;False
502;Historic City of Vigan;Cultural;Philippines;PH;1999;False;False
934;Laurisilva of Madeira;Natural;Portugal;PT;1999;False;False
906;Dacian Fortresses of the Orastie Mountains;Cultural;Romania;RO;1999;False;False
915;Fossil Hominid Sites of South Africa;Cultural;South Africa;ZA;1999;False;False
916;Robben Island;Cultural;South Africa;ZA;1999;False;False
886;State Historical and Cultural Park “Ancient Merv”;Cultural;Turkmenistan;TM;1999;False;False
949;My Son Sanctuary;Cultural;Viet Nam;VN;1999;False;False
931;City of Graz – Historic Centre and Schloss Eggenberg;Cultural;Austria;AT;1999;False;False
890;Historic Centre of the Town of Diamantina;Cultural;Brazil;BR;1999;False;False
928;Area de Conservación Guanacaste;Natural;Costa Rica;CR;1999;False;False
889;Desembarco del Granma National Park;Natural;Cuba;CU;1999;False;False
901;Litomyšl Castle;Cultural;Czechia;CZ;1999;False;False
863;Historic Centre of Santa Ana de los Ríos de Cuenca;Cultural;Ecuador;EC;1999;False;False
932;Jurisdiction of Saint-Emilion;Cultural;France;FR;1999;False;False
942;The Historic Centre (Chorá) with the Monastery of Saint-John the Theologian and the Cave of the Apocalypse on the Island of Pátmos;Cultural;Greece;GR;1999;False;False
944;Mountain Railways of India;Cultural;India;IN;1999;False;False
914;iSimangaliso Wetland Park – Maputo National Park;Natural;Mozambique,South Africa;MZ, ZA;1999;False;True
899;Droogmakerij de Beemster (Beemster Polder);Cultural;Netherlands (Kingdom of the);NL;1999;False;False
902;Historic Centre of Sighişoara;Cultural;Romania;RO;1999;False;False
904;Wooden Churches of Maramureş;Cultural;Romania;RO;1999;False;False
900;Western Caucasus;Natural;Russian Federation;RU;1999;False;False
514;Heart of Neolithic Orkney;Cultural;United Kingdom of Great Britain and Northern Ireland;GB;1999;False;False
857;La Grand-Place, Brussels;Cultural;Belgium;BE;1998;False;False
861;Holašovice Historic Village;Cultural;Czechia;CZ;1998;False;False
846;Classical Weimar;Cultural;Germany;DE;1998;False;False
825;Archaeological Area and the Patriarchal Basilica of Aquileia;Cultural;Italy;IT;1998;False;False
560;Archaeological Zone of Paquimé, Casas Grandes;Cultural;Mexico;MX;1998;False;False
862;Historic Monuments Zone of Tlacotalpan;Cultural;Mexico;MX;1998;False;False
854;East Rennell;Natural;Solomon Islands;SB;1998;True;False
876;University and Historic Precinct of Alcalá de Henares;Cultural;Spain;ES;1998;False;False
871;Naval Port of Karlskrona;Cultural;Sweden;SE;1998;False;False
865;L'viv – the Ensemble of the Historic Centre;Cultural;Ukraine;UA;1998;True;False
856;The Four Lifts on the Canal du Centre and their Environs, La Louvière and Le Roeulx (Hainaut);Cultural;Belgium;BE;1998;False;False
881;Temple of Heaven: an Imperial Sacrificial Altar in Beijing;Cultural;China;CN;1998;False;False
880;Summer Palace, an Imperial Garden in Beijing;Cultural;China;CN;1998;False;False
872;Historic Site of Lyon;Cultural;France;FR;1998;False;False
868;Routes of Santiago de Compostela in France;Cultural;France;FR;1998;False;False
842;Cilento and Vallo di Diano National Park with the Archeological Sites of Paestum and Velia, and the Certosa di Padula;Cultural;Italy;IT;1998;False;False
870;Historic Monuments of Ancient Nara;Cultural;Japan;JP;1998;False;False
850;Ouadi Qadisha (the Holy Valley) and the Forest of the Cedars of God (Horsh Arz el-Rab);Cultural;Lebanon;LB;1998;False;False
877;New Zealand Sub-Antarctic Islands;Natural;New Zealand;NZ;1998;False;False
866;Prehistoric Rock Art Sites in the Côa Valley and Siega Verde;Cultural;Spain,Portugal;ES, PT;1998;False;True
768;Golden Mountains of Altai;Natural;Russian Federation;RU;1998;False;False
785;Semmering Railway;Cultural;Austria;AT;1998;False;False
855;Flemish Béguinages;Cultural;Belgium;BE;1998;False;False
883;Fuerte de Samaipata;Cultural;Bolivia (Plurinational State of);BO;1998;False;False
848;Choirokoitia;Cultural;Cyprus;CY;1998;False;False
860;Gardens and Castle at Kroměříž;Cultural;Czechia;CZ;1998;False;False
828;Historic Centre of Urbino;Cultural;Italy;IT;1998;False;False
867;Ir.D.F. Woudagemaal (D.F. Wouda Steam Pumping Station);Cultural;Netherlands (Kingdom of the);NL;1998;False;False
874;Rock Art of the Mediterranean Basin on the Iberian Peninsula;Cultural;Spain;ES;1998;False;False
849;Archaeological Site of Troy;Cultural;Türkiye;TR;1998;False;False
577;Heard and McDonald Islands;Natural;Australia;AU;1997;False;False
629;Macquarie Island;Natural;Australia;AU;1997;False;False
813;Classical Gardens of Suzhou;Cultural;China;CN;1997;False;False
811;Old Town of Lijiang;Cultural;China;CN;1997;False;False
814;Morne Trois Pitons National Park;Natural;Dominica;DM;1997;False;False
822;Historic Centre (Old Town) of Tallinn;Cultural;Estonia;EE;1997;False;False
345;Historic Fortified City of Carcassonne;Cultural;France;FR;1997;False;False
831;Archaeological Area of Agrigento;Cultural;Italy;IT;1997;False;False
832;Villa Romana del Casale;Cultural;Italy;IT;1997;False;False
836;Archaeological Site of Volubilis;Cultural;Morocco;MA;1997;False;False
847;Castle of the Teutonic Order in Malbork;Cultural;Poland;PL;1997;False;False
803;Las Médulas;Cultural;Spain;ES;1997;False;False
804;Palau de la Música Catalana and Hospital de Sant Pau, Barcelona;Cultural;Spain;ES;1997;False;False
795;Maritime Greenwich;Cultural;United Kingdom of Great Britain and Northern Ireland;GB;1997;False;False
798;The Sundarbans;Natural;Bangladesh;BD;1997;False;False
820;Cocos Island National Park;Natural;Costa Rica;CR;1997;False;False
810;Historic City of Trogir;Cultural;Croatia;HR;1997;False;False
773;Pyrénées - Mont Perdu;Mixed;Spain,France;ES, FR;1997;False;True
829;Archaeological Areas of Pompei, Herculaneum and Torre Annunziata;Cultural;Italy;IT;1997;False;False
826;Portovenere, Cinque Terre, and the Islands (Palmaria, Tino and Tinetto);Cultural;Italy;IT;1997;False;False
801;Lake Turkana National Parks;Natural;Kenya;KE;1997;True;False
837;Medina of Tétouan (formerly known as Titawin);Cultural;Morocco;MA;1997;False;False
586;Rohtas Fort;Cultural;Pakistan;PK;1997;False;False
835;Medieval Town of Toruń;Cultural;Poland;PL;1997;False;False
806;Hallstatt-Dachstein / Salzkammergut Cultural Landscape;Cultural;Austria;AT;1997;False;False
821;Historic Centre of São Luís;Cultural;Brazil;BR;1997;False;False
812;Ancient City of Ping Yao;Cultural;China;CN;1997;False;False
809;Episcopal Complex of the Euphrasian Basilica in the Historic Centre of Poreč;Cultural;Croatia;HR;1997;False;False
841;San Pedro de la Roca Castle, Santiago de Cuba;Cultural;Cuba;CU;1997;False;False
549;18th-Century Royal Palace at Caserta with the Park, the Aqueduct of Vanvitelli, and the San Leucio Complex;Cultural;Italy;IT;1997;False;False
827;Cathedral, Torre Civica and Piazza Grande, Modena;Cultural;Italy;IT;1997;False;False
824;Botanical Garden (Orto Botanico), Padua;Cultural;Italy;IT;1997;False;False
830;Costiera Amalfitana;Cultural;Italy;IT;1997;False;False
833;Su Nuraxi di Barumini;Cultural;Italy;IT;1997;False;False
823;Residences of the Royal House of Savoy;Cultural;Italy;IT;1997;False;False
800;Mount Kenya National Park/Natural Forest;Natural;Kenya;KE;1997;False;False
852;Historic Centre of Riga;Cultural;Latvia;LV;1997;False;False
815;Hospicio Cabañas, Guadalajara;Cultural;Mexico;MX;1997;False;False
666;Lumbini, the Birthplace of the Lord Buddha;Cultural;Nepal;NP;1997;False;False
818;Mill Network at Kinderdijk-Elshout;Cultural;Netherlands (Kingdom of the);NL;1997;False;False
819;Historic Area of Willemstad, Inner City and Harbour, Curaçao;Cultural;Netherlands (Kingdom of the);NL;1997;False;False
816;Changdeokgung Palace Complex;Cultural;Republic of Korea;KR;1997;False;False
817;Hwaseong Fortress;Cultural;Republic of Korea;KR;1997;False;False
805;San Millán Yuso and Suso Monasteries;Cultural;Spain;ES;1997;False;False
794;Dougga / Thugga;Cultural;Tunisia;TN;1997;False;False
786;Palace and Gardens of Schönbrunn;Cultural;Austria;AT;1996;False;False
709;Upper Svaneti;Cultural;Georgia;GE;1996;False;False
292;Cologne Cathedral;Cultural;Germany;DE;1996;False;False
780;Archaeological Site of Aigai (modern name Vergina);Cultural;Greece;GR;1996;False;False
398;Castel del Monte;Cultural;Italy;IT;1996;False;False
788;Early Christian Monuments of Ravenna;Cultural;Italy;IT;1996;False;False
754;Lake Baikal;Natural;Russian Federation;RU;1996;False;False
762;Church Town of Gammelstad, Luleå;Cultural;Sweden;SE;1996;False;False
777;Monasteries of Haghpat and Sanahin;Cultural;Armenia;AM;1996;False;False
778;Lushan National Park;Cultural;China;CN;1996;False;False
763;Lednice-Valtice Cultural Landscape;Cultural;Czechia;CZ;1996;False;False
770;Canal du Midi;Cultural;France;FR;1996;False;False
729;Bauhaus and its Sites in Weimar, Dessau and Bernau;Cultural;Germany;DE;1996;False;False
593;Sangiran Early Man Site;Cultural;Indonesia;ID;1996;False;False
757;Sceilg Mhichíl;Cultural;Ireland;IE;1996;False;False
787;The <I>Trulli</I> of Alberobello;Cultural;Italy;IT;1996;False;False
775;Hiroshima Peace Memorial (Genbaku Dome);Cultural;Japan;JP;1996;False;False
776;Itsukushima Shinto Shrine;Cultural;Japan;JP;1996;False;False
791;Pre-Hispanic Town of Uxmal;Cultural;Mexico;MX;1996;False;False
793;Historic City of Meknes;Cultural;Morocco;MA;1996;False;False
765;Volcanoes of Kamchatka;Natural;Russian Federation;RU;1996;False;False
781;Historic Walled Town of Cuenca;Cultural;Spain;ES;1996;False;False
784;Historic Centre of the City of Salzburg;Cultural;Austria;AT;1996;False;False
764;Belize Barrier Reef Reserve System;Natural;Belize;BZ;1996;False;False
749;W-Arly-Pendjari Complex;Natural;Benin,Niger,Burkina Faso;BJ, NE, BF;1996;False;True
779;Mount Emei Scenic Area, including Leshan Giant Buddha Scenic Area;Mixed;China;CN;1996;False;False
718;Okapi Wildlife Reserve;Natural;Democratic Republic of the Congo;CD;1996;True;False
751;Verla Groundwood and Board Mill;Cultural;Finland;FI;1996;False;False
783;Luther Memorials in Eisleben and Wittenberg;Cultural;Germany;DE;1996;False;False
758;Millenary Benedictine Abbey of Pannonhalma and its Natural Environment;Cultural;Hungary;HU;1996;False;False
789;Historic Centre of the City of Pienza;Cultural;Italy;IT;1996;False;False
750;Ancient <I>Ksour</I> of Ouadane, Chinguetti, Tichitt and Oualata;Cultural;Mauritania;MR;1996;False;False
792;Historic Monuments Zone of Querétaro;Cultural;Mexico;MX;1996;False;False
759;Dutch Water Defence Lines;Cultural;Netherlands (Kingdom of the);NL;1996;False;False
755;Historic Centre of Oporto, Luiz I Bridge and Monastery of Serra do Pilar;Cultural;Portugal;PT;1996;False;False
782;La Lonja de la Seda de Valencia;Cultural;Spain;ES;1996;False;False
774;Laponian Area;Mixed;Sweden;SE;1996;False;False
741;Old Town Lunenburg;Cultural;Canada;CA;1995;False;False
744;San Agustín Archaeological Park;Cultural;Colombia;CO;1995;False;False
732;Kutná Hora: Historical Town Centre with the Church of St Barbara and the Cathedral of Our Lady at Sedlec;Cultural;Czechia;CZ;1995;False;False
695;Roskilde Cathedral;Cultural;Denmark;DK;1995;False;False
720;Messel Pit Fossil Site;Natural;Germany;DE;1995;False;False
725;Caves of Aggtelek Karst and Slovak Karst;Natural;Hungary,Slovakia;HU, SK;1995;False;True
717;Historic Centre of Siena;Cultural;Italy;IT;1995;False;False
734;Historic Villages of Shirakawa-go and Gokayama;Cultural;Japan;JP;1995;False;False
739;Schokland and Surroundings;Cultural;Netherlands (Kingdom of the);NL;1995;False;False
736;Seokguram Grotto and Bulguksa Temple;Cultural;Republic of Korea;KR;1995;False;False
719;Virgin Komi Forests;Natural;Russian Federation;RU;1995;False;False
740;Gough and Inaccessible Islands;Natural;United Kingdom of Great Britain and Northern Ireland;GB;1995;False;False
721;Carlsbad Caverns National Park;Natural;United States of America;US;1995;False;False
742;Historic Centre of Santa Cruz de Mompox;Cultural;Colombia;CO;1995;False;False
228;Historic Centre of Avignon: Papal Palace, Episcopal Ensemble and Avignon Bridge;Cultural;France;FR;1995;False;False
730;Crespi d'Adda;Cultural;Italy;IT;1995;False;False
726;Historic Centre of Naples;Cultural;Italy;IT;1995;False;False
479;Town of Luang Prabang;Cultural;Lao People's Democratic Republic;LA;1995;False;False
722;Rice Terraces of the Philippine Cordilleras;Cultural;Philippines;PH;1995;False;False
723;Cultural Landscape of Sintra;Cultural;Portugal;PT;1995;False;False
737;Haeinsa Temple Janggyeong Panjeon, the Depositories for the <I>Tripitaka Koreana</I> Woodblocks;Cultural;Republic of Korea;KR;1995;False;False
747;Historic Quarter of the City of Colonia del Sacramento;Cultural;Uruguay;UY;1995;False;False
354;Waterton Glacier International Peace Park;Natural;Canada,United States of America;CA, US;1995;False;True
715;Rapa Nui National Park;Cultural;Chile;CL;1995;False;False
743;National Archeological Park of Tierradentro;Cultural;Colombia;CO;1995;False;False
733;Ferrara, City of the Renaissance, and its Po Delta;Cultural;Italy;IT;1995;False;False
738;Jongmyo Shrine;Cultural;Republic of Korea;KR;1995;False;False
731;Hanseatic Town of Visby;Cultural;Sweden;SE;1995;False;False
728;Old and New Towns of Edinburgh;Cultural;United Kingdom of Great Britain and Northern Ireland;GB;1995;False;False
705;Ancient Building Complex in the Wudang Mountains;Cultural;China;CN;1994;False;False
703;Mountain Resort and its Outlying Temples, Chengde;Cultural;China;CN;1994;False;False
710;Gelati Monastery;Cultural;Georgia;GE;1994;False;False
535;Collegiate Church, Castle and Old Town of Quedlinburg;Cultural;Germany;DE;1994;False;False
712;City of Vicenza and the Palladian Villas of the Veneto;Cultural;Italy;IT;1994;False;False
634;Church of the Ascension, Kolomenskoye;Cultural;Russian Federation;RU;1994;False;False
698;Australian Fossil Mammal Sites (Riversleigh / Naracoorte);Natural;Australia;AU;1994;False;False
690;Pilgrimage Church of St John of Nepomuk at Zelená Hora;Cultural;Czechia;CZ;1994;False;False
541;Vilnius Historic Centre;Cultural;Lithuania;LT;1994;False;False
558;Skogskyrkogården;Cultural;Sweden;SE;1994;False;False
682;Bwindi Impenetrable National Park;Natural;Uganda;UG;1994;False;False
684;Rwenzori Mountains National Park;Natural;Uganda;UG;1994;False;False
701;Canaima National Park;Natural;Venezuela (Bolivarian Republic of);VE;1994;False;False
672;Ha Long Bay - Cat Ba Archipelago;Natural;Viet Nam;VN;1994;False;False
707;Historic Ensemble of the Potala Palace, Lhasa;Cultural;China;CN;1994;False;False
704;Temple and Cemetery of Confucius and the Kong Family Mansion in Qufu;Cultural;China;CN;1994;False;False
711;Los Katíos National Park;Natural;Colombia;CO;1994;False;False
697;Jelling Mounds, Runic Stones and Church;Cultural;Denmark;DK;1994;False;False
584;Petäjävesi Old Church;Cultural;Finland;FI;1994;False;False
708;Historical Monuments of Mtskheta;Cultural;Georgia;GE;1994;False;False
687;Völklingen Ironworks;Cultural;Germany;DE;1994;False;False
688;Historic Monuments of Ancient Kyoto (Kyoto, Uji and Otsu Cities);Cultural;Japan;JP;1994;False;False
699;City of Luxembourg: its Old Quarters and Fortifications;Cultural;Luxembourg;LU;1994;False;False
702;Earliest 16th-Century Monasteries on the Slopes of Popocatepetl;Cultural;Mexico;MX;1994;False;False
700;Lines and Geoglyphs of Nasca and Palpa;Cultural;Peru;PE;1994;False;False
685;Doñana National Park;Natural;Spain;ES;1994;False;False
557;Rock Carvings in Tanum;Cultural;Sweden;SE;1994;False;False
614;City of Safranbolu;Cultural;Türkiye;TR;1994;False;False
624;Town of Bamberg;Cultural;Germany;DE;1993;False;False
232;Humayun's Tomb, Delhi;Cultural;India;IN;1993;False;False
659;Brú na Bóinne - Archaeological Ensemble of the Bend of the Boyne;Cultural;Ireland;IE;1993;False;False
670;The Sassi and the Park of the Rupestrian Churches of Matera;Cultural;Italy;IT;1993;False;False
676;Historic Centre of Zacatecas;Cultural;Mexico;MX;1993;False;False
677;Baroque Churches of the Philippines;Cultural;Philippines;PH;1993;False;False
597;Hurezi Monastery;Cultural;Romania;RO;1993;False;False
620;Levoča, Spišský Hrad and the Associated Cultural Monuments;Cultural;Slovakia;SK;1993;False;False
622;Vlkolínec;Cultural;Slovakia;SK;1993;False;False
664;Archaeological Ensemble of Mérida;Cultural;Spain;ES;1993;False;False
658;Coro and its Port;Cultural;Venezuela (Bolivarian Republic of);VE;1993;True;False
611;Historic Town of Zabid;Cultural;Yemen;YE;1993;True;False
233;Qutb Minar and its Monuments, Delhi;Cultural;India;IN;1993;False;False
660;Buddhist Monuments in the Horyu-ji Area;Cultural;Japan;JP;1993;False;False
663;Shirakami-Sanchi;Natural;Japan;JP;1993;False;False
662;Yakushima;Natural;Japan;JP;1993;False;False
554;Whale Sanctuary of El Vizcaino;Natural;Mexico;MX;1993;False;False
648;Jesuit Missions of La Santísima Trinidad de Paraná and Jesús de Tavarangue;Cultural;Paraguay;PY;1993;False;False
598;Churches of Moldavia;Cultural;Romania;RO;1993;False;False
665;Royal Monastery of Santa María de Guadalupe;Cultural;Spain;ES;1993;False;False
669;Routes of Santiago de Compostela: <i>Camino Francés</i> and Routes of Northern Spain;Cultural;Spain;ES;1993;False;False
555;Birka and Hovgården;Cultural;Sweden;SE;1993;False;False
602;Historic Centre of Bukhara;Cultural;Uzbekistan;UZ;1993;False;False
675;Joya de Cerén Archaeological Site;Cultural;El Salvador;SV;1993;False;False
546;Maulbronn Monastery Complex;Cultural;Germany;DE;1993;False;False
661;Himeji-jo;Cultural;Japan;JP;1993;False;False
714;Rock Paintings of the Sierra de San Francisco;Cultural;Mexico;MX;1993;False;False
653;Tubbataha Reefs Natural Park;Natural;Philippines;PH;1993;False;False
596;Villages with Fortified Churches in Transylvania;Cultural;Romania;RO;1993;False;False
657;Architectural Ensemble of the Trinity Sergius Lavra in Sergiev Posad;Cultural;Russian Federation;RU;1993;False;False
618;Historic Town of Banská Štiavnica and the Technical Monuments in its Vicinity;Cultural;Slovakia;SK;1993;False;False
556;Engelsberg Ironworks;Cultural;Sweden;SE;1993;False;False
678;Complex of Hué Monuments;Cultural;Viet Nam;VN;1993;False;False
637;Jiuzhaigou Valley Scenic and Historic Interest Area;Natural;China;CN;1992;False;False
632;Cultural and Historic Ensemble of the Solovetsky Islands;Cultural;Russian Federation;RU;1992;False;False
633;White Monuments of Vladimir and Suzdal;Cultural;Russian Federation;RU;1992;False;False
570;Butrint;Cultural;Albania;AL;1992;False;False
565;Kasbah of Algiers;Cultural;Algeria;DZ;1992;False;False
638;Huanglong Scenic and Historic Interest Area;Natural;China;CN;1992;False;False
604;Historic Monuments of Novgorod and Surroundings;Cultural;Russian Federation;RU;1992;False;False
492;Taos Pueblo;Cultural;United States of America;US;1992;False;False
630;K’gari;Natural;Australia;AU;1992;False;False
668;Angkor;Cultural;Cambodia;KH;1992;False;False
640;Wulingyuan Scenic and Historic Interest Area;Natural;China;CN;1992;False;False
621;Historic Centre of Telč;Cultural;Czechia;CZ;1992;False;False
616;Historic Centre of Prague;Cultural;Czechia;CZ;1992;False;False
617;Historic Centre of Český Krumlov;Cultural;Czechia;CZ;1992;False;False
635;Bourges Cathedral;Cultural;France;FR;1992;False;False
623;Mines of Rammelsberg, Historic Town of Goslar and Upper Harz Water Management System;Cultural;Germany;DE;1992;False;False
595;Pythagoreion and Heraion of Samos;Cultural;Greece;GR;1992;False;False
631;El Tajin, Pre-Hispanic City;Cultural;Mexico;MX;1992;False;False
564;Old City of Zamość;Cultural;Poland;PL;1992;False;False
575;Ban Chiang Archaeological Site;Cultural;Thailand;TH;1992;False;False
606;Serra da Capivara National Park;Cultural;Brazil;BR;1991;False;False
583;Fortress of Suomenlinna;Cultural;Finland;FI;1991;False;False
582;Old Rauma;Cultural;Finland;FI;1991;False;False
515;Abbey and Altenmünster of Lorsch;Cultural;Germany;DE;1991;False;False
592;Borobudur Temple Compounds;Cultural;Indonesia;ID;1991;False;False
608;Ujung Kulon National Park;Natural;Indonesia;ID;1991;False;False
561;Rangiri Dambulla Cave Temple;Cultural;Sri Lanka;LK;1991;False;False
559;Royal Domain of Drottningholm;Cultural;Sweden;SE;1991;False;False
591;Thungyai-Huai Kha Khaeng Wildlife Sanctuaries;Natural;Thailand;TH;1991;False;False
578;Shark Bay, Western Australia;Natural;Australia;AU;1991;False;False
601;Cathedral of Notre-Dame, Former Abbey of Saint-Rémi and Palace of Tau, Reims;Cultural;France;FR;1991;False;False
585;Historic Centre of Morelia;Cultural;Mexico;MX;1991;False;False
588;Danube Delta;Natural;Romania;RO;1991;False;False
566;Historic City of Sucre;Cultural;Bolivia (Plurinational State of);BO;1991;False;False
600;Paris, Banks of the Seine;Cultural;France;FR;1991;False;False
609;Komodo National Park;Natural;Indonesia;ID;1991;False;False
642;Prambanan Temple Compounds;Cultural;Indonesia;ID;1991;False;False
599;Island of Mozambique;Cultural;Mozambique;MZ;1991;False;False
573;Air and Ténéré Natural Reserves;Natural;Niger;NE;1991;True;False
518;Poblet Monastery;Cultural;Spain;ES;1991;False;False
576;Historic City of Ayutthaya;Cultural;Thailand;TH;1991;False;False
574;Historic Town of Sukhothai and Associated Historic Towns;Cultural;Thailand;TH;1991;False;False
537;Monasteries of Daphni, Hosios Loukas and Nea Moni of Chios;Cultural;Greece;GR;1990;False;False
494;Andrefana Dry Forests;Natural;Madagascar;MG;1990;False;False
527;Kyiv: Saint-Sophia Cathedral and Related Monastic Buildings, Kyiv-Pechersk Lavra;Cultural;Ukraine;UA;1990;True;False
543;Itchan Kala;Cultural;Uzbekistan;UZ;1990;False;False
529;Jesuit Missions of the Chiquitos;Cultural;Bolivia (Plurinational State of);BO;1990;False;False
547;Mount Huangshan;Mixed;China;CN;1990;False;False
526;Colonial City of Santo Domingo;Cultural;Dominican Republic;DO;1990;False;False
532;Palaces and Parks of Potsdam and Berlin;Cultural;Germany;DE;1990;False;False
550;Historic Centre of San Gimignano;Cultural;Italy;IT;1990;False;False
551;Te Wahipounamu – South West New Zealand;Natural;New Zealand;NZ;1990;False;False
548;Río Abiseo National Park;Mixed;Peru;PE;1990;False;False
540;Historic Centre of Saint Petersburg and Related Groups of Monuments;Cultural;Russian Federation;RU;1990;False;False
545;Kremlin and Red Square, Moscow;Cultural;Russian Federation;RU;1990;False;False
530;Delos;Cultural;Greece;GR;1990;False;False
421;Tongariro National Park;Mixed;New Zealand;NZ;1990;False;False
544;Kizhi Pogost;Cultural;Russian Federation;RU;1990;False;False
511;Archaeological Site of Mystras;Cultural;Greece;GR;1989;False;False
517;Archaeological Site of Olympia;Cultural;Greece;GR;1989;False;False
524;Buddhist Monuments at Sanchi;Cultural;India;IN;1989;False;False
516;Cliff of Bandiagara (Land of the Dogons);Mixed;Mali;ML;1989;False;False
506;Banc d'Arguin National Park;Natural;Mauritania;MR;1989;False;False
509;Mosi-oa-Tunya / Victoria Falls;Natural;Zambia,Zimbabwe;ZM, ZW;1989;False;True
505;Monastery of Alcobaça;Cultural;Portugal;PT;1989;False;False
495;Strasbourg, Grande-Île and <em>Neustadt</em>;Cultural;France;FR;1988;False;False
456;Paleochristian and Byzantine Monuments of Thessalonika;Cultural;Greece;GR;1988;False;False
491;Sanctuary of Asklepios at Epidaurus;Cultural;Greece;GR;1988;False;False
116;Old Towns of Djenné;Cultural;Mali;ML;1988;True;False
482;Historic Town of Guanajuato and Adjacent Mines;Cultural;Mexico;MX;1988;False;False
483;Pre-Hispanic City of Chichen-Itza;Cultural;Mexico;MX;1988;False;False
381;Old City of Salamanca;Cultural;Spain;ES;1988;False;False
498;Medina of Sousse;Cultural;Tunisia;TN;1988;False;False
484;Xanthos-Letoon;Cultural;Türkiye;TR;1988;False;False
486;Wet Tropics of Queensland;Natural;Australia;AU;1988;False;False
460;Trinidad and the Valley de los Ingenios;Cultural;Cuba;CU;1988;False;False
455;Meteora;Mixed;Greece;GR;1988;False;False
493;Medieval City of Rhodes;Cultural;Greece;GR;1988;False;False
450;Sacred City of Kandy;Cultural;Sri Lanka;LK;1988;False;False
487;Henderson Island;Natural;United Kingdom of Great Britain and Northern Ireland;GB;1988;False;False
475;Manovo-Gounda St Floris National Park;Natural;Central African Republic;CF;1988;True;False
454;Mount Athos;Mixed;Greece;GR;1988;False;False
335;Nanda Devi and Valley of Flowers National Parks;Natural;India;IN;1988;False;False
119;Timbuktu;Cultural;Mali;ML;1988;True;False
434;Archaeological Sites of Bat, Al-Khutm and Al-Ayn;Cultural;Oman;OM;1988;False;False
500;Historic Centre of Lima;Cultural;Peru;PE;1988;False;False
451;Old Town of Galle and its Fortifications;Cultural;Sri Lanka;LK;1988;False;False
405;Sinharaja Forest Reserve;Natural;Sri Lanka;LK;1988;False;False
499;Kairouan;Cultural;Tunisia;TN;1988;False;False
485;Hierapolis-Pamukkale;Mixed;Türkiye;TR;1988;False;False
496;Canterbury Cathedral, St Augustine's Abbey, and St Martin's Church;Cultural;United Kingdom of Great Britain and Northern Ireland;GB;1988;False;False
488;Tower of London;Cultural;United Kingdom of Great Britain and Northern Ireland;GB;1988;False;False
407;Dja Faunal Reserve;Natural;Cameroon;CM;1987;False;False
404;Acropolis, Athens;Cultural;Greece;GR;1987;False;False
393;Archaeological Site of Delphi;Cultural;Greece;GR;1987;False;False
400;Budapest, including the Banks of the Danube, the Buda Castle Quarter and Andrássy Avenue;Cultural;Hungary;HU;1987;False;False
401;Old Village of Hollókő and its Surroundings;Cultural;Hungary;HU;1987;False;False
250;Great Living Chola Temples;Cultural;India;IN;1987;False;False
416;Historic Centre of Puebla;Cultural;Mexico;MX;1987;False;False
412;Historic Centre of Mexico City and Xochimilco;Cultural;Mexico;MX;1987;False;False
411;Pre-Hispanic City and National Park of Palenque;Cultural;Mexico;MX;1987;False;False
433;Bahla Fort;Cultural;Oman;OM;1987;False;False
425;Blenheim Palace;Cultural;United Kingdom of Great Britain and Northern Ireland;GB;1987;False;False
409;Hawaii Volcanoes National Park;Natural;United States of America;US;1987;False;False
445;Brasilia;Cultural;Brazil;BR;1987;False;False
419;Gros Morne National Park;Natural;Canada;CA;1987;False;False
439;Imperial Palaces of the Ming and Qing Dynasties in Beijing and Shenyang;Cultural;China;CN;1987;False;False
441;Mausoleum of the First Qin Emperor;Cultural;China;CN;1987;False;False
437;Mount Taishan;Mixed;China;CN;1987;False;False
449;Peking Man Site at Zhoukoudian;Cultural;China;CN;1987;False;False
430;Frontiers of the Roman Empire;Cultural;United Kingdom of Great Britain and Northern Ireland,Germany;GB, DE;1987;False;True
244;Elephanta Caves;Cultural;India;IN;1987;False;False
452;Sundarbans National Park;Natural;India;IN;1987;False;False
395;Piazza del Duomo, Pisa;Cultural;Italy;IT;1987;False;False
394;Venice and its Lagoon;Cultural;Italy;IT;1987;False;False
444;Ksar of Ait-Ben-Haddou;Cultural;Morocco;MA;1987;False;False
402;Manú National Park;Natural;Peru;PE;1987;False;False
428;City of Bath;Cultural;United Kingdom of Great Britain and Northern Ireland;GB;1987;False;False
353;Chaco Culture;Cultural;United States of America;US;1987;False;False
442;Monticello and the University of Virginia in Charlottesville;Cultural;United States of America;US;1987;False;False
447;Ulu<U>r</U>u-Kata Tju<U>t</U>a National Park;Mixed;Australia;AU;1987;False;False
420;City of Potosí;Cultural;Bolivia (Plurinational State of);BO;1987;True;False
440;Mogao Caves;Cultural;China;CN;1987;False;False
438;The Great Wall;Cultural;China;CN;1987;False;False
272;Hanseatic City of Lübeck;Cultural;Germany;DE;1987;False;False
239;Group of Monuments at Pattadakal;Cultural;India;IN;1987;False;False
415;Historic Centre of Oaxaca and Archaeological Site of Monte Albán;Cultural;Mexico;MX;1987;False;False
414;Pre-Hispanic City of Teotihuacan;Cultural;Mexico;MX;1987;False;False
410;Sian Ka'an;Natural;Mexico;MX;1987;False;False
383;Cathedral, Alcázar and Archivo de Indias in Seville;Cultural;Spain;ES;1987;False;False
448;Nemrut Dağ;Cultural;Türkiye;TR;1987;False;False
426;Palace of Westminster and Westminster Abbey including Saint Margaret’s Church;Cultural;United Kingdom of Great Britain and Northern Ireland;GB;1987;False;False
403;Kilimanjaro National Park;Natural;United Republic of Tanzania;TZ;1987;False;False
368;Gondwana Rainforests of Australia;Natural;Australia;AU;1986;False;False
234;Churches and Convents of Goa;Cultural;India;IN;1986;False;False
255;Fatehpur Sikri;Cultural;India;IN;1986;False;False
241;Group of Monuments at Hampi;Cultural;India;IN;1986;False;False
240;Khajuraho Group of Monuments;Cultural;India;IN;1986;False;False
361;Historic Centre of Évora;Cultural;Portugal;PT;1986;False;False
378;Mudejar Architecture of Aragon;Cultural;Spain;ES;1986;False;False
384;Old Town of Cáceres;Cultural;Spain;ES;1986;False;False
374;Castles and Town Walls of King Edward in Gwynedd;Cultural;United Kingdom of Great Britain and Northern Ireland;GB;1986;False;False
371;Ironbridge Gorge;Cultural;United Kingdom of Great Britain and Northern Ireland;GB;1986;False;False
372;Studley Royal Park including the Ruins of Fountains Abbey;Cultural;United Kingdom of Great Britain and Northern Ireland;GB;1986;False;False
364;Great Zimbabwe National Monument;Cultural;Zimbabwe;ZW;1986;False;False
385;Old City of Sana'a;Cultural;Yemen;YE;1986;True;False
365;Khami Ruins National Monument;Cultural;Zimbabwe;ZW;1986;False;False
367;Roman Monuments, Cathedral of St Peter and Church of Our Lady in Trier;Cultural;Germany;DE;1986;False;False
366;Chan Chan Archaeological Zone;Cultural;Peru;PE;1986;True;False
379;Historic City of Toledo;Cultural;Spain;ES;1986;False;False
380;Garajonay National Park;Natural;Spain;ES;1986;False;False
21;Ancient City of Aleppo;Cultural;Syrian Arab Republic;SY;1986;True;False
387;St Kilda;Mixed;United Kingdom of Great Britain and Northern Ireland;GB;1986;False;False
373;Stonehenge, Avebury and Associated Sites;Cultural;United Kingdom of Great Britain and Northern Ireland;GB;1986;False;False
355;Iguaçu National Park;Natural;Brazil;BR;1986;False;False
392;Temple of Apollo Epicurius at Bassae;Cultural;Greece;GR;1986;False;False
362;Old Town of Ghadamès;Cultural;Libya;LY;1986;False;False
389;Studenica Monastery;Cultural;Serbia;RS;1986;False;False
390;Škocjan Caves;Natural;Slovenia;SI;1986;False;False
377;Hattusha: the Hittite Capital;Cultural;Türkiye;TR;1986;False;False
370;Durham Castle and Cathedral;Cultural;United Kingdom of Great Britain and Northern Ireland;GB;1986;False;False
369;Giant's Causeway and Causeway Coast;Natural;United Kingdom of Great Britain and Northern Ireland;GB;1986;False;False
323;Royal Palaces of Abomey;Cultural;Benin;BJ;1985;False;False
334;Sanctuary of Bom Jesus do Congonhas;Cultural;Brazil;BR;1985;False;False
351;Painted Churches in the Troodos Region;Cultural;Cyprus;CY;1985;False;False
326;Petra;Cultural;Jordan;JO;1985;False;False
331;Medina of Marrakesh;Cultural;Morocco;MA;1985;False;False
352;Rock Art of Alta;Cultural;Norway;NO;1985;False;False
330;Chavin (Archaeological Site);Cultural;Peru;PE;1985;False;False
348;Old Town of Ávila with its Extra-Muros Churches;Cultural;Spain;ES;1985;False;False
357;Göreme National Park and the Rock Sites of Cappadocia;Mixed;Türkiye;TR;1985;False;False
344;Pont du Gard (Roman Aqueduct);Cultural;France;FR;1985;False;False
187;St Mary's Cathedral and St Michael's Church at Hildesheim;Cultural;Germany;DE;1985;False;False
287;Rock-Art Sites of Tadrart Acacus;Cultural;Libya;LY;1985;True;False
333;Huascarán National Park;Natural;Peru;PE;1985;False;False
310;Cave of Altamira and Paleolithic Cave Art of Northern Spain;Cultural;Spain;ES;1985;False;False
347;Santiago de Compostela (Old Town);Cultural;Spain;ES;1985;False;False
332;Punic Town of Kerkuane and its Necropolis;Cultural;Tunisia;TN;1985;False;False
358;Great Mosque and Hospital of Divriği;Cultural;Türkiye;TR;1985;False;False
356;Historic Areas of Istanbul;Cultural;Türkiye;TR;1985;False;False
322;Ruins of the Buddhist Vihara at Paharpur;Cultural;Bangladesh;BD;1985;False;False
321;Historic Mosque City of Bagerhat;Cultural;Bangladesh;BD;1985;False;False
309;Historic Centre of Salvador de Bahia;Cultural;Brazil;BR;1985;False;False
359;Thracian Tomb of Sveshtari;Cultural;Bulgaria;BG;1985;False;False
300;Historic District of Old Québec;Cultural;Canada;CA;1985;False;False
337;Kaziranga National Park;Natural;India;IN;1985;False;False
340;Keoladeo National Park;Natural;India;IN;1985;False;False
338;Manas Wildlife Sanctuary;Natural;India;IN;1985;False;False
277;Hatra;Cultural;Iraq;IQ;1985;True;False
327;Quseir Amra;Cultural;Jordan;JO;1985;False;False
312;Monuments of Oviedo and the Kingdom of the Asturias;Cultural;Spain;ES;1985;False;False
311;Old Town of Segovia and its Aqueduct;Cultural;Spain;ES;1985;False;False
285;Port, Fortresses and Group of Monuments, Cartagena;Cultural;Colombia;CO;1984;False;False
286;Vatican City;Cultural;Holy See;VA;1984;False;False
299;Tyre;Cultural;Lebanon;LB;1984;True;False
289;Lake Malawi National Park;Natural;Malawi;MW;1984;False;False
284;Chitwan National Park;Natural;Nepal;NP;1984;False;False
307;Statue of Liberty;Cultural;United States of America;US;1984;False;False
308;Yosemite National Park;Natural;United States of America;US;1984;False;False
302;Mana Pools National Park, Sapi and Chewore Safari Areas;Natural;Zimbabwe;ZW;1984;False;False
303;Iguazu National Park;Natural;Argentina;AR;1984;False;False
249;Group of Monuments at Mahabalipuram;Cultural;India;IN;1984;False;False
293;Anjar;Cultural;Lebanon;LB;1984;False;False
295;Byblos;Cultural;Lebanon;LB;1984;False;False
294;Baalbek;Cultural;Lebanon;LB;1984;False;False
320;Works of Antoni Gaudí;Cultural;Spain;ES;1984;False;False
304;Canadian Rocky Mountain Parks;Natural;Canada;CA;1984;False;False
280;Salonga National Park;Natural;Democratic Republic of the Congo;CD;1984;False;False
288;Castles of Augustusburg and Falkenlust at Brühl;Cultural;Germany;DE;1984;False;False
246;Sun Temple, Konârak;Cultural;India;IN;1984;False;False
314;Alhambra, Generalife and Albayzín, Granada;Cultural;Spain;ES;1984;False;False
316;Burgos Cathedral;Cultural;Spain;ES;1984;False;False
313;Historic Centre of Cordoba;Cultural;Spain;ES;1984;False;False
318;Monastery and Site of the Escurial, Madrid;Cultural;Spain;ES;1984;False;False
275;Jesuit Missions of the Guaranis: San Ignacio Mini, Santa Ana, Nuestra Señora de Loreto and Santa Maria Mayor (Argentina), Ruins of Sao Miguel das Missoes (Brazil);Cultural;Brazil,Argentina;BR, AR;1983;False;True
217;Ancient City of Nessebar;Cultural;Bulgaria;BG;1983;False;False
219;Srebarna Nature Reserve;Natural;Bulgaria;BG;1983;False;False
256;Wood Buffalo National Park;Natural;Canada;CA;1983;False;False
205;Talamanca Range-La Amistad Reserves / La Amistad National Park;Natural;Panama,Costa Rica;PA, CR;1983;False;True
227;Comoé National Park;Natural;Côte d'Ivoire;CI;1983;False;False
260;Sangay National Park;Natural;Ecuador;EC;1983;False;False
271;Pilgrimage Church of Wies;Cultural;Germany;DE;1983;False;False
242;Ajanta Caves;Cultural;India;IN;1983;False;False
261;Vallée de Mai Nature Reserve;Natural;Seychelles;SC;1983;False;False
268;Abbey of St Gall;Cultural;Switzerland;CH;1983;False;False
266;La Fortaleza and San Juan National Historic Site in Puerto Rico;Cultural;United States of America;US;1983;False;False
225;Pirin National Park;Natural;Bulgaria;BG;1983;False;False
216;Rila Monastery;Cultural;Bulgaria;BG;1983;False;False
258;Gulf of Porto: Calanche of Piana, Gulf of Girolata, Scandola Reserve;Natural;France;FR;1983;False;False
229;Place Stanislas, Place de la Carrière and Place d'Alliance in Nancy;Cultural;France;FR;1983;False;False
251;Agra Fort;Cultural;India;IN;1983;False;False
206;Central Zone of the Town of Angra do Heroismo in the Azores;Cultural;Portugal;PT;1983;False;False
264;Monastery of Batalha;Cultural;Portugal;PT;1983;False;False
267;Old City of Berne;Cultural;Switzerland;CH;1983;False;False
259;Great Smoky Mountains National Park;Natural;United States of America;US;1983;False;False
230;Abbey Church of Saint-Savin sur Gartempe;Cultural;France;FR;1983;False;False
243;Ellora Caves;Cultural;India;IN;1983;False;False
252;Taj Mahal;Cultural;India;IN;1983;False;False
274;Historic Sanctuary of Machu Picchu;Mixed;Peru;PE;1983;False;False
273;City of Cuzco;Cultural;Peru;PE;1983;False;False
265;Convent of Christ in Tomar;Cultural;Portugal;PT;1983;False;False
263;Monastery of the Hieronymites and Tower of Belém in Lisbon;Cultural;Portugal;PT;1983;False;False
269;Benedictine Convent of St John at Müstair;Cultural;Switzerland;CH;1983;False;False
191;Djémila;Cultural;Algeria;DZ;1982;False;False
179;Tassili n'Ajjer;Mixed;Algeria;DZ;1982;False;False
184;Archaeological Site of Sabratha;Cultural;Libya;LY;1982;True;False
183;Archaeological Site of Leptis Magna;Cultural;Libya;LY;1982;True;False
185;Aldabra Atoll;Natural;Seychelles;SC;1982;False;False
201;Ancient City of Polonnaruwa;Cultural;Sri Lanka;LK;1982;False;False
199;Selous Game Reserve;Natural;United Republic of Tanzania;TZ;1982;True;False
188;M'Zab Valley;Cultural;Algeria;DZ;1982;False;False
194;Timgad;Cultural;Algeria;DZ;1982;False;False
186;Lord Howe Island Group;Natural;Australia;AU;1982;False;False
189;Historic Centre of the Town of Olinda;Cultural;Brazil;BR;1982;False;False
204;Old Havana and its Fortification System;Cultural;Cuba;CU;1982;False;False
203;From the Great Saltworks of Salins-les-Bains to the Royal Saltworks of Arc-et-Senans, the Production of Open-pan Salt;Cultural;France;FR;1982;False;False
180;National History Park – Citadel, Sans Souci, Ramiers;Cultural;Haiti;HT;1982;False;False
190;Archaeological Site of Cyrene;Cultural;Libya;LY;1982;True;False
202;Ancient City of Sigiriya;Cultural;Sri Lanka;LK;1982;False;False
200;Sacred City of Anuradhapura;Cultural;Sri Lanka;LK;1982;False;False
193;Tipasa;Cultural;Algeria;DZ;1982;False;False
181;Tasmanian Wilderness;Mixed;Australia;AU;1982;False;False
195;Taï National Park;Natural;Côte d'Ivoire;CI;1982;False;False
196;Río Plátano Biosphere Reserve;Natural;Honduras;HN;1982;True;False
174;Historic Centre of Florence;Cultural;Italy;IT;1982;False;False
198;Cahokia Mounds State Historic Site;Cultural;United States of America;US;1982;False;False
192;Old Walled City of Shibam;Cultural;Yemen;YE;1982;True;False
145;Los Glaciares National Park;Natural;Argentina;AR;1981;False;False
167;Willandra Lakes Region;Mixed;Australia;AU;1981;False;False
157;S<U>G</U>ang Gwaay;Cultural;Canada;CA;1981;False;False
160;Palace and Park of Fontainebleau;Cultural;France;FR;1981;False;False
168;Speyer Cathedral;Cultural;Germany;DE;1981;False;False
154;Great Barrier Reef;Natural;Australia;AU;1981;False;False
147;Kakadu National Park;Mixed;Australia;AU;1981;False;False
162;Amiens Cathedral;Cultural;France;FR;1981;False;False
164;Arles, Roman and Romanesque Monuments;Cultural;France;FR;1981;False;False
165;Cistercian Abbey of Fontenay;Cultural;France;FR;1981;False;False
148;Old City of Jerusalem and its Walls;Cultural;Jerusalem (Site proposed by Jordan);;1981;True;False
171;Fort and Shalamar Gardens in Lahore;Cultural;Pakistan;PK;1981;False;False
143;Historical Monuments at Makli, Thatta;Cultural;Pakistan;PK;1981;False;False
159;Darien National Park;Natural;Panama;PA;1981;False;False
144;Ruins of Kilwa Kisiwani and Ruins of Songo Mnara;Cultural;United Republic of Tanzania;TZ;1981;False;False
156;Serengeti National Park;Natural;United Republic of Tanzania;TZ;1981;False;False
150;Mammoth Cave National Park;Natural;United States of America;US;1981;False;False
151;Olympic National Park;Natural;United States of America;US;1981;False;False
158;Head-Smashed-In Buffalo Jump;Cultural;Canada;CA;1981;False;False
155;Mount Nimba Strict Nature Reserve;Natural;Guinea,Côte d'Ivoire;GN, CI;1981;True;True
163;Roman Theatre and its Surroundings and the Triumphal Arch of Orange;Cultural;France;FR;1981;False;False
169;Würzburg Residence with the Court Gardens and Residence Square;Cultural;Germany;DE;1981;False;False
149;Archaeological Park and Ruins of Quirigua;Cultural;Guatemala;GT;1981;False;False
170;Medina of Fez;Cultural;Morocco;MA;1981;False;False
25;Djoudj National Bird Sanctuary;Natural;Senegal;SN;1981;False;False
153;Niokolo-Koba National Park;Natural;Senegal;SN;1981;False;False
137;Kahuzi-Biega National Park;Natural;Democratic Republic of the Congo;CD;1980;True;False
15;Aksum;Cultural;Ethiopia;ET;1980;False;False
10;Lower Valley of the Awash;Cultural;Ethiopia;ET;1980;False;False
35;Asante Traditional Buildings;Cultural;Ghana;GH;1980;False;False
91;Historic Centre of Rome, the Properties of the Holy See in that City Enjoying Extraterritorial Rights and San Paolo Fuori le Mura;Cultural;Italy,Holy See;IT, VA;1980;False;True
131;City of Valletta;Cultural;Malta;MT;1980;False;False
130;Ħal Saflieni Hypogeum;Cultural;Malta;MT;1980;False;False
55;Røros Mining Town and the Circumference;Cultural;Norway;NO;1980;False;False
135;Fortifications on the Caribbean Side of Panama: Portobelo-San Lorenzo;Cultural;Panama;PA;1980;True;False
23;Site of Palmyra;Cultural;Syrian Arab Republic;SY;1980;True;False
8;Ichkeul National Park;Natural;Tunisia;TN;1980;False;False
134;Redwood National and State Parks;Natural;United States of America;US;1980;False;False
102;Al Qal'a of Beni Hammad;Cultural;Algeria;DZ;1980;False;False
79;Paphos;Cultural;Cyprus;CY;1980;False;False
12;Tiya;Cultural;Ethiopia;ET;1980;False;False
129;Maya Site of Copan;Cultural;Honduras;HN;1980;False;False
93;Church and Dominican Convent of Santa Maria delle Grazie with “The Last Supper” by Leonardo da Vinci;Cultural;Italy;IT;1980;False;False
132;Megalithic Temples of Malta;Cultural;Malta;MT;1980;False;False
140;Buddhist Ruins of Takht-i-Bahi and Neighbouring City Remains at Sahr-i-Bahlol;Cultural;Pakistan;PK;1980;False;False
139;Taxila;Cultural;Pakistan;PK;1980;False;False
30;Historic Centre of Warsaw;Cultural;Poland;PL;1980;False;False
124;Historic Town of Ouro Preto;Cultural;Brazil;BR;1980;False;False
136;Garamba National Park;Natural;Democratic Republic of the Congo;CD;1980;True;False
17;Lower Valley of the Omo;Cultural;Ethiopia;ET;1980;False;False
100;Durmitor National Park;Natural;Montenegro;ME;1980;False;False
138;Archaeological Ruins at Moenjodaro;Cultural;Pakistan;PK;1980;False;False
22;Ancient City of Bosra;Cultural;Syrian Arab Republic;SY;1980;True;False
45;Rock-Hewn Churches of Ivanovo;Cultural;Bulgaria;BG;1979;False;False
44;Thracian Tomb of Kazanlak;Cultural;Bulgaria;BG;1979;False;False
72;Kluane / Wrangell-St. Elias / Glacier Bay / Tatshenshini-Alsek;Natural;Canada,United States of America;CA, US;1979;False;True
98;Plitvice Lakes National Park;Natural;Croatia;HR;1979;False;False
90;Abu Mena;Cultural;Egypt;EG;1979;False;False
87;Ancient Thebes with its Necropolis;Cultural;Egypt;EG;1979;False;False
19;Fasil Ghebbi, Gondar Region;Cultural;Ethiopia;ET;1979;False;False
80;Mont-Saint-Michel and its Bay;Cultural;France;FR;1979;False;False
65;Antigua Guatemala;Cultural;Guatemala;GT;1979;False;False
114;Persepolis;Cultural;Iran (Islamic Republic of);IR;1979;False;False
113;Tchogha Zanbil;Cultural;Iran (Islamic Republic of);IR;1979;False;False
125;Natural and Culturo-Historical Region of Kotor;Cultural;Montenegro;ME;1979;False;False
59;Bryggen;Cultural;Norway;NO;1979;False;False
20;Ancient City of Damascus;Cultural;Syrian Arab Republic;SY;1979;True;False
39;Ngorongoro Conservation Area;Mixed;United Republic of Tanzania;TZ;1979;False;False
75;Grand Canyon National Park;Natural;United States of America;US;1979;False;False
71;Dinosaur Provincial Park;Natural;Canada;CA;1979;False;False
95;Old City of Dubrovnik;Cultural;Croatia;HR;1979;False;False
63;Virunga National Park;Natural;Democratic Republic of the Congo;CD;1979;True;False
89;Historic Cairo;Cultural;Egypt;EG;1979;False;False
86;Memphis and its Necropolis – the Pyramid Fields from Giza to Dahshur;Cultural;Egypt;EG;1979;False;False
88;Nubian Monuments from Abu Simbel to Philae;Cultural;Egypt;EG;1979;False;False
81;Chartres Cathedral;Cultural;France;FR;1979;False;False
85;Prehistoric Sites and Decorated Caves of the Vézère Valley;Cultural;France;FR;1979;False;False
84;Vézelay, Church and Hill;Cultural;France;FR;1979;False;False
115;Meidan Emam, Esfahan;Cultural;Iran (Islamic Republic of);IR;1979;False;False
94;Rock Drawings in Valcamonica;Cultural;Italy;IT;1979;False;False
58;Urnes Stave Church;Cultural;Norway;NO;1979;False;False
96;Stari Ras and Sopoćani;Cultural;Serbia;RS;1979;False;False
38;Amphitheatre of El Jem;Cultural;Tunisia;TN;1979;False;False
37;Archaeological Site of Carthage;Cultural;Tunisia;TN;1979;False;False
36;Medina of Tunis;Cultural;Tunisia;TN;1979;False;False
76;Everglades National Park;Natural;United States of America;US;1979;True;False
99;Natural and Cultural Heritage of the Ohrid region;Mixed;North Macedonia,Albania;MK, AL;1979;False;True
33;Białowieża Forest;Natural;Poland,Belarus;PL, BY;1979;False;True
42;Boyana Church;Cultural;Bulgaria;BG;1979;False;False
43;Madara Rider;Cultural;Bulgaria;BG;1979;False;False
97;Historical Complex of Split with the Palace of Diocletian;Cultural;Croatia;HR;1979;False;False
83;Palace and Park of Versailles;Cultural;France;FR;1979;False;False
34;Forts and Castles, Volta, Greater Accra, Central and Western Regions;Cultural;Ghana;GH;1979;False;False
64;Tikal National Park;Mixed;Guatemala;GT;1979;False;False
120;Sagarmatha National Park;Natural;Nepal;NP;1979;False;False
121;Kathmandu Valley;Cultural;Nepal;NP;1979;False;False
31;Auschwitz Birkenau <br /><small>German Nazi Concentration and Extermination Camp (1940-1945)</small>;Cultural;Poland;PL;1979;False;False
78;Independence Hall;Cultural;United States of America;US;1979;False;False
1;Galápagos Islands;Natural;Ecuador;EC;1978;False;False
9;Simien National Park;Natural;Ethiopia;ET;1978;False;False
27;Mesa Verde National Park;Cultural;United States of America;US;1978;False;False
28;Yellowstone National Park;Natural;United States of America;US;1978;False;False
4;L’Anse aux Meadows National Historic Site;Cultural;Canada;CA;1978;False;False
24;Nahanni National Park;Natural;Canada;CA;1978;False;False
2;City of Quito;Cultural;Ecuador;EC;1978;False;False
29;Historic Centre of Kraków;Cultural;Poland;PL;1978;False;False
32;Wieliczka and Bochnia Royal Salt Mines;Cultural;Poland;PL;1978;False;False
18;Rock-Hewn Churches, Lalibela;Cultural;Ethiopia;ET;1978;False;False
3;Aachen Cathedral;Cultural;Germany;DE;1978;False;False
26;Island of Gorée;Cultural;Senegal;SN;1978;False;False
